{
  "$schema": "https://schema.management.azure.com/schemas/2019-04-01/deploymentTemplate.json#",
  "contentVersion": "1.0.0.0",
  "parameters": {
    "location": {
      "type": "string",
      "minLength": 1,
      "defaultValue": "[resourceGroup().location]",
      "metadata": {
        "description": "Not used, but needed to pass arm-ttk test `Location-Should-Not-Be-Hardcoded`.  We instead use the `workspace-location` which is derived from the LA workspace"
      }
    },
    "workspace-location": {
      "type": "string",
      "defaultValue": "",
      "metadata": {
        "description": "[concat('Region to deploy solution resources -- separate from location selection',parameters('location'))]"
      }
    },
    "workspace": {
      "defaultValue": "",
      "type": "string",
      "metadata": {
        "description": "Workspace name for Log Analytics where Microsoft Sentinel is setup"
      }
    }
  },
  "variables": {},
  "resources": [
    {
      "type": "Microsoft.OperationalInsights/workspaces/providers/packages",
      "location": "[parameters('workspace-location')]",
      "apiVersion": "2022-08-01",
      "properties": {
        "packageKind": "Standalone",
        "packageItems": {
          "resources": [
            {
              "type": "Microsoft.OperationalInsights/workspaces/providers/contentTemplates",
              "name": "[concat(parameters('workspace'),'/Microsoft.SecurityInsights/', '1f541cc3-2c46-4f2a-9b4b-e082f25ec369')]",
              "location": "[parameters('workspace-location')]",
              "kind": "shared",
              "apiVersion": "2022-08-01",
              "properties": {
                "contentId": "1f541cc3-2c46-4f2a-9b4b-e082f25ec369",
                "displayName": "detect-exploitation-of-cve-2018-8653",
                "contentKind": "HuntingQuery",
                "mainTemplate": {
                  "$schema": "https://schema.management.azure.com/schemas/2019-04-01/deploymentTemplate.json#",
                  "contentVersion": "1.0.0",
                  "resources": [
                    {
                      "type": "Microsoft.OperationalInsights/savedSearches",
                      "apiVersion": "2020-08-01",
                      "name": "1f541cc3-2c46-4f2a-9b4b-e082f25ec369",
                      "location": "[parameters('workspace-location')]",
                      "properties": {
                        "eTag": "*",
                        "displayName": "detect-exploitation-of-cve-2018-8653",
                        "category": "Hunting Queries",
                        "query": "DeviceProcessEvents \n| where Timestamp > ago(7d)\nand InitiatingProcessFileName =~ \"svchost.exe\"\nand InitiatingProcessCommandLine contains \"WinHttpAutoProxySvc\"\nand FileName !~ \"pacjsworker.exe\"\nand FileName !~ \"svchost.exe\"\nand FileName !~ \"WerFault.exe\"\n",
                        "version": 2,
                        "tags": [
                          {
                            "name": "description",
                            "value": "This query was originally published in the threat analytics report, CVE-2018-8653 scripting engine vulnerability.\nCVE-2018-8653 is a remote code execution vulnerability found in the scripting engine for several releases of Internet Explorer. An attacker exploiting this CVE could use a malicious webpage to gain the same access rights as the currently logged-in user -- which is particularly problematic if the user is an administrator.\nMicrosoft has since addressed this vulnerability.\nThe following queries detect possible exploitation of this CVE.\nReferences:\nhttps://nvd.nist.gov/vuln/detail/CVE-2018-8653\nhttps://portal.msrc.microsoft.com/security-guidance/advisory/CVE-2018-8653\n"
                          },
                          {
                            "name": "tactics",
                            "value": "Initial access,Execution"
                          }
                        ]
                      }
                    },
                    {
                      "type": "Microsoft.OperationalInsights/workspaces/providers/metadata",
                      "apiVersion": "2021-03-01-preview",
                      "name": "[concat(parameters('workspace'),'/Microsoft.SecurityInsights/',concat('huntingQuery-', '1f541cc3-2c46-4f2a-9b4b-e082f25ec369'))]",
                      "properties": {
                        "description": "This query was originally published in the threat analytics report, CVE-2018-8653 scripting engine vulnerability.\nCVE-2018-8653 is a remote code execution vulnerability found in the scripting engine for several releases of Internet Explorer. An attacker exploiting this CVE could use a malicious webpage to gain the same access rights as the currently logged-in user -- which is particularly problematic if the user is an administrator.\nMicrosoft has since addressed this vulnerability.\nThe following queries detect possible exploitation of this CVE.\nReferences:\nhttps://nvd.nist.gov/vuln/detail/CVE-2018-8653\nhttps://portal.msrc.microsoft.com/security-guidance/advisory/CVE-2018-8653\n",
                        "version": "1.0.0",
                        "author": {
                          "name": "Community"
                        },
                        "support": {
                          "name": "Community",
                          "link": "https://github.com/Azure/Azure-Sentinel/issues",
                          "tier": "Community"
                        },
                        "source": {
                          "kind": "Community",
                          "name": "Standalone"
                        },
                        "threatAnalysisTactics": [
                          "InitialAccess",
                          "Execution"
                        ],
                        "contentId": "1f541cc3-2c46-4f2a-9b4b-e082f25ec369",
                        "parentId": "1f541cc3-2c46-4f2a-9b4b-e082f25ec369",
                        "kind": "HuntingQuery",
                        "dependencies": {
                          "operator": "AND",
                          "criteria": [
                            {
                              "contentId": "DeviceProcessEvents",
                              "kind": "DataType"
                            }
                          ]
                        }
                      }
                    }
                  ]
                }
              }
            }
          ]
        },
        "author": {
          "name": "Community"
        },
        "dependencies": {
          "operator": "AND",
          "criteria": [
            {
              "contentId": "1f541cc3-2c46-4f2a-9b4b-e082f25ec369",
              "kind": "HuntingQuery"
            }
          ]
        },
        "description": "This query was originally published in the threat analytics report, CVE-2018-8653 scripting engine vulnerability.\nCVE-2018-8653 is a remote code execution vulnerability found in the scripting engine for several releases of Internet Explorer. An attacker exploiting this CVE could use a malicious webpage to gain the same access rights as the currently logged-in user -- which is particularly problematic if the user is an administrator.\nMicrosoft has since addressed this vulnerability.\nThe following queries detect possible exploitation of this CVE.\nReferences:\nhttps://nvd.nist.gov/vuln/detail/CVE-2018-8653\nhttps://portal.msrc.microsoft.com/security-guidance/advisory/CVE-2018-8653\n",
        "displayName": "detect-exploitation-of-cve-2018-8653",
        "packageId": "1f541cc3-2c46-4f2a-9b4b-e082f25ec369",
        "source": {
          "kind": "Community",
          "name": "Standalone"
        },
        "support": {
          "name": "Community",
          "link": "https://github.com/Azure/Azure-Sentinel/issues",
          "tier": "Community"
        },
        "threatAnalysisTactics": [
          "InitialAccess",
          "Execution"
        ],
        "version": "1.0.0"
      },
      "name": "1f541cc3-2c46-4f2a-9b4b-e082f25ec369"
    }
  ]
}