{
  "$schema": "https://schema.management.azure.com/schemas/2019-04-01/deploymentTemplate.json#",
  "parameters": {
    "location": {
      "type": "string",
      "minLength": 1,
      "defaultValue": "[resourceGroup().location]",
      "metadata": {
        "description": "Not used, but needed to pass arm-ttk test `Location-Should-Not-Be-Hardcoded`.  We instead use the `workspace-location` which is derived from the LA workspace"
      }
    },
    "workspace-location": {
      "type": "string",
      "defaultValue": "",
      "metadata": {
        "description": "[concat('Region to deploy solution resources -- separate from location selection',parameters('location'))]"
      }
    },
    "workspace": {
      "defaultValue": "",
      "type": "string",
      "metadata": {
        "description": "Workspace name for Log Analytics where Microsoft Sentinel is setup"
      }
    }
  },
  "variables": {},
  "resources": [
    {
      "type": "Microsoft.OperationalInsights/workspaces/providers/packages",
      "location": "[parameters('workspace-location')]",
      "apiVersion": "2022-08-01",
      "properties": {
        "packageKind": "Standalone",
        "packageItems": {
          "resources": [
            {
              "type": "Microsoft.OperationalInsights/workspaces/providers/contentTemplates",
              "name": "[concat(parameters('workspace'),'/Microsoft.SecurityInsights/', '56f3f35c-3aca-4437-a1fb-b7a84dc4af00')]",
              "location": "[parameters('workspace-location')]",
              "apiVersion": "2022-08-01",
              "properties": {
                "contentId": "56f3f35c-3aca-4437-a1fb-b7a84dc4af00",
                "displayName": "Potential Fodhelper UAC Bypass",
                "contentKind": "AnalyticsRule",
                "mainTemplate": {
                  "$schema": "https://schema.management.azure.com/schemas/2019-04-01/deploymentTemplate.json#",
                  "contentVersion": "1.0.1",
                  "resources": [
                    {
                      "type": "Microsoft.OperationalInsights/workspaces/providers/alertRules",
                      "apiVersion": "2022-04-01-preview",
                      "name": "[concat(parameters('workspace'),'/Microsoft.SecurityInsights/', '' )]",
                      "kind": "Scheduled",
                      "location": "[parameters('workspace-location')]",
                      "properties": {
                        "description": "This detection looks for the steps required to conduct a UAC bypass using Fodhelper.exe. By default this detection looks for the setting of the required registry keys and the invoking of the process within 1 hour - this can be tweaked as required.",
                        "displayName": "Potential Fodhelper UAC Bypass",
                        "enabled": false,
                        "query": "SecurityEvent\n  | where EventID == 4657\n  | parse ObjectName with \"\\\\REGISTRY\\\\\" KeyPrefix \"\\\\\" RegistryKey\n  | project-reorder RegistryKey\n  | where RegistryKey has \"Software\\\\Classes\\\\ms-settings\\\\shell\\\\open\\\\command\"\n  | extend TimeKey = bin(TimeGenerated, 1h)\n  | join (\n  SecurityEvent\n  | where EventID == 4688\n  | where Process =~ \"fodhelper.exe\"\n  | where ParentProcessName endswith \"cmd.exe\" or ParentProcessName endswith \"powershell.exe\" or ParentProcessName endswith \"powershell_ise.exe\"\n  | extend TimeKey = bin(TimeGenerated, 1h)) on TimeKey, Computer\n",
                        "queryFrequency": "PT2H",
                        "queryPeriod": "PT2H",
                        "severity": "Medium",
                        "suppressionDuration": "PT1H",
                        "suppressionEnabled": false,
                        "triggerOperator": "GreaterThan",
                        "triggerThreshold": 0,
                        "tactics": [
                          "PrivilegeEscalation"
                        ],
                        "entityMappings": [
                          {
                            "entityType": "Host",
                            "fieldMappings": [
                              {
                                "columnName": "Computer",
                                "identifier": "FullName"
                              }
                            ]
                          },
                          {
                            "entityType": "Account",
                            "fieldMappings": [
                              {
                                "columnName": "Account",
                                "identifier": "FullName"
                              }
                            ]
                          }
                        ]
                      }
                    },
                    {
                      "type": "Microsoft.OperationalInsights/workspaces/providers/metadata",
                      "apiVersion": "2021-03-01-preview",
                      "name": "[concat(parameters('workspace'),'/Microsoft.SecurityInsights/', '')]",
                      "properties": {
                        "description": "'This detection looks for the steps required to conduct a UAC bypass using Fodhelper.exe. By default this detection looks for the setting of the required registry keys and the invoking of the process within 1 hour - this can be tweaked as required.'\n",
                        "contentId": "56f3f35c-3aca-4437-a1fb-b7a84dc4af00",
                        "version": "1.0.1",
                        "source": {
                          "kind": "Community"
                        },
                        "threatAnalysisTactics": [
                          "PrivilegeEscalation"
                        ],
                        "threatAnalyticsTechniques": [
                          "T1548.002"
                        ],
                        "parentId": "56f3f35c-3aca-4437-a1fb-b7a84dc4af00",
                        "kind": "AnalyticsRule",
                        "dependencies": {
                          "operator": "AND",
                          "criteria": [
                            {
                              "contentId": "SecurityEvents",
                              "kind": "DataType"
                            }
                          ]
                        }
                      }
                    }
                  ]
                }
              }
            }
          ]
        },
        "contentId": "56f3f35c-3aca-4437-a1fb-b7a84dc4af00",
        "dependencies": {
          "operator": "AND",
          "criteria": [
            {
              "contentId": "56f3f35c-3aca-4437-a1fb-b7a84dc4af00",
              "kind": "AnalyticsRule"
            }
          ]
        },
        "description": "'This detection looks for the steps required to conduct a UAC bypass using Fodhelper.exe. By default this detection looks for the setting of the required registry keys and the invoking of the process within 1 hour - this can be tweaked as required.'\n",
        "displayName": "Potential Fodhelper UAC Bypass",
        "source": {
          "kind": "Community"
        },
        "threatAnalysisTactics": [
          "PrivilegeEscalation"
        ],
        "threatAnalyticsTechniques": [
          "T1548.002"
        ],
        "version": "1.0.1"
      },
      "name": "[concat(parameters('workspace'),'/Microsoft.SecurityInsights/', '56f3f35c-3aca-4437-a1fb-b7a84dc4af00')]"
    }
  ]
}