{
  "$schema": "https://schema.management.azure.com/schemas/2019-04-01/deploymentTemplate.json#",
  "parameters": {
    "location": {
      "type": "string",
      "minLength": 1,
      "defaultValue": "[resourceGroup().location]",
      "metadata": {
        "description": "Not used, but needed to pass arm-ttk test `Location-Should-Not-Be-Hardcoded`.  We instead use the `workspace-location` which is derived from the LA workspace"
      }
    },
    "workspace-location": {
      "type": "string",
      "defaultValue": "",
      "metadata": {
        "description": "[concat('Region to deploy solution resources -- separate from location selection',parameters('location'))]"
      }
    },
    "workspace": {
      "defaultValue": "",
      "type": "string",
      "metadata": {
        "description": "Workspace name for Log Analytics where Microsoft Sentinel is setup"
      }
    }
  },
  "variables": {},
  "resources": [
    {
      "type": "Microsoft.OperationalInsights/workspaces/providers/packages",
      "location": "[parameters('workspace-location')]",
      "apiVersion": "2022-08-01",
      "properties": {
        "packageKind": "Standalone",
        "packageItems": {
          "resources": [
            {
              "type": "Microsoft.OperationalInsights/workspaces/providers/contentTemplates",
              "name": "[concat(parameters('workspace'),'/Microsoft.SecurityInsights/', '299472c4-8382-4c5b-82d9-718cda193393')]",
              "location": "[parameters('workspace-location')]",
              "kind": "shared",
              "apiVersion": "2022-08-01",
              "properties": {
                "contentId": "299472c4-8382-4c5b-82d9-718cda193393",
                "displayName": "Execution of File with One Character in the Name",
                "contentKind": "HuntingQuery",
                "mainTemplate": {
                  "$schema": "https://schema.management.azure.com/schemas/2019-04-01/deploymentTemplate.json#",
                  "contentVersion": "1.0.0",
                  "resources": [
                    {
                      "type": "Microsoft.OperationalInsights/savedSearches",
                      "apiVersion": "2020-08-01",
                      "name": "299472c4-8382-4c5b-82d9-718cda193393",
                      "location": "[parameters('workspace-location')]",
                      "properties": {
                        "eTag": "*",
                        "displayName": "Execution of File with One Character in the Name",
                        "category": "Hunting Queries",
                        "query": "Event\n| where EventLog == \"Microsoft-Windows-Sysmon/Operational\" and EventID==1\n| parse EventData with * 'CommandLine\">' CommandLine \"<\" *\n| where CommandLine matches regex @'\\\\[a-zA-Z0-9]\\.[a-zA-Z0-9]{2,5}[\"]{1}'\n| parse EventData with * 'ProcessGuid\">' ProcessGuid \"<\" * 'Image\">' Image \"<\" * 'Description\">' Description \"<\" * 'OriginalFileName\">' OriginalFileName \"<\" * 'CommandLine\">' CommandLine \"<\" * 'CurrentDirectory\">' CurrentDirectory \"<\" * 'User\">' User \"<\" * 'LogonGuid\">' LogonGuid \"<\" * 'IntegrityLevel\">' IntegrityLevel \"<\" * 'Hashes\">' Hashes \"<\" * 'ParentProcessGuid\">' ParentProcessGuid \"<\" * 'ParentImage\">' ParentImage \"<\" * 'ParentCommandLine\">' ParentCommandLine \"<\" * 'ParentUser\">' ParentUser \"<\" *\n| summarize StartTime = min(TimeGenerated), EndTime = max(TimeGenerated) by EventID, Computer, User, ParentImage, ParentProcessGuid, ParentCommandLine, ParentUser, Image, ProcessGuid, CommandLine, Description, OriginalFileName, CurrentDirectory, Hashes\n",
                        "version": 2,
                        "tags": [
                          {
                            "name": "description",
                            "value": "'This query detects execution of files with one character in the name (e.g, a.exe, 7.ps1, g.vbs etc.). \nNormally files that are executed have more characters in the name and this can indicate a malicious file.\nRef: https://www.mandiant.com/resources/tactics-techniques-procedures-associated-with-maze-ransomware-incidents'\n"
                          },
                          {
                            "name": "techniques",
                            "value": ""
                          },
                          {
                            "name": "tactics",
                            "value": "Execution"
                          }
                        ]
                      }
                    },
                    {
                      "type": "Microsoft.OperationalInsights/workspaces/providers/metadata",
                      "apiVersion": "2021-03-01-preview",
                      "name": "[concat(parameters('workspace'),'/Microsoft.SecurityInsights/',concat('huntingQuery-', '299472c4-8382-4c5b-82d9-718cda193393'))]",
                      "properties": {
                        "description": "'This query detects execution of files with one character in the name (e.g, a.exe, 7.ps1, g.vbs etc.). \nNormally files that are executed have more characters in the name and this can indicate a malicious file.\nRef: https://www.mandiant.com/resources/tactics-techniques-procedures-associated-with-maze-ransomware-incidents'\n",
                        "contentId": "299472c4-8382-4c5b-82d9-718cda193393",
                        "version": "1.0.0",
                        "source": {
                          "kind": "Community"
                        },
                        "threatAnalysisTactics": [
                          "Execution"
                        ],
                        "threatAnalyticsTechniques": [
                          "T1059"
                        ],
                        "parentId": "299472c4-8382-4c5b-82d9-718cda193393",
                        "kind": "HuntingQuery",
                        "dependencies": {
                          "operator": "AND",
                          "criteria": [
                            {
                              "contentId": "SecurityEvent",
                              "kind": "DataType"
                            }
                          ]
                        }
                      }
                    }
                  ]
                }
              }
            }
          ]
        },
        "contentId": "299472c4-8382-4c5b-82d9-718cda193393",
        "dependencies": {
          "operator": "AND",
          "criteria": [
            {
              "contentId": "299472c4-8382-4c5b-82d9-718cda193393",
              "kind": "HuntingQuery"
            }
          ]
        },
        "description": "'This query detects execution of files with one character in the name (e.g, a.exe, 7.ps1, g.vbs etc.). \nNormally files that are executed have more characters in the name and this can indicate a malicious file.\nRef: https://www.mandiant.com/resources/tactics-techniques-procedures-associated-with-maze-ransomware-incidents'\n",
        "displayName": "Execution of File with One Character in the Name",
        "source": {
          "kind": "Community"
        },
        "threatAnalysisTactics": [
          "Execution"
        ],
        "threatAnalyticsTechniques": [
          "T1059"
        ],
        "version": "1.0.0"
      },
      "name": "[concat(parameters('workspace'),'/Microsoft.SecurityInsights/', '299472c4-8382-4c5b-82d9-718cda193393')]"
    }
  ]
}