{
  "$schema": "https://schema.management.azure.com/schemas/2019-04-01/deploymentTemplate.json#",
  "parameters": {
    "location": {
      "type": "string",
      "minLength": 1,
      "defaultValue": "[resourceGroup().location]",
      "metadata": {
        "description": "Not used, but needed to pass arm-ttk test `Location-Should-Not-Be-Hardcoded`.  We instead use the `workspace-location` which is derived from the LA workspace"
      }
    },
    "workspace-location": {
      "type": "string",
      "defaultValue": "",
      "metadata": {
        "description": "[concat('Region to deploy solution resources -- separate from location selection',parameters('location'))]"
      }
    },
    "workspace": {
      "defaultValue": "",
      "type": "string",
      "metadata": {
        "description": "Workspace name for Log Analytics where Microsoft Sentinel is setup"
      }
    }
  },
  "variables": {},
  "resources": [
    {
      "type": "Microsoft.OperationalInsights/workspaces/providers/packages",
      "location": "[parameters('workspace-location')]",
      "apiVersion": "2022-08-01",
      "properties": {
        "packageKind": "Standalone",
        "packageItems": {
          "resources": [
            {
              "type": "Microsoft.OperationalInsights/workspaces/providers/contentTemplates",
              "name": "[concat(parameters('workspace'),'/Microsoft.SecurityInsights/', '009b9bae-23dd-43c4-bcb9-11c4ba7c784a')]",
              "location": "[parameters('workspace-location')]",
              "apiVersion": "2022-08-01",
              "properties": {
                "contentId": "009b9bae-23dd-43c4-bcb9-11c4ba7c784a",
                "displayName": "End-user consent stopped due to risk-based consent",
                "contentKind": "AnalyticsRule",
                "mainTemplate": {
                  "$schema": "https://schema.management.azure.com/schemas/2019-04-01/deploymentTemplate.json#",
                  "contentVersion": "1.0.0",
                  "resources": [
                    {
                      "type": "Microsoft.OperationalInsights/workspaces/providers/alertRules",
                      "apiVersion": "2022-04-01-preview",
                      "name": "[concat(parameters('workspace'),'/Microsoft.SecurityInsights/', '' )]",
                      "kind": "Scheduled",
                      "location": "[parameters('workspace-location')]",
                      "properties": {
                        "description": "Detects a user's consent to an OAuth application being blocked due to it being too risky.\n  These events should be investigated to understand why the user attempted to consent to the applicaiton and what other applicaitons they may have consented to.\n  Ref: https://docs.microsoft.com/azure/active-directory/fundamentals/security-operations-applications#end-user-stopped-due-to-risk-based-consent",
                        "displayName": "End-user consent stopped due to risk-based consent",
                        "enabled": false,
                        "query": "AuditLogs\n  | where OperationName has \"Consent to application\"\n  | where Result =~ \"failure\"\n  | extend ipAddress = tostring(parse_json(tostring(InitiatedBy.user)).ipAddress)\n  | extend userPrincipalName = tostring(parse_json(tostring(InitiatedBy.user)).userPrincipalName)\n  | extend userAgent = iif(AdditionalDetails[0].key == \"User-Agent\", tostring(AdditionalDetails[0].value), tostring(AdditionalDetails[1].value))\n  | where isnotempty(TargetResources)\n  | extend AppName = tostring(TargetResources[0].displayName)\n  | mv-expand TargetResources[0].modifiedProperties\n  | extend TargetResources_0_modifiedProperties = columnifexists(\"TargetResources_0_modifiedProperties\", '')\n  | where isnotempty(TargetResources_0_modifiedProperties)\n  | where TargetResources_0_modifiedProperties.displayName =~ \"MethodExecutionResult.\"\n  | extend FailureReason = tostring(parse_json(tostring(TargetResources_0_modifiedProperties.newValue)))\n  | where FailureReason contains \"Risky\"\n  | project-reorder TimeGenerated, OperationName, Result, AppName, FailureReason, userPrincipalName, userAgent, ipAddress\n",
                        "queryFrequency": "P1D",
                        "queryPeriod": "P1D",
                        "severity": "Medium",
                        "suppressionDuration": "PT1H",
                        "suppressionEnabled": false,
                        "triggerOperator": "GreaterThan",
                        "triggerThreshold": 0,
                        "tactics": [
                          "Persistence",
                          "PrivilegeEscalation"
                        ],
                        "entityMappings": [
                          {
                            "entityType": "IP",
                            "fieldMappings": [
                              {
                                "columnName": "ipAddress",
                                "identifier": "Address"
                              }
                            ]
                          },
                          {
                            "entityType": "Account",
                            "fieldMappings": [
                              {
                                "columnName": "userPrincipalName",
                                "identifier": "FullName"
                              }
                            ]
                          }
                        ]
                      }
                    },
                    {
                      "type": "Microsoft.OperationalInsights/workspaces/providers/metadata",
                      "apiVersion": "2021-03-01-preview",
                      "name": "[concat(parameters('workspace'),'/Microsoft.SecurityInsights/', '')]",
                      "properties": {
                        "description": "'Detects a user's consent to an OAuth application being blocked due to it being too risky.\n  These events should be investigated to understand why the user attempted to consent to the applicaiton and what other applicaitons they may have consented to.\n  Ref: https://docs.microsoft.com/azure/active-directory/fundamentals/security-operations-applications#end-user-stopped-due-to-risk-based-consent'\n",
                        "contentId": "009b9bae-23dd-43c4-bcb9-11c4ba7c784a",
                        "version": "1.0.0",
                        "source": {
                          "kind": "Community"
                        },
                        "threatAnalysisTactics": [
                          "Persistence",
                          "PrivilegeEscalation"
                        ],
                        "threatAnalyticsTechniques": [
                          "T1078.004"
                        ],
                        "parentId": "009b9bae-23dd-43c4-bcb9-11c4ba7c784a",
                        "kind": "AnalyticsRule",
                        "dependencies": {
                          "operator": "AND",
                          "criteria": [
                            {
                              "contentId": "AuditLogs",
                              "kind": "DataType"
                            }
                          ]
                        }
                      }
                    }
                  ]
                }
              }
            }
          ]
        },
        "contentId": "009b9bae-23dd-43c4-bcb9-11c4ba7c784a",
        "dependencies": {
          "operator": "AND",
          "criteria": [
            {
              "contentId": "009b9bae-23dd-43c4-bcb9-11c4ba7c784a",
              "kind": "AnalyticsRule"
            }
          ]
        },
        "description": "'Detects a user's consent to an OAuth application being blocked due to it being too risky.\n  These events should be investigated to understand why the user attempted to consent to the applicaiton and what other applicaitons they may have consented to.\n  Ref: https://docs.microsoft.com/azure/active-directory/fundamentals/security-operations-applications#end-user-stopped-due-to-risk-based-consent'\n",
        "displayName": "End-user consent stopped due to risk-based consent",
        "source": {
          "kind": "Community"
        },
        "threatAnalysisTactics": [
          "Persistence",
          "PrivilegeEscalation"
        ],
        "threatAnalyticsTechniques": [
          "T1078.004"
        ],
        "version": "1.0.0"
      },
      "name": "[concat(parameters('workspace'),'/Microsoft.SecurityInsights/', '009b9bae-23dd-43c4-bcb9-11c4ba7c784a')]"
    }
  ]
}