{
  "$schema": "https://schema.management.azure.com/schemas/2019-04-01/deploymentTemplate.json#",
  "contentVersion": "1.0.0.0",
  "parameters": {
    "location": {
      "type": "string",
      "minLength": 1,
      "defaultValue": "[resourceGroup().location]",
      "metadata": {
        "description": "Not used, but needed to pass arm-ttk test `Location-Should-Not-Be-Hardcoded`.  We instead use the `workspace-location` which is derived from the LA workspace"
      }
    },
    "workspace-location": {
      "type": "string",
      "defaultValue": "",
      "metadata": {
        "description": "[concat('Region to deploy solution resources -- separate from location selection',parameters('location'))]"
      }
    },
    "workspace": {
      "defaultValue": "",
      "type": "string",
      "metadata": {
        "description": "Workspace name for Log Analytics where Microsoft Sentinel is setup"
      }
    }
  },
  "variables": {},
  "resources": [
    {
      "type": "Microsoft.OperationalInsights/workspaces/providers/packages",
      "location": "[parameters('workspace-location')]",
      "apiVersion": "2022-08-01",
      "properties": {
        "packageKind": "Standalone",
        "packageItems": {
          "resources": [
            {
              "type": "Microsoft.OperationalInsights/workspaces/providers/contentTemplates",
              "name": "[concat(parameters('workspace'),'/Microsoft.SecurityInsights/', '9fb57e58-3ed8-4b89-afcf-c8e786508b1c')]",
              "location": "[parameters('workspace-location')]",
              "apiVersion": "2022-08-01",
              "properties": {
                "contentId": "9fb57e58-3ed8-4b89-afcf-c8e786508b1c",
                "displayName": "Suspicious Resource deployment",
                "contentKind": "AnalyticsRule",
                "mainTemplate": {
                  "$schema": "https://schema.management.azure.com/schemas/2019-04-01/deploymentTemplate.json#",
                  "contentVersion": "1.0.0",
                  "resources": [
                    {
                      "type": "Microsoft.OperationalInsights/workspaces/providers/alertRules",
                      "apiVersion": "2022-04-01-preview",
                      "name": "9fb57e58-3ed8-4b89-afcf-c8e786508b1c",
                      "kind": "Scheduled",
                      "location": "[parameters('workspace-location')]",
                      "properties": {
                        "description": "Identifies when a rare Resource and ResourceGroup deployment occurs by a previously unseen Caller.",
                        "displayName": "Suspicious Resource deployment",
                        "enabled": false,
                        "query": "\nlet szOperationNames = dynamic([\"Microsoft.Compute/virtualMachines/write\", \"Microsoft.Resources/deployments/write\"]);\nlet starttime = 14d;\nlet endtime = 1d;\nlet RareCaller = AzureActivity\n| where TimeGenerated between (ago(starttime) .. ago(endtime))\n| where OperationNameValue in~ (szOperationNames)\n| project ResourceGroup, Caller, OperationNameValue, CallerIpAddress\n| join kind=rightantisemi (\nAzureActivity\n| where TimeGenerated > ago(endtime)\n| where OperationNameValue in~ (szOperationNames)\n| summarize StartTimeUtc = min(TimeGenerated), EndTimeUtc = max(TimeGenerated), ActivityStatusValue = makeset(ActivityStatusValue), OperationIds = makeset(OperationId), CallerIpAddress = makeset(CallerIpAddress) \nby ResourceId, Caller, OperationNameValue, Resource, ResourceGroup\n) on Caller, ResourceGroup \n| mvexpand CallerIpAddress\n| where isnotempty(CallerIpAddress);\nlet Counts = RareCaller | summarize ActivityCountByCaller = count() by Caller;\nRareCaller | join kind= inner (Counts) on Caller | project-away Caller1\n| extend timestamp = StartTimeUtc, AccountCustomEntity = Caller, IPCustomEntity = tostring(CallerIpAddress)\n| sort by ActivityCountByCaller desc nulls last \n",
                        "queryFrequency": "P1D",
                        "queryPeriod": "P14D",
                        "severity": "Low",
                        "suppressionDuration": "PT1H",
                        "suppressionEnabled": false,
                        "triggerOperator": "GreaterThan",
                        "triggerThreshold": 0,
                        "tactics": [
                          "Impact"
                        ],
                        "techniques": [
                          "T1496"
                        ],
                        "entityMappings": [
                          {
                            "entityType": "Account",
                            "fieldMappings": [
                              {
                                "columnName": "AccountCustomEntity",
                                "identifier": "FullName"
                              }
                            ]
                          },
                          {
                            "entityType": "IP",
                            "fieldMappings": [
                              {
                                "columnName": "IPCustomEntity",
                                "identifier": "Address"
                              }
                            ]
                          }
                        ]
                      }
                    },
                    {
                      "type": "Microsoft.OperationalInsights/workspaces/providers/metadata",
                      "apiVersion": "2021-03-01-preview",
                      "properties": {
                        "description": "'Identifies when a rare Resource and ResourceGroup deployment occurs by a previously unseen Caller.'\n",
                        "version": "1.0.0",
                        "author": {
                          "name": "Community"
                        },
                        "support": {
                          "name": "Community",
                          "link": "https://github.com/Azure/Azure-Sentinel/issues",
                          "tier": "Community"
                        },
                        "source": {
                          "kind": "Community",
                          "name": "Standalone"
                        },
                        "threatAnalysisTactics": [
                          "Impact"
                        ],
                        "threatAnalyticsTechniques": [
                          "T1496"
                        ],
                        "contentId": "9fb57e58-3ed8-4b89-afcf-c8e786508b1c",
                        "parentId": "9fb57e58-3ed8-4b89-afcf-c8e786508b1c",
                        "kind": "AnalyticsRule",
                        "dependencies": {
                          "operator": "AND",
                          "criteria": [
                            {
                              "contentId": "AzureActivity",
                              "kind": "DataType"
                            }
                          ]
                        }
                      }
                    }
                  ]
                }
              }
            }
          ]
        },
        "author": {
          "name": "Community"
        },
        "dependencies": {
          "operator": "AND",
          "criteria": [
            {
              "contentId": "9fb57e58-3ed8-4b89-afcf-c8e786508b1c",
              "kind": "AnalyticsRule"
            }
          ]
        },
        "description": "'Identifies when a rare Resource and ResourceGroup deployment occurs by a previously unseen Caller.'\n",
        "displayName": "Suspicious Resource deployment",
        "packageId": "9fb57e58-3ed8-4b89-afcf-c8e786508b1c",
        "source": {
          "kind": "Community",
          "name": "Standalone"
        },
        "support": {
          "name": "Community",
          "link": "https://github.com/Azure/Azure-Sentinel/issues",
          "tier": "Community"
        },
        "threatAnalysisTactics": [
          "Impact"
        ],
        "threatAnalyticsTechniques": [
          "T1496"
        ],
        "version": "1.0.0"
      },
      "name": "[concat(parameters('workspace'),'/Microsoft.SecurityInsights/', '9fb57e58-3ed8-4b89-afcf-c8e786508b1c')]"
    }
  ]
}