{
  "$schema": "https://schema.management.azure.com/schemas/2019-04-01/deploymentTemplate.json#",
  "contentVersion": "1.0.0.0",
  "parameters": {
    "location": {
      "type": "string",
      "minLength": 1,
      "defaultValue": "[resourceGroup().location]",
      "metadata": {
        "description": "Not used, but needed to pass arm-ttk test `Location-Should-Not-Be-Hardcoded`.  We instead use the `workspace-location` which is derived from the LA workspace"
      }
    },
    "workspace-location": {
      "type": "string",
      "defaultValue": "",
      "metadata": {
        "description": "[concat('Region to deploy solution resources -- separate from location selection',parameters('location'))]"
      }
    },
    "workspace": {
      "defaultValue": "",
      "type": "string",
      "metadata": {
        "description": "Workspace name for Log Analytics where Microsoft Sentinel is setup"
      }
    }
  },
  "variables": {},
  "resources": [
    {
      "type": "Microsoft.OperationalInsights/workspaces/providers/packages",
      "location": "[parameters('workspace-location')]",
      "apiVersion": "2022-08-01",
      "properties": {
        "packageKind": "Standalone",
        "packageItems": {
          "resources": [
            {
              "type": "Microsoft.OperationalInsights/workspaces/providers/contentTemplates",
              "name": "[concat(parameters('workspace'),'/Microsoft.SecurityInsights/', '074ce265-f684-41cd-af07-613c5f3e6d0d')]",
              "location": "[parameters('workspace-location')]",
              "apiVersion": "2022-08-01",
              "properties": {
                "contentId": "074ce265-f684-41cd-af07-613c5f3e6d0d",
                "displayName": "Known STRONTIUM group domains - July 2019",
                "contentKind": "AnalyticsRule",
                "mainTemplate": {
                  "$schema": "https://schema.management.azure.com/schemas/2019-04-01/deploymentTemplate.json#",
                  "contentVersion": "1.4.1",
                  "resources": [
                    {
                      "type": "Microsoft.OperationalInsights/workspaces/providers/alertRules",
                      "apiVersion": "2022-04-01-preview",
                      "name": "074ce265-f684-41cd-af07-613c5f3e6d0d",
                      "kind": "Scheduled",
                      "location": "[parameters('workspace-location')]",
                      "properties": {
                        "description": "Matches domain name IOCs related to Strontium group activity published July 2019 with CommonSecurityLog, DnsEvents and VMConnection dataTypes.\nReferences: https://blogs.microsoft.com/on-the-issues/2019/07/17/new-cyberthreats-require-new-ways-to-protect-democracy/.",
                        "displayName": "Known STRONTIUM group domains - July 2019",
                        "enabled": false,
                        "query": "let DomainNames = dynamic([\"irf.services\",\"microsoft-onthehub.com\",\"msofficelab.com\",\"com-mailbox.com\",\"my-sharefile.com\",\"my-sharepoints.com\",\n\"accounts-web-mail.com\",\"customer-certificate.com\",\"session-users-activities.com\",\"user-profile-credentials.com\",\"verify-linke.com\",\"support-servics.net\",\n\"onedrive-sharedfile.com\",\"onedrv-live.com\",\"transparencyinternational-my-sharepoint.com\",\"transparencyinternational-my-sharepoints.com\",\"soros-my-sharepoint.com\"]);\n(union isfuzzy=true\n  (CommonSecurityLog \n  | parse Message with * '(' DNSName ')' * \n  | extend Account = SourceUserID, Host = DeviceName, IPAddress = SourceIP\n  ),\n  (_Im_Dns(domain_has_any=DomainNames)\n  | extend IPAddress = SrcIpAddr, DNSName = DnsQuery, Host = Dvc),\n  (VMConnection \n  | parse RemoteDnsCanonicalNames with * '[\"' DNSName '\"]' *\n  | extend IPAddress = RemoteIp, Host = Computer\n  ),\n  (AzureDiagnostics \n  | where ResourceType == \"AZUREFIREWALLS\"\n  | where Category == \"AzureFirewallApplicationRule\"\n  | parse msg_s with Protocol 'request from ' SourceHost ':' SourcePort 'to ' DestinationHost ':' DestinationPort '. Action:' Action\n  | extend DNSName = DestinationHost \n  | extend IPAddress = SourceHost\n  ),\n  (\n    _Im_WebSession(url_has_any=DomainNames)\n    | extend IPCustomEntity=IpAddr, HostCustomEntity=Hostname, AccoutCustomEntity=User\n  )\n)\n| where isnotempty(DNSName)\n| where DNSName  has_any (DomainNames)\n| extend timestamp = TimeGenerated, IPCustomEntity = IPAddress, AccountCustomEntity = Account, HostCustomEntity = Host\n",
                        "queryFrequency": "P1D",
                        "queryPeriod": "P1D",
                        "severity": "High",
                        "suppressionDuration": "PT1H",
                        "suppressionEnabled": false,
                        "triggerOperator": "GreaterThan",
                        "triggerThreshold": 0,
                        "tactics": [
                          "CommandAndControl"
                        ],
                        "techniques": [
                          "T1071"
                        ],
                        "entityMappings": [
                          {
                            "entityType": "Account",
                            "fieldMappings": [
                              {
                                "columnName": "AccountCustomEntity",
                                "identifier": "FullName"
                              }
                            ]
                          },
                          {
                            "entityType": "Host",
                            "fieldMappings": [
                              {
                                "columnName": "HostCustomEntity",
                                "identifier": "FullName"
                              }
                            ]
                          },
                          {
                            "entityType": "IP",
                            "fieldMappings": [
                              {
                                "columnName": "IPCustomEntity",
                                "identifier": "Address"
                              }
                            ]
                          }
                        ]
                      }
                    },
                    {
                      "type": "Microsoft.OperationalInsights/workspaces/providers/metadata",
                      "apiVersion": "2021-03-01-preview",
                      "properties": {
                        "description": "'Matches domain name IOCs related to Strontium group activity published July 2019 with CommonSecurityLog, DnsEvents and VMConnection dataTypes.\nReferences: https://blogs.microsoft.com/on-the-issues/2019/07/17/new-cyberthreats-require-new-ways-to-protect-democracy/.'\n",
                        "version": "1.4.1",
                        "author": {
                          "name": "Community"
                        },
                        "support": {
                          "name": "Community",
                          "link": "https://github.com/Azure/Azure-Sentinel/issues",
                          "tier": "Community"
                        },
                        "source": {
                          "kind": "Community",
                          "name": "Standalone"
                        },
                        "threatAnalysisTactics": [
                          "CommandAndControl"
                        ],
                        "threatAnalyticsTechniques": [
                          "T1071"
                        ],
                        "contentId": "074ce265-f684-41cd-af07-613c5f3e6d0d",
                        "parentId": "074ce265-f684-41cd-af07-613c5f3e6d0d",
                        "kind": "AnalyticsRule",
                        "dependencies": {
                          "operator": "AND",
                          "criteria": [
                            {
                              "contentId": "DnsEvents",
                              "kind": "DataType"
                            },
                            {
                              "contentId": "VMConnection",
                              "kind": "DataType"
                            },
                            {
                              "contentId": "CommonSecurityLog",
                              "kind": "DataType"
                            },
                            {
                              "contentId": "CommonSecurityLog",
                              "kind": "DataType"
                            },
                            {
                              "contentId": "AzureDiagnostics",
                              "kind": "DataType"
                            },
                            {
                              "contentId": "CommonSecurityLog",
                              "kind": "DataType"
                            },
                            {
                              "contentId": "Syslog",
                              "kind": "DataType"
                            },
                            {
                              "contentId": "GCP_DNS_CL",
                              "kind": "DataType"
                            },
                            {
                              "contentId": "NXLog_DNS_Server_CL",
                              "kind": "DataType"
                            },
                            {
                              "contentId": "Cisco_Umbrella_dns_CL",
                              "kind": "DataType"
                            },
                            {
                              "contentId": "Corelight_CL",
                              "kind": "DataType"
                            }
                          ]
                        }
                      }
                    }
                  ]
                }
              }
            }
          ]
        },
        "author": {
          "name": "Community"
        },
        "dependencies": {
          "operator": "AND",
          "criteria": [
            {
              "contentId": "074ce265-f684-41cd-af07-613c5f3e6d0d",
              "kind": "AnalyticsRule"
            }
          ]
        },
        "description": "'Matches domain name IOCs related to Strontium group activity published July 2019 with CommonSecurityLog, DnsEvents and VMConnection dataTypes.\nReferences: https://blogs.microsoft.com/on-the-issues/2019/07/17/new-cyberthreats-require-new-ways-to-protect-democracy/.'\n",
        "displayName": "Known STRONTIUM group domains - July 2019",
        "packageId": "074ce265-f684-41cd-af07-613c5f3e6d0d",
        "source": {
          "kind": "Community",
          "name": "Standalone"
        },
        "support": {
          "name": "Community",
          "link": "https://github.com/Azure/Azure-Sentinel/issues",
          "tier": "Community"
        },
        "threatAnalysisTactics": [
          "CommandAndControl"
        ],
        "threatAnalyticsTechniques": [
          "T1071"
        ],
        "version": "1.4.1"
      },
      "name": "[concat(parameters('workspace'),'/Microsoft.SecurityInsights/', '074ce265-f684-41cd-af07-613c5f3e6d0d')]"
    }
  ]
}