{
  "$schema": "https://schema.management.azure.com/schemas/2019-04-01/deploymentTemplate.json#",
  "contentVersion": "1.0.0.0",
  "parameters": {
    "location": {
      "type": "string",
      "minLength": 1,
      "defaultValue": "[resourceGroup().location]",
      "metadata": {
        "description": "Not used, but needed to pass arm-ttk test `Location-Should-Not-Be-Hardcoded`.  We instead use the `workspace-location` which is derived from the LA workspace"
      }
    },
    "workspace-location": {
      "type": "string",
      "defaultValue": "",
      "metadata": {
        "description": "[concat('Region to deploy solution resources -- separate from location selection',parameters('location'))]"
      }
    },
    "workspace": {
      "defaultValue": "",
      "type": "string",
      "metadata": {
        "description": "Workspace name for Log Analytics where Microsoft Sentinel is setup"
      }
    }
  },
  "variables": {},
  "resources": [
    {
      "type": "Microsoft.OperationalInsights/workspaces/providers/packages",
      "location": "[parameters('workspace-location')]",
      "apiVersion": "2022-08-01",
      "properties": {
        "packageKind": "Standalone",
        "packageItems": {
          "resources": [
            {
              "type": "Microsoft.OperationalInsights/workspaces/providers/contentTemplates",
              "name": "[concat(parameters('workspace'),'/Microsoft.SecurityInsights/', 'faf1a6ff-53b5-4f92-8c55-4b20e9957594')]",
              "location": "[parameters('workspace-location')]",
              "apiVersion": "2022-08-01",
              "properties": {
                "contentId": "faf1a6ff-53b5-4f92-8c55-4b20e9957594",
                "displayName": "Exchange OAB Virtual Directory Attribute Containing Potential Webshell",
                "contentKind": "AnalyticsRule",
                "mainTemplate": {
                  "$schema": "https://schema.management.azure.com/schemas/2019-04-01/deploymentTemplate.json#",
                  "contentVersion": "1.0.0",
                  "resources": [
                    {
                      "type": "Microsoft.OperationalInsights/workspaces/providers/alertRules",
                      "apiVersion": "2022-04-01-preview",
                      "name": "faf1a6ff-53b5-4f92-8c55-4b20e9957594",
                      "kind": "Scheduled",
                      "location": "[parameters('workspace-location')]",
                      "properties": {
                        "description": "This query uses Windows Event ID 5136 in order to detect potential webshell deployment by exploitation of CVE-2021-27065.\nThis query looks for changes to the InternalHostName or ExternalHostName properties of Exchange OAB Virtual Directory objects in AD Directory Services\nwhere the new objects contain potential webshell objects. Ref: https://aka.ms/ExchangeVulns",
                        "displayName": "Exchange OAB Virtual Directory Attribute Containing Potential Webshell",
                        "enabled": false,
                        "query": "SecurityEvent\n// Look for specific Directory Service Changes and parse data\n| where EventID == 5136\n| extend EventData = parse_xml(EventData).EventData.Data\n| mv-expand bagexpansion = array EventData\n| evaluate bag_unpack(EventData)\n| extend Key = tostring(column_ifexists('@Name', \"\")), Value = column_ifexists('#text', \"\")\n| evaluate pivot(Key, any(Value),TimeGenerated, EventID, Computer, Account, AccountType, EventSourceName, Activity, SubjectAccount)\n// Where changes relate to Exchange OAB\n| extend ObjectClass = column_ifexists(\"ObjectClass\", \"\")\n| where ObjectClass =~ \"msExchOABVirtualDirectory\"\n// Look for InternalHostName or ExternalHostName properties being changed\n| extend AttributeLDAPDisplayName = column_ifexists(\"AttributeLDAPDisplayName\", \"\")\n| where AttributeLDAPDisplayName in (\"msExchExternalHostName\", \"msExchInternalHostName\")\n// Look for suspected webshell activity\n| extend AttributeValue = column_ifexists(\"AttributeValue\", \"\")\n| where AttributeValue has \"script\"\n| project-rename LastSeen = TimeGenerated\n| extend ObjectDN = column_ifexists(\"ObjectDN\", \"\")\n| project-reorder LastSeen, Computer, Account, ObjectDN, AttributeLDAPDisplayName, AttributeValue\n| extend timestamp = LastSeen, AccountCustomEntity = Account, HostCustomEntity = Computer\n",
                        "queryFrequency": "PT1H",
                        "queryPeriod": "PT1H",
                        "severity": "High",
                        "suppressionDuration": "PT1H",
                        "suppressionEnabled": false,
                        "triggerOperator": "GreaterThan",
                        "triggerThreshold": 0,
                        "tactics": [
                          "InitialAccess"
                        ],
                        "techniques": [
                          "T1190"
                        ],
                        "entityMappings": [
                          {
                            "entityType": "Account",
                            "fieldMappings": [
                              {
                                "columnName": "AccountCustomEntity",
                                "identifier": "FullName"
                              }
                            ]
                          },
                          {
                            "entityType": "Host",
                            "fieldMappings": [
                              {
                                "columnName": "HostCustomEntity",
                                "identifier": "FullName"
                              }
                            ]
                          }
                        ]
                      }
                    },
                    {
                      "type": "Microsoft.OperationalInsights/workspaces/providers/metadata",
                      "apiVersion": "2021-03-01-preview",
                      "properties": {
                        "description": "'This query uses Windows Event ID 5136 in order to detect potential webshell deployment by exploitation of CVE-2021-27065.\nThis query looks for changes to the InternalHostName or ExternalHostName properties of Exchange OAB Virtual Directory objects in AD Directory Services\nwhere the new objects contain potential webshell objects. Ref: https://aka.ms/ExchangeVulns'\n",
                        "version": "1.0.0",
                        "author": {
                          "name": "Community"
                        },
                        "support": {
                          "name": "Community",
                          "link": "https://github.com/Azure/Azure-Sentinel/issues",
                          "tier": "Community"
                        },
                        "source": {
                          "kind": "Community",
                          "name": "Standalone"
                        },
                        "threatAnalysisTactics": [
                          "InitialAccess"
                        ],
                        "threatAnalyticsTechniques": [
                          "T1190"
                        ],
                        "contentId": "faf1a6ff-53b5-4f92-8c55-4b20e9957594",
                        "parentId": "faf1a6ff-53b5-4f92-8c55-4b20e9957594",
                        "kind": "AnalyticsRule",
                        "dependencies": {
                          "operator": "AND",
                          "criteria": [
                            {
                              "contentId": "SecurityEvents",
                              "kind": "DataType"
                            },
                            {
                              "contentId": "SecurityEvent",
                              "kind": "DataType"
                            }
                          ]
                        }
                      }
                    }
                  ]
                }
              }
            }
          ]
        },
        "author": {
          "name": "Community"
        },
        "dependencies": {
          "operator": "AND",
          "criteria": [
            {
              "contentId": "faf1a6ff-53b5-4f92-8c55-4b20e9957594",
              "kind": "AnalyticsRule"
            }
          ]
        },
        "description": "'This query uses Windows Event ID 5136 in order to detect potential webshell deployment by exploitation of CVE-2021-27065.\nThis query looks for changes to the InternalHostName or ExternalHostName properties of Exchange OAB Virtual Directory objects in AD Directory Services\nwhere the new objects contain potential webshell objects. Ref: https://aka.ms/ExchangeVulns'\n",
        "displayName": "Exchange OAB Virtual Directory Attribute Containing Potential Webshell",
        "packageId": "faf1a6ff-53b5-4f92-8c55-4b20e9957594",
        "source": {
          "kind": "Community",
          "name": "Standalone"
        },
        "support": {
          "name": "Community",
          "link": "https://github.com/Azure/Azure-Sentinel/issues",
          "tier": "Community"
        },
        "threatAnalysisTactics": [
          "InitialAccess"
        ],
        "threatAnalyticsTechniques": [
          "T1190"
        ],
        "version": "1.0.0"
      },
      "name": "[concat(parameters('workspace'),'/Microsoft.SecurityInsights/', 'faf1a6ff-53b5-4f92-8c55-4b20e9957594')]"
    }
  ]
}