{
  "$schema": "https://schema.management.azure.com/schemas/2019-04-01/deploymentTemplate.json#",
  "parameters": {
    "location": {
      "type": "string",
      "minLength": 1,
      "defaultValue": "[resourceGroup().location]",
      "metadata": {
        "description": "Not used, but needed to pass arm-ttk test `Location-Should-Not-Be-Hardcoded`.  We instead use the `workspace-location` which is derived from the LA workspace"
      }
    },
    "workspace-location": {
      "type": "string",
      "defaultValue": "",
      "metadata": {
        "description": "[concat('Region to deploy solution resources -- separate from location selection',parameters('location'))]"
      }
    },
    "workspace": {
      "defaultValue": "",
      "type": "string",
      "metadata": {
        "description": "Workspace name for Log Analytics where Microsoft Sentinel is setup"
      }
    }
  },
  "variables": {},
  "resources": [
    {
      "type": "Microsoft.OperationalInsights/workspaces/providers/packages",
      "location": "[parameters('workspace-location')]",
      "apiVersion": "2022-08-01",
      "properties": {
        "packageKind": "Standalone",
        "packageItems": {
          "resources": [
            {
              "type": "Microsoft.OperationalInsights/workspaces/providers/contentTemplates",
              "name": "[concat(parameters('workspace'),'/Microsoft.SecurityInsights/', '2b701288-b428-4fb8-805e-e4372c574786')]",
              "location": "[parameters('workspace-location')]",
              "apiVersion": "2022-08-01",
              "properties": {
                "contentId": "2b701288-b428-4fb8-805e-e4372c574786",
                "displayName": "Anomalous login followed by Teams action",
                "contentKind": "AnalyticsRule",
                "mainTemplate": {
                  "$schema": "https://schema.management.azure.com/schemas/2019-04-01/deploymentTemplate.json#",
                  "contentVersion": "1.0.1",
                  "resources": [
                    {
                      "type": "Microsoft.OperationalInsights/workspaces/providers/alertRules",
                      "apiVersion": "2022-04-01-preview",
                      "name": "[concat(parameters('workspace'),'/Microsoft.SecurityInsights/', '' )]",
                      "kind": "Scheduled",
                      "location": "[parameters('workspace-location')]",
                      "properties": {
                        "description": "Detects anomalous IP address usage by user accounts and then checks to see if a suspicious Teams action is performed.\nQuery calculates IP usage Delta for each user account and selects accounts where a delta >= 90% is observed between the most and least used IP.\nTo further reduce results the query performs a prevalence check on the lowest used IP's country, only keeping IP's where the country is unusual for the tenant (dynamic ranges)\nFinally the user accounts activity within Teams logs is checked for suspicious commands (modifying user privileges or admin actions) during the period the suspicious IP was active.",
                        "displayName": "Anomalous login followed by Teams action",
                        "enabled": false,
                        "query": "\n//The bigger the window the better the data sample size, as we use IP prevalence, more sample data is better.\n//The minimum number of countries that the account has been accessed from [default: 2]\nlet minimumCountries = 2;\n//The delta (%) between the largest in-use IP and the smallest [default: 95]\nlet deltaThreshold = 95;\n//The maximum (%) threshold that the country appears in login data [default: 10]\nlet countryPrevalenceThreshold = 10;\n//The time to project forward after the last login activity [default: 60min]\nlet projectedEndTime = 60m;\nlet queryfrequency = 1d;\nlet queryperiod = 14d;\nlet aadFunc = (tableName: string) {\n    // Get successful signins to Teams\n    let signinData =\n        table(tableName)\n        | where TimeGenerated > ago(queryperiod)\n        | where AppDisplayName has \"Teams\" and ConditionalAccessStatus =~ \"success\"\n        | extend Country = tostring(todynamic(LocationDetails)['countryOrRegion'])\n        | where isnotempty(Country) and isnotempty(IPAddress);\n    // Calculate prevalence of countries\n    let countryPrevalence =\n        signinData\n        | summarize CountCountrySignin = count() by Country\n        | extend TotalSignin = toscalar(signinData | summarize count())\n        | extend CountryPrevalence = toreal(CountCountrySignin) / toreal(TotalSignin) * 100;\n    // Count signins by user and IP address\n    let userIpSignin =\n        signinData\n        | summarize CountIPSignin = count(), Country = any(Country), ListSigninTimeGenerated = make_list(TimeGenerated) by IPAddress, UserPrincipalName;\n    // Calculate delta between the IP addresses with the most and minimum activity by user\n    let userIpDelta =\n        userIpSignin\n        | summarize MaxIPSignin = max(CountIPSignin), MinIPSignin = min(CountIPSignin), DistinctCountries = dcount(Country), make_set(Country) by UserPrincipalName\n        | extend UserIPDelta = toreal(MaxIPSignin - MinIPSignin) / toreal(MaxIPSignin) * 100;\n    // Collect Team operations the user account has performed within a time range of the suspicious signins\n    OfficeActivity\n    | where TimeGenerated > ago(queryfrequency)\n    | where Operation in~ (\"TeamsAdminAction\", \"MemberAdded\", \"MemberRemoved\", \"MemberRoleChanged\", \"AppInstalled\", \"BotAddedToTeam\")\n    | project OperationTimeGenerated = TimeGenerated, UserId = tolower(UserId), Operation\n    | join kind = inner(\n        userIpDelta\n        // Check users with activity from distinct countries\n        | where DistinctCountries >= minimumCountries\n        // Check users with high IP delta\n        | where UserIPDelta >= deltaThreshold\n        // Add information about signins and countries\n        | join kind = leftouter userIpSignin on UserPrincipalName\n        | join kind = leftouter countryPrevalence on Country\n        // Check activity that comes from nonprevalent countries\n        | where CountryPrevalence < countryPrevalenceThreshold\n        | project\n            UserPrincipalName,\n            SuspiciousIP = IPAddress,\n            UserIPDelta,\n            SuspiciousSigninCountry = Country,\n            SuspiciousCountryPrevalence = CountryPrevalence,\n            EventTimes = ListSigninTimeGenerated\n    ) on $left.UserId == $right.UserPrincipalName\n    // Check the signins occured 60 min before the Teams operations\n    | mv-expand SigninTimeGenerated = EventTimes\n    | extend SigninTimeGenerated = todatetime(SigninTimeGenerated)\n    | where OperationTimeGenerated between (SigninTimeGenerated .. (SigninTimeGenerated + projectedEndTime))\n};\nlet aadSignin = aadFunc(\"SigninLogs\");\nlet aadNonInt = aadFunc(\"AADNonInteractiveUserSignInLogs\");\nunion isfuzzy=true aadSignin, aadNonInt\n| summarize arg_max(SigninTimeGenerated, *) by UserPrincipalName, SuspiciousIP, OperationTimeGenerated\n| summarize\n    ActivitySummary = make_bag(pack(tostring(SigninTimeGenerated), pack(\"Operation\", tostring(Operation), \"OperationTime\", OperationTimeGenerated)))\n    by UserPrincipalName, SuspiciousIP, SuspiciousSigninCountry, SuspiciousCountryPrevalence\n| extend IPCustomEntity = SuspiciousIP, AccountCustomEntity = UserPrincipalName\n",
                        "queryFrequency": "P1D",
                        "queryPeriod": "P14D",
                        "severity": "Medium",
                        "suppressionDuration": "PT1H",
                        "suppressionEnabled": false,
                        "triggerOperator": "GreaterThan",
                        "triggerThreshold": 0,
                        "tactics": [
                          "InitialAccess",
                          "Persistence"
                        ],
                        "entityMappings": [
                          {
                            "entityType": "Account",
                            "fieldMappings": [
                              {
                                "columnName": "AccountCustomEntity",
                                "identifier": "FullName"
                              }
                            ]
                          },
                          {
                            "entityType": "IP",
                            "fieldMappings": [
                              {
                                "columnName": "IPCustomEntity",
                                "identifier": "Address"
                              }
                            ]
                          }
                        ]
                      }
                    },
                    {
                      "type": "Microsoft.OperationalInsights/workspaces/providers/metadata",
                      "apiVersion": "2021-03-01-preview",
                      "name": "[concat(parameters('workspace'),'/Microsoft.SecurityInsights/', '')]",
                      "properties": {
                        "description": "'Detects anomalous IP address usage by user accounts and then checks to see if a suspicious Teams action is performed.\nQuery calculates IP usage Delta for each user account and selects accounts where a delta >= 90% is observed between the most and least used IP.\nTo further reduce results the query performs a prevalence check on the lowest used IP's country, only keeping IP's where the country is unusual for the tenant (dynamic ranges)\nFinally the user accounts activity within Teams logs is checked for suspicious commands (modifying user privileges or admin actions) during the period the suspicious IP was active.'\n",
                        "version": "1.0.1",
                        "source": {
                          "kind": "Community"
                        },
                        "threatAnalysisTactics": [
                          "InitialAccess",
                          "Persistence"
                        ],
                        "threatAnalyticsTechniques": [
                          "T1199",
                          "T1136",
                          "T1078",
                          "T1098"
                        ],
                        "contentId": "2b701288-b428-4fb8-805e-e4372c574786",
                        "parentId": "2b701288-b428-4fb8-805e-e4372c574786",
                        "kind": "AnalyticsRule",
                        "dependencies": {
                          "operator": "AND",
                          "criteria": [
                            {
                              "contentId": "OfficeActivity",
                              "kind": "DataType"
                            },
                            {
                              "contentId": "SigninLogs",
                              "kind": "DataType"
                            },
                            {
                              "contentId": "AADNonInteractiveUserSignInLogs",
                              "kind": "DataType"
                            }
                          ]
                        }
                      }
                    }
                  ]
                }
              }
            }
          ]
        },
        "dependencies": {
          "operator": "AND",
          "criteria": [
            {
              "contentId": "2b701288-b428-4fb8-805e-e4372c574786",
              "kind": "AnalyticsRule"
            }
          ]
        },
        "description": "'Detects anomalous IP address usage by user accounts and then checks to see if a suspicious Teams action is performed.\nQuery calculates IP usage Delta for each user account and selects accounts where a delta >= 90% is observed between the most and least used IP.\nTo further reduce results the query performs a prevalence check on the lowest used IP's country, only keeping IP's where the country is unusual for the tenant (dynamic ranges)\nFinally the user accounts activity within Teams logs is checked for suspicious commands (modifying user privileges or admin actions) during the period the suspicious IP was active.'\n",
        "displayName": "Anomalous login followed by Teams action",
        "packageId": "2b701288-b428-4fb8-805e-e4372c574786",
        "source": {
          "kind": "Community"
        },
        "threatAnalysisTactics": [
          "InitialAccess",
          "Persistence"
        ],
        "threatAnalyticsTechniques": [
          "T1199",
          "T1136",
          "T1078",
          "T1098"
        ],
        "version": "1.0.1"
      },
      "name": "[concat(parameters('workspace'),'/Microsoft.SecurityInsights/', '2b701288-b428-4fb8-805e-e4372c574786')]"
    }
  ]
}