{
  "$schema": "https://schema.management.azure.com/schemas/2019-04-01/deploymentTemplate.json#",
  "contentVersion": "1.0.0.0",
  "parameters": {
    "location": {
      "type": "string",
      "minLength": 1,
      "defaultValue": "[resourceGroup().location]",
      "metadata": {
        "description": "Not used, but needed to pass arm-ttk test `Location-Should-Not-Be-Hardcoded`.  We instead use the `workspace-location` which is derived from the LA workspace"
      }
    },
    "workspace-location": {
      "type": "string",
      "defaultValue": "",
      "metadata": {
        "description": "[concat('Region to deploy solution resources -- separate from location selection',parameters('location'))]"
      }
    },
    "workspace": {
      "defaultValue": "",
      "type": "string",
      "metadata": {
        "description": "Workspace name for Log Analytics where Microsoft Sentinel is setup"
      }
    }
  },
  "variables": {},
  "resources": [
    {
      "type": "Microsoft.OperationalInsights/workspaces/providers/packages",
      "location": "[parameters('workspace-location')]",
      "apiVersion": "2022-08-01",
      "properties": {
        "packageKind": "Standalone",
        "packageItems": {
          "resources": [
            {
              "type": "Microsoft.OperationalInsights/workspaces/providers/contentTemplates",
              "name": "[concat(parameters('workspace'),'/Microsoft.SecurityInsights/', '04384937-e927-4595-8f3c-89ff58ed231f')]",
              "location": "[parameters('workspace-location')]",
              "apiVersion": "2022-08-01",
              "properties": {
                "contentId": "04384937-e927-4595-8f3c-89ff58ed231f",
                "displayName": "Possible STRONTIUM attempted credential harvesting - Sept 2020",
                "contentKind": "AnalyticsRule",
                "mainTemplate": {
                  "$schema": "https://schema.management.azure.com/schemas/2019-04-01/deploymentTemplate.json#",
                  "contentVersion": "1.0.0",
                  "resources": [
                    {
                      "type": "Microsoft.OperationalInsights/workspaces/providers/alertRules",
                      "apiVersion": "2022-04-01-preview",
                      "name": "04384937-e927-4595-8f3c-89ff58ed231f",
                      "kind": "Scheduled",
                      "location": "[parameters('workspace-location')]",
                      "properties": {
                        "description": "Surfaces potential STRONTIUM group Office365 credential harvesting attempts within OfficeActivity Logon events.\nReferences: https://www.microsoft.com/security/blog/2020/09/10/strontium-detecting-new-patters-credential-harvesting/.",
                        "displayName": "Possible STRONTIUM attempted credential harvesting - Sept 2020",
                        "enabled": false,
                        "query": "let IPs = dynamic ([\"199.249.230.\",\"185.220.101.\",\"23.129.64.\",\"109.70.100.\",\"185.220.102.\"]);\nOfficeActivity\n| where RecordType in (\"AzureActiveDirectoryAccountLogon\", \"AzureActiveDirectoryStsLogon\") \n| where Operation != 'UserLoggedIn'\n| extend UserAgent = iff(parse_json(ExtendedProperties)[0].Name =~ \"UserAgent\", extractjson(\"$[0].Value\", ExtendedProperties, typeof(string)),\"\")\n| mv-expand parse_json(ExtendedProperties)\n| where ExtendedProperties.Name =~ \"RequestType\"\n| extend RequestType = ExtendedProperties.Value\n| where ClientIP has_any (IPs)\n| summarize authAttempts=dcount(TimeGenerated), firstAttempt=min(TimeGenerated), lastAttempt=max(TimeGenerated), uniqueIPs=dcount(ClientIP), uniqueAccounts=dcount(UserId), attemptedAccounts=make_set(UserId) by UserAgent\n| where authAttempts > 2500\n| extend timestamp = firstAttempt\n| sort by uniqueAccounts\n",
                        "queryFrequency": "P7D",
                        "queryPeriod": "P14D",
                        "severity": "Low",
                        "suppressionDuration": "PT1H",
                        "suppressionEnabled": false,
                        "triggerOperator": "GreaterThan",
                        "triggerThreshold": 0,
                        "tactics": [
                          "CredentialAccess"
                        ],
                        "techniques": [
                          "T1110"
                        ]
                      }
                    },
                    {
                      "type": "Microsoft.OperationalInsights/workspaces/providers/metadata",
                      "apiVersion": "2021-03-01-preview",
                      "properties": {
                        "description": "'Surfaces potential STRONTIUM group Office365 credential harvesting attempts within OfficeActivity Logon events.\nReferences: https://www.microsoft.com/security/blog/2020/09/10/strontium-detecting-new-patters-credential-harvesting/.'\n",
                        "version": "1.0.0",
                        "author": {
                          "name": "Community"
                        },
                        "support": {
                          "name": "Community",
                          "link": "https://github.com/Azure/Azure-Sentinel/issues",
                          "tier": "Community"
                        },
                        "source": {
                          "kind": "Community",
                          "name": "Standalone"
                        },
                        "threatAnalysisTactics": [
                          "CredentialAccess"
                        ],
                        "threatAnalyticsTechniques": [
                          "T1110"
                        ],
                        "contentId": "04384937-e927-4595-8f3c-89ff58ed231f",
                        "parentId": "04384937-e927-4595-8f3c-89ff58ed231f",
                        "kind": "AnalyticsRule",
                        "dependencies": {
                          "operator": "AND",
                          "criteria": [
                            {
                              "contentId": "OfficeActivity",
                              "kind": "DataType"
                            }
                          ]
                        }
                      }
                    }
                  ]
                }
              }
            }
          ]
        },
        "author": {
          "name": "Community"
        },
        "dependencies": {
          "operator": "AND",
          "criteria": [
            {
              "contentId": "04384937-e927-4595-8f3c-89ff58ed231f",
              "kind": "AnalyticsRule"
            }
          ]
        },
        "description": "'Surfaces potential STRONTIUM group Office365 credential harvesting attempts within OfficeActivity Logon events.\nReferences: https://www.microsoft.com/security/blog/2020/09/10/strontium-detecting-new-patters-credential-harvesting/.'\n",
        "displayName": "Possible STRONTIUM attempted credential harvesting - Sept 2020",
        "packageId": "04384937-e927-4595-8f3c-89ff58ed231f",
        "source": {
          "kind": "Community",
          "name": "Standalone"
        },
        "support": {
          "name": "Community",
          "link": "https://github.com/Azure/Azure-Sentinel/issues",
          "tier": "Community"
        },
        "threatAnalysisTactics": [
          "CredentialAccess"
        ],
        "threatAnalyticsTechniques": [
          "T1110"
        ],
        "version": "1.0.0"
      },
      "name": "[concat(parameters('workspace'),'/Microsoft.SecurityInsights/', '04384937-e927-4595-8f3c-89ff58ed231f')]"
    }
  ]
}