{
  "$schema": "https://schema.management.azure.com/schemas/2019-04-01/deploymentTemplate.json#",
  "parameters": {
    "location": {
      "type": "string",
      "minLength": 1,
      "defaultValue": "[resourceGroup().location]",
      "metadata": {
        "description": "Not used, but needed to pass arm-ttk test `Location-Should-Not-Be-Hardcoded`.  We instead use the `workspace-location` which is derived from the LA workspace"
      }
    },
    "workspace-location": {
      "type": "string",
      "defaultValue": "",
      "metadata": {
        "description": "[concat('Region to deploy solution resources -- separate from location selection',parameters('location'))]"
      }
    },
    "workspace": {
      "defaultValue": "",
      "type": "string",
      "metadata": {
        "description": "Workspace name for Log Analytics where Microsoft Sentinel is setup"
      }
    }
  },
  "variables": {},
  "resources": [
    {
      "type": "Microsoft.OperationalInsights/workspaces/providers/packages",
      "location": "[parameters('workspace-location')]",
      "apiVersion": "2022-08-01",
      "properties": {
        "packageKind": "Standalone",
        "packageItems": {
          "resources": [
            {
              "type": "Microsoft.OperationalInsights/workspaces/providers/contentTemplates",
              "name": "[concat(parameters('workspace'),'/Microsoft.SecurityInsights/', '276731f6-ae09-4469-9fa0-c0791a5a0d8d')]",
              "location": "[parameters('workspace-location')]",
              "kind": "shared",
              "apiVersion": "2022-08-01",
              "properties": {
                "contentId": "276731f6-ae09-4469-9fa0-c0791a5a0d8d",
                "displayName": "Azure Storage File Create and Delete",
                "contentKind": "HuntingQuery",
                "mainTemplate": {
                  "$schema": "https://schema.management.azure.com/schemas/2019-04-01/deploymentTemplate.json#",
                  "contentVersion": "1.0.0",
                  "resources": [
                    {
                      "type": "Microsoft.OperationalInsights/savedSearches",
                      "apiVersion": "2020-08-01",
                      "name": "276731f6-ae09-4469-9fa0-c0791a5a0d8d",
                      "location": "[parameters('workspace-location')]",
                      "properties": {
                        "eTag": "*",
                        "displayName": "Azure Storage File Create and Delete",
                        "category": "Hunting Queries",
                        "query": "\nlet threshold = 5m;\nlet StorageData =\nunion\nStorageFileLogs,\nStorageBlobLogs;\nStorageData\n| where StatusText =~ \"Success\"\n| where OperationName =~ \"PutBlob\" or OperationName =~ \"PutRange\"\n| extend Uri = tostring(split(Uri, \"?\", 0)[0])\n| join (\n    StorageData\n    | where StatusText =~ \"Success\"\n    | where OperationName =~ \"DeleteBlob\" or OperationName =~ \"DeleteFile\"\n    | extend Uri = tostring(split(Uri, \"?\", 0)[0])\n    | project OperationName, DeletedTime=TimeGenerated, Uri\n) on Uri\n| project TimeGenerated, DeletedTime, Uri, CallerIpAddress, UserAgentHeader, ResponseMd5, StorageAccount=AccountName\n| extend windowEnd = TimeGenerated+5m \n| where DeletedTime between (TimeGenerated .. windowEnd)\n",
                        "version": 2,
                        "tags": [
                          {
                            "name": "description",
                            "value": "'This hunting query will try to identify instances where a file us uploaded to file storage and then deleted\nwithin a given threshold. By default the query will find instances where a file is uploaded and deleted within\n5 minutes. This hunting query will help detect automated exfiltration.'\n"
                          },
                          {
                            "name": "techniques",
                            "value": ""
                          },
                          {
                            "name": "tactics",
                            "value": "Exfiltration"
                          }
                        ]
                      }
                    },
                    {
                      "type": "Microsoft.OperationalInsights/workspaces/providers/metadata",
                      "apiVersion": "2021-03-01-preview",
                      "name": "[concat(parameters('workspace'),'/Microsoft.SecurityInsights/',concat('huntingQuery-', '276731f6-ae09-4469-9fa0-c0791a5a0d8d'))]",
                      "properties": {
                        "description": "'This hunting query will try to identify instances where a file us uploaded to file storage and then deleted\nwithin a given threshold. By default the query will find instances where a file is uploaded and deleted within\n5 minutes. This hunting query will help detect automated exfiltration.'\n",
                        "version": "1.0.0",
                        "source": {
                          "kind": "Community"
                        },
                        "threatAnalysisTactics": [
                          "Exfiltration"
                        ],
                        "threatAnalyticsTechniques": [
                          "T1020",
                          "T1537"
                        ],
                        "contentId": "276731f6-ae09-4469-9fa0-c0791a5a0d8d",
                        "parentId": "276731f6-ae09-4469-9fa0-c0791a5a0d8d",
                        "kind": "HuntingQuery"
                      }
                    }
                  ]
                }
              }
            }
          ]
        },
        "dependencies": {
          "operator": "AND",
          "criteria": [
            {
              "contentId": "276731f6-ae09-4469-9fa0-c0791a5a0d8d",
              "kind": "HuntingQuery"
            }
          ]
        },
        "description": "'This hunting query will try to identify instances where a file us uploaded to file storage and then deleted\nwithin a given threshold. By default the query will find instances where a file is uploaded and deleted within\n5 minutes. This hunting query will help detect automated exfiltration.'\n",
        "displayName": "Azure Storage File Create and Delete",
        "packageId": "276731f6-ae09-4469-9fa0-c0791a5a0d8d",
        "source": {
          "kind": "Community"
        },
        "threatAnalysisTactics": [
          "Exfiltration"
        ],
        "threatAnalyticsTechniques": [
          "T1020",
          "T1537"
        ],
        "version": "1.0.0"
      },
      "name": "[concat(parameters('workspace'),'/Microsoft.SecurityInsights/', '276731f6-ae09-4469-9fa0-c0791a5a0d8d')]"
    }
  ]
}