{
  "$schema": "https://schema.management.azure.com/schemas/2019-04-01/deploymentTemplate.json#",
  "parameters": {
    "location": {
      "type": "string",
      "minLength": 1,
      "defaultValue": "[resourceGroup().location]",
      "metadata": {
        "description": "Not used, but needed to pass arm-ttk test `Location-Should-Not-Be-Hardcoded`.  We instead use the `workspace-location` which is derived from the LA workspace"
      }
    },
    "workspace-location": {
      "type": "string",
      "defaultValue": "",
      "metadata": {
        "description": "[concat('Region to deploy solution resources -- separate from location selection',parameters('location'))]"
      }
    },
    "workspace": {
      "defaultValue": "",
      "type": "string",
      "metadata": {
        "description": "Workspace name for Log Analytics where Microsoft Sentinel is setup"
      }
    }
  },
  "variables": {},
  "resources": [
    {
      "type": "Microsoft.OperationalInsights/workspaces/providers/packages",
      "location": "[parameters('workspace-location')]",
      "apiVersion": "2022-08-01",
      "properties": {
        "packageKind": "Standalone",
        "packageItems": {
          "resources": [
            {
              "type": "Microsoft.OperationalInsights/workspaces/providers/contentTemplates",
              "name": "[concat(parameters('workspace'),'/Microsoft.SecurityInsights/', '106813db-679e-4382-a51b-1bfc463befc3')]",
              "location": "[parameters('workspace-location')]",
              "apiVersion": "2022-08-01",
              "properties": {
                "contentId": "106813db-679e-4382-a51b-1bfc463befc3",
                "displayName": "TI map URL entity to PaloAlto data",
                "contentKind": "AnalyticsRule",
                "mainTemplate": {
                  "$schema": "https://schema.management.azure.com/schemas/2019-04-01/deploymentTemplate.json#",
                  "contentVersion": "1.2.0",
                  "resources": [
                    {
                      "type": "Microsoft.OperationalInsights/workspaces/providers/alertRules",
                      "apiVersion": "2022-04-01-preview",
                      "name": "[concat(parameters('workspace'),'/Microsoft.SecurityInsights/', '' )]",
                      "kind": "Scheduled",
                      "location": "[parameters('workspace-location')]",
                      "properties": {
                        "description": "Identifies a match in PaloAlto data from any URL IOC from TI",
                        "displayName": "TI map URL entity to PaloAlto data",
                        "enabled": false,
                        "query": "\nlet dt_lookBack = 1h;\nlet ioc_lookBack = 14d;\nThreatIntelligenceIndicator\n| where TimeGenerated >= ago(ioc_lookBack) and ExpirationDateTime > now()\n| summarize LatestIndicatorTime = arg_max(TimeGenerated, *) by IndicatorId\n| where Active == true\n// Picking up only IOC's that contain the entities we want\n| where isnotempty(Url)\n// using innerunique to keep perf fast and result set low, we only need one match to indicate potential malicious activity that needs to be investigated\n| join kind=innerunique (\n  CommonSecurityLog\n  | extend IngestionTime = ingestion_time()\n  | where IngestionTime > ago(dt_lookBack)\n  // Select on Palo Alto logs\n  | where DeviceVendor =~ \"Palo Alto Networks\"\n  | where DeviceEventClassID =~ 'url'\n  //Uncomment the line below to only alert on allowed connections\n  //| where DeviceAction !~ \"block-url\"\n  //Select logs where URL data is populated\n  | extend PA_Url = columnifexists(\"RequestURL\", \"None\")\n  | extend PA_Url = iif(isempty(PA_Url), extract(\"([^\\\"]+)\", 1, tolower(AdditionalExtensions)), trim('\"', PA_Url))\n  | extend PA_Url = iif(PA_Url !startswith \"http://\" and ApplicationProtocol !~ \"ssl\", strcat('http://', PA_Url), iif(PA_Url !startswith \"https://\" and ApplicationProtocol =~ \"ssl\", strcat('https://', PA_Url), PA_Url))\n  | where isnotempty(PA_Url)\n  | extend CommonSecurityLog_TimeGenerated = TimeGenerated\n) on $left.Url == $right.PA_Url\n| where CommonSecurityLog_TimeGenerated < ExpirationDateTime\n| summarize CommonSecurityLog_TimeGenerated = arg_max(CommonSecurityLog_TimeGenerated, *) by IndicatorId, PA_Url\n| project CommonSecurityLog_TimeGenerated, Description, ActivityGroupNames, IndicatorId, ThreatType, ExpirationDateTime, ConfidenceScore, DeviceAction, SourceIP, PA_Url, DeviceName\n| extend timestamp = CommonSecurityLog_TimeGenerated, IPCustomEntity = SourceIP, HostCustomEntity = DeviceName, URLCustomEntity = PA_Url\n",
                        "queryFrequency": "PT1H",
                        "queryPeriod": "P14D",
                        "severity": "Medium",
                        "suppressionDuration": "PT1H",
                        "suppressionEnabled": false,
                        "triggerOperator": "GreaterThan",
                        "triggerThreshold": 0,
                        "tactics": [
                          "Impact"
                        ],
                        "entityMappings": [
                          {
                            "entityType": "Host",
                            "fieldMappings": [
                              {
                                "columnName": "HostCustomEntity",
                                "identifier": "FullName"
                              }
                            ]
                          },
                          {
                            "entityType": "IP",
                            "fieldMappings": [
                              {
                                "columnName": "IPCustomEntity",
                                "identifier": "Address"
                              }
                            ]
                          },
                          {
                            "entityType": "URL",
                            "fieldMappings": [
                              {
                                "columnName": "URLCustomEntity",
                                "identifier": "Url"
                              }
                            ]
                          }
                        ]
                      }
                    },
                    {
                      "type": "Microsoft.OperationalInsights/workspaces/providers/metadata",
                      "apiVersion": "2021-03-01-preview",
                      "name": "[concat(parameters('workspace'),'/Microsoft.SecurityInsights/', '')]",
                      "properties": {
                        "description": "'Identifies a match in PaloAlto data from any URL IOC from TI'\n",
                        "contentId": "106813db-679e-4382-a51b-1bfc463befc3",
                        "version": "1.2.0",
                        "source": {
                          "kind": "Community"
                        },
                        "threatAnalysisTactics": [
                          "Impact"
                        ],
                        "parentId": "106813db-679e-4382-a51b-1bfc463befc3",
                        "kind": "AnalyticsRule",
                        "dependencies": {
                          "operator": "AND",
                          "criteria": [
                            {
                              "contentId": "CommonSecurityLog",
                              "kind": "DataType"
                            },
                            {
                              "contentId": "ThreatIntelligenceIndicator",
                              "kind": "DataType"
                            },
                            {
                              "contentId": "ThreatIntelligenceIndicator",
                              "kind": "DataType"
                            }
                          ]
                        }
                      }
                    }
                  ]
                }
              }
            }
          ]
        },
        "contentId": "106813db-679e-4382-a51b-1bfc463befc3",
        "dependencies": {
          "operator": "AND",
          "criteria": [
            {
              "contentId": "106813db-679e-4382-a51b-1bfc463befc3",
              "kind": "AnalyticsRule"
            }
          ]
        },
        "description": "'Identifies a match in PaloAlto data from any URL IOC from TI'\n",
        "displayName": "TI map URL entity to PaloAlto data",
        "source": {
          "kind": "Community"
        },
        "threatAnalysisTactics": [
          "Impact"
        ],
        "version": "1.2.0"
      },
      "name": "[concat(parameters('workspace'),'/Microsoft.SecurityInsights/', '106813db-679e-4382-a51b-1bfc463befc3')]"
    }
  ]
}