{
  "$schema": "https://schema.management.azure.com/schemas/2019-04-01/deploymentTemplate.json#",
  "contentVersion": "1.0.0.0",
  "parameters": {
    "location": {
      "type": "string",
      "minLength": 1,
      "defaultValue": "[resourceGroup().location]",
      "metadata": {
        "description": "Not used, but needed to pass arm-ttk test `Location-Should-Not-Be-Hardcoded`.  We instead use the `workspace-location` which is derived from the LA workspace"
      }
    },
    "workspace-location": {
      "type": "string",
      "defaultValue": "",
      "metadata": {
        "description": "[concat('Region to deploy solution resources -- separate from location selection',parameters('location'))]"
      }
    },
    "workspace": {
      "defaultValue": "",
      "type": "string",
      "metadata": {
        "description": "Workspace name for Log Analytics where Microsoft Sentinel is setup"
      }
    }
  },
  "variables": {},
  "resources": [
    {
      "type": "Microsoft.OperationalInsights/workspaces/providers/packages",
      "location": "[parameters('workspace-location')]",
      "apiVersion": "2022-08-01",
      "properties": {
        "packageKind": "Standalone",
        "packageItems": {
          "resources": [
            {
              "type": "Microsoft.OperationalInsights/workspaces/providers/contentTemplates",
              "name": "[concat(parameters('workspace'),'/Microsoft.SecurityInsights/', '0b827a49-427e-4721-b05e-b151a8af524e')]",
              "location": "[parameters('workspace-location')]",
              "kind": "shared",
              "apiVersion": "2022-08-01",
              "properties": {
                "contentId": "0b827a49-427e-4721-b05e-b151a8af524e",
                "displayName": "Scheduled Task Creation or Update from User Writable Directory",
                "contentKind": "HuntingQuery",
                "mainTemplate": {
                  "$schema": "https://schema.management.azure.com/schemas/2019-04-01/deploymentTemplate.json#",
                  "contentVersion": "1.0.0",
                  "resources": [
                    {
                      "type": "Microsoft.OperationalInsights/savedSearches",
                      "apiVersion": "2020-08-01",
                      "name": "0b827a49-427e-4721-b05e-b151a8af524e",
                      "location": "[parameters('workspace-location')]",
                      "properties": {
                        "eTag": "*",
                        "displayName": "Scheduled Task Creation or Update from User Writable Directory",
                        "category": "Hunting Queries",
                        "query": "// Enter a reference list for writable user paths\"\nlet WritableUserPaths = dynamic ([\"\\\"C:\\\\Users\\\\\",\"\\\"C:\\\\ProgramData\\\\\"]);\nSecurityEvent\n| where EventID in (4698,4702) and EventData has_any (WritableUserPaths)\n| parse EventData with * 'Command&gt;' Command \"&lt\" *\n| parse EventData with * 'Arguments&gt;' Arguments \"&lt\" *\n| where Command has_any (WritableUserPaths) or Arguments has_any (WritableUserPaths)\n| parse EventData with * 'SubjectUserName\">' SubjectUserName \"<\" * 'SubjectDomainName\">' SubjectDomainName \"<\" * 'TaskName\">' TaskName \"<\" *\n| summarize StartTime = min(TimeGenerated), EndTime = max(TimeGenerated) by Activity, Computer, SubjectUserName, SubjectDomainName, TaskName, Command, Arguments\n",
                        "version": 2,
                        "tags": [
                          {
                            "name": "description",
                            "value": "'This query triggers when a scheduled task is created or updated and it is going to run programs from writable user paths.\nRef: https://blog.menasec.net/2019/03/threat-hunting-25-scheduled-tasks-for.html'\n"
                          },
                          {
                            "name": "techniques",
                            "value": ""
                          },
                          {
                            "name": "tactics",
                            "value": "Execution"
                          }
                        ]
                      }
                    },
                    {
                      "type": "Microsoft.OperationalInsights/workspaces/providers/metadata",
                      "apiVersion": "2021-03-01-preview",
                      "name": "[concat(parameters('workspace'),'/Microsoft.SecurityInsights/',concat('huntingQuery-', '0b827a49-427e-4721-b05e-b151a8af524e'))]",
                      "properties": {
                        "description": "'This query triggers when a scheduled task is created or updated and it is going to run programs from writable user paths.\nRef: https://blog.menasec.net/2019/03/threat-hunting-25-scheduled-tasks-for.html'\n",
                        "version": "1.0.0",
                        "author": {
                          "name": "Community"
                        },
                        "support": {
                          "name": "Community",
                          "link": "https://github.com/Azure/Azure-Sentinel/issues",
                          "tier": "Community"
                        },
                        "source": {
                          "kind": "Community",
                          "name": "Standalone"
                        },
                        "threatAnalysisTactics": [
                          "Execution"
                        ],
                        "threatAnalyticsTechniques": [
                          "T1053.005"
                        ],
                        "contentId": "0b827a49-427e-4721-b05e-b151a8af524e",
                        "parentId": "0b827a49-427e-4721-b05e-b151a8af524e",
                        "kind": "HuntingQuery",
                        "dependencies": {
                          "operator": "AND",
                          "criteria": [
                            {
                              "contentId": "SecurityEvent",
                              "kind": "DataType"
                            }
                          ]
                        }
                      }
                    }
                  ]
                }
              }
            }
          ]
        },
        "author": {
          "name": "Community"
        },
        "dependencies": {
          "operator": "AND",
          "criteria": [
            {
              "contentId": "0b827a49-427e-4721-b05e-b151a8af524e",
              "kind": "HuntingQuery"
            }
          ]
        },
        "description": "'This query triggers when a scheduled task is created or updated and it is going to run programs from writable user paths.\nRef: https://blog.menasec.net/2019/03/threat-hunting-25-scheduled-tasks-for.html'\n",
        "displayName": "Scheduled Task Creation or Update from User Writable Directory",
        "packageId": "0b827a49-427e-4721-b05e-b151a8af524e",
        "source": {
          "kind": "Community",
          "name": "Standalone"
        },
        "support": {
          "name": "Community",
          "link": "https://github.com/Azure/Azure-Sentinel/issues",
          "tier": "Community"
        },
        "threatAnalysisTactics": [
          "Execution"
        ],
        "threatAnalyticsTechniques": [
          "T1053.005"
        ],
        "version": "1.0.0"
      },
      "name": "0b827a49-427e-4721-b05e-b151a8af524e"
    }
  ]
}