{
  "$schema": "https://schema.management.azure.com/schemas/2019-04-01/deploymentTemplate.json#",
  "parameters": {
    "location": {
      "type": "string",
      "minLength": 1,
      "defaultValue": "[resourceGroup().location]",
      "metadata": {
        "description": "Not used, but needed to pass arm-ttk test `Location-Should-Not-Be-Hardcoded`.  We instead use the `workspace-location` which is derived from the LA workspace"
      }
    },
    "workspace-location": {
      "type": "string",
      "defaultValue": "",
      "metadata": {
        "description": "[concat('Region to deploy solution resources -- separate from location selection',parameters('location'))]"
      }
    },
    "workspace": {
      "defaultValue": "",
      "type": "string",
      "metadata": {
        "description": "Workspace name for Log Analytics where Microsoft Sentinel is setup"
      }
    }
  },
  "variables": {},
  "resources": [
    {
      "type": "Microsoft.OperationalInsights/workspaces/providers/packages",
      "location": "[parameters('workspace-location')]",
      "apiVersion": "2022-08-01",
      "properties": {
        "packageKind": "Standalone",
        "packageItems": {
          "resources": [
            {
              "type": "Microsoft.OperationalInsights/workspaces/providers/contentTemplates",
              "name": "[concat(parameters('workspace'),'/Microsoft.SecurityInsights/', '4e5914a4-2ccd-429d-a845-fa597f0bd8c5')]",
              "location": "[parameters('workspace-location')]",
              "apiVersion": "2022-08-01",
              "properties": {
                "contentId": "4e5914a4-2ccd-429d-a845-fa597f0bd8c5",
                "displayName": "AV detections related to Hive Ransomware",
                "contentKind": "AnalyticsRule",
                "mainTemplate": {
                  "$schema": "https://schema.management.azure.com/schemas/2019-04-01/deploymentTemplate.json#",
                  "contentVersion": "1.0.1",
                  "resources": [
                    {
                      "type": "Microsoft.OperationalInsights/workspaces/providers/alertRules",
                      "apiVersion": "2022-04-01-preview",
                      "name": "[concat(parameters('workspace'),'/Microsoft.SecurityInsights/', '' )]",
                      "kind": "Scheduled",
                      "location": "[parameters('workspace-location')]",
                      "properties": {
                        "description": "This query looks for Microsoft Defender AV detections related to Hive Ransomware . In Microsoft Sentinel the SecurityAlerts table includes only the Device Name of the affected device,\n this query joins the DeviceInfo table to clearly connect other information such as Device group, ip, logged on users etc. This would allow the Microsoft Sentinel analyst to have more context related to the alert, if available.",
                        "displayName": "AV detections related to Hive Ransomware",
                        "enabled": false,
                        "query": "let Hive_threats = dynamic([\"Ransom:Win64/Hive\", \"Ransom:Win32/Hive\"]);\nDeviceInfo\n| extend DeviceName = tolower(DeviceName)\n| join kind=inner ( SecurityAlert\n| where ProviderName == \"MDATP\"\n| extend ThreatName = tostring(parse_json(ExtendedProperties).ThreatName)\n| extend ThreatFamilyName = tostring(parse_json(ExtendedProperties).ThreatFamilyName)\n| where ThreatName in~ (Hive_threats) or ThreatFamilyName in~ (Hive_threats)\n| extend CompromisedEntity = tolower(CompromisedEntity)\n) on $left.DeviceName == $right.CompromisedEntity\n| summarize by DisplayName, ThreatName, ThreatFamilyName, PublicIP, AlertSeverity, Description, tostring(LoggedOnUsers), DeviceId, TenantId , bin(TimeGenerated, 1d), CompromisedEntity, tostring(LoggedOnUsers), ProductName, Entities\n",
                        "queryFrequency": "P1D",
                        "queryPeriod": "P1D",
                        "severity": "High",
                        "suppressionDuration": "PT1H",
                        "suppressionEnabled": false,
                        "triggerOperator": "GreaterThan",
                        "triggerThreshold": 0,
                        "tactics": [
                          "Impact"
                        ],
                        "entityMappings": [
                          {
                            "entityType": "Host",
                            "fieldMappings": [
                              {
                                "columnName": "CompromisedEntity",
                                "identifier": "FullName"
                              }
                            ]
                          },
                          {
                            "entityType": "IP",
                            "fieldMappings": [
                              {
                                "columnName": "PublicIP",
                                "identifier": "Address"
                              }
                            ]
                          }
                        ]
                      }
                    },
                    {
                      "type": "Microsoft.OperationalInsights/workspaces/providers/metadata",
                      "apiVersion": "2021-03-01-preview",
                      "name": "[concat(parameters('workspace'),'/Microsoft.SecurityInsights/', '')]",
                      "properties": {
                        "description": "'This query looks for Microsoft Defender AV detections related to Hive Ransomware . In Microsoft Sentinel the SecurityAlerts table includes only the Device Name of the affected device,\n this query joins the DeviceInfo table to clearly connect other information such as Device group, ip, logged on users etc. This would allow the Microsoft Sentinel analyst to have more context related to the alert, if available.'\n",
                        "version": "1.0.1",
                        "source": {
                          "kind": "Community"
                        },
                        "threatAnalysisTactics": [
                          "Impact"
                        ],
                        "threatAnalyticsTechniques": [
                          "T1486"
                        ],
                        "contentId": "4e5914a4-2ccd-429d-a845-fa597f0bd8c5",
                        "parentId": "4e5914a4-2ccd-429d-a845-fa597f0bd8c5",
                        "kind": "AnalyticsRule",
                        "dependencies": {
                          "operator": "AND",
                          "criteria": [
                            {
                              "contentId": "SecurityAlert",
                              "kind": "DataType"
                            }
                          ]
                        }
                      }
                    }
                  ]
                }
              }
            }
          ]
        },
        "dependencies": {
          "operator": "AND",
          "criteria": [
            {
              "contentId": "4e5914a4-2ccd-429d-a845-fa597f0bd8c5",
              "kind": "AnalyticsRule"
            }
          ]
        },
        "description": "'This query looks for Microsoft Defender AV detections related to Hive Ransomware . In Microsoft Sentinel the SecurityAlerts table includes only the Device Name of the affected device,\n this query joins the DeviceInfo table to clearly connect other information such as Device group, ip, logged on users etc. This would allow the Microsoft Sentinel analyst to have more context related to the alert, if available.'\n",
        "displayName": "AV detections related to Hive Ransomware",
        "packageId": "4e5914a4-2ccd-429d-a845-fa597f0bd8c5",
        "source": {
          "kind": "Community"
        },
        "threatAnalysisTactics": [
          "Impact"
        ],
        "threatAnalyticsTechniques": [
          "T1486"
        ],
        "version": "1.0.1"
      },
      "name": "[concat(parameters('workspace'),'/Microsoft.SecurityInsights/', '4e5914a4-2ccd-429d-a845-fa597f0bd8c5')]"
    }
  ]
}