{
  "$schema": "https://schema.management.azure.com/schemas/2019-04-01/deploymentTemplate.json#",
  "contentVersion": "1.0.0.0",
  "parameters": {
    "location": {
      "type": "string",
      "minLength": 1,
      "defaultValue": "[resourceGroup().location]",
      "metadata": {
        "description": "Not used, but needed to pass arm-ttk test `Location-Should-Not-Be-Hardcoded`.  We instead use the `workspace-location` which is derived from the LA workspace"
      }
    },
    "workspace-location": {
      "type": "string",
      "defaultValue": "",
      "metadata": {
        "description": "[concat('Region to deploy solution resources -- separate from location selection',parameters('location'))]"
      }
    },
    "workspace": {
      "defaultValue": "",
      "type": "string",
      "metadata": {
        "description": "Workspace name for Log Analytics where Microsoft Sentinel is setup"
      }
    }
  },
  "variables": {},
  "resources": [
    {
      "type": "Microsoft.OperationalInsights/workspaces/providers/packages",
      "location": "[parameters('workspace-location')]",
      "apiVersion": "2022-08-01",
      "properties": {
        "packageKind": "Standalone",
        "packageItems": {
          "resources": [
            {
              "type": "Microsoft.OperationalInsights/workspaces/providers/contentTemplates",
              "name": "[concat(parameters('workspace'),'/Microsoft.SecurityInsights/', '1a954599-aa03-421d-a35f-dbe18859bdd5')]",
              "location": "[parameters('workspace-location')]",
              "kind": "shared",
              "apiVersion": "2022-08-01",
              "properties": {
                "contentId": "1a954599-aa03-421d-a35f-dbe18859bdd5",
                "displayName": "PUA ThreatName per Computer",
                "contentKind": "HuntingQuery",
                "mainTemplate": {
                  "$schema": "https://schema.management.azure.com/schemas/2019-04-01/deploymentTemplate.json#",
                  "contentVersion": "1.0.0",
                  "resources": [
                    {
                      "type": "Microsoft.OperationalInsights/savedSearches",
                      "apiVersion": "2020-08-01",
                      "name": "1a954599-aa03-421d-a35f-dbe18859bdd5",
                      "location": "[parameters('workspace-location')]",
                      "properties": {
                        "eTag": "*",
                        "displayName": "PUA ThreatName per Computer",
                        "category": "Hunting Queries",
                        "query": "DeviceEvents\n| where ActionType == \"AntivirusDetection\"\n| extend ParsedFields=parse_json(AdditionalFields)\n| where ParsedFields.ThreatName contains \"PUA\"\n| project DeviceName, FileName, SHA1 , ThreatName=tostring(ParsedFields.ThreatName),\n          WasRemediated=tobool(ParsedFields.WasRemediated),\n          WasExecutingWhileDetected=tobool(ParsedFields.WasExecutingWhileDetected), Timestamp \n",
                        "version": 2,
                        "tags": [
                          {
                            "name": "description",
                            "value": "Today MDE Alerts do not show PUA/WDAV ThreatName. This is a demonstration of how to get, for example, PUA Threat Names.\n"
                          }
                        ]
                      }
                    },
                    {
                      "type": "Microsoft.OperationalInsights/workspaces/providers/metadata",
                      "apiVersion": "2021-03-01-preview",
                      "name": "[concat(parameters('workspace'),'/Microsoft.SecurityInsights/',concat('huntingQuery-', '1a954599-aa03-421d-a35f-dbe18859bdd5'))]",
                      "properties": {
                        "description": "Today MDE Alerts do not show PUA/WDAV ThreatName. This is a demonstration of how to get, for example, PUA Threat Names.\n",
                        "version": "1.0.0",
                        "author": {
                          "name": "Community"
                        },
                        "support": {
                          "name": "Community",
                          "link": "https://github.com/Azure/Azure-Sentinel/issues",
                          "tier": "Community"
                        },
                        "source": {
                          "kind": "Community",
                          "name": "Standalone"
                        },
                        "contentId": "1a954599-aa03-421d-a35f-dbe18859bdd5",
                        "parentId": "1a954599-aa03-421d-a35f-dbe18859bdd5",
                        "kind": "HuntingQuery",
                        "dependencies": {
                          "operator": "AND",
                          "criteria": [
                            {
                              "contentId": "DeviceEvents",
                              "kind": "DataType"
                            }
                          ]
                        }
                      }
                    }
                  ]
                }
              }
            }
          ]
        },
        "author": {
          "name": "Community"
        },
        "dependencies": {
          "operator": "AND",
          "criteria": [
            {
              "contentId": "1a954599-aa03-421d-a35f-dbe18859bdd5",
              "kind": "HuntingQuery"
            }
          ]
        },
        "description": "Today MDE Alerts do not show PUA/WDAV ThreatName. This is a demonstration of how to get, for example, PUA Threat Names.\n",
        "displayName": "PUA ThreatName per Computer",
        "packageId": "1a954599-aa03-421d-a35f-dbe18859bdd5",
        "source": {
          "kind": "Community",
          "name": "Standalone"
        },
        "support": {
          "name": "Community",
          "link": "https://github.com/Azure/Azure-Sentinel/issues",
          "tier": "Community"
        },
        "version": "1.0.0"
      },
      "name": "1a954599-aa03-421d-a35f-dbe18859bdd5"
    }
  ]
}