{
  "$schema": "https://schema.management.azure.com/schemas/2019-04-01/deploymentTemplate.json#",
  "parameters": {
    "location": {
      "type": "string",
      "minLength": 1,
      "defaultValue": "[resourceGroup().location]",
      "metadata": {
        "description": "Not used, but needed to pass arm-ttk test `Location-Should-Not-Be-Hardcoded`.  We instead use the `workspace-location` which is derived from the LA workspace"
      }
    },
    "workspace-location": {
      "type": "string",
      "defaultValue": "",
      "metadata": {
        "description": "[concat('Region to deploy solution resources -- separate from location selection',parameters('location'))]"
      }
    },
    "workspace": {
      "defaultValue": "",
      "type": "string",
      "metadata": {
        "description": "Workspace name for Log Analytics where Microsoft Sentinel is setup"
      }
    }
  },
  "variables": {},
  "resources": [
    {
      "type": "Microsoft.OperationalInsights/workspaces/providers/packages",
      "location": "[parameters('workspace-location')]",
      "apiVersion": "2022-08-01",
      "properties": {
        "packageKind": "Standalone",
        "packageItems": {
          "resources": [
            {
              "type": "Microsoft.OperationalInsights/workspaces/providers/contentTemplates",
              "name": "[concat(parameters('workspace'),'/Microsoft.SecurityInsights/', 'd804b39c-03a4-417c-a949-bdbf21fa3305')]",
              "location": "[parameters('workspace-location')]",
              "apiVersion": "2022-08-01",
              "properties": {
                "contentId": "d804b39c-03a4-417c-a949-bdbf21fa3305",
                "displayName": "Exchange Server Vulnerabilities Disclosed March 2021 IoC Match",
                "contentKind": "AnalyticsRule",
                "mainTemplate": {
                  "$schema": "https://schema.management.azure.com/schemas/2019-04-01/deploymentTemplate.json#",
                  "contentVersion": "1.7.2",
                  "resources": [
                    {
                      "type": "Microsoft.OperationalInsights/workspaces/providers/alertRules",
                      "apiVersion": "2022-04-01-preview",
                      "name": "[concat(parameters('workspace'),'/Microsoft.SecurityInsights/', '' )]",
                      "kind": "Scheduled",
                      "location": "[parameters('workspace-location')]",
                      "properties": {
                        "description": "This detection look for IoCs shared by Microsoft relating to attacks exploiting the Exchange Server vulnerabilities disclosed in March 2021. It looks for SHA256 file hashes, IP addresses and file paths in a number of data sources. This query can also be customized with additional data sources that may include these elements.\nRef: https://msrc-blog.microsoft.com/2021/03/02/multiple-security-updates-released-for-exchange-server/",
                        "displayName": "Exchange Server Vulnerabilities Disclosed March 2021 IoC Match",
                        "enabled": false,
                        "query": "let iocs = externaldata(DateAdded:string,FirstSeen:string,IoC:string,Type:string,TLP:string)\n[@\"https://raw.githubusercontent.com/Azure/Azure-Sentinel/master/Sample%20Data/Feeds/MSTICIoCs-ExchangeServerVulnerabilitiesDisclosedMarch2021.csv\"] with (format=\"csv\", ignoreFirstRecord=True);\nlet file_paths = (iocs | where Type =~ \"filepath\" | project IoC);\nlet sha256s = (iocs | where Type =~ \"sha256\" | project IoC);\nlet ips = (iocs | where Type =~ \"ip\" | project IoC);\nlet domains = (iocs | where Type =~ \"domainname\" | project IoC);\nlet dyndomains = todynamic(toscalar((domains | summarize make_set(IoC))));\nunion isfuzzy=true\n(SecurityEvent\n| where EventID == 4663\n| where ObjectName in (file_paths)\n| extend timestamp = TimeGenerated, AccountCustomEntity = Account, HostCustomEntity = Computer\n),\n(WindowsEvent\n| where EventID == 4663 and EventData has_any (file_paths)\n| extend ObjectName = tostring(EventData.ObjectName) \n| where ObjectName in (file_paths)\n| extend Account = strcat(tostring(EventData.SubjectDomainName), \"\\\\\", tostring(EventData.SubjectUserName))\n| extend timestamp = TimeGenerated, AccountCustomEntity = Account, HostCustomEntity = Computer\n),\n(imFileEvent\n| where TargetFileName in (file_paths)\n  or\n  TargetFileSHA256 in (sha256s)\n| extend timestamp = TimeGenerated, AccountCustomEntity = ActorUsername, HostCustomEntity = DvcHostname\n),\n(DeviceFileEvents\n| where FolderPath in (file_paths)\n| extend timestamp = TimeGenerated, AccountCustomEntity = InitiatingProcessAccountName, HostCustomEntity = DeviceName\n),\n(DeviceEvents\n| where InitiatingProcessSHA256 in (sha256s)\n| extend timestamp = TimeGenerated, AccountCustomEntity = InitiatingProcessAccountName, HostCustomEntity = DeviceName\n),\n  (CommonSecurityLog\n| where FileHash in (sha256s)\n| extend timestamp = TimeGenerated\n),\n(Event // File iocs\n//This query uses sysmon data depending on table name used this may need updating\n| where Source == \"Microsoft-Windows-Sysmon\"\n| extend EvData = parse_xml(EventData)\n| extend EventDetail = EvData.DataItem.EventData.Data\n| extend Hashes = EventDetail.[16].[\"#text\"]\n| where isnotempty(Hashes)\n| parse Hashes with * 'SHA256=' SHA256 ',' *\n| where SHA256 in~ (sha256s)\n| extend Type = strcat(Type, \": \", Source), Account = UserName, FileHash = Hashes\n| extend timestamp = TimeGenerated, AccountCustomEntity = Account, HostCustomEntity = Computer\n),\n(CommonSecurityLog\n| where isnotempty(SourceIP) or isnotempty(DestinationIP)\n| where (SourceIP in (ips) or DestinationIP in (ips) or Message has_any (ips)) or (RequestURL has_any (domains))\n| extend IPMatch = case(SourceIP in (ips), \"SourceIP\", DestinationIP in (ips), \"DestinationIP\", \"Message\")\n| summarize StartTimeUtc = min(TimeGenerated), EndTimeUtc = max(TimeGenerated) by SourceIP, DestinationIP, DeviceProduct, DeviceAction, Message, Protocol, SourcePort, DestinationPort, DeviceAddress, DeviceName, IPMatch\n| extend timestamp = StartTimeUtc, IPCustomEntity = case(IPMatch == \"SourceIP\", SourceIP, IPMatch == \"DestinationIP\", DestinationIP, \"IP in Message Field\")\n),\n(Event\n| where Source == \"Microsoft-Windows-Sysmon\"\n| where EventID == 3\n| extend EvData = parse_xml(EventData)\n| extend EventDetail = EvData.DataItem.EventData.Data\n| extend SourceIP = EventDetail.[9].[\"#text\"], DestinationIP = EventDetail.[14].[\"#text\"]\n| where SourceIP in (ips) or DestinationIP in (ips)\n| extend IPMatch = case( SourceIP in (ips), \"SourceIP\", DestinationIP in (ips), \"DestinationIP\", \"None\")\n| extend timestamp = TimeGenerated, AccountCustomEntity = UserName, HostCustomEntity = Computer , IPCustomEntity = case(IPMatch == \"SourceIP\", SourceIP, IPMatch == \"DestinationIP\", DestinationIP, \"None\")\n),\n(WireData\n| where isnotempty(RemoteIP)\n| where RemoteIP in (ips)\n| extend timestamp = TimeGenerated, IPCustomEntity = RemoteIP, HostCustomEntity = Computer\n),\n(W3CIISLog\n| where isnotempty(cIP)\n| where cIP in (ips)\n| extend timestamp = TimeGenerated, IPCustomEntity = cIP, HostCustomEntity = Computer, AccountCustomEntity = csUserName\n),\n(\nWindowsFirewall\n| where SourceIP in (ips) or DestinationIP in (ips)\n| extend IPMatch = case( SourceIP in (ips), \"SourceIP\", DestinationIP in (ips), \"DestinationIP\", \"None\")\n),\n(\n  _Im_NetworkSession(srcipaddr_has_any_prefix=ips) \n  | extend IPCustomEntity = SrcIpAddr, AccountCustomEntity= User, HostCustomEntity=Hostname\n),\n  (\n  _Im_NetworkSession(dstipaddr_has_any_prefix=ips) \n  | extend IPCustomEntity = DstIpAddr, AccountCustomEntity= User, HostCustomEntity=Hostname\n),\n(_Im_Dns(domain_has_any=dyndomains)\n| extend timestamp = TimeGenerated, IPCustomEntity = SrcIpAddr, HostCustomEntity = Dvc\n)\n",
                        "queryFrequency": "PT1H",
                        "queryPeriod": "PT1H",
                        "severity": "Medium",
                        "suppressionDuration": "PT1H",
                        "suppressionEnabled": false,
                        "triggerOperator": "GreaterThan",
                        "triggerThreshold": 0,
                        "tactics": [
                          "InitialAccess"
                        ],
                        "entityMappings": [
                          {
                            "entityType": "IP",
                            "fieldMappings": [
                              {
                                "columnName": "IPCustomEntity",
                                "identifier": "Address"
                              }
                            ]
                          },
                          {
                            "entityType": "Account",
                            "fieldMappings": [
                              {
                                "columnName": "AccountCustomEntity",
                                "identifier": "FullName"
                              }
                            ]
                          },
                          {
                            "entityType": "Host",
                            "fieldMappings": [
                              {
                                "columnName": "HostCustomEntity",
                                "identifier": "FullName"
                              }
                            ]
                          },
                          {
                            "entityType": "IP",
                            "fieldMappings": [
                              {
                                "columnName": "IPCustomEntity",
                                "identifier": "Address"
                              }
                            ]
                          }
                        ]
                      }
                    },
                    {
                      "type": "Microsoft.OperationalInsights/workspaces/providers/metadata",
                      "apiVersion": "2021-03-01-preview",
                      "name": "[concat(parameters('workspace'),'/Microsoft.SecurityInsights/', '')]",
                      "properties": {
                        "description": "'This detection look for IoCs shared by Microsoft relating to attacks exploiting the Exchange Server vulnerabilities disclosed in March 2021. It looks for SHA256 file hashes, IP addresses and file paths in a number of data sources. This query can also be customized with additional data sources that may include these elements.\nRef: https://msrc-blog.microsoft.com/2021/03/02/multiple-security-updates-released-for-exchange-server/'\n",
                        "contentId": "d804b39c-03a4-417c-a949-bdbf21fa3305",
                        "version": "1.7.2",
                        "source": {
                          "kind": "Community"
                        },
                        "threatAnalysisTactics": [
                          "InitialAccess"
                        ],
                        "threatAnalyticsTechniques": [
                          "T1190"
                        ],
                        "parentId": "d804b39c-03a4-417c-a949-bdbf21fa3305",
                        "kind": "AnalyticsRule",
                        "dependencies": {
                          "operator": "AND",
                          "criteria": [
                            {
                              "contentId": "AWSVPCFlow",
                              "kind": "DataType"
                            },
                            {
                              "contentId": "WindowsEvent",
                              "kind": "DataType"
                            },
                            {
                              "contentId": "W3CIISLog",
                              "kind": "DataType"
                            },
                            {
                              "contentId": "WireData",
                              "kind": "DataType"
                            },
                            {
                              "contentId": "CommonSecurityLog (CheckPoint)",
                              "kind": "DataType"
                            },
                            {
                              "contentId": "CommonSecurityLog (Cisco)",
                              "kind": "DataType"
                            },
                            {
                              "contentId": "CommonSecurityLog",
                              "kind": "DataType"
                            },
                            {
                              "contentId": "CommonSecurityLog (F5)",
                              "kind": "DataType"
                            },
                            {
                              "contentId": "CommonSecurityLog (Fortinet)",
                              "kind": "DataType"
                            },
                            {
                              "contentId": "CommonSecurityLog (PaloAlto)",
                              "kind": "DataType"
                            },
                            {
                              "contentId": "SecurityEvents",
                              "kind": "DataType"
                            },
                            {
                              "contentId": "WindowsFirewall",
                              "kind": "DataType"
                            },
                            {
                              "contentId": "DnsEvents",
                              "kind": "DataType"
                            },
                            {
                              "contentId": "CommonSecurityLog",
                              "kind": "DataType"
                            },
                            {
                              "contentId": "Syslog",
                              "kind": "DataType"
                            },
                            {
                              "contentId": "Syslog",
                              "kind": "DataType"
                            },
                            {
                              "contentId": "GCP_DNS_CL",
                              "kind": "DataType"
                            },
                            {
                              "contentId": "WindowsEvent",
                              "kind": "DataType"
                            },
                            {
                              "contentId": "NXLog_DNS_Server_CL",
                              "kind": "DataType"
                            },
                            {
                              "contentId": "Cisco_Umbrella_dns_CL",
                              "kind": "DataType"
                            },
                            {
                              "contentId": "Corelight_CL",
                              "kind": "DataType"
                            }
                          ]
                        }
                      }
                    }
                  ]
                }
              }
            }
          ]
        },
        "contentId": "d804b39c-03a4-417c-a949-bdbf21fa3305",
        "dependencies": {
          "operator": "AND",
          "criteria": [
            {
              "contentId": "d804b39c-03a4-417c-a949-bdbf21fa3305",
              "kind": "AnalyticsRule"
            }
          ]
        },
        "description": "'This detection look for IoCs shared by Microsoft relating to attacks exploiting the Exchange Server vulnerabilities disclosed in March 2021. It looks for SHA256 file hashes, IP addresses and file paths in a number of data sources. This query can also be customized with additional data sources that may include these elements.\nRef: https://msrc-blog.microsoft.com/2021/03/02/multiple-security-updates-released-for-exchange-server/'\n",
        "displayName": "Exchange Server Vulnerabilities Disclosed March 2021 IoC Match",
        "source": {
          "kind": "Community"
        },
        "threatAnalysisTactics": [
          "InitialAccess"
        ],
        "threatAnalyticsTechniques": [
          "T1190"
        ],
        "version": "1.7.2"
      },
      "name": "[concat(parameters('workspace'),'/Microsoft.SecurityInsights/', 'd804b39c-03a4-417c-a949-bdbf21fa3305')]"
    }
  ]
}