{
  "$schema": "https://schema.management.azure.com/schemas/2019-04-01/deploymentTemplate.json#",
  "parameters": {
    "location": {
      "type": "string",
      "minLength": 1,
      "defaultValue": "[resourceGroup().location]",
      "metadata": {
        "description": "Not used, but needed to pass arm-ttk test `Location-Should-Not-Be-Hardcoded`.  We instead use the `workspace-location` which is derived from the LA workspace"
      }
    },
    "workspace-location": {
      "type": "string",
      "defaultValue": "",
      "metadata": {
        "description": "[concat('Region to deploy solution resources -- separate from location selection',parameters('location'))]"
      }
    },
    "workspace": {
      "defaultValue": "",
      "type": "string",
      "metadata": {
        "description": "Workspace name for Log Analytics where Microsoft Sentinel is setup"
      }
    }
  },
  "variables": {},
  "resources": [
    {
      "type": "Microsoft.OperationalInsights/workspaces/providers/packages",
      "location": "[parameters('workspace-location')]",
      "apiVersion": "2022-08-01",
      "properties": {
        "packageKind": "Standalone",
        "packageItems": {
          "resources": [
            {
              "type": "Microsoft.OperationalInsights/workspaces/providers/contentTemplates",
              "name": "[concat(parameters('workspace'),'/Microsoft.SecurityInsights/', '5239248b-abfb-4c6a-8177-b104ade5db56')]",
              "location": "[parameters('workspace-location')]",
              "apiVersion": "2022-08-01",
              "properties": {
                "contentId": "5239248b-abfb-4c6a-8177-b104ade5db56",
                "displayName": "Azure VM Run Command operations executing a unique PowerShell script",
                "contentKind": "AnalyticsRule",
                "mainTemplate": {
                  "$schema": "https://schema.management.azure.com/schemas/2019-04-01/deploymentTemplate.json#",
                  "contentVersion": "1.0.3",
                  "resources": [
                    {
                      "type": "Microsoft.OperationalInsights/workspaces/providers/alertRules",
                      "apiVersion": "2022-04-01-preview",
                      "name": "[concat(parameters('workspace'),'/Microsoft.SecurityInsights/', '' )]",
                      "kind": "Scheduled",
                      "location": "[parameters('workspace-location')]",
                      "properties": {
                        "description": "Identifies when Azure Run command is used to execute a PowerShell script on a VM that is unique.\nThe uniqueness of the PowerShell script is determined by taking a combined hash of the cmdLets it imports\nand the file size of the PowerShell script. Alerts from this detection indicate a unique PowerShell was executed\nin your environment.",
                        "displayName": "Azure VM Run Command operations executing a unique PowerShell script",
                        "enabled": false,
                        "query": "let RunCommandData = materialize ( AzureActivity\n// Isolate run command actions\n| where OperationNameValue == \"MICROSOFT.COMPUTE/VIRTUALMACHINES/RUNCOMMAND/ACTION\"\n// Confirm that the operation impacted a virtual machine\n| where Authorization has \"virtualMachines\"\n// Each runcommand operation consists of three events when successful, StartTimeed, Accepted (or Rejected), Successful (or Failed).\n| summarize StartTime=min(TimeGenerated), EndTime=max(TimeGenerated), max(CallerIpAddress), make_list(ActivityStatusValue) by CorrelationId, Authorization, Caller\n// Limit to Run Command executions that Succeeded\n| where list_ActivityStatusValue has \"Success\"\n// Extract data from the Authorization field, allowing us to later extract the Caller (UPN) and CallerIpAddress\n| extend Authorization_d = parse_json(Authorization)\n| extend Scope = Authorization_d.scope\n| extend Scope_s = split(Scope, \"/\")\n| extend Subscription = tostring(Scope_s[2])\n| extend VirtualMachineName = tostring(Scope_s[-1])\n| project StartTime, EndTime, Subscription, VirtualMachineName, CorrelationId, Caller, CallerIpAddress=max_CallerIpAddress\n| join kind=leftouter (\n    DeviceFileEvents\n    | where InitiatingProcessFileName == \"RunCommandExtension.exe\"\n    | extend VirtualMachineName = tostring(split(DeviceName, \".\")[0])\n    | project VirtualMachineName, PowershellFileCreatedTimestamp=TimeGenerated, FileName, FileSize, InitiatingProcessAccountName, InitiatingProcessAccountDomain, InitiatingProcessFolderPath, InitiatingProcessId\n) on VirtualMachineName\n// We need to filter by time sadly, this is the only way to link events\n| where PowershellFileCreatedTimestamp between (StartTime .. EndTime)\n| project StartTime, EndTime, PowershellFileCreatedTimestamp, VirtualMachineName, Caller, CallerIpAddress, FileName, FileSize, InitiatingProcessId, InitiatingProcessAccountDomain, InitiatingProcessFolderPath\n| join kind=inner(\n    DeviceEvents\n    | extend VirtualMachineName = tostring(split(DeviceName, \".\")[0])\n    | where InitiatingProcessCommandLine has \"-File\"\n    // Extract the script name based on the structure used by the RunCommand extension\n    | extend PowershellFileName = extract(@\"\\-File\\s(script[0-9]{1,9}\\.ps1)\", 1, InitiatingProcessCommandLine)\n    // Discard results that didn't successfully extract, these are not run command related\n    | where isnotempty(PowershellFileName)\n    | extend PSCommand = tostring(parse_json(AdditionalFields).Command)\n    // The first execution of PowerShell will be the RunCommand script itself, we can discard this as it will break our hash later\n    | where PSCommand != PowershellFileName \n    // Now we normalise the cmdlets, we're aiming to hash them to find scripts using rare combinations\n    | extend PSCommand = toupper(PSCommand)\n    | order by PSCommand asc\n    | summarize PowershellExecStartTime=min(TimeGenerated), PowershellExecEnd=max(TimeGenerated), make_list(PSCommand) by PowershellFileName, InitiatingProcessCommandLine\n) on $left.FileName == $right.PowershellFileName\n| project StartTime, EndTime, PowershellFileCreatedTimestamp, PowershellExecStartTime, PowershellExecEnd, PowershellFileName, PowershellScriptCommands=list_PSCommand, Caller, CallerIpAddress, InitiatingProcessCommandLine, PowershellFileSize=FileSize, VirtualMachineName\n| order by StartTime asc \n// We generate the hash based on the cmdlets called and the size of the powershell script\n| extend TempFingerprintString = strcat(PowershellScriptCommands, PowershellFileSize)\n| extend ScriptFingerprintHash = hash_sha256(tostring(PowershellScriptCommands)));\nlet totals = toscalar (RunCommandData\n| summarize count());\nlet hashTotals = RunCommandData\n| summarize HashCount=count() by ScriptFingerprintHash;\nRunCommandData\n| join kind=leftouter (\nhashTotals\n) on ScriptFingerprintHash\n// Calculate prevalence, while we don't need this, it may be useful for responders to know how rare this script is in relation to normal activity\n| extend Prevalence = toreal(HashCount) / toreal(totals) * 100\n// Where the hash was only ever seen once.\n| where HashCount == 1\n| extend timestamp = StartTime, IPCustomEntity=CallerIpAddress, AccountCustomEntity=Caller, HostCustomEntity=VirtualMachineName\n| project timestamp, StartTime, EndTime, PowershellFileName, VirtualMachineName, Caller, CallerIpAddress, PowershellScriptCommands, PowershellFileSize, ScriptFingerprintHash, Prevalence, IPCustomEntity, AccountCustomEntity, HostCustomEntity\n",
                        "queryFrequency": "P1D",
                        "queryPeriod": "P1D",
                        "severity": "Medium",
                        "suppressionDuration": "PT1H",
                        "suppressionEnabled": false,
                        "triggerOperator": "GreaterThan",
                        "triggerThreshold": 0,
                        "tactics": [
                          "LateralMovement",
                          "Execution"
                        ],
                        "entityMappings": [
                          {
                            "entityType": "Account",
                            "fieldMappings": [
                              {
                                "columnName": "AccountCustomEntity",
                                "identifier": "FullName"
                              }
                            ]
                          },
                          {
                            "entityType": "IP",
                            "fieldMappings": [
                              {
                                "columnName": "IPCustomEntity",
                                "identifier": "Address"
                              }
                            ]
                          },
                          {
                            "entityType": "Host",
                            "fieldMappings": [
                              {
                                "columnName": "HostCustomEntity",
                                "identifier": "HostName"
                              }
                            ]
                          }
                        ]
                      }
                    },
                    {
                      "type": "Microsoft.OperationalInsights/workspaces/providers/metadata",
                      "apiVersion": "2021-03-01-preview",
                      "name": "[concat(parameters('workspace'),'/Microsoft.SecurityInsights/', '')]",
                      "properties": {
                        "description": "'Identifies when Azure Run command is used to execute a PowerShell script on a VM that is unique.\nThe uniqueness of the PowerShell script is determined by taking a combined hash of the cmdLets it imports\nand the file size of the PowerShell script. Alerts from this detection indicate a unique PowerShell was executed\nin your environment.'\n",
                        "version": "1.0.3",
                        "source": {
                          "kind": "Community"
                        },
                        "threatAnalysisTactics": [
                          "LateralMovement",
                          "Execution"
                        ],
                        "threatAnalyticsTechniques": [
                          "T1570",
                          "T1059.001"
                        ],
                        "contentId": "5239248b-abfb-4c6a-8177-b104ade5db56",
                        "parentId": "5239248b-abfb-4c6a-8177-b104ade5db56",
                        "kind": "AnalyticsRule",
                        "dependencies": {
                          "operator": "AND",
                          "criteria": [
                            {
                              "contentId": "AzureActivity",
                              "kind": "DataType"
                            },
                            {
                              "contentId": "DeviceFileEvents",
                              "kind": "DataType"
                            },
                            {
                              "contentId": "DeviceEvents",
                              "kind": "DataType"
                            }
                          ]
                        }
                      }
                    }
                  ]
                }
              }
            }
          ]
        },
        "dependencies": {
          "operator": "AND",
          "criteria": [
            {
              "contentId": "5239248b-abfb-4c6a-8177-b104ade5db56",
              "kind": "AnalyticsRule"
            }
          ]
        },
        "description": "'Identifies when Azure Run command is used to execute a PowerShell script on a VM that is unique.\nThe uniqueness of the PowerShell script is determined by taking a combined hash of the cmdLets it imports\nand the file size of the PowerShell script. Alerts from this detection indicate a unique PowerShell was executed\nin your environment.'\n",
        "displayName": "Azure VM Run Command operations executing a unique PowerShell script",
        "packageId": "5239248b-abfb-4c6a-8177-b104ade5db56",
        "source": {
          "kind": "Community"
        },
        "threatAnalysisTactics": [
          "LateralMovement",
          "Execution"
        ],
        "threatAnalyticsTechniques": [
          "T1570",
          "T1059.001"
        ],
        "version": "1.0.3"
      },
      "name": "[concat(parameters('workspace'),'/Microsoft.SecurityInsights/', '5239248b-abfb-4c6a-8177-b104ade5db56')]"
    }
  ]
}