{
  "$schema": "https://schema.management.azure.com/schemas/2019-04-01/deploymentTemplate.json#",
  "contentVersion": "1.0.0.0",
  "parameters": {
    "location": {
      "type": "string",
      "minLength": 1,
      "defaultValue": "[resourceGroup().location]",
      "metadata": {
        "description": "Not used, but needed to pass arm-ttk test `Location-Should-Not-Be-Hardcoded`.  We instead use the `workspace-location` which is derived from the LA workspace"
      }
    },
    "workspace-location": {
      "type": "string",
      "defaultValue": "",
      "metadata": {
        "description": "[concat('Region to deploy solution resources -- separate from location selection',parameters('location'))]"
      }
    },
    "workspace": {
      "defaultValue": "",
      "type": "string",
      "metadata": {
        "description": "Workspace name for Log Analytics where Microsoft Sentinel is setup"
      }
    }
  },
  "variables": {},
  "resources": [
    {
      "type": "Microsoft.OperationalInsights/workspaces/providers/packages",
      "location": "[parameters('workspace-location')]",
      "apiVersion": "2022-08-01",
      "properties": {
        "packageKind": "Standalone",
        "packageItems": {
          "resources": [
            {
              "type": "Microsoft.OperationalInsights/workspaces/providers/contentTemplates",
              "name": "[concat(parameters('workspace'),'/Microsoft.SecurityInsights/', '8c8de3fa-6425-4623-9cd9-45de1dd0569a')]",
              "location": "[parameters('workspace-location')]",
              "apiVersion": "2022-08-01",
              "properties": {
                "contentId": "8c8de3fa-6425-4623-9cd9-45de1dd0569a",
                "displayName": "Cisco Umbrella - Rare User Agent Detected",
                "contentKind": "AnalyticsRule",
                "mainTemplate": {
                  "$schema": "https://schema.management.azure.com/schemas/2019-04-01/deploymentTemplate.json#",
                  "contentVersion": "1.1.0",
                  "resources": [
                    {
                      "type": "Microsoft.OperationalInsights/workspaces/providers/alertRules",
                      "apiVersion": "2022-04-01-preview",
                      "name": "8c8de3fa-6425-4623-9cd9-45de1dd0569a",
                      "kind": "Scheduled",
                      "location": "[parameters('workspace-location')]",
                      "properties": {
                        "description": "Rule helps to detect a rare user-agents indicating web browsing activity by an unusual process other than a web browser.",
                        "displayName": "Cisco Umbrella - Rare User Agent Detected",
                        "enabled": false,
                        "query": "let lookBack = 14d;\nlet timeframe = 1d;\nlet user_agents_list = Cisco_Umbrella\n| where EventType == \"proxylogs\"\n| where TimeGenerated > ago(lookBack) and TimeGenerated < ago(timeframe)\n| summarize count() by HttpUserAgentOriginal\n| summarize make_list(HttpUserAgentOriginal);\nCisco_Umbrella\n| where EventType == \"proxylogs\"\n| where TimeGenerated > ago(timeframe)\n| where HttpUserAgentOriginal !in (user_agents_list)\n| extend Message = \"Rare User Agent\"\n| project Message, SrcIpAddr, DstIpAddr, UrlOriginal, TimeGenerated, HttpUserAgentOriginal\n| extend IpCustomEntity = SrcIpAddr, UrlCustomEntity = UrlOriginal\n",
                        "queryFrequency": "P1D",
                        "queryPeriod": "P14D",
                        "severity": "Medium",
                        "suppressionDuration": "PT1H",
                        "suppressionEnabled": false,
                        "triggerOperator": "GreaterThan",
                        "triggerThreshold": 0,
                        "tactics": [
                          "CommandAndControl"
                        ],
                        "entityMappings": [
                          {
                            "entityType": "URL",
                            "fieldMappings": [
                              {
                                "columnName": "UrlCustomEntity",
                                "identifier": "Url"
                              }
                            ]
                          },
                          {
                            "entityType": "IP",
                            "fieldMappings": [
                              {
                                "columnName": "IPCustomEntity",
                                "identifier": "Address"
                              }
                            ]
                          }
                        ]
                      }
                    },
                    {
                      "type": "Microsoft.OperationalInsights/workspaces/providers/metadata",
                      "apiVersion": "2021-03-01-preview",
                      "properties": {
                        "description": "'Rule helps to detect a rare user-agents indicating web browsing activity by an unusual process other than a web browser.'\n",
                        "version": "1.1.0",
                        "author": {
                          "name": "Community"
                        },
                        "support": {
                          "name": "Community",
                          "link": "https://github.com/Azure/Azure-Sentinel/issues",
                          "tier": "Community"
                        },
                        "source": {
                          "kind": "Community",
                          "name": "Standalone"
                        },
                        "threatAnalysisTactics": [
                          "CommandAndControl"
                        ],
                        "contentId": "8c8de3fa-6425-4623-9cd9-45de1dd0569a",
                        "parentId": "8c8de3fa-6425-4623-9cd9-45de1dd0569a",
                        "kind": "AnalyticsRule",
                        "dependencies": {
                          "operator": "AND",
                          "criteria": [
                            {
                              "contentId": "Cisco_Umbrella_proxy_CL",
                              "kind": "DataType"
                            }
                          ]
                        }
                      }
                    }
                  ]
                }
              }
            }
          ]
        },
        "author": {
          "name": "Community"
        },
        "dependencies": {
          "operator": "AND",
          "criteria": [
            {
              "contentId": "8c8de3fa-6425-4623-9cd9-45de1dd0569a",
              "kind": "AnalyticsRule"
            }
          ]
        },
        "description": "'Rule helps to detect a rare user-agents indicating web browsing activity by an unusual process other than a web browser.'\n",
        "displayName": "Cisco Umbrella - Rare User Agent Detected",
        "packageId": "8c8de3fa-6425-4623-9cd9-45de1dd0569a",
        "source": {
          "kind": "Community",
          "name": "Standalone"
        },
        "support": {
          "name": "Community",
          "link": "https://github.com/Azure/Azure-Sentinel/issues",
          "tier": "Community"
        },
        "threatAnalysisTactics": [
          "CommandAndControl"
        ],
        "version": "1.1.0"
      },
      "name": "[concat(parameters('workspace'),'/Microsoft.SecurityInsights/', '8c8de3fa-6425-4623-9cd9-45de1dd0569a')]"
    }
  ]
}