{
  "$schema": "https://schema.management.azure.com/schemas/2019-04-01/deploymentTemplate.json#",
  "contentVersion": "1.0.0.0",
  "parameters": {
    "location": {
      "type": "string",
      "minLength": 1,
      "defaultValue": "[resourceGroup().location]",
      "metadata": {
        "description": "Not used, but needed to pass arm-ttk test `Location-Should-Not-Be-Hardcoded`.  We instead use the `workspace-location` which is derived from the LA workspace"
      }
    },
    "workspace-location": {
      "type": "string",
      "defaultValue": "",
      "metadata": {
        "description": "[concat('Region to deploy solution resources -- separate from location selection',parameters('location'))]"
      }
    },
    "workspace": {
      "defaultValue": "",
      "type": "string",
      "metadata": {
        "description": "Workspace name for Log Analytics where Microsoft Sentinel is setup"
      }
    }
  },
  "variables": {},
  "resources": [
    {
      "type": "Microsoft.OperationalInsights/workspaces/providers/packages",
      "location": "[parameters('workspace-location')]",
      "apiVersion": "2022-08-01",
      "properties": {
        "packageKind": "Standalone",
        "packageItems": {
          "resources": [
            {
              "type": "Microsoft.OperationalInsights/workspaces/providers/contentTemplates",
              "name": "[concat(parameters('workspace'),'/Microsoft.SecurityInsights/', '06a9b845-6a95-4432-a78b-83919b28c375')]",
              "location": "[parameters('workspace-location')]",
              "apiVersion": "2022-08-01",
              "properties": {
                "contentId": "06a9b845-6a95-4432-a78b-83919b28c375",
                "displayName": "Time series anomaly detection for total volume of traffic",
                "contentKind": "AnalyticsRule",
                "mainTemplate": {
                  "$schema": "https://schema.management.azure.com/schemas/2019-04-01/deploymentTemplate.json#",
                  "contentVersion": "1.0.1",
                  "resources": [
                    {
                      "type": "Microsoft.OperationalInsights/workspaces/providers/alertRules",
                      "apiVersion": "2022-04-01-preview",
                      "name": "06a9b845-6a95-4432-a78b-83919b28c375",
                      "kind": "Scheduled",
                      "location": "[parameters('workspace-location')]",
                      "properties": {
                        "description": "Identifies anamalous spikes in network traffic logs as compared to baseline or normal historical patterns.\nThe query leverages a KQL built-in anomaly detection algorithm to find large deviations from baseline patterns.\nSudden increases in network traffic volume may be an indication of data exfiltration attempts and should be investigated.\nThe higher the score, the further it is from the baseline value.\nThe output is aggregated to provide summary view of unique source IP to destination IP address and port traffic observed in the flagged anomaly hour.\nThe source IP addresses which were sending less than percentotalthreshold of the total traffic have been exluded whose value can be adjusted as needed .\nYou may have to run queries for individual source IP addresses from SourceIPlist to determine if anything looks suspicious",
                        "displayName": "Time series anomaly detection for total volume of traffic",
                        "enabled": false,
                        "query": "\nlet starttime = 14d;\nlet endtime = 1d;\nlet timeframe = 1h;\nlet scorethreshold = 5;\nlet percentotalthreshold = 50;\nlet TimeSeriesData = CommonSecurityLog\n| where isnotempty(DestinationIP) and isnotempty(SourceIP)\n| where TimeGenerated between (startofday(ago(starttime))..startofday(ago(endtime)))\n| project TimeGenerated,SourceIP, DestinationIP, DeviceVendor\n| make-series Total=count() on TimeGenerated from startofday(ago(starttime)) to startofday(ago(endtime)) step timeframe by DeviceVendor;\n// Filtering specific records associated with spikes as outliers\nlet TimeSeriesAlerts=materialize(TimeSeriesData\n| extend (anomalies, score, baseline) = series_decompose_anomalies(Total, scorethreshold, -1, 'linefit')\n| mv-expand Total to typeof(double), TimeGenerated to typeof(datetime), anomalies to typeof(double),score to typeof(double), baseline to typeof(long)\n| where anomalies > 0 | extend score = round(score,2), AnomalyHour = TimeGenerated\n| project DeviceVendor,AnomalyHour, TimeGenerated, Total, baseline, anomalies, score);\nlet AnomalyHours = materialize(TimeSeriesAlerts  | where TimeGenerated > ago(2d) | project TimeGenerated);\n// Join anomalies with Base Data to popalate associated records for investigation - Results sorted by score in descending order\nTimeSeriesAlerts\n| where TimeGenerated > ago(2d)\n| join (\n    CommonSecurityLog\n| where isnotempty(DestinationIP) and isnotempty(SourceIP)\n| where TimeGenerated > ago(2d)\n| extend DateHour = bin(TimeGenerated, 1h) // create a new column and round to hour\n| where DateHour in ((AnomalyHours)) //filter the dataset to only selected anomaly hours\n| summarize HourlyCount = count(), TimeGeneratedMax = arg_max(TimeGenerated, *), DestinationIPlist = make_set(DestinationIP, 100), DestinationPortlist = make_set(DestinationPort, 100) by DeviceVendor, SourceIP, TimeGeneratedHour= bin(TimeGenerated, 1h)\n| extend AnomalyHour = TimeGeneratedHour\n) on AnomalyHour, DeviceVendor\n| extend PercentTotal = round((HourlyCount / Total) * 100, 3)\n| where PercentTotal > percentotalthreshold\n| project DeviceVendor , AnomalyHour, TimeGeneratedMax, SourceIP, DestinationIPlist, DestinationPortlist, HourlyCount, PercentTotal, Total, baseline, score, anomalies\n| summarize HourlyCount=sum(HourlyCount), StartTimeUtc=min(TimeGeneratedMax), EndTimeUtc=max(TimeGeneratedMax), SourceIPlist = make_set(SourceIP, 100), SourceIPMax= arg_max(SourceIP, *), DestinationIPlist = make_set(DestinationIPlist, 100), DestinationPortlist = make_set(DestinationPortlist, 100) by DeviceVendor , AnomalyHour, Total, baseline, score, anomalies\n| project DeviceVendor , AnomalyHour, EndTimeUtc, SourceIPMax ,SourceIPlist, DestinationIPlist, DestinationPortlist, HourlyCount, Total, baseline, score, anomalies\n| extend timestamp= EndTimeUtc , IPCustomEntity = SourceIPMax\n",
                        "queryFrequency": "P1D",
                        "queryPeriod": "P14D",
                        "severity": "Medium",
                        "status": "Available",
                        "suppressionDuration": "PT1H",
                        "suppressionEnabled": false,
                        "triggerOperator": "GreaterThan",
                        "triggerThreshold": 3,
                        "tactics": [
                          "Exfiltration"
                        ],
                        "techniques": [
                          "T1030"
                        ],
                        "entityMappings": [
                          {
                            "entityType": "IP",
                            "fieldMappings": [
                              {
                                "columnName": "IPCustomEntity",
                                "identifier": "Address"
                              }
                            ]
                          }
                        ],
                        "requiredDataConnectors": [
                          {
                            "connectorId": "Barracuda",
                            "dataTypes": [
                              "CommonSecurityLog"
                            ]
                          },
                          {
                            "connectorId": "CEF",
                            "dataTypes": [
                              "CommonSecurityLog"
                            ]
                          },
                          {
                            "connectorId": "CheckPoint",
                            "dataTypes": [
                              "CommonSecurityLog"
                            ]
                          },
                          {
                            "connectorId": "CiscoASA",
                            "dataTypes": [
                              "CommonSecurityLog"
                            ]
                          },
                          {
                            "connectorId": "F5",
                            "dataTypes": [
                              "CommonSecurityLog"
                            ]
                          },
                          {
                            "connectorId": "Fortinet",
                            "dataTypes": [
                              "CommonSecurityLog"
                            ]
                          },
                          {
                            "connectorId": "PaloAltoNetworks",
                            "dataTypes": [
                              "CommonSecurityLog"
                            ]
                          }
                        ]
                      }
                    },
                    {
                      "type": "Microsoft.OperationalInsights/workspaces/providers/metadata",
                      "apiVersion": "2021-03-01-preview",
                      "properties": {
                        "description": "Identifies anamalous spikes in network traffic logs as compared to baseline or normal historical patterns.\nThe query leverages a KQL built-in anomaly detection algorithm to find large deviations from baseline patterns.\nSudden increases in network traffic volume may be an indication of data exfiltration attempts and should be investigated.\nThe higher the score, the further it is from the baseline value.\nThe output is aggregated to provide summary view of unique source IP to destination IP address and port traffic observed in the flagged anomaly hour.\nThe source IP addresses which were sending less than percentotalthreshold of the total traffic have been exluded whose value can be adjusted as needed .\nYou may have to run queries for individual source IP addresses from SourceIPlist to determine if anything looks suspicious",
                        "version": "1.0.1",
                        "author": {
                          "name": "Ashwin Patil"
                        },
                        "support": {
                          "tier": "Community",
                          "name": "Community",
                          "link": "https://github.com/Azure/Azure-Sentinel/issues"
                        },
                        "source": {
                          "kind": "Community",
                          "name": "Standalone"
                        },
                        "threatAnalysisTactics": [
                          "Exfiltration"
                        ],
                        "threatAnalyticsTechniques": [
                          "T1030"
                        ],
                        "contentId": "06a9b845-6a95-4432-a78b-83919b28c375",
                        "parentId": "06a9b845-6a95-4432-a78b-83919b28c375",
                        "kind": "AnalyticsRule",
                        "dependencies": {
                          "operator": "AND",
                          "criteria": [
                            {
                              "contentId": "CommonSecurityLog",
                              "kind": "DataType"
                            },
                            {
                              "contentId": "CommonSecurityLog",
                              "kind": "DataType"
                            },
                            {
                              "contentId": "CommonSecurityLog",
                              "kind": "DataType"
                            },
                            {
                              "contentId": "CommonSecurityLog",
                              "kind": "DataType"
                            },
                            {
                              "contentId": "CommonSecurityLog",
                              "kind": "DataType"
                            },
                            {
                              "contentId": "CommonSecurityLog",
                              "kind": "DataType"
                            },
                            {
                              "contentId": "CommonSecurityLog",
                              "kind": "DataType"
                            }
                          ]
                        }
                      }
                    }
                  ]
                }
              }
            }
          ]
        },
        "author": {
          "name": "Ashwin Patil"
        },
        "categories": {
          "domains": [
            "Security - Others"
          ]
        },
        "dependencies": {
          "operator": "AND",
          "criteria": [
            {
              "contentId": "06a9b845-6a95-4432-a78b-83919b28c375",
              "kind": "AnalyticsRule"
            }
          ]
        },
        "description": "Identifies anamalous spikes in network traffic logs as compared to baseline or normal historical patterns.\nThe query leverages a KQL built-in anomaly detection algorithm to find large deviations from baseline patterns.\nSudden increases in network traffic volume may be an indication of data exfiltration attempts and should be investigated.\nThe higher the score, the further it is from the baseline value.\nThe output is aggregated to provide summary view of unique source IP to destination IP address and port traffic observed in the flagged anomaly hour.\nThe source IP addresses which were sending less than percentotalthreshold of the total traffic have been exluded whose value can be adjusted as needed .\nYou may have to run queries for individual source IP addresses from SourceIPlist to determine if anything looks suspicious",
        "displayName": "Time series anomaly detection for total volume of traffic",
        "packageId": "06a9b845-6a95-4432-a78b-83919b28c375",
        "source": {
          "kind": "Community",
          "name": "Standalone"
        },
        "support": {
          "tier": "Community",
          "name": "Community",
          "link": "https://github.com/Azure/Azure-Sentinel/issues"
        },
        "threatAnalysisTactics": [
          "Exfiltration"
        ],
        "threatAnalyticsTechniques": [
          "T1030"
        ],
        "version": "1.0.1"
      },
      "name": "[concat(parameters('workspace'),'/Microsoft.SecurityInsights/', '06a9b845-6a95-4432-a78b-83919b28c375')]"
    }
  ]
}