{
  "$schema": "https://schema.management.azure.com/schemas/2019-04-01/deploymentTemplate.json#",
  "parameters": {
    "location": {
      "type": "string",
      "minLength": 1,
      "defaultValue": "[resourceGroup().location]",
      "metadata": {
        "description": "Not used, but needed to pass arm-ttk test `Location-Should-Not-Be-Hardcoded`.  We instead use the `workspace-location` which is derived from the LA workspace"
      }
    },
    "workspace-location": {
      "type": "string",
      "defaultValue": "",
      "metadata": {
        "description": "[concat('Region to deploy solution resources -- separate from location selection',parameters('location'))]"
      }
    },
    "workspace": {
      "defaultValue": "",
      "type": "string",
      "metadata": {
        "description": "Workspace name for Log Analytics where Microsoft Sentinel is setup"
      }
    }
  },
  "variables": {},
  "resources": [
    {
      "type": "Microsoft.OperationalInsights/workspaces/providers/packages",
      "location": "[parameters('workspace-location')]",
      "apiVersion": "2022-08-01",
      "properties": {
        "packageKind": "Standalone",
        "packageItems": {
          "resources": [
            {
              "type": "Microsoft.OperationalInsights/workspaces/providers/contentTemplates",
              "name": "[concat(parameters('workspace'),'/Microsoft.SecurityInsights/', '75bf9902-0789-47c1-a5d8-f57046aa72df')]",
              "location": "[parameters('workspace-location')]",
              "apiVersion": "2022-08-01",
              "properties": {
                "contentId": "75bf9902-0789-47c1-a5d8-f57046aa72df",
                "displayName": "Malware in the recycle bin",
                "contentKind": "AnalyticsRule",
                "mainTemplate": {
                  "$schema": "https://schema.management.azure.com/schemas/2019-04-01/deploymentTemplate.json#",
                  "contentVersion": "1.1.1",
                  "resources": [
                    {
                      "type": "Microsoft.OperationalInsights/workspaces/providers/alertRules",
                      "apiVersion": "2022-04-01-preview",
                      "name": "[concat(parameters('workspace'),'/Microsoft.SecurityInsights/', '' )]",
                      "kind": "Scheduled",
                      "location": "[parameters('workspace-location')]",
                      "properties": {
                        "description": "The query detects Windows binaries, that can be used for executing malware, that have been hidden in the recycle bin. \n The list of these binaries are sourced from https://lolbas-project.github.io/\n References: https://azure.microsoft.com/blog/how-azure-security-center-helps-reveal-a-cyberattack/.",
                        "displayName": "Malware in the recycle bin",
                        "enabled": false,
                        "query": "let procList = externaldata(Process:string) [@\"https://raw.githubusercontent.com/Azure/Azure-Sentinel/master/Sample%20Data/Microsoft_Lolbas_Execution_Binaries.csv\"] with (format=\"csv\", ignoreFirstRecord=True);\nlet ProcessCreationEvents=() {\nlet processEvents=(union isfuzzy=true\n(SecurityEvent\n| where EventID==4688\n| where isnotempty(CommandLine)\n| project TimeGenerated, Computer, Account = SubjectUserName, AccountDomain = SubjectDomainName, NewProcessName,\nFileName = Process, CommandLine,  ParentProcessName\n),\n(WindowsEvent\n| where EventID==4688 and EventData has_any (procList) and EventData has \":\\\\recycler\"\n| extend CommandLine = tostring(EventData.CommandLine)\n| where isnotempty(CommandLine)\n| extend SubjectUserName = tostring(EventData.SubjectUserName)\n| extend SubjectDomainName = tostring(EventData.SubjectDomainName) \n| extend NewProcessName = tostring(EventData.NewProcessName)  \n| extend ParentProcessName = tostring(EventData.ParentProcessName)\n| extend Process=tostring(split(NewProcessName, '\\\\')[-1])\n| project TimeGenerated, Computer, Account = SubjectUserName, AccountDomain = SubjectDomainName, NewProcessName,\nFileName = Process, CommandLine,  ParentProcessName\n));\nprocessEvents};\nProcessCreationEvents \n| where FileName in~ (procList)\n| where CommandLine contains \":\\\\recycler\"\n| project StartTimeUtc = TimeGenerated, Computer, Account, NewProcessName, FileName, CommandLine, ParentProcessName\n| extend timestamp = StartTimeUtc, AccountCustomEntity = Account, HostCustomEntity = Computer\n",
                        "queryFrequency": "P1D",
                        "queryPeriod": "P1D",
                        "severity": "Medium",
                        "suppressionDuration": "PT1H",
                        "suppressionEnabled": false,
                        "triggerOperator": "GreaterThan",
                        "triggerThreshold": 0,
                        "tactics": [
                          "DefenseEvasion"
                        ],
                        "entityMappings": [
                          {
                            "entityType": "Account",
                            "fieldMappings": [
                              {
                                "columnName": "AccountCustomEntity",
                                "identifier": "FullName"
                              }
                            ]
                          },
                          {
                            "entityType": "Host",
                            "fieldMappings": [
                              {
                                "columnName": "HostCustomEntity",
                                "identifier": "FullName"
                              }
                            ]
                          }
                        ]
                      }
                    },
                    {
                      "type": "Microsoft.OperationalInsights/workspaces/providers/metadata",
                      "apiVersion": "2021-03-01-preview",
                      "name": "[concat(parameters('workspace'),'/Microsoft.SecurityInsights/', '')]",
                      "properties": {
                        "description": "'The query detects Windows binaries, that can be used for executing malware, that have been hidden in the recycle bin. \n The list of these binaries are sourced from https://lolbas-project.github.io/\n References: https://azure.microsoft.com/blog/how-azure-security-center-helps-reveal-a-cyberattack/.'\n",
                        "contentId": "75bf9902-0789-47c1-a5d8-f57046aa72df",
                        "version": "1.1.1",
                        "source": {
                          "kind": "Community"
                        },
                        "threatAnalysisTactics": [
                          "DefenseEvasion"
                        ],
                        "parentId": "75bf9902-0789-47c1-a5d8-f57046aa72df",
                        "kind": "AnalyticsRule",
                        "dependencies": {
                          "operator": "AND",
                          "criteria": [
                            {
                              "contentId": "SecurityEvent",
                              "kind": "DataType"
                            },
                            {
                              "contentId": "SecurityEvent",
                              "kind": "DataType"
                            },
                            {
                              "contentId": "SecurityEvents",
                              "kind": "DataType"
                            },
                            {
                              "contentId": "WindowsEvent",
                              "kind": "DataType"
                            }
                          ]
                        }
                      }
                    }
                  ]
                }
              }
            }
          ]
        },
        "contentId": "75bf9902-0789-47c1-a5d8-f57046aa72df",
        "dependencies": {
          "operator": "AND",
          "criteria": [
            {
              "contentId": "75bf9902-0789-47c1-a5d8-f57046aa72df",
              "kind": "AnalyticsRule"
            }
          ]
        },
        "description": "'The query detects Windows binaries, that can be used for executing malware, that have been hidden in the recycle bin. \n The list of these binaries are sourced from https://lolbas-project.github.io/\n References: https://azure.microsoft.com/blog/how-azure-security-center-helps-reveal-a-cyberattack/.'\n",
        "displayName": "Malware in the recycle bin",
        "source": {
          "kind": "Community"
        },
        "threatAnalysisTactics": [
          "DefenseEvasion"
        ],
        "version": "1.1.1"
      },
      "name": "[concat(parameters('workspace'),'/Microsoft.SecurityInsights/', '75bf9902-0789-47c1-a5d8-f57046aa72df')]"
    }
  ]
}