{
  "$schema": "https://schema.management.azure.com/schemas/2019-04-01/deploymentTemplate.json#",
  "parameters": {
    "location": {
      "type": "string",
      "minLength": 1,
      "defaultValue": "[resourceGroup().location]",
      "metadata": {
        "description": "Not used, but needed to pass arm-ttk test `Location-Should-Not-Be-Hardcoded`.  We instead use the `workspace-location` which is derived from the LA workspace"
      }
    },
    "workspace-location": {
      "type": "string",
      "defaultValue": "",
      "metadata": {
        "description": "[concat('Region to deploy solution resources -- separate from location selection',parameters('location'))]"
      }
    },
    "workspace": {
      "defaultValue": "",
      "type": "string",
      "metadata": {
        "description": "Workspace name for Log Analytics where Microsoft Sentinel is setup"
      }
    }
  },
  "variables": {},
  "resources": [
    {
      "type": "Microsoft.OperationalInsights/workspaces/providers/packages",
      "location": "[parameters('workspace-location')]",
      "apiVersion": "2022-08-01",
      "properties": {
        "packageKind": "Standalone",
        "packageItems": {
          "resources": [
            {
              "type": "Microsoft.OperationalInsights/workspaces/providers/contentTemplates",
              "name": "[concat(parameters('workspace'),'/Microsoft.SecurityInsights/', 'a2e36ce0-da4d-4b6e-88c6-4e40161c5bfc')]",
              "location": "[parameters('workspace-location')]",
              "apiVersion": "2022-08-01",
              "properties": {
                "contentId": "a2e36ce0-da4d-4b6e-88c6-4e40161c5bfc",
                "displayName": "TI map Email entity to SecurityAlert",
                "contentKind": "AnalyticsRule",
                "mainTemplate": {
                  "$schema": "https://schema.management.azure.com/schemas/2019-04-01/deploymentTemplate.json#",
                  "contentVersion": "1.2.2",
                  "resources": [
                    {
                      "type": "Microsoft.OperationalInsights/workspaces/providers/alertRules",
                      "apiVersion": "2022-04-01-preview",
                      "name": "[concat(parameters('workspace'),'/Microsoft.SecurityInsights/', '' )]",
                      "kind": "Scheduled",
                      "location": "[parameters('workspace-location')]",
                      "properties": {
                        "description": "Identifies a match in SecurityAlert table from any Email IOC from TI which will extend coverage to datatypes such as MCAS, StorageThreatProtection and many others",
                        "displayName": "TI map Email entity to SecurityAlert",
                        "enabled": false,
                        "query": "\nlet dt_lookBack = 1h;\nlet ioc_lookBack = 14d;\nlet emailregex = @'^[a-zA-Z0-9_.+-]+@[a-zA-Z0-9-]+\\.[a-zA-Z0-9-.]+$';\nThreatIntelligenceIndicator\n| where TimeGenerated >= ago(ioc_lookBack) and ExpirationDateTime > now()\n| summarize LatestIndicatorTime = arg_max(TimeGenerated, *) by IndicatorId\n| where Active == true\n//Filtering the table for Email related IOCs\n| where isnotempty(EmailSenderAddress)\n// using innerunique to keep perf fast and result set low, we only need one match to indicate potential malicious activity that needs to be investigated\n| join kind=innerunique (\n    SecurityAlert \n    | where TimeGenerated >= ago(dt_lookBack)\n    | extend MSTI = case(AlertName has \"TI map\" and VendorName == \"Microsoft\" and ProductName == 'Azure Sentinel', true, false)\n    | where MSTI == false\n    // Converting Entities into dynamic data type and use mv-expand to unpack the array\n    | extend EntitiesDynamicArray = parse_json(Entities) | mv-expand EntitiesDynamicArray\n    // Parsing relevant entity column to filter type account and creating new column by combining account and UPNSuffix\n    | extend Entitytype = tostring(parse_json(EntitiesDynamicArray).Type), EntityName = tostring(parse_json(EntitiesDynamicArray).Name),\n    EntityUPNSuffix = tostring(parse_json(EntitiesDynamicArray).UPNSuffix)\n    | where Entitytype =~ \"account\"\n    | extend EntityEmail = tolower(strcat(EntityName, \"@\", EntityUPNSuffix))\n    | where EntityEmail matches regex emailregex\n    | extend Alert_TimeGenerated = TimeGenerated\n)\non $left.EmailSenderAddress == $right.EntityEmail\n| where Alert_TimeGenerated < ExpirationDateTime\n| summarize Alert_TimeGenerated = arg_max(Alert_TimeGenerated, *) by IndicatorId, AlertName\n| project Alert_TimeGenerated, Description, ActivityGroupNames, IndicatorId, ThreatType, Url, ExpirationDateTime, ConfidenceScore, \nEmailSenderName, EmailRecipient, EmailSourceDomain, EmailSourceIpAddress, EmailSubject, FileHashValue, FileHashType, EntityEmail, AlertName, AlertType,\nAlertSeverity, Entities, ProviderName, VendorName\n| extend timestamp = Alert_TimeGenerated, AccountCustomEntity = EntityEmail, URLCustomEntity = Url\n",
                        "queryFrequency": "PT1H",
                        "queryPeriod": "P14D",
                        "severity": "Medium",
                        "suppressionDuration": "PT1H",
                        "suppressionEnabled": false,
                        "triggerOperator": "GreaterThan",
                        "triggerThreshold": 0,
                        "tactics": [
                          "Impact"
                        ],
                        "entityMappings": [
                          {
                            "entityType": "Account",
                            "fieldMappings": [
                              {
                                "columnName": "AccountCustomEntity",
                                "identifier": "FullName"
                              }
                            ]
                          },
                          {
                            "entityType": "URL",
                            "fieldMappings": [
                              {
                                "columnName": "URLCustomEntity",
                                "identifier": "Url"
                              }
                            ]
                          }
                        ]
                      }
                    },
                    {
                      "type": "Microsoft.OperationalInsights/workspaces/providers/metadata",
                      "apiVersion": "2021-03-01-preview",
                      "name": "[concat(parameters('workspace'),'/Microsoft.SecurityInsights/', '')]",
                      "properties": {
                        "description": "'Identifies a match in SecurityAlert table from any Email IOC from TI which will extend coverage to datatypes such as MCAS, StorageThreatProtection and many others'\n",
                        "contentId": "a2e36ce0-da4d-4b6e-88c6-4e40161c5bfc",
                        "version": "1.2.2",
                        "source": {
                          "kind": "Community"
                        },
                        "threatAnalysisTactics": [
                          "Impact"
                        ],
                        "parentId": "a2e36ce0-da4d-4b6e-88c6-4e40161c5bfc",
                        "kind": "AnalyticsRule",
                        "dependencies": {
                          "operator": "AND",
                          "criteria": [
                            {
                              "contentId": "SecurityAlert",
                              "kind": "DataType"
                            },
                            {
                              "contentId": "ThreatIntelligenceIndicator",
                              "kind": "DataType"
                            },
                            {
                              "contentId": "ThreatIntelligenceIndicator",
                              "kind": "DataType"
                            }
                          ]
                        }
                      }
                    }
                  ]
                }
              }
            }
          ]
        },
        "contentId": "a2e36ce0-da4d-4b6e-88c6-4e40161c5bfc",
        "dependencies": {
          "operator": "AND",
          "criteria": [
            {
              "contentId": "a2e36ce0-da4d-4b6e-88c6-4e40161c5bfc",
              "kind": "AnalyticsRule"
            }
          ]
        },
        "description": "'Identifies a match in SecurityAlert table from any Email IOC from TI which will extend coverage to datatypes such as MCAS, StorageThreatProtection and many others'\n",
        "displayName": "TI map Email entity to SecurityAlert",
        "source": {
          "kind": "Community"
        },
        "threatAnalysisTactics": [
          "Impact"
        ],
        "version": "1.2.2"
      },
      "name": "[concat(parameters('workspace'),'/Microsoft.SecurityInsights/', 'a2e36ce0-da4d-4b6e-88c6-4e40161c5bfc')]"
    }
  ]
}