{
  "$schema": "https://schema.management.azure.com/schemas/2019-04-01/deploymentTemplate.json#",
  "contentVersion": "1.0.0.0",
  "parameters": {
    "location": {
      "type": "string",
      "minLength": 1,
      "defaultValue": "[resourceGroup().location]",
      "metadata": {
        "description": "Not used, but needed to pass arm-ttk test `Location-Should-Not-Be-Hardcoded`.  We instead use the `workspace-location` which is derived from the LA workspace"
      }
    },
    "workspace-location": {
      "type": "string",
      "defaultValue": "",
      "metadata": {
        "description": "[concat('Region to deploy solution resources -- separate from location selection',parameters('location'))]"
      }
    },
    "workspace": {
      "defaultValue": "",
      "type": "string",
      "metadata": {
        "description": "Workspace name for Log Analytics where Microsoft Sentinel is setup"
      }
    }
  },
  "variables": {},
  "resources": [
    {
      "type": "Microsoft.OperationalInsights/workspaces/providers/packages",
      "location": "[parameters('workspace-location')]",
      "apiVersion": "2022-08-01",
      "properties": {
        "packageKind": "Standalone",
        "packageItems": {
          "resources": [
            {
              "type": "Microsoft.OperationalInsights/workspaces/providers/contentTemplates",
              "name": "[concat(parameters('workspace'),'/Microsoft.SecurityInsights/', '8d537f3c-094f-430c-a588-8a87da36ee3a')]",
              "location": "[parameters('workspace-location')]",
              "apiVersion": "2022-08-01",
              "properties": {
                "contentId": "8d537f3c-094f-430c-a588-8a87da36ee3a",
                "displayName": "Cisco Umbrella - Hack Tool User-Agent Detected",
                "contentKind": "AnalyticsRule",
                "mainTemplate": {
                  "$schema": "https://schema.management.azure.com/schemas/2019-04-01/deploymentTemplate.json#",
                  "contentVersion": "1.1.0",
                  "resources": [
                    {
                      "type": "Microsoft.OperationalInsights/workspaces/providers/alertRules",
                      "apiVersion": "2022-04-01-preview",
                      "name": "8d537f3c-094f-430c-a588-8a87da36ee3a",
                      "kind": "Scheduled",
                      "location": "[parameters('workspace-location')]",
                      "properties": {
                        "description": "Detects suspicious user agent strings used by known hack tools",
                        "displayName": "Cisco Umbrella - Hack Tool User-Agent Detected",
                        "enabled": false,
                        "query": "let timeframe = 15m;\nlet user_agents=dynamic([\n                          '(hydra)',\n                          ' arachni/',\n                          ' BFAC ',\n                          ' brutus ',\n                          ' cgichk ',\n                          'core-project/1.0',\n                          ' crimscanner/',\n                          'datacha0s',\n                          'dirbuster',\n                          'domino hunter',\n                          'dotdotpwn',\n                          'FHScan Core',\n                          'floodgate',\n                          'get-minimal',\n                          'gootkit auto-rooter scanner',\n                          'grendel-scan',\n                          ' inspath ',\n                          'internet ninja',\n                          'jaascois',\n                          ' zmeu ',\n                          'masscan',\n                          ' metis ',\n                          'morfeus fucking scanner',\n                          'n-stealth',\n                          'nsauditor',\n                          'pmafind',\n                          'security scan',\n                          'springenwerk',\n                          'teh forest lobster',\n                          'toata dragostea',\n                          ' vega/',\n                          'voideye',\n                          'webshag',\n                          'webvulnscan',\n                          ' whcc/',\n                          ' Havij',\n                          'absinthe',\n                          'bsqlbf',\n                          'mysqloit',\n                          'pangolin',\n                          'sql power injector',\n                          'sqlmap',\n                          'sqlninja',\n                          'uil2pn',\n                          'ruler',\n                          'Mozilla/5.0 (Windows; U; Windows NT 5.1; pt-PT; rv:1.9.1.2) Gecko/20090729 Firefox/3.5.2 (.NET CLR 3.5.30729)'\n                          ]);\nCisco_Umbrella\n| where EventType == \"proxylogs\"\n| where TimeGenerated > ago(timeframe)\n| where HttpUserAgentOriginal has_any (user_agents)\n| extend Message = \"Hack Tool User Agent\"\n| project Message, SrcIpAddr, DstIpAddr, UrlOriginal, TimeGenerated, HttpUserAgentOriginal\n| extend IpCustomEntity = SrcIpAddr, UrlCustomEntity = UrlOriginal\n",
                        "queryFrequency": "PT15M",
                        "queryPeriod": "PT15M",
                        "severity": "Medium",
                        "suppressionDuration": "PT1H",
                        "suppressionEnabled": false,
                        "triggerOperator": "GreaterThan",
                        "triggerThreshold": 0,
                        "tactics": [
                          "CommandAndControl"
                        ],
                        "entityMappings": [
                          {
                            "entityType": "URL",
                            "fieldMappings": [
                              {
                                "columnName": "UrlCustomEntity",
                                "identifier": "Url"
                              }
                            ]
                          },
                          {
                            "entityType": "IP",
                            "fieldMappings": [
                              {
                                "columnName": "IPCustomEntity",
                                "identifier": "Address"
                              }
                            ]
                          }
                        ]
                      }
                    },
                    {
                      "type": "Microsoft.OperationalInsights/workspaces/providers/metadata",
                      "apiVersion": "2021-03-01-preview",
                      "properties": {
                        "description": "'Detects suspicious user agent strings used by known hack tools'\n",
                        "version": "1.1.0",
                        "author": {
                          "name": "Community"
                        },
                        "support": {
                          "name": "Community",
                          "link": "https://github.com/Azure/Azure-Sentinel/issues",
                          "tier": "Community"
                        },
                        "source": {
                          "kind": "Community",
                          "name": "Standalone"
                        },
                        "threatAnalysisTactics": [
                          "CommandAndControl"
                        ],
                        "contentId": "8d537f3c-094f-430c-a588-8a87da36ee3a",
                        "parentId": "8d537f3c-094f-430c-a588-8a87da36ee3a",
                        "kind": "AnalyticsRule",
                        "dependencies": {
                          "operator": "AND",
                          "criteria": [
                            {
                              "contentId": "Cisco_Umbrella_proxy_CL",
                              "kind": "DataType"
                            }
                          ]
                        }
                      }
                    }
                  ]
                }
              }
            }
          ]
        },
        "author": {
          "name": "Community"
        },
        "dependencies": {
          "operator": "AND",
          "criteria": [
            {
              "contentId": "8d537f3c-094f-430c-a588-8a87da36ee3a",
              "kind": "AnalyticsRule"
            }
          ]
        },
        "description": "'Detects suspicious user agent strings used by known hack tools'\n",
        "displayName": "Cisco Umbrella - Hack Tool User-Agent Detected",
        "packageId": "8d537f3c-094f-430c-a588-8a87da36ee3a",
        "source": {
          "kind": "Community",
          "name": "Standalone"
        },
        "support": {
          "name": "Community",
          "link": "https://github.com/Azure/Azure-Sentinel/issues",
          "tier": "Community"
        },
        "threatAnalysisTactics": [
          "CommandAndControl"
        ],
        "version": "1.1.0"
      },
      "name": "[concat(parameters('workspace'),'/Microsoft.SecurityInsights/', '8d537f3c-094f-430c-a588-8a87da36ee3a')]"
    }
  ]
}