{
  "$schema": "https://schema.management.azure.com/schemas/2019-04-01/deploymentTemplate.json#",
  "contentVersion": "1.0.0.0",
  "parameters": {
    "location": {
      "type": "string",
      "minLength": 1,
      "defaultValue": "[resourceGroup().location]",
      "metadata": {
        "description": "Not used, but needed to pass arm-ttk test `Location-Should-Not-Be-Hardcoded`.  We instead use the `workspace-location` which is derived from the LA workspace"
      }
    },
    "workspace-location": {
      "type": "string",
      "defaultValue": "",
      "metadata": {
        "description": "[concat('Region to deploy solution resources -- separate from location selection',parameters('location'))]"
      }
    },
    "workspace": {
      "defaultValue": "",
      "type": "string",
      "metadata": {
        "description": "Workspace name for Log Analytics where Microsoft Sentinel is setup"
      }
    }
  },
  "variables": {},
  "resources": [
    {
      "type": "Microsoft.OperationalInsights/workspaces/providers/packages",
      "location": "[parameters('workspace-location')]",
      "apiVersion": "2022-08-01",
      "properties": {
        "packageKind": "Standalone",
        "packageItems": {
          "resources": [
            {
              "type": "Microsoft.OperationalInsights/workspaces/providers/contentTemplates",
              "name": "[concat(parameters('workspace'),'/Microsoft.SecurityInsights/', 'SquadraTechnologiesSecRMMWorkbook')]",
              "location": "[parameters('workspace-location')]",
              "kind": "shared",
              "apiVersion": "2022-08-01",
              "contentVersion": "1.0.0",
              "metadata": "This workbook gives an overview of security data for removable storage activity such as USB thumb drives and USB connected mobile devices.",
              "properties": {
                "contentId": "SquadraTechnologiesSecRMMWorkbook",
                "version": "1.0.0",
                "displayName": "Squadra Technologies SecRMM - USB removable storage security",
                "contentKind": "Workbook",
                "mainTemplate": {
                  "$schema": "https://schema.management.azure.com/schemas/2019-04-01/deploymentTemplate.json#",
                  "contentVersion": "1.0.0",
                  "parameters": {},
                  "resources": [
                    {
                      "type": "Microsoft.Insights/workbooks",
                      "name": "SquadraTechnologiesSecRMMWorkbook",
                      "location": "[parameters('workspace-location')]",
                      "kind": "shared",
                      "apiVersion": "2021-08-01",
                      "metadata": "This workbook gives an overview of security data for removable storage activity such as USB thumb drives and USB connected mobile devices.",
                      "properties": {
                        "displayName": "Squadra Technologies SecRMM - USB removable storage security",
                        "serializedData": "{\"version\":\"Notebook/1.0\",\"items\":[{\"type\":1,\"content\":{\"json\":\"## Removable storage security via Squadra Technologies secRMM\\n---\\nFile writes to removable storage by User\\n\\n\"},\"name\":\"text - 2\"},{\"type\":3,\"content\":{\"version\":\"KqlItem/1.0\",\"query\":\"secRMM_CL | where Event_s == \\\"WRITE COMPLETED\\\" | summarize count() by User_s | render barchart\",\"size\":1,\"queryType\":0,\"resourceType\":\"microsoft.operationalinsights/workspaces\",\"gridSettings\":{\"formatters\":[{\"columnMatch\":\"User_s\",\"formatter\":0,\"formatOptions\":{\"showIcon\":true}},{\"columnMatch\":\"count_\",\"formatter\":0,\"formatOptions\":{\"showIcon\":true}}]}},\"name\":\"query - 2\"},{\"type\":1,\"content\":{\"json\":\"File writes to removable storage by Computer\"},\"name\":\"text - 2\",\"styleSettings\":{\"showBorder\":true}},{\"type\":3,\"content\":{\"version\":\"KqlItem/1.0\",\"query\":\"secRMM_CL \\r\\n| where TimeGenerated > ago(1d)\\r\\n| where Event_s == \\\"WRITE COMPLETED\\\"\\r\\n| summarize count() by Computer, bin(TimeGenerated, 1h)\\r\\n| render piechart\",\"size\":0,\"queryType\":0,\"resourceType\":\"microsoft.operationalinsights/workspaces\"},\"name\":\"query - 3\"},{\"type\":1,\"content\":{\"json\":\"Removable storage devices used\\r\\n\"},\"name\":\"text - 6\",\"styleSettings\":{\"showBorder\":true}},{\"type\":3,\"content\":{\"version\":\"KqlItem/1.0\",\"query\":\"secRMM_CL\\r\\n| where SerialNumber_s <> \\\"\\\"\\r\\n| summarize count() by strcat(SerialNumber_s, \\\", \\\", Model_s)\\r\\n| render piechart\",\"size\":0,\"queryType\":0,\"resourceType\":\"microsoft.operationalinsights/workspaces\"},\"name\":\"query - 7\"},{\"type\":1,\"content\":{\"json\":\"Microsoft BitLocker Activity\"},\"name\":\"text - 8\"},{\"type\":3,\"content\":{\"version\":\"KqlItem/1.0\",\"query\":\"secRMM_CL \\r\\n| where DeviceDescription_s contains \\\"ENCRYPTED BitLocker\\\" \\r\\n| summarize count() by User_s \\r\\n| render piechart\",\"size\":0,\"queryType\":0,\"resourceType\":\"microsoft.operationalinsights/workspaces\"},\"name\":\"query - 9\"},{\"type\":1,\"content\":{\"json\":\"Microsoft Windows Defender Activity\"},\"name\":\"text - 10\"},{\"type\":3,\"content\":{\"version\":\"KqlItem/1.0\",\"query\":\"secRMM_CL\\r\\n| where ((Event_s == \\\"EXTERNAL\\\") and (Message contains \\\"Microsoft Defender\\\"))\\r\\n| project Message\\r\\n\",\"size\":0,\"queryType\":0,\"resourceType\":\"microsoft.operationalinsights/workspaces\"},\"name\":\"query - 11\"},{\"type\":1,\"content\":{\"json\":\"Mobile devices that are being USB mounted\"},\"name\":\"text - 12\"},{\"type\":3,\"content\":{\"version\":\"KqlItem/1.0\",\"query\":\"secRMM_CL\\r\\n| where ((Event_s == \\\"ONLINE\\\") and (DeviceDescription_s contains \\\"MOBILE\\\"))\\r\\n| project SerialNumber_s, User_s, DeviceDescription_s\",\"size\":0,\"queryType\":0,\"resourceType\":\"microsoft.operationalinsights/workspaces\"},\"name\":\"query - 13\"},{\"type\":1,\"content\":{\"json\":\"Removable storage security events\\r\\n\"},\"name\":\"text - 4\",\"styleSettings\":{\"showBorder\":true}},{\"type\":3,\"content\":{\"version\":\"KqlItem/1.0\",\"query\":\"secRMM_CL \\r\\n| where isnotempty(Event_s) \\r\\n| summarize count() by Event_s \\r\\n| render piechart\",\"size\":0,\"queryType\":0,\"resourceType\":\"microsoft.operationalinsights/workspaces\"},\"name\":\"query - 5\"}],\"fromTemplateId\":\"sentinel-SquadraTechnologiesSecRMM\",\"$schema\":\"https://github.com/Microsoft/Application-Insights-Workbooks/blob/master/schema/workbook.json\"}\r\n",
                        "version": "1.0",
                        "sourceId": "[resourceId('microsoft.OperationalInsights/Workspaces', parameters('workspace'))]",
                        "category": "sentinel"
                      }
                    },
                    {
                      "type": "Microsoft.OperationalInsights/workspaces/providers/metadata",
                      "apiVersion": "2021-03-01-preview",
                      "name": "[concat(parameters('workspace'),'/Microsoft.SecurityInsights/',concat('Workbook-', 'SquadraTechnologiesSecRMMWorkbook'))]",
                      "properties": {
                        "description": "This workbook gives an overview of security data for removable storage activity such as USB thumb drives and USB connected mobile devices.",
                        "version": "1.0.0",
                        "previewImages": [
                          "SquadraTechnologiesSecRMMWhite.PNG"
                        ],
                        "previewImagesDark": [
                          "SquadraTechnologiesSecRMMBlack.PNG"
                        ],
                        "icon": "SquadraTechnologiesLogo.svg",
                        "author": {
                          "name": "Community"
                        },
                        "support": {
                          "name": "Community",
                          "link": "https://github.com/Azure/Azure-Sentinel/issues",
                          "tier": "Community"
                        },
                        "source": {
                          "kind": "Community",
                          "name": "Standalone"
                        },
                        "contentId": "SquadraTechnologiesSecRMMWorkbook",
                        "parentId": "[resourceId('Microsoft.Insights/workbooks', 'SquadraTechnologiesSecRMMWorkbook')]",
                        "kind": "Workbook",
                        "dependencies": {
                          "operator": "AND",
                          "criteria": [
                            {
                              "contentId": "secRMM_CL",
                              "kind": "DataType"
                            }
                          ]
                        }
                      }
                    }
                  ]
                }
              }
            }
          ]
        },
        "author": {
          "name": "Community"
        },
        "dependencies": {
          "operator": "AND",
          "criteria": [
            {
              "contentId": "SquadraTechnologiesSecRMMWorkbook",
              "kind": "Workbook"
            }
          ]
        },
        "description": "This workbook gives an overview of security data for removable storage activity such as USB thumb drives and USB connected mobile devices.",
        "displayName": "Squadra Technologies SecRMM - USB removable storage security",
        "icon": "SquadraTechnologiesLogo.svg",
        "packageId": "SquadraTechnologiesSecRMMWorkbook",
        "previewImages": [
          "SquadraTechnologiesSecRMMWhite.PNG"
        ],
        "previewImagesDark": [
          "SquadraTechnologiesSecRMMBlack.PNG"
        ],
        "source": {
          "kind": "Community",
          "name": "Standalone"
        },
        "support": {
          "name": "Community",
          "link": "https://github.com/Azure/Azure-Sentinel/issues",
          "tier": "Community"
        },
        "version": "1.0.0"
      },
      "name": "[concat(parameters('workspace'),'/Microsoft.SecurityInsights/', 'SquadraTechnologiesSecRMMWorkbook')]"
    }
  ]
}