{
  "$schema": "https://schema.management.azure.com/schemas/2019-04-01/deploymentTemplate.json#",
  "parameters": {
    "location": {
      "type": "string",
      "minLength": 1,
      "defaultValue": "[resourceGroup().location]",
      "metadata": {
        "description": "Not used, but needed to pass arm-ttk test `Location-Should-Not-Be-Hardcoded`.  We instead use the `workspace-location` which is derived from the LA workspace"
      }
    },
    "workspace-location": {
      "type": "string",
      "defaultValue": "",
      "metadata": {
        "description": "[concat('Region to deploy solution resources -- separate from location selection',parameters('location'))]"
      }
    },
    "workspace": {
      "defaultValue": "",
      "type": "string",
      "metadata": {
        "description": "Workspace name for Log Analytics where Microsoft Sentinel is setup"
      }
    }
  },
  "variables": {},
  "resources": [
    {
      "type": "Microsoft.OperationalInsights/workspaces/providers/packages",
      "location": "[parameters('workspace-location')]",
      "apiVersion": "2022-08-01",
      "properties": {
        "packageKind": "Standalone",
        "packageItems": {
          "resources": [
            {
              "type": "Microsoft.OperationalInsights/workspaces/providers/contentTemplates",
              "name": "[concat(parameters('workspace'),'/Microsoft.SecurityInsights/', '0b904747-1336-4363-8d84-df2710bfe5e7')]",
              "location": "[parameters('workspace-location')]",
              "apiVersion": "2022-08-01",
              "properties": {
                "contentId": "0b904747-1336-4363-8d84-df2710bfe5e7",
                "displayName": "TI map IP entity to AzureFirewall",
                "contentKind": "AnalyticsRule",
                "mainTemplate": {
                  "$schema": "https://schema.management.azure.com/schemas/2019-04-01/deploymentTemplate.json#",
                  "contentVersion": "1.1.2",
                  "resources": [
                    {
                      "type": "Microsoft.OperationalInsights/workspaces/providers/alertRules",
                      "apiVersion": "2022-04-01-preview",
                      "name": "[concat(parameters('workspace'),'/Microsoft.SecurityInsights/', '' )]",
                      "kind": "Scheduled",
                      "location": "[parameters('workspace-location')]",
                      "properties": {
                        "description": "Identifies a match in AzureFirewall (NetworkRule & ApplicationRule Logs) from any IP IOC from TI",
                        "displayName": "TI map IP entity to AzureFirewall",
                        "enabled": false,
                        "query": "\nlet dt_lookBack = 1h;\nlet ioc_lookBack = 14d;\nThreatIntelligenceIndicator\n| where TimeGenerated >= ago(ioc_lookBack) and ExpirationDateTime > now()\n| summarize LatestIndicatorTime = arg_max(TimeGenerated, *) by IndicatorId\n| where Active == true\n// Picking up only IOC's that contain the entities we want\n| where isnotempty(NetworkIP) or isnotempty(EmailSourceIpAddress) or isnotempty(NetworkDestinationIP) or isnotempty(NetworkSourceIP)\n// As there is potentially more than 1 indicator type for matching IP, taking NetworkIP first, then others if that is empty.\n// Taking the first non-empty value based on potential IOC match availability\n| extend TI_ipEntity = iff(isnotempty(NetworkIP), NetworkIP, NetworkDestinationIP)\n| extend TI_ipEntity = iff(isempty(TI_ipEntity) and isnotempty(NetworkSourceIP), NetworkSourceIP, TI_ipEntity)\n| extend TI_ipEntity = iff(isempty(TI_ipEntity) and isnotempty(EmailSourceIpAddress), EmailSourceIpAddress, TI_ipEntity)\n// using innerunique to keep perf fast and result set low, we only need one match to indicate potential malicious activity that needs to be investigated\n| join kind=innerunique (\n    AzureDiagnostics\n    | where TimeGenerated >= ago(dt_lookBack)\n    | where OperationName in (\"AzureFirewallApplicationRuleLog\", \"AzureFirewallNetworkRuleLog\")\n    | parse kind=regex flags=U msg_s with Protocol 'request from ' SourceHost 'to ' DestinationHost @'\\.? Action: ' Firewall_Action @'\\.' Rest_msg\n    | extend SourceAddress = extract(@'([\\.0-9]+)(:[\\.0-9]+)?', 1, SourceHost)\n    | extend DestinationAddress = extract(@'([\\.0-9]+)(:[\\.0-9]+)?', 1, DestinationHost)\n    | extend RemoteIP = case(not(ipv4_is_private(DestinationAddress)), DestinationAddress, not(ipv4_is_private(SourceAddress)), SourceAddress, \"\")\n    // Traffic that involves a public address, and in case this is the source address then the traffic was not denied\n    | where isnotempty(RemoteIP)\n    | project-rename AzureFirewall_TimeGenerated = TimeGenerated\n)\non $left.TI_ipEntity == $right.RemoteIP\n| where AzureFirewall_TimeGenerated < ExpirationDateTime\n| summarize AzureFirewall_TimeGenerated = arg_max(AzureFirewall_TimeGenerated, *) by IndicatorId, RemoteIP\n| project LatestIndicatorTime, Description, ActivityGroupNames, IndicatorId, ThreatType, Url, DomainName, ExpirationDateTime, ConfidenceScore, AzureFirewall_TimeGenerated,\nTI_ipEntity, Resource, Category, msg_s, SourceAddress, DestinationAddress, Firewall_Action, Protocol, NetworkIP, NetworkDestinationIP, NetworkSourceIP, EmailSourceIpAddress\n| extend timestamp = AzureFirewall_TimeGenerated, IPCustomEntity = TI_ipEntity, URLCustomEntity = Url\n",
                        "queryFrequency": "PT1H",
                        "queryPeriod": "P14D",
                        "severity": "Medium",
                        "suppressionDuration": "PT1H",
                        "suppressionEnabled": false,
                        "triggerOperator": "GreaterThan",
                        "triggerThreshold": 0,
                        "tactics": [
                          "Impact"
                        ],
                        "entityMappings": [
                          {
                            "entityType": "IP",
                            "fieldMappings": [
                              {
                                "columnName": "IPCustomEntity",
                                "identifier": "Address"
                              }
                            ]
                          },
                          {
                            "entityType": "URL",
                            "fieldMappings": [
                              {
                                "columnName": "URLCustomEntity",
                                "identifier": "Url"
                              }
                            ]
                          }
                        ]
                      }
                    },
                    {
                      "type": "Microsoft.OperationalInsights/workspaces/providers/metadata",
                      "apiVersion": "2021-03-01-preview",
                      "name": "[concat(parameters('workspace'),'/Microsoft.SecurityInsights/', '')]",
                      "properties": {
                        "description": "'Identifies a match in AzureFirewall (NetworkRule & ApplicationRule Logs) from any IP IOC from TI'\n",
                        "contentId": "0b904747-1336-4363-8d84-df2710bfe5e7",
                        "version": "1.1.2",
                        "source": {
                          "kind": "Community"
                        },
                        "threatAnalysisTactics": [
                          "Impact"
                        ],
                        "parentId": "0b904747-1336-4363-8d84-df2710bfe5e7",
                        "kind": "AnalyticsRule",
                        "dependencies": {
                          "operator": "AND",
                          "criteria": [
                            {
                              "contentId": "ThreatIntelligenceIndicator",
                              "kind": "DataType"
                            },
                            {
                              "contentId": "ThreatIntelligenceIndicator",
                              "kind": "DataType"
                            },
                            {
                              "contentId": "AzureDiagnostics",
                              "kind": "DataType"
                            }
                          ]
                        }
                      }
                    }
                  ]
                }
              }
            }
          ]
        },
        "contentId": "0b904747-1336-4363-8d84-df2710bfe5e7",
        "dependencies": {
          "operator": "AND",
          "criteria": [
            {
              "contentId": "0b904747-1336-4363-8d84-df2710bfe5e7",
              "kind": "AnalyticsRule"
            }
          ]
        },
        "description": "'Identifies a match in AzureFirewall (NetworkRule & ApplicationRule Logs) from any IP IOC from TI'\n",
        "displayName": "TI map IP entity to AzureFirewall",
        "source": {
          "kind": "Community"
        },
        "threatAnalysisTactics": [
          "Impact"
        ],
        "version": "1.1.2"
      },
      "name": "[concat(parameters('workspace'),'/Microsoft.SecurityInsights/', '0b904747-1336-4363-8d84-df2710bfe5e7')]"
    }
  ]
}