{
  "$schema": "https://schema.management.azure.com/schemas/2019-04-01/deploymentTemplate.json#",
  "contentVersion": "1.0.0.0",
  "parameters": {
    "location": {
      "type": "string",
      "minLength": 1,
      "defaultValue": "[resourceGroup().location]",
      "metadata": {
        "description": "Not used, but needed to pass arm-ttk test `Location-Should-Not-Be-Hardcoded`.  We instead use the `workspace-location` which is derived from the LA workspace"
      }
    },
    "workspace-location": {
      "type": "string",
      "defaultValue": "",
      "metadata": {
        "description": "[concat('Region to deploy solution resources -- separate from location selection',parameters('location'))]"
      }
    },
    "workspace": {
      "defaultValue": "",
      "type": "string",
      "metadata": {
        "description": "Workspace name for Log Analytics where Microsoft Sentinel is setup"
      }
    }
  },
  "variables": {},
  "resources": [
    {
      "type": "Microsoft.OperationalInsights/workspaces/providers/packages",
      "location": "[parameters('workspace-location')]",
      "apiVersion": "2022-08-01",
      "properties": {
        "packageKind": "Standalone",
        "packageItems": {
          "resources": [
            {
              "type": "Microsoft.OperationalInsights/workspaces/providers/contentTemplates",
              "name": "[concat(parameters('workspace'),'/Microsoft.SecurityInsights/', '11b4c19d-2a79-4da3-af38-b067e1273dee')]",
              "location": "[parameters('workspace-location')]",
              "apiVersion": "2022-08-01",
              "properties": {
                "contentId": "11b4c19d-2a79-4da3-af38-b067e1273dee",
                "displayName": "Solorigate Named Pipe",
                "contentKind": "AnalyticsRule",
                "mainTemplate": {
                  "$schema": "https://schema.management.azure.com/schemas/2019-04-01/deploymentTemplate.json#",
                  "contentVersion": "1.2.2",
                  "resources": [
                    {
                      "type": "Microsoft.OperationalInsights/workspaces/providers/alertRules",
                      "apiVersion": "2022-04-01-preview",
                      "name": "11b4c19d-2a79-4da3-af38-b067e1273dee",
                      "kind": "Scheduled",
                      "location": "[parameters('workspace-location')]",
                      "properties": {
                        "description": "Identifies a match across various data feeds for named pipe IOCs related to the Solorigate incident.\n For the sysmon events required for this detection, logging for Named Pipe Events needs to be configured in Sysmon config (Event ID 17 and Event ID 18)\n Reference: https://techcommunity.microsoft.com/t5/azure-sentinel/solarwinds-post-compromise-hunting-with-azure-sentinel/ba-p/1995095",
                        "displayName": "Solorigate Named Pipe",
                        "enabled": false,
                        "query": "\n(union isfuzzy=true\n(Event\n| where Source == \"Microsoft-Windows-Sysmon\"\n| where EventID in (17,18)\n| where EventData has '583da945-62af-10e8-4902-a8f205c72b2e'\n| extend EventData = parse_xml(EventData).DataItem.EventData.Data\n| mv-expand bagexpansion=array EventData\n| evaluate bag_unpack(EventData)\n| extend Key = tostring(column_ifexists('@Name', \"\")), Value = column_ifexists('#text', \"\")\n| evaluate pivot(Key, any(Value), TimeGenerated, Source, EventLog, Computer, EventLevel, EventLevelName, EventID, UserName, MG, ManagementGroupName, _ResourceId)\n| extend PipeName = column_ifexists(\"PipeName\", \"\")\n| extend Account = UserName\n),\n(\nSecurityEvent\n| where EventID == '5145'\n// %%4418 looks for presence of CreatePipeInstance value \n| where AccessList has '%%4418'     \n| where RelativeTargetName has '583da945-62af-10e8-4902-a8f205c72b2e'\n),\n(\nWindowsEvent\n| where EventID == '5145' and EventData has '%%4418'  and EventData has '583da945-62af-10e8-4902-a8f205c72b2e' \n// %%4418 looks for presence of CreatePipeInstance value \n| extend AccessList= tostring(EventData.AccessList)\n| where AccessList has '%%4418'     \n| extend RelativeTargetName= tostring(EventData.RelativeTargetName)\n| where RelativeTargetName has '583da945-62af-10e8-4902-a8f205c72b2e'\n| extend Account =  strcat(tostring(EventData.SubjectDomainName),\"\\\\\", tostring(EventData.SubjectUserName))\n)\n)\n| extend timestamp = TimeGenerated, AccountCustomEntity = Account, HostCustomEntity = Computer\n",
                        "queryFrequency": "P1D",
                        "queryPeriod": "P1D",
                        "severity": "High",
                        "status": "Available",
                        "suppressionDuration": "PT1H",
                        "suppressionEnabled": false,
                        "triggerOperator": "GreaterThan",
                        "triggerThreshold": 0,
                        "tactics": [
                          "DefenseEvasion",
                          "PrivilegeEscalation"
                        ],
                        "techniques": [
                          "T1055"
                        ],
                        "entityMappings": [
                          {
                            "entityType": "Account",
                            "fieldMappings": [
                              {
                                "columnName": "AccountCustomEntity",
                                "identifier": "FullName"
                              }
                            ]
                          },
                          {
                            "entityType": "Host",
                            "fieldMappings": [
                              {
                                "columnName": "HostCustomEntity",
                                "identifier": "FullName"
                              }
                            ]
                          }
                        ],
                        "requiredDataConnectors": [
                          {
                            "connectorId": "SecurityEvents",
                            "dataTypes": [
                              "SecurityEvent"
                            ]
                          },
                          {
                            "connectorId": "WindowsForwardedEvents",
                            "dataTypes": [
                              "WindowsEvent"
                            ]
                          },
                          {
                            "connectorId": "WindowsSecurityEvents",
                            "dataTypes": [
                              "SecurityEvent"
                            ]
                          }
                        ]
                      }
                    },
                    {
                      "type": "Microsoft.OperationalInsights/workspaces/providers/metadata",
                      "apiVersion": "2021-03-01-preview",
                      "properties": {
                        "description": "Identifies a match across various data feeds for named pipe IOCs related to the Solorigate incident.\n For the sysmon events required for this detection, logging for Named Pipe Events needs to be configured in Sysmon config (Event ID 17 and Event ID 18)\n Reference: https://techcommunity.microsoft.com/t5/azure-sentinel/solarwinds-post-compromise-hunting-with-azure-sentinel/ba-p/1995095",
                        "version": "1.2.2",
                        "author": {
                          "name": "Ajeet Prakash"
                        },
                        "support": {
                          "tier": "Community",
                          "name": "Community",
                          "link": "https://github.com/Azure/Azure-Sentinel/issues"
                        },
                        "source": {
                          "kind": "Community",
                          "name": "Standalone"
                        },
                        "threatAnalysisTactics": [
                          "DefenseEvasion",
                          "PrivilegeEscalation"
                        ],
                        "threatAnalyticsTechniques": [
                          "T1055"
                        ],
                        "contentId": "11b4c19d-2a79-4da3-af38-b067e1273dee",
                        "parentId": "11b4c19d-2a79-4da3-af38-b067e1273dee",
                        "kind": "AnalyticsRule",
                        "dependencies": {
                          "operator": "AND",
                          "criteria": [
                            {
                              "contentId": "SecurityEvent",
                              "kind": "DataType"
                            },
                            {
                              "contentId": "SecurityEvent",
                              "kind": "DataType"
                            },
                            {
                              "contentId": "WindowsEvent",
                              "kind": "DataType"
                            }
                          ]
                        }
                      }
                    }
                  ]
                }
              }
            }
          ]
        },
        "author": {
          "name": "Ajeet Prakash"
        },
        "categories": {
          "domains": [
            "Security - 0-day Vulnerability"
          ]
        },
        "dependencies": {
          "operator": "AND",
          "criteria": [
            {
              "contentId": "11b4c19d-2a79-4da3-af38-b067e1273dee",
              "kind": "AnalyticsRule"
            }
          ]
        },
        "description": "Identifies a match across various data feeds for named pipe IOCs related to the Solorigate incident.\n For the sysmon events required for this detection, logging for Named Pipe Events needs to be configured in Sysmon config (Event ID 17 and Event ID 18)\n Reference: https://techcommunity.microsoft.com/t5/azure-sentinel/solarwinds-post-compromise-hunting-with-azure-sentinel/ba-p/1995095",
        "displayName": "Solorigate Named Pipe",
        "packageId": "11b4c19d-2a79-4da3-af38-b067e1273dee",
        "source": {
          "kind": "Community",
          "name": "Standalone"
        },
        "support": {
          "tier": "Community",
          "name": "Community",
          "link": "https://github.com/Azure/Azure-Sentinel/issues"
        },
        "threatAnalysisTactics": [
          "DefenseEvasion",
          "PrivilegeEscalation"
        ],
        "threatAnalyticsTechniques": [
          "T1055"
        ],
        "version": "1.2.2"
      },
      "name": "[concat(parameters('workspace'),'/Microsoft.SecurityInsights/', '11b4c19d-2a79-4da3-af38-b067e1273dee')]"
    }
  ]
}