{
  "$schema": "https://schema.management.azure.com/schemas/2019-04-01/deploymentTemplate.json#",
  "contentVersion": "1.0.0.0",
  "parameters": {
    "location": {
      "type": "string",
      "minLength": 1,
      "defaultValue": "[resourceGroup().location]",
      "metadata": {
        "description": "Not used, but needed to pass arm-ttk test `Location-Should-Not-Be-Hardcoded`.  We instead use the `workspace-location` which is derived from the LA workspace"
      }
    },
    "workspace-location": {
      "type": "string",
      "defaultValue": "",
      "metadata": {
        "description": "[concat('Region to deploy solution resources -- separate from location selection',parameters('location'))]"
      }
    },
    "workspace": {
      "defaultValue": "",
      "type": "string",
      "metadata": {
        "description": "Workspace name for Log Analytics where Microsoft Sentinel is setup"
      }
    }
  },
  "variables": {},
  "resources": [
    {
      "type": "Microsoft.OperationalInsights/workspaces/providers/packages",
      "location": "[parameters('workspace-location')]",
      "apiVersion": "2022-08-01",
      "properties": {
        "packageKind": "Standalone",
        "packageItems": {
          "resources": [
            {
              "type": "Microsoft.OperationalInsights/workspaces/providers/contentTemplates",
              "name": "[concat(parameters('workspace'),'/Microsoft.SecurityInsights/', '934011da-1fe6-4507-aadb-d3914c877bcd')]",
              "location": "[parameters('workspace-location')]",
              "kind": "shared",
              "apiVersion": "2022-08-01",
              "properties": {
                "contentId": "934011da-1fe6-4507-aadb-d3914c877bcd",
                "displayName": "Potential IIS brute force",
                "contentKind": "HuntingQuery",
                "mainTemplate": {
                  "$schema": "https://schema.management.azure.com/schemas/2019-04-01/deploymentTemplate.json#",
                  "contentVersion": "1.0.0",
                  "resources": [
                    {
                      "type": "Microsoft.OperationalInsights/savedSearches",
                      "apiVersion": "2020-08-01",
                      "name": "934011da-1fe6-4507-aadb-d3914c877bcd",
                      "location": "[parameters('workspace-location')]",
                      "properties": {
                        "eTag": "*",
                        "displayName": "Potential IIS brute force",
                        "category": "Hunting Queries",
                        "query": "\nW3CIISLog\n| where scStatus in (\"401\",\"403\")\n| where cIP !startswith \"192.168.\" and cIP != sIP and cIP != \"::1\" //and csUserName != \"-\" \n// Handling Exchange specific items in IIS logs to remove the unique log identifier in the URI\n| extend csUriQuery = iff(csUriQuery startswith \"MailboxId=\", tostring(split(csUriQuery, \"&\")[0]) , csUriQuery )\n| extend csUriQuery = iff(csUriQuery startswith \"X-ARR-CACHE-HIT=\", strcat(tostring(split(csUriQuery, \"&\")[0]),tostring(split(csUriQuery, \"&\")[1])) , csUriQuery )\n| summarize FailStartTime = min(TimeGenerated), FailEndTime = max(TimeGenerated), makeset(sPort), makeset(csUserAgent), makeset(csUserName), csUserNameCount = dcount(csUserName), ConnectionCount = count() by Computer, sSiteName, sIP, cIP, csUriQuery, csMethod, scStatus, scSubStatus, scWin32Status\n| extend csUserAgentPerIPCount = arraylength(set_csUserAgent)\n| extend sPortCount = arraylength(set_sPort)\n| extend scStatusFull = strcat(scStatus, \".\",scSubStatus) \n// Map common IIS codes\n| extend scStatusFull_Friendly = case(\nscStatusFull == \"401.0\", \"Access denied.\",\nscStatusFull == \"401.1\", \"Logon failed.\",\nscStatusFull == \"401.2\", \"Logon failed due to server configuration.\",\nscStatusFull == \"401.3\", \"Unauthorized due to ACL on resource.\",\nscStatusFull == \"401.4\", \"Authorization failed by filter.\",\nscStatusFull == \"401.5\", \"Authorization failed by ISAPI/CGI application.\",\nscStatusFull == \"403.0\", \"Forbidden.\",\nscStatusFull == \"403.4\", \"SSL required.\",\n\"See - https://support.microsoft.com/help/943891/the-http-status-code-in-iis-7-0-iis-7-5-and-iis-8-0\")\n// Mapping to Hex so can be mapped using website in comments above\n| extend scWin32Status_Hex = tohex(tolong(scWin32Status)) \n// Map common win32 codes\n| extend scWin32Status_Friendly = case(\nscWin32Status_Hex =~ \"52e\", \"Logon failure: Unknown user name or bad password.\", \nscWin32Status_Hex =~ \"533\", \"Logon failure: Account currently disabled.\", \nscWin32Status_Hex =~ \"2ee2\", \"The request has timed out.\", \nscWin32Status_Hex =~ \"0\", \"The operation completed successfully.\", \nscWin32Status_Hex =~ \"1\", \"Incorrect function.\", \nscWin32Status_Hex =~ \"2\", \"The system cannot find the file specified.\", \nscWin32Status_Hex =~ \"3\", \"The system cannot find the path specified.\", \nscWin32Status_Hex =~ \"4\", \"The system cannot open the file.\", \nscWin32Status_Hex =~ \"5\", \"Access is denied.\", \nscWin32Status_Hex =~ \"8009030e\", \"SEC_E_NO_CREDENTIALS\", \nscWin32Status_Hex =~ \"8009030C\", \"SEC_E_LOGON_DENIED\", \n\"See - https://msdn.microsoft.com/library/cc231199.aspx\")\n// decode URI when available\n| extend decodedUriQuery = url_decode(csUriQuery)\n| where (ConnectionCount >= 1200 and csUserAgentPerIPCount > 1) or (ConnectionCount >= 1200 and sPortCount > 1)\n// now join back to see if there is a successful logon after so many failures\n| join (\nW3CIISLog\n| where scStatus startswith \"20\"\n| where cIP !startswith \"192.168.\" and cIP != sIP and cIP != \"::1\"\n| extend LogonSuccessTime = TimeGenerated, Success_scStatus = scStatus\n| distinct LogonSuccessTime, Computer, sSiteName, sIP, cIP, Success_scStatus\n) on Computer, sSiteName, sIP, cIP\n| where FailEndTime < LogonSuccessTime and not(LogonSuccessTime between (FailStartTime .. FailEndTime))\n| summarize makeset(LogonSuccessTime) by FailStartTime, FailEndTime, Computer, sSiteName, sIP, cIP, tostring(set_csUserName), csUserNameCount, csUriQuery, csMethod, scStatus, scSubStatus, scWin32Status, tostring(set_sPort), tostring(set_csUserAgent), ConnectionCount, csUserAgentPerIPCount, sPortCount, scStatusFull, scStatusFull_Friendly, scWin32Status_Hex, scWin32Status_Friendly\n| project FailStartTime, FailEndTime, set_LogonSuccessTime, Computer, sSiteName, sIP, cIP, set_csUserName, csUserNameCount, csUriQuery, csMethod, scStatus, scSubStatus, scWin32Status, set_sPort, set_csUserAgent, ConnectionCount, csUserAgentPerIPCount, sPortCount, scStatusFull, scStatusFull_Friendly, scWin32Status_Hex, scWin32Status_Friendly\n| extend timestamp = FailStartTime, IPCustomEntity = cIP, HostCustomEntity = Computer\n",
                        "version": 2,
                        "tags": [
                          {
                            "name": "description",
                            "value": "This query shows when 1200 (20 per minute) or more failed attempts by cIP per hour occur on a given server and then a successful logon by cIP. \nThis only includes when more than 1 user agent strings is used or more than 1 port is used.\nThis could be indicative of successful probing and password brute force success on your IIS servers. \nFeel free to adjust the threshold as needed - ConnectionCount >= 1200 \nReferences: Status code mappings for your convenience, also inline if the mapping is not available\nIIS status code mapping - https://support.microsoft.com/help/943891/the-http-status-code-in-iis-7-0-iis-7-5-and-iis-8-0\nWin32 Status code mapping - https://msdn.microsoft.com/library/cc231199.aspx"
                          },
                          {
                            "name": "techniques",
                            "value": ""
                          },
                          {
                            "name": "tactics",
                            "value": "CredentialAccess"
                          }
                        ]
                      }
                    },
                    {
                      "type": "Microsoft.OperationalInsights/workspaces/providers/metadata",
                      "apiVersion": "2021-03-01-preview",
                      "name": "[concat(parameters('workspace'),'/Microsoft.SecurityInsights/',concat('huntingQuery-', '934011da-1fe6-4507-aadb-d3914c877bcd'))]",
                      "properties": {
                        "description": "This query shows when 1200 (20 per minute) or more failed attempts by cIP per hour occur on a given server and then a successful logon by cIP. \nThis only includes when more than 1 user agent strings is used or more than 1 port is used.\nThis could be indicative of successful probing and password brute force success on your IIS servers. \nFeel free to adjust the threshold as needed - ConnectionCount >= 1200 \nReferences: Status code mappings for your convenience, also inline if the mapping is not available\nIIS status code mapping - https://support.microsoft.com/help/943891/the-http-status-code-in-iis-7-0-iis-7-5-and-iis-8-0\nWin32 Status code mapping - https://msdn.microsoft.com/library/cc231199.aspx",
                        "version": "1.0.0",
                        "author": {
                          "name": "Shain"
                        },
                        "support": {
                          "tier": "Community",
                          "name": "Community",
                          "link": "https://github.com/Azure/Azure-Sentinel/issues"
                        },
                        "source": {
                          "kind": "Community",
                          "name": "Standalone"
                        },
                        "threatAnalysisTactics": [
                          "CredentialAccess"
                        ],
                        "threatAnalyticsTechniques": [
                          "T1110"
                        ],
                        "contentId": "934011da-1fe6-4507-aadb-d3914c877bcd",
                        "parentId": "934011da-1fe6-4507-aadb-d3914c877bcd",
                        "kind": "HuntingQuery",
                        "dependencies": {
                          "operator": "AND",
                          "criteria": [
                            {
                              "contentId": "W3CIISLog",
                              "kind": "DataType"
                            }
                          ]
                        }
                      }
                    }
                  ]
                }
              }
            }
          ]
        },
        "author": {
          "name": "Shain"
        },
        "categories": {
          "domains": [
            "Security - Threat Protection"
          ]
        },
        "dependencies": {
          "operator": "AND",
          "criteria": [
            {
              "contentId": "934011da-1fe6-4507-aadb-d3914c877bcd",
              "kind": "HuntingQuery"
            }
          ]
        },
        "description": "This query shows when 1200 (20 per minute) or more failed attempts by cIP per hour occur on a given server and then a successful logon by cIP. \nThis only includes when more than 1 user agent strings is used or more than 1 port is used.\nThis could be indicative of successful probing and password brute force success on your IIS servers. \nFeel free to adjust the threshold as needed - ConnectionCount >= 1200 \nReferences: Status code mappings for your convenience, also inline if the mapping is not available\nIIS status code mapping - https://support.microsoft.com/help/943891/the-http-status-code-in-iis-7-0-iis-7-5-and-iis-8-0\nWin32 Status code mapping - https://msdn.microsoft.com/library/cc231199.aspx",
        "displayName": "Potential IIS brute force",
        "packageId": "934011da-1fe6-4507-aadb-d3914c877bcd",
        "source": {
          "kind": "Community",
          "name": "Standalone"
        },
        "support": {
          "tier": "Community",
          "name": "Community",
          "link": "https://github.com/Azure/Azure-Sentinel/issues"
        },
        "threatAnalysisTactics": [
          "CredentialAccess"
        ],
        "threatAnalyticsTechniques": [
          "T1110"
        ],
        "version": "1.0.0"
      },
      "name": "934011da-1fe6-4507-aadb-d3914c877bcd"
    }
  ]
}