{
  "$schema": "https://schema.management.azure.com/schemas/2019-04-01/deploymentTemplate.json#",
  "contentVersion": "1.0.1",
  "parameters": {
    "location": {
      "type": "string",
      "minLength": 1,
      "defaultValue": "[resourceGroup().location]",
      "metadata": {
        "description": "Not used, but needed to pass arm-ttk test `Location-Should-Not-Be-Hardcoded`.  We instead use the `workspace-location` which is derived from the LA workspace"
      }
    },
    "workspace": {
      "defaultValue": "",
      "type": "string",
      "metadata": {
        "description": "Workspace name for Log Analytics where Microsoft Sentinel is setup"
      }
    },
    "workspace-location": {
      "type": "string",
      "defaultValue": "",
      "metadata": {
        "description": "[concat('Region to deploy solution resources -- separate from location selection',parameters('location'))]"
      }
    }
  },
  "resources": [
    {
      "type": "Microsoft.OperationalInsights/workspaces/providers/contentTemplates",
      "name": "[concat(parameters('workspace'),'/Microsoft.SecurityInsights/',concat(concat(parameters('workspace'),'-ar-',uniquestring('d1aba9a3-5ab1-45ef-8ed4-da57dc3c0d32')),'1.0.1'))]",
      "location": "[parameters('workspace-location')]",
      "apiVersion": "2023-04-01-preview",
      "dependsOn": [
        "[extensionResourceId(resourceId('Microsoft.OperationalInsights/workspaces', parameters('workspace')), 'Microsoft.SecurityInsights/contentPackages', 'azuresentinel.azure-sentinel-proofpointpod')]"
      ],
      "properties": {
        "contentId": "d1aba9a3-5ab1-45ef-8ed4-da57dc3c0d32",
        "displayName": "ProofpointPOD - Multiple large emails to the same recipient",
        "contentKind": "AnalyticsRule",
        "mainTemplate": {
          "$schema": "https://schema.management.azure.com/schemas/2019-04-01/deploymentTemplate.json#",
          "contentVersion": "1.0.1",
          "parameters": {},
          "variables": {},
          "resources": [
            {
              "type": "Microsoft.SecurityInsights/AlertRuleTemplates",
              "name": "d1aba9a3-5ab1-45ef-8ed4-da57dc3c0d32",
              "apiVersion": "2022-04-01-preview",
              "kind": "Scheduled",
              "location": "[parameters('workspace-location')]",
              "properties": {
                "description": "Detects when multiple emails with large size where sent to the same recipient.",
                "displayName": "ProofpointPOD - Multiple large emails to the same recipient",
                "enabled": false,
                "query": "let lbtime = 30m;\nlet msgthreshold = 3;\nlet msgszthreshold = 3000000;\nProofpointPOD\n| where TimeGenerated > ago(lbtime)\n| where EventType == 'message'\n| where NetworkDirection == 'outbound'\n| where NetworkBytes > msgszthreshold\n| summarize count() by SrcUserUpn, DstUserUpn\n| where count_ > msgthreshold\n| extend AccountCustomEntity = SrcUserUpn\n",
                "queryFrequency": "PT30M",
                "queryPeriod": "PT30M",
                "severity": "Medium",
                "suppressionDuration": "PT1H",
                "suppressionEnabled": false,
                "triggerOperator": "GreaterThan",
                "triggerThreshold": 0,
                "status": "Available",
                "requiredDataConnectors": [
                  {
                    "dataTypes": [
                      "ProofpointPOD_message_CL"
                    ],
                    "connectorId": "ProofpointPOD"
                  }
                ],
                "tactics": [
                  "Exfiltration"
                ],
                "techniques": [
                  "T1567"
                ],
                "entityMappings": [
                  {
                    "entityType": "Account",
                    "fieldMappings": [
                      {
                        "columnName": "AccountCustomEntity",
                        "identifier": "FullName"
                      }
                    ]
                  }
                ]
              }
            },
            {
              "type": "Microsoft.OperationalInsights/workspaces/providers/metadata",
              "apiVersion": "2022-01-01-preview",
              "name": "[concat(parameters('workspace'),'/Microsoft.SecurityInsights/',concat('AnalyticsRule-', last(split(resourceId('Microsoft.SecurityInsights/AlertRuleTemplates', 'd1aba9a3-5ab1-45ef-8ed4-da57dc3c0d32'),'/'))))]",
              "properties": {
                "description": "Proofpoint On demand(POD) Email Security Analytics Rule 5",
                "parentId": "[resourceId('Microsoft.SecurityInsights/AlertRuleTemplates', 'd1aba9a3-5ab1-45ef-8ed4-da57dc3c0d32')]",
                "contentId": "d1aba9a3-5ab1-45ef-8ed4-da57dc3c0d32",
                "kind": "AnalyticsRule",
                "version": "1.0.1",
                "source": {
                  "kind": "Solution",
                  "name": "Proofpoint On demand(POD) Email Security",
                  "sourceId": "azuresentinel.azure-sentinel-proofpointpod"
                },
                "author": {
                  "name": "Microsoft",
                  "email": "support@microsoft.com"
                },
                "support": {
                  "tier": "Microsoft",
                  "name": "Microsoft Corporation",
                  "email": "support@microsoft.com",
                  "link": "https://support.microsoft.com/"
                }
              }
            }
          ]
        },
        "packageKind": "Solution",
        "packageVersion": "2.0.5",
        "packageName": "Proofpoint On demand (POD) Email Security",
        "packageId": "azuresentinel.azure-sentinel-proofpointpod",
        "contentProductId": "azuresentinel.azure-sentinel-proofpointpod-ar-bobopx2dezizc",
        "id": "azuresentinel.azure-sentinel-proofpointpod-ar-bobopx2dezizc",
        "contentSchemaVersion": "3.0.0"
      }
    }
  ]
}