{
  "$schema": "https://schema.management.azure.com/schemas/2019-04-01/deploymentTemplate.json#",
  "contentVersion": "1.0.0",
  "parameters": {
    "location": {
      "type": "string",
      "minLength": 1,
      "defaultValue": "[resourceGroup().location]",
      "metadata": {
        "description": "Not used, but needed to pass arm-ttk test `Location-Should-Not-Be-Hardcoded`.  We instead use the `workspace-location` which is derived from the LA workspace"
      }
    },
    "workspace": {
      "defaultValue": "",
      "type": "string",
      "metadata": {
        "description": "Workspace name for Log Analytics where Microsoft Sentinel is setup"
      }
    }
  },
  "resources": [
    {
      "type": "Microsoft.OperationalInsights/workspaces/providers/contentTemplates",
      "name": "[concat(parameters('workspace'),'/Microsoft.SecurityInsights/',concat(concat(parameters('workspace'),'-pr-',uniquestring('AliCloud-Parser')),'1.0.0'))]",
      "location": "[parameters('workspace-location')]",
      "apiVersion": "2023-04-01-preview",
      "dependsOn": [
        "[extensionResourceId(resourceId('Microsoft.OperationalInsights/workspaces', parameters('workspace')), 'Microsoft.SecurityInsights/contentPackages', 'azuresentinel.azure-sentinel-solution-alibabacloud')]"
      ],
      "properties": {
        "contentId": "AliCloud-Parser",
        "displayName": "AliCloud",
        "contentKind": "Parser",
        "mainTemplate": {
          "$schema": "https://schema.management.azure.com/schemas/2019-04-01/deploymentTemplate.json#",
          "contentVersion": "1.0.0",
          "parameters": {},
          "variables": {},
          "resources": [
            {
              "name": "[concat(parameters('workspace'),'/','AliCloud')]",
              "apiVersion": "2020-08-01",
              "type": "Microsoft.OperationalInsights/workspaces/savedSearches",
              "location": "[parameters('workspace-location')]",
              "properties": {
                "eTag": "*",
                "displayName": "AliCloud",
                "category": "Samples",
                "functionAlias": "AliCloud",
                "query": "\nAliCloud_CL\r\n| extend EventVendor = 'Alibaba Cloud',\r\n         EventProduct = 'Alibaba Cloud',\r\n         EventCount = 1,\r\n         CreatedAt = unixtime_seconds_todatetime(timestamp_d)\r\n| extend d=parse_json(contents_event_s)\r\n| evaluate bag_unpack(d)\r\n| extend ContentTopic = contents___topic___s,\r\n        SourceName = source_s,\r\n        ContentTagPackId = contents___tag_____pack_id___s\r\n|project-away   timestamp_d,\r\n                contents_event_s,\r\n                contents___topic___s,\r\n                source_s,\r\n                contents___tag_____pack_id___s",
                "version": 1,
                "tags": [
                  {
                    "name": "description",
                    "value": "AliCloud"
                  }
                ]
              }
            },
            {
              "type": "Microsoft.OperationalInsights/workspaces/providers/metadata",
              "apiVersion": "2022-01-01-preview",
              "name": "[concat(parameters('workspace'),'/Microsoft.SecurityInsights/',concat('Parser-', last(split(resourceId('Microsoft.OperationalInsights/workspaces/savedSearches', parameters('workspace'), 'AliCloud'),'/'))))]",
              "dependsOn": [
                "[concat(parameters('workspace'),'/','AliCloud')]"
              ],
              "properties": {
                "parentId": "[resourceId('Microsoft.OperationalInsights/workspaces/savedSearches', parameters('workspace'), 'AliCloud')]",
                "contentId": "AliCloud-Parser",
                "kind": "Parser",
                "version": "1.0.0",
                "source": {
                  "name": "Alibaba Cloud",
                  "kind": "Solution",
                  "sourceId": "azuresentinel.azure-sentinel-solution-alibabacloud"
                },
                "author": {
                  "name": "Microsoft",
                  "email": "support@microsoft.com"
                },
                "support": {
                  "name": "Microsoft Corporation",
                  "email": "support@microsoft.com",
                  "tier": "Microsoft",
                  "link": "https://support.microsoft.com"
                }
              }
            }
          ]
        },
        "packageKind": "Solution",
        "packageVersion": "2.0.0",
        "packageName": "Alibaba Cloud",
        "packageId": "azuresentinel.azure-sentinel-solution-alibabacloud",
        "contentProductId": "azuresentinel.azure-sentinel-solution-alibabacloud-pr-mgfxh5sjbwbxc",
        "id": "azuresentinel.azure-sentinel-solution-alibabacloud-pr-mgfxh5sjbwbxc",
        "contentSchemaVersion": "3.0.0"
      }
    }
  ]
}