{
  "$schema": "https://schema.management.azure.com/schemas/2019-04-01/deploymentTemplate.json#",
  "contentVersion": "1.0.0",
  "parameters": {
    "location": {
      "type": "string",
      "minLength": 1,
      "defaultValue": "[resourceGroup().location]",
      "metadata": {
        "description": "Not used, but needed to pass arm-ttk test `Location-Should-Not-Be-Hardcoded`.  We instead use the `workspace-location` which is derived from the LA workspace"
      }
    },
    "workspace": {
      "defaultValue": "",
      "type": "string",
      "metadata": {
        "description": "Workspace name for Log Analytics where Microsoft Sentinel is setup"
      }
    }
  },
  "resources": [
    {
      "type": "Microsoft.OperationalInsights/workspaces/providers/contentTemplates",
      "name": "[concat(parameters('workspace'),'/Microsoft.SecurityInsights/',concat(concat(parameters('workspace'),'-wb-',uniquestring('ArgosCloudSecurityWorkbook')),'1.0.0'))]",
      "location": "[parameters('workspace-location')]",
      "apiVersion": "2023-04-01-preview",
      "dependsOn": [
        "[extensionResourceId(resourceId('Microsoft.OperationalInsights/workspaces', parameters('workspace')), 'Microsoft.SecurityInsights/contentPackages', 'argoscloudsecurity1605618416175.argos-sentinel')]"
      ],
      "properties": {
        "contentId": "ArgosCloudSecurityWorkbook",
        "displayName": "ARGOS Cloud Security",
        "contentKind": "Workbook",
        "mainTemplate": {
          "$schema": "https://schema.management.azure.com/schemas/2019-04-01/deploymentTemplate.json#",
          "contentVersion": "1.0.0",
          "parameters": {},
          "variables": {},
          "resources": [
            {
              "type": "Microsoft.Insights/workbooks",
              "name": "ArgosCloudSecurityWorkbook",
              "location": "[parameters('workspace-location')]",
              "kind": "shared",
              "apiVersion": "2021-08-01",
              "metadata": {
                "description": "The ARGOS Cloud Security integration for Microsoft Sentinel allows you to have all your important cloud security events in one place."
              },
              "properties": {
                "displayName": "ARGOS Cloud Security",
                "serializedData": "{\"version\":\"Notebook/1.0\",\"items\":[{\"type\":1,\"content\":{\"json\":\"## ARGOS Cloud Security\\n---\\n\\nWelcome to your ARGOS Cloud Security notebook.\\nThis notebook will get you started with basic queries and graphs displaying security issues in your cloud environments.\\n Access the ARGOS Dashboard on https://app.argos-security.io\"},\"name\":\"text - 2\"},{\"type\":1,\"content\":{\"json\":\"## Overview of currently open detections grouped by rule ID\\r\\n\\r\\nThis chart is applied across all cloud environments connected to ARGOS.\",\"style\":\"info\"},\"name\":\"text - 8\"},{\"type\":3,\"content\":{\"version\":\"KqlItem/1.0\",\"query\":\"ARGOS_CL | where status_s == 'open' | summarize count() by ruleId_s | render barchart\",\"size\":0,\"timeContext\":{\"durationMs\":2592000000},\"queryType\":0,\"resourceType\":\"microsoft.operationalinsights/workspaces\"},\"name\":\"query - 7\"},{\"type\":1,\"content\":{\"json\":\"## Display all exploitable ARGOS Detections.\\r\\n\\r\\nThis displays all detections that ARGOS ruled as being currently exploitable.\",\"style\":\"warning\"},\"name\":\"text - 2\"},{\"type\":3,\"content\":{\"version\":\"KqlItem/1.0\",\"query\":\"ARGOS_CL | where exploitable_b\",\"size\":0,\"queryType\":0,\"resourceType\":\"microsoft.operationalinsights/workspaces\",\"gridSettings\":{\"formatters\":[{\"columnMatch\":\"TenantId\",\"formatter\":5},{\"columnMatch\":\"SourceSystem\",\"formatter\":5},{\"columnMatch\":\"MG\",\"formatter\":5},{\"columnMatch\":\"ManagementGroupName\",\"formatter\":5},{\"columnMatch\":\"Computer\",\"formatter\":5},{\"columnMatch\":\"RawData\",\"formatter\":5},{\"columnMatch\":\"metadata_policy_s\",\"formatter\":5},{\"columnMatch\":\"metadata_tlsVersion_s\",\"formatter\":5},{\"columnMatch\":\"metadata_ruleName_s\",\"formatter\":5},{\"columnMatch\":\"metadata_ruleDirection_s\",\"formatter\":5},{\"columnMatch\":\"metadata_ruleSourcePortRange_s\",\"formatter\":5},{\"columnMatch\":\"metadata_ruleSourcePortRanges_s\",\"formatter\":5},{\"columnMatch\":\"metadata_ruleDestinationPortRange_s\",\"formatter\":5},{\"columnMatch\":\"metadata_ruleDestinationPortRanges_s\",\"formatter\":5},{\"columnMatch\":\"metadata_ruleSourceAddressPrefix_s\",\"formatter\":5},{\"columnMatch\":\"metadata_ruleSourceAddressPrefixes_s\",\"formatter\":5},{\"columnMatch\":\"metadata_ruleDestinationAddressPrefix_s\",\"formatter\":5},{\"columnMatch\":\"metadata_ruleDestinationAddressPrefixes_s\",\"formatter\":5},{\"columnMatch\":\"metadata_ruleProtocol_s\",\"formatter\":5},{\"columnMatch\":\"metadata_ruleAction_s\",\"formatter\":5},{\"columnMatch\":\"metadata_rulePriority_s\",\"formatter\":5},{\"columnMatch\":\"metadata_region_s\",\"formatter\":5},{\"columnMatch\":\"metadata_registryId_s\",\"formatter\":5},{\"columnMatch\":\"inventoryId_g\",\"formatter\":5},{\"columnMatch\":\"metadata_id_s\",\"formatter\":5}]}},\"name\":\"query - 2\"},{\"type\":1,\"content\":{\"json\":\"### Render a time chart with all exploitable ARGOS detections.\",\"style\":\"warning\"},\"name\":\"text - 4\"},{\"type\":3,\"content\":{\"version\":\"KqlItem/1.0\",\"query\":\"ARGOS_CL | where exploitable_b | summarize count() by TimeGenerated | render timechart\",\"size\":0,\"queryType\":0,\"resourceType\":\"microsoft.operationalinsights/workspaces\"},\"name\":\"query - 3\"},{\"type\":1,\"content\":{\"json\":\"## Display Top 10, open, exploitable ARGOS Detections on Azure.\\r\\n\\r\\nThis is a list of the top 10, open rules that ARGOS detected in your cloud environments. The higher the count, the more detections are currently open for this rule.\",\"style\":\"warning\"},\"name\":\"text - 5\"},{\"type\":3,\"content\":{\"version\":\"KqlItem/1.0\",\"query\":\"ARGOS_CL | where cloud_s == 'azure' and status_s == 'open' and exploitable_b | summarize count() by ruleId_s | top 10 by count_\",\"size\":0,\"queryType\":0,\"resourceType\":\"microsoft.operationalinsights/workspaces\"},\"name\":\"query - 6\"}],\"fromTemplateId\":\"sentinel-ArgosCloudSecurityWorkbook\",\"$schema\":\"https://github.com/Microsoft/Application-Insights-Workbooks/blob/master/schema/workbook.json\"}\r\n",
                "version": "1.0",
                "sourceId": "[resourceId('microsoft.OperationalInsights/Workspaces', parameters('workspace'))]",
                "category": "sentinel"
              }
            },
            {
              "type": "Microsoft.OperationalInsights/workspaces/providers/metadata",
              "apiVersion": "2022-01-01-preview",
              "name": "[concat(parameters('workspace'),'/Microsoft.SecurityInsights/',concat('Workbook-', last(split(resourceId('Microsoft.Insights/workbooks', 'ArgosCloudSecurityWorkbook'),'/'))))]",
              "properties": {
                "description": "@{workbookKey=ArgosCloudSecurityWorkbook; logoFileName=argos-logo.svg; description=The ARGOS Cloud Security integration for Microsoft Sentinel allows you to have all your important cloud security events in one place.; dataTypesDependencies=System.Object[]; dataConnectorsDependencies=System.Object[]; previewImagesFileNames=System.Object[]; version=1.0.0; title=ARGOS Cloud Security; templateRelativePath=ARGOSCloudSecurityWorkbook.json; subtitle=; provider=ARGOS Cloud Security}.description",
                "parentId": "[resourceId('Microsoft.Insights/workbooks', 'ArgosCloudSecurityWorkbook')]",
                "contentId": "ArgosCloudSecurityWorkbook",
                "kind": "Workbook",
                "version": "1.0.0",
                "source": {
                  "kind": "Solution",
                  "name": "ARGOSCloudSecurity",
                  "sourceId": "argoscloudsecurity1605618416175.argos-sentinel"
                },
                "author": {
                  "name": "ARGOS Cloud Security",
                  "email": "support@argos-security.io"
                },
                "support": {
                  "name": "ARGOS Cloud Security",
                  "email": "support@argos-security.io",
                  "tier": "Partner",
                  "link": "https://argos-security.io/contact-us"
                }
              }
            }
          ]
        },
        "packageKind": "Solution",
        "packageVersion": "2.0.0",
        "packageName": "ARGOS Cloud Security for Microsoft Sentinel",
        "packageId": "argoscloudsecurity1605618416175.argos-sentinel",
        "contentProductId": "argoscloudsecurity1605618416175.argos-sentinel-wb-gstdbx3glrkgu",
        "id": "argoscloudsecurity1605618416175.argos-sentinel-wb-gstdbx3glrkgu",
        "contentSchemaVersion": "3.0.0"
      }
    }
  ]
}