{
  "$schema": "https://schema.management.azure.com/schemas/2019-04-01/deploymentTemplate.json#",
  "parameters": {
    "location": {
      "type": "string",
      "minLength": 1,
      "defaultValue": "[resourceGroup().location]",
      "metadata": {
        "description": "Not used, but needed to pass arm-ttk test `Location-Should-Not-Be-Hardcoded`.  We instead use the `workspace-location` which is derived from the LA workspace"
      }
    },
    "workspace-location": {
      "type": "string",
      "defaultValue": "",
      "metadata": {
        "description": "[concat('Region to deploy solution resources -- separate from location selection',parameters('location'))]"
      }
    },
    "workspace": {
      "defaultValue": "",
      "type": "string",
      "metadata": {
        "description": "Workspace name for Log Analytics where Microsoft Sentinel is setup"
      }
    }
  },
  "variables": {},
  "resources": [
    {
      "type": "Microsoft.OperationalInsights/workspaces/providers/packages",
      "location": "[parameters('workspace-location')]",
      "apiVersion": "2022-08-01",
      "properties": {
        "packageKind": "Standalone",
        "packageItems": {
          "resources": [
            {
              "type": "Microsoft.OperationalInsights/workspaces/providers/contentTemplates",
              "name": "[concat(parameters('workspace'),'/Microsoft.SecurityInsights/', '70b12a3b-4899-42cb-910c-5ffaf9d7997d')]",
              "location": "[parameters('workspace-location')]",
              "apiVersion": "2022-08-01",
              "properties": {
                "contentId": "70b12a3b-4899-42cb-910c-5ffaf9d7997d",
                "displayName": "Known Barium domains",
                "contentKind": "AnalyticsRule",
                "mainTemplate": {
                  "$schema": "https://schema.management.azure.com/schemas/2019-04-01/deploymentTemplate.json#",
                  "contentVersion": "1.6.1",
                  "resources": [
                    {
                      "type": "Microsoft.OperationalInsights/workspaces/providers/alertRules",
                      "apiVersion": "2022-04-01-preview",
                      "name": "[concat(parameters('workspace'),'/Microsoft.SecurityInsights/', '' )]",
                      "kind": "Scheduled",
                      "location": "[parameters('workspace-location')]",
                      "properties": {
                        "description": "Identifies a match across various data feeds for domains IOCs related to the Barium activity group.\n References: https://www.justice.gov/opa/pr/seven-international-cyber-defendants-including-apt41-actors-charged-connection-computer",
                        "displayName": "Known Barium domains",
                        "enabled": false,
                        "query": "\nlet DomainNames = dynamic([\"0.ns1.dns-info.gq\", \"1.ns1.dns-info.gq\", \"10.ns1.dns-info.gq\", \"102.ns1.dns-info.gq\", \n   \"104.ns1.dns-info.gq\", \"11.ns1.dns-info.gq\", \"110.ns1.dns-info.gq\", \"115.ns1.dns-info.gq\", \"116.ns1.dns-info.gq\", \n   \"117.ns1.dns-info.gq\", \"118.ns1.dns-info.gq\", \"12.ns1.dns-info.gq\", \"120.ns1.dns-info.gq\", \"122.ns1.dns-info.gq\", \n   \"123.ns1.dns-info.gq\", \"128.ns1.dns-info.gq\", \"13.ns1.dns-info.gq\", \"134.ns1.dns-info.gq\", \"135.ns1.dns-info.gq\", \n   \"138.ns1.dns-info.gq\", \"14.ns1.dns-info.gq\", \"144.ns1.dns-info.gq\", \"15.ns1.dns-info.gq\", \"153.ns1.dns-info.gq\", \n   \"157.ns1.dns-info.gq\", \"16.ns1.dns-info.gq\", \"17.ns1.dns-info.gq\", \"18.ns1.dns-info.gq\", \"19.ns1.dns-info.gq\", \n   \"1a9604fa.ns1.feedsdns.com\", \"1c7606b6.ns1.steamappstore.com\", \"2.ns1.dns-info.gq\", \"20.ns1.dns-info.gq\", \n   \"201.ns1.dns-info.gq\", \"202.ns1.dns-info.gq\", \"204.ns1.dns-info.gq\", \"207.ns1.dns-info.gq\", \"21.ns1.dns-info.gq\", \n   \"210.ns1.dns-info.gq\", \"211.ns1.dns-info.gq\", \"216.ns1.dns-info.gq\", \"22.ns1.dns-info.gq\", \"220.ns1.dns-info.gq\", \n   \"223.ns1.dns-info.gq\", \"23.ns1.dns-info.gq\", \"24.ns1.dns-info.gq\", \"25.ns1.dns-info.gq\", \"26.ns1.dns-info.gq\", \n   \"27.ns1.dns-info.gq\", \"28.ns1.dns-info.gq\", \"29.ns1.dns-info.gq\", \"3.ns1.dns-info.gq\", \"30.ns1.dns-info.gq\", \n   \"31.ns1.dns-info.gq\", \"32.ns1.dns-info.gq\", \"33.ns1.dns-info.gq\", \"34.ns1.dns-info.gq\", \"35.ns1.dns-info.gq\", \n   \"36.ns1.dns-info.gq\", \"37.ns1.dns-info.gq\", \"39.ns1.dns-info.gq\", \"3d6fe4b2.ns1.steamappstore.com\", \n   \"4.ns1.dns-info.gq\", \"40.ns1.dns-info.gq\", \"42.ns1.dns-info.gq\", \"43.ns1.dns-info.gq\", \"44.ns1.dns-info.gq\", \n   \"45.ns1.dns-info.gq\", \"46.ns1.dns-info.gq\", \"48.ns1.dns-info.gq\", \"5.ns1.dns-info.gq\", \"50.ns1.dns-info.gq\", \n   \"50417.service.gstatic.dnset.com\", \"51.ns1.dns-info.gq\", \"52.ns1.dns-info.gq\", \"53.ns1.dns-info.gq\",\n   \"54.ns1.dns-info.gq\", \"55.ns1.dns-info.gq\", \"56.ns1.dns-info.gq\", \"57.ns1.dns-info.gq\", \"58.ns1.dns-info.gq\", \n   \"6.ns1.dns-info.gq\", \"60.ns1.dns-info.gq\", \"62.ns1.dns-info.gq\", \"63.ns1.dns-info.gq\", \"64.ns1.dns-info.gq\", \n   \"65.ns1.dns-info.gq\", \"67.ns1.dns-info.gq\", \"7.ns1.dns-info.gq\", \"70.ns1.dns-info.gq\", \"71.ns1.dns-info.gq\",\n   \"73.ns1.dns-info.gq\", \"77.ns1.dns-info.gq\", \"77075.service.gstatic.dnset.com\", \"7c1947fa.ns1.steamappstore.com\",\n   \"8.ns1.dns-info.gq\", \"81.ns1.dns-info.gq\", \"86.ns1.dns-info.gq\", \"87.ns1.dns-info.gq\", \"9.ns1.dns-info.gq\", \n   \"94343.service.gstatic.dnset.com\", \"9939.service.gstatic.dnset.com\", \"aa.ns.mircosoftdoc.com\", \n   \"aaa.feeds.api.ns1.feedsdns.com\", \"aaa.googlepublic.feeds.ns1.dns-info.gq\", \n   \"aaa.resolution.174547._get.cache.up.sourcedns.tk\", \"acc.microsoftonetravel.com\", \n   \"accounts.longmusic.com\", \"admin.dnstemplog.com\", \"agent.updatenai.com\", \n   \"alibaba.zzux.com\", \"api.feedsdns.com\", \"app.portomnail.com\", \"asia.updatenai.com\", \n   \"battllestategames.com\", \"bguha.serveuser.com\", \"binann-ce.com\", \"bing.dsmtp.com\", \n   \"blog.cdsend.xyz\", \"brives.minivineyapp.com\", \"bsbana.dynamic-dns.net\", \n   \"californiaforce.000webhostapp.com\", \"californiafroce.000webhostapp.com\", \n   \"cdn.freetcp.com\", \"cdsend.xyz\", \"cipla.zzux.com\", \"cloudfeeddns.com\", \"comcleanner.info\",\n   \"cs.microsoftsonline.net\", \"dns-info.gq\", \"dns05.cf\", \"dns22.ml\", \"dns224.com\", \n   \"dnsdist.org\", \"dnstemplog.com\", \"doc.mircosoftdoc.com\", \"dropdns.com\", \n   \"eshop.cdn.freetcp.com\", \"exchange.dumb1.com\", \"exchange.misecure.com\", \"exchange.mrbasic.com\",\n   \"facebookdocs.com\", \"facebookint.com\", \"facebookvi.com\", \"feed.ns1.dns-info.gq\", \"feedsdns.com\", \n   \"firejun.freeddns.com\", \"ftp.dns-info.dyndns.pro\", \"goallbandungtravel.com\", \"goodhk.azurewebsites.net\", \n   \"googlepublic.feed.ns1.dns-info.gq\", \"gp.spotifylite.cloud\", \"gskytop.com\", \"gstatic.dnset.com\", \n   \"gxxservice.com\", \"helpdesk.cdn.freetcp.com\", \"id.serveuser.com\", \"infestexe.com\", \"item.itemdb.com\",\n   \"m.mircosoftdoc.com\", \"mail.transferdkim.xyz\", \"mcafee.updatenai.com\", \"mecgjm.mircosoftdoc.com\",\n   \"microdocs.ga\", \"microsock.website\", \"microsocks.net\", \"microsoft.sendsmtp.com\", \n   \"microsoftbook.dns05.com\", \"microsoftcontactcenter.com\", \"microsoftdocs.dns05.com\", \"microsoftdocs.ml\", \n   \"microsoftonetravel.com\", \"microsoftonlines.net\", \"microsoftprod.com\", \"microsofts.dns1.us\", \"microsoftsonline.net\",\n    \"minivineyapp.com\", \"mircosoftdoc.com\", \"mircosoftdocs.com\", \"mlcrosoft.ninth.biz\", \"mlcrosoft.site\", \n   \"mm.portomnail.com\", \"msdnupdate.com\", \"msecdn.cloud\", \"mtnl1.dynamic-dns.net\", \"ns.gstatic.dnset.com\", \n   \"ns.microsoftprod.com\", \"ns.steamappstore.com\", \"ns1.cdn.freetcp.com\", \"ns1.comcleanner.info\", \"ns1.dns-info.gq\", \n   \"ns1.dns05.cf\", \"ns1.dnstemplog.com\", \"ns1.dropdns.com\", \"ns1.microsoftonetravel.com\", \n   \"ns1.microsoftonlines.net\", \"ns1.microsoftprod.com\", \"ns1.microsoftsonline.net\", \"ns1.mlcrosoft.site\", \n   \"ns1.teams.wikaba.com\", \"ns1.windowsdefende.com\", \"ns2.comcleanner.info\", \"ns2.dnstemplog.com\", \n   \"ns2.microsoftonetravel.com\", \"ns2.microsoftprod.com\", \"ns2.microsoftsonline.net\", \"ns2.mlcrosoft.site\", \n   \"ns2.windowsdefende.com\", \"ns3.microsoftprod.com\", \"ns3.mlcrosoft.site\", \"nutrition.mrbasic.com\", \n   \"nutrition.youdontcare.com\", \"online.mlcrosoft.site\", \"online.msdnupdate.com\", \"outlookservce.site\", \n   \"owa.jetos.com\", \"owa.otzo.com\", \"pornotime.co\", \"portomnail.com\", \n   \"post.1a0.066e063ac.7c1947fa.ns1.steamappstore.com\", \"pricingdmdk.com\", \"prod.microsoftprod.com\", \n   \"product.microsoftprod.com\", \"ptcl.yourtrap.com\", \"query.api.sourcedns.tk\", \"rb.itemdb.com\", \"redditcdn.com\", \n   \"rss.otzo.com\", \"secure.msdnupdate.com\", \"service.dns22.ml\", \"service.gstatic.dnset.com\", \"service04.dns04.com\", \n   \"settings.teams.wikaba.com\", \"sip.outlookservce.site\", \"sixindent.epizy.com\", \"soft.msdnupdate.com\", \"sourcedns.ml\", \n   \"sourcedns.tk\", \"sport.msdnupdate.com\", \"spotifylite.cloud\", \"static.misecure.com\", \"steamappstore.com\", \n   \"store.otzo.com\", \"survey.outlookservce.site\", \"team.itemdb.com\", \"temp221.com\", \"test.microsoftprod.com\", \n   \"thisisaaa.000webhostapp.com\", \"token.dns04.com\", \"token.dns05.com\", \"transferdkim.xyz\", \n   \"travelsanignacio.com\", \"update08.com\", \"updated08.com\", \"updatenai.com\", \"wantforspeed.com\",\n    \"web.mircosoftdoc.com\", \"webmail.pornotime.co\", \"webwhois.team.itemdb.com\", \"windowsdefende.com\", \"wnswindows.com\",\n    \"ashcrack.freetcp.com\", \"battllestategames.com\", \"binannce.com\", \"cdsend.xyz\", \"comcleanner.info\", \"microsock.website\", \n   \"microsocks.net\", \"microsoftsonline.net\", \"mlcrosoft.site\", \"notify.serveuser.com\", \"ns1.microsoftprod.com\", \n   \"ns2.microsoftprod.com\", \"pricingdmdk.com\", \"steamappstore.com\", \"update08.com\", \"wnswindows.com\", \n   \"youtube.dns05.com\", \"z1.zalofilescdn.com\", \"z2.zalofilescdn.com\", \"zalofilescdn.com\"]); \n(union isfuzzy=true \n (CommonSecurityLog  \n | parse Message with * '(' DNSName ')' *  \n | where DNSName in~ (DomainNames) \n | extend Account = SourceUserID, Computer = DeviceName, IPAddress =  DestinationIP \n ), \n (_Im_Dns (domain_has_any=DomainNames)\n | extend DNSName = DnsQuery \n | extend IPAddress =  SrcIpAddr, Computer = Dvc\n ), \n (_Im_WebSession (url_has_any=DomainNames)\n | extend DNSName = tostring(parse_url(Url)[\"Host\"])\n | extend IPAddress =  SrcIpAddr, Computer = Dvc\n ), \n (VMConnection  \n | parse RemoteDnsCanonicalNames with * '[\"' DNSName '\"]' * \n | where isnotempty(DNSName) \n | where DNSName  in~ (DomainNames) \n | extend IPAddress = RemoteIp \n ), \n ( \n  DeviceNetworkEvents \n | where isnotempty(RemoteUrl) \n | where RemoteUrl  in~ (DomainNames)  \n | extend IPAddress = RemoteIP \n | extend Computer = DeviceName \n ),\n (AzureDiagnostics \n | where ResourceType == \"AZUREFIREWALLS\"\n | where Category == \"AzureFirewallApplicationRule\"\n | parse msg_s with Protocol 'request from ' SourceHost ':' SourcePort 'to ' DestinationHost ':' DestinationPort '. Action:' Action\n | where isnotempty(DestinationHost)\n | where DestinationHost has_any (DomainNames)  \n | extend DNSName = DestinationHost \n | extend IPAddress = SourceHost\n ) \n ) \n | extend timestamp = TimeGenerated, AccountCustomEntity = Account, HostCustomEntity = Computer, IPCustomEntity = IPAddress \n",
                        "queryFrequency": "P1D",
                        "queryPeriod": "P1D",
                        "severity": "High",
                        "suppressionDuration": "PT1H",
                        "suppressionEnabled": false,
                        "triggerOperator": "GreaterThan",
                        "triggerThreshold": 0,
                        "tactics": [
                          "CommandAndControl"
                        ],
                        "entityMappings": [
                          {
                            "entityType": "Account",
                            "fieldMappings": [
                              {
                                "columnName": "AccountCustomEntity",
                                "identifier": "FullName"
                              }
                            ]
                          },
                          {
                            "entityType": "Host",
                            "fieldMappings": [
                              {
                                "columnName": "HostCustomEntity",
                                "identifier": "FullName"
                              }
                            ]
                          },
                          {
                            "entityType": "IP",
                            "fieldMappings": [
                              {
                                "columnName": "IPCustomEntity",
                                "identifier": "Address"
                              }
                            ]
                          }
                        ]
                      }
                    },
                    {
                      "type": "Microsoft.OperationalInsights/workspaces/providers/metadata",
                      "apiVersion": "2021-03-01-preview",
                      "name": "[concat(parameters('workspace'),'/Microsoft.SecurityInsights/', '')]",
                      "properties": {
                        "description": "'Identifies a match across various data feeds for domains IOCs related to the Barium activity group.\n References: https://www.justice.gov/opa/pr/seven-international-cyber-defendants-including-apt41-actors-charged-connection-computer'\n",
                        "contentId": "70b12a3b-4899-42cb-910c-5ffaf9d7997d",
                        "version": "1.6.1",
                        "source": {
                          "kind": "Community"
                        },
                        "threatAnalysisTactics": [
                          "CommandAndControl"
                        ],
                        "parentId": "70b12a3b-4899-42cb-910c-5ffaf9d7997d",
                        "kind": "AnalyticsRule",
                        "dependencies": {
                          "operator": "AND",
                          "criteria": [
                            {
                              "contentId": "SquidProxy_CL",
                              "kind": "DataType"
                            },
                            {
                              "contentId": "DnsEvents",
                              "kind": "DataType"
                            },
                            {
                              "contentId": "VMConnection",
                              "kind": "DataType"
                            },
                            {
                              "contentId": "CommonSecurityLog",
                              "kind": "DataType"
                            },
                            {
                              "contentId": "CommonSecurityLog",
                              "kind": "DataType"
                            },
                            {
                              "contentId": "DeviceNetworkEvents",
                              "kind": "DataType"
                            },
                            {
                              "contentId": "AzureDiagnostics",
                              "kind": "DataType"
                            },
                            {
                              "contentId": "CommonSecurityLog",
                              "kind": "DataType"
                            },
                            {
                              "contentId": "Syslog",
                              "kind": "DataType"
                            },
                            {
                              "contentId": "GCP_DNS_CL",
                              "kind": "DataType"
                            },
                            {
                              "contentId": "NXLog_DNS_Server_CL",
                              "kind": "DataType"
                            },
                            {
                              "contentId": "Cisco_Umbrella_dns_CL",
                              "kind": "DataType"
                            },
                            {
                              "contentId": "Corelight_CL",
                              "kind": "DataType"
                            }
                          ]
                        }
                      }
                    }
                  ]
                }
              }
            }
          ]
        },
        "contentId": "70b12a3b-4899-42cb-910c-5ffaf9d7997d",
        "dependencies": {
          "operator": "AND",
          "criteria": [
            {
              "contentId": "70b12a3b-4899-42cb-910c-5ffaf9d7997d",
              "kind": "AnalyticsRule"
            }
          ]
        },
        "description": "'Identifies a match across various data feeds for domains IOCs related to the Barium activity group.\n References: https://www.justice.gov/opa/pr/seven-international-cyber-defendants-including-apt41-actors-charged-connection-computer'\n",
        "displayName": "Known Barium domains",
        "source": {
          "kind": "Community"
        },
        "threatAnalysisTactics": [
          "CommandAndControl"
        ],
        "version": "1.6.1"
      },
      "name": "[concat(parameters('workspace'),'/Microsoft.SecurityInsights/', '70b12a3b-4899-42cb-910c-5ffaf9d7997d')]"
    }
  ]
}