{
  "$schema": "https://schema.management.azure.com/schemas/2019-04-01/deploymentTemplate.json#",
  "contentVersion": "1.0.0.0",
  "parameters": {
    "location": {
      "type": "string",
      "minLength": 1,
      "defaultValue": "[resourceGroup().location]",
      "metadata": {
        "description": "Not used, but needed to pass arm-ttk test `Location-Should-Not-Be-Hardcoded`.  We instead use the `workspace-location` which is derived from the LA workspace"
      }
    },
    "workspace-location": {
      "type": "string",
      "defaultValue": "",
      "metadata": {
        "description": "[concat('Region to deploy solution resources -- separate from location selection',parameters('location'))]"
      }
    },
    "workspace": {
      "defaultValue": "",
      "type": "string",
      "metadata": {
        "description": "Workspace name for Log Analytics where Microsoft Sentinel is setup"
      }
    }
  },
  "variables": {},
  "resources": [
    {
      "type": "Microsoft.OperationalInsights/workspaces/providers/packages",
      "location": "[parameters('workspace-location')]",
      "apiVersion": "2022-08-01",
      "properties": {
        "packageKind": "Standalone",
        "packageItems": {
          "resources": [
            {
              "type": "Microsoft.OperationalInsights/workspaces/providers/contentTemplates",
              "name": "[concat(parameters('workspace'),'/Microsoft.SecurityInsights/', '6e95aef3-a1e0-4063-8e74-cd59aa59f245')]",
              "location": "[parameters('workspace-location')]",
              "apiVersion": "2022-08-01",
              "properties": {
                "contentId": "6e95aef3-a1e0-4063-8e74-cd59aa59f245",
                "displayName": "Azure Diagnostic settings removed from a resource",
                "contentKind": "AnalyticsRule",
                "mainTemplate": {
                  "$schema": "https://schema.management.azure.com/schemas/2019-04-01/deploymentTemplate.json#",
                  "contentVersion": "1.0.0",
                  "resources": [
                    {
                      "type": "Microsoft.OperationalInsights/workspaces/providers/alertRules",
                      "apiVersion": "2022-04-01-preview",
                      "name": "6e95aef3-a1e0-4063-8e74-cd59aa59f245",
                      "kind": "Scheduled",
                      "location": "[parameters('workspace-location')]",
                      "properties": {
                        "description": "This query looks for diagnostic settings that are removed from a resource.\nThis could indicate an attacker or malicious internal trying to evade detection before malicious act is performed.\nIf the diagnostic settings are being deleted as part of a parent resource deletion, the event is ignores.",
                        "displayName": "Azure Diagnostic settings removed from a resource",
                        "enabled": false,
                        "query": "AzureActivity\n  | where OperationNameValue == 'MICROSOFT.INSIGHTS/DIAGNOSTICSETTINGS/DELETE' and ActivityStatusValue == \"Start\"\n  | extend ParentResource_a = split(_ResourceId,\"/\")\n  | extend ParentResourceLength = array_length(ParentResource_a)-4\n  | extend ParentResourceSplit = array_split(ParentResource_a,ParentResourceLength)\n  | extend resource = strcat_array(ParentResourceSplit[0],\"/\")\n  | project Diagdelete = TimeGenerated, Caller, ResourceProviderValue, _ResourceId, SubscriptionId, ResourceGroup, OperationNameValue, ActivityStatusValue, ActivitySubstatusValue, Start=TimeGenerated, resource, CallerIpAddress\n  | join kind=leftanti  ( AzureActivity\n  | where OperationNameValue != 'MICROSOFT.INSIGHTS/DIAGNOSTICSETTINGS/DELETE' and OperationNameValue endswith \"/DELETE\"\n  | where ActivityStatusValue == 'Start'\n  | project Caller, ResourceProviderValue, resource = tostring(parse_json(Properties).resource), SubscriptionId, ResourceGroup, OperationNameValue, ActivityStatusValue, ActivitySubstatusValue, Start=TimeGenerated) on $left.resource == $right.resource\n  | project Caller, ResourceProviderValue, resource, SubscriptionId, ResourceGroup, OperationNameValue, ActivityStatusValue, ActivitySubstatusValue, Start, CallerIpAddress\n",
                        "queryFrequency": "PT1H",
                        "queryPeriod": "PT2H",
                        "severity": "Medium",
                        "suppressionDuration": "PT1H",
                        "suppressionEnabled": false,
                        "triggerOperator": "GreaterThan",
                        "triggerThreshold": 0,
                        "tactics": [
                          "DefenseEvasion"
                        ],
                        "techniques": [
                          "T1562.008"
                        ],
                        "entityMappings": [
                          {
                            "entityType": "Account",
                            "fieldMappings": [
                              {
                                "columnName": "Caller",
                                "identifier": "Name"
                              }
                            ]
                          },
                          {
                            "entityType": "IP",
                            "fieldMappings": [
                              {
                                "columnName": "CallerIpAddress",
                                "identifier": "Address"
                              }
                            ]
                          }
                        ]
                      }
                    },
                    {
                      "type": "Microsoft.OperationalInsights/workspaces/providers/metadata",
                      "apiVersion": "2021-03-01-preview",
                      "properties": {
                        "description": "'This query looks for diagnostic settings that are removed from a resource.\nThis could indicate an attacker or malicious internal trying to evade detection before malicious act is performed.\nIf the diagnostic settings are being deleted as part of a parent resource deletion, the event is ignores.'\n",
                        "version": "1.0.0",
                        "author": {
                          "name": "Community"
                        },
                        "support": {
                          "name": "Community",
                          "link": "https://github.com/Azure/Azure-Sentinel/issues",
                          "tier": "Community"
                        },
                        "source": {
                          "kind": "Community",
                          "name": "Standalone"
                        },
                        "threatAnalysisTactics": [
                          "DefenseEvasion"
                        ],
                        "threatAnalyticsTechniques": [
                          "T1562.008"
                        ],
                        "contentId": "6e95aef3-a1e0-4063-8e74-cd59aa59f245",
                        "parentId": "6e95aef3-a1e0-4063-8e74-cd59aa59f245",
                        "kind": "AnalyticsRule",
                        "dependencies": {
                          "operator": "AND",
                          "criteria": [
                            {
                              "contentId": "AzureActivity",
                              "kind": "DataType"
                            }
                          ]
                        }
                      }
                    }
                  ]
                }
              }
            }
          ]
        },
        "author": {
          "name": "Community"
        },
        "dependencies": {
          "operator": "AND",
          "criteria": [
            {
              "contentId": "6e95aef3-a1e0-4063-8e74-cd59aa59f245",
              "kind": "AnalyticsRule"
            }
          ]
        },
        "description": "'This query looks for diagnostic settings that are removed from a resource.\nThis could indicate an attacker or malicious internal trying to evade detection before malicious act is performed.\nIf the diagnostic settings are being deleted as part of a parent resource deletion, the event is ignores.'\n",
        "displayName": "Azure Diagnostic settings removed from a resource",
        "packageId": "6e95aef3-a1e0-4063-8e74-cd59aa59f245",
        "source": {
          "kind": "Community",
          "name": "Standalone"
        },
        "support": {
          "name": "Community",
          "link": "https://github.com/Azure/Azure-Sentinel/issues",
          "tier": "Community"
        },
        "threatAnalysisTactics": [
          "DefenseEvasion"
        ],
        "threatAnalyticsTechniques": [
          "T1562.008"
        ],
        "version": "1.0.0"
      },
      "name": "[concat(parameters('workspace'),'/Microsoft.SecurityInsights/', '6e95aef3-a1e0-4063-8e74-cd59aa59f245')]"
    }
  ]
}