{
  "$schema": "https://schema.management.azure.com/schemas/2019-04-01/deploymentTemplate.json#",
  "contentVersion": "1.0.0.0",
  "parameters": {
    "location": {
      "type": "string",
      "minLength": 1,
      "defaultValue": "[resourceGroup().location]",
      "metadata": {
        "description": "Not used, but needed to pass arm-ttk test `Location-Should-Not-Be-Hardcoded`.  We instead use the `workspace-location` which is derived from the LA workspace"
      }
    },
    "workspace-location": {
      "type": "string",
      "defaultValue": "",
      "metadata": {
        "description": "[concat('Region to deploy solution resources -- separate from location selection',parameters('location'))]"
      }
    },
    "workspace": {
      "defaultValue": "",
      "type": "string",
      "metadata": {
        "description": "Workspace name for Log Analytics where Microsoft Sentinel is setup"
      }
    }
  },
  "variables": {},
  "resources": [
    {
      "type": "Microsoft.OperationalInsights/workspaces/providers/packages",
      "location": "[parameters('workspace-location')]",
      "apiVersion": "2022-08-01",
      "properties": {
        "packageKind": "Standalone",
        "packageItems": {
          "resources": [
            {
              "type": "Microsoft.OperationalInsights/workspaces/providers/contentTemplates",
              "name": "[concat(parameters('workspace'),'/Microsoft.SecurityInsights/', '7249500f-3038-4b83-8549-9cd8dfa2d498')]",
              "location": "[parameters('workspace-location')]",
              "apiVersion": "2022-08-01",
              "properties": {
                "contentId": "7249500f-3038-4b83-8549-9cd8dfa2d498",
                "displayName": "Known PHOSPHORUS group domains/IP - October 2020",
                "contentKind": "AnalyticsRule",
                "mainTemplate": {
                  "$schema": "https://schema.management.azure.com/schemas/2019-04-01/deploymentTemplate.json#",
                  "contentVersion": "1.0.0",
                  "resources": [
                    {
                      "type": "Microsoft.OperationalInsights/workspaces/providers/alertRules",
                      "apiVersion": "2022-04-01-preview",
                      "name": "7249500f-3038-4b83-8549-9cd8dfa2d498",
                      "kind": "Scheduled",
                      "location": "[parameters('workspace-location')]",
                      "properties": {
                        "description": "Matches IOCs related to PHOSPHORUS group activity published October 2020 with CommonSecurityLog, DnsEvents, OfficeActivity and VMConnection dataTypes.\nReferences: ",
                        "displayName": "Known PHOSPHORUS group domains/IP - October 2020",
                        "enabled": false,
                        "query": "\nlet DomainNames = dynamic([\"de-ma.online\", \"g20saudi.000webhostapp.com\", \"ksat20.000webhostapp.com\"]);\nlet EmailAddresses = dynamic([\"munichconference1962@gmail.com\",\"munichconference@outlook.de\", \"munichconference@outlook.com\", \"t20saudiarabia@gmail.com\", \"t20saudiarabia@hotmail.com\", \"t20saudiarabia@outlook.sa\"]);\nlet IPRegex = '[0-9]{1,3}\\\\.[0-9]{1,3}\\\\.[0-9]{1,3}\\\\.[0-9]{1,3}';\n(union isfuzzy=true\n(CommonSecurityLog \n| parse Message with * '(' DNSName ')' * \n| extend MessageIP = extract(IPRegex, 0, Message)\n| extend RequestURLIP = extract(IPRegex, 0, Message)\n| where (isnotempty(DNSName) and DNSName has_any (DomainNames)) \n  or (isnotempty(DestinationHostName) and DestinationHostName has_any (DomainNames)) \n  or (isnotempty(RequestURL) and (RequestURL has_any (DomainNames)))\n| extend timestamp = TimeGenerated , AccountCustomEntity = SourceUserID, HostCustomEntity = DeviceName\n),\n(DnsEvents \n| extend DestinationIPAddress = IPAddresses, DNSName = Name, Host = Computer\n| where DNSName has_any (DomainNames) \n| extend timestamp = TimeGenerated, IPCustomEntity = DestinationIPAddress, HostCustomEntity = Host),\n(VMConnection \n| parse RemoteDnsCanonicalNames with * '[\"' DNSName '\"]' *\n| where isnotempty(DNSName)\n| where DNSName has_any (DomainNames)\n| extend timestamp = TimeGenerated , HostCustomEntity = Computer),\n(SecurityAlert\n| where ProviderName =~ 'OATP'\n| extend UPN = case(isnotempty(parse_json(Entities)[0].Upn), parse_json(Entities)[0].Upn, \n                    isnotempty(parse_json(Entities)[1].Upn), parse_json(Entities)[1].Upn,\n                    isnotempty(parse_json(Entities)[2].Upn), parse_json(Entities)[2].Upn,\n                    isnotempty(parse_json(Entities)[3].Upn), parse_json(Entities)[3].Upn,\n                    isnotempty(parse_json(Entities)[4].Upn), parse_json(Entities)[4].Upn,\n                    isnotempty(parse_json(Entities)[5].Upn), parse_json(Entities)[5].Upn,\n                    isnotempty(parse_json(Entities)[6].Upn), parse_json(Entities)[6].Upn,\n                    isnotempty(parse_json(Entities)[7].Upn), parse_json(Entities)[7].Upn,\n                    isnotempty(parse_json(Entities)[8].Upn), parse_json(Entities)[8].Upn,\n                    parse_json(Entities)[9].Upn)\n| where Entities has_any (EmailAddresses)\n| extend timestamp = TimeGenerated, AccountCustomEntity = tostring(UPN)),\n(AzureDiagnostics\n| where ResourceType =~ \"AZUREFIREWALLS\"\n| where msg_s has_any (DomainNames)\n| extend timestamp = TimeGenerated))\n",
                        "queryFrequency": "P1D",
                        "queryPeriod": "P1D",
                        "severity": "High",
                        "suppressionDuration": "PT1H",
                        "suppressionEnabled": false,
                        "triggerOperator": "GreaterThan",
                        "triggerThreshold": 0,
                        "tactics": [
                          "CommandAndControl",
                          "InitialAccess"
                        ],
                        "techniques": [
                          "T1071",
                          "T1566"
                        ],
                        "entityMappings": [
                          {
                            "entityType": "Account",
                            "fieldMappings": [
                              {
                                "columnName": "AccountCustomEntity",
                                "identifier": "FullName"
                              }
                            ]
                          },
                          {
                            "entityType": "Host",
                            "fieldMappings": [
                              {
                                "columnName": "HostCustomEntity",
                                "identifier": "FullName"
                              }
                            ]
                          },
                          {
                            "entityType": "IP",
                            "fieldMappings": [
                              {
                                "columnName": "IPCustomEntity",
                                "identifier": "Address"
                              }
                            ]
                          }
                        ]
                      }
                    },
                    {
                      "type": "Microsoft.OperationalInsights/workspaces/providers/metadata",
                      "apiVersion": "2021-03-01-preview",
                      "properties": {
                        "description": "'Matches IOCs related to PHOSPHORUS group activity published October 2020 with CommonSecurityLog, DnsEvents, OfficeActivity and VMConnection dataTypes.\nReferences: '\n",
                        "version": "1.0.0",
                        "author": {
                          "name": "Community"
                        },
                        "support": {
                          "name": "Community",
                          "link": "https://github.com/Azure/Azure-Sentinel/issues",
                          "tier": "Community"
                        },
                        "source": {
                          "kind": "Community",
                          "name": "Standalone"
                        },
                        "threatAnalysisTactics": [
                          "CommandAndControl",
                          "InitialAccess"
                        ],
                        "threatAnalyticsTechniques": [
                          "T1071",
                          "T1566"
                        ],
                        "contentId": "7249500f-3038-4b83-8549-9cd8dfa2d498",
                        "parentId": "7249500f-3038-4b83-8549-9cd8dfa2d498",
                        "kind": "AnalyticsRule",
                        "dependencies": {
                          "operator": "AND",
                          "criteria": [
                            {
                              "contentId": "DnsEvents",
                              "kind": "DataType"
                            },
                            {
                              "contentId": "VMConnection",
                              "kind": "DataType"
                            },
                            {
                              "contentId": "CommonSecurityLog (Cisco)",
                              "kind": "DataType"
                            },
                            {
                              "contentId": "CommonSecurityLog (PaloAlto)",
                              "kind": "DataType"
                            },
                            {
                              "contentId": "CommonSecurityLog (Zscaler)",
                              "kind": "DataType"
                            },
                            {
                              "contentId": "CommonSecurityLog (Fortinet)",
                              "kind": "DataType"
                            },
                            {
                              "contentId": "SecurityAlert (OATP)",
                              "kind": "DataType"
                            },
                            {
                              "contentId": "AzureDiagnostics (Azure Firewall)",
                              "kind": "DataType"
                            }
                          ]
                        }
                      }
                    }
                  ]
                }
              }
            }
          ]
        },
        "author": {
          "name": "Community"
        },
        "dependencies": {
          "operator": "AND",
          "criteria": [
            {
              "contentId": "7249500f-3038-4b83-8549-9cd8dfa2d498",
              "kind": "AnalyticsRule"
            }
          ]
        },
        "description": "'Matches IOCs related to PHOSPHORUS group activity published October 2020 with CommonSecurityLog, DnsEvents, OfficeActivity and VMConnection dataTypes.\nReferences: '\n",
        "displayName": "Known PHOSPHORUS group domains/IP - October 2020",
        "packageId": "7249500f-3038-4b83-8549-9cd8dfa2d498",
        "source": {
          "kind": "Community",
          "name": "Standalone"
        },
        "support": {
          "name": "Community",
          "link": "https://github.com/Azure/Azure-Sentinel/issues",
          "tier": "Community"
        },
        "threatAnalysisTactics": [
          "CommandAndControl",
          "InitialAccess"
        ],
        "threatAnalyticsTechniques": [
          "T1071",
          "T1566"
        ],
        "version": "1.0.0"
      },
      "name": "[concat(parameters('workspace'),'/Microsoft.SecurityInsights/', '7249500f-3038-4b83-8549-9cd8dfa2d498')]"
    }
  ]
}