{
  "$schema": "https://schema.management.azure.com/schemas/2019-04-01/deploymentTemplate.json#",
  "contentVersion": "1.0.0.0",
  "parameters": {
    "location": {
      "type": "string",
      "minLength": 1,
      "defaultValue": "[resourceGroup().location]",
      "metadata": {
        "description": "Not used, but needed to pass arm-ttk test `Location-Should-Not-Be-Hardcoded`.  We instead use the `workspace-location` which is derived from the LA workspace"
      }
    },
    "workspace-location": {
      "type": "string",
      "defaultValue": "",
      "metadata": {
        "description": "[concat('Region to deploy solution resources -- separate from location selection',parameters('location'))]"
      }
    },
    "workspace": {
      "defaultValue": "",
      "type": "string",
      "metadata": {
        "description": "Workspace name for Log Analytics where Microsoft Sentinel is setup"
      }
    }
  },
  "variables": {},
  "resources": [
    {
      "type": "Microsoft.OperationalInsights/workspaces/providers/packages",
      "location": "[parameters('workspace-location')]",
      "apiVersion": "2022-08-01",
      "properties": {
        "packageKind": "Standalone",
        "packageItems": {
          "resources": [
            {
              "type": "Microsoft.OperationalInsights/workspaces/providers/contentTemplates",
              "name": "[concat(parameters('workspace'),'/Microsoft.SecurityInsights/', 'fcb9d75c-c3c1-4910-8697-f136bfef2363')]",
              "location": "[parameters('workspace-location')]",
              "apiVersion": "2022-08-01",
              "properties": {
                "contentId": "fcb9d75c-c3c1-4910-8697-f136bfef2363",
                "displayName": "Potential beaconing activity (ASIM Network Session schema)",
                "contentKind": "AnalyticsRule",
                "mainTemplate": {
                  "$schema": "https://schema.management.azure.com/schemas/2019-04-01/deploymentTemplate.json#",
                  "contentVersion": "1.1.0",
                  "resources": [
                    {
                      "type": "Microsoft.OperationalInsights/workspaces/providers/alertRules",
                      "apiVersion": "2022-04-01-preview",
                      "name": "fcb9d75c-c3c1-4910-8697-f136bfef2363",
                      "kind": "Scheduled",
                      "location": "[parameters('workspace-location')]",
                      "properties": {
                        "description": "This rule identifies beaconing patterns from Network traffic logs based on recurrent frequency patterns. Such potential outbound beaconing pattern to untrusted public networks should be investigated for any malware callbacks or data exfiltration attempts as discussed in this [Blog](http://www.austintaylor.io/detect/beaconing/intrusion/detection/system/command/control/flare/elastic/stack/2017/06/10/detect-beaconing-with-flare-elasticsearch-and-intrusion-detection-systems/).\\<br><br>\nThis analytic rule uses [ASIM](https://aka.ms/AboutASIM) and supports any built-in or custom source that supports the ASIM NetworkSession schema'",
                        "displayName": "Potential beaconing activity (ASIM Network Session schema)",
                        "enabled": false,
                        "query": "let querystarttime = 2d;\nlet queryendtime = 1d;\nlet TimeDeltaThreshold = 10;\nlet TotalEventsThreshold = 15;\nlet PercentBeaconThreshold = 80;\n_Im_NetworkSession(starttime=querystarttime, endtime=queryendtime)\n| where not(ipv4_is_private(DstIpAddr))\n| project TimeGenerated,   SrcIpAddr, SrcPortNumber, DstIpAddr, DstPortNumber, DstBytes, SrcBytes\n| sort by SrcIpAddr asc,TimeGenerated asc, DstIpAddr asc, DstPortNumber asc\n| serialize\n| extend nextTimeGenerated = next(TimeGenerated, 1), nextSrcIpAddr = next(SrcIpAddr, 1)\n| extend TimeDeltainSeconds = datetime_diff('second',nextTimeGenerated,TimeGenerated)\n| where SrcIpAddr == nextSrcIpAddr\n//Whitelisting criteria/ threshold criteria\n| where TimeDeltainSeconds > TimeDeltaThreshold \n| project TimeGenerated, TimeDeltainSeconds,   SrcIpAddr, SrcPortNumber, DstIpAddr, DstPortNumber, DstBytes, SrcBytes\n| summarize count(), sum(DstBytes), sum(SrcBytes), make_list(TimeDeltainSeconds) \nby TimeDeltainSeconds, bin(TimeGenerated, 1h),   SrcIpAddr, DstIpAddr, DstPortNumber\n| summarize (MostFrequentTimeDeltaCount, MostFrequentTimeDeltainSeconds) = arg_max(count_, TimeDeltainSeconds), TotalEvents=sum(count_), TotalSrcBytes = sum(sum_SrcBytes), TotalDstBytes = sum(sum_DstBytes) \nby bin(TimeGenerated, 1h),   SrcIpAddr, DstIpAddr, DstPortNumber\n| where TotalEvents > TotalEventsThreshold \n| extend BeaconPercent = MostFrequentTimeDeltaCount/toreal(TotalEvents) * 100\n| where BeaconPercent > PercentBeaconThreshold\n",
                        "queryFrequency": "P1D",
                        "queryPeriod": "P2D",
                        "severity": "Low",
                        "suppressionDuration": "PT1H",
                        "suppressionEnabled": false,
                        "triggerOperator": "GreaterThan",
                        "triggerThreshold": 0,
                        "tactics": [
                          "CommandAndControl"
                        ],
                        "techniques": [
                          "T1071",
                          "T1571"
                        ],
                        "entityMappings": [
                          {
                            "entityType": "IP",
                            "fieldMappings": [
                              {
                                "columnName": "SrcIpAddr",
                                "identifier": "Address"
                              }
                            ]
                          },
                          {
                            "entityType": "IP",
                            "fieldMappings": [
                              {
                                "columnName": "DstIpAddr",
                                "identifier": "Address"
                              }
                            ]
                          }
                        ],
                        "customDetails": {
                          "TotalDstBytes": "TotalDstBytes",
                          "DstPortNumber": "DstPortNumber",
                          "FrequencyTime": "MostFrequentTimeDeltaCount",
                          "FrequencyCount": "TotalSrcBytes"
                        },
                        "alertDetailsOverride": {
                          "alertDescriptionFormat": "Potential beaconing pattern from a client at address {{SrcIpAddr}} to a server at address {{DstIpAddr}} over port {{DstPortNumber}} identified. Such potential outbound beaconing pattern to untrusted public networks should be investigated for any malware callbacks or data exfiltration attempts as discussed in this [Blog](http://www.austintaylor.io/detect/beaconing/intrusion/detection/system/command/control/flare/elastic/stack/2017/06/10/detect-beaconing-with-flare-elasticsearch-and-intrusion-detection-systems/). The recurring frequency, reported as FrequencyTime in the custom details, and the total transferred volume reported as TotalDstBytes in the custom details, can help to determine the significance of this incident.",
                          "alertDisplayNameFormat": "Potential beaconing from {{SrcIpAddr}} to {{DstIpAddr}} over port {{DstPortNumber}}"
                        }
                      }
                    },
                    {
                      "type": "Microsoft.OperationalInsights/workspaces/providers/metadata",
                      "apiVersion": "2021-03-01-preview",
                      "properties": {
                        "description": "This rule identifies beaconing patterns from Network traffic logs based on recurrent frequency patterns. Such potential outbound beaconing pattern to untrusted public networks should be investigated for any malware callbacks or data exfiltration attempts as discussed in this [Blog](http://www.austintaylor.io/detect/beaconing/intrusion/detection/system/command/control/flare/elastic/stack/2017/06/10/detect-beaconing-with-flare-elasticsearch-and-intrusion-detection-systems/).\\<br><br>\nThis analytic rule uses [ASIM](https://aka.ms/AboutASIM) and supports any built-in or custom source that supports the ASIM NetworkSession schema'\n",
                        "version": "1.1.0",
                        "author": {
                          "name": "Community"
                        },
                        "support": {
                          "name": "Community",
                          "link": "https://github.com/Azure/Azure-Sentinel/issues",
                          "tier": "Community"
                        },
                        "source": {
                          "kind": "Community",
                          "name": "Standalone"
                        },
                        "threatAnalysisTactics": [
                          "CommandAndControl"
                        ],
                        "threatAnalyticsTechniques": [
                          "T1071",
                          "T1571"
                        ],
                        "contentId": "fcb9d75c-c3c1-4910-8697-f136bfef2363",
                        "parentId": "fcb9d75c-c3c1-4910-8697-f136bfef2363",
                        "kind": "AnalyticsRule",
                        "dependencies": {
                          "operator": "AND",
                          "criteria": [
                            {
                              "contentId": "AWSVPCFlow",
                              "kind": "DataType"
                            },
                            {
                              "contentId": "WindowsEvent",
                              "kind": "DataType"
                            },
                            {
                              "contentId": "DeviceNetworkEvents",
                              "kind": "DataType"
                            },
                            {
                              "contentId": "SecurityEvent",
                              "kind": "DataType"
                            },
                            {
                              "contentId": "CommonSecurityLog",
                              "kind": "DataType"
                            },
                            {
                              "contentId": "Syslog",
                              "kind": "DataType"
                            },
                            {
                              "contentId": "CommonSecurityLog",
                              "kind": "DataType"
                            }
                          ]
                        }
                      }
                    }
                  ]
                }
              }
            }
          ]
        },
        "author": {
          "name": "Community"
        },
        "dependencies": {
          "operator": "AND",
          "criteria": [
            {
              "contentId": "fcb9d75c-c3c1-4910-8697-f136bfef2363",
              "kind": "AnalyticsRule"
            }
          ]
        },
        "description": "This rule identifies beaconing patterns from Network traffic logs based on recurrent frequency patterns. Such potential outbound beaconing pattern to untrusted public networks should be investigated for any malware callbacks or data exfiltration attempts as discussed in this [Blog](http://www.austintaylor.io/detect/beaconing/intrusion/detection/system/command/control/flare/elastic/stack/2017/06/10/detect-beaconing-with-flare-elasticsearch-and-intrusion-detection-systems/).\\<br><br>\nThis analytic rule uses [ASIM](https://aka.ms/AboutASIM) and supports any built-in or custom source that supports the ASIM NetworkSession schema'\n",
        "displayName": "Potential beaconing activity (ASIM Network Session schema)",
        "packageId": "fcb9d75c-c3c1-4910-8697-f136bfef2363",
        "source": {
          "kind": "Community",
          "name": "Standalone"
        },
        "support": {
          "name": "Community",
          "link": "https://github.com/Azure/Azure-Sentinel/issues",
          "tier": "Community"
        },
        "threatAnalysisTactics": [
          "CommandAndControl"
        ],
        "threatAnalyticsTechniques": [
          "T1071",
          "T1571"
        ],
        "version": "1.1.0"
      },
      "name": "[concat(parameters('workspace'),'/Microsoft.SecurityInsights/', 'fcb9d75c-c3c1-4910-8697-f136bfef2363')]"
    }
  ]
}