{
  "$schema": "https://schema.management.azure.com/schemas/2019-04-01/deploymentTemplate.json#",
  "parameters": {
    "location": {
      "type": "string",
      "minLength": 1,
      "defaultValue": "[resourceGroup().location]",
      "metadata": {
        "description": "Not used, but needed to pass arm-ttk test `Location-Should-Not-Be-Hardcoded`.  We instead use the `workspace-location` which is derived from the LA workspace"
      }
    },
    "workspace-location": {
      "type": "string",
      "defaultValue": "",
      "metadata": {
        "description": "[concat('Region to deploy solution resources -- separate from location selection',parameters('location'))]"
      }
    },
    "workspace": {
      "defaultValue": "",
      "type": "string",
      "metadata": {
        "description": "Workspace name for Log Analytics where Microsoft Sentinel is setup"
      }
    }
  },
  "variables": {},
  "resources": [
    {
      "type": "Microsoft.OperationalInsights/workspaces/providers/packages",
      "location": "[parameters('workspace-location')]",
      "apiVersion": "2022-08-01",
      "properties": {
        "packageKind": "Standalone",
        "packageItems": {
          "resources": [
            {
              "type": "Microsoft.OperationalInsights/workspaces/providers/contentTemplates",
              "name": "[concat(parameters('workspace'),'/Microsoft.SecurityInsights/', '09ec8fa2-b25f-4696-bfae-05a7b85d7b9e')]",
              "location": "[parameters('workspace-location')]",
              "apiVersion": "2022-08-01",
              "properties": {
                "contentId": "09ec8fa2-b25f-4696-bfae-05a7b85d7b9e",
                "displayName": "User login from different countries within 3 hours (Uses Authentication Normalization)",
                "contentKind": "AnalyticsRule",
                "mainTemplate": {
                  "$schema": "https://schema.management.azure.com/schemas/2019-04-01/deploymentTemplate.json#",
                  "contentVersion": "1.2.1",
                  "resources": [
                    {
                      "type": "Microsoft.OperationalInsights/workspaces/providers/alertRules",
                      "apiVersion": "2022-04-01-preview",
                      "name": "[concat(parameters('workspace'),'/Microsoft.SecurityInsights/', '' )]",
                      "kind": "Scheduled",
                      "location": "[parameters('workspace-location')]",
                      "properties": {
                        "description": "This query searches for successful user logins from different countries within 3 hours.\n To use this analytics rule, make sure you have deployed the [ASIM normalization parsers](https://aka.ms/ASimAuthentication)",
                        "displayName": "User login from different countries within 3 hours (Uses Authentication Normalization)",
                        "enabled": false,
                        "query": "let timeframe = ago(3h);\nlet threshold = 2;\nimAuthentication\n| where TimeGenerated > timeframe\n| where EventType=='Logon' and EventResult=='Success'\n| where isnotempty(SrcGeoCountry)\n| summarize StartTime = min(TimeGenerated), EndTime = max(TimeGenerated), Vendors=make_set(EventVendor), Products=make_set(EventProduct)\n  , NumOfCountries = dcount(SrcGeoCountry)\n  by TargetUserId, TargetUsername, TargetUserType\n| where NumOfCountries >= threshold\n| extend timestamp = StartTime, AccountCustomEntity = TargetUsername\n",
                        "queryFrequency": "PT3H",
                        "queryPeriod": "PT3H",
                        "severity": "High",
                        "suppressionDuration": "PT1H",
                        "suppressionEnabled": false,
                        "triggerOperator": "GreaterThan",
                        "triggerThreshold": 0,
                        "tactics": [
                          "InitialAccess"
                        ],
                        "entityMappings": [
                          {
                            "entityType": "Account",
                            "fieldMappings": [
                              {
                                "columnName": "AccountCustomEntity",
                                "identifier": "FullName"
                              }
                            ]
                          }
                        ]
                      }
                    },
                    {
                      "type": "Microsoft.OperationalInsights/workspaces/providers/metadata",
                      "apiVersion": "2021-03-01-preview",
                      "name": "[concat(parameters('workspace'),'/Microsoft.SecurityInsights/', '')]",
                      "properties": {
                        "description": "'This query searches for successful user logins from different countries within 3 hours.\n To use this analytics rule, make sure you have deployed the [ASIM normalization parsers](https://aka.ms/ASimAuthentication)'\n",
                        "contentId": "09ec8fa2-b25f-4696-bfae-05a7b85d7b9e",
                        "version": "1.2.1",
                        "source": {
                          "kind": "Community"
                        },
                        "threatAnalysisTactics": [
                          "InitialAccess"
                        ],
                        "threatAnalyticsTechniques": [
                          "T1078"
                        ],
                        "parentId": "09ec8fa2-b25f-4696-bfae-05a7b85d7b9e",
                        "kind": "AnalyticsRule"
                      }
                    }
                  ]
                }
              }
            }
          ]
        },
        "contentId": "09ec8fa2-b25f-4696-bfae-05a7b85d7b9e",
        "dependencies": {
          "operator": "AND",
          "criteria": [
            {
              "contentId": "09ec8fa2-b25f-4696-bfae-05a7b85d7b9e",
              "kind": "AnalyticsRule"
            }
          ]
        },
        "description": "'This query searches for successful user logins from different countries within 3 hours.\n To use this analytics rule, make sure you have deployed the [ASIM normalization parsers](https://aka.ms/ASimAuthentication)'\n",
        "displayName": "User login from different countries within 3 hours (Uses Authentication Normalization)",
        "source": {
          "kind": "Community"
        },
        "threatAnalysisTactics": [
          "InitialAccess"
        ],
        "threatAnalyticsTechniques": [
          "T1078"
        ],
        "version": "1.2.1"
      },
      "name": "[concat(parameters('workspace'),'/Microsoft.SecurityInsights/', '09ec8fa2-b25f-4696-bfae-05a7b85d7b9e')]"
    }
  ]
}