{
  "$schema": "https://schema.management.azure.com/schemas/2019-04-01/deploymentTemplate.json#",
  "parameters": {
    "location": {
      "type": "string",
      "minLength": 1,
      "defaultValue": "[resourceGroup().location]",
      "metadata": {
        "description": "Not used, but needed to pass arm-ttk test `Location-Should-Not-Be-Hardcoded`.  We instead use the `workspace-location` which is derived from the LA workspace"
      }
    },
    "workspace-location": {
      "type": "string",
      "defaultValue": "",
      "metadata": {
        "description": "[concat('Region to deploy solution resources -- separate from location selection',parameters('location'))]"
      }
    },
    "workspace": {
      "defaultValue": "",
      "type": "string",
      "metadata": {
        "description": "Workspace name for Log Analytics where Microsoft Sentinel is setup"
      }
    }
  },
  "variables": {},
  "resources": [
    {
      "type": "Microsoft.OperationalInsights/workspaces/providers/packages",
      "location": "[parameters('workspace-location')]",
      "apiVersion": "2022-08-01",
      "properties": {
        "packageKind": "Standalone",
        "packageItems": {
          "resources": [
            {
              "type": "Microsoft.OperationalInsights/workspaces/providers/contentTemplates",
              "name": "[concat(parameters('workspace'),'/Microsoft.SecurityInsights/', 'd57c33a9-76b9-40e0-9dfa-ff0404546410')]",
              "location": "[parameters('workspace-location')]",
              "apiVersion": "2022-08-01",
              "properties": {
                "contentId": "d57c33a9-76b9-40e0-9dfa-ff0404546410",
                "displayName": "AD FS Remote HTTP Network Connection",
                "contentKind": "AnalyticsRule",
                "mainTemplate": {
                  "$schema": "https://schema.management.azure.com/schemas/2019-04-01/deploymentTemplate.json#",
                  "contentVersion": "1.0.0",
                  "resources": [
                    {
                      "type": "Microsoft.OperationalInsights/workspaces/providers/alertRules",
                      "apiVersion": "2022-04-01-preview",
                      "name": "[concat(parameters('workspace'),'/Microsoft.SecurityInsights/', '' )]",
                      "kind": "Scheduled",
                      "location": "[parameters('workspace-location')]",
                      "properties": {
                        "description": "This detection uses Sysmon events (NetworkConnect events) to detect incoming network traffic on port 80 on AD FS servers. This could be a sign of a threat actor\ntrying to use replication services on the AD FS server to get its configuration settings and extract sensitive information such as AD FS certificates.\nIn order to use this query you need to enable Sysmon telemetry on the AD FS Server.\nReference: https://twitter.com/OTR_Community/status/1387038995016732672\n",
                        "displayName": "AD FS Remote HTTP Network Connection",
                        "enabled": false,
                        "query": "// Adjust this to use a longer timeframe to identify ADFS servers\n//let lookback = 0d;\n// Adjust this to adjust detection timeframe\n//let timeframe = 1d;\n// Filter out other servers in the AD FS farm\nlet ADFSServersList = dynamic([\"ADFS02.domain.com\",\"ADFS03.domain.com\"]);\n// Start by identifying ADFS servers to reduce FP chance\nlet ADFS_Servers = (\nEvent\n//| where TimeGenerated > ago(timeframe+lookback)\n| where Source == \"Microsoft-Windows-Sysmon\"\n| where EventID == 18\n| where Computer !in (ADFSServersList)\n| extend EventData = parse_xml(EventData).DataItem.EventData.Data\n| mv-expand bagexpansion=array EventData\n| evaluate bag_unpack(EventData)\n| extend Key = tostring(column_ifexists('@Name', \"\")), Value = column_ifexists('#text', \"\")\n| evaluate pivot(Key, any(Value), TimeGenerated, Source, EventLog, Computer, EventLevel, EventLevelName, EventID, UserName, MG, ManagementGroupName, _ResourceId)\n| extend Image = column_ifexists(\"Image\", \"\")\n| extend process = split(Image, '\\\\', -1)[-1]\n| where process =~ \"Microsoft.IdentityServer.ServiceHost.exe\"\n| summarize by Computer\n);\n// Look for ADFS servers receiving connections over port 80\nEvent\n//| where TimeGenerated > ago(timeframe)\n| where Source == \"Microsoft-Windows-Sysmon\"\n| where Computer in~ (ADFS_Servers)\n| extend RenderedDescription = tostring(split(RenderedDescription, \":\")[0])\n| extend EventData = parse_xml(EventData).DataItem.EventData.Data\n| mv-expand bagexpansion=array EventData\n| evaluate bag_unpack(EventData)\n| extend Key = tostring(column_ifexists('@Name', \"\")), Value = column_ifexists('#text', \"\")\n| evaluate pivot(Key, any(Value), TimeGenerated, Source, EventLog, Computer, EventLevel, EventLevelName, EventID, UserName, RenderedDescription, MG, ManagementGroupName, _ResourceId)\n| extend RuleName = column_ifexists(\"RuleName\", \"\"), TechniqueId = column_ifexists(\"TechniqueId\", \"\"),  TechniqueName = column_ifexists(\"TechniqueName\", \"\")\n| parse RuleName with * 'technique_id=' TechniqueId ',' * 'technique_name=' TechniqueName\n| where EventID == 3\n// Look for endpoints connecting to the AD FS server over port 80\n| extend DestinationPort = column_ifexists(\"DestinationPort\", \"\"), Image = column_ifexists(\"Image\", \"\"), Initiated = column_ifexists(\"Initiated\", \"\"), SourceIp = column_ifexists(\"DestinationIp\", \"\"), DestinationIp = column_ifexists(\"DestinationIp\", \"\")\n| where DestinationPort == 80\n| extend process = split(Image, '\\\\', -1)[-1]\n// Look for the System process receiving connections\n| where process == 'System' and Initiated == 'false'\n| where DestinationIp !in ('::1','0:0:0:0:0:0:0:1')\n| extend Operation = RenderedDescription\n| project-reorder TimeGenerated, Operation, Image, Computer, UserName\n| extend HostCustomEntity = Computer, AccountCustomEntity = UserName, IPCustomEntity = SourceIp\n",
                        "queryFrequency": "P1D",
                        "queryPeriod": "P1D",
                        "severity": "Medium",
                        "suppressionDuration": "PT1H",
                        "suppressionEnabled": false,
                        "triggerOperator": "GreaterThan",
                        "triggerThreshold": 0,
                        "tactics": [
                          "Collection"
                        ],
                        "entityMappings": [
                          {
                            "entityType": "Account",
                            "fieldMappings": [
                              {
                                "columnName": "AccountCustomEntity",
                                "identifier": "FullName"
                              }
                            ]
                          },
                          {
                            "entityType": "Host",
                            "fieldMappings": [
                              {
                                "columnName": "HostCustomEntity",
                                "identifier": "FullName"
                              }
                            ]
                          },
                          {
                            "entityType": "IP",
                            "fieldMappings": [
                              {
                                "columnName": "IPCustomEntity",
                                "identifier": "Address"
                              }
                            ]
                          }
                        ]
                      }
                    },
                    {
                      "type": "Microsoft.OperationalInsights/workspaces/providers/metadata",
                      "apiVersion": "2021-03-01-preview",
                      "name": "[concat(parameters('workspace'),'/Microsoft.SecurityInsights/', '')]",
                      "properties": {
                        "description": "'This detection uses Sysmon events (NetworkConnect events) to detect incoming network traffic on port 80 on AD FS servers. This could be a sign of a threat actor\ntrying to use replication services on the AD FS server to get its configuration settings and extract sensitive information such as AD FS certificates.\nIn order to use this query you need to enable Sysmon telemetry on the AD FS Server.\nReference: https://twitter.com/OTR_Community/status/1387038995016732672\n'\n",
                        "version": "1.0.0",
                        "source": {
                          "kind": "Community"
                        },
                        "threatAnalysisTactics": [
                          "Collection"
                        ],
                        "threatAnalyticsTechniques": [
                          "T1005"
                        ],
                        "contentId": "d57c33a9-76b9-40e0-9dfa-ff0404546410",
                        "parentId": "d57c33a9-76b9-40e0-9dfa-ff0404546410",
                        "kind": "AnalyticsRule",
                        "dependencies": {
                          "operator": "AND",
                          "criteria": [
                            {
                              "contentId": "SecurityEvent",
                              "kind": "DataType"
                            }
                          ]
                        }
                      }
                    }
                  ]
                }
              }
            }
          ]
        },
        "dependencies": {
          "operator": "AND",
          "criteria": [
            {
              "contentId": "d57c33a9-76b9-40e0-9dfa-ff0404546410",
              "kind": "AnalyticsRule"
            }
          ]
        },
        "description": "'This detection uses Sysmon events (NetworkConnect events) to detect incoming network traffic on port 80 on AD FS servers. This could be a sign of a threat actor\ntrying to use replication services on the AD FS server to get its configuration settings and extract sensitive information such as AD FS certificates.\nIn order to use this query you need to enable Sysmon telemetry on the AD FS Server.\nReference: https://twitter.com/OTR_Community/status/1387038995016732672\n'\n",
        "displayName": "AD FS Remote HTTP Network Connection",
        "packageId": "d57c33a9-76b9-40e0-9dfa-ff0404546410",
        "source": {
          "kind": "Community"
        },
        "threatAnalysisTactics": [
          "Collection"
        ],
        "threatAnalyticsTechniques": [
          "T1005"
        ],
        "version": "1.0.0"
      },
      "name": "[concat(parameters('workspace'),'/Microsoft.SecurityInsights/', 'd57c33a9-76b9-40e0-9dfa-ff0404546410')]"
    }
  ]
}