{
  "$schema": "https://schema.management.azure.com/schemas/2019-04-01/deploymentTemplate.json#",
  "parameters": {
    "location": {
      "type": "string",
      "minLength": 1,
      "defaultValue": "[resourceGroup().location]",
      "metadata": {
        "description": "Not used, but needed to pass arm-ttk test `Location-Should-Not-Be-Hardcoded`.  We instead use the `workspace-location` which is derived from the LA workspace"
      }
    },
    "workspace-location": {
      "type": "string",
      "defaultValue": "",
      "metadata": {
        "description": "[concat('Region to deploy solution resources -- separate from location selection',parameters('location'))]"
      }
    },
    "workspace": {
      "defaultValue": "",
      "type": "string",
      "metadata": {
        "description": "Workspace name for Log Analytics where Microsoft Sentinel is setup"
      }
    }
  },
  "variables": {},
  "resources": [
    {
      "type": "Microsoft.OperationalInsights/workspaces/providers/packages",
      "location": "[parameters('workspace-location')]",
      "apiVersion": "2022-08-01",
      "properties": {
        "packageKind": "Standalone",
        "packageItems": {
          "resources": [
            {
              "type": "Microsoft.OperationalInsights/workspaces/providers/contentTemplates",
              "name": "[concat(parameters('workspace'),'/Microsoft.SecurityInsights/', 'bff093b2-500e-4ae5-bb49-a5b1423cbd5b')]",
              "location": "[parameters('workspace-location')]",
              "apiVersion": "2022-08-01",
              "properties": {
                "contentId": "bff093b2-500e-4ae5-bb49-a5b1423cbd5b",
                "displayName": "External user added and removed in short timeframe",
                "contentKind": "AnalyticsRule",
                "mainTemplate": {
                  "$schema": "https://schema.management.azure.com/schemas/2019-04-01/deploymentTemplate.json#",
                  "contentVersion": "1.1.0",
                  "resources": [
                    {
                      "type": "Microsoft.OperationalInsights/workspaces/providers/alertRules",
                      "apiVersion": "2022-04-01-preview",
                      "name": "[concat(parameters('workspace'),'/Microsoft.SecurityInsights/', '' )]",
                      "kind": "Scheduled",
                      "location": "[parameters('workspace-location')]",
                      "properties": {
                        "description": "This detection flags the occurances of external user accounts that are added to a Team and then removed within\none hour.",
                        "displayName": "External user added and removed in short timeframe",
                        "enabled": false,
                        "query": "let TeamsAddDel = (Op:string){\nOfficeActivity\n| where OfficeWorkload =~ \"MicrosoftTeams\"\n| where Operation == Op\n| where Members has (\"#EXT#\")\n| mv-expand Members\n| extend UPN = tostring(Members.UPN)\n| where UPN has (\"#EXT#\")\n| project TimeGenerated, Operation, UPN, UserId, TeamName\n};\nlet TeamsAdd = TeamsAddDel(\"MemberAdded\")\n| project TimeAdded=TimeGenerated, Operation, UPN, UserWhoAdded = UserId, TeamName;\nlet TeamsDel = TeamsAddDel(\"MemberRemoved\")\n| project TimeDeleted=TimeGenerated, Operation, UPN, UserWhoDeleted = UserId, TeamName;\nTeamsAdd\n| join kind=inner (TeamsDel) on UPN\n| where TimeDeleted > TimeAdded\n| project TimeAdded, TimeDeleted, UPN, UserWhoAdded, UserWhoDeleted, TeamName\n",
                        "queryFrequency": "PT1H",
                        "queryPeriod": "PT1H",
                        "severity": "Low",
                        "suppressionDuration": "PT1H",
                        "suppressionEnabled": false,
                        "triggerOperator": "GreaterThan",
                        "triggerThreshold": 0,
                        "tactics": [
                          "Persistence"
                        ],
                        "entityMappings": [
                          {
                            "entityType": "Account",
                            "fieldMappings": [
                              {
                                "columnName": "UPN",
                                "identifier": "FullName"
                              }
                            ]
                          }
                        ]
                      }
                    },
                    {
                      "type": "Microsoft.OperationalInsights/workspaces/providers/metadata",
                      "apiVersion": "2021-03-01-preview",
                      "name": "[concat(parameters('workspace'),'/Microsoft.SecurityInsights/', '')]",
                      "properties": {
                        "description": "'This detection flags the occurances of external user accounts that are added to a Team and then removed within\none hour.'\n",
                        "contentId": "bff093b2-500e-4ae5-bb49-a5b1423cbd5b",
                        "version": "1.1.0",
                        "source": {
                          "kind": "Community"
                        },
                        "threatAnalysisTactics": [
                          "Persistence"
                        ],
                        "threatAnalyticsTechniques": [
                          "T1136"
                        ],
                        "parentId": "bff093b2-500e-4ae5-bb49-a5b1423cbd5b",
                        "kind": "AnalyticsRule",
                        "dependencies": {
                          "operator": "AND",
                          "criteria": [
                            {
                              "contentId": "OfficeActivity (Teams)",
                              "kind": "DataType"
                            }
                          ]
                        }
                      }
                    }
                  ]
                }
              }
            }
          ]
        },
        "contentId": "bff093b2-500e-4ae5-bb49-a5b1423cbd5b",
        "dependencies": {
          "operator": "AND",
          "criteria": [
            {
              "contentId": "bff093b2-500e-4ae5-bb49-a5b1423cbd5b",
              "kind": "AnalyticsRule"
            }
          ]
        },
        "description": "'This detection flags the occurances of external user accounts that are added to a Team and then removed within\none hour.'\n",
        "displayName": "External user added and removed in short timeframe",
        "source": {
          "kind": "Community"
        },
        "threatAnalysisTactics": [
          "Persistence"
        ],
        "threatAnalyticsTechniques": [
          "T1136"
        ],
        "version": "1.1.0"
      },
      "name": "[concat(parameters('workspace'),'/Microsoft.SecurityInsights/', 'bff093b2-500e-4ae5-bb49-a5b1423cbd5b')]"
    }
  ]
}