{
  "$schema": "https://schema.management.azure.com/schemas/2019-04-01/deploymentTemplate.json#",
  "parameters": {
    "location": {
      "type": "string",
      "minLength": 1,
      "defaultValue": "[resourceGroup().location]",
      "metadata": {
        "description": "Not used, but needed to pass arm-ttk test `Location-Should-Not-Be-Hardcoded`.  We instead use the `workspace-location` which is derived from the LA workspace"
      }
    },
    "workspace-location": {
      "type": "string",
      "defaultValue": "",
      "metadata": {
        "description": "[concat('Region to deploy solution resources -- separate from location selection',parameters('location'))]"
      }
    },
    "workspace": {
      "defaultValue": "",
      "type": "string",
      "metadata": {
        "description": "Workspace name for Log Analytics where Microsoft Sentinel is setup"
      }
    }
  },
  "variables": {},
  "resources": [
    {
      "type": "Microsoft.OperationalInsights/workspaces/providers/packages",
      "location": "[parameters('workspace-location')]",
      "apiVersion": "2022-08-01",
      "properties": {
        "packageKind": "Standalone",
        "packageItems": {
          "resources": [
            {
              "type": "Microsoft.OperationalInsights/workspaces/providers/contentTemplates",
              "name": "[concat(parameters('workspace'),'/Microsoft.SecurityInsights/', 'ce02935c-cc67-4b77-9b96-93d9947e119a')]",
              "location": "[parameters('workspace-location')]",
              "apiVersion": "2022-08-01",
              "properties": {
                "contentId": "ce02935c-cc67-4b77-9b96-93d9947e119a",
                "displayName": "KNOTWEED C2 Domains July 2022",
                "contentKind": "AnalyticsRule",
                "mainTemplate": {
                  "$schema": "https://schema.management.azure.com/schemas/2019-04-01/deploymentTemplate.json#",
                  "contentVersion": "1.0.0",
                  "resources": [
                    {
                      "type": "Microsoft.OperationalInsights/workspaces/providers/alertRules",
                      "apiVersion": "2022-04-01-preview",
                      "name": "[concat(parameters('workspace'),'/Microsoft.SecurityInsights/', '' )]",
                      "kind": "Scheduled",
                      "location": "[parameters('workspace-location')]",
                      "properties": {
                        "description": "This query looks for references to known KNOTWEED Domains in network logs.\n  This query was published July 2022.\n  Ref: https://www.microsoft.com/security/blog/2022/07/27/untangling-knotweed-european-private-sector-offensive-actor-using-0-day-exploits/",
                        "displayName": "KNOTWEED C2 Domains July 2022",
                        "enabled": false,
                        "query": "let DomainNames = dynamic([\"acrobatrelay.com\", \"finconsult.cc\", \"realmetaldns.com\"]); \n(union isfuzzy=true \n(CommonSecurityLog  \n| parse Message with * '(' DNSName ')' *  \n| where DNSName in~ (DomainNames) \n| extend Account = SourceUserID, Computer = DeviceName, IPAddress =  DestinationIP \n), \n(_Im_Dns (domain_has_any=DomainNames)\n| extend DNSName = DnsQuery \n| extend IPAddress =  SrcIpAddr, Computer = Dvc\n), \n(_Im_WebSession (url_has_any=DomainNames)\n| extend DNSName = tostring(parse_url(Url)[\"Host\"])\n| extend IPAddress =  SrcIpAddr, Computer = Dvc\n), \n(VMConnection  \n| parse RemoteDnsCanonicalNames with * '[\"' DNSName '\"]' * \n| where isnotempty(DNSName) \n| where DNSName  in~ (DomainNames) \n| extend IPAddress = RemoteIp \n), \n( \n DeviceNetworkEvents \n| where isnotempty(RemoteUrl) \n| where RemoteUrl  has_any (DomainNames)  \n| extend IPAddress = RemoteIP \n| extend Computer = DeviceName \n),\n(AzureDiagnostics \n| where ResourceType == \"AZUREFIREWALLS\"\n| where Category == \"AzureFirewallApplicationRule\"\n| parse msg_s with Protocol 'request from ' SourceHost ':' SourcePort 'to ' DestinationHost ':' DestinationPort '. Action:' Action\n| where isnotempty(DestinationHost)\n| where DestinationHost has_any (DomainNames)  \n| extend DNSName = DestinationHost \n| extend IPAddress = SourceHost\n) \n) \n| extend timestamp = TimeGenerated, AccountCustomEntity = Account, HostCustomEntity = Computer, IPCustomEntity = IPAddress \n",
                        "queryFrequency": "P1D",
                        "queryPeriod": "P1D",
                        "severity": "High",
                        "suppressionDuration": "PT1H",
                        "suppressionEnabled": false,
                        "triggerOperator": "GreaterThan",
                        "triggerThreshold": 0,
                        "tactics": [
                          "CommandAndControl"
                        ],
                        "entityMappings": [
                          {
                            "entityType": "Account",
                            "fieldMappings": [
                              {
                                "columnName": "AccountCustomEntity",
                                "identifier": "FullName"
                              }
                            ]
                          },
                          {
                            "entityType": "Host",
                            "fieldMappings": [
                              {
                                "columnName": "HostCustomEntity",
                                "identifier": "HostName"
                              }
                            ]
                          },
                          {
                            "entityType": "IP",
                            "fieldMappings": [
                              {
                                "columnName": "IPCustomEntity",
                                "identifier": "Address"
                              }
                            ]
                          }
                        ]
                      }
                    },
                    {
                      "type": "Microsoft.OperationalInsights/workspaces/providers/metadata",
                      "apiVersion": "2021-03-01-preview",
                      "name": "[concat(parameters('workspace'),'/Microsoft.SecurityInsights/', '')]",
                      "properties": {
                        "description": "'This query looks for references to known KNOTWEED Domains in network logs.\n  This query was published July 2022.\n  Ref: https://www.microsoft.com/security/blog/2022/07/27/untangling-knotweed-european-private-sector-offensive-actor-using-0-day-exploits/'\n",
                        "contentId": "ce02935c-cc67-4b77-9b96-93d9947e119a",
                        "version": "1.0.0",
                        "source": {
                          "kind": "Community"
                        },
                        "threatAnalysisTactics": [
                          "CommandAndControl"
                        ],
                        "threatAnalyticsTechniques": [
                          "T1071"
                        ],
                        "parentId": "ce02935c-cc67-4b77-9b96-93d9947e119a",
                        "kind": "AnalyticsRule",
                        "dependencies": {
                          "operator": "AND",
                          "criteria": [
                            {
                              "contentId": "VMConnection",
                              "kind": "DataType"
                            },
                            {
                              "contentId": "DnsEvents",
                              "kind": "DataType"
                            },
                            {
                              "contentId": "DeviceNetworkEvents",
                              "kind": "DataType"
                            }
                          ]
                        }
                      }
                    }
                  ]
                }
              }
            }
          ]
        },
        "contentId": "ce02935c-cc67-4b77-9b96-93d9947e119a",
        "dependencies": {
          "operator": "AND",
          "criteria": [
            {
              "contentId": "ce02935c-cc67-4b77-9b96-93d9947e119a",
              "kind": "AnalyticsRule"
            }
          ]
        },
        "description": "'This query looks for references to known KNOTWEED Domains in network logs.\n  This query was published July 2022.\n  Ref: https://www.microsoft.com/security/blog/2022/07/27/untangling-knotweed-european-private-sector-offensive-actor-using-0-day-exploits/'\n",
        "displayName": "KNOTWEED C2 Domains July 2022",
        "source": {
          "kind": "Community"
        },
        "threatAnalysisTactics": [
          "CommandAndControl"
        ],
        "threatAnalyticsTechniques": [
          "T1071"
        ],
        "version": "1.0.0"
      },
      "name": "[concat(parameters('workspace'),'/Microsoft.SecurityInsights/', 'ce02935c-cc67-4b77-9b96-93d9947e119a')]"
    }
  ]
}