{
  "$schema": "https://schema.management.azure.com/schemas/2019-04-01/deploymentTemplate.json#",
  "contentVersion": "1.0.0.0",
  "parameters": {
    "location": {
      "type": "string",
      "minLength": 1,
      "defaultValue": "[resourceGroup().location]",
      "metadata": {
        "description": "Not used, but needed to pass arm-ttk test `Location-Should-Not-Be-Hardcoded`.  We instead use the `workspace-location` which is derived from the LA workspace"
      }
    },
    "workspace-location": {
      "type": "string",
      "defaultValue": "",
      "metadata": {
        "description": "[concat('Region to deploy solution resources -- separate from location selection',parameters('location'))]"
      }
    },
    "workspace": {
      "defaultValue": "",
      "type": "string",
      "metadata": {
        "description": "Workspace name for Log Analytics where Microsoft Sentinel is setup"
      }
    }
  },
  "variables": {},
  "resources": [
    {
      "type": "Microsoft.OperationalInsights/workspaces/providers/packages",
      "location": "[parameters('workspace-location')]",
      "apiVersion": "2022-08-01",
      "properties": {
        "packageKind": "Standalone",
        "packageItems": {
          "resources": [
            {
              "type": "Microsoft.OperationalInsights/workspaces/providers/contentTemplates",
              "name": "[concat(parameters('workspace'),'/Microsoft.SecurityInsights/', '1189dc7d-6d2a-4aa9-ad5f-bebed51474d9')]",
              "location": "[parameters('workspace-location')]",
              "kind": "shared",
              "apiVersion": "2022-08-01",
              "properties": {
                "contentId": "1189dc7d-6d2a-4aa9-ad5f-bebed51474d9",
                "displayName": "detect-malicious-use-of-msiexec-powershell",
                "contentKind": "HuntingQuery",
                "mainTemplate": {
                  "$schema": "https://schema.management.azure.com/schemas/2019-04-01/deploymentTemplate.json#",
                  "contentVersion": "1.0.0",
                  "resources": [
                    {
                      "type": "Microsoft.OperationalInsights/savedSearches",
                      "apiVersion": "2020-08-01",
                      "name": "1189dc7d-6d2a-4aa9-ad5f-bebed51474d9",
                      "location": "[parameters('workspace-location')]",
                      "properties": {
                        "eTag": "*",
                        "displayName": "detect-malicious-use-of-msiexec-powershell",
                        "category": "Hunting Queries",
                        "query": "DeviceProcessEvents\n| where Timestamp > ago(7d)\n//Looking for PowerShell\n| where FileName =~ \"powershell.exe\"\n//Looking for %temp% in the command line indicating deployment \nand ProcessCommandLine contains \"%temp%\"//Find credential theft attempts using Msiexec to run Mimikatz commands\n",
                        "version": 2,
                        "tags": [
                          {
                            "name": "description",
                            "value": "This query was originally published in the threat analytics report, Msiexec abuse.\nMsiexec.exe is a Windows component that installs files with the .msi extension. These kinds of files are Windows installer packages, and are used by a wide array of legitimate software. However, malicious actors can re-purpose msiexec.exe for living-off-the-land attacks, where they use legitimate system binaries on the compromised device to perform attacks.\nThe following query detects activity associated with misuse of msiexec.exe, particularly alongside mimikatz, a common credential dumper and privilege escalation tool.\nReference - https://www.varonis.com/blog/what-is-mimikatz/\n"
                          },
                          {
                            "name": "tactics",
                            "value": "Execution,Privilege escalation,Credential Access"
                          }
                        ]
                      }
                    },
                    {
                      "type": "Microsoft.OperationalInsights/workspaces/providers/metadata",
                      "apiVersion": "2021-03-01-preview",
                      "name": "[concat(parameters('workspace'),'/Microsoft.SecurityInsights/',concat('huntingQuery-', '1189dc7d-6d2a-4aa9-ad5f-bebed51474d9'))]",
                      "properties": {
                        "description": "This query was originally published in the threat analytics report, Msiexec abuse.\nMsiexec.exe is a Windows component that installs files with the .msi extension. These kinds of files are Windows installer packages, and are used by a wide array of legitimate software. However, malicious actors can re-purpose msiexec.exe for living-off-the-land attacks, where they use legitimate system binaries on the compromised device to perform attacks.\nThe following query detects activity associated with misuse of msiexec.exe, particularly alongside mimikatz, a common credential dumper and privilege escalation tool.\nReference - https://www.varonis.com/blog/what-is-mimikatz/\n",
                        "version": "1.0.0",
                        "author": {
                          "name": "Community"
                        },
                        "support": {
                          "name": "Community",
                          "link": "https://github.com/Azure/Azure-Sentinel/issues",
                          "tier": "Community"
                        },
                        "source": {
                          "kind": "Community",
                          "name": "Standalone"
                        },
                        "threatAnalysisTactics": [
                          "Execution",
                          "PrivilegeEscalation",
                          "CredentialAccess"
                        ],
                        "contentId": "1189dc7d-6d2a-4aa9-ad5f-bebed51474d9",
                        "parentId": "1189dc7d-6d2a-4aa9-ad5f-bebed51474d9",
                        "kind": "HuntingQuery",
                        "dependencies": {
                          "operator": "AND",
                          "criteria": [
                            {
                              "contentId": "DeviceProcessEvents",
                              "kind": "DataType"
                            }
                          ]
                        }
                      }
                    }
                  ]
                }
              }
            }
          ]
        },
        "author": {
          "name": "Community"
        },
        "dependencies": {
          "operator": "AND",
          "criteria": [
            {
              "contentId": "1189dc7d-6d2a-4aa9-ad5f-bebed51474d9",
              "kind": "HuntingQuery"
            }
          ]
        },
        "description": "This query was originally published in the threat analytics report, Msiexec abuse.\nMsiexec.exe is a Windows component that installs files with the .msi extension. These kinds of files are Windows installer packages, and are used by a wide array of legitimate software. However, malicious actors can re-purpose msiexec.exe for living-off-the-land attacks, where they use legitimate system binaries on the compromised device to perform attacks.\nThe following query detects activity associated with misuse of msiexec.exe, particularly alongside mimikatz, a common credential dumper and privilege escalation tool.\nReference - https://www.varonis.com/blog/what-is-mimikatz/\n",
        "displayName": "detect-malicious-use-of-msiexec-powershell",
        "packageId": "1189dc7d-6d2a-4aa9-ad5f-bebed51474d9",
        "source": {
          "kind": "Community",
          "name": "Standalone"
        },
        "support": {
          "name": "Community",
          "link": "https://github.com/Azure/Azure-Sentinel/issues",
          "tier": "Community"
        },
        "threatAnalysisTactics": [
          "Execution",
          "PrivilegeEscalation",
          "CredentialAccess"
        ],
        "version": "1.0.0"
      },
      "name": "1189dc7d-6d2a-4aa9-ad5f-bebed51474d9"
    }
  ]
}