{
  "$schema": "https://schema.management.azure.com/schemas/2019-04-01/deploymentTemplate.json#",
  "parameters": {
    "location": {
      "type": "string",
      "minLength": 1,
      "defaultValue": "[resourceGroup().location]",
      "metadata": {
        "description": "Not used, but needed to pass arm-ttk test `Location-Should-Not-Be-Hardcoded`.  We instead use the `workspace-location` which is derived from the LA workspace"
      }
    },
    "workspace-location": {
      "type": "string",
      "defaultValue": "",
      "metadata": {
        "description": "[concat('Region to deploy solution resources -- separate from location selection',parameters('location'))]"
      }
    },
    "workspace": {
      "defaultValue": "",
      "type": "string",
      "metadata": {
        "description": "Workspace name for Log Analytics where Microsoft Sentinel is setup"
      }
    }
  },
  "variables": {},
  "resources": [
    {
      "type": "Microsoft.OperationalInsights/workspaces/providers/packages",
      "location": "[parameters('workspace-location')]",
      "apiVersion": "2022-08-01",
      "properties": {
        "packageKind": "Standalone",
        "packageItems": {
          "resources": [
            {
              "type": "Microsoft.OperationalInsights/workspaces/providers/contentTemplates",
              "name": "[concat(parameters('workspace'),'/Microsoft.SecurityInsights/', '1217e1fd-ebbb-4fdc-8b18-81be69876b3a')]",
              "location": "[parameters('workspace-location')]",
              "kind": "shared",
              "apiVersion": "2022-08-01",
              "properties": {
                "contentId": "1217e1fd-ebbb-4fdc-8b18-81be69876b3a",
                "displayName": "check-for-shadowhammer-activity-download-domain",
                "contentKind": "HuntingQuery",
                "mainTemplate": {
                  "$schema": "https://schema.management.azure.com/schemas/2019-04-01/deploymentTemplate.json#",
                  "contentVersion": "1.0.0",
                  "resources": [
                    {
                      "type": "Microsoft.OperationalInsights/savedSearches",
                      "apiVersion": "2020-08-01",
                      "name": "1217e1fd-ebbb-4fdc-8b18-81be69876b3a",
                      "location": "[parameters('workspace-location')]",
                      "properties": {
                        "eTag": "*",
                        "displayName": "check-for-shadowhammer-activity-download-domain",
                        "category": "Hunting Queries",
                        "query": "DeviceNetworkEvents \n| where Timestamp > ago(30d)\n| where RemoteUrl == \"asushotfix.com\" or RemoteIP == \"141.105.71.116\"\n",
                        "version": 2,
                        "tags": [
                          {
                            "name": "description",
                            "value": "This query was originally published in the threat analytics report, ShadowHammer supply chain attack\nOperation ShadowHammer was an attack against ASUS computer hardware, using the company's own update infrastructure to deliver malware to the company's products. The campaign ran from June to November, 2018. ASUS has since responded with updates that protect their Live Update system, and diagnostic tools to check affected systems.\nThe following query checks for activity associated with the ShadowHammer download domain over the past 30 days.\nReferences:\nhttps://www.vice.com/en_us/article/pan9wn/hackers-hijacked-asus-software-updates-to-install-backdoors-on-thousands-of-computers\nhttps://www.asus.com/News/hqfgVUyZ6uyAyJe1\n"
                          },
                          {
                            "name": "tactics",
                            "value": "Command and control"
                          }
                        ]
                      }
                    },
                    {
                      "type": "Microsoft.OperationalInsights/workspaces/providers/metadata",
                      "apiVersion": "2021-03-01-preview",
                      "name": "[concat(parameters('workspace'),'/Microsoft.SecurityInsights/',concat('huntingQuery-', '1217e1fd-ebbb-4fdc-8b18-81be69876b3a'))]",
                      "properties": {
                        "description": "This query was originally published in the threat analytics report, ShadowHammer supply chain attack\nOperation ShadowHammer was an attack against ASUS computer hardware, using the company's own update infrastructure to deliver malware to the company's products. The campaign ran from June to November, 2018. ASUS has since responded with updates that protect their Live Update system, and diagnostic tools to check affected systems.\nThe following query checks for activity associated with the ShadowHammer download domain over the past 30 days.\nReferences:\nhttps://www.vice.com/en_us/article/pan9wn/hackers-hijacked-asus-software-updates-to-install-backdoors-on-thousands-of-computers\nhttps://www.asus.com/News/hqfgVUyZ6uyAyJe1\n",
                        "version": "1.0.0",
                        "source": {
                          "kind": "Community"
                        },
                        "threatAnalysisTactics": [
                          "Command and control"
                        ],
                        "contentId": "1217e1fd-ebbb-4fdc-8b18-81be69876b3a",
                        "parentId": "1217e1fd-ebbb-4fdc-8b18-81be69876b3a",
                        "kind": "HuntingQuery",
                        "dependencies": {
                          "operator": "AND",
                          "criteria": [
                            {
                              "contentId": "DeviceNetworkEvents",
                              "kind": "DataType"
                            }
                          ]
                        }
                      }
                    }
                  ]
                }
              }
            }
          ]
        },
        "dependencies": {
          "operator": "AND",
          "criteria": [
            {
              "contentId": "1217e1fd-ebbb-4fdc-8b18-81be69876b3a",
              "kind": "HuntingQuery"
            }
          ]
        },
        "description": "This query was originally published in the threat analytics report, ShadowHammer supply chain attack\nOperation ShadowHammer was an attack against ASUS computer hardware, using the company's own update infrastructure to deliver malware to the company's products. The campaign ran from June to November, 2018. ASUS has since responded with updates that protect their Live Update system, and diagnostic tools to check affected systems.\nThe following query checks for activity associated with the ShadowHammer download domain over the past 30 days.\nReferences:\nhttps://www.vice.com/en_us/article/pan9wn/hackers-hijacked-asus-software-updates-to-install-backdoors-on-thousands-of-computers\nhttps://www.asus.com/News/hqfgVUyZ6uyAyJe1\n",
        "displayName": "check-for-shadowhammer-activity-download-domain",
        "packageId": "1217e1fd-ebbb-4fdc-8b18-81be69876b3a",
        "source": {
          "kind": "Community"
        },
        "threatAnalysisTactics": [
          "Command and control"
        ],
        "version": "1.0.0"
      },
      "name": "[concat(parameters('workspace'),'/Microsoft.SecurityInsights/', '1217e1fd-ebbb-4fdc-8b18-81be69876b3a')]"
    }
  ]
}