{
  "$schema": "https://schema.management.azure.com/schemas/2019-04-01/deploymentTemplate.json#",
  "contentVersion": "1.0.0.0",
  "parameters": {
    "location": {
      "type": "string",
      "minLength": 1,
      "defaultValue": "[resourceGroup().location]",
      "metadata": {
        "description": "Not used, but needed to pass arm-ttk test `Location-Should-Not-Be-Hardcoded`.  We instead use the `workspace-location` which is derived from the LA workspace"
      }
    },
    "workspace-location": {
      "type": "string",
      "defaultValue": "",
      "metadata": {
        "description": "[concat('Region to deploy solution resources -- separate from location selection',parameters('location'))]"
      }
    },
    "workspace": {
      "defaultValue": "",
      "type": "string",
      "metadata": {
        "description": "Workspace name for Log Analytics where Microsoft Sentinel is setup"
      }
    }
  },
  "variables": {},
  "resources": [
    {
      "type": "Microsoft.OperationalInsights/workspaces/providers/packages",
      "location": "[parameters('workspace-location')]",
      "apiVersion": "2022-08-01",
      "properties": {
        "packageKind": "Standalone",
        "packageItems": {
          "resources": [
            {
              "type": "Microsoft.OperationalInsights/workspaces/providers/contentTemplates",
              "name": "[concat(parameters('workspace'),'/Microsoft.SecurityInsights/', '20774145-ef68-42ab-9f3f-19fecbcdbac9')]",
              "location": "[parameters('workspace-location')]",
              "kind": "shared",
              "apiVersion": "2022-08-01",
              "properties": {
                "contentId": "20774145-ef68-42ab-9f3f-19fecbcdbac9",
                "displayName": "Active Directory Sensitive Group Modifications",
                "contentKind": "HuntingQuery",
                "mainTemplate": {
                  "$schema": "https://schema.management.azure.com/schemas/2019-04-01/deploymentTemplate.json#",
                  "contentVersion": "1.0.0",
                  "resources": [
                    {
                      "type": "Microsoft.OperationalInsights/savedSearches",
                      "apiVersion": "2020-08-01",
                      "name": "20774145-ef68-42ab-9f3f-19fecbcdbac9",
                      "location": "[parameters('workspace-location')]",
                      "properties": {
                        "eTag": "*",
                        "displayName": "Active Directory Sensitive Group Modifications",
                        "category": "Hunting Queries",
                        "query": "// Detects changes in Tier 0 group memberships\n// Command leverages MDI schema\n// Execute from https://security.microsoft.com or through the M365D advanced hunting API\nlet Events = materialize (\nIdentityDirectoryEvents\n| where ActionType == 'Group Membership changed'\n| extend ActivityType = iff(isnotempty(tostring(AdditionalFields['TO.GROUP'])),\"Added Account\", \"Removed Account\")\n| where isnotempty(AccountSid)\n);\nlet Tier0Adds = (\nEvents\n| where ActivityType == \"Added Account\"\n| extend TargetGroup = tostring(AdditionalFields['TO.GROUP'])\n| extend TargetObject = iff(isempty(tostring(AdditionalFields['TARGET_OBJECT.USER'])), tostring(AdditionalFields['TARGET_OBJECT.GROUP']), tostring(AdditionalFields['TARGET_OBJECT.USER']))\n| extend TargetType = iff(isempty(tostring(AdditionalFields['TARGET_OBJECT.USER'])), \"Security Group\", \"User Account\")\n//| extend TargetObject = AdditionalFields['TARGET_OBJECT.USER']\n);\nlet Tier0Removes = (\nEvents\n| where ActivityType == \"Removed Account\"\n| extend TargetGroup = tostring(AdditionalFields['FROM.GROUP'])\n| extend TargetObject = iff(isempty(tostring(AdditionalFields['TARGET_OBJECT.USER'])),tostring(AdditionalFields['TARGET_OBJECT.GROUP']), tostring(AdditionalFields['TARGET_OBJECT.USER']))\n| extend TargetType = iff(isempty(tostring(AdditionalFields['TARGET_OBJECT.USER'])), \"Security Group\", \"User Account\")\n);\nlet Tier0Groups = datatable(TargetGroup:string)\n[\n'Enterprise Admins',\n'Domain Admin',\n'Domain Controllers'\n'Administrators',\n'Enterprise Key Admins',\n'Account Operators',\n'Organization Management',\n'Backup Operators',\n'RTCDomainServerAdmins',\n'ENTERPRISE DOMAIN CONTROLLERS',\n'Cert Publishers',\n'Schema Admins',\n'DnsAdmins',\n'Exchange Recipient Administrators',\n'Replicator',\n'Read-Only Domain Controllers',\n'Print Operators'\n];\nTier0Groups\n| join (union Tier0Adds, Tier0Removes) on TargetGroup\n| project Timestamp, ActionType, ActivityType,TargetType, ActorUpn=AccountUpn, TargetObject, TargetAccountUpn, TargetGroup\n// If you are setting up a detection rule in M365D, you'll need to add ReportId and AccountSid to the projected columns\n",
                        "version": 2,
                        "tags": [
                          {
                            "name": "description",
                            "value": "This query shows all modifications to highly sensitive active directory groups (also known as Tier 0). An example of these groups include Domain Admins, Schema Admins and Enterprise Admins.\nMore info can be found here:\nhttps://docs.microsoft.com/security/compass/privileged-access-access-model#evolution-from-the-legacy-ad-tier-model\nhttps://docs.microsoft.com/windows-server/identity/ad-ds/plan/security-best-practices/appendix-c--protected-accounts-and-groups-in-active-directory\nThis advanced hunting query requires Defender for Identity be deployed due to it's reliance on the IdentityDirectoryEvents table.\n"
                          },
                          {
                            "name": "tactics",
                            "value": "Privilege escalation,Credential Access"
                          }
                        ]
                      }
                    },
                    {
                      "type": "Microsoft.OperationalInsights/workspaces/providers/metadata",
                      "apiVersion": "2021-03-01-preview",
                      "name": "[concat(parameters('workspace'),'/Microsoft.SecurityInsights/',concat('huntingQuery-', '20774145-ef68-42ab-9f3f-19fecbcdbac9'))]",
                      "properties": {
                        "description": "This query shows all modifications to highly sensitive active directory groups (also known as Tier 0). An example of these groups include Domain Admins, Schema Admins and Enterprise Admins.\nMore info can be found here:\nhttps://docs.microsoft.com/security/compass/privileged-access-access-model#evolution-from-the-legacy-ad-tier-model\nhttps://docs.microsoft.com/windows-server/identity/ad-ds/plan/security-best-practices/appendix-c--protected-accounts-and-groups-in-active-directory\nThis advanced hunting query requires Defender for Identity be deployed due to it's reliance on the IdentityDirectoryEvents table.\n",
                        "version": "1.0.0",
                        "author": {
                          "name": "Community"
                        },
                        "support": {
                          "name": "Community",
                          "link": "https://github.com/Azure/Azure-Sentinel/issues",
                          "tier": "Community"
                        },
                        "source": {
                          "kind": "Community",
                          "name": "Standalone"
                        },
                        "threatAnalysisTactics": [
                          "PrivilegeEscalation",
                          "CredentialAccess"
                        ],
                        "contentId": "20774145-ef68-42ab-9f3f-19fecbcdbac9",
                        "parentId": "20774145-ef68-42ab-9f3f-19fecbcdbac9",
                        "kind": "HuntingQuery",
                        "dependencies": {
                          "operator": "AND",
                          "criteria": [
                            {
                              "contentId": "IdentityDirectoryEvents",
                              "kind": "DataType"
                            }
                          ]
                        }
                      }
                    }
                  ]
                }
              }
            }
          ]
        },
        "author": {
          "name": "Community"
        },
        "dependencies": {
          "operator": "AND",
          "criteria": [
            {
              "contentId": "20774145-ef68-42ab-9f3f-19fecbcdbac9",
              "kind": "HuntingQuery"
            }
          ]
        },
        "description": "This query shows all modifications to highly sensitive active directory groups (also known as Tier 0). An example of these groups include Domain Admins, Schema Admins and Enterprise Admins.\nMore info can be found here:\nhttps://docs.microsoft.com/security/compass/privileged-access-access-model#evolution-from-the-legacy-ad-tier-model\nhttps://docs.microsoft.com/windows-server/identity/ad-ds/plan/security-best-practices/appendix-c--protected-accounts-and-groups-in-active-directory\nThis advanced hunting query requires Defender for Identity be deployed due to it's reliance on the IdentityDirectoryEvents table.\n",
        "displayName": "Active Directory Sensitive Group Modifications",
        "packageId": "20774145-ef68-42ab-9f3f-19fecbcdbac9",
        "source": {
          "kind": "Community",
          "name": "Standalone"
        },
        "support": {
          "name": "Community",
          "link": "https://github.com/Azure/Azure-Sentinel/issues",
          "tier": "Community"
        },
        "threatAnalysisTactics": [
          "PrivilegeEscalation",
          "CredentialAccess"
        ],
        "version": "1.0.0"
      },
      "name": "20774145-ef68-42ab-9f3f-19fecbcdbac9"
    }
  ]
}