{
  "$schema": "https://schema.management.azure.com/schemas/2019-04-01/deploymentTemplate.json#",
  "parameters": {
    "location": {
      "type": "string",
      "minLength": 1,
      "defaultValue": "[resourceGroup().location]",
      "metadata": {
        "description": "Not used, but needed to pass arm-ttk test `Location-Should-Not-Be-Hardcoded`.  We instead use the `workspace-location` which is derived from the LA workspace"
      }
    },
    "workspace-location": {
      "type": "string",
      "defaultValue": "",
      "metadata": {
        "description": "[concat('Region to deploy solution resources -- separate from location selection',parameters('location'))]"
      }
    },
    "workspace": {
      "defaultValue": "",
      "type": "string",
      "metadata": {
        "description": "Workspace name for Log Analytics where Microsoft Sentinel is setup"
      }
    }
  },
  "variables": {},
  "resources": [
    {
      "type": "Microsoft.OperationalInsights/workspaces/providers/packages",
      "location": "[parameters('workspace-location')]",
      "apiVersion": "2022-08-01",
      "properties": {
        "packageKind": "Standalone",
        "packageItems": {
          "resources": [
            {
              "type": "Microsoft.OperationalInsights/workspaces/providers/contentTemplates",
              "name": "[concat(parameters('workspace'),'/Microsoft.SecurityInsights/', '875d0eb1-883a-4191-bd0e-dbfdeb95a464')]",
              "location": "[parameters('workspace-location')]",
              "apiVersion": "2022-08-01",
              "properties": {
                "contentId": "875d0eb1-883a-4191-bd0e-dbfdeb95a464",
                "displayName": "Service Principal Name (SPN) Assigned to User Account",
                "contentKind": "AnalyticsRule",
                "mainTemplate": {
                  "$schema": "https://schema.management.azure.com/schemas/2019-04-01/deploymentTemplate.json#",
                  "contentVersion": "1.0.1",
                  "resources": [
                    {
                      "type": "Microsoft.OperationalInsights/workspaces/providers/alertRules",
                      "apiVersion": "2022-04-01-preview",
                      "name": "[concat(parameters('workspace'),'/Microsoft.SecurityInsights/', '' )]",
                      "kind": "Scheduled",
                      "location": "[parameters('workspace-location')]",
                      "properties": {
                        "description": "This query identifies whether a Active Directory user object was assigned a service principal name which could indicate that an adversary is preparing for performing Kerberoasting. \nThis query checks for event id 5136 that the Object Class field is \"user\" and the LDAP Display Name is \"servicePrincipalName\".\nRef: https://thevivi.net/assets/docs/2019/theVIVI-AD-Security-Workshop_AfricaHackon2019.pdf",
                        "displayName": "Service Principal Name (SPN) Assigned to User Account",
                        "enabled": false,
                        "query": "SecurityEvent\n| where EventID == 5136 \n| parse EventData with * 'AttributeLDAPDisplayName\">' AttributeLDAPDisplayName \"<\" *\n| parse EventData with * 'ObjectClass\">' ObjectClass \"<\" *\n| where AttributeLDAPDisplayName == \"servicePrincipalName\" and  ObjectClass == \"user\"\n| parse EventData with * 'ObjectDN\">' ObjectDN \"<\" *\n| parse EventData with * 'AttributeValue\">' AttributeValue \"<\" *\n| summarize StartTime = min(TimeGenerated), EndTime = max(TimeGenerated) by Computer, SubjectAccount, ObjectDN, AttributeValue\n",
                        "queryFrequency": "PT1H",
                        "queryPeriod": "PT1H",
                        "severity": "Medium",
                        "suppressionDuration": "PT1H",
                        "suppressionEnabled": false,
                        "triggerOperator": "GreaterThan",
                        "triggerThreshold": 0,
                        "tactics": [
                          "PrivilegeEscalation"
                        ],
                        "entityMappings": [
                          {
                            "entityType": "Account",
                            "fieldMappings": [
                              {
                                "columnName": "SubjectAccount",
                                "identifier": "FullName"
                              }
                            ]
                          },
                          {
                            "entityType": "Host",
                            "fieldMappings": [
                              {
                                "columnName": "Computer",
                                "identifier": "FullName"
                              }
                            ]
                          }
                        ]
                      }
                    },
                    {
                      "type": "Microsoft.OperationalInsights/workspaces/providers/metadata",
                      "apiVersion": "2021-03-01-preview",
                      "name": "[concat(parameters('workspace'),'/Microsoft.SecurityInsights/', '')]",
                      "properties": {
                        "description": "'This query identifies whether a Active Directory user object was assigned a service principal name which could indicate that an adversary is preparing for performing Kerberoasting. \nThis query checks for event id 5136 that the Object Class field is \"user\" and the LDAP Display Name is \"servicePrincipalName\".\nRef: https://thevivi.net/assets/docs/2019/theVIVI-AD-Security-Workshop_AfricaHackon2019.pdf'\n",
                        "contentId": "875d0eb1-883a-4191-bd0e-dbfdeb95a464",
                        "version": "1.0.1",
                        "source": {
                          "kind": "Community"
                        },
                        "threatAnalysisTactics": [
                          "PrivilegeEscalation"
                        ],
                        "threatAnalyticsTechniques": [
                          "T1134"
                        ],
                        "parentId": "875d0eb1-883a-4191-bd0e-dbfdeb95a464",
                        "kind": "AnalyticsRule",
                        "dependencies": {
                          "operator": "AND",
                          "criteria": [
                            {
                              "contentId": "SecurityEvent",
                              "kind": "DataType"
                            }
                          ]
                        }
                      }
                    }
                  ]
                }
              }
            }
          ]
        },
        "contentId": "875d0eb1-883a-4191-bd0e-dbfdeb95a464",
        "dependencies": {
          "operator": "AND",
          "criteria": [
            {
              "contentId": "875d0eb1-883a-4191-bd0e-dbfdeb95a464",
              "kind": "AnalyticsRule"
            }
          ]
        },
        "description": "'This query identifies whether a Active Directory user object was assigned a service principal name which could indicate that an adversary is preparing for performing Kerberoasting. \nThis query checks for event id 5136 that the Object Class field is \"user\" and the LDAP Display Name is \"servicePrincipalName\".\nRef: https://thevivi.net/assets/docs/2019/theVIVI-AD-Security-Workshop_AfricaHackon2019.pdf'\n",
        "displayName": "Service Principal Name (SPN) Assigned to User Account",
        "source": {
          "kind": "Community"
        },
        "threatAnalysisTactics": [
          "PrivilegeEscalation"
        ],
        "threatAnalyticsTechniques": [
          "T1134"
        ],
        "version": "1.0.1"
      },
      "name": "[concat(parameters('workspace'),'/Microsoft.SecurityInsights/', '875d0eb1-883a-4191-bd0e-dbfdeb95a464')]"
    }
  ]
}