{
  "$schema": "https://schema.management.azure.com/schemas/2019-04-01/deploymentTemplate.json#",
  "parameters": {
    "location": {
      "type": "string",
      "minLength": 1,
      "defaultValue": "[resourceGroup().location]",
      "metadata": {
        "description": "Not used, but needed to pass arm-ttk test `Location-Should-Not-Be-Hardcoded`.  We instead use the `workspace-location` which is derived from the LA workspace"
      }
    },
    "workspace-location": {
      "type": "string",
      "defaultValue": "",
      "metadata": {
        "description": "[concat('Region to deploy solution resources -- separate from location selection',parameters('location'))]"
      }
    },
    "workspace": {
      "defaultValue": "",
      "type": "string",
      "metadata": {
        "description": "Workspace name for Log Analytics where Microsoft Sentinel is setup"
      }
    }
  },
  "variables": {},
  "resources": [
    {
      "type": "Microsoft.OperationalInsights/workspaces/providers/packages",
      "location": "[parameters('workspace-location')]",
      "apiVersion": "2022-08-01",
      "properties": {
        "packageKind": "Standalone",
        "packageItems": {
          "resources": [
            {
              "type": "Microsoft.OperationalInsights/workspaces/providers/contentTemplates",
              "name": "[concat(parameters('workspace'),'/Microsoft.SecurityInsights/', '26534fba-d2bf-449a-af40-c287c2874668')]",
              "location": "[parameters('workspace-location')]",
              "kind": "shared",
              "apiVersion": "2022-08-01",
              "properties": {
                "contentId": "26534fba-d2bf-449a-af40-c287c2874668",
                "displayName": "Imminent Ransomware",
                "contentKind": "HuntingQuery",
                "mainTemplate": {
                  "$schema": "https://schema.management.azure.com/schemas/2019-04-01/deploymentTemplate.json#",
                  "contentVersion": "1.0.0",
                  "resources": [
                    {
                      "type": "Microsoft.OperationalInsights/savedSearches",
                      "apiVersion": "2020-08-01",
                      "name": "26534fba-d2bf-449a-af40-c287c2874668",
                      "location": "[parameters('workspace-location')]",
                      "properties": {
                        "eTag": "*",
                        "displayName": "Imminent Ransomware",
                        "category": "Hunting Queries",
                        "query": "DeviceProcessEvents \n// Pivot on specific commands \n| where ProcessCommandLine has_any(\"-ExclusionPath\", \"Set-MpPreference\", \"advfirewall\", \"-ExclusionExtension\", \n\"-EnableControlledFolderAccess\", \"windefend\", \"onstart\", \"bcdedit\", \"Startup\") \n// Making list of found commands \n| summarize ProcessCommandLine = make_set(ProcessCommandLine) by DeviceId, bin(Timestamp, 6h) \n// Extending columns for later aggregration, based on TTP \n| extend StartUpExclusionPath = iff(ProcessCommandLine has_all(\"-ExclusionPath\", \"Startup\"), 1, 0) \n| extend DefenderTamp = iff(ProcessCommandLine has \"Set-MpPreference\" \nand ProcessCommandLine has_any( \n\"-SevereThreatDefaultAction 6\" \n\"-HighThreatDefaultAction 6\", \n\"-ModerateThreatDefaultAction 6\", \n\"-LowThreatDefaultAction 6\" \n\"-ScanScheduleDay 8\"), 1, 0) \n| extend NetshFirewallTampering = iff(ProcessCommandLine has_all( \"netsh\", \"advfirewall\", \"allprofiles state off\"), 1, 0) \n| extend BatExclusion = iff(ProcessCommandLine has_all(\"-ExclusionExtension\", \".bat\"), 1, 0) \n| extend ExeExclusion = iff(ProcessCommandLine has_all(\"-ExclusionExtension\", \".exe\"), 1, 0) \n| extend DisableControlledFolderAccess = iff(ProcessCommandLine has_all(\"-EnableControlledFolderAccess\", \"Disabled\"), 1, 0) \n| extend ScDeleteDefend = iff(ProcessCommandLine has_all(\"sc\", \"delete\", \"windefend\"), 1, 0) \n| extend BootTampering = iff(ProcessCommandLine has_all(\"bcdedit\", \"default\") and ProcessCommandLine has_any (\"recoveryenabled No\", \"bootstatuspolicy ignoreallfailures\"), 1, 0) \n| extend SchTasks = iff(ProcessCommandLine has_all(\"/sc\", \"onstart\", \"system\", \"/create\", \"/delay\"), 1, 0) \n// Summarizing found commands \n| summarize by NetshFirewallTampering ,BatExclusion, ExeExclusion, DisableControlledFolderAccess, ScDeleteDefend, SchTasks, BootTampering, DefenderTamp, StartUpExclusionPath, DeviceId, Timestamp \n// Adding up each piece of evidence \n| extend EvidenceCount = NetshFirewallTampering + BatExclusion + ExeExclusion + DisableControlledFolderAccess + ScDeleteDefend + SchTasks + BootTampering + DefenderTamp + StartUpExclusionPath \n| where EvidenceCount > 4 \n",
                        "version": 2,
                        "tags": [
                          {
                            "name": "description",
                            "value": "Directly prior to deploying Macaw ransomware in an organization, the attacker will run several commands designed to disable security tools and system recovery tools.\n"
                          },
                          {
                            "name": "tactics",
                            "value": "Ransomware"
                          }
                        ]
                      }
                    },
                    {
                      "type": "Microsoft.OperationalInsights/workspaces/providers/metadata",
                      "apiVersion": "2021-03-01-preview",
                      "name": "[concat(parameters('workspace'),'/Microsoft.SecurityInsights/',concat('huntingQuery-', '26534fba-d2bf-449a-af40-c287c2874668'))]",
                      "properties": {
                        "description": "Directly prior to deploying Macaw ransomware in an organization, the attacker will run several commands designed to disable security tools and system recovery tools.\n",
                        "version": "1.0.0",
                        "source": {
                          "kind": "Community"
                        },
                        "threatAnalysisTactics": [
                          "Ransomware"
                        ],
                        "contentId": "26534fba-d2bf-449a-af40-c287c2874668",
                        "parentId": "26534fba-d2bf-449a-af40-c287c2874668",
                        "kind": "HuntingQuery",
                        "dependencies": {
                          "operator": "AND",
                          "criteria": [
                            {
                              "contentId": "DeviceProcessEvents",
                              "kind": "DataType"
                            }
                          ]
                        }
                      }
                    }
                  ]
                }
              }
            }
          ]
        },
        "dependencies": {
          "operator": "AND",
          "criteria": [
            {
              "contentId": "26534fba-d2bf-449a-af40-c287c2874668",
              "kind": "HuntingQuery"
            }
          ]
        },
        "description": "Directly prior to deploying Macaw ransomware in an organization, the attacker will run several commands designed to disable security tools and system recovery tools.\n",
        "displayName": "Imminent Ransomware",
        "packageId": "26534fba-d2bf-449a-af40-c287c2874668",
        "source": {
          "kind": "Community"
        },
        "threatAnalysisTactics": [
          "Ransomware"
        ],
        "version": "1.0.0"
      },
      "name": "[concat(parameters('workspace'),'/Microsoft.SecurityInsights/', '26534fba-d2bf-449a-af40-c287c2874668')]"
    }
  ]
}