{
  "$schema": "https://schema.management.azure.com/schemas/2019-04-01/deploymentTemplate.json#",
  "parameters": {
    "location": {
      "type": "string",
      "minLength": 1,
      "defaultValue": "[resourceGroup().location]",
      "metadata": {
        "description": "Not used, but needed to pass arm-ttk test `Location-Should-Not-Be-Hardcoded`.  We instead use the `workspace-location` which is derived from the LA workspace"
      }
    },
    "workspace-location": {
      "type": "string",
      "defaultValue": "",
      "metadata": {
        "description": "[concat('Region to deploy solution resources -- separate from location selection',parameters('location'))]"
      }
    },
    "workspace": {
      "defaultValue": "",
      "type": "string",
      "metadata": {
        "description": "Workspace name for Log Analytics where Microsoft Sentinel is setup"
      }
    }
  },
  "variables": {},
  "resources": [
    {
      "type": "Microsoft.OperationalInsights/workspaces/providers/packages",
      "location": "[parameters('workspace-location')]",
      "apiVersion": "2022-08-01",
      "properties": {
        "packageKind": "Standalone",
        "packageItems": {
          "resources": [
            {
              "type": "Microsoft.OperationalInsights/workspaces/providers/contentTemplates",
              "name": "[concat(parameters('workspace'),'/Microsoft.SecurityInsights/', '21444f27-9184-45bf-a335-7b7169a56790')]",
              "location": "[parameters('workspace-location')]",
              "kind": "shared",
              "apiVersion": "2022-08-01",
              "properties": {
                "contentId": "21444f27-9184-45bf-a335-7b7169a56790",
                "displayName": "File Backup Deletion Alerts",
                "contentKind": "HuntingQuery",
                "mainTemplate": {
                  "$schema": "https://schema.management.azure.com/schemas/2019-04-01/deploymentTemplate.json#",
                  "contentVersion": "1.0.0",
                  "resources": [
                    {
                      "type": "Microsoft.OperationalInsights/savedSearches",
                      "apiVersion": "2020-08-01",
                      "name": "21444f27-9184-45bf-a335-7b7169a56790",
                      "location": "[parameters('workspace-location')]",
                      "properties": {
                        "eTag": "*",
                        "displayName": "File Backup Deletion Alerts",
                        "category": "Hunting Queries",
                        "query": "AlertInfo\n| where Title == \"File backups were deleted\"\n| join AlertEvidence on $left.AlertId == $right.AlertId\n",
                        "version": 2,
                        "tags": [
                          {
                            "name": "description",
                            "value": "This query checks alerts related to file backup deletion and enriches with additional alert evidence information\n"
                          },
                          {
                            "name": "tactics",
                            "value": "Ransomware"
                          }
                        ]
                      }
                    },
                    {
                      "type": "Microsoft.OperationalInsights/workspaces/providers/metadata",
                      "apiVersion": "2021-03-01-preview",
                      "name": "[concat(parameters('workspace'),'/Microsoft.SecurityInsights/',concat('huntingQuery-', '21444f27-9184-45bf-a335-7b7169a56790'))]",
                      "properties": {
                        "description": "This query checks alerts related to file backup deletion and enriches with additional alert evidence information\n",
                        "contentId": "21444f27-9184-45bf-a335-7b7169a56790",
                        "version": "1.0.0",
                        "source": {
                          "kind": "Community"
                        },
                        "threatAnalysisTactics": [
                          "Ransomware"
                        ],
                        "parentId": "21444f27-9184-45bf-a335-7b7169a56790",
                        "kind": "HuntingQuery",
                        "dependencies": {
                          "operator": "AND",
                          "criteria": [
                            {
                              "contentId": "AlertInfo",
                              "kind": "DataType"
                            },
                            {
                              "contentId": "AlertEvidence",
                              "kind": "DataType"
                            }
                          ]
                        }
                      }
                    }
                  ]
                }
              }
            }
          ]
        },
        "contentId": "21444f27-9184-45bf-a335-7b7169a56790",
        "dependencies": {
          "operator": "AND",
          "criteria": [
            {
              "contentId": "21444f27-9184-45bf-a335-7b7169a56790",
              "kind": "HuntingQuery"
            }
          ]
        },
        "description": "This query checks alerts related to file backup deletion and enriches with additional alert evidence information\n",
        "displayName": "File Backup Deletion Alerts",
        "source": {
          "kind": "Community"
        },
        "threatAnalysisTactics": [
          "Ransomware"
        ],
        "version": "1.0.0"
      },
      "name": "[concat(parameters('workspace'),'/Microsoft.SecurityInsights/', '21444f27-9184-45bf-a335-7b7169a56790')]"
    }
  ]
}