{
  "$schema": "https://schema.management.azure.com/schemas/2019-04-01/deploymentTemplate.json#",
  "contentVersion": "1.0.0.0",
  "parameters": {
    "location": {
      "type": "string",
      "minLength": 1,
      "defaultValue": "[resourceGroup().location]",
      "metadata": {
        "description": "Not used, but needed to pass arm-ttk test `Location-Should-Not-Be-Hardcoded`.  We instead use the `workspace-location` which is derived from the LA workspace"
      }
    },
    "workspace-location": {
      "type": "string",
      "defaultValue": "",
      "metadata": {
        "description": "[concat('Region to deploy solution resources -- separate from location selection',parameters('location'))]"
      }
    },
    "workspace": {
      "defaultValue": "",
      "type": "string",
      "metadata": {
        "description": "Workspace name for Log Analytics where Microsoft Sentinel is setup"
      }
    }
  },
  "variables": {},
  "resources": [
    {
      "type": "Microsoft.OperationalInsights/workspaces/providers/packages",
      "location": "[parameters('workspace-location')]",
      "apiVersion": "2022-08-01",
      "properties": {
        "packageKind": "Standalone",
        "packageItems": {
          "resources": [
            {
              "type": "Microsoft.OperationalInsights/workspaces/providers/contentTemplates",
              "name": "[concat(parameters('workspace'),'/Microsoft.SecurityInsights/', 'ed43bdb7-eaab-4ea4-be52-6951fcfa7e3b')]",
              "location": "[parameters('workspace-location')]",
              "apiVersion": "2022-08-01",
              "properties": {
                "contentId": "ed43bdb7-eaab-4ea4-be52-6951fcfa7e3b",
                "displayName": "Mass Cloud resource deletions Time Series Anomaly",
                "contentKind": "AnalyticsRule",
                "mainTemplate": {
                  "$schema": "https://schema.management.azure.com/schemas/2019-04-01/deploymentTemplate.json#",
                  "contentVersion": "1.0.0",
                  "resources": [
                    {
                      "type": "Microsoft.OperationalInsights/workspaces/providers/alertRules",
                      "apiVersion": "2022-04-01-preview",
                      "name": "ed43bdb7-eaab-4ea4-be52-6951fcfa7e3b",
                      "kind": "Scheduled",
                      "location": "[parameters('workspace-location')]",
                      "properties": {
                        "description": "This query generates baseline pattern of cloud resource deletions by an user and generated anomaly \nwhen any unusual spike is detected.\nThese anomalies from unusual or privileged users could be an indication of cloud infrastructure \ntake-down by an adversary ",
                        "displayName": "Mass Cloud resource deletions Time Series Anomaly",
                        "enabled": false,
                        "query": "let starttime = 14d;\nlet endtime = 1d;\nlet timeframe = 1h;\nlet TotalEventsThreshold = 25; \nlet TimeSeriesData = \nAzureActivity \n| where TimeGenerated between (startofday(ago(starttime))..startofday(ago(endtime)))\n| where OperationNameValue endswith \"delete\" \n| project TimeGenerated, Caller \n| make-series Total = count() on TimeGenerated from startofday(ago(starttime)) to startofday(ago(endtime)) step timeframe by Caller; \nlet TimeSeriesAlerts = materialize(TimeSeriesData \n| extend (anomalies, score, baseline) = series_decompose_anomalies(Total, 3, -1, 'linefit') \n| mv-expand Total to typeof(double), TimeGenerated to typeof(datetime), anomalies to typeof(double), score to typeof(double), baseline to typeof(long) \n| where anomalies > 0 \n| project Caller, TimeGenerated, Total, baseline, anomalies, score \n| where Total > TotalEventsThreshold and baseline > 0 ); \nTimeSeriesAlerts \n| where TimeGenerated > (ago(endtime)) \n| project TimeGenerated, Caller \n| join (AzureActivity \n| where TimeGenerated > (ago(endtime)) \n| where OperationNameValue endswith \"delete\" \n| summarize count(), make_set(OperationNameValue), make_set(Resource) by bin(TimeGenerated, 1h), Caller) on TimeGenerated, Caller \n| extend timestamp = TimeGenerated, AccountCustomEntity = Caller\n",
                        "queryFrequency": "P1D",
                        "queryPeriod": "P14D",
                        "severity": "Medium",
                        "suppressionDuration": "PT1H",
                        "suppressionEnabled": false,
                        "triggerOperator": "GreaterThan",
                        "triggerThreshold": 0,
                        "tactics": [
                          "Impact"
                        ],
                        "techniques": [
                          "T1485"
                        ],
                        "entityMappings": [
                          {
                            "entityType": "Account",
                            "fieldMappings": [
                              {
                                "columnName": "AccountCustomEntity",
                                "identifier": "FullName"
                              }
                            ]
                          }
                        ]
                      }
                    },
                    {
                      "type": "Microsoft.OperationalInsights/workspaces/providers/metadata",
                      "apiVersion": "2021-03-01-preview",
                      "properties": {
                        "description": "'This query generates baseline pattern of cloud resource deletions by an user and generated anomaly \nwhen any unusual spike is detected.\nThese anomalies from unusual or privileged users could be an indication of cloud infrastructure \ntake-down by an adversary '\n",
                        "version": "1.0.0",
                        "author": {
                          "name": "Community"
                        },
                        "support": {
                          "name": "Community",
                          "link": "https://github.com/Azure/Azure-Sentinel/issues",
                          "tier": "Community"
                        },
                        "source": {
                          "kind": "Community",
                          "name": "Standalone"
                        },
                        "threatAnalysisTactics": [
                          "Impact"
                        ],
                        "threatAnalyticsTechniques": [
                          "T1485"
                        ],
                        "contentId": "ed43bdb7-eaab-4ea4-be52-6951fcfa7e3b",
                        "parentId": "ed43bdb7-eaab-4ea4-be52-6951fcfa7e3b",
                        "kind": "AnalyticsRule",
                        "dependencies": {
                          "operator": "AND",
                          "criteria": [
                            {
                              "contentId": "AzureActivity",
                              "kind": "DataType"
                            }
                          ]
                        }
                      }
                    }
                  ]
                }
              }
            }
          ]
        },
        "author": {
          "name": "Community"
        },
        "dependencies": {
          "operator": "AND",
          "criteria": [
            {
              "contentId": "ed43bdb7-eaab-4ea4-be52-6951fcfa7e3b",
              "kind": "AnalyticsRule"
            }
          ]
        },
        "description": "'This query generates baseline pattern of cloud resource deletions by an user and generated anomaly \nwhen any unusual spike is detected.\nThese anomalies from unusual or privileged users could be an indication of cloud infrastructure \ntake-down by an adversary '\n",
        "displayName": "Mass Cloud resource deletions Time Series Anomaly",
        "packageId": "ed43bdb7-eaab-4ea4-be52-6951fcfa7e3b",
        "source": {
          "kind": "Community",
          "name": "Standalone"
        },
        "support": {
          "name": "Community",
          "link": "https://github.com/Azure/Azure-Sentinel/issues",
          "tier": "Community"
        },
        "threatAnalysisTactics": [
          "Impact"
        ],
        "threatAnalyticsTechniques": [
          "T1485"
        ],
        "version": "1.0.0"
      },
      "name": "[concat(parameters('workspace'),'/Microsoft.SecurityInsights/', 'ed43bdb7-eaab-4ea4-be52-6951fcfa7e3b')]"
    }
  ]
}