{
  "$schema": "https://schema.management.azure.com/schemas/2019-04-01/deploymentTemplate.json#",
  "parameters": {
    "location": {
      "type": "string",
      "minLength": 1,
      "defaultValue": "[resourceGroup().location]",
      "metadata": {
        "description": "Not used, but needed to pass arm-ttk test `Location-Should-Not-Be-Hardcoded`.  We instead use the `workspace-location` which is derived from the LA workspace"
      }
    },
    "workspace-location": {
      "type": "string",
      "defaultValue": "",
      "metadata": {
        "description": "[concat('Region to deploy solution resources -- separate from location selection',parameters('location'))]"
      }
    },
    "workspace": {
      "defaultValue": "",
      "type": "string",
      "metadata": {
        "description": "Workspace name for Log Analytics where Microsoft Sentinel is setup"
      }
    }
  },
  "variables": {},
  "resources": [
    {
      "type": "Microsoft.OperationalInsights/workspaces/providers/packages",
      "location": "[parameters('workspace-location')]",
      "apiVersion": "2022-08-01",
      "properties": {
        "packageKind": "Standalone",
        "packageItems": {
          "resources": [
            {
              "type": "Microsoft.OperationalInsights/workspaces/providers/contentTemplates",
              "name": "[concat(parameters('workspace'),'/Microsoft.SecurityInsights/', '2937bc6b-7cda-4fba-b452-ea43ba8e835f')]",
              "location": "[parameters('workspace-location')]",
              "apiVersion": "2022-08-01",
              "properties": {
                "contentId": "2937bc6b-7cda-4fba-b452-ea43ba8e835f",
                "displayName": "Possible Resource-Based Constrained Delegation Abuse",
                "contentKind": "AnalyticsRule",
                "mainTemplate": {
                  "$schema": "https://schema.management.azure.com/schemas/2019-04-01/deploymentTemplate.json#",
                  "contentVersion": "1.0.0",
                  "resources": [
                    {
                      "type": "Microsoft.OperationalInsights/workspaces/providers/alertRules",
                      "apiVersion": "2022-04-01-preview",
                      "name": "[concat(parameters('workspace'),'/Microsoft.SecurityInsights/', '' )]",
                      "kind": "Scheduled",
                      "location": "[parameters('workspace-location')]",
                      "properties": {
                        "description": "This query identifies Active Directory computer objects modifications that allow an adversary to abuse the Resource-based constrained delegation. \nThis query checks for event id 5136 that the Object Class field is \"computer\" and the LDAP Display Name is \"msDS-AllowedToActOnBehalfOfOtherIdentity\" which is an indicator of Resource-based constrained delegation.\nRef: https://shenaniganslabs.io/2019/01/28/Wagging-the-Dog.html",
                        "displayName": "Possible Resource-Based Constrained Delegation Abuse",
                        "enabled": false,
                        "query": "SecurityEvent\n| where EventID == 5136 \n| parse EventData with * 'ObjectClass\">' ObjectClass \"<\" *\n| parse EventData with * 'AttributeLDAPDisplayName\">' AttributeLDAPDisplayName \"<\" *\n| where ObjectClass == \"computer\" and AttributeLDAPDisplayName == \"msDS-AllowedToActOnBehalfOfOtherIdentity\"\n| parse EventData with * 'ObjectDN\">' ObjectDN \"<\" *\n| summarize StartTime = min(TimeGenerated), EndTime = max(TimeGenerated) by Computer, SubjectAccount, SubjectUserSid, SubjectLogonId, ObjectDN, AttributeLDAPDisplayName\n",
                        "queryFrequency": "PT1H",
                        "queryPeriod": "PT1H",
                        "severity": "Medium",
                        "suppressionDuration": "PT1H",
                        "suppressionEnabled": false,
                        "triggerOperator": "GreaterThan",
                        "triggerThreshold": 0,
                        "tactics": [
                          "PrivilegeEscalation"
                        ],
                        "entityMappings": [
                          {
                            "entityType": "Account",
                            "fieldMappings": [
                              {
                                "columnName": "SubjectAccount",
                                "identifier": "FullName"
                              }
                            ]
                          },
                          {
                            "entityType": "Host",
                            "fieldMappings": [
                              {
                                "columnName": "Computer",
                                "identifier": "FullName"
                              }
                            ]
                          }
                        ]
                      }
                    },
                    {
                      "type": "Microsoft.OperationalInsights/workspaces/providers/metadata",
                      "apiVersion": "2021-03-01-preview",
                      "name": "[concat(parameters('workspace'),'/Microsoft.SecurityInsights/', '')]",
                      "properties": {
                        "description": "'This query identifies Active Directory computer objects modifications that allow an adversary to abuse the Resource-based constrained delegation. \nThis query checks for event id 5136 that the Object Class field is \"computer\" and the LDAP Display Name is \"msDS-AllowedToActOnBehalfOfOtherIdentity\" which is an indicator of Resource-based constrained delegation.\nRef: https://shenaniganslabs.io/2019/01/28/Wagging-the-Dog.html'\n",
                        "version": "1.0.0",
                        "source": {
                          "kind": "Community"
                        },
                        "threatAnalysisTactics": [
                          "PrivilegeEscalation"
                        ],
                        "threatAnalyticsTechniques": [
                          "T1134"
                        ],
                        "contentId": "2937bc6b-7cda-4fba-b452-ea43ba8e835f",
                        "parentId": "2937bc6b-7cda-4fba-b452-ea43ba8e835f",
                        "kind": "AnalyticsRule",
                        "dependencies": {
                          "operator": "AND",
                          "criteria": [
                            {
                              "contentId": "SecurityEvent",
                              "kind": "DataType"
                            }
                          ]
                        }
                      }
                    }
                  ]
                }
              }
            }
          ]
        },
        "dependencies": {
          "operator": "AND",
          "criteria": [
            {
              "contentId": "2937bc6b-7cda-4fba-b452-ea43ba8e835f",
              "kind": "AnalyticsRule"
            }
          ]
        },
        "description": "'This query identifies Active Directory computer objects modifications that allow an adversary to abuse the Resource-based constrained delegation. \nThis query checks for event id 5136 that the Object Class field is \"computer\" and the LDAP Display Name is \"msDS-AllowedToActOnBehalfOfOtherIdentity\" which is an indicator of Resource-based constrained delegation.\nRef: https://shenaniganslabs.io/2019/01/28/Wagging-the-Dog.html'\n",
        "displayName": "Possible Resource-Based Constrained Delegation Abuse",
        "packageId": "2937bc6b-7cda-4fba-b452-ea43ba8e835f",
        "source": {
          "kind": "Community"
        },
        "threatAnalysisTactics": [
          "PrivilegeEscalation"
        ],
        "threatAnalyticsTechniques": [
          "T1134"
        ],
        "version": "1.0.0"
      },
      "name": "[concat(parameters('workspace'),'/Microsoft.SecurityInsights/', '2937bc6b-7cda-4fba-b452-ea43ba8e835f')]"
    }
  ]
}