{
  "$schema": "https://schema.management.azure.com/schemas/2019-04-01/deploymentTemplate.json#",
  "parameters": {
    "location": {
      "type": "string",
      "minLength": 1,
      "defaultValue": "[resourceGroup().location]",
      "metadata": {
        "description": "Not used, but needed to pass arm-ttk test `Location-Should-Not-Be-Hardcoded`.  We instead use the `workspace-location` which is derived from the LA workspace"
      }
    },
    "workspace-location": {
      "type": "string",
      "defaultValue": "",
      "metadata": {
        "description": "[concat('Region to deploy solution resources -- separate from location selection',parameters('location'))]"
      }
    },
    "workspace": {
      "defaultValue": "",
      "type": "string",
      "metadata": {
        "description": "Workspace name for Log Analytics where Microsoft Sentinel is setup"
      }
    }
  },
  "variables": {},
  "resources": [
    {
      "type": "Microsoft.OperationalInsights/workspaces/providers/packages",
      "location": "[parameters('workspace-location')]",
      "apiVersion": "2022-08-01",
      "properties": {
        "packageKind": "Standalone",
        "packageItems": {
          "resources": [
            {
              "type": "Microsoft.OperationalInsights/workspaces/providers/contentTemplates",
              "name": "[concat(parameters('workspace'),'/Microsoft.SecurityInsights/', '677da133-e487-4108-a150-5b926591a92b')]",
              "location": "[parameters('workspace-location')]",
              "apiVersion": "2022-08-01",
              "properties": {
                "contentId": "677da133-e487-4108-a150-5b926591a92b",
                "displayName": "NOBELIUM - Domain, Hash and IP IOCs - May 2021",
                "contentKind": "AnalyticsRule",
                "mainTemplate": {
                  "$schema": "https://schema.management.azure.com/schemas/2019-04-01/deploymentTemplate.json#",
                  "contentVersion": "1.5.1",
                  "resources": [
                    {
                      "type": "Microsoft.OperationalInsights/workspaces/providers/alertRules",
                      "apiVersion": "2022-04-01-preview",
                      "name": "[concat(parameters('workspace'),'/Microsoft.SecurityInsights/', '' )]",
                      "kind": "Scheduled",
                      "location": "[parameters('workspace-location')]",
                      "properties": {
                        "description": "Identifies a match across various data feeds for domains, hashes and IP IOCs related to NOBELIUM.\nRef: https://www.microsoft.com/security/blog/2021/05/27/new-sophisticated-email-based-attack-from-nobelium/",
                        "displayName": "NOBELIUM - Domain, Hash and IP IOCs - May 2021",
                        "enabled": false,
                        "query": "let iocs = externaldata(DateAdded:string,FirstSeen:string,IoC:string,Type:string,TLP:string)\n[@\"https://raw.githubusercontent.com/microsoft/mstic/master/Indicators/May21-NOBELIUM/May21NOBELIUMIoCs.csv\"] with (format=\"csv\", ignoreFirstRecord=True);\nlet sha256s = (iocs | where Type =~ \"SHA256\"| project IoC);\nlet ips = (iocs | where Type =~ \"IP\"| project IoC);\nlet IPList = dynamic([\"192.99.221.77\",\"83.171.237.173\"]);\nlet ips_list=toscalar(ips | summarize makeset(IoC));\nlet full_ip_list= array_concat(ips_list, IPList);\nlet domains = (iocs | where Type =~ \"Domain\"| project IoC);\nlet domain_list=toscalar(domains | summarize make_set(IoC));\nlet IPRegex = '[0-9]{1,3}\\\\.[0-9]{1,3}\\\\.[0-9]{1,3}\\\\.[0-9]{1,3}';\nlet sha256Hashes = dynamic([\"2523f94bd4fba4af76f4411fe61084a7e7d80dec163c9ccba9226c80b8b31252\",\n\"d035d394a82ae1e44b25e273f99eae8e2369da828d6b6fdb95076fd3eb5de142\",\n\"94786066a64c0eb260a28a2959fcd31d63d175ade8b05ae682d3f6f9b2a5a916\",\n\"48b5fb3fa3ea67c2bc0086c41ec755c39d748a7100d71b81f618e82bf1c479f0\",\n\"ee44c0692fd2ab2f01d17ca4b58ca6c7f79388cbc681f885bb17ec946514088c\",\n\"ee42ddacbd202008bcc1312e548e1d9ac670dd3d86c999606a3a01d464a2a330\"]);\n(union isfuzzy=true\n(CommonSecurityLog\n| where SourceIP in (IPList) or DestinationIP in (IPList) or DestinationHostName in~ (domains) or RequestURL has_any (domains) or Message has_any (IPList)\n| parse Message with * '(' DNSName ')' * \n| extend MessageIP = extract(IPRegex, 0, Message)\n| extend IPMatch = case(SourceIP in (IPList), \"SourceIP\", DestinationIP in (IPList), \"DestinationIP\", MessageIP in (IPList), \"Message\", RequestURL in (domains), \"RequestUrl\", SourceIP in (ips), \"SourceIP\", DestinationIP in (ips), \"DestinationIP\", MessageIP in (IPList), \"Message\", \"NoMatch\") \n| extend timestamp = TimeGenerated, IPCustomEntity = case(IPMatch == \"SourceIP\", SourceIP, IPMatch == \"DestinationIP\", DestinationIP, IPMatch == \"Message\", MessageIP, \"NoMatch\"), AccountCustomEntity = SourceUserID\n),\n(_Im_Dns (domain_has_any=todynamic(domain_list))\n| extend DestinationIPAddress = DnsResponseName, DNSName = DnsQuery, Host = Dvc\n| extend timestamp = TimeGenerated, IPCustomEntity = SrcIpAddr, HostCustomEntity = Host\n),\n(_Im_Dns (response_has_any_prefix=todynamic(full_ip_list))\n| extend DestinationIPAddress = DnsResponseName, DNSName = DnsQuery, Host = Dvc\n| extend timestamp = TimeGenerated, IPCustomEntity = SrcIpAddr, HostCustomEntity = Host\n),\n(VMConnection\n| where SourceIp in (IPList) or DestinationIp in (IPList) or SourceIp in (ips) or DestinationIp in (ips) or RemoteDnsCanonicalNames has_any (domains)\n| parse RemoteDnsCanonicalNames with * '[\"' DNSName '\"]' *\n| extend IPMatch = case( SourceIp in (IPList), \"SourceIP\", DestinationIp in (IPList), \"DestinationIP\",  SourceIp in (ips), \"SourceIP\", DestinationIp in (ips), \"DestinationIP\", \"None\") \n| extend timestamp = TimeGenerated, IPCustomEntity = case(IPMatch == \"SourceIP\", SourceIp, IPMatch == \"DestinationIP\", DestinationIp, \"NoMatch\"), HostCustomEntity = Computer\n),\n(OfficeActivity\n| where ClientIP in (IPList) or ClientIP in (ips)\n| extend timestamp = TimeGenerated, IPCustomEntity = ClientIP, AccountCustomEntity = UserId\n),\n(WindowsFirewall\n| where SourceIP in (IPList) or DestinationIP in (IPList) or SourceIP in (ips) or DestinationIP in (ips)\n| extend IPMatch = case( SourceIP in (IPList), \"SourceIP\", DestinationIP in (IPList), \"DestinationIP\", SourceIP in (ips), \"SourceIP\", DestinationIP in (ips), \"DestinationIP\", \"None\")\n),\n(_Im_NetworkSession(srcipaddr_has_any_prefix=full_ip_list)\n  | extend IPMatch =  \"SourceIP\"\n  | extend timestamp = TimeGenerated, HostCustomEntity = Dvc , IPCustomEntity = SrcIpAddr //, AccountCustomEntity =User\n),\n(_Im_NetworkSession(dstipaddr_has_any_prefix=full_ip_list)\n  | extend IPMatch =  \"DestinationIP\"\n  | extend timestamp = TimeGenerated, HostCustomEntity = Dvc , IPCustomEntity =  DstIpAddr //, AccountCustomEntity =User\n),\n(_Im_WebSession(url_has_any=domains)\n  | extend timestamp=TimeGenerated, HostCustomEntity=Dvc , DNSName=tostring(parse_url(Url)[\"Host\"]), AccountCustomEntity=User\n),\n(_Im_WebSession(srcipaddr_has_any_prefix=full_ip_list)\n  | extend timestamp=TimeGenerated, HostCustomEntity=Dvc , DNSName=tostring(parse_url(Url)[\"Host\"]), AccountCustomEntity=User\n),\n(AzureDiagnostics \n| where ResourceType == \"AZUREFIREWALLS\"\n| where Category == \"AzureFirewallApplicationRule\"\n| parse msg_s with Protocol 'request from ' SourceHost ':' SourcePort 'to ' DestinationHost ':' DestinationPort '. Action:' Action\n| where isnotempty(DestinationHost)\n| where DestinationHost has_any (domains)  \n| extend timestamp = TimeGenerated, DNSName = DestinationHost, IPCustomEntity = SourceHost\n),\n(Event\n//This query uses sysmon data depending on table name used this may need updating\n| where Source == \"Microsoft-Windows-Sysmon\"\n| extend EvData = parse_xml(EventData)\n| extend EventDetail = EvData.DataItem.EventData.Data\n| where EventDetail has_any (sha256Hashes) or EventDetail has_any (sha256s)\n| parse EventDetail with * 'SHA256=' SHA256 '\",' *\n| extend Type = strcat(Type, \": \", Source), Account = UserName, FileHash = SHA256\n| project Type, TimeGenerated, Computer, Account, FileHash\n),\n(DeviceFileEvents\n| where SHA256 in~ (sha256Hashes) or SHA256 in~ (sha256s)\n| extend Account = RequestAccountName, Computer = DeviceName, IPAddress = RequestSourceIP, CommandLine = InitiatingProcessCommandLine, FileHash = SHA256\n| project Type, TimeGenerated, Computer, Account, IPAddress, CommandLine, FileHash\n),\n(imFileEvent\n| where TargetFileSHA256 in~ (sha256Hashes) or TargetFileSHA256 in~ (sha256s)\n| extend Account = ActorUsername, Computer = DvcHostname, IPAddress = SrcIpAddr, CommandLine = ActingProcessCommandLine, FileHash = TargetFileSHA256\n| project Type, TimeGenerated, Computer, Account, IPAddress, CommandLine, FileHash\n),\n(CommonSecurityLog\n| where FileHash in (sha256Hashes) or FileHash in (sha256s)\n| extend timestamp = TimeGenerated\n)\n)\n",
                        "queryFrequency": "PT6H",
                        "queryPeriod": "PT6H",
                        "severity": "Medium",
                        "suppressionDuration": "PT1H",
                        "suppressionEnabled": false,
                        "triggerOperator": "GreaterThan",
                        "triggerThreshold": 0,
                        "tactics": [
                          "CommandAndControl",
                          "Execution"
                        ],
                        "entityMappings": [
                          {
                            "entityType": "Account",
                            "fieldMappings": [
                              {
                                "columnName": "AccountCustomEntity",
                                "identifier": "FullName"
                              }
                            ]
                          },
                          {
                            "entityType": "Host",
                            "fieldMappings": [
                              {
                                "columnName": "HostCustomEntity",
                                "identifier": "FullName"
                              }
                            ]
                          },
                          {
                            "entityType": "IP",
                            "fieldMappings": [
                              {
                                "columnName": "IPCustomEntity",
                                "identifier": "Address"
                              }
                            ]
                          },
                          {
                            "entityType": "DNS",
                            "fieldMappings": [
                              {
                                "columnName": "DNSName",
                                "identifier": "DomainName"
                              }
                            ]
                          }
                        ]
                      }
                    },
                    {
                      "type": "Microsoft.OperationalInsights/workspaces/providers/metadata",
                      "apiVersion": "2021-03-01-preview",
                      "name": "[concat(parameters('workspace'),'/Microsoft.SecurityInsights/', '')]",
                      "properties": {
                        "description": "'Identifies a match across various data feeds for domains, hashes and IP IOCs related to NOBELIUM.\nRef: https://www.microsoft.com/security/blog/2021/05/27/new-sophisticated-email-based-attack-from-nobelium/'\n",
                        "contentId": "677da133-e487-4108-a150-5b926591a92b",
                        "version": "1.5.1",
                        "source": {
                          "kind": "Community"
                        },
                        "threatAnalysisTactics": [
                          "CommandAndControl",
                          "Execution"
                        ],
                        "threatAnalyticsTechniques": [
                          "T1102.002",
                          "T1204.001"
                        ],
                        "parentId": "677da133-e487-4108-a150-5b926591a92b",
                        "kind": "AnalyticsRule",
                        "dependencies": {
                          "operator": "AND",
                          "criteria": [
                            {
                              "contentId": "AWSVPCFlow",
                              "kind": "DataType"
                            },
                            {
                              "contentId": "WindowsEvent",
                              "kind": "DataType"
                            },
                            {
                              "contentId": "SquidProxy_CL",
                              "kind": "DataType"
                            },
                            {
                              "contentId": "Syslog",
                              "kind": "DataType"
                            },
                            {
                              "contentId": "DnsEvents",
                              "kind": "DataType"
                            },
                            {
                              "contentId": "VMConnection",
                              "kind": "DataType"
                            },
                            {
                              "contentId": "CommonSecurityLog",
                              "kind": "DataType"
                            },
                            {
                              "contentId": "CommonSecurityLog",
                              "kind": "DataType"
                            },
                            {
                              "contentId": "CommonSecurityLog",
                              "kind": "DataType"
                            },
                            {
                              "contentId": "CommonSecurityLog",
                              "kind": "DataType"
                            },
                            {
                              "contentId": "CommonSecurityLog",
                              "kind": "DataType"
                            },
                            {
                              "contentId": "CommonSecurityLog",
                              "kind": "DataType"
                            },
                            {
                              "contentId": "DeviceNetworkEvents",
                              "kind": "DataType"
                            },
                            {
                              "contentId": "DeviceFileEvents",
                              "kind": "DataType"
                            },
                            {
                              "contentId": "SecurityEvent",
                              "kind": "DataType"
                            },
                            {
                              "contentId": "OfficeActivity",
                              "kind": "DataType"
                            },
                            {
                              "contentId": "AzureDiagnostics",
                              "kind": "DataType"
                            },
                            {
                              "contentId": "WindowsFirewall",
                              "kind": "DataType"
                            },
                            {
                              "contentId": "CommonSecurityLog",
                              "kind": "DataType"
                            },
                            {
                              "contentId": "Syslog",
                              "kind": "DataType"
                            },
                            {
                              "contentId": "GCP_DNS_CL",
                              "kind": "DataType"
                            },
                            {
                              "contentId": "NXLog_DNS_Server_CL",
                              "kind": "DataType"
                            },
                            {
                              "contentId": "Cisco_Umbrella_dns_CL",
                              "kind": "DataType"
                            },
                            {
                              "contentId": "Corelight_CL",
                              "kind": "DataType"
                            }
                          ]
                        }
                      }
                    }
                  ]
                }
              }
            }
          ]
        },
        "contentId": "677da133-e487-4108-a150-5b926591a92b",
        "dependencies": {
          "operator": "AND",
          "criteria": [
            {
              "contentId": "677da133-e487-4108-a150-5b926591a92b",
              "kind": "AnalyticsRule"
            }
          ]
        },
        "description": "'Identifies a match across various data feeds for domains, hashes and IP IOCs related to NOBELIUM.\nRef: https://www.microsoft.com/security/blog/2021/05/27/new-sophisticated-email-based-attack-from-nobelium/'\n",
        "displayName": "NOBELIUM - Domain, Hash and IP IOCs - May 2021",
        "source": {
          "kind": "Community"
        },
        "threatAnalysisTactics": [
          "CommandAndControl",
          "Execution"
        ],
        "threatAnalyticsTechniques": [
          "T1102.002",
          "T1204.001"
        ],
        "version": "1.5.1"
      },
      "name": "[concat(parameters('workspace'),'/Microsoft.SecurityInsights/', '677da133-e487-4108-a150-5b926591a92b')]"
    }
  ]
}