{
  "$schema": "https://schema.management.azure.com/schemas/2019-04-01/deploymentTemplate.json#",
  "contentVersion": "1.0.0.0",
  "parameters": {
    "location": {
      "type": "string",
      "minLength": 1,
      "defaultValue": "[resourceGroup().location]",
      "metadata": {
        "description": "Not used, but needed to pass arm-ttk test `Location-Should-Not-Be-Hardcoded`.  We instead use the `workspace-location` which is derived from the LA workspace"
      }
    },
    "workspace-location": {
      "type": "string",
      "defaultValue": "",
      "metadata": {
        "description": "[concat('Region to deploy solution resources -- separate from location selection',parameters('location'))]"
      }
    },
    "workspace": {
      "defaultValue": "",
      "type": "string",
      "metadata": {
        "description": "Workspace name for Log Analytics where Microsoft Sentinel is setup"
      }
    }
  },
  "variables": {},
  "resources": [
    {
      "type": "Microsoft.OperationalInsights/workspaces/providers/packages",
      "location": "[parameters('workspace-location')]",
      "apiVersion": "2022-08-01",
      "properties": {
        "packageKind": "Standalone",
        "packageItems": {
          "resources": [
            {
              "type": "Microsoft.OperationalInsights/workspaces/providers/contentTemplates",
              "name": "[concat(parameters('workspace'),'/Microsoft.SecurityInsights/', '119d9e1c-afcc-4d23-b239-cdb4e7bf851c')]",
              "location": "[parameters('workspace-location')]",
              "kind": "shared",
              "apiVersion": "2022-08-01",
              "properties": {
                "contentId": "119d9e1c-afcc-4d23-b239-cdb4e7bf851c",
                "displayName": "External user added and removed in a short timeframe - Hunt Version",
                "contentKind": "HuntingQuery",
                "mainTemplate": {
                  "$schema": "https://schema.management.azure.com/schemas/2019-04-01/deploymentTemplate.json#",
                  "contentVersion": "1.0.0",
                  "resources": [
                    {
                      "type": "Microsoft.OperationalInsights/savedSearches",
                      "apiVersion": "2020-08-01",
                      "name": "119d9e1c-afcc-4d23-b239-cdb4e7bf851c",
                      "location": "[parameters('workspace-location')]",
                      "properties": {
                        "eTag": "*",
                        "displayName": "External user added and removed in a short timeframe - Hunt Version",
                        "category": "Hunting Queries",
                        "query": "\n// If you want to look at user added further than 7 days ago adjust this value\n// If you want to change the timeframe of how quickly accounts need to be added and removed change this value\nlet time_delta = 1h;\nOfficeActivity\n| where OfficeWorkload =~ \"MicrosoftTeams\" \n| where Operation =~ \"MemberAdded\"\n| extend UPN = tostring(parse_json(Members)[0].UPN)\n| where UPN contains (\"#EXT#\")\n| project TimeAdded=TimeGenerated, Operation, UPN, UserWhoAdded = UserId, TeamName, TeamGuid\n| join (\nOfficeActivity\n| where OfficeWorkload =~ \"MicrosoftTeams\" \n| where Operation =~ \"MemberRemoved\"\n| extend UPN = tostring(parse_json(Members)[0].UPN)\n| where UPN contains (\"#EXT#\")\n| project TimeDeleted=TimeGenerated, Operation, UPN, UserWhoDeleted = UserId, TeamName, TeamGuid) on UPN, TeamGuid\n| where TimeDeleted < (TimeAdded + time_delta)\n| project TimeAdded, TimeDeleted, UPN, UserWhoAdded, UserWhoDeleted, TeamName, TeamGuid\n| extend timestamp = TimeAdded, AccountCustomEntity = UPN\n",
                        "version": 2,
                        "tags": [
                          {
                            "name": "description",
                            "value": "'This hunting query identifies external user accounts that are added to a Team and then removed within one hour.'\n"
                          },
                          {
                            "name": "techniques",
                            "value": ""
                          },
                          {
                            "name": "tactics",
                            "value": "Persistence"
                          }
                        ]
                      }
                    },
                    {
                      "type": "Microsoft.OperationalInsights/workspaces/providers/metadata",
                      "apiVersion": "2021-03-01-preview",
                      "name": "[concat(parameters('workspace'),'/Microsoft.SecurityInsights/',concat('huntingQuery-', '119d9e1c-afcc-4d23-b239-cdb4e7bf851c'))]",
                      "properties": {
                        "description": "'This hunting query identifies external user accounts that are added to a Team and then removed within one hour.'\n",
                        "version": "1.0.0",
                        "author": {
                          "name": "Community"
                        },
                        "support": {
                          "name": "Community",
                          "link": "https://github.com/Azure/Azure-Sentinel/issues",
                          "tier": "Community"
                        },
                        "source": {
                          "kind": "Community",
                          "name": "Standalone"
                        },
                        "threatAnalysisTactics": [
                          "Persistence"
                        ],
                        "threatAnalyticsTechniques": [
                          "T1136"
                        ],
                        "contentId": "119d9e1c-afcc-4d23-b239-cdb4e7bf851c",
                        "parentId": "119d9e1c-afcc-4d23-b239-cdb4e7bf851c",
                        "kind": "HuntingQuery",
                        "dependencies": {
                          "operator": "AND",
                          "criteria": [
                            {
                              "contentId": "OfficeActivity (Teams)",
                              "kind": "DataType"
                            }
                          ]
                        }
                      }
                    }
                  ]
                }
              }
            }
          ]
        },
        "author": {
          "name": "Community"
        },
        "dependencies": {
          "operator": "AND",
          "criteria": [
            {
              "contentId": "119d9e1c-afcc-4d23-b239-cdb4e7bf851c",
              "kind": "HuntingQuery"
            }
          ]
        },
        "description": "'This hunting query identifies external user accounts that are added to a Team and then removed within one hour.'\n",
        "displayName": "External user added and removed in a short timeframe - Hunt Version",
        "packageId": "119d9e1c-afcc-4d23-b239-cdb4e7bf851c",
        "source": {
          "kind": "Community",
          "name": "Standalone"
        },
        "support": {
          "name": "Community",
          "link": "https://github.com/Azure/Azure-Sentinel/issues",
          "tier": "Community"
        },
        "threatAnalysisTactics": [
          "Persistence"
        ],
        "threatAnalyticsTechniques": [
          "T1136"
        ],
        "version": "1.0.0"
      },
      "name": "119d9e1c-afcc-4d23-b239-cdb4e7bf851c"
    }
  ]
}