{
  "$schema": "https://schema.management.azure.com/schemas/2019-04-01/deploymentTemplate.json#",
  "parameters": {
    "location": {
      "type": "string",
      "minLength": 1,
      "defaultValue": "[resourceGroup().location]",
      "metadata": {
        "description": "Not used, but needed to pass arm-ttk test `Location-Should-Not-Be-Hardcoded`.  We instead use the `workspace-location` which is derived from the LA workspace"
      }
    },
    "workspace-location": {
      "type": "string",
      "defaultValue": "",
      "metadata": {
        "description": "[concat('Region to deploy solution resources -- separate from location selection',parameters('location'))]"
      }
    },
    "workspace": {
      "defaultValue": "",
      "type": "string",
      "metadata": {
        "description": "Workspace name for Log Analytics where Microsoft Sentinel is setup"
      }
    }
  },
  "variables": {},
  "resources": [
    {
      "type": "Microsoft.OperationalInsights/workspaces/providers/packages",
      "location": "[parameters('workspace-location')]",
      "apiVersion": "2022-08-01",
      "properties": {
        "packageKind": "Standalone",
        "packageItems": {
          "resources": [
            {
              "type": "Microsoft.OperationalInsights/workspaces/providers/contentTemplates",
              "name": "[concat(parameters('workspace'),'/Microsoft.SecurityInsights/', 'd9938c3b-16f9-444d-bc22-ea9a9110e0fd')]",
              "location": "[parameters('workspace-location')]",
              "apiVersion": "2022-08-01",
              "properties": {
                "contentId": "d9938c3b-16f9-444d-bc22-ea9a9110e0fd",
                "displayName": "Azure Active Directory Hybrid Health AD FS Suspicious Application",
                "contentKind": "AnalyticsRule",
                "mainTemplate": {
                  "$schema": "https://schema.management.azure.com/schemas/2019-04-01/deploymentTemplate.json#",
                  "contentVersion": "1.0.0",
                  "resources": [
                    {
                      "type": "Microsoft.OperationalInsights/workspaces/providers/alertRules",
                      "apiVersion": "2022-04-01-preview",
                      "name": "[concat(parameters('workspace'),'/Microsoft.SecurityInsights/', '' )]",
                      "kind": "Scheduled",
                      "location": "[parameters('workspace-location')]",
                      "properties": {
                        "description": "This detection uses AzureActivity logs (Administrative category) to a suspicious application adding a server instance to an Azure AD Hybrid health AD FS service or deleting the AD FS service instance.\nUsually the Azure AD Connect Health Agent application with ID cf6d7e68-f018-4e0a-a7b3-126e053fb88d is used to perform those operations.",
                        "displayName": "Azure Active Directory Hybrid Health AD FS Suspicious Application",
                        "enabled": false,
                        "query": "// Azure AD Connect Health Agent - cf6d7e68-f018-4e0a-a7b3-126e053fb88d\n// Azure Active Directory Connect - cb1056e2-e479-49de-ae31-7812af012ed8\nlet appList = dynamic(['cf6d7e68-f018-4e0a-a7b3-126e053fb88d','cb1056e2-e479-49de-ae31-7812af012ed8']);\nlet operationNamesList = dynamic(['Microsoft.ADHybridHealthService/services/servicemembers/action','Microsoft.ADHybridHealthService/services/delete']);\nAzureActivity\n| where CategoryValue == 'Administrative'\n| where ResourceProviderValue =~ 'Microsoft.ADHybridHealthService'\n| where _ResourceId contains 'AdFederationService'\n| where OperationNameValue in~ (operationNamesList)\n| extend claimsJson = parse_json(Claims)\n| extend AppId = tostring(claimsJson.appid)\n| extend AccountName = tostring(claimsJson.name)\n| where AppId !in (appList)\n| project-away claimsJson\n| extend timestamp = TimeGenerated, AccountCustomEntity = Caller, IPCustomEntity = CallerIpAddress\n",
                        "queryFrequency": "P1D",
                        "queryPeriod": "P1D",
                        "severity": "Medium",
                        "suppressionDuration": "PT1H",
                        "suppressionEnabled": false,
                        "triggerOperator": "GreaterThan",
                        "triggerThreshold": 0,
                        "tactics": [
                          "CredentialAccess",
                          "DefenseEvasion"
                        ],
                        "entityMappings": [
                          {
                            "entityType": "Account",
                            "fieldMappings": [
                              {
                                "columnName": "AccountCustomEntity",
                                "identifier": "FullName"
                              }
                            ]
                          },
                          {
                            "entityType": "IP",
                            "fieldMappings": [
                              {
                                "columnName": "IPCustomEntity",
                                "identifier": "Address"
                              }
                            ]
                          }
                        ]
                      }
                    },
                    {
                      "type": "Microsoft.OperationalInsights/workspaces/providers/metadata",
                      "apiVersion": "2021-03-01-preview",
                      "name": "[concat(parameters('workspace'),'/Microsoft.SecurityInsights/', '')]",
                      "properties": {
                        "description": "'This detection uses AzureActivity logs (Administrative category) to a suspicious application adding a server instance to an Azure AD Hybrid health AD FS service or deleting the AD FS service instance.\nUsually the Azure AD Connect Health Agent application with ID cf6d7e68-f018-4e0a-a7b3-126e053fb88d is used to perform those operations.'\n",
                        "version": "1.0.0",
                        "source": {
                          "kind": "Community"
                        },
                        "threatAnalysisTactics": [
                          "CredentialAccess",
                          "DefenseEvasion"
                        ],
                        "threatAnalyticsTechniques": [
                          "T1528",
                          "T1550"
                        ],
                        "contentId": "d9938c3b-16f9-444d-bc22-ea9a9110e0fd",
                        "parentId": "d9938c3b-16f9-444d-bc22-ea9a9110e0fd",
                        "kind": "AnalyticsRule",
                        "dependencies": {
                          "operator": "AND",
                          "criteria": [
                            {
                              "contentId": "AzureActivity",
                              "kind": "DataType"
                            }
                          ]
                        }
                      }
                    }
                  ]
                }
              }
            }
          ]
        },
        "dependencies": {
          "operator": "AND",
          "criteria": [
            {
              "contentId": "d9938c3b-16f9-444d-bc22-ea9a9110e0fd",
              "kind": "AnalyticsRule"
            }
          ]
        },
        "description": "'This detection uses AzureActivity logs (Administrative category) to a suspicious application adding a server instance to an Azure AD Hybrid health AD FS service or deleting the AD FS service instance.\nUsually the Azure AD Connect Health Agent application with ID cf6d7e68-f018-4e0a-a7b3-126e053fb88d is used to perform those operations.'\n",
        "displayName": "Azure Active Directory Hybrid Health AD FS Suspicious Application",
        "packageId": "d9938c3b-16f9-444d-bc22-ea9a9110e0fd",
        "source": {
          "kind": "Community"
        },
        "threatAnalysisTactics": [
          "CredentialAccess",
          "DefenseEvasion"
        ],
        "threatAnalyticsTechniques": [
          "T1528",
          "T1550"
        ],
        "version": "1.0.0"
      },
      "name": "[concat(parameters('workspace'),'/Microsoft.SecurityInsights/', 'd9938c3b-16f9-444d-bc22-ea9a9110e0fd')]"
    }
  ]
}