{
  "$schema": "https://schema.management.azure.com/schemas/2019-04-01/deploymentTemplate.json#",
  "parameters": {
    "location": {
      "type": "string",
      "minLength": 1,
      "defaultValue": "[resourceGroup().location]",
      "metadata": {
        "description": "Not used, but needed to pass arm-ttk test `Location-Should-Not-Be-Hardcoded`.  We instead use the `workspace-location` which is derived from the LA workspace"
      }
    },
    "workspace-location": {
      "type": "string",
      "defaultValue": "",
      "metadata": {
        "description": "[concat('Region to deploy solution resources -- separate from location selection',parameters('location'))]"
      }
    },
    "workspace": {
      "defaultValue": "",
      "type": "string",
      "metadata": {
        "description": "Workspace name for Log Analytics where Microsoft Sentinel is setup"
      }
    }
  },
  "variables": {},
  "resources": [
    {
      "type": "Microsoft.OperationalInsights/workspaces/providers/packages",
      "location": "[parameters('workspace-location')]",
      "apiVersion": "2022-08-01",
      "properties": {
        "packageKind": "Standalone",
        "packageItems": {
          "resources": [
            {
              "type": "Microsoft.OperationalInsights/workspaces/providers/contentTemplates",
              "name": "[concat(parameters('workspace'),'/Microsoft.SecurityInsights/', '4d8de9e6-263e-4845-8618-cd23a4f58b70')]",
              "location": "[parameters('workspace-location')]",
              "apiVersion": "2022-08-01",
              "properties": {
                "contentId": "4d8de9e6-263e-4845-8618-cd23a4f58b70",
                "displayName": "Azure DevOps Pull Request Policy Bypassing - Historic allow list",
                "contentKind": "AnalyticsRule",
                "mainTemplate": {
                  "$schema": "https://schema.management.azure.com/schemas/2019-04-01/deploymentTemplate.json#",
                  "contentVersion": "1.0.1",
                  "resources": [
                    {
                      "type": "Microsoft.OperationalInsights/workspaces/providers/alertRules",
                      "apiVersion": "2022-04-01-preview",
                      "name": "[concat(parameters('workspace'),'/Microsoft.SecurityInsights/', '' )]",
                      "kind": "Scheduled",
                      "location": "[parameters('workspace-location')]",
                      "properties": {
                        "description": "This detection builds an allow list of historic PR policy bypasses and compares to recent history, flagging pull request bypasses that are not manually in the allow list and not historically included in the allow list.",
                        "displayName": "Azure DevOps Pull Request Policy Bypassing - Historic allow list",
                        "enabled": false,
                        "query": "\nlet starttime = 14d;\nlet endtime = 3h;\n// Add full UPN (user@domain.com) to Authorized Bypassers to ignore policy bypasses by certain authorized users\nlet AuthorizedBypassers = dynamic(['foo@baz.com', 'test@foo.com']);\nlet historicBypassers = AzureDevOpsAuditing\n| where TimeGenerated between (ago(starttime) .. ago(endtime))\n| where OperationName == 'Git.RefUpdatePoliciesBypassed'\n| distinct ActorUPN;\nAzureDevOpsAuditing\n| where TimeGenerated >= ago(endtime)\n| where OperationName == 'Git.RefUpdatePoliciesBypassed'\n| where ActorUPN !in (historicBypassers) and ActorUPN !in (AuthorizedBypassers)\n| parse ScopeDisplayName with OrganizationName '(Organization)'\n| project TimeGenerated, ActorUPN, IpAddress, UserAgent, OrganizationName, ProjectName, RepoName = Data.RepoName, AlertDetails = Details, Branch = Data.Name, \n  BypassReason = Data.BypassReason, PRLink = strcat('https://dev.azure.com/', OrganizationName, '/', ProjectName, '/_git/', Data.RepoName, '/pullrequest/', Data.PullRequestId)\n| extend timestamp = TimeGenerated, AccountCustomEntity = ActorUPN, IPCustomEntity = IpAddress\n",
                        "queryFrequency": "PT3H",
                        "queryPeriod": "P14D",
                        "severity": "Medium",
                        "suppressionDuration": "PT1H",
                        "suppressionEnabled": false,
                        "triggerOperator": "GreaterThan",
                        "triggerThreshold": 0,
                        "tactics": [
                          "Persistence"
                        ],
                        "entityMappings": [
                          {
                            "entityType": "Account",
                            "fieldMappings": [
                              {
                                "columnName": "AccountCustomEntity",
                                "identifier": "FullName"
                              }
                            ]
                          },
                          {
                            "entityType": "IP",
                            "fieldMappings": [
                              {
                                "columnName": "IPCustomEntity",
                                "identifier": "Address"
                              }
                            ]
                          }
                        ]
                      }
                    },
                    {
                      "type": "Microsoft.OperationalInsights/workspaces/providers/metadata",
                      "apiVersion": "2021-03-01-preview",
                      "name": "[concat(parameters('workspace'),'/Microsoft.SecurityInsights/', '')]",
                      "properties": {
                        "description": "'This detection builds an allow list of historic PR policy bypasses and compares to recent history, flagging pull request bypasses that are not manually in the allow list and not historically included in the allow list.'\n",
                        "contentId": "4d8de9e6-263e-4845-8618-cd23a4f58b70",
                        "version": "1.0.1",
                        "source": {
                          "kind": "Community"
                        },
                        "threatAnalysisTactics": [
                          "Persistence"
                        ],
                        "threatAnalyticsTechniques": [
                          "T1098"
                        ],
                        "parentId": "4d8de9e6-263e-4845-8618-cd23a4f58b70",
                        "kind": "AnalyticsRule"
                      }
                    }
                  ]
                }
              }
            }
          ]
        },
        "contentId": "4d8de9e6-263e-4845-8618-cd23a4f58b70",
        "dependencies": {
          "operator": "AND",
          "criteria": [
            {
              "contentId": "4d8de9e6-263e-4845-8618-cd23a4f58b70",
              "kind": "AnalyticsRule"
            }
          ]
        },
        "description": "'This detection builds an allow list of historic PR policy bypasses and compares to recent history, flagging pull request bypasses that are not manually in the allow list and not historically included in the allow list.'\n",
        "displayName": "Azure DevOps Pull Request Policy Bypassing - Historic allow list",
        "source": {
          "kind": "Community"
        },
        "threatAnalysisTactics": [
          "Persistence"
        ],
        "threatAnalyticsTechniques": [
          "T1098"
        ],
        "version": "1.0.1"
      },
      "name": "[concat(parameters('workspace'),'/Microsoft.SecurityInsights/', '4d8de9e6-263e-4845-8618-cd23a4f58b70')]"
    }
  ]
}