{
  "$schema": "https://schema.management.azure.com/schemas/2019-04-01/deploymentTemplate.json#",
  "parameters": {
    "location": {
      "type": "string",
      "minLength": 1,
      "defaultValue": "[resourceGroup().location]",
      "metadata": {
        "description": "Not used, but needed to pass arm-ttk test `Location-Should-Not-Be-Hardcoded`.  We instead use the `workspace-location` which is derived from the LA workspace"
      }
    },
    "workspace-location": {
      "type": "string",
      "defaultValue": "",
      "metadata": {
        "description": "[concat('Region to deploy solution resources -- separate from location selection',parameters('location'))]"
      }
    },
    "workspace": {
      "defaultValue": "",
      "type": "string",
      "metadata": {
        "description": "Workspace name for Log Analytics where Microsoft Sentinel is setup"
      }
    }
  },
  "variables": {},
  "resources": [
    {
      "type": "Microsoft.OperationalInsights/workspaces/providers/packages",
      "location": "[parameters('workspace-location')]",
      "apiVersion": "2022-08-01",
      "properties": {
        "packageKind": "Standalone",
        "packageItems": {
          "resources": [
            {
              "type": "Microsoft.OperationalInsights/workspaces/providers/contentTemplates",
              "name": "[concat(parameters('workspace'),'/Microsoft.SecurityInsights/', 'aa1eff90-29d4-49dc-a3ea-b65199f516db')]",
              "location": "[parameters('workspace-location')]",
              "apiVersion": "2022-08-01",
              "properties": {
                "contentId": "aa1eff90-29d4-49dc-a3ea-b65199f516db",
                "displayName": "New user created and added to the built-in administrators group",
                "contentKind": "AnalyticsRule",
                "mainTemplate": {
                  "$schema": "https://schema.management.azure.com/schemas/2019-04-01/deploymentTemplate.json#",
                  "contentVersion": "1.1.2",
                  "resources": [
                    {
                      "type": "Microsoft.OperationalInsights/workspaces/providers/alertRules",
                      "apiVersion": "2022-04-01-preview",
                      "name": "[concat(parameters('workspace'),'/Microsoft.SecurityInsights/', '' )]",
                      "kind": "Scheduled",
                      "location": "[parameters('workspace-location')]",
                      "properties": {
                        "description": "Identifies when a user account was created and then added to the builtin Administrators group in the same day.\nThis should be monitored closely and all additions reviewed.",
                        "displayName": "New user created and added to the built-in administrators group",
                        "enabled": false,
                        "query": "(union isfuzzy=true\n(SecurityEvent\n| where EventID == 4720\n| where AccountType == \"User\"\n| project CreatedUserTime = TimeGenerated, CreatedUserEventID = EventID, CreatedUserActivity = Activity, Computer = toupper(Computer), \nCreatedUser = tolower(TargetAccount), CreatedUserSid = TargetSid, AccountUsedToCreateUser = strcat(SubjectAccount), SidofAccountUsedToCreateUser = SubjectUserSid\n),\n(WindowsEvent\n| where EventID == 4720\n| extend SubjectUserSid = tostring(EventData.SubjectUserSid)\n| extend AccountType=case(EventData.SubjectUserName endswith \"$\" or SubjectUserSid in (\"S-1-5-18\", \"S-1-5-19\", \"S-1-5-20\"), \"Machine\", isempty(SubjectUserSid), \"\", \"User\")\n| where AccountType == \"User\"\n| extend SubjectAccount = strcat(tostring(EventData.SubjectDomainName),\"\\\\\", tostring(EventData.SubjectUserName))\n| extend TargetAccount = strcat(EventData.TargetDomainName,\"\\\\\", EventData.TargetUserName)\n| extend Activity=\"4720 - A user account was created.\"\n| extend TargetSid = tostring(EventData.TargetSid)\n| project CreatedUserTime = TimeGenerated, CreatedUserEventID = EventID, CreatedUserActivity = Activity, Computer = toupper(Computer), \nCreatedUser = tolower(TargetAccount), CreatedUserSid = TargetSid, AccountUsedToCreateUser = strcat(SubjectAccount), SidofAccountUsedToCreateUser = SubjectUserSid\n))\n| join ((union isfuzzy=true\n(SecurityEvent \n| where AccountType == \"User\"\n// 4732 - A member was added to a security-enabled local group\n| where EventID == 4732\n// TargetSid is the builin Admins group: S-1-5-32-544\n| where TargetSid == \"S-1-5-32-544\"\n| project GroupAddTime = TimeGenerated, GroupAddEventID = EventID, GroupAddActivity = Activity, Computer = toupper(Computer), GroupName = tolower(TargetAccount), \nGroupSid = TargetSid, AccountThatAddedUser = SubjectAccount, SIDofAccountThatAddedUser = SubjectUserSid, CreatedUserSid = MemberSid\n),\n(  WindowsEvent \n// 4732 - A member was added to a security-enabled local group\n| where EventID == 4732 and EventData has \"S-1-5-32-544\"\n//TargetSid is the builin Admins group: S-1-5-32-544\n| extend SubjectUserSid = tostring(EventData.SubjectUserSid)\n| extend AccountType=case(EventData.SubjectUserName endswith \"$\" or SubjectUserSid in (\"S-1-5-18\", \"S-1-5-19\", \"S-1-5-20\"), \"Machine\", isempty(SubjectUserSid), \"\", \"User\")\n| where AccountType == \"User\"\n| extend TargetSid = tostring(EventData.TargetSid)\n| where TargetSid == \"S-1-5-32-544\"\n| extend SubjectAccount = strcat(tostring(EventData.SubjectDomainName),\"\\\\\", tostring(EventData.SubjectUserName))\n| extend TargetAccount = strcat(EventData.TargetDomainName,\"\\\\\", EventData.TargetUserName)\n| extend Activity=\"4732 - A member was added to a security-enabled local group.\"\n| extend MemberSid = tostring(EventData.MemberSid)\n| project GroupAddTime = TimeGenerated, GroupAddEventID = EventID, GroupAddActivity = Activity, Computer = toupper(Computer), GroupName = tolower(TargetAccount), \nGroupSid = TargetSid, AccountThatAddedUser = SubjectAccount, SIDofAccountThatAddedUser = SubjectUserSid, CreatedUserSid = MemberSid)\n))\non CreatedUserSid\n//Create User first, then the add to the group.\n| project Computer, CreatedUserTime, CreatedUserEventID, CreatedUserActivity, CreatedUser, CreatedUserSid, GroupAddTime, GroupAddEventID, \nGroupAddActivity, AccountUsedToCreateUser, GroupName, GroupSid, AccountThatAddedUser, SIDofAccountThatAddedUser \n| extend timestamp = CreatedUserTime, AccountCustomEntity = CreatedUser, HostCustomEntity = Computer\n",
                        "queryFrequency": "P1D",
                        "queryPeriod": "P1D",
                        "severity": "Low",
                        "suppressionDuration": "PT1H",
                        "suppressionEnabled": false,
                        "triggerOperator": "GreaterThan",
                        "triggerThreshold": 0,
                        "tactics": [
                          "Persistence",
                          "PrivilegeEscalation"
                        ],
                        "entityMappings": [
                          {
                            "entityType": "Account",
                            "fieldMappings": [
                              {
                                "columnName": "AccountCustomEntity",
                                "identifier": "FullName"
                              },
                              {
                                "columnName": "CreatedUserSid",
                                "identifier": "Sid"
                              }
                            ]
                          },
                          {
                            "entityType": "Host",
                            "fieldMappings": [
                              {
                                "columnName": "HostCustomEntity",
                                "identifier": "FullName"
                              }
                            ]
                          }
                        ]
                      }
                    },
                    {
                      "type": "Microsoft.OperationalInsights/workspaces/providers/metadata",
                      "apiVersion": "2021-03-01-preview",
                      "name": "[concat(parameters('workspace'),'/Microsoft.SecurityInsights/', '')]",
                      "properties": {
                        "description": "'Identifies when a user account was created and then added to the builtin Administrators group in the same day.\nThis should be monitored closely and all additions reviewed.'\n",
                        "version": "1.1.2",
                        "source": {
                          "kind": "Community"
                        },
                        "threatAnalysisTactics": [
                          "Persistence",
                          "PrivilegeEscalation"
                        ],
                        "threatAnalyticsTechniques": [
                          "T1098",
                          "T1078"
                        ],
                        "contentId": "aa1eff90-29d4-49dc-a3ea-b65199f516db",
                        "parentId": "aa1eff90-29d4-49dc-a3ea-b65199f516db",
                        "kind": "AnalyticsRule",
                        "dependencies": {
                          "operator": "AND",
                          "criteria": [
                            {
                              "contentId": "SecurityEvent",
                              "kind": "DataType"
                            },
                            {
                              "contentId": "SecurityEvents",
                              "kind": "DataType"
                            },
                            {
                              "contentId": "WindowsEvent",
                              "kind": "DataType"
                            }
                          ]
                        }
                      }
                    }
                  ]
                }
              }
            }
          ]
        },
        "dependencies": {
          "operator": "AND",
          "criteria": [
            {
              "contentId": "aa1eff90-29d4-49dc-a3ea-b65199f516db",
              "kind": "AnalyticsRule"
            }
          ]
        },
        "description": "'Identifies when a user account was created and then added to the builtin Administrators group in the same day.\nThis should be monitored closely and all additions reviewed.'\n",
        "displayName": "New user created and added to the built-in administrators group",
        "packageId": "aa1eff90-29d4-49dc-a3ea-b65199f516db",
        "source": {
          "kind": "Community"
        },
        "threatAnalysisTactics": [
          "Persistence",
          "PrivilegeEscalation"
        ],
        "threatAnalyticsTechniques": [
          "T1098",
          "T1078"
        ],
        "version": "1.1.2"
      },
      "name": "[concat(parameters('workspace'),'/Microsoft.SecurityInsights/', 'aa1eff90-29d4-49dc-a3ea-b65199f516db')]"
    }
  ]
}