{
  "$schema": "https://schema.management.azure.com/schemas/2019-04-01/deploymentTemplate.json#",
  "contentVersion": "1.0.0.0",
  "parameters": {
    "location": {
      "type": "string",
      "minLength": 1,
      "defaultValue": "[resourceGroup().location]",
      "metadata": {
        "description": "Not used, but needed to pass arm-ttk test `Location-Should-Not-Be-Hardcoded`.  We instead use the `workspace-location` which is derived from the LA workspace"
      }
    },
    "workspace-location": {
      "type": "string",
      "defaultValue": "",
      "metadata": {
        "description": "[concat('Region to deploy solution resources -- separate from location selection',parameters('location'))]"
      }
    },
    "workspace": {
      "defaultValue": "",
      "type": "string",
      "metadata": {
        "description": "Workspace name for Log Analytics where Microsoft Sentinel is setup"
      }
    }
  },
  "variables": {},
  "resources": [
    {
      "type": "Microsoft.OperationalInsights/workspaces/providers/packages",
      "location": "[parameters('workspace-location')]",
      "apiVersion": "2022-08-01",
      "properties": {
        "packageKind": "Standalone",
        "packageItems": {
          "resources": [
            {
              "type": "Microsoft.OperationalInsights/workspaces/providers/contentTemplates",
              "name": "[concat(parameters('workspace'),'/Microsoft.SecurityInsights/', '11b8daa5-fe15-4664-b332-8f26d3c0b3a7')]",
              "location": "[parameters('workspace-location')]",
              "kind": "shared",
              "apiVersion": "2022-08-01",
              "properties": {
                "contentId": "11b8daa5-fe15-4664-b332-8f26d3c0b3a7",
                "displayName": "Code Repo Exfiltration",
                "contentKind": "HuntingQuery",
                "mainTemplate": {
                  "$schema": "https://schema.management.azure.com/schemas/2019-04-01/deploymentTemplate.json#",
                  "contentVersion": "1.0.0",
                  "resources": [
                    {
                      "type": "Microsoft.OperationalInsights/savedSearches",
                      "apiVersion": "2020-08-01",
                      "name": "11b8daa5-fe15-4664-b332-8f26d3c0b3a7",
                      "location": "[parameters('workspace-location')]",
                      "properties": {
                        "eTag": "*",
                        "displayName": "Code Repo Exfiltration",
                        "category": "Hunting Queries",
                        "query": "let filesThreshold = 10;\nlet lookback = 1d;\nlet sourceDomainList = pack_array(\"github\", \"visualstudio\", \"gitlab\", \"bitbucket\", \"osdn\"); //code repo url's\nlet excludeTargetDomainList = pack_array(\"office.net\",\"visualstudio\",\"github\",\"gitlab\",\"azure\",\"dynamics\",\"teams\",\"sharepoint\"); //exclude list for the target domain\nCloudAppEvents\n| where Timestamp > ago(lookback)\n| where ApplicationId == 11161\n| where  ActionType =~ \"FileUploadedToCloud\"\n| project Timestamp, AccountObjectId, AccountDisplayName, extension = RawEventData.FileExtension, origin = RawEventData.OriginatingDomain, target = RawEventData.TargetDomain, file = RawEventData.ObjectId\n| extend file = tostring(parse_path(tostring(file)).Filename)\n| where extension =~ \"zip\" //filterting for zipped repos\n| where origin has_any (sourceDomainList)\n| where not(target has_any(excludeTargetDomainList))\n| summarize uploadedFiles = dcount(file), files = make_set(file, 128) by AccountObjectId, AccountDisplayName\n| where uploadedFiles > filesThreshold\n",
                        "version": 2,
                        "tags": [
                          {
                            "name": "description",
                            "value": "Looks for accounts that uploaded multiple code repositories to external web domain.  \n"
                          },
                          {
                            "name": "tactics",
                            "value": "Exfiltration"
                          }
                        ]
                      }
                    },
                    {
                      "type": "Microsoft.OperationalInsights/workspaces/providers/metadata",
                      "apiVersion": "2021-03-01-preview",
                      "name": "[concat(parameters('workspace'),'/Microsoft.SecurityInsights/',concat('huntingQuery-', '11b8daa5-fe15-4664-b332-8f26d3c0b3a7'))]",
                      "properties": {
                        "description": "Looks for accounts that uploaded multiple code repositories to external web domain.  \n",
                        "version": "1.0.0",
                        "author": {
                          "name": "Community"
                        },
                        "support": {
                          "name": "Community",
                          "link": "https://github.com/Azure/Azure-Sentinel/issues",
                          "tier": "Community"
                        },
                        "source": {
                          "kind": "Community",
                          "name": "Standalone"
                        },
                        "threatAnalysisTactics": [
                          "Exfiltration"
                        ],
                        "contentId": "11b8daa5-fe15-4664-b332-8f26d3c0b3a7",
                        "parentId": "11b8daa5-fe15-4664-b332-8f26d3c0b3a7",
                        "kind": "HuntingQuery",
                        "dependencies": {
                          "operator": "AND",
                          "criteria": [
                            {
                              "contentId": "CloudAppEvents",
                              "kind": "DataType"
                            }
                          ]
                        }
                      }
                    }
                  ]
                }
              }
            }
          ]
        },
        "author": {
          "name": "Community"
        },
        "dependencies": {
          "operator": "AND",
          "criteria": [
            {
              "contentId": "11b8daa5-fe15-4664-b332-8f26d3c0b3a7",
              "kind": "HuntingQuery"
            }
          ]
        },
        "description": "Looks for accounts that uploaded multiple code repositories to external web domain.  \n",
        "displayName": "Code Repo Exfiltration",
        "packageId": "11b8daa5-fe15-4664-b332-8f26d3c0b3a7",
        "source": {
          "kind": "Community",
          "name": "Standalone"
        },
        "support": {
          "name": "Community",
          "link": "https://github.com/Azure/Azure-Sentinel/issues",
          "tier": "Community"
        },
        "threatAnalysisTactics": [
          "Exfiltration"
        ],
        "version": "1.0.0"
      },
      "name": "11b8daa5-fe15-4664-b332-8f26d3c0b3a7"
    }
  ]
}