{
  "$schema": "https://schema.management.azure.com/schemas/2019-04-01/deploymentTemplate.json#",
  "contentVersion": "1.0.0.0",
  "parameters": {
    "location": {
      "type": "string",
      "minLength": 1,
      "defaultValue": "[resourceGroup().location]",
      "metadata": {
        "description": "Not used, but needed to pass arm-ttk test `Location-Should-Not-Be-Hardcoded`.  We instead use the `workspace-location` which is derived from the LA workspace"
      }
    },
    "workspace-location": {
      "type": "string",
      "defaultValue": "",
      "metadata": {
        "description": "[concat('Region to deploy solution resources -- separate from location selection',parameters('location'))]"
      }
    },
    "workspace": {
      "defaultValue": "",
      "type": "string",
      "metadata": {
        "description": "Workspace name for Log Analytics where Microsoft Sentinel is setup"
      }
    }
  },
  "variables": {},
  "resources": [
    {
      "type": "Microsoft.OperationalInsights/workspaces/providers/packages",
      "location": "[parameters('workspace-location')]",
      "apiVersion": "2022-08-01",
      "properties": {
        "packageKind": "Standalone",
        "packageItems": {
          "resources": [
            {
              "type": "Microsoft.OperationalInsights/workspaces/providers/contentTemplates",
              "name": "[concat(parameters('workspace'),'/Microsoft.SecurityInsights/', '361dd1e3-1c11-491e-82a3-bb2e44ac36ba')]",
              "location": "[parameters('workspace-location')]",
              "apiVersion": "2022-08-01",
              "properties": {
                "contentId": "361dd1e3-1c11-491e-82a3-bb2e44ac36ba",
                "displayName": "Suspicious number of resource creation or deployment activities",
                "contentKind": "AnalyticsRule",
                "mainTemplate": {
                  "$schema": "https://schema.management.azure.com/schemas/2019-04-01/deploymentTemplate.json#",
                  "contentVersion": "1.1.0",
                  "resources": [
                    {
                      "type": "Microsoft.OperationalInsights/workspaces/providers/alertRules",
                      "apiVersion": "2022-04-01-preview",
                      "name": "361dd1e3-1c11-491e-82a3-bb2e44ac36ba",
                      "kind": "Scheduled",
                      "location": "[parameters('workspace-location')]",
                      "properties": {
                        "description": "Indicates when an anomalous number of VM creations or deployment activities occur in Azure via the AzureActivity log.\nThe anomaly detection identifies activities that have occurred both since the start of the day 1 day ago and the start of the day 7 days ago.\nThe start of the day is considered 12am UTC time.",
                        "displayName": "Suspicious number of resource creation or deployment activities",
                        "enabled": false,
                        "query": "\nlet szOperationNames = dynamic([\"microsoft.compute/virtualMachines/write\", \"microsoft.resources/deployments/write\"]);\nlet starttime = 7d;\nlet endtime = 1d;\nAzureActivity\n| where TimeGenerated between (startofday(ago(starttime)) .. startofday(ago(endtime)))\n| where OperationNameValue  in~ (szOperationNames)\n| summarize StartTimeUtc = min(TimeGenerated), EndTimeUtc = max(TimeGenerated), ActivityTimeStamp = makelist(TimeGenerated), ActivityStatusValue = makelist(ActivityStatusValue), \nOperationIds = makelist(OperationId), CallerIpAddress = makelist(CallerIpAddress), CorrelationId = makelist(CorrelationId) \nby ResourceId, Caller, OperationNameValue, Resource, ResourceGroup\n| mvexpand CallerIpAddress\n| where isnotempty(CallerIpAddress)\n| make-series dResourceCount=dcount(ResourceId)  default=0 on StartTimeUtc in range(startofday(ago(7d)), now(), 1d) \nby Caller, tostring(ActivityTimeStamp), tostring(ActivityStatusValue), tostring(OperationIds), tostring(CallerIpAddress), tostring(CorrelationId), ResourceId, OperationNameValue , Resource, ResourceGroup\n| extend (RSquare,Slope,Variance,RVariance,Interception,LineFit)=series_fit_line(dResourceCount)\n| where Slope > 0.2\n| join kind=leftsemi (\n// Last day's activity is anomalous\nAzureActivity\n| where TimeGenerated >= startofday(ago(endtime))\n| where OperationNameValue in~ (szOperationNames)\n| summarize StartTimeUtc = min(TimeGenerated), EndTimeUtc = max(TimeGenerated), ActivityTimeStamp = makelist(TimeGenerated), ActivityStatusValue = makelist(ActivityStatusValue), \nOperationIds = makelist(OperationId), CallerIpAddress = makelist(CallerIpAddress), CorrelationId = makelist(CorrelationId) \nby ResourceId, Caller, OperationNameValue, Resource, ResourceGroup\n| mvexpand CallerIpAddress\n| where isnotempty(CallerIpAddress)\n| make-series dResourceCount=dcount(ResourceId)  default=0 on StartTimeUtc in range(startofday(ago(1d)), now(), 1d) \nby Caller, tostring(ActivityTimeStamp), tostring(ActivityStatusValue), tostring(OperationIds), tostring(CallerIpAddress), tostring(CorrelationId), ResourceId, OperationNameValue , Resource, ResourceGroup\n| extend (RSquare,Slope,Variance,RVariance,Interception,LineFit)=series_fit_line(dResourceCount)\n| where Slope > 0.2    \n) on Caller, CallerIpAddress        \n| mvexpand todynamic(ActivityTimeStamp), todynamic(ActivityStatusValue), todynamic(OperationIds), todynamic(CorrelationId)\n| extend timestamp = ActivityTimeStamp, AccountCustomEntity = Caller, IPCustomEntity = CallerIpAddress\n",
                        "queryFrequency": "P1D",
                        "queryPeriod": "P7D",
                        "severity": "Medium",
                        "suppressionDuration": "PT1H",
                        "suppressionEnabled": false,
                        "triggerOperator": "GreaterThan",
                        "triggerThreshold": 0,
                        "tactics": [
                          "Impact"
                        ],
                        "techniques": [
                          "T1496"
                        ],
                        "entityMappings": [
                          {
                            "entityType": "Account",
                            "fieldMappings": [
                              {
                                "columnName": "AccountCustomEntity",
                                "identifier": "FullName"
                              }
                            ]
                          },
                          {
                            "entityType": "IP",
                            "fieldMappings": [
                              {
                                "columnName": "IPCustomEntity",
                                "identifier": "Address"
                              }
                            ]
                          }
                        ]
                      }
                    },
                    {
                      "type": "Microsoft.OperationalInsights/workspaces/providers/metadata",
                      "apiVersion": "2021-03-01-preview",
                      "properties": {
                        "description": "'Indicates when an anomalous number of VM creations or deployment activities occur in Azure via the AzureActivity log.\nThe anomaly detection identifies activities that have occurred both since the start of the day 1 day ago and the start of the day 7 days ago.\nThe start of the day is considered 12am UTC time.'\n",
                        "version": "1.1.0",
                        "author": {
                          "name": "Community"
                        },
                        "support": {
                          "name": "Community",
                          "link": "https://github.com/Azure/Azure-Sentinel/issues",
                          "tier": "Community"
                        },
                        "source": {
                          "kind": "Community",
                          "name": "Standalone"
                        },
                        "threatAnalysisTactics": [
                          "Impact"
                        ],
                        "threatAnalyticsTechniques": [
                          "T1496"
                        ],
                        "contentId": "361dd1e3-1c11-491e-82a3-bb2e44ac36ba",
                        "parentId": "361dd1e3-1c11-491e-82a3-bb2e44ac36ba",
                        "kind": "AnalyticsRule",
                        "dependencies": {
                          "operator": "AND",
                          "criteria": [
                            {
                              "contentId": "AzureActivity",
                              "kind": "DataType"
                            }
                          ]
                        }
                      }
                    }
                  ]
                }
              }
            }
          ]
        },
        "author": {
          "name": "Community"
        },
        "dependencies": {
          "operator": "AND",
          "criteria": [
            {
              "contentId": "361dd1e3-1c11-491e-82a3-bb2e44ac36ba",
              "kind": "AnalyticsRule"
            }
          ]
        },
        "description": "'Indicates when an anomalous number of VM creations or deployment activities occur in Azure via the AzureActivity log.\nThe anomaly detection identifies activities that have occurred both since the start of the day 1 day ago and the start of the day 7 days ago.\nThe start of the day is considered 12am UTC time.'\n",
        "displayName": "Suspicious number of resource creation or deployment activities",
        "packageId": "361dd1e3-1c11-491e-82a3-bb2e44ac36ba",
        "source": {
          "kind": "Community",
          "name": "Standalone"
        },
        "support": {
          "name": "Community",
          "link": "https://github.com/Azure/Azure-Sentinel/issues",
          "tier": "Community"
        },
        "threatAnalysisTactics": [
          "Impact"
        ],
        "threatAnalyticsTechniques": [
          "T1496"
        ],
        "version": "1.1.0"
      },
      "name": "[concat(parameters('workspace'),'/Microsoft.SecurityInsights/', '361dd1e3-1c11-491e-82a3-bb2e44ac36ba')]"
    }
  ]
}