{
  "$schema": "https://schema.management.azure.com/schemas/2019-04-01/deploymentTemplate.json#",
  "contentVersion": "1.0.0.0",
  "parameters": {
    "location": {
      "type": "string",
      "minLength": 1,
      "defaultValue": "[resourceGroup().location]",
      "metadata": {
        "description": "Not used, but needed to pass arm-ttk test `Location-Should-Not-Be-Hardcoded`.  We instead use the `workspace-location` which is derived from the LA workspace"
      }
    },
    "workspace-location": {
      "type": "string",
      "defaultValue": "",
      "metadata": {
        "description": "[concat('Region to deploy solution resources -- separate from location selection',parameters('location'))]"
      }
    },
    "workspace": {
      "defaultValue": "",
      "type": "string",
      "metadata": {
        "description": "Workspace name for Log Analytics where Microsoft Sentinel is setup"
      }
    }
  },
  "variables": {},
  "resources": [
    {
      "type": "Microsoft.OperationalInsights/workspaces/providers/packages",
      "location": "[parameters('workspace-location')]",
      "apiVersion": "2022-08-01",
      "properties": {
        "packageKind": "Standalone",
        "packageItems": {
          "resources": [
            {
              "type": "Microsoft.OperationalInsights/workspaces/providers/contentTemplates",
              "name": "[concat(parameters('workspace'),'/Microsoft.SecurityInsights/', 'MicrosoftDefenderForOffice365')]",
              "location": "[parameters('workspace-location')]",
              "kind": "shared",
              "apiVersion": "2022-08-01",
              "contentVersion": "1.0.0",
              "metadata": "Gain insights into your Microsoft Defender for Office 365 raw data logs.  This workbook lets you look at trends in email senders, attachments and embedded URL data to find anomalies. You can also search by, sender, recipient, subject, attachment or embedded URL to find where the related messages have been sent.",
              "properties": {
                "contentId": "MicrosoftDefenderForOffice365",
                "version": "1.0.1",
                "displayName": "Microsoft Defender For Office 365",
                "contentKind": "Workbook",
                "mainTemplate": {
                  "$schema": "https://schema.management.azure.com/schemas/2019-04-01/deploymentTemplate.json#",
                  "contentVersion": "1.0.1",
                  "parameters": {},
                  "resources": [
                    {
                      "type": "Microsoft.Insights/workbooks",
                      "name": "MicrosoftDefenderForOffice365",
                      "location": "[parameters('workspace-location')]",
                      "kind": "shared",
                      "apiVersion": "2021-08-01",
                      "metadata": "Gain insights into your Microsoft Defender for Office 365 raw data logs.  This workbook lets you look at trends in email senders, attachments and embedded URL data to find anomalies. You can also search by, sender, recipient, subject, attachment or embedded URL to find where the related messages have been sent.",
                      "properties": {
                        "displayName": "Microsoft Defender For Office 365",
                        "serializedData": "{\"version\":\"Notebook/1.0\",\"items\":[{\"type\":1,\"content\":{\"json\":\"## Microsoft Defender for Office 365\\n---\\n\"},\"name\":\"text - 2\"},{\"type\":9,\"content\":{\"version\":\"KqlParameterItem/1.0\",\"crossComponentResources\":[\"{Subscription}\"],\"parameters\":[{\"id\":\"6e647d99-1a32-4bca-8147-403b5d37d773\",\"version\":\"KqlParameterItem/1.0\",\"name\":\"Subscription\",\"type\":6,\"isRequired\":true,\"value\":\"\",\"typeSettings\":{\"includeAll\":false,\"showDefault\":false},\"timeContext\":{\"durationMs\":86400000},\"timeContextFromParameter\":\"TimeRange\"},{\"id\":\"d57bcdf5-aec7-4f86-904c-67171864919b\",\"version\":\"KqlParameterItem/1.0\",\"name\":\"Workspace\",\"type\":5,\"isRequired\":true,\"query\":\"resources\\r\\n| where type =~ \\\"microsoft.operationalinsights/workspaces\\\"\",\"crossComponentResources\":[\"{Subscription}\"],\"value\":\"\",\"typeSettings\":{\"resourceTypeFilter\":{\"microsoft.operationalinsights/workspaces\":true},\"showDefault\":false},\"timeContext\":{\"durationMs\":86400000},\"timeContextFromParameter\":\"TimeRange\",\"queryType\":1,\"resourceType\":\"microsoft.resourcegraph/resources\"},{\"id\":\"2e238f92-709c-410b-93e0-60eab6150a75\",\"version\":\"KqlParameterItem/1.0\",\"name\":\"TimeRange\",\"type\":4,\"isRequired\":true,\"value\":{\"durationMs\":604800000},\"typeSettings\":{\"selectableValues\":[{\"durationMs\":1800000},{\"durationMs\":3600000},{\"durationMs\":14400000},{\"durationMs\":43200000},{\"durationMs\":86400000},{\"durationMs\":172800000},{\"durationMs\":259200000},{\"durationMs\":604800000},{\"durationMs\":1209600000},{\"durationMs\":2592000000},{\"durationMs\":5184000000},{\"durationMs\":7776000000}],\"allowCustom\":true},\"timeContext\":{\"durationMs\":86400000}},{\"id\":\"ec13514a-7e54-4d41-86db-2805727a2fa7\",\"version\":\"KqlParameterItem/1.0\",\"name\":\"About\",\"type\":10,\"description\":\"View release history for this workbook\",\"isRequired\":true,\"value\":\"Hide\",\"typeSettings\":{\"showDefault\":false},\"jsonData\":\"[\\r\\n    \\\"Show\\\",\\r\\n    \\\"Hide\\\"\\r\\n]\"}],\"style\":\"pills\",\"queryType\":1,\"resourceType\":\"microsoft.resourcegraph/resources\"},\"name\":\"parameters - 1\"},{\"type\":12,\"content\":{\"version\":\"NotebookGroup/1.0\",\"groupType\":\"editable\",\"items\":[{\"type\":1,\"content\":{\"json\":\"### Email Event Analysis Workbook, version 0.2\\r\\n\\r\\nauthor: Brian Delaney, MSFT\\r\\n\\r\\nRelease Notes:\\r\\n\\r\\n1.0 - Oct 18, 2021\\r\\n- Initial Release\\r\\n\",\"style\":\"info\"},\"name\":\"text - 0\"}]},\"conditionalVisibility\":{\"parameterName\":\"About\",\"comparison\":\"isEqualTo\",\"value\":\"Show\"},\"name\":\"AboutGroup\"},{\"type\":11,\"content\":{\"version\":\"LinkItem/1.0\",\"style\":\"tabs\",\"links\":[{\"id\":\"48578fe1-da47-4a4c-b495-ce7fe24ce495\",\"cellValue\":\"Nav\",\"linkTarget\":\"parameter\",\"linkLabel\":\"By Email\",\"subTarget\":\"Email\",\"style\":\"link\"},{\"id\":\"30e93159-8bf5-4006-820f-406ea10bcd17\",\"cellValue\":\"Nav\",\"linkTarget\":\"parameter\",\"linkLabel\":\"By Attachment\",\"subTarget\":\"Attachments\",\"style\":\"link\"},{\"id\":\"c40f76ed-94be-40ff-b65b-3fda306f2c3d\",\"cellValue\":\"Nav\",\"linkTarget\":\"parameter\",\"linkLabel\":\"By Url\",\"subTarget\":\"Url\",\"style\":\"link\"}]},\"name\":\"links - 8\"},{\"type\":9,\"content\":{\"version\":\"KqlParameterItem/1.0\",\"crossComponentResources\":[\"{Workspace}\"],\"parameters\":[{\"id\":\"d6592a34-1ae6-4128-9a72-b9aa6295a0c7\",\"version\":\"KqlParameterItem/1.0\",\"name\":\"EmailDirection\",\"type\":2,\"isRequired\":true,\"multiSelect\":true,\"quote\":\"'\",\"delimiter\":\",\",\"query\":\"EmailEvents\\r\\n| summarize Count=count() by EmailDirection\\r\\n| sort by Count desc\\r\\n| project EmailDirection, Label=strcat(EmailDirection, ' - ', Count, ' messages')\",\"crossComponentResources\":[\"{Workspace}\"],\"value\":[\"value::all\"],\"typeSettings\":{\"additionalResourceOptions\":[\"value::all\"],\"selectAllValue\":\"*\",\"showDefault\":false},\"timeContext\":{\"durationMs\":86400000},\"timeContextFromParameter\":\"TimeRange\",\"defaultValue\":\"value::all\",\"queryType\":0,\"resourceType\":\"microsoft.operationalinsights/workspaces\"},{\"id\":\"e63f1a36-a44c-4936-8ad9-30bc7d8587d4\",\"version\":\"KqlParameterItem/1.0\",\"name\":\"Sender\",\"label\":\"Sender Email\",\"type\":1,\"timeContext\":{\"durationMs\":86400000},\"value\":\"\"},{\"id\":\"175b1a45-d1f0-4e23-b1dd-a19afab7ef7b\",\"version\":\"KqlParameterItem/1.0\",\"name\":\"Recipient\",\"label\":\"Recipient Email\",\"type\":1,\"value\":\"\",\"timeContext\":{\"durationMs\":86400000}},{\"id\":\"08bf6816-f40b-46d3-b526-25c846728374\",\"version\":\"KqlParameterItem/1.0\",\"name\":\"RecipientDomain\",\"type\":2,\"isRequired\":true,\"multiSelect\":true,\"quote\":\"'\",\"delimiter\":\",\",\"query\":\"EmailEvents\\r\\n| where isempty(\\\"{Sender}\\\") or SenderMailFromAddress =~ \\\"{Sender}\\\"\\r\\n| where isempty(\\\"{Recipient}\\\") or RecipientEmailAddress =~ \\\"{Recipient}\\\"\\r\\n| extend RecipientDomain = tostring(split(RecipientEmailAddress, \\\"@\\\", 1)[0])\\r\\n| summarize Messages=count() by RecipientDomain\\r\\n| sort by Messages desc\\r\\n| project RecipientDomain, strcat(RecipientDomain, ' - ', Messages, ' messages')\",\"crossComponentResources\":[\"{Workspace}\"],\"value\":[\"value::all\"],\"typeSettings\":{\"additionalResourceOptions\":[\"value::all\"],\"selectAllValue\":\"*\",\"showDefault\":false},\"timeContext\":{\"durationMs\":0},\"timeContextFromParameter\":\"TimeRange\",\"queryType\":0,\"resourceType\":\"microsoft.operationalinsights/workspaces\"},{\"id\":\"4046b6e4-7487-48e2-a99f-b74975c738e5\",\"version\":\"KqlParameterItem/1.0\",\"name\":\"SenderDomain\",\"type\":2,\"isRequired\":true,\"multiSelect\":true,\"quote\":\"'\",\"delimiter\":\",\",\"query\":\"EmailEvents\\r\\n| where isempty(\\\"{Sender}\\\") or SenderMailFromAddress =~ \\\"{Sender}\\\"\\r\\n| where isempty(\\\"{Recipient}\\\") or RecipientEmailAddress =~ \\\"{Recipient}\\\"\\r\\n//| extend RecipientDomain = tostring(split(RecipientEmailAddress, \\\"@\\\", 1)[0])\\r\\n| summarize Messages=count() by SenderMailFromDomain\\r\\n| sort by Messages desc\\r\\n| project SenderMailFromDomain, strcat(SenderMailFromDomain, ' - ', Messages, ' messages')\",\"crossComponentResources\":[\"{Workspace}\"],\"typeSettings\":{\"additionalResourceOptions\":[\"value::all\"],\"selectAllValue\":\"*\",\"showDefault\":false},\"timeContext\":{\"durationMs\":0},\"timeContextFromParameter\":\"TimeRange\",\"defaultValue\":\"value::all\",\"queryType\":0,\"resourceType\":\"microsoft.operationalinsights/workspaces\"},{\"id\":\"86a41861-0346-4a1a-95f7-8e1b5db915c1\",\"version\":\"KqlParameterItem/1.0\",\"name\":\"Subject\",\"type\":1,\"value\":\"\",\"timeContext\":{\"durationMs\":0},\"timeContextFromParameter\":\"TimeRange\"},{\"id\":\"ae9bd4c6-f68a-486b-ba8b-1b8abf27e67d\",\"version\":\"KqlParameterItem/1.0\",\"name\":\"MinimumAttachmentCount\",\"type\":2,\"description\":\"Only include messages that have at least this many attachments\",\"isRequired\":true,\"query\":\"range x from 0 to 10 step 1\",\"crossComponentResources\":[\"{Workspace}\"],\"value\":\"0\",\"typeSettings\":{\"showDefault\":false},\"timeContext\":{\"durationMs\":86400000},\"timeContextFromParameter\":\"TimeRange\",\"queryType\":0,\"resourceType\":\"microsoft.operationalinsights/workspaces\"},{\"id\":\"a7bc4598-cf37-45b5-9049-ac62678f147b\",\"version\":\"KqlParameterItem/1.0\",\"name\":\"MinimumURLCount\",\"type\":2,\"description\":\"Only include messages that have at least these many embedded URLs\",\"isRequired\":true,\"query\":\"range x from 0 to 20 step 1\",\"crossComponentResources\":[\"{Workspace}\"],\"value\":\"0\",\"typeSettings\":{\"showDefault\":false},\"timeContext\":{\"durationMs\":604800000},\"timeContextFromParameter\":\"TimeRange\",\"queryType\":0,\"resourceType\":\"microsoft.operationalinsights/workspaces\"}],\"style\":\"above\",\"queryType\":0,\"resourceType\":\"microsoft.operationalinsights/workspaces\"},\"name\":\"parameters - 1 - Copy\"},{\"type\":12,\"content\":{\"version\":\"NotebookGroup/1.0\",\"groupType\":\"editable\",\"items\":[{\"type\":3,\"content\":{\"version\":\"KqlItem/1.0\",\"query\":\"EmailEvents\\r\\n| where isempty(\\\"{Sender}\\\") or SenderMailFromAddress =~ \\\"{Sender}\\\"\\r\\n| where isempty(\\\"{Recipient}\\\") or RecipientEmailAddress =~ \\\"{Recipient}\\\"\\r\\n| where EmailDirection in ({EmailDirection})\\r\\n| where AttachmentCount >= {MinimumAttachmentCount} and UrlCount >= {MinimumURLCount}\\r\\n| extend RecipientDomain = tostring(split(RecipientEmailAddress, \\\"@\\\", 1)[0])\\r\\n| where \\\"*\\\" in ({RecipientDomain}) or RecipientDomain in ({RecipientDomain})\\r\\n| where \\\"*\\\" in ({SenderDomain}) or SenderMailFromDomain in ({SenderDomain})\\r\\n| where isempty(\\\"{Subject}\\\") or Subject contains \\\"{Subject}\\\"\\r\\n| summarize Count=count() by EmailDirection\\r\\n| sort by Count desc\",\"size\":1,\"title\":\"Email Direction\",\"timeContext\":{\"durationMs\":604800000},\"timeContextFromParameter\":\"TimeRange\",\"exportFieldName\":\"EmailDirection\",\"exportParameterName\":\"Direction\",\"exportDefaultValue\":\"All\",\"queryType\":0,\"resourceType\":\"microsoft.operationalinsights/workspaces\",\"crossComponentResources\":[\"{Workspace}\"],\"visualization\":\"tiles\",\"tileSettings\":{\"showBorder\":false,\"titleContent\":{\"columnMatch\":\"EmailDirection\",\"formatter\":1},\"leftContent\":{\"columnMatch\":\"Count\",\"formatter\":12,\"formatOptions\":{\"palette\":\"auto\"},\"numberFormat\":{\"unit\":17,\"options\":{\"maximumSignificantDigits\":3,\"maximumFractionDigits\":2}}}}},\"customWidth\":\"45\",\"conditionalVisibility\":{\"parameterName\":\"Nav\",\"comparison\":\"isNotEqualTo\",\"value\":\"Attachments\"},\"name\":\"query - 5\"},{\"type\":3,\"content\":{\"version\":\"KqlItem/1.0\",\"query\":\"EmailEvents\\r\\n| where isempty(\\\"{Sender}\\\") or SenderMailFromAddress =~ \\\"{Sender}\\\"\\r\\n| where isempty(\\\"{Recipient}\\\") or RecipientEmailAddress =~ \\\"{Recipient}\\\"\\r\\n| where EmailDirection in ({EmailDirection})\\r\\n| where AttachmentCount >= {MinimumAttachmentCount} and UrlCount >= {MinimumURLCount}\\r\\n| where \\\"{Direction}\\\" == \\\"All\\\" or EmailDirection == \\\"{Direction}\\\"\\r\\n| extend RecipientDomain = tostring(split(RecipientEmailAddress, \\\"@\\\", 1)[0])\\r\\n| where \\\"*\\\" in ({RecipientDomain}) or RecipientDomain in ({RecipientDomain})\\r\\n| where \\\"*\\\" in ({SenderDomain}) or SenderMailFromDomain in ({SenderDomain})\\r\\n| where isempty(\\\"{Subject}\\\") or Subject contains \\\"{Subject}\\\"\\r\\n| summarize Count=count() by DeliveryAction\\r\\n| sort by Count desc\",\"size\":1,\"title\":\"Delivery Action\",\"timeContext\":{\"durationMs\":604800000},\"timeContextFromParameter\":\"TimeRange\",\"exportFieldName\":\"DeliveryAction\",\"exportParameterName\":\"DeliveryAction\",\"exportDefaultValue\":\"All\",\"queryType\":0,\"resourceType\":\"microsoft.operationalinsights/workspaces\",\"visualization\":\"tiles\",\"tileSettings\":{\"titleContent\":{\"columnMatch\":\"DeliveryAction\",\"formatter\":1},\"leftContent\":{\"columnMatch\":\"Count\",\"formatter\":12,\"formatOptions\":{\"palette\":\"auto\"},\"numberFormat\":{\"unit\":17,\"options\":{\"maximumSignificantDigits\":3,\"maximumFractionDigits\":2}}},\"showBorder\":false}},\"customWidth\":\"25\",\"conditionalVisibility\":{\"parameterName\":\"Nav\",\"comparison\":\"isNotEqualTo\",\"value\":\"Attachments\"},\"name\":\"query - 5 - Copy\"},{\"type\":3,\"content\":{\"version\":\"KqlItem/1.0\",\"query\":\"EmailEvents\\r\\n| where isempty(\\\"{Sender}\\\") or SenderMailFromAddress =~ \\\"{Sender}\\\"\\r\\n| where isempty(\\\"{Recipient}\\\") or RecipientEmailAddress =~ \\\"{Recipient}\\\"\\r\\n| where EmailDirection in ({EmailDirection})\\r\\n| where AttachmentCount >= {MinimumAttachmentCount} and UrlCount >= {MinimumURLCount}\\r\\n| where \\\"{Direction}\\\" == \\\"All\\\" or EmailDirection == \\\"{Direction}\\\"\\r\\n| where \\\"{DeliveryAction}\\\" == \\\"All\\\" or DeliveryAction == \\\"{DeliveryAction}\\\"\\r\\n| extend RecipientDomain = tostring(split(RecipientEmailAddress, \\\"@\\\", 1)[0])\\r\\n| where \\\"*\\\" in ({RecipientDomain}) or RecipientDomain in ({RecipientDomain})\\r\\n| where \\\"*\\\" in ({SenderDomain}) or SenderMailFromDomain in ({SenderDomain})\\r\\n| where isempty(\\\"{Subject}\\\") or Subject contains \\\"{Subject}\\\"\\r\\n| summarize Count=count() by bin(TimeGenerated, {TimeRange:grain}), EmailDirection\",\"size\":1,\"title\":\"Email Timeline\",\"timeContext\":{\"durationMs\":604800000},\"timeContextFromParameter\":\"TimeRange\",\"exportFieldName\":\"EmailAction\",\"exportParameterName\":\"Action\",\"exportDefaultValue\":\"All\",\"queryType\":0,\"resourceType\":\"microsoft.operationalinsights/workspaces\",\"visualization\":\"timechart\",\"tileSettings\":{\"titleContent\":{\"columnMatch\":\"DeliveryAction\",\"formatter\":1},\"leftContent\":{\"columnMatch\":\"Count\",\"formatter\":12,\"formatOptions\":{\"palette\":\"auto\"},\"numberFormat\":{\"unit\":17,\"options\":{\"maximumSignificantDigits\":3,\"maximumFractionDigits\":2}}},\"showBorder\":false}},\"customWidth\":\"30\",\"conditionalVisibility\":{\"parameterName\":\"Nav\",\"comparison\":\"isNotEqualTo\",\"value\":\"Attachments\"},\"name\":\"query - 5 - Copy - Copy\"},{\"type\":3,\"content\":{\"version\":\"KqlItem/1.0\",\"query\":\"EmailEvents\\r\\n| where EmailDirection in ({EmailDirection})\\r\\n| where AttachmentCount >= {MinimumAttachmentCount} and UrlCount >= {MinimumURLCount}\\r\\n| where \\\"{Direction}\\\" == \\\"All\\\" or EmailDirection == \\\"{Direction}\\\"\\r\\n| where isempty(\\\"{Sender}\\\") or SenderMailFromAddress =~ \\\"{Sender}\\\"\\r\\n| where isempty(\\\"{Recipient}\\\") or RecipientEmailAddress =~ \\\"{Recipient}\\\"\\r\\n| where \\\"{Direction}\\\" == \\\"All\\\" or EmailDirection == \\\"{Direction}\\\"\\r\\n| where \\\"{DeliveryAction}\\\" == \\\"All\\\" or DeliveryAction == \\\"{DeliveryAction}\\\"\\r\\n| extend RecipientDomain = tostring(split(RecipientEmailAddress, \\\"@\\\", 1)[0])\\r\\n| where \\\"*\\\" in ({RecipientDomain}) or RecipientDomain in ({RecipientDomain})\\r\\n| where \\\"*\\\" in ({SenderDomain}) or SenderMailFromDomain in ({SenderDomain})\\r\\n| where isempty(\\\"{Subject}\\\") or Subject contains \\\"{Subject}\\\"\\r\\n| summarize DistinctMessages=dcount(InternetMessageId), DistinctRecipients=dcount(RecipientEmailAddress), DistinctRecipientDomains=dcount(RecipientDomain), NetworkMessageIds=make_set(NetworkMessageId) by SenderMailFromAddress\\r\\n| sort by DistinctMessages desc\",\"size\":0,\"title\":\"Top Senders\",\"timeContext\":{\"durationMs\":604800000},\"timeContextFromParameter\":\"TimeRange\",\"exportedParameters\":[{\"fieldName\":\"SenderMailFromAddress\",\"parameterName\":\"Sender2\",\"defaultValue\":\"All\"},{\"fieldName\":\"NetworkMessageIds\",\"parameterName\":\"NetworkMessageIdsSender\",\"parameterType\":1,\"defaultValue\":\"[]\"}],\"queryType\":0,\"resourceType\":\"microsoft.operationalinsights/workspaces\",\"crossComponentResources\":[\"{Workspace}\"],\"gridSettings\":{\"formatters\":[{\"columnMatch\":\"SenderMailFromAddress\",\"formatter\":0,\"formatOptions\":{\"customColumnWidthSetting\":\"29ch\"}},{\"columnMatch\":\"DistinctMessages\",\"formatter\":4,\"formatOptions\":{\"palette\":\"blue\",\"customColumnWidthSetting\":\"20ch\"}},{\"columnMatch\":\"DistinctRecipients\",\"formatter\":4,\"formatOptions\":{\"palette\":\"blue\",\"customColumnWidthSetting\":\"21ch\"}},{\"columnMatch\":\"DistinctRecipientDomains\",\"formatter\":4,\"formatOptions\":{\"palette\":\"blue\",\"customColumnWidthSetting\":\"27ch\"}},{\"columnMatch\":\"NetworkMessageIds\",\"formatter\":5}]}},\"customWidth\":\"40\",\"name\":\"query - 0\"},{\"type\":3,\"content\":{\"version\":\"KqlItem/1.0\",\"query\":\"EmailEvents\\r\\n| where EmailDirection in ({EmailDirection})\\r\\n| where AttachmentCount >= {MinimumAttachmentCount} and UrlCount >= {MinimumURLCount}\\r\\n| where \\\"{Direction}\\\" == \\\"All\\\" or EmailDirection == \\\"{Direction}\\\"\\r\\n| where isempty(\\\"{Sender}\\\") or SenderMailFromAddress =~ \\\"{Sender}\\\"\\r\\n| where \\\"{Sender2}\\\" == \\\"All\\\" or SenderMailFromAddress =~ \\\"{Sender2}\\\"\\r\\n| where isempty(\\\"{Recipient}\\\") or RecipientEmailAddress =~ \\\"{Recipient}\\\"\\r\\n| where \\\"{Direction}\\\" == \\\"All\\\" or EmailDirection == \\\"{Direction}\\\"\\r\\n| where \\\"{DeliveryAction}\\\" == \\\"All\\\" or DeliveryAction == \\\"{DeliveryAction}\\\"\\r\\n| extend RecipientDomain = tostring(split(RecipientEmailAddress, \\\"@\\\", 1)[0])\\r\\n| where \\\"*\\\" in ({RecipientDomain}) or RecipientDomain in ({RecipientDomain})\\r\\n| where \\\"*\\\" in ({SenderDomain}) or SenderMailFromDomain in ({SenderDomain})\\r\\n| where isempty(\\\"{Subject}\\\") or Subject contains \\\"{Subject}\\\"\\r\\n| summarize DistinctMessages=dcount(InternetMessageId), DistinctSenders=dcount(SenderMailFromAddress), NetworkMessageIds=make_set(NetworkMessageId) by RecipientEmailAddress\\r\\n| sort by DistinctMessages\",\"size\":0,\"title\":\"Top Recipients\",\"timeContext\":{\"durationMs\":604800000},\"timeContextFromParameter\":\"TimeRange\",\"exportFieldName\":\"NetworkMessageIds\",\"exportParameterName\":\"NetworkMessageIdsRecipient\",\"exportDefaultValue\":\"[]\",\"queryType\":0,\"resourceType\":\"microsoft.operationalinsights/workspaces\",\"gridSettings\":{\"formatters\":[{\"columnMatch\":\"RecipientEmailAddress\",\"formatter\":0,\"formatOptions\":{\"customColumnWidthSetting\":\"28ch\"}},{\"columnMatch\":\"DistinctMessages\",\"formatter\":4,\"formatOptions\":{\"palette\":\"blue\",\"customColumnWidthSetting\":\"143px\"}},{\"columnMatch\":\"DistinctSenders\",\"formatter\":4,\"formatOptions\":{\"palette\":\"blue\",\"customColumnWidthSetting\":\"140px\"}},{\"columnMatch\":\"NetworkMessageIds\",\"formatter\":5}]}},\"customWidth\":\"30\",\"name\":\"query - 0 - Copy\"},{\"type\":3,\"content\":{\"version\":\"KqlItem/1.0\",\"query\":\"EmailEvents\\r\\n| where EmailDirection in ({EmailDirection})\\r\\n| where AttachmentCount >= {MinimumAttachmentCount} and UrlCount >= {MinimumURLCount}\\r\\n| where \\\"{Direction}\\\" == \\\"All\\\" or EmailDirection == \\\"{Direction}\\\"\\r\\n| where isempty(\\\"{Sender}\\\") or SenderMailFromAddress =~ \\\"{Sender}\\\"\\r\\n| where \\\"{Sender2}\\\" == \\\"All\\\" or SenderMailFromAddress =~ \\\"{Sender2}\\\"\\r\\n| where isempty(\\\"{Recipient}\\\") or RecipientEmailAddress =~ \\\"{Recipient}\\\"\\r\\n| where \\\"{Direction}\\\" == \\\"All\\\" or EmailDirection == \\\"{Direction}\\\"\\r\\n| where \\\"{DeliveryAction}\\\" == \\\"All\\\" or DeliveryAction == \\\"{DeliveryAction}\\\"\\r\\n| extend RecipientDomain = tostring(split(RecipientEmailAddress, \\\"@\\\", 1)[0])\\r\\n| where \\\"*\\\" in ({RecipientDomain}) or RecipientDomain in ({RecipientDomain})\\r\\n| where \\\"*\\\" in ({SenderDomain}) or SenderMailFromDomain in ({SenderDomain})\\r\\n| where isempty(\\\"{Subject}\\\") or Subject contains \\\"{Subject}\\\"\\r\\n| summarize DistinctMessages=dcount(InternetMessageId), DistinctSenders=dcount(SenderMailFromAddress), NetworkMessageIds=make_set(NetworkMessageId) by RecipientDomain\\r\\n| sort by DistinctMessages desc\",\"size\":0,\"title\":\"Top Recipient Domains\",\"timeContext\":{\"durationMs\":604800000},\"timeContextFromParameter\":\"TimeRange\",\"exportFieldName\":\"NetworkMessageIds\",\"exportParameterName\":\"NetworkMessageIdsDomain\",\"exportDefaultValue\":\"[]\",\"queryType\":0,\"resourceType\":\"microsoft.operationalinsights/workspaces\",\"gridSettings\":{\"formatters\":[{\"columnMatch\":\"RecipientDomain\",\"formatter\":0,\"formatOptions\":{\"customColumnWidthSetting\":\"25.8571ch\"}},{\"columnMatch\":\"DistinctMessages\",\"formatter\":4,\"formatOptions\":{\"palette\":\"blue\",\"customColumnWidthSetting\":\"143px\"}},{\"columnMatch\":\"DistinctSenders\",\"formatter\":4,\"formatOptions\":{\"palette\":\"blue\",\"customColumnWidthSetting\":\"140px\"}},{\"columnMatch\":\"NetworkMessageIds\",\"formatter\":5}]}},\"customWidth\":\"30\",\"name\":\"query - 0 - Copy - Copy\"},{\"type\":3,\"content\":{\"version\":\"KqlItem/1.0\",\"query\":\"let ids = array_concat(dynamic({NetworkMessageIdsSender}),dynamic({NetworkMessageIdsRecipient}),dynamic({NetworkMessageIdsDomain}));\\r\\nEmailEvents\\r\\n| where NetworkMessageId in (ids) or array_length(ids) == 0\\r\\n| where EmailDirection in ({EmailDirection})\\r\\n| where AttachmentCount >= {MinimumAttachmentCount} and UrlCount >= {MinimumURLCount}\\r\\n| where \\\"{Direction}\\\" == \\\"All\\\" or EmailDirection == \\\"{Direction}\\\"\\r\\n| where isempty(\\\"{Sender}\\\") or SenderMailFromAddress =~ \\\"{Sender}\\\"\\r\\n| where \\\"{Sender2}\\\" == \\\"All\\\" or SenderMailFromAddress =~ \\\"{Sender2}\\\"\\r\\n| where isempty(\\\"{Recipient}\\\") or RecipientEmailAddress =~ \\\"{Recipient}\\\"\\r\\n| where \\\"{Direction}\\\" == \\\"All\\\" or EmailDirection == \\\"{Direction}\\\"\\r\\n| where \\\"{DeliveryAction}\\\" == \\\"All\\\" or DeliveryAction == \\\"{DeliveryAction}\\\"\\r\\n| extend RecipientDomain = tostring(split(RecipientEmailAddress, \\\"@\\\", 1)[0])\\r\\n| where \\\"*\\\" in ({RecipientDomain}) or RecipientDomain in ({RecipientDomain})\\r\\n| where \\\"*\\\" in ({SenderDomain}) or SenderMailFromDomain in ({SenderDomain})\\r\\n| where isempty(\\\"{Subject}\\\") or Subject contains \\\"{Subject}\\\"\\r\\n| project TimeGenerated, SenderMailFromAddress, RecipientEmailAddress, Subject, EmailDirection, EmailLanguage, DeliveryAction, ConfidenceLevel, AttachmentCount, UrlCount, NetworkMessageId\",\"size\":0,\"showAnalytics\":true,\"title\":\"Message Details\",\"timeContext\":{\"durationMs\":604800000},\"timeContextFromParameter\":\"TimeRange\",\"exportFieldName\":\"NetworkMessageId\",\"exportParameterName\":\"NetworkMessageId\",\"exportDefaultValue\":\"None\",\"queryType\":0,\"resourceType\":\"microsoft.operationalinsights/workspaces\",\"crossComponentResources\":[\"{Workspace}\"],\"gridSettings\":{\"formatters\":[{\"columnMatch\":\"SenderMailFromAddress\",\"formatter\":0,\"formatOptions\":{\"customColumnWidthSetting\":\"30ch\"}},{\"columnMatch\":\"RecipientEmailAddress\",\"formatter\":0,\"formatOptions\":{\"customColumnWidthSetting\":\"30ch\"}},{\"columnMatch\":\"Subject\",\"formatter\":0,\"formatOptions\":{\"customColumnWidthSetting\":\"35ch\"}},{\"columnMatch\":\"EmailDirection\",\"formatter\":18,\"formatOptions\":{\"thresholdsOptions\":\"icons\",\"thresholdsGrid\":[{\"operator\":\"==\",\"thresholdValue\":\"Outbound\",\"representation\":\"right\",\"text\":\"{0}{1}\"},{\"operator\":\"==\",\"thresholdValue\":\"Inbound\",\"representation\":\"left\",\"text\":\"{0}{1}\"},{\"operator\":\"==\",\"thresholdValue\":\"Intra-org\",\"representation\":\"Pending\",\"text\":\"{0}{1}\"},{\"operator\":\"Default\",\"representation\":\"unknown\",\"text\":\"{0}{1}\"}]}},{\"columnMatch\":\"DeliveryAction\",\"formatter\":18,\"formatOptions\":{\"thresholdsOptions\":\"icons\",\"thresholdsGrid\":[{\"operator\":\"==\",\"thresholdValue\":\"Delivered\",\"representation\":\"success\",\"text\":\"{0}{1}\"},{\"operator\":\"==\",\"thresholdValue\":\"Blocked\",\"representation\":\"failed\",\"text\":\"{0}{1}\"},{\"operator\":\"==\",\"thresholdValue\":\"Junked\",\"representation\":\"Disable\",\"text\":\"{0}{1}\"},{\"operator\":\"Default\",\"representation\":\"unknown\",\"text\":\"{0}{1}\"}]}},{\"columnMatch\":\"ConfidenceLevel\",\"formatter\":0,\"formatOptions\":{\"customColumnWidthSetting\":\"25ch\"}},{\"columnMatch\":\"AttachmentCount\",\"formatter\":4,\"formatOptions\":{\"palette\":\"blue\"}},{\"columnMatch\":\"UrlCount\",\"formatter\":4,\"formatOptions\":{\"palette\":\"blue\"}},{\"columnMatch\":\"NetworkMessageId\",\"formatter\":5}]}},\"name\":\"query - 6\"},{\"type\":3,\"content\":{\"version\":\"KqlItem/1.0\",\"query\":\"EmailAttachmentInfo\\r\\n| where NetworkMessageId == \\\"{NetworkMessageId}\\\"\\r\\n| project FileName, FileType, SHA256, ThreatTypes, ThreatNames, DetectionMethods\",\"size\":0,\"title\":\"Attached Files\",\"noDataMessage\":\"Either no message was selected or no attachments were present\",\"timeContext\":{\"durationMs\":604800000},\"timeContextFromParameter\":\"TimeRange\",\"queryType\":0,\"resourceType\":\"microsoft.operationalinsights/workspaces\",\"crossComponentResources\":[\"{Workspace}\"]},\"customWidth\":\"50\",\"name\":\"query - 7\"},{\"type\":3,\"content\":{\"version\":\"KqlItem/1.0\",\"query\":\"EmailUrlInfo\\r\\n| where NetworkMessageId == \\\"{NetworkMessageId}\\\"\\r\\n| project Url, UrlDomain\",\"size\":0,\"title\":\"Embedded URLs\",\"noDataMessage\":\"Either no message was selected or no URLs were present\",\"timeContext\":{\"durationMs\":604800000},\"timeContextFromParameter\":\"TimeRange\",\"queryType\":0,\"resourceType\":\"microsoft.operationalinsights/workspaces\",\"crossComponentResources\":[\"{Workspace}\"]},\"customWidth\":\"50\",\"name\":\"query - 7 - Copy\"}]},\"conditionalVisibility\":{\"parameterName\":\"Nav\",\"comparison\":\"isEqualTo\",\"value\":\"Email\"},\"name\":\"EmailGroup\"},{\"type\":12,\"content\":{\"version\":\"NotebookGroup/1.0\",\"groupType\":\"editable\",\"items\":[{\"type\":3,\"content\":{\"version\":\"KqlItem/1.0\",\"query\":\"EmailEvents\\r\\n| where EmailDirection in ({EmailDirection})\\r\\n| where AttachmentCount >= {MinimumAttachmentCount} and UrlCount >= {MinimumURLCount}\\r\\n| where isempty(\\\"{Sender}\\\") or SenderMailFromAddress =~ \\\"{Sender}\\\"\\r\\n| where isempty(\\\"{Recipient}\\\") or RecipientEmailAddress =~ \\\"{Recipient}\\\"\\r\\n| extend RecipientDomain = tostring(split(RecipientEmailAddress, \\\"@\\\", 1)[0])\\r\\n| where \\\"*\\\" in ({RecipientDomain}) or RecipientDomain in ({RecipientDomain})\\r\\n| where \\\"*\\\" in ({SenderDomain}) or SenderMailFromDomain in ({SenderDomain})\\r\\n| where isempty(\\\"{Subject}\\\") or Subject contains \\\"{Subject}\\\"\\r\\n| summarize TotalAttachments=sum(AttachmentCount), DistinctRecipients=dcount(RecipientEmailAddress), DistinctRecipientDomains=dcount(RecipientDomain), NetworkMessageIds=make_set(NetworkMessageId) by SenderMailFromAddress\\r\\n| where TotalAttachments > 0\\r\\n| sort by TotalAttachments desc\",\"size\":0,\"title\":\"Top Attachment Senders\",\"timeContext\":{\"durationMs\":604800000},\"timeContextFromParameter\":\"TimeRange\",\"exportedParameters\":[{\"fieldName\":\"SenderMailFromAddress\",\"parameterName\":\"Sender2\",\"defaultValue\":\"All\"},{\"fieldName\":\"NetworkMessageIds\",\"parameterName\":\"NetworkMessageIdsSender\",\"parameterType\":1,\"defaultValue\":\"[]\"}],\"queryType\":0,\"resourceType\":\"microsoft.operationalinsights/workspaces\",\"gridSettings\":{\"formatters\":[{\"columnMatch\":\"SenderMailFromAddress\",\"formatter\":0,\"formatOptions\":{\"customColumnWidthSetting\":\"27ch\"}},{\"columnMatch\":\"TotalAttachments\",\"formatter\":4,\"formatOptions\":{\"palette\":\"blue\",\"customColumnWidthSetting\":\"150px\"}},{\"columnMatch\":\"DistinctRecipients\",\"formatter\":4,\"formatOptions\":{\"palette\":\"blue\",\"customColumnWidthSetting\":\"21ch\"}},{\"columnMatch\":\"DistinctRecipientDomains\",\"formatter\":4,\"formatOptions\":{\"palette\":\"blue\",\"customColumnWidthSetting\":\"27ch\"}},{\"columnMatch\":\"NetworkMessageIds\",\"formatter\":5}]}},\"customWidth\":\"40\",\"name\":\"query - 0 - Copy\"},{\"type\":3,\"content\":{\"version\":\"KqlItem/1.0\",\"query\":\"EmailEvents\\r\\n| where EmailDirection in ({EmailDirection})\\r\\n| where AttachmentCount >= {MinimumAttachmentCount} and UrlCount >= {MinimumURLCount}\\r\\n| where isempty(\\\"{Sender}\\\") or SenderMailFromAddress =~ \\\"{Sender}\\\"\\r\\n| where \\\"{Sender2}\\\" == \\\"All\\\" or SenderMailFromAddress =~ \\\"{Sender2}\\\"\\r\\n| where isempty(\\\"{Recipient}\\\") or RecipientEmailAddress =~ \\\"{Recipient}\\\"\\r\\n| extend RecipientDomain = tostring(split(RecipientEmailAddress, \\\"@\\\", 1)[0])\\r\\n| where \\\"*\\\" in ({RecipientDomain}) or RecipientDomain in ({RecipientDomain})\\r\\n| where \\\"*\\\" in ({SenderDomain}) or SenderMailFromDomain in ({SenderDomain})\\r\\n| where isempty(\\\"{Subject}\\\") or Subject contains \\\"{Subject}\\\"\\r\\n| summarize TotalAttachments=sum(AttachmentCount), DistinctSenders=dcount(SenderMailFromAddress), NetworkMessageIds=make_set(NetworkMessageId) by RecipientEmailAddress\\r\\n| where TotalAttachments > 0\\r\\n| sort by TotalAttachments desc\",\"size\":0,\"title\":\"Top Attachment Recipients\",\"timeContext\":{\"durationMs\":604800000},\"timeContextFromParameter\":\"TimeRange\",\"exportFieldName\":\"NetworkMessageIds\",\"exportParameterName\":\"NetworkMessageIdsRecipient\",\"exportDefaultValue\":\"[]\",\"queryType\":0,\"resourceType\":\"microsoft.operationalinsights/workspaces\",\"gridSettings\":{\"formatters\":[{\"columnMatch\":\"RecipientEmailAddress\",\"formatter\":0,\"formatOptions\":{\"customColumnWidthSetting\":\"28ch\"}},{\"columnMatch\":\"TotalAttachments\",\"formatter\":4,\"formatOptions\":{\"palette\":\"blue\",\"customColumnWidthSetting\":\"20ch\"}},{\"columnMatch\":\"DistinctSenders\",\"formatter\":4,\"formatOptions\":{\"palette\":\"blue\",\"customColumnWidthSetting\":\"140px\"}},{\"columnMatch\":\"NetworkMessageIds\",\"formatter\":5}]}},\"customWidth\":\"30\",\"name\":\"query - 0 - Copy - Copy\"},{\"type\":3,\"content\":{\"version\":\"KqlItem/1.0\",\"query\":\"EmailEvents\\r\\n| where EmailDirection in ({EmailDirection})\\r\\n| where AttachmentCount >= {MinimumAttachmentCount} and UrlCount >= {MinimumURLCount}\\r\\n| where isempty(\\\"{Sender}\\\") or SenderMailFromAddress =~ \\\"{Sender}\\\"\\r\\n| where \\\"{Sender2}\\\" == \\\"All\\\" or SenderMailFromAddress =~ \\\"{Sender2}\\\"\\r\\n| where isempty(\\\"{Recipient}\\\") or RecipientEmailAddress =~ \\\"{Recipient}\\\"\\r\\n| extend RecipientDomain = tostring(split(RecipientEmailAddress, \\\"@\\\", 1)[0])\\r\\n| where \\\"*\\\" in ({RecipientDomain}) or RecipientDomain in ({RecipientDomain})\\r\\n| where \\\"*\\\" in ({SenderDomain}) or SenderMailFromDomain in ({SenderDomain})\\r\\n| where isempty(\\\"{Subject}\\\") or Subject contains \\\"{Subject}\\\"\\r\\n| summarize TotalAttachments=sum(AttachmentCount), DistinctSenders=dcount(SenderMailFromAddress), NetworkMessageIds=make_set(NetworkMessageId) by RecipientDomain\\r\\n| where TotalAttachments > 0\\r\\n| sort by TotalAttachments desc\",\"size\":0,\"title\":\"Top Attachment Recipient Domains\",\"timeContext\":{\"durationMs\":604800000},\"timeContextFromParameter\":\"TimeRange\",\"exportFieldName\":\"NetworkMessageIds\",\"exportParameterName\":\"NetworkMessageIdsDomain\",\"exportDefaultValue\":\"[]\",\"queryType\":0,\"resourceType\":\"microsoft.operationalinsights/workspaces\",\"gridSettings\":{\"formatters\":[{\"columnMatch\":\"RecipientDomain\",\"formatter\":0,\"formatOptions\":{\"customColumnWidthSetting\":\"25.8571ch\"}},{\"columnMatch\":\"TotalAttachments\",\"formatter\":4,\"formatOptions\":{\"palette\":\"blue\",\"customColumnWidthSetting\":\"22ch\"}},{\"columnMatch\":\"DistinctSenders\",\"formatter\":4,\"formatOptions\":{\"palette\":\"blue\",\"customColumnWidthSetting\":\"140px\"}},{\"columnMatch\":\"NetworkMessageIds\",\"formatter\":5}]}},\"customWidth\":\"30\",\"name\":\"query - 0 - Copy - Copy - Copy\"},{\"type\":9,\"content\":{\"version\":\"KqlParameterItem/1.0\",\"crossComponentResources\":[\"{Workspace}\"],\"parameters\":[{\"id\":\"16f2ef9f-f59b-4a34-87c7-561c4bbfa92e\",\"version\":\"KqlParameterItem/1.0\",\"name\":\"AttachmentName\",\"type\":1,\"timeContext\":{\"durationMs\":86400000},\"timeContextFromParameter\":\"TimeRange\",\"value\":\"\"},{\"id\":\"a64d4d00-7f7b-4fc0-991e-1b14e2f7ed1b\",\"version\":\"KqlParameterItem/1.0\",\"name\":\"AttachmentType\",\"type\":2,\"isRequired\":true,\"multiSelect\":true,\"quote\":\"'\",\"delimiter\":\",\",\"query\":\"EmailAttachmentInfo\\r\\n| summarize AttachmentCount=count() by FileType\\r\\n| sort by AttachmentCount desc\\r\\n| project FileType, strcat(FileType, ' - ', AttachmentCount, ' attachments')\",\"crossComponentResources\":[\"{Workspace}\"],\"value\":[\"value::all\"],\"typeSettings\":{\"additionalResourceOptions\":[\"value::all\"],\"selectAllValue\":\"*\",\"showDefault\":false},\"timeContext\":{\"durationMs\":0},\"timeContextFromParameter\":\"TimeRange\",\"defaultValue\":\"value::all\",\"queryType\":0,\"resourceType\":\"microsoft.operationalinsights/workspaces\"}],\"style\":\"above\",\"queryType\":0,\"resourceType\":\"microsoft.operationalinsights/workspaces\"},\"name\":\"parameters - 1\"},{\"type\":3,\"content\":{\"version\":\"KqlItem/1.0\",\"query\":\"let ids = array_concat(dynamic({NetworkMessageIdsSender}),dynamic({NetworkMessageIdsRecipient}),dynamic({NetworkMessageIdsDomain}));\\r\\nEmailAttachmentInfo\\r\\n| where NetworkMessageId in (ids) or array_length(ids) == 0\\r\\n| where FileName contains \\\"{AttachmentName}\\\"\\r\\n| where \\\"*\\\" in ({AttachmentType}) or FileType in ({AttachmentType})\\r\\n| summarize UniqueEmailsWithThisAttachment=dcount(NetworkMessageId), NetworkMessageIdWithFile=make_set(NetworkMessageId) by FileName, FileType, SHA256\",\"size\":0,\"showAnalytics\":true,\"timeContext\":{\"durationMs\":0},\"timeContextFromParameter\":\"TimeRange\",\"exportFieldName\":\"NetworkMessageIdWithFile\",\"exportParameterName\":\"NetworkMessageIdWithFile\",\"exportDefaultValue\":\"[]\",\"queryType\":0,\"resourceType\":\"microsoft.operationalinsights/workspaces\",\"crossComponentResources\":[\"{Workspace}\"],\"gridSettings\":{\"formatters\":[{\"columnMatch\":\"NetworkMessageIdWithFile\",\"formatter\":5}],\"sortBy\":[{\"itemKey\":\"FileName\",\"sortOrder\":1}]},\"sortBy\":[{\"itemKey\":\"FileName\",\"sortOrder\":1}]},\"name\":\"query - 0\"},{\"type\":3,\"content\":{\"version\":\"KqlItem/1.0\",\"query\":\"let ids = dynamic({NetworkMessageIdWithFile});\\r\\nEmailAttachmentInfo\\r\\n| where NetworkMessageId in (ids)\\r\\n| distinct NetworkMessageId\\r\\n| join kind=leftouter (EmailEvents) on NetworkMessageId\\r\\n| extend RecipientDomain = tostring(split(RecipientEmailAddress, \\\"@\\\", 1)[0])\\r\\n| project TimeGenerated, SenderMailFromAddress, RecipientEmailAddress, Subject, EmailDirection, EmailLanguage, DeliveryAction, ConfidenceLevel, AttachmentCount, UrlCount, NetworkMessageId\",\"size\":0,\"showAnalytics\":true,\"title\":\"Message Details\",\"noDataMessage\":\"No file attachments were selected\",\"timeContext\":{\"durationMs\":0},\"timeContextFromParameter\":\"TimeRange\",\"exportFieldName\":\"NetworkMessageId\",\"exportParameterName\":\"NetworkMessageId\",\"exportDefaultValue\":\"None\",\"queryType\":0,\"resourceType\":\"microsoft.operationalinsights/workspaces\",\"crossComponentResources\":[\"{Workspace}\"],\"gridSettings\":{\"formatters\":[{\"columnMatch\":\"SenderMailFromAddress\",\"formatter\":0,\"formatOptions\":{\"customColumnWidthSetting\":\"30ch\"}},{\"columnMatch\":\"RecipientEmailAddress\",\"formatter\":0,\"formatOptions\":{\"customColumnWidthSetting\":\"30ch\"}},{\"columnMatch\":\"Subject\",\"formatter\":0,\"formatOptions\":{\"customColumnWidthSetting\":\"35ch\"}},{\"columnMatch\":\"EmailDirection\",\"formatter\":18,\"formatOptions\":{\"thresholdsOptions\":\"icons\",\"thresholdsGrid\":[{\"operator\":\"==\",\"thresholdValue\":\"Outbound\",\"representation\":\"right\",\"text\":\"{0}{1}\"},{\"operator\":\"==\",\"thresholdValue\":\"Inbound\",\"representation\":\"left\",\"text\":\"{0}{1}\"},{\"operator\":\"==\",\"thresholdValue\":\"Intra-org\",\"representation\":\"Pending\",\"text\":\"{0}{1}\"},{\"operator\":\"Default\",\"representation\":\"unknown\",\"text\":\"{0}{1}\"}]}},{\"columnMatch\":\"DeliveryAction\",\"formatter\":18,\"formatOptions\":{\"thresholdsOptions\":\"icons\",\"thresholdsGrid\":[{\"operator\":\"==\",\"thresholdValue\":\"Delivered\",\"representation\":\"success\",\"text\":\"{0}{1}\"},{\"operator\":\"==\",\"thresholdValue\":\"Blocked\",\"representation\":\"failed\",\"text\":\"{0}{1}\"},{\"operator\":\"==\",\"thresholdValue\":\"Junked\",\"representation\":\"Disable\",\"text\":\"{0}{1}\"},{\"operator\":\"Default\",\"representation\":\"unknown\",\"text\":\"{0}{1}\"}]}},{\"columnMatch\":\"ConfidenceLevel\",\"formatter\":0,\"formatOptions\":{\"customColumnWidthSetting\":\"25ch\"}},{\"columnMatch\":\"AttachmentCount\",\"formatter\":4,\"formatOptions\":{\"palette\":\"blue\"}},{\"columnMatch\":\"UrlCount\",\"formatter\":4,\"formatOptions\":{\"palette\":\"blue\"}},{\"columnMatch\":\"NetworkMessageId\",\"formatter\":5}]}},\"name\":\"query - 6 - Copy\"}]},\"conditionalVisibility\":{\"parameterName\":\"Nav\",\"comparison\":\"isEqualTo\",\"value\":\"Attachments\"},\"name\":\"AttachmentGroup\"},{\"type\":12,\"content\":{\"version\":\"NotebookGroup/1.0\",\"groupType\":\"editable\",\"items\":[{\"type\":3,\"content\":{\"version\":\"KqlItem/1.0\",\"query\":\"EmailEvents\\r\\n| where EmailDirection in ({EmailDirection})\\r\\n| where AttachmentCount >= {MinimumAttachmentCount} and UrlCount >= {MinimumURLCount}\\r\\n| where isempty(\\\"{Sender}\\\") or SenderMailFromAddress =~ \\\"{Sender}\\\"\\r\\n| where isempty(\\\"{Recipient}\\\") or RecipientEmailAddress =~ \\\"{Recipient}\\\"\\r\\n| extend RecipientDomain = tostring(split(RecipientEmailAddress, \\\"@\\\", 1)[0])\\r\\n| where \\\"*\\\" in ({RecipientDomain}) or RecipientDomain in ({RecipientDomain})\\r\\n| where \\\"*\\\" in ({SenderDomain}) or SenderMailFromDomain in ({SenderDomain})\\r\\n| where isempty(\\\"{Subject}\\\") or Subject contains \\\"{Subject}\\\"\\r\\n| summarize TotalUrls=sum(UrlCount), DistinctRecipients=dcount(RecipientEmailAddress), DistinctRecipientDomains=dcount(RecipientDomain), NetworkMessageIds=make_set(NetworkMessageId) by SenderMailFromAddress\\r\\n| where TotalUrls > 0\\r\\n| sort by TotalUrls desc\",\"size\":0,\"title\":\"Top Url Senders\",\"timeContext\":{\"durationMs\":604800000},\"timeContextFromParameter\":\"TimeRange\",\"exportedParameters\":[{\"fieldName\":\"SenderMailFromAddress\",\"parameterName\":\"Sender2\",\"defaultValue\":\"All\"},{\"fieldName\":\"NetworkMessageIds\",\"parameterName\":\"NetworkMessageIdsSender\",\"parameterType\":1,\"defaultValue\":\"[]\"}],\"queryType\":0,\"resourceType\":\"microsoft.operationalinsights/workspaces\",\"gridSettings\":{\"formatters\":[{\"columnMatch\":\"SenderMailFromAddress\",\"formatter\":0,\"formatOptions\":{\"customColumnWidthSetting\":\"27ch\"}},{\"columnMatch\":\"TotalUrls\",\"formatter\":4,\"formatOptions\":{\"palette\":\"blue\"}},{\"columnMatch\":\"DistinctRecipients\",\"formatter\":4,\"formatOptions\":{\"palette\":\"blue\",\"customColumnWidthSetting\":\"21ch\"}},{\"columnMatch\":\"DistinctRecipientDomains\",\"formatter\":4,\"formatOptions\":{\"palette\":\"blue\",\"customColumnWidthSetting\":\"27ch\"}},{\"columnMatch\":\"NetworkMessageIds\",\"formatter\":5}]}},\"customWidth\":\"40\",\"name\":\"query - 0 - Copy\"},{\"type\":3,\"content\":{\"version\":\"KqlItem/1.0\",\"query\":\"EmailEvents\\r\\n| where EmailDirection in ({EmailDirection})\\r\\n| where AttachmentCount >= {MinimumAttachmentCount} and UrlCount >= {MinimumURLCount}\\r\\n| where isempty(\\\"{Sender}\\\") or SenderMailFromAddress =~ \\\"{Sender}\\\"\\r\\n| where \\\"{Sender2}\\\" == \\\"All\\\" or SenderMailFromAddress =~ \\\"{Sender2}\\\"\\r\\n| where isempty(\\\"{Recipient}\\\") or RecipientEmailAddress =~ \\\"{Recipient}\\\"\\r\\n| extend RecipientDomain = tostring(split(RecipientEmailAddress, \\\"@\\\", 1)[0])\\r\\n| where \\\"*\\\" in ({RecipientDomain}) or RecipientDomain in ({RecipientDomain})\\r\\n| where \\\"*\\\" in ({SenderDomain}) or SenderMailFromDomain in ({SenderDomain})\\r\\n| where isempty(\\\"{Subject}\\\") or Subject contains \\\"{Subject}\\\"\\r\\n| summarize TotalUrls=sum(UrlCount), DistinctSenders=dcount(SenderMailFromAddress), NetworkMessageIds=make_set(NetworkMessageId) by RecipientEmailAddress\\r\\n| where TotalUrls > 0\\r\\n| sort by TotalUrls desc\",\"size\":0,\"title\":\"Top Url Recipients\",\"timeContext\":{\"durationMs\":604800000},\"timeContextFromParameter\":\"TimeRange\",\"exportFieldName\":\"NetworkMessageIds\",\"exportParameterName\":\"NetworkMessageIdsRecipient\",\"exportDefaultValue\":\"[]\",\"queryType\":0,\"resourceType\":\"microsoft.operationalinsights/workspaces\",\"gridSettings\":{\"formatters\":[{\"columnMatch\":\"RecipientEmailAddress\",\"formatter\":0,\"formatOptions\":{\"customColumnWidthSetting\":\"28ch\"}},{\"columnMatch\":\"TotalUrls\",\"formatter\":4,\"formatOptions\":{\"palette\":\"blue\"}},{\"columnMatch\":\"DistinctSenders\",\"formatter\":4,\"formatOptions\":{\"palette\":\"blue\",\"customColumnWidthSetting\":\"140px\"}},{\"columnMatch\":\"NetworkMessageIds\",\"formatter\":5}]}},\"customWidth\":\"30\",\"name\":\"query - 0 - Copy - Copy\"},{\"type\":3,\"content\":{\"version\":\"KqlItem/1.0\",\"query\":\"EmailEvents\\r\\n| where EmailDirection in ({EmailDirection})\\r\\n| where AttachmentCount >= {MinimumAttachmentCount} and UrlCount >= {MinimumURLCount}\\r\\n| where isempty(\\\"{Sender}\\\") or SenderMailFromAddress =~ \\\"{Sender}\\\"\\r\\n| where \\\"{Sender2}\\\" == \\\"All\\\" or SenderMailFromAddress =~ \\\"{Sender2}\\\"\\r\\n| where isempty(\\\"{Recipient}\\\") or RecipientEmailAddress =~ \\\"{Recipient}\\\"\\r\\n| extend RecipientDomain = tostring(split(RecipientEmailAddress, \\\"@\\\", 1)[0])\\r\\n| where \\\"*\\\" in ({RecipientDomain}) or RecipientDomain in ({RecipientDomain})\\r\\n| where \\\"*\\\" in ({SenderDomain}) or SenderMailFromDomain in ({SenderDomain})\\r\\n| where isempty(\\\"{Subject}\\\") or Subject contains \\\"{Subject}\\\"\\r\\n| summarize TotalUrls=sum(UrlCount), DistinctSenders=dcount(SenderMailFromAddress), NetworkMessageIds=make_set(NetworkMessageId) by RecipientDomain\\r\\n| where TotalUrls > 0\\r\\n| sort by TotalUrls desc\",\"size\":0,\"title\":\"Top Url Recipient Domains\",\"timeContext\":{\"durationMs\":604800000},\"timeContextFromParameter\":\"TimeRange\",\"exportFieldName\":\"NetworkMessageIds\",\"exportParameterName\":\"NetworkMessageIdsDomain\",\"exportDefaultValue\":\"[]\",\"queryType\":0,\"resourceType\":\"microsoft.operationalinsights/workspaces\",\"gridSettings\":{\"formatters\":[{\"columnMatch\":\"RecipientDomain\",\"formatter\":0,\"formatOptions\":{\"customColumnWidthSetting\":\"25.8571ch\"}},{\"columnMatch\":\"TotalUrls\",\"formatter\":4,\"formatOptions\":{\"palette\":\"blue\"}},{\"columnMatch\":\"DistinctSenders\",\"formatter\":4,\"formatOptions\":{\"palette\":\"blue\",\"customColumnWidthSetting\":\"140px\"}},{\"columnMatch\":\"NetworkMessageIds\",\"formatter\":5}]}},\"customWidth\":\"30\",\"name\":\"query - 0 - Copy - Copy - Copy\"},{\"type\":9,\"content\":{\"version\":\"KqlParameterItem/1.0\",\"crossComponentResources\":[\"{Workspace}\"],\"parameters\":[{\"id\":\"16f2ef9f-f59b-4a34-87c7-561c4bbfa92e\",\"version\":\"KqlParameterItem/1.0\",\"name\":\"Url\",\"type\":1,\"timeContext\":{\"durationMs\":86400000},\"timeContextFromParameter\":\"TimeRange\",\"value\":\"\"},{\"id\":\"a64d4d00-7f7b-4fc0-991e-1b14e2f7ed1b\",\"version\":\"KqlParameterItem/1.0\",\"name\":\"UrlDomain\",\"type\":2,\"isRequired\":true,\"multiSelect\":true,\"quote\":\"'\",\"delimiter\":\",\",\"query\":\"EmailUrlInfo\\r\\n| summarize UrlCount=count() by UrlDomain\\r\\n| sort by UrlCount desc\\r\\n| project UrlDomain, strcat(UrlDomain, ' - ', UrlCount, ' URLs')\",\"crossComponentResources\":[\"{Workspace}\"],\"value\":[\"value::all\"],\"typeSettings\":{\"additionalResourceOptions\":[\"value::all\"],\"selectAllValue\":\"*\",\"showDefault\":false},\"timeContext\":{\"durationMs\":0},\"timeContextFromParameter\":\"TimeRange\",\"defaultValue\":\"value::all\",\"queryType\":0,\"resourceType\":\"microsoft.operationalinsights/workspaces\"}],\"style\":\"above\",\"queryType\":0,\"resourceType\":\"microsoft.operationalinsights/workspaces\"},\"name\":\"parameters - 1\"},{\"type\":3,\"content\":{\"version\":\"KqlItem/1.0\",\"query\":\"let ids = array_concat(dynamic({NetworkMessageIdsSender}),dynamic({NetworkMessageIdsRecipient}),dynamic({NetworkMessageIdsDomain}));\\r\\nEmailUrlInfo\\r\\n| where NetworkMessageId in (ids) or array_length(ids) == 0\\r\\n| where Url contains \\\"{Url}\\\"\\r\\n| where \\\"*\\\" in ({UrlDomain}) or UrlDomain in ({UrlDomain})\\r\\n| summarize UniqueMessagesWithUrl=dcount(NetworkMessageId), NetworkMessageIdWithUrl=make_set(NetworkMessageId) by Url, UrlDomain\",\"size\":0,\"showAnalytics\":true,\"timeContext\":{\"durationMs\":0},\"timeContextFromParameter\":\"TimeRange\",\"exportFieldName\":\"NetworkMessageIdWithUrl\",\"exportParameterName\":\"NetworkMessageIdWithUrl\",\"exportDefaultValue\":\"[]\",\"queryType\":0,\"resourceType\":\"microsoft.operationalinsights/workspaces\",\"crossComponentResources\":[\"{Workspace}\"],\"gridSettings\":{\"formatters\":[{\"columnMatch\":\"NetworkMessageIdWithUrl\",\"formatter\":5}]}},\"name\":\"query - 0\"},{\"type\":3,\"content\":{\"version\":\"KqlItem/1.0\",\"query\":\"let ids = dynamic({NetworkMessageIdWithUrl});\\r\\nEmailUrlInfo\\r\\n| where NetworkMessageId in (ids)\\r\\n| distinct NetworkMessageId\\r\\n| join kind=leftouter (EmailEvents) on NetworkMessageId\\r\\n| extend RecipientDomain = tostring(split(RecipientEmailAddress, \\\"@\\\", 1)[0])\\r\\n| project TimeGenerated, SenderMailFromAddress, RecipientEmailAddress, Subject, EmailDirection, EmailLanguage, DeliveryAction, ConfidenceLevel, AttachmentCount, UrlCount, NetworkMessageId\\r\\n| sort by TimeGenerated desc\",\"size\":0,\"showAnalytics\":true,\"title\":\"Message Details\",\"noDataMessage\":\"No URLs were selected\",\"timeContext\":{\"durationMs\":0},\"timeContextFromParameter\":\"TimeRange\",\"exportFieldName\":\"NetworkMessageId\",\"exportParameterName\":\"NetworkMessageId\",\"exportDefaultValue\":\"None\",\"queryType\":0,\"resourceType\":\"microsoft.operationalinsights/workspaces\",\"gridSettings\":{\"formatters\":[{\"columnMatch\":\"SenderMailFromAddress\",\"formatter\":0,\"formatOptions\":{\"customColumnWidthSetting\":\"30ch\"}},{\"columnMatch\":\"RecipientEmailAddress\",\"formatter\":0,\"formatOptions\":{\"customColumnWidthSetting\":\"30ch\"}},{\"columnMatch\":\"Subject\",\"formatter\":0,\"formatOptions\":{\"customColumnWidthSetting\":\"35ch\"}},{\"columnMatch\":\"EmailDirection\",\"formatter\":18,\"formatOptions\":{\"thresholdsOptions\":\"icons\",\"thresholdsGrid\":[{\"operator\":\"==\",\"thresholdValue\":\"Outbound\",\"representation\":\"right\",\"text\":\"{0}{1}\"},{\"operator\":\"==\",\"thresholdValue\":\"Inbound\",\"representation\":\"left\",\"text\":\"{0}{1}\"},{\"operator\":\"==\",\"thresholdValue\":\"Intra-org\",\"representation\":\"Pending\",\"text\":\"{0}{1}\"},{\"operator\":\"Default\",\"representation\":\"unknown\",\"text\":\"{0}{1}\"}]}},{\"columnMatch\":\"DeliveryAction\",\"formatter\":18,\"formatOptions\":{\"thresholdsOptions\":\"icons\",\"thresholdsGrid\":[{\"operator\":\"==\",\"thresholdValue\":\"Delivered\",\"representation\":\"success\",\"text\":\"{0}{1}\"},{\"operator\":\"==\",\"thresholdValue\":\"Blocked\",\"representation\":\"failed\",\"text\":\"{0}{1}\"},{\"operator\":\"==\",\"thresholdValue\":\"Junked\",\"representation\":\"Disable\",\"text\":\"{0}{1}\"},{\"operator\":\"Default\",\"representation\":\"unknown\",\"text\":\"{0}{1}\"}]}},{\"columnMatch\":\"ConfidenceLevel\",\"formatter\":0,\"formatOptions\":{\"customColumnWidthSetting\":\"25ch\"}},{\"columnMatch\":\"AttachmentCount\",\"formatter\":4,\"formatOptions\":{\"palette\":\"blue\"}},{\"columnMatch\":\"UrlCount\",\"formatter\":4,\"formatOptions\":{\"palette\":\"blue\"}},{\"columnMatch\":\"NetworkMessageId\",\"formatter\":5}]}},\"name\":\"query - 6 - Copy - Copy\"}]},\"conditionalVisibility\":{\"parameterName\":\"Nav\",\"comparison\":\"isEqualTo\",\"value\":\"Url\"},\"name\":\"UrlGroup\"}],\"fromTemplateId\":\"Community-Workbooks/Azure Sentinel - Workbooks/Microsoft Defender for Office 365\",\"$schema\":\"https://github.com/Microsoft/Application-Insights-Workbooks/blob/master/schema/workbook.json\"}\r\n",
                        "version": "1.0",
                        "sourceId": "[resourceId('microsoft.OperationalInsights/Workspaces', parameters('workspace'))]",
                        "category": "sentinel"
                      }
                    },
                    {
                      "type": "Microsoft.OperationalInsights/workspaces/providers/metadata",
                      "apiVersion": "2021-03-01-preview",
                      "name": "[concat(parameters('workspace'),'/Microsoft.SecurityInsights/',concat('Workbook-', 'MicrosoftDefenderForOffice365'))]",
                      "properties": {
                        "description": "Gain insights into your Microsoft Defender for Office 365 raw data logs.  This workbook lets you look at trends in email senders, attachments and embedded URL data to find anomalies. You can also search by, sender, recipient, subject, attachment or embedded URL to find where the related messages have been sent.",
                        "version": "1.0.1",
                        "previewImages": [
                          "MDOWhite1.png",
                          "MDOWhite2.png"
                        ],
                        "previewImagesDark": [
                          "MDOBlack1.png",
                          "MDOBlack2.png"
                        ],
                        "icon": "office365_logo.svg",
                        "author": {
                          "name": "Community"
                        },
                        "support": {
                          "name": "Community",
                          "link": "https://github.com/Azure/Azure-Sentinel/issues",
                          "tier": "Community"
                        },
                        "source": {
                          "kind": "Community",
                          "name": "Standalone"
                        },
                        "contentId": "MicrosoftDefenderForOffice365",
                        "parentId": "[resourceId('Microsoft.Insights/workbooks', 'MicrosoftDefenderForOffice365')]",
                        "kind": "Workbook",
                        "dependencies": {
                          "operator": "AND",
                          "criteria": [
                            {
                              "contentId": "EmailEvents",
                              "kind": "DataType"
                            },
                            {
                              "contentId": "EmailUrlInfo",
                              "kind": "DataType"
                            },
                            {
                              "contentId": "EmailAttachmentInfo",
                              "kind": "DataType"
                            }
                          ]
                        }
                      }
                    }
                  ]
                }
              }
            }
          ]
        },
        "author": {
          "name": "Community"
        },
        "dependencies": {
          "operator": "AND",
          "criteria": [
            {
              "contentId": "MicrosoftDefenderForOffice365",
              "kind": "Workbook"
            }
          ]
        },
        "description": "Gain insights into your Microsoft Defender for Office 365 raw data logs.  This workbook lets you look at trends in email senders, attachments and embedded URL data to find anomalies. You can also search by, sender, recipient, subject, attachment or embedded URL to find where the related messages have been sent.",
        "displayName": "Microsoft Defender For Office 365",
        "icon": "office365_logo.svg",
        "packageId": "MicrosoftDefenderForOffice365",
        "previewImages": [
          "MDOWhite1.png",
          "MDOWhite2.png"
        ],
        "previewImagesDark": [
          "MDOBlack1.png",
          "MDOBlack2.png"
        ],
        "source": {
          "kind": "Community",
          "name": "Standalone"
        },
        "support": {
          "name": "Community",
          "link": "https://github.com/Azure/Azure-Sentinel/issues",
          "tier": "Community"
        },
        "version": "1.0.1"
      },
      "name": "[concat(parameters('workspace'),'/Microsoft.SecurityInsights/', 'MicrosoftDefenderForOffice365')]"
    }
  ]
}