{
  "$schema": "https://schema.management.azure.com/schemas/2019-04-01/deploymentTemplate.json#",
  "contentVersion": "1.0.0.0",
  "parameters": {
    "location": {
      "type": "string",
      "minLength": 1,
      "defaultValue": "[resourceGroup().location]",
      "metadata": {
        "description": "Not used, but needed to pass arm-ttk test `Location-Should-Not-Be-Hardcoded`.  We instead use the `workspace-location` which is derived from the LA workspace"
      }
    },
    "workspace-location": {
      "type": "string",
      "defaultValue": "",
      "metadata": {
        "description": "[concat('Region to deploy solution resources -- separate from location selection',parameters('location'))]"
      }
    },
    "workspace": {
      "defaultValue": "",
      "type": "string",
      "metadata": {
        "description": "Workspace name for Log Analytics where Microsoft Sentinel is setup"
      }
    }
  },
  "variables": {},
  "resources": [
    {
      "type": "Microsoft.OperationalInsights/workspaces/providers/packages",
      "location": "[parameters('workspace-location')]",
      "apiVersion": "2022-08-01",
      "properties": {
        "packageKind": "Standalone",
        "packageItems": {
          "resources": [
            {
              "type": "Microsoft.OperationalInsights/workspaces/providers/contentTemplates",
              "name": "[concat(parameters('workspace'),'/Microsoft.SecurityInsights/', '1cdf6fe8-6232-48ba-bbd8-b9881c30e0e9')]",
              "location": "[parameters('workspace-location')]",
              "kind": "shared",
              "apiVersion": "2022-08-01",
              "properties": {
                "contentId": "1cdf6fe8-6232-48ba-bbd8-b9881c30e0e9",
                "displayName": "insider-threat-detection-queries (2)",
                "contentKind": "HuntingQuery",
                "mainTemplate": {
                  "$schema": "https://schema.management.azure.com/schemas/2019-04-01/deploymentTemplate.json#",
                  "contentVersion": "1.0.0",
                  "resources": [
                    {
                      "type": "Microsoft.OperationalInsights/savedSearches",
                      "apiVersion": "2020-08-01",
                      "name": "1cdf6fe8-6232-48ba-bbd8-b9881c30e0e9",
                      "location": "[parameters('workspace-location')]",
                      "properties": {
                        "eTag": "*",
                        "displayName": "insider-threat-detection-queries (2)",
                        "category": "Hunting Queries",
                        "query": "// --------------------------------------------------------------------------------------------------------------------------- //\n//\n//Use of Steganography Application\n//\n// Extend stegnames array with know steganography tools\n// We could also use the known hash for steganography tools and use those hashes in this table\nlet stegnames = pack_array (\"camouflage\",\"crypture\", \"hidensend\", \"openpuff\",\"picsel\",\"slienteye\",\"steg\",\"xiao\");\nlet ProcessQuery = view(){\nDeviceProcessEvents \n| where ProcessCommandLine has_any (stegnames)\n};\nlet FileQuery = view(){\nDeviceFileEvents\n| where FileName has_any (stegnames)\n};\nunion ProcessQuery, FileQuery\n| project Timestamp, DeviceName, InitiatingProcessAccountName, FileName, InitiatingProcessFileName, InitiatingProcessParentFileName, InitiatingProcessCommandLine\n",
                        "version": 2,
                        "tags": [
                          {
                            "name": "description",
                            "value": "Intent:\n- Use MTP capability to look for insider threat potential risk indicators\n- Indicators would then serve as the building block for insider threat risk modeling in subsequent tools\nDefinition of Insider Threat:\n\"The potential for an individual who has or had authorized access to an organization's assets to use their access, either maliciously or unintentionally, to act in a way that could negatively affect the organization.\"\nThis collection of queries describes the different indicators that could be used to model and look for patterns suggesting an increased risk of an individual becoming a potential insider threat.\nNote: no single indicator should be used as a lone determinant of insider threat activity, but should be part of an overall program to understand the increased risk to your organization's critical assets. This in turn is used to feed an investigation by a formal insider threat program to look at the context associated with the whole person to understand the implication of a set of indicators.\n"
                          },
                          {
                            "name": "tactics",
                            "value": "Initial access,Persistence,Exfiltration"
                          }
                        ]
                      }
                    },
                    {
                      "type": "Microsoft.OperationalInsights/workspaces/providers/metadata",
                      "apiVersion": "2021-03-01-preview",
                      "name": "[concat(parameters('workspace'),'/Microsoft.SecurityInsights/',concat('huntingQuery-', '1cdf6fe8-6232-48ba-bbd8-b9881c30e0e9'))]",
                      "properties": {
                        "description": "Intent:\n- Use MTP capability to look for insider threat potential risk indicators\n- Indicators would then serve as the building block for insider threat risk modeling in subsequent tools\nDefinition of Insider Threat:\n\"The potential for an individual who has or had authorized access to an organization's assets to use their access, either maliciously or unintentionally, to act in a way that could negatively affect the organization.\"\nThis collection of queries describes the different indicators that could be used to model and look for patterns suggesting an increased risk of an individual becoming a potential insider threat.\nNote: no single indicator should be used as a lone determinant of insider threat activity, but should be part of an overall program to understand the increased risk to your organization's critical assets. This in turn is used to feed an investigation by a formal insider threat program to look at the context associated with the whole person to understand the implication of a set of indicators.\n",
                        "version": "1.0.0",
                        "author": {
                          "name": "Community"
                        },
                        "support": {
                          "name": "Community",
                          "link": "https://github.com/Azure/Azure-Sentinel/issues",
                          "tier": "Community"
                        },
                        "source": {
                          "kind": "Community",
                          "name": "Standalone"
                        },
                        "threatAnalysisTactics": [
                          "InitialAccess",
                          "Persistence",
                          "Exfiltration"
                        ],
                        "contentId": "1cdf6fe8-6232-48ba-bbd8-b9881c30e0e9",
                        "parentId": "1cdf6fe8-6232-48ba-bbd8-b9881c30e0e9",
                        "kind": "HuntingQuery",
                        "dependencies": {
                          "operator": "AND",
                          "criteria": [
                            {
                              "contentId": "DeviceProcessEvents",
                              "kind": "DataType"
                            },
                            {
                              "contentId": "DeviceFileEvents",
                              "kind": "DataType"
                            }
                          ]
                        }
                      }
                    }
                  ]
                }
              }
            }
          ]
        },
        "author": {
          "name": "Community"
        },
        "dependencies": {
          "operator": "AND",
          "criteria": [
            {
              "contentId": "1cdf6fe8-6232-48ba-bbd8-b9881c30e0e9",
              "kind": "HuntingQuery"
            }
          ]
        },
        "description": "Intent:\n- Use MTP capability to look for insider threat potential risk indicators\n- Indicators would then serve as the building block for insider threat risk modeling in subsequent tools\nDefinition of Insider Threat:\n\"The potential for an individual who has or had authorized access to an organization's assets to use their access, either maliciously or unintentionally, to act in a way that could negatively affect the organization.\"\nThis collection of queries describes the different indicators that could be used to model and look for patterns suggesting an increased risk of an individual becoming a potential insider threat.\nNote: no single indicator should be used as a lone determinant of insider threat activity, but should be part of an overall program to understand the increased risk to your organization's critical assets. This in turn is used to feed an investigation by a formal insider threat program to look at the context associated with the whole person to understand the implication of a set of indicators.\n",
        "displayName": "insider-threat-detection-queries (2)",
        "packageId": "1cdf6fe8-6232-48ba-bbd8-b9881c30e0e9",
        "source": {
          "kind": "Community",
          "name": "Standalone"
        },
        "support": {
          "name": "Community",
          "link": "https://github.com/Azure/Azure-Sentinel/issues",
          "tier": "Community"
        },
        "threatAnalysisTactics": [
          "InitialAccess",
          "Persistence",
          "Exfiltration"
        ],
        "version": "1.0.0"
      },
      "name": "1cdf6fe8-6232-48ba-bbd8-b9881c30e0e9"
    }
  ]
}