{
  "$schema": "https://schema.management.azure.com/schemas/2019-04-01/deploymentTemplate.json#",
  "parameters": {
    "location": {
      "type": "string",
      "minLength": 1,
      "defaultValue": "[resourceGroup().location]",
      "metadata": {
        "description": "Not used, but needed to pass arm-ttk test `Location-Should-Not-Be-Hardcoded`.  We instead use the `workspace-location` which is derived from the LA workspace"
      }
    },
    "workspace-location": {
      "type": "string",
      "defaultValue": "",
      "metadata": {
        "description": "[concat('Region to deploy solution resources -- separate from location selection',parameters('location'))]"
      }
    },
    "workspace": {
      "defaultValue": "",
      "type": "string",
      "metadata": {
        "description": "Workspace name for Log Analytics where Microsoft Sentinel is setup"
      }
    }
  },
  "variables": {},
  "resources": [
    {
      "type": "Microsoft.OperationalInsights/workspaces/providers/packages",
      "location": "[parameters('workspace-location')]",
      "apiVersion": "2022-08-01",
      "properties": {
        "packageKind": "Standalone",
        "packageItems": {
          "resources": [
            {
              "type": "Microsoft.OperationalInsights/workspaces/providers/contentTemplates",
              "name": "[concat(parameters('workspace'),'/Microsoft.SecurityInsights/', '825991eb-ea39-4590-9de2-ee97ef42eb93')]",
              "location": "[parameters('workspace-location')]",
              "apiVersion": "2022-08-01",
              "properties": {
                "contentId": "825991eb-ea39-4590-9de2-ee97ef42eb93",
                "displayName": "ACTINIUM Actor IOCs - Feb 2022",
                "contentKind": "AnalyticsRule",
                "mainTemplate": {
                  "$schema": "https://schema.management.azure.com/schemas/2019-04-01/deploymentTemplate.json#",
                  "contentVersion": "1.0.1",
                  "resources": [
                    {
                      "type": "Microsoft.OperationalInsights/workspaces/providers/alertRules",
                      "apiVersion": "2022-04-01-preview",
                      "name": "[concat(parameters('workspace'),'/Microsoft.SecurityInsights/', '' )]",
                      "kind": "Scheduled",
                      "location": "[parameters('workspace-location')]",
                      "properties": {
                        "description": "Identifies a match across various data feeds for domains, hashes and commands related to an actor tracked by Microsoft as Actinium.",
                        "displayName": "ACTINIUM Actor IOCs - Feb 2022",
                        "enabled": false,
                        "query": "let iocs = externaldata(DateAdded:string,IoC:string,Type:string) [@\"https://raw.githubusercontent.com/Azure/Azure-Sentinel/master/Sample%20Data/Feeds/ActiniumIOC.csv\"] with (format=\"csv\", ignoreFirstRecord=True);\nlet domains = (iocs | where Type =~ \"domainname\"| project IoC);\nlet sha256Hashes = (iocs | where Type =~ \"sha256\" | project IoC);\n(union isfuzzy=true\n(DeviceProcessEvents\n| where InitiatingProcessSHA256 in (sha256Hashes) or SHA256 in (sha256Hashes) or  (ProcessCommandLine has ('schtasks.exe /CREATE /sc minute /mo 12 /tn')  and ProcessCommandLine has ('/tr \"wscript.exe') and ProcessCommandLine has ('\"%PUBLIC%\\\\Pictures\\\\') and ProcessCommandLine has ('//e:VBScript //b\" /F')) or (ProcessCommandLine has ('wscript.exe C:\\\\Users\\\\') and ProcessCommandLine has ('.wav') and  ProcessCommandLine has ('//e:VBScript //b') \nor (ProcessCommandLine has_all (\"schtasks.exe\", \"create\", \"wscript\", \"e:vbscript\", \".wav\")))\n| project TimeGenerated, ActionType, DeviceId, DeviceName, ProcessCommandLine, InitiatingProcessAccountName, InitiatingProcessCommandLine, FolderPath, InitiatingProcessFolderPath, ProcessId, InitiatingProcessId, InitiatingProcessParentFileName, InitiatingProcessFileName,  InitiatingProcessSHA256, Type, AccountName, SHA256, FileName\n| extend Account = AccountName, Computer = DeviceName,  FileHash = case(InitiatingProcessSHA256 in (sha256Hashes), \"InitiatingProcessSHA256\", SHA256 in (sha256Hashes), \"SHA256\", \"No Match\")\n| extend timestamp = TimeGenerated, HostCustomEntity = Computer , AccountCustomEntity = Account, ProcessCustomEntity = FileName, FileHashCustomEntity = case(FileHash == \"InitiatingProcessSHA256\", InitiatingProcessSHA256, FileHash == \"SHA256\", SHA256, \"No Match\")\n),\n( SecurityEvent\n| where EventID == 4688\n| where (CommandLine has ('schtasks.exe /CREATE /sc minute /mo 12 /tn')  and CommandLine has ('/tr \"wscript.exe') and CommandLine has ('\"%PUBLIC%\\\\Pictures\\\\') and CommandLine has ('//e:VBScript //b\" /F')) or (CommandLine has ('wscript.exe C:\\\\Users\\\\') and CommandLine has ('.wav') and  CommandLine has ('//e:VBScript //b'))\n| project TimeGenerated, Computer, NewProcessName, ParentProcessName, Account, NewProcessId, Type, EventID\n| extend timestamp = TimeGenerated, HostCustomEntity = Computer , AccountCustomEntity = Account, ProcessCustomEntity = NewProcessName\n),\n( CommonSecurityLog\n| where FileHash in (sha256Hashes)\n| project TimeGenerated, Message, SourceUserID, FileHash, Type\n| extend timestamp = TimeGenerated, FileHashCustomEntity = 'SHA256', Account = SourceUserID\n),\n( imFileEvent\n| where Hash in~ (sha256Hashes) or  (ActingProcessCommandLine  has ('schtasks.exe /CREATE /sc minute /mo 12 /tn')  and ActingProcessCommandLine  has ('/tr \"wscript.exe') and ActingProcessCommandLine  has ('\"%PUBLIC%\\\\Pictures\\\\') and ActingProcessCommandLine  has ('//e:VBScript //b\" /F')) or (ActingProcessCommandLine  has ('wscript.exe C:\\\\Users\\\\') and ActingProcessCommandLine  has ('.wav') and  ActingProcessCommandLine  has ('//e:VBScript //b') \n or (ActingProcessCommandLine has_all (\"schtasks.exe\", \"create\", \"wscript\", \"e:vbscript\", \".wav\")))\n| extend Account = ActorUsername, Computer = DvcHostname, IPAddress = SrcIpAddr, CommandLine = ActingProcessCommandLine, FileHash = Hash\n| project Type, TimeGenerated, Computer, Account, IPAddress, CommandLine, FileHash\n| extend timestamp = TimeGenerated, AccountCustomEntity = Account, HostCustomEntity = Computer\n),\n(Event\n| where Source == \"Microsoft-Windows-Sysmon\"\n| where EventID == 1\n| extend EvData = parse_xml(EventData)\n| extend EventDetail = EvData.DataItem.EventData.Data\n| extend Image = EventDetail.[4].[\"#text\"],  CommandLine = EventDetail.[10].[\"#text\"], Hashes = tostring(EventDetail.[17].[\"#text\"])\n| extend Hashes = extract_all(@\"(?P<key>\\w+)=(?P<value>[a-zA-Z0-9]+)\", dynamic([\"key\",\"value\"]), Hashes)\n| extend Hashes = column_ifexists(\"Hashes\", \"\"), CommandLine = column_ifexists(\"CommandLine\", \"\")\n| where (Hashes has_any (sha256Hashes) ) or (CommandLine has ('schtasks.exe /CREATE /sc minute /mo 12 /tn')  and CommandLine has ('/tr \"wscript.exe') and CommandLine has ('\"%PUBLIC%\\\\Pictures\\\\') and CommandLine has ('//e:VBScript //b\" /F')) or (CommandLine has ('wscript.exe C:\\\\Users\\\\') and CommandLine has ('.wav') and  CommandLine has ('//e:VBScript //b') or (CommandLine has_all (\"schtasks.exe\", \"create\", \"wscript\", \"e:vbscript\", \".wav\")))\n| project TimeGenerated, EventDetail, UserName, Computer, Type, Source, Hashes, CommandLine, Image\n| extend Type = strcat(Type, \": \", Source)\n| extend timestamp = TimeGenerated, HostCustomEntity = Computer , AccountCustomEntity = UserName, ProcessCustomEntity = tostring(split(Image, '\\\\', -1)[-1]), FileHashCustomEntity = Hashes\n),\n(DnsEvents\n| where Name in~ (domains)  \n| project TimeGenerated, Computer, IPAddresses, Name, ClientIP, Type\n| extend DestinationIPAddress = IPAddresses, DNSName = Name, Computer \n| extend timestamp = TimeGenerated, IPCustomEntity = DestinationIPAddress\n),\n(VMConnection\n| where RemoteDnsCanonicalNames has_any (domains)\n| parse RemoteDnsCanonicalNames with * '[\"' DNSName '\"]' *\n| project TimeGenerated, Computer, Direction, ProcessName, SourceIp, DestinationIp, DestinationPort, RemoteDnsQuestions, DNSName,BytesSent, BytesReceived, RemoteCountry, Type\n| extend timestamp = TimeGenerated, IPCustomEntity = DestinationIp, File = ProcessName\n),\n(AzureDiagnostics \n| where ResourceType == \"AZUREFIREWALLS\"\n| where Category == \"AzureFirewallApplicationRule\"\n| project TimeGenerated,Resource, msg_s, Type\n| parse msg_s with Protocol 'request from ' SourceHost ':' SourcePort 'to ' DestinationHost ':' DestinationPort '. Action:' Action\n| where isnotempty(DestinationHost)\n| where DestinationHost has_any (domains)  \n| extend timestamp = TimeGenerated, DNSName = DestinationHost, IPCustomEntity = SourceHost\n),\n(DeviceNetworkEvents \n| where isnotempty(RemoteUrl) \n| where RemoteUrl  in~ (domains)  \n| project Type, TimeGenerated, DeviceName, RemoteIP, RemoteUrl, InitiatingProcessAccountName\n| extend timestamp = TimeGenerated, HostCustomEntity = DeviceName , AccountCustomEntity = InitiatingProcessAccountName, DNSName = RemoteUrl, IPCustomEntity = RemoteIP\n)\n)\n",
                        "queryFrequency": "PT6H",
                        "queryPeriod": "PT6H",
                        "severity": "High",
                        "suppressionDuration": "PT1H",
                        "suppressionEnabled": false,
                        "triggerOperator": "GreaterThan",
                        "triggerThreshold": 0,
                        "tactics": [
                          "Persistence"
                        ],
                        "entityMappings": [
                          {
                            "entityType": "Account",
                            "fieldMappings": [
                              {
                                "columnName": "AccountCustomEntity",
                                "identifier": "FullName"
                              }
                            ]
                          },
                          {
                            "entityType": "Host",
                            "fieldMappings": [
                              {
                                "columnName": "HostCustomEntity",
                                "identifier": "FullName"
                              }
                            ]
                          },
                          {
                            "entityType": "IP",
                            "fieldMappings": [
                              {
                                "columnName": "IPCustomEntity",
                                "identifier": "Address"
                              }
                            ]
                          },
                          {
                            "entityType": "FileHash",
                            "fieldMappings": [
                              {
                                "columnName": "FileHashType",
                                "identifier": "Algorithm"
                              },
                              {
                                "columnName": "FileHashCustomEntity",
                                "identifier": "Value"
                              }
                            ]
                          },
                          {
                            "entityType": "Process",
                            "fieldMappings": [
                              {
                                "columnName": "ProcessCustomEntity",
                                "identifier": "ProcessId"
                              }
                            ]
                          }
                        ]
                      }
                    },
                    {
                      "type": "Microsoft.OperationalInsights/workspaces/providers/metadata",
                      "apiVersion": "2021-03-01-preview",
                      "name": "[concat(parameters('workspace'),'/Microsoft.SecurityInsights/', '')]",
                      "properties": {
                        "description": "'Identifies a match across various data feeds for domains, hashes and commands related to an actor tracked by Microsoft as Actinium.'\n",
                        "version": "1.0.1",
                        "source": {
                          "kind": "Community"
                        },
                        "threatAnalysisTactics": [
                          "Persistence"
                        ],
                        "threatAnalyticsTechniques": [
                          "T1137"
                        ],
                        "contentId": "825991eb-ea39-4590-9de2-ee97ef42eb93",
                        "parentId": "825991eb-ea39-4590-9de2-ee97ef42eb93",
                        "kind": "AnalyticsRule",
                        "dependencies": {
                          "operator": "AND",
                          "criteria": [
                            {
                              "contentId": "DnsEvents",
                              "kind": "DataType"
                            },
                            {
                              "contentId": "VMConnection",
                              "kind": "DataType"
                            },
                            {
                              "contentId": "CommonSecurityLog",
                              "kind": "DataType"
                            },
                            {
                              "contentId": "CommonSecurityLog",
                              "kind": "DataType"
                            },
                            {
                              "contentId": "CommonSecurityLog",
                              "kind": "DataType"
                            },
                            {
                              "contentId": "CommonSecurityLog",
                              "kind": "DataType"
                            },
                            {
                              "contentId": "CommonSecurityLog",
                              "kind": "DataType"
                            },
                            {
                              "contentId": "CommonSecurityLog",
                              "kind": "DataType"
                            },
                            {
                              "contentId": "DeviceNetworkEvents",
                              "kind": "DataType"
                            },
                            {
                              "contentId": "DeviceProcessEvents",
                              "kind": "DataType"
                            },
                            {
                              "contentId": "SecurityEvent",
                              "kind": "DataType"
                            },
                            {
                              "contentId": "AzureDiagnostics",
                              "kind": "DataType"
                            }
                          ]
                        }
                      }
                    }
                  ]
                }
              }
            }
          ]
        },
        "dependencies": {
          "operator": "AND",
          "criteria": [
            {
              "contentId": "825991eb-ea39-4590-9de2-ee97ef42eb93",
              "kind": "AnalyticsRule"
            }
          ]
        },
        "description": "'Identifies a match across various data feeds for domains, hashes and commands related to an actor tracked by Microsoft as Actinium.'\n",
        "displayName": "ACTINIUM Actor IOCs - Feb 2022",
        "packageId": "825991eb-ea39-4590-9de2-ee97ef42eb93",
        "source": {
          "kind": "Community"
        },
        "threatAnalysisTactics": [
          "Persistence"
        ],
        "threatAnalyticsTechniques": [
          "T1137"
        ],
        "version": "1.0.1"
      },
      "name": "[concat(parameters('workspace'),'/Microsoft.SecurityInsights/', '825991eb-ea39-4590-9de2-ee97ef42eb93')]"
    }
  ]
}