{
  "$schema": "https://schema.management.azure.com/schemas/2019-04-01/deploymentTemplate.json#",
  "parameters": {
    "location": {
      "type": "string",
      "minLength": 1,
      "defaultValue": "[resourceGroup().location]",
      "metadata": {
        "description": "Not used, but needed to pass arm-ttk test `Location-Should-Not-Be-Hardcoded`.  We instead use the `workspace-location` which is derived from the LA workspace"
      }
    },
    "workspace-location": {
      "type": "string",
      "defaultValue": "",
      "metadata": {
        "description": "[concat('Region to deploy solution resources -- separate from location selection',parameters('location'))]"
      }
    },
    "workspace": {
      "defaultValue": "",
      "type": "string",
      "metadata": {
        "description": "Workspace name for Log Analytics where Microsoft Sentinel is setup"
      }
    }
  },
  "variables": {},
  "resources": [
    {
      "type": "Microsoft.OperationalInsights/workspaces/providers/packages",
      "location": "[parameters('workspace-location')]",
      "apiVersion": "2022-08-01",
      "properties": {
        "packageKind": "Standalone",
        "packageItems": {
          "resources": [
            {
              "type": "Microsoft.OperationalInsights/workspaces/providers/contentTemplates",
              "name": "[concat(parameters('workspace'),'/Microsoft.SecurityInsights/', '1f60df62-6551-48f6-8e65-64f61ff43def')]",
              "location": "[parameters('workspace-location')]",
              "kind": "shared",
              "apiVersion": "2022-08-01",
              "properties": {
                "contentId": "1f60df62-6551-48f6-8e65-64f61ff43def",
                "displayName": "locate-surfbuyer-downloader-decoding-activity",
                "contentKind": "HuntingQuery",
                "mainTemplate": {
                  "$schema": "https://schema.management.azure.com/schemas/2019-04-01/deploymentTemplate.json#",
                  "contentVersion": "1.0.0",
                  "resources": [
                    {
                      "type": "Microsoft.OperationalInsights/savedSearches",
                      "apiVersion": "2020-08-01",
                      "name": "1f60df62-6551-48f6-8e65-64f61ff43def",
                      "location": "[parameters('workspace-location')]",
                      "properties": {
                        "eTag": "*",
                        "displayName": "locate-surfbuyer-downloader-decoding-activity",
                        "category": "Hunting Queries",
                        "query": "// Find SurfBuyer command to decode a file and save it into a /tmp folder using a certain file name\nDeviceProcessEvents\n// Check for activity over the past 7 days\n| where Timestamp > ago(7d)\n| where ProcessCommandLine has \"base64\" and ProcessCommandLine has \"/tmp/e_\"\n",
                        "version": 2,
                        "tags": [
                          {
                            "name": "description",
                            "value": "This query was originally published in the threat analytics report, OSX/SurfBuyer adware campaign.\nIt will return results if a shell script has furtively attempted to decode and save a file to a /tmp folder.\nIf discovered on your system, this kind of activity might be associated with SurfBuyer, which is adware that installs a browser extension to take control of several major web browsers, including Safari, Google Chrome, and Firefox.\n"
                          },
                          {
                            "name": "tactics",
                            "value": "Execution"
                          }
                        ]
                      }
                    },
                    {
                      "type": "Microsoft.OperationalInsights/workspaces/providers/metadata",
                      "apiVersion": "2021-03-01-preview",
                      "name": "[concat(parameters('workspace'),'/Microsoft.SecurityInsights/',concat('huntingQuery-', '1f60df62-6551-48f6-8e65-64f61ff43def'))]",
                      "properties": {
                        "description": "This query was originally published in the threat analytics report, OSX/SurfBuyer adware campaign.\nIt will return results if a shell script has furtively attempted to decode and save a file to a /tmp folder.\nIf discovered on your system, this kind of activity might be associated with SurfBuyer, which is adware that installs a browser extension to take control of several major web browsers, including Safari, Google Chrome, and Firefox.\n",
                        "contentId": "1f60df62-6551-48f6-8e65-64f61ff43def",
                        "version": "1.0.0",
                        "source": {
                          "kind": "Community"
                        },
                        "threatAnalysisTactics": [
                          "Execution"
                        ],
                        "parentId": "1f60df62-6551-48f6-8e65-64f61ff43def",
                        "kind": "HuntingQuery",
                        "dependencies": {
                          "operator": "AND",
                          "criteria": [
                            {
                              "contentId": "DeviceProcessEvents",
                              "kind": "DataType"
                            }
                          ]
                        }
                      }
                    }
                  ]
                }
              }
            }
          ]
        },
        "contentId": "1f60df62-6551-48f6-8e65-64f61ff43def",
        "dependencies": {
          "operator": "AND",
          "criteria": [
            {
              "contentId": "1f60df62-6551-48f6-8e65-64f61ff43def",
              "kind": "HuntingQuery"
            }
          ]
        },
        "description": "This query was originally published in the threat analytics report, OSX/SurfBuyer adware campaign.\nIt will return results if a shell script has furtively attempted to decode and save a file to a /tmp folder.\nIf discovered on your system, this kind of activity might be associated with SurfBuyer, which is adware that installs a browser extension to take control of several major web browsers, including Safari, Google Chrome, and Firefox.\n",
        "displayName": "locate-surfbuyer-downloader-decoding-activity",
        "source": {
          "kind": "Community"
        },
        "threatAnalysisTactics": [
          "Execution"
        ],
        "version": "1.0.0"
      },
      "name": "[concat(parameters('workspace'),'/Microsoft.SecurityInsights/', '1f60df62-6551-48f6-8e65-64f61ff43def')]"
    }
  ]
}