{
  "$schema": "https://schema.management.azure.com/schemas/2019-04-01/deploymentTemplate.json#",
  "contentVersion": "1.0.0.0",
  "parameters": {
    "location": {
      "type": "string",
      "minLength": 1,
      "defaultValue": "[resourceGroup().location]",
      "metadata": {
        "description": "Not used, but needed to pass arm-ttk test `Location-Should-Not-Be-Hardcoded`.  We instead use the `workspace-location` which is derived from the LA workspace"
      }
    },
    "workspace-location": {
      "type": "string",
      "defaultValue": "",
      "metadata": {
        "description": "[concat('Region to deploy solution resources -- separate from location selection',parameters('location'))]"
      }
    },
    "workspace": {
      "defaultValue": "",
      "type": "string",
      "metadata": {
        "description": "Workspace name for Log Analytics where Microsoft Sentinel is setup"
      }
    }
  },
  "variables": {},
  "resources": [
    {
      "type": "Microsoft.OperationalInsights/workspaces/providers/packages",
      "location": "[parameters('workspace-location')]",
      "apiVersion": "2022-08-01",
      "properties": {
        "packageKind": "Standalone",
        "packageItems": {
          "resources": [
            {
              "type": "Microsoft.OperationalInsights/workspaces/providers/contentTemplates",
              "name": "[concat(parameters('workspace'),'/Microsoft.SecurityInsights/', '3fe3c520-04f1-44b8-8398-782ed21435f8')]",
              "location": "[parameters('workspace-location')]",
              "apiVersion": "2022-08-01",
              "properties": {
                "contentId": "3fe3c520-04f1-44b8-8398-782ed21435f8",
                "displayName": "DNS events related to ToR proxies  (ASIM DNS Schema)",
                "contentKind": "AnalyticsRule",
                "mainTemplate": {
                  "$schema": "https://schema.management.azure.com/schemas/2019-04-01/deploymentTemplate.json#",
                  "contentVersion": "1.3.1",
                  "resources": [
                    {
                      "type": "Microsoft.OperationalInsights/workspaces/providers/alertRules",
                      "apiVersion": "2022-04-01-preview",
                      "name": "3fe3c520-04f1-44b8-8398-782ed21435f8",
                      "kind": "Scheduled",
                      "location": "[parameters('workspace-location')]",
                      "properties": {
                        "description": "Identifies IP addresses performing DNS lookups associated with common ToR proxies.\nThis analytic rule uses [ASIM](https://aka.ms/AboutASIM) and supports any built-in or custom source that supports the ASIM DNS schema",
                        "displayName": "DNS events related to ToR proxies  (ASIM DNS Schema)",
                        "enabled": false,
                        "query": "let torProxies=dynamic([\"tor2web.org\", \"tor2web.com\", \"torlink.co\", \"onion.to\", \"onion.ink\", \"onion.cab\", \"onion.nu\", \"onion.link\", \n\"onion.it\", \"onion.city\", \"onion.direct\", \"onion.top\", \"onion.casa\", \"onion.plus\", \"onion.rip\", \"onion.dog\", \"tor2web.fi\", \n\"tor2web.blutmagie.de\", \"onion.sh\", \"onion.lu\", \"onion.pet\", \"t2w.pw\", \"tor2web.ae.org\", \"tor2web.io\", \"tor2web.xyz\", \"onion.lt\", \n\"s1.tor-gateways.de\", \"s2.tor-gateways.de\", \"s3.tor-gateways.de\", \"s4.tor-gateways.de\", \"s5.tor-gateways.de\", \"hiddenservice.net\"]);\n_Im_Dns(domain_has_any=torProxies)\n| extend timestamp = TimeGenerated, IPCustomEntity = SrcIpAddr, HostCustomEntity = Dvc\n",
                        "queryFrequency": "P1D",
                        "queryPeriod": "P1D",
                        "severity": "Low",
                        "suppressionDuration": "PT1H",
                        "suppressionEnabled": false,
                        "triggerOperator": "GreaterThan",
                        "triggerThreshold": 0,
                        "tactics": [
                          "Exfiltration"
                        ],
                        "techniques": [
                          "T1048"
                        ],
                        "entityMappings": [
                          {
                            "entityType": "Host",
                            "fieldMappings": [
                              {
                                "columnName": "HostCustomEntity",
                                "identifier": "FullName"
                              }
                            ]
                          },
                          {
                            "entityType": "IP",
                            "fieldMappings": [
                              {
                                "columnName": "IPCustomEntity",
                                "identifier": "Address"
                              }
                            ]
                          }
                        ]
                      }
                    },
                    {
                      "type": "Microsoft.OperationalInsights/workspaces/providers/metadata",
                      "apiVersion": "2021-03-01-preview",
                      "properties": {
                        "description": "'Identifies IP addresses performing DNS lookups associated with common ToR proxies.\nThis analytic rule uses [ASIM](https://aka.ms/AboutASIM) and supports any built-in or custom source that supports the ASIM DNS schema'\n",
                        "version": "1.3.1",
                        "author": {
                          "name": "Community"
                        },
                        "support": {
                          "name": "Community",
                          "link": "https://github.com/Azure/Azure-Sentinel/issues",
                          "tier": "Community"
                        },
                        "source": {
                          "kind": "Community",
                          "name": "Standalone"
                        },
                        "threatAnalysisTactics": [
                          "Exfiltration"
                        ],
                        "threatAnalyticsTechniques": [
                          "T1048"
                        ],
                        "contentId": "3fe3c520-04f1-44b8-8398-782ed21435f8",
                        "parentId": "3fe3c520-04f1-44b8-8398-782ed21435f8",
                        "kind": "AnalyticsRule",
                        "dependencies": {
                          "operator": "AND",
                          "criteria": [
                            {
                              "contentId": "DnsEvents",
                              "kind": "DataType"
                            },
                            {
                              "contentId": "AzureDiagnostics",
                              "kind": "DataType"
                            },
                            {
                              "contentId": "CommonSecurityLog",
                              "kind": "DataType"
                            },
                            {
                              "contentId": "Syslog",
                              "kind": "DataType"
                            },
                            {
                              "contentId": "GCP_DNS_CL",
                              "kind": "DataType"
                            },
                            {
                              "contentId": "NXLog_DNS_Server_CL",
                              "kind": "DataType"
                            },
                            {
                              "contentId": "Cisco_Umbrella_dns_CL",
                              "kind": "DataType"
                            },
                            {
                              "contentId": "Corelight_CL",
                              "kind": "DataType"
                            }
                          ]
                        }
                      }
                    }
                  ]
                }
              }
            }
          ]
        },
        "author": {
          "name": "Community"
        },
        "dependencies": {
          "operator": "AND",
          "criteria": [
            {
              "contentId": "3fe3c520-04f1-44b8-8398-782ed21435f8",
              "kind": "AnalyticsRule"
            }
          ]
        },
        "description": "'Identifies IP addresses performing DNS lookups associated with common ToR proxies.\nThis analytic rule uses [ASIM](https://aka.ms/AboutASIM) and supports any built-in or custom source that supports the ASIM DNS schema'\n",
        "displayName": "DNS events related to ToR proxies  (ASIM DNS Schema)",
        "packageId": "3fe3c520-04f1-44b8-8398-782ed21435f8",
        "source": {
          "kind": "Community",
          "name": "Standalone"
        },
        "support": {
          "name": "Community",
          "link": "https://github.com/Azure/Azure-Sentinel/issues",
          "tier": "Community"
        },
        "threatAnalysisTactics": [
          "Exfiltration"
        ],
        "threatAnalyticsTechniques": [
          "T1048"
        ],
        "version": "1.3.1"
      },
      "name": "[concat(parameters('workspace'),'/Microsoft.SecurityInsights/', '3fe3c520-04f1-44b8-8398-782ed21435f8')]"
    }
  ]
}