{
  "$schema": "https://schema.management.azure.com/schemas/2019-04-01/deploymentTemplate.json#",
  "contentVersion": "1.0.0.0",
  "parameters": {
    "location": {
      "type": "string",
      "minLength": 1,
      "defaultValue": "[resourceGroup().location]",
      "metadata": {
        "description": "Not used, but needed to pass arm-ttk test `Location-Should-Not-Be-Hardcoded`.  We instead use the `workspace-location` which is derived from the LA workspace"
      }
    },
    "workspace-location": {
      "type": "string",
      "defaultValue": "",
      "metadata": {
        "description": "[concat('Region to deploy solution resources -- separate from location selection',parameters('location'))]"
      }
    },
    "workspace": {
      "defaultValue": "",
      "type": "string",
      "metadata": {
        "description": "Workspace name for Log Analytics where Microsoft Sentinel is setup"
      }
    }
  },
  "variables": {},
  "resources": [
    {
      "type": "Microsoft.OperationalInsights/workspaces/providers/packages",
      "location": "[parameters('workspace-location')]",
      "apiVersion": "2022-08-01",
      "properties": {
        "packageKind": "Standalone",
        "packageItems": {
          "resources": [
            {
              "type": "Microsoft.OperationalInsights/workspaces/providers/contentTemplates",
              "name": "[concat(parameters('workspace'),'/Microsoft.SecurityInsights/', '17201aa8-0916-4078-a020-7ea3a9262889')]",
              "location": "[parameters('workspace-location')]",
              "kind": "shared",
              "apiVersion": "2022-08-01",
              "properties": {
                "contentId": "17201aa8-0916-4078-a020-7ea3a9262889",
                "displayName": "Microsoft Sentinel Connectors Administrative Operations",
                "contentKind": "HuntingQuery",
                "mainTemplate": {
                  "$schema": "https://schema.management.azure.com/schemas/2019-04-01/deploymentTemplate.json#",
                  "contentVersion": "1.0.0",
                  "resources": [
                    {
                      "type": "Microsoft.OperationalInsights/savedSearches",
                      "apiVersion": "2020-08-01",
                      "name": "17201aa8-0916-4078-a020-7ea3a9262889",
                      "location": "[parameters('workspace-location')]",
                      "properties": {
                        "eTag": "*",
                        "displayName": "Microsoft Sentinel Connectors Administrative Operations",
                        "category": "Hunting Queries",
                        "query": "\nlet opValues = dynamic([\"Microsoft.SecurityInsights/dataConnectors/write\", \"Microsoft.SecurityInsights/dataConnectors/delete\"]);\n// Microsoft Sentinel Data Connectors Update / Delete\nAzureActivity\n| where OperationNameValue in (opValues)\n| where ActivitySubstatusValue in (\"Created\", \"OK\")\n| sort by TimeGenerated desc\n| extend timestamp = TimeGenerated, AccountCustomEntity = Caller, IPCustomEntity = CallerIpAddress\n",
                        "version": 2,
                        "tags": [
                          {
                            "name": "description",
                            "value": "'Identifies set of Microsoft Sentinel Data Connectors administrative operational detection queries for hunting activites'\n"
                          },
                          {
                            "name": "techniques",
                            "value": ""
                          },
                          {
                            "name": "tactics",
                            "value": "Impact"
                          }
                        ]
                      }
                    },
                    {
                      "type": "Microsoft.OperationalInsights/workspaces/providers/metadata",
                      "apiVersion": "2021-03-01-preview",
                      "name": "[concat(parameters('workspace'),'/Microsoft.SecurityInsights/',concat('huntingQuery-', '17201aa8-0916-4078-a020-7ea3a9262889'))]",
                      "properties": {
                        "description": "'Identifies set of Microsoft Sentinel Data Connectors administrative operational detection queries for hunting activites'\n",
                        "version": "1.0.0",
                        "author": {
                          "name": "Community"
                        },
                        "support": {
                          "name": "Community",
                          "link": "https://github.com/Azure/Azure-Sentinel/issues",
                          "tier": "Community"
                        },
                        "source": {
                          "kind": "Community",
                          "name": "Standalone"
                        },
                        "threatAnalysisTactics": [
                          "Impact"
                        ],
                        "threatAnalyticsTechniques": [
                          "T1496"
                        ],
                        "contentId": "17201aa8-0916-4078-a020-7ea3a9262889",
                        "parentId": "17201aa8-0916-4078-a020-7ea3a9262889",
                        "kind": "HuntingQuery",
                        "dependencies": {
                          "operator": "AND",
                          "criteria": [
                            {
                              "contentId": "AzureActivity",
                              "kind": "DataType"
                            }
                          ]
                        }
                      }
                    }
                  ]
                }
              }
            }
          ]
        },
        "author": {
          "name": "Community"
        },
        "dependencies": {
          "operator": "AND",
          "criteria": [
            {
              "contentId": "17201aa8-0916-4078-a020-7ea3a9262889",
              "kind": "HuntingQuery"
            }
          ]
        },
        "description": "'Identifies set of Microsoft Sentinel Data Connectors administrative operational detection queries for hunting activites'\n",
        "displayName": "Microsoft Sentinel Connectors Administrative Operations",
        "packageId": "17201aa8-0916-4078-a020-7ea3a9262889",
        "source": {
          "kind": "Community",
          "name": "Standalone"
        },
        "support": {
          "name": "Community",
          "link": "https://github.com/Azure/Azure-Sentinel/issues",
          "tier": "Community"
        },
        "threatAnalysisTactics": [
          "Impact"
        ],
        "threatAnalyticsTechniques": [
          "T1496"
        ],
        "version": "1.0.0"
      },
      "name": "17201aa8-0916-4078-a020-7ea3a9262889"
    }
  ]
}