{
  "$schema": "https://schema.management.azure.com/schemas/2019-04-01/deploymentTemplate.json#",
  "parameters": {
    "location": {
      "type": "string",
      "minLength": 1,
      "defaultValue": "[resourceGroup().location]",
      "metadata": {
        "description": "Not used, but needed to pass arm-ttk test `Location-Should-Not-Be-Hardcoded`.  We instead use the `workspace-location` which is derived from the LA workspace"
      }
    },
    "workspace-location": {
      "type": "string",
      "defaultValue": "",
      "metadata": {
        "description": "[concat('Region to deploy solution resources -- separate from location selection',parameters('location'))]"
      }
    },
    "workspace": {
      "defaultValue": "",
      "type": "string",
      "metadata": {
        "description": "Workspace name for Log Analytics where Microsoft Sentinel is setup"
      }
    }
  },
  "variables": {},
  "resources": [
    {
      "type": "Microsoft.OperationalInsights/workspaces/providers/packages",
      "location": "[parameters('workspace-location')]",
      "apiVersion": "2022-08-01",
      "properties": {
        "packageKind": "Standalone",
        "packageItems": {
          "resources": [
            {
              "type": "Microsoft.OperationalInsights/workspaces/providers/contentTemplates",
              "name": "[concat(parameters('workspace'),'/Microsoft.SecurityInsights/', '7efc75ce-e2a4-400f-a8b1-283d3b0f2c60')]",
              "location": "[parameters('workspace-location')]",
              "apiVersion": "2022-08-01",
              "properties": {
                "contentId": "7efc75ce-e2a4-400f-a8b1-283d3b0f2c60",
                "displayName": "Account added and removed from privileged groups",
                "contentKind": "AnalyticsRule",
                "mainTemplate": {
                  "$schema": "https://schema.management.azure.com/schemas/2019-04-01/deploymentTemplate.json#",
                  "contentVersion": "1.1.1",
                  "resources": [
                    {
                      "type": "Microsoft.OperationalInsights/workspaces/providers/alertRules",
                      "apiVersion": "2022-04-01-preview",
                      "name": "[concat(parameters('workspace'),'/Microsoft.SecurityInsights/', '' )]",
                      "kind": "Scheduled",
                      "location": "[parameters('workspace-location')]",
                      "properties": {
                        "description": "Identifies accounts that are added to privileged group and then quickly removed, which could be a sign of compromise.",
                        "displayName": "Account added and removed from privileged groups",
                        "enabled": false,
                        "query": "\nlet WellKnownLocalSID = \"S-1-5-32-5[0-9][0-9]$\";\nlet WellKnownGroupSID = \"S-1-5-21-[0-9]*-[0-9]*-[0-9]*-5[0-9][0-9]$|S-1-5-21-[0-9]*-[0-9]*-[0-9]*-1102$|S-1-5-21-[0-9]*-[0-9]*-[0-9]*-1103$|S-1-5-21-[0-9]*-[0-9]*-[0-9]*-498$|S-1-5-21-[0-9]*-[0-9]*-[0-9]*-1000$\";\nlet AC_Add = \n(union isfuzzy=true \n(SecurityEvent\n// Event ID related to member addition.\n| where EventID in (4728, 4732,4756) \n| where TargetSid matches regex WellKnownLocalSID or TargetSid matches regex WellKnownGroupSID  \n| parse EventData with * '\"MemberName\">' * '=' AccountAdded \",OU\" *\n| where isnotempty(AccountAdded)\n| extend GroupAddedTo = TargetUserName, AddingAccount = Account \n| extend  AccountAdded_GroupAddedTo_AddingAccount = strcat(AccountAdded, \"||\", GroupAddedTo, \"||\", AddingAccount )\n| project AccountAdded_GroupAddedTo_AddingAccount, AccountAddedTime = TimeGenerated\n),\n(WindowsEvent\n// Event ID related to member addition.\n| where EventID in (4728, 4732,4756) \n| extend TargetSid = tostring(EventData.TargetSid)\n| where TargetSid matches regex WellKnownLocalSID or TargetSid matches regex WellKnownGroupSID  \n| parse EventData.MemberName with * '\"MemberName\">' * '=' AccountAdded \",OU\" *\n| where isnotempty(AccountAdded)\n| extend TargetUserName = tostring(EventData.TargetUserName)\n| extend AddingAccount =  strcat(tostring(EventData.SubjectDomainName),\"\\\\\", tostring(EventData.SubjectUserName))\n| extend GroupAddedTo = TargetUserName\n| extend  AccountAdded_GroupAddedTo_AddingAccount = strcat(AccountAdded, \"||\", GroupAddedTo, \"||\", AddingAccount )\n| project AccountAdded_GroupAddedTo_AddingAccount, AccountAddedTime = TimeGenerated\n)\n);\nlet AC_Remove = \n( union isfuzzy=true \n(SecurityEvent\n// Event IDs related to member removal.\n| where EventID in (4729,4733,4757)\n| where TargetSid matches regex WellKnownLocalSID or TargetSid matches regex WellKnownGroupSID \n| parse EventData with * '\"MemberName\">' * '=' AccountRemoved \",OU\" * \n| where isnotempty(AccountRemoved)\n| extend GroupRemovedFrom = TargetUserName, RemovingAccount = Account\n| extend AccountRemoved_GroupRemovedFrom_RemovingAccount = strcat(AccountRemoved, \"||\", GroupRemovedFrom, \"||\", RemovingAccount)\n| project AccountRemoved_GroupRemovedFrom_RemovingAccount, AccountRemovedTime = TimeGenerated, Computer, RemovedAccountId = tolower(AccountRemoved), \nRemovedByUser = SubjectUserName, RemovedByUserLogonId = SubjectLogonId,  GroupRemovedFrom = TargetUserName, TargetDomainName\n),\n(WindowsEvent\n// Event IDs related to member removal.\n| where EventID in (4729,4733,4757)\n| extend TargetSid = tostring(EventData.TargetSid)\n| where TargetSid matches regex WellKnownLocalSID or TargetSid matches regex WellKnownGroupSID \n| parse EventData.MemberName with * '\"MemberName\">' * '=' AccountRemoved \",OU\" * \n| where isnotempty(AccountRemoved)\n| extend TargetUserName = tostring(EventData.TargetUserName)\n| extend RemovingAccount =  strcat(tostring(EventData.SubjectDomainName),\"\\\\\", tostring(EventData.SubjectUserName))\n| extend GroupRemovedFrom = TargetUserName\n| extend AccountRemoved_GroupRemovedFrom_RemovingAccount = strcat(AccountRemoved, \"||\", GroupRemovedFrom, \"||\", RemovingAccount)\n| extend SubjectUserName = tostring(EventData.SubjectUserName)\n| extend SubjectLogonId = tostring(EventData.SubjectLogonId)\n| extend TargetDomainName = tostring(EventData.TargetDomainName)\n| project AccountRemoved_GroupRemovedFrom_RemovingAccount, AccountRemovedTime = TimeGenerated, Computer, RemovedAccountId = tolower(AccountRemoved), \nRemovedByUser = SubjectUserName, RemovedByUserLogonId = SubjectLogonId,  GroupRemovedFrom = TargetUserName, TargetDomainName\n)); \nAC_Add \n| join kind= inner AC_Remove on $left.AccountAdded_GroupAddedTo_AddingAccount == $right.AccountRemoved_GroupRemovedFrom_RemovingAccount \n| extend DurationinSecondAfter_Removed = datetime_diff ('second', AccountRemovedTime, AccountAddedTime)\n| where DurationinSecondAfter_Removed > 0\n| project-away AccountRemoved_GroupRemovedFrom_RemovingAccount\n| extend timestamp = AccountAddedTime, AccountCustomEntity = RemovedAccountId, HostCustomEntity = Computer\n",
                        "queryFrequency": "P1D",
                        "queryPeriod": "P1D",
                        "severity": "Low",
                        "suppressionDuration": "PT1H",
                        "suppressionEnabled": false,
                        "triggerOperator": "GreaterThan",
                        "triggerThreshold": 0,
                        "tactics": [
                          "Persistence",
                          "PrivilegeEscalation"
                        ],
                        "entityMappings": [
                          {
                            "entityType": "Account",
                            "fieldMappings": [
                              {
                                "columnName": "AccountCustomEntity",
                                "identifier": "FullName"
                              }
                            ]
                          },
                          {
                            "entityType": "Host",
                            "fieldMappings": [
                              {
                                "columnName": "HostCustomEntity",
                                "identifier": "FullName"
                              }
                            ]
                          }
                        ]
                      }
                    },
                    {
                      "type": "Microsoft.OperationalInsights/workspaces/providers/metadata",
                      "apiVersion": "2021-03-01-preview",
                      "name": "[concat(parameters('workspace'),'/Microsoft.SecurityInsights/', '')]",
                      "properties": {
                        "description": "'Identifies accounts that are added to privileged group and then quickly removed, which could be a sign of compromise.' \n",
                        "contentId": "7efc75ce-e2a4-400f-a8b1-283d3b0f2c60",
                        "version": "1.1.1",
                        "source": {
                          "kind": "Community"
                        },
                        "threatAnalysisTactics": [
                          "Persistence",
                          "PrivilegeEscalation"
                        ],
                        "threatAnalyticsTechniques": [
                          "T1098",
                          "T1078"
                        ],
                        "parentId": "7efc75ce-e2a4-400f-a8b1-283d3b0f2c60",
                        "kind": "AnalyticsRule",
                        "dependencies": {
                          "operator": "AND",
                          "criteria": [
                            {
                              "contentId": "SecurityEvent",
                              "kind": "DataType"
                            },
                            {
                              "contentId": "SecurityEvent",
                              "kind": "DataType"
                            },
                            {
                              "contentId": "WindowsEvent",
                              "kind": "DataType"
                            }
                          ]
                        }
                      }
                    }
                  ]
                }
              }
            }
          ]
        },
        "contentId": "7efc75ce-e2a4-400f-a8b1-283d3b0f2c60",
        "dependencies": {
          "operator": "AND",
          "criteria": [
            {
              "contentId": "7efc75ce-e2a4-400f-a8b1-283d3b0f2c60",
              "kind": "AnalyticsRule"
            }
          ]
        },
        "description": "'Identifies accounts that are added to privileged group and then quickly removed, which could be a sign of compromise.' \n",
        "displayName": "Account added and removed from privileged groups",
        "source": {
          "kind": "Community"
        },
        "threatAnalysisTactics": [
          "Persistence",
          "PrivilegeEscalation"
        ],
        "threatAnalyticsTechniques": [
          "T1098",
          "T1078"
        ],
        "version": "1.1.1"
      },
      "name": "[concat(parameters('workspace'),'/Microsoft.SecurityInsights/', '7efc75ce-e2a4-400f-a8b1-283d3b0f2c60')]"
    }
  ]
}