{
  "$schema": "https://schema.management.azure.com/schemas/2019-04-01/deploymentTemplate.json#",
  "parameters": {
    "location": {
      "type": "string",
      "minLength": 1,
      "defaultValue": "[resourceGroup().location]",
      "metadata": {
        "description": "Not used, but needed to pass arm-ttk test `Location-Should-Not-Be-Hardcoded`.  We instead use the `workspace-location` which is derived from the LA workspace"
      }
    },
    "workspace-location": {
      "type": "string",
      "defaultValue": "",
      "metadata": {
        "description": "[concat('Region to deploy solution resources -- separate from location selection',parameters('location'))]"
      }
    },
    "workspace": {
      "defaultValue": "",
      "type": "string",
      "metadata": {
        "description": "Workspace name for Log Analytics where Microsoft Sentinel is setup"
      }
    }
  },
  "variables": {},
  "resources": [
    {
      "type": "Microsoft.OperationalInsights/workspaces/providers/packages",
      "location": "[parameters('workspace-location')]",
      "apiVersion": "2022-08-01",
      "properties": {
        "packageKind": "Standalone",
        "packageItems": {
          "resources": [
            {
              "type": "Microsoft.OperationalInsights/workspaces/providers/contentTemplates",
              "name": "[concat(parameters('workspace'),'/Microsoft.SecurityInsights/', '968358d6-6af8-49bb-aaa4-187b3067fb95')]",
              "location": "[parameters('workspace-location')]",
              "apiVersion": "2022-08-01",
              "properties": {
                "contentId": "968358d6-6af8-49bb-aaa4-187b3067fb95",
                "displayName": "Exchange SSRF Autodiscover ProxyShell - Detection",
                "contentKind": "AnalyticsRule",
                "mainTemplate": {
                  "$schema": "https://schema.management.azure.com/schemas/2019-04-01/deploymentTemplate.json#",
                  "contentVersion": "1.0.0",
                  "resources": [
                    {
                      "type": "Microsoft.OperationalInsights/workspaces/providers/alertRules",
                      "apiVersion": "2022-04-01-preview",
                      "name": "[concat(parameters('workspace'),'/Microsoft.SecurityInsights/', '' )]",
                      "kind": "Scheduled",
                      "location": "[parameters('workspace-location')]",
                      "properties": {
                        "description": "This query looks for suspicious request patterns to Exchange servers that fit patterns recently\nblogged about by PeterJson. This exploitation chain utilises an SSRF vulnerability in Exchange\nwhich eventually allows the attacker to execute arbitrary Powershell on the server. In the example\npowershell can be used to write an email to disk with an encoded attachment containing a shell.\nReference: https://peterjson.medium.com/reproducing-the-proxyshell-pwn2own-exploit-49743a4ea9a1",
                        "displayName": "Exchange SSRF Autodiscover ProxyShell - Detection",
                        "enabled": false,
                        "query": "let successCodes = dynamic([200, 302, 401]);\nW3CIISLog\n| where scStatus has_any (successCodes)\n| where ipv4_is_private(cIP) == False\n| where csUriStem hasprefix \"/autodiscover/autodiscover.json\"\n| project TimeGenerated, cIP, sIP, sSiteName, csUriStem, csUriQuery, Computer, csUserName, _ResourceId, FileUri\n| where (csUriQuery !has \"Protocol\" and isnotempty(csUriQuery))\nor (csUriQuery has_any(\"/mapi/\", \"powershell\"))\nor (csUriQuery contains \"@\" and csUriQuery matches regex @\"\\.[a-zA-Z]{2,4}?(?:[a-zA-Z]{2,4}\\/)\")\nor (csUriQuery contains \":\" and csUriQuery matches regex @\"\\:[0-9]{2,4}\\/\")\n| extend timestamp = TimeGenerated, HostCustomEntity = Computer, IPCustomEntity = cIP, AccountCustomEntity = csUserName, ResourceCustomEntity = _ResourceId, FileCustomEntity = FileUri\n",
                        "queryFrequency": "PT12H",
                        "queryPeriod": "PT12H",
                        "severity": "High",
                        "suppressionDuration": "PT1H",
                        "suppressionEnabled": false,
                        "triggerOperator": "GreaterThan",
                        "triggerThreshold": 0,
                        "tactics": [
                          "InitialAccess"
                        ],
                        "entityMappings": [
                          {
                            "entityType": "Account",
                            "fieldMappings": [
                              {
                                "columnName": "AccountCustomEntity",
                                "identifier": "FullName"
                              }
                            ]
                          },
                          {
                            "entityType": "Host",
                            "fieldMappings": [
                              {
                                "columnName": "HostCustomEntity",
                                "identifier": "FullName"
                              }
                            ]
                          },
                          {
                            "entityType": "IP",
                            "fieldMappings": [
                              {
                                "columnName": "IPCustomEntity",
                                "identifier": "Address"
                              }
                            ]
                          },
                          {
                            "entityType": "AzureResource",
                            "fieldMappings": [
                              {
                                "columnName": "ResourceCustomEntity",
                                "identifier": "ResourceId"
                              }
                            ]
                          }
                        ]
                      }
                    },
                    {
                      "type": "Microsoft.OperationalInsights/workspaces/providers/metadata",
                      "apiVersion": "2021-03-01-preview",
                      "name": "[concat(parameters('workspace'),'/Microsoft.SecurityInsights/', '')]",
                      "properties": {
                        "description": "'This query looks for suspicious request patterns to Exchange servers that fit patterns recently\nblogged about by PeterJson. This exploitation chain utilises an SSRF vulnerability in Exchange\nwhich eventually allows the attacker to execute arbitrary Powershell on the server. In the example\npowershell can be used to write an email to disk with an encoded attachment containing a shell.\nReference: https://peterjson.medium.com/reproducing-the-proxyshell-pwn2own-exploit-49743a4ea9a1'\n",
                        "contentId": "968358d6-6af8-49bb-aaa4-187b3067fb95",
                        "version": "1.0.0",
                        "source": {
                          "kind": "Community"
                        },
                        "threatAnalysisTactics": [
                          "InitialAccess"
                        ],
                        "threatAnalyticsTechniques": [
                          "T1190"
                        ],
                        "parentId": "968358d6-6af8-49bb-aaa4-187b3067fb95",
                        "kind": "AnalyticsRule",
                        "dependencies": {
                          "operator": "AND",
                          "criteria": [
                            {
                              "contentId": "W3CIISLog",
                              "kind": "DataType"
                            }
                          ]
                        }
                      }
                    }
                  ]
                }
              }
            }
          ]
        },
        "contentId": "968358d6-6af8-49bb-aaa4-187b3067fb95",
        "dependencies": {
          "operator": "AND",
          "criteria": [
            {
              "contentId": "968358d6-6af8-49bb-aaa4-187b3067fb95",
              "kind": "AnalyticsRule"
            }
          ]
        },
        "description": "'This query looks for suspicious request patterns to Exchange servers that fit patterns recently\nblogged about by PeterJson. This exploitation chain utilises an SSRF vulnerability in Exchange\nwhich eventually allows the attacker to execute arbitrary Powershell on the server. In the example\npowershell can be used to write an email to disk with an encoded attachment containing a shell.\nReference: https://peterjson.medium.com/reproducing-the-proxyshell-pwn2own-exploit-49743a4ea9a1'\n",
        "displayName": "Exchange SSRF Autodiscover ProxyShell - Detection",
        "source": {
          "kind": "Community"
        },
        "threatAnalysisTactics": [
          "InitialAccess"
        ],
        "threatAnalyticsTechniques": [
          "T1190"
        ],
        "version": "1.0.0"
      },
      "name": "[concat(parameters('workspace'),'/Microsoft.SecurityInsights/', '968358d6-6af8-49bb-aaa4-187b3067fb95')]"
    }
  ]
}