{
  "$schema": "https://schema.management.azure.com/schemas/2019-04-01/deploymentTemplate.json#",
  "parameters": {
    "location": {
      "type": "string",
      "minLength": 1,
      "defaultValue": "[resourceGroup().location]",
      "metadata": {
        "description": "Not used, but needed to pass arm-ttk test `Location-Should-Not-Be-Hardcoded`.  We instead use the `workspace-location` which is derived from the LA workspace"
      }
    },
    "workspace-location": {
      "type": "string",
      "defaultValue": "",
      "metadata": {
        "description": "[concat('Region to deploy solution resources -- separate from location selection',parameters('location'))]"
      }
    },
    "workspace": {
      "defaultValue": "",
      "type": "string",
      "metadata": {
        "description": "Workspace name for Log Analytics where Microsoft Sentinel is setup"
      }
    }
  },
  "variables": {},
  "resources": [
    {
      "type": "Microsoft.OperationalInsights/workspaces/providers/packages",
      "location": "[parameters('workspace-location')]",
      "apiVersion": "2022-08-01",
      "properties": {
        "packageKind": "Standalone",
        "packageItems": {
          "resources": [
            {
              "type": "Microsoft.OperationalInsights/workspaces/providers/contentTemplates",
              "name": "[concat(parameters('workspace'),'/Microsoft.SecurityInsights/', '1eacb645-9354-49cd-8872-8d68a4fd3f59')]",
              "location": "[parameters('workspace-location')]",
              "kind": "shared",
              "apiVersion": "2022-08-01",
              "properties": {
                "contentId": "1eacb645-9354-49cd-8872-8d68a4fd3f59",
                "displayName": "Suspicious enumeration using Adfind tool (Normalized Process Events)",
                "contentKind": "HuntingQuery",
                "mainTemplate": {
                  "$schema": "https://schema.management.azure.com/schemas/2019-04-01/deploymentTemplate.json#",
                  "contentVersion": "1.0.0",
                  "resources": [
                    {
                      "type": "Microsoft.OperationalInsights/savedSearches",
                      "apiVersion": "2020-08-01",
                      "name": "1eacb645-9354-49cd-8872-8d68a4fd3f59",
                      "location": "[parameters('workspace-location')]",
                      "properties": {
                        "eTag": "*",
                        "displayName": "Suspicious enumeration using Adfind tool (Normalized Process Events)",
                        "category": "Hunting Queries",
                        "query": "let lookupwindow = 2m;\nlet threshold = 3; //number of commandlines in the set below\nlet DCADFSServersList = dynamic ([\"DCServer01\", \"DCServer02\", \"ADFSServer01\"]); // Enter a reference list of hostnames for your DC/ADFS servers\nlet tokens = dynamic([\"objectcategory\",\"domainlist\",\"dcmodes\",\"adinfo\",\"trustdmp\",\"computers_pwdnotreqd\",\"Domain Admins\", \"objectcategory=person\", \"objectcategory=computer\", \"objectcategory=*\"]);\nimProcessCreate\n//| where Computer in (DCADFSServersList) // Uncomment to limit it to your DC/ADFS servers list if specified above or any pattern in hostnames (startswith, matches regex, etc).\n| where CommandLine has_any (tokens)\n| where CommandLine contains \">\"\n| summarize Commandlines = make_set(CommandLine), LastObserved=max(TimeGenerated) by bin(TimeGenerated, lookupwindow), User, Dvc, ActingProcessName, TargetProcessName, EventVendor, EventProduct\n  | extend Count = array_length(Commandlines)\n  | where Count > threshold\n",
                        "version": 2,
                        "tags": [
                          {
                            "name": "description",
                            "value": "Attackers can use Adfind which is administrative tool to gather information about Domain controllers, ADFS Servers. They may also rename executables with other benign tools on the system.\nBelow query will look for adfind usage in commandline arguments irrespective of executable name in short span of time. You can limit query this to your DC and ADFS servers.\nBelow references talk about suspicious use of adfind by adversaries.\n- https://thedfirreport.com/2020/05/08/adfind-recon/\n- https://www.fireeye.com/blog/threat-research/2020/05/tactics-techniques-procedures-associated-with-maze-ransomware-incidents.html\n- https://www.microsoft.com/security/blog/2020/12/18/analyzing-solorigate-the-compromised-dll-file-that-started-a-sophisticated-cyberattack-and-how-microsoft-defender-helps-protect/\n"
                          },
                          {
                            "name": "techniques",
                            "value": ""
                          },
                          {
                            "name": "tactics",
                            "value": "Execution,Discovery,Collection"
                          }
                        ]
                      }
                    },
                    {
                      "type": "Microsoft.OperationalInsights/workspaces/providers/metadata",
                      "apiVersion": "2021-03-01-preview",
                      "name": "[concat(parameters('workspace'),'/Microsoft.SecurityInsights/',concat('huntingQuery-', '1eacb645-9354-49cd-8872-8d68a4fd3f59'))]",
                      "properties": {
                        "description": "Attackers can use Adfind which is administrative tool to gather information about Domain controllers, ADFS Servers. They may also rename executables with other benign tools on the system.\nBelow query will look for adfind usage in commandline arguments irrespective of executable name in short span of time. You can limit query this to your DC and ADFS servers.\nBelow references talk about suspicious use of adfind by adversaries.\n- https://thedfirreport.com/2020/05/08/adfind-recon/\n- https://www.fireeye.com/blog/threat-research/2020/05/tactics-techniques-procedures-associated-with-maze-ransomware-incidents.html\n- https://www.microsoft.com/security/blog/2020/12/18/analyzing-solorigate-the-compromised-dll-file-that-started-a-sophisticated-cyberattack-and-how-microsoft-defender-helps-protect/\n",
                        "contentId": "1eacb645-9354-49cd-8872-8d68a4fd3f59",
                        "version": "1.0.0",
                        "source": {
                          "kind": "Community"
                        },
                        "threatAnalysisTactics": [
                          "Execution",
                          "Discovery",
                          "Collection"
                        ],
                        "threatAnalyticsTechniques": [
                          "T1059",
                          "T1087",
                          "T1482",
                          "T1201",
                          "T1069",
                          "T1074"
                        ],
                        "parentId": "1eacb645-9354-49cd-8872-8d68a4fd3f59",
                        "kind": "HuntingQuery",
                        "dependencies": {
                          "operator": "AND",
                          "criteria": [
                            {
                              "contentId": "SecurityEvent",
                              "kind": "DataType"
                            }
                          ]
                        }
                      }
                    }
                  ]
                }
              }
            }
          ]
        },
        "contentId": "1eacb645-9354-49cd-8872-8d68a4fd3f59",
        "dependencies": {
          "operator": "AND",
          "criteria": [
            {
              "contentId": "1eacb645-9354-49cd-8872-8d68a4fd3f59",
              "kind": "HuntingQuery"
            }
          ]
        },
        "description": "Attackers can use Adfind which is administrative tool to gather information about Domain controllers, ADFS Servers. They may also rename executables with other benign tools on the system.\nBelow query will look for adfind usage in commandline arguments irrespective of executable name in short span of time. You can limit query this to your DC and ADFS servers.\nBelow references talk about suspicious use of adfind by adversaries.\n- https://thedfirreport.com/2020/05/08/adfind-recon/\n- https://www.fireeye.com/blog/threat-research/2020/05/tactics-techniques-procedures-associated-with-maze-ransomware-incidents.html\n- https://www.microsoft.com/security/blog/2020/12/18/analyzing-solorigate-the-compromised-dll-file-that-started-a-sophisticated-cyberattack-and-how-microsoft-defender-helps-protect/\n",
        "displayName": "Suspicious enumeration using Adfind tool (Normalized Process Events)",
        "source": {
          "kind": "Community"
        },
        "threatAnalysisTactics": [
          "Execution",
          "Discovery",
          "Collection"
        ],
        "threatAnalyticsTechniques": [
          "T1059",
          "T1087",
          "T1482",
          "T1201",
          "T1069",
          "T1074"
        ],
        "version": "1.0.0"
      },
      "name": "[concat(parameters('workspace'),'/Microsoft.SecurityInsights/', '1eacb645-9354-49cd-8872-8d68a4fd3f59')]"
    }
  ]
}