{
  "$schema": "https://schema.management.azure.com/schemas/2019-04-01/deploymentTemplate.json#",
  "contentVersion": "1.0.0.0",
  "parameters": {
    "location": {
      "type": "string",
      "minLength": 1,
      "defaultValue": "[resourceGroup().location]",
      "metadata": {
        "description": "Not used, but needed to pass arm-ttk test `Location-Should-Not-Be-Hardcoded`.  We instead use the `workspace-location` which is derived from the LA workspace"
      }
    },
    "workspace-location": {
      "type": "string",
      "defaultValue": "",
      "metadata": {
        "description": "[concat('Region to deploy solution resources -- separate from location selection',parameters('location'))]"
      }
    },
    "workspace": {
      "defaultValue": "",
      "type": "string",
      "metadata": {
        "description": "Workspace name for Log Analytics where Microsoft Sentinel is setup"
      }
    }
  },
  "variables": {},
  "resources": [
    {
      "type": "Microsoft.OperationalInsights/workspaces/providers/packages",
      "location": "[parameters('workspace-location')]",
      "apiVersion": "2022-08-01",
      "properties": {
        "packageKind": "Standalone",
        "packageItems": {
          "resources": [
            {
              "type": "Microsoft.OperationalInsights/workspaces/providers/contentTemplates",
              "name": "[concat(parameters('workspace'),'/Microsoft.SecurityInsights/', '65360bb0-8986-4ade-a89d-af3cf44d28aa')]",
              "location": "[parameters('workspace-location')]",
              "apiVersion": "2022-08-01",
              "properties": {
                "contentId": "65360bb0-8986-4ade-a89d-af3cf44d28aa",
                "displayName": "Changes to Amazon VPC settings",
                "contentKind": "AnalyticsRule",
                "mainTemplate": {
                  "$schema": "https://schema.management.azure.com/schemas/2019-04-01/deploymentTemplate.json#",
                  "contentVersion": "1.0.1",
                  "resources": [
                    {
                      "type": "Microsoft.OperationalInsights/workspaces/providers/alertRules",
                      "apiVersion": "2022-04-01-preview",
                      "name": "65360bb0-8986-4ade-a89d-af3cf44d28aa",
                      "kind": "Scheduled",
                      "location": "[parameters('workspace-location')]",
                      "properties": {
                        "description": "Amazon Virtual Private Cloud (Amazon VPC) lets you provision a logically isolated section of the AWS Cloud where you can launch AWS resources\nin a virtual network that you define.\nThis identifies changes to Amazon VPC (Virtual Private Cloud) settings such as new ACL entries,routes, routetable or Gateways.\nMore information: https://medium.com/@GorillaStack/the-most-important-aws-cloudtrail-security-events-to-track-a5b9873f8255 \nand AWS VPC API Docs: https://docs.aws.amazon.com/AWSEC2/latest/APIReference/OperationList-query-vpc.html",
                        "displayName": "Changes to Amazon VPC settings",
                        "enabled": false,
                        "query": "\nlet EventNameList = dynamic([\"CreateNetworkAclEntry\",\"CreateRoute\",\"CreateRouteTable\",\"CreateInternetGateway\",\"CreateNatGateway\"]);\nAWSCloudTrail\n| where EventName in~ (EventNameList)\n| summarize StartTimeUtc = min(TimeGenerated), EndTimeUtc = max(TimeGenerated) by EventName, EventTypeName, UserIdentityAccountId, UserIdentityPrincipalid, UserAgent, \nUserIdentityUserName, SessionMfaAuthenticated, SourceIpAddress, AWSRegion, EventSource, AdditionalEventData, ResponseElements\n| extend timestamp = StartTimeUtc, AccountCustomEntity = UserIdentityUserName, IPCustomEntity = SourceIpAddress\n",
                        "queryFrequency": "P1D",
                        "queryPeriod": "P1D",
                        "severity": "Low",
                        "suppressionDuration": "PT1H",
                        "suppressionEnabled": false,
                        "triggerOperator": "GreaterThan",
                        "triggerThreshold": 0,
                        "tactics": [
                          "PrivilegeEscalation",
                          "LateralMovement"
                        ],
                        "techniques": [
                          "T1078",
                          "T1563"
                        ],
                        "entityMappings": [
                          {
                            "entityType": "Account",
                            "fieldMappings": [
                              {
                                "columnName": "AccountCustomEntity",
                                "identifier": "FullName"
                              }
                            ]
                          },
                          {
                            "entityType": "IP",
                            "fieldMappings": [
                              {
                                "columnName": "IPCustomEntity",
                                "identifier": "Address"
                              }
                            ]
                          }
                        ]
                      }
                    },
                    {
                      "type": "Microsoft.OperationalInsights/workspaces/providers/metadata",
                      "apiVersion": "2021-03-01-preview",
                      "properties": {
                        "description": "'Amazon Virtual Private Cloud (Amazon VPC) lets you provision a logically isolated section of the AWS Cloud where you can launch AWS resources\nin a virtual network that you define.\nThis identifies changes to Amazon VPC (Virtual Private Cloud) settings such as new ACL entries,routes, routetable or Gateways.\nMore information: https://medium.com/@GorillaStack/the-most-important-aws-cloudtrail-security-events-to-track-a5b9873f8255 \nand AWS VPC API Docs: https://docs.aws.amazon.com/AWSEC2/latest/APIReference/OperationList-query-vpc.html'\n",
                        "version": "1.0.1",
                        "author": {
                          "name": "Community"
                        },
                        "support": {
                          "name": "Community",
                          "link": "https://github.com/Azure/Azure-Sentinel/issues",
                          "tier": "Community"
                        },
                        "source": {
                          "kind": "Community",
                          "name": "Standalone"
                        },
                        "threatAnalysisTactics": [
                          "PrivilegeEscalation",
                          "LateralMovement"
                        ],
                        "threatAnalyticsTechniques": [
                          "T1078",
                          "T1563"
                        ],
                        "contentId": "65360bb0-8986-4ade-a89d-af3cf44d28aa",
                        "parentId": "65360bb0-8986-4ade-a89d-af3cf44d28aa",
                        "kind": "AnalyticsRule",
                        "dependencies": {
                          "operator": "AND",
                          "criteria": [
                            {
                              "contentId": "AWSCloudTrail",
                              "kind": "DataType"
                            }
                          ]
                        }
                      }
                    }
                  ]
                }
              }
            }
          ]
        },
        "author": {
          "name": "Community"
        },
        "dependencies": {
          "operator": "AND",
          "criteria": [
            {
              "contentId": "65360bb0-8986-4ade-a89d-af3cf44d28aa",
              "kind": "AnalyticsRule"
            }
          ]
        },
        "description": "'Amazon Virtual Private Cloud (Amazon VPC) lets you provision a logically isolated section of the AWS Cloud where you can launch AWS resources\nin a virtual network that you define.\nThis identifies changes to Amazon VPC (Virtual Private Cloud) settings such as new ACL entries,routes, routetable or Gateways.\nMore information: https://medium.com/@GorillaStack/the-most-important-aws-cloudtrail-security-events-to-track-a5b9873f8255 \nand AWS VPC API Docs: https://docs.aws.amazon.com/AWSEC2/latest/APIReference/OperationList-query-vpc.html'\n",
        "displayName": "Changes to Amazon VPC settings",
        "packageId": "65360bb0-8986-4ade-a89d-af3cf44d28aa",
        "source": {
          "kind": "Community",
          "name": "Standalone"
        },
        "support": {
          "name": "Community",
          "link": "https://github.com/Azure/Azure-Sentinel/issues",
          "tier": "Community"
        },
        "threatAnalysisTactics": [
          "PrivilegeEscalation",
          "LateralMovement"
        ],
        "threatAnalyticsTechniques": [
          "T1078",
          "T1563"
        ],
        "version": "1.0.1"
      },
      "name": "[concat(parameters('workspace'),'/Microsoft.SecurityInsights/', '65360bb0-8986-4ade-a89d-af3cf44d28aa')]"
    }
  ]
}