{
  "$schema": "https://schema.management.azure.com/schemas/2019-04-01/deploymentTemplate.json#",
  "parameters": {
    "location": {
      "type": "string",
      "minLength": 1,
      "defaultValue": "[resourceGroup().location]",
      "metadata": {
        "description": "Not used, but needed to pass arm-ttk test `Location-Should-Not-Be-Hardcoded`.  We instead use the `workspace-location` which is derived from the LA workspace"
      }
    },
    "workspace-location": {
      "type": "string",
      "defaultValue": "",
      "metadata": {
        "description": "[concat('Region to deploy solution resources -- separate from location selection',parameters('location'))]"
      }
    },
    "workspace": {
      "defaultValue": "",
      "type": "string",
      "metadata": {
        "description": "Workspace name for Log Analytics where Microsoft Sentinel is setup"
      }
    }
  },
  "variables": {},
  "resources": [
    {
      "type": "Microsoft.OperationalInsights/workspaces/providers/packages",
      "location": "[parameters('workspace-location')]",
      "apiVersion": "2022-08-01",
      "properties": {
        "packageKind": "Standalone",
        "packageItems": {
          "resources": [
            {
              "type": "Microsoft.OperationalInsights/workspaces/providers/contentTemplates",
              "name": "[concat(parameters('workspace'),'/Microsoft.SecurityInsights/', '0db42a94-e7c8-4bf1-99a7-1a2fb4158212')]",
              "location": "[parameters('workspace-location')]",
              "kind": "shared",
              "apiVersion": "2022-08-01",
              "properties": {
                "contentId": "0db42a94-e7c8-4bf1-99a7-1a2fb4158212",
                "displayName": "Privileged role attached to Instance",
                "contentKind": "HuntingQuery",
                "mainTemplate": {
                  "$schema": "https://schema.management.azure.com/schemas/2019-04-01/deploymentTemplate.json#",
                  "contentVersion": "1.0.0",
                  "resources": [
                    {
                      "type": "Microsoft.OperationalInsights/savedSearches",
                      "apiVersion": "2020-08-01",
                      "name": "0db42a94-e7c8-4bf1-99a7-1a2fb4158212",
                      "location": "[parameters('workspace-location')]",
                      "properties": {
                        "eTag": "*",
                        "displayName": "Privileged role attached to Instance",
                        "category": "Hunting Queries",
                        "query": "\nlet EventNameList = dynamic([\"AttachUserPolicy\",\"AttachRolePolicy\",\"AttachGroupPolicy\"]);\nlet PolicyArnList = dynamic([\"arn:aws:iam::aws:policy/AdministratorAccess\",\"arn:aws:iam::aws:policy/DatabaseAdministrator\",\"arn:aws:iam::aws:policy/NetworkAdministrator\",\"arn:aws:iam::aws:policy/SystemAdministrator\",\"arn:aws:iam::aws:policy/AmazonS3FullAccess\"]);\nlet starttime = todatetime('{{StartTimeISO}}');\nlet endtime = todatetime('{{EndTimeISO}}');\nlet lookback = starttime - 14d;\n//Creating a temp table of events creating privileged role or users which can later be correlated with suspicious operations.\nlet PrivilegedRoleorUsers = AWSCloudTrail\n| where TimeGenerated >= lookback \n| where EventName in (EventNameList)\n| extend PolicyArn = tostring(parse_json(RequestParameters).policyArn), RoleName = tostring(parse_json(RequestParameters).roleName)\n| where PolicyArn in (PolicyArnList)\n| distinct PolicyArn, UserIdentityType, UserIdentityUserName,RoleName;\n// Joining the list of identities having Privileged roles with the API call AddRoleToInstanceProfile to indentify the instances which may be used by adversaries as pivot point for privilege escalation.\nPrivilegedRoleorUsers\n| join (\nAWSCloudTrail\n| where TimeGenerated between (starttime..endtime)\n| where EventName in (\"AddRoleToInstanceProfile\") \n| extend InstanceProfileName = tostring(parse_json(RequestParameters).InstanceProfileName), RoleName = tostring(parse_json(RequestParameters).roleName)\n| summarize EventCount=count(), StartTimeUtc = min(TimeGenerated), EndTimeUtc = max(TimeGenerated) by EventSource, EventName, UserIdentityType , UserIdentityArn , UserIdentityUserName, SourceIpAddress, RoleName\n) on RoleName \n| extend timestamp = StartTimeUtc, IPCustomEntity = SourceIpAddress, AccountCustomEntity = RoleName\n",
                        "version": 2,
                        "tags": [
                          {
                            "name": "description",
                            "value": "'Identity and Access Management (IAM) securely manages access to AWS services and resources. \nIdentifies when a Privileged role is attached to an existing instance or new instance at deployment. This instance may be used by an adversary to escalate a normal user privileges to an adminsitrative level.\nand AWS API AddRoleToInstanceProfile at https://docs.aws.amazon.com/IAM/latest/APIReference/API_AddRoleToInstanceProfile.html'\n"
                          },
                          {
                            "name": "techniques",
                            "value": ""
                          },
                          {
                            "name": "tactics",
                            "value": "PrivilegeEscalation"
                          }
                        ]
                      }
                    },
                    {
                      "type": "Microsoft.OperationalInsights/workspaces/providers/metadata",
                      "apiVersion": "2021-03-01-preview",
                      "name": "[concat(parameters('workspace'),'/Microsoft.SecurityInsights/',concat('huntingQuery-', '0db42a94-e7c8-4bf1-99a7-1a2fb4158212'))]",
                      "properties": {
                        "description": "'Identity and Access Management (IAM) securely manages access to AWS services and resources. \nIdentifies when a Privileged role is attached to an existing instance or new instance at deployment. This instance may be used by an adversary to escalate a normal user privileges to an adminsitrative level.\nand AWS API AddRoleToInstanceProfile at https://docs.aws.amazon.com/IAM/latest/APIReference/API_AddRoleToInstanceProfile.html'\n",
                        "version": "1.0.0",
                        "source": {
                          "kind": "Community"
                        },
                        "threatAnalysisTactics": [
                          "PrivilegeEscalation"
                        ],
                        "threatAnalyticsTechniques": [
                          "T1098"
                        ],
                        "contentId": "0db42a94-e7c8-4bf1-99a7-1a2fb4158212",
                        "parentId": "0db42a94-e7c8-4bf1-99a7-1a2fb4158212",
                        "kind": "HuntingQuery",
                        "dependencies": {
                          "operator": "AND",
                          "criteria": [
                            {
                              "contentId": "AWSCloudTrail",
                              "kind": "DataType"
                            }
                          ]
                        }
                      }
                    }
                  ]
                }
              }
            }
          ]
        },
        "dependencies": {
          "operator": "AND",
          "criteria": [
            {
              "contentId": "0db42a94-e7c8-4bf1-99a7-1a2fb4158212",
              "kind": "HuntingQuery"
            }
          ]
        },
        "description": "'Identity and Access Management (IAM) securely manages access to AWS services and resources. \nIdentifies when a Privileged role is attached to an existing instance or new instance at deployment. This instance may be used by an adversary to escalate a normal user privileges to an adminsitrative level.\nand AWS API AddRoleToInstanceProfile at https://docs.aws.amazon.com/IAM/latest/APIReference/API_AddRoleToInstanceProfile.html'\n",
        "displayName": "Privileged role attached to Instance",
        "packageId": "0db42a94-e7c8-4bf1-99a7-1a2fb4158212",
        "source": {
          "kind": "Community"
        },
        "threatAnalysisTactics": [
          "PrivilegeEscalation"
        ],
        "threatAnalyticsTechniques": [
          "T1098"
        ],
        "version": "1.0.0"
      },
      "name": "[concat(parameters('workspace'),'/Microsoft.SecurityInsights/', '0db42a94-e7c8-4bf1-99a7-1a2fb4158212')]"
    }
  ]
}