{
  "$schema": "https://schema.management.azure.com/schemas/2019-04-01/deploymentTemplate.json#",
  "contentVersion": "1.0.0",
  "parameters": {
    "location": {
      "type": "string",
      "minLength": 1,
      "defaultValue": "[resourceGroup().location]",
      "metadata": {
        "description": "Not used, but needed to pass arm-ttk test `Location-Should-Not-Be-Hardcoded`.  We instead use the `workspace-location` which is derived from the LA workspace"
      }
    },
    "workspace": {
      "defaultValue": "",
      "type": "string",
      "metadata": {
        "description": "Workspace name for Log Analytics where Microsoft Sentinel is setup"
      }
    }
  },
  "resources": [
    {
      "type": "Microsoft.OperationalInsights/workspaces/providers/contentTemplates",
      "name": "[concat(parameters('workspace'),'/Microsoft.SecurityInsights/',concat(concat(parameters('workspace'),'-dc-',uniquestring('AbnormalSecurity')),'1.0.0'))]",
      "location": "[parameters('workspace-location')]",
      "apiVersion": "2022-08-01",
      "dependsOn": [
        "[extensionResourceId(resourceId('Microsoft.OperationalInsights/workspaces', parameters('workspace')), 'Microsoft.SecurityInsights/contentPackages', 'abnormalsecuritycorporation1593011233180.fe1b4806-215b-4610-bf95-965a7a65579c')]"
      ],
      "properties": {
        "contentId": "AbnormalSecurity",
        "displayName": "AbnormalSecurity (using Azure Function)",
        "contentKind": "DataConnector",
        "mainTemplate": {
          "resources": [
            {
              "name": "[concat(parameters('workspace'),'/Microsoft.SecurityInsights/','AbnormalSecurity')]",
              "apiVersion": "2021-03-01-preview",
              "type": "Microsoft.OperationalInsights/workspaces/providers/dataConnectors",
              "location": "[parameters('workspace-location')]",
              "kind": "GenericUI",
              "properties": {
                "connectorUiConfig": {
                  "id": "AbnormalSecurity",
                  "title": "AbnormalSecurity (using Azure Function)",
                  "publisher": "AbnormalSecurity",
                  "descriptionMarkdown": "The Abnormal Security data connector provides the capability to ingest threat and case logs into Microsoft Sentinel using the [Abnormal Security Rest API.](https://app.swaggerhub.com/apis/abnormal-security/abx/)",
                  "graphQueries": [
                    {
                      "metricName": "Abnormal Security Threat Logs",
                      "legend": "ABNORMAL_THREAT_MESSAGES_CL",
                      "baseQuery": "ABNORMAL_THREAT_MESSAGES_CL"
                    },
                    {
                      "metricName": "Abnormal Security Account Takeover Case Logs",
                      "legend": "ABNORMAL_CASES_CL",
                      "baseQuery": "ABNORMAL_CASES_CL"
                    }
                  ],
                  "sampleQueries": [
                    {
                      "description": "All Abnormal Security Threat logs",
                      "query": "ABNORMAL_THREAT_MESSAGES_CL\n| sort by TimeGenerated desc"
                    },
                    {
                      "description": "All Abnormal Security Case logs",
                      "query": "ABNORMAL_CASES_CL\n| sort by TimeGenerated desc"
                    }
                  ],
                  "dataTypes": [
                    {
                      "name": "ABNORMAL_THREAT_MESSAGES_CL",
                      "lastDataReceivedQuery": "ABNORMAL_THREAT_MESSAGES_CL\n            | summarize Time = max(TimeGenerated)\n            | where isnotempty(Time)"
                    },
                    {
                      "name": "ABNORMAL_CASES_CL",
                      "lastDataReceivedQuery": "ABNORMAL_CASES_CL\n            | summarize Time = max(TimeGenerated)\n            | where isnotempty(Time)"
                    }
                  ],
                  "connectivityCriterias": [
                    {
                      "type": "IsConnectedQuery",
                      "value": [
                        "ABNORMAL_CASES_CL\n            | summarize LastLogReceived = max(TimeGenerated)\n            | project IsConnected = LastLogReceived > ago(30d)"
                      ]
                    },
                    {
                      "type": "IsConnectedQuery",
                      "value": [
                        "ABNORMAL_THREAT_LOG_C\n            | summarize LastLogReceived = max(TimeGenerated)\n            | project IsConnected = LastLogReceived > ago(30d)"
                      ]
                    }
                  ],
                  "availability": {
                    "status": 1,
                    "isPreview": false
                  },
                  "permissions": {
                    "resourceProvider": [
                      {
                        "provider": "Microsoft.OperationalInsights/workspaces",
                        "permissionsDisplayText": "read and write permissions on the workspace are required.",
                        "providerDisplayName": "Workspace",
                        "scope": "Workspace",
                        "requiredPermissions": {
                          "write": true,
                          "read": true,
                          "delete": true
                        }
                      },
                      {
                        "provider": "Microsoft.OperationalInsights/workspaces/sharedKeys",
                        "permissionsDisplayText": "read permissions to shared keys for the workspace are required. [See the documentation to learn more about workspace keys](https://docs.microsoft.com/azure/azure-monitor/platform/agent-windows#obtain-workspace-id-and-key).",
                        "providerDisplayName": "Keys",
                        "scope": "Workspace",
                        "requiredPermissions": {
                          "action": true
                        }
                      }
                    ],
                    "customs": [
                      {
                        "name": "Microsoft.Web/sites permissions",
                        "description": "Read and write permissions to Azure Functions to create a Function App is required. [See the documentation to learn more about Azure Functions](https://docs.microsoft.com/azure/azure-functions/)."
                      },
                      {
                        "name": "Abnormal Security API Token",
                        "description": "An Abnormal Security API Token is required. [See the documentation to learn more about Abnormal Security API](https://app.swaggerhub.com/apis/abnormal-security/abx/). **Note:** An Abnormal Security account is required"
                      }
                    ]
                  },
                  "instructionSteps": [
                    {
                      "description": ">**NOTE:** This connector uses Azure Functions to connect to Abnormal Security's REST API to pull logs into Microsoft Sentinel. This might result in additional data ingestion costs. Check the [Azure Functions pricing page](https://azure.microsoft.com/pricing/details/functions/) for details."
                    },
                    {
                      "description": "**STEP 1 - Configuration steps for the Abnormal Security API**\n\n [Follow these instructions](https://app.swaggerhub.com/apis/abnormal-security/abx) provided by Abnormal Security to configure the REST API integration. **Note:** An Abnormal Security account is required"
                    },
                    {
                      "description": "**STEP 2 - Choose ONE from the following two deployment options to deploy the connector and the associated Azure Function**\n\n>**IMPORTANT:** Before deploying the Abnormal Security data connector, have the Workspace ID and Workspace Primary Key (can be copied from the following), as well as the Abnormal Security API Authorization Token, readily available.",
                      "instructions": [
                        {
                          "parameters": {
                            "fillWith": [
                              "WorkspaceId"
                            ],
                            "label": "Workspace ID"
                          },
                          "type": "CopyableLabel"
                        },
                        {
                          "parameters": {
                            "fillWith": [
                              "PrimaryKey"
                            ],
                            "label": "Primary Key"
                          },
                          "type": "CopyableLabel"
                        }
                      ]
                    },
                    {
                      "description": "This method provides an automated deployment of the Abnormal Security connector using an ARM Template.\n\n1. Click the **Deploy to Azure** button below. \n\n\t[![Deploy To Azure](https://aka.ms/deploytoazurebutton)](https://aka.ms/sentinel-abnormalsecurity-azuredeploy)\n2. Select the preferred **Subscription**, **Resource Group** and **Location**. \n3. Enter the **Microsoft Sentinel Workspace ID**, **Microsoft Sentinel Shared Key** and **Abnormal Security REST API Key**.\n - The default **Time Interval** is set to pull the last five (5) minutes of data. If the time interval needs to be modified, it is recommended to change the Function App Timer Trigger accordingly (in the function.json file, post deployment) to prevent overlapping data ingestion.\n 4. Mark the checkbox labeled **I agree to the terms and conditions stated above**. \n5. Click **Purchase** to deploy.",
                      "title": "Option 1 - Azure Resource Manager (ARM) Template"
                    },
                    {
                      "description": "Use the following step-by-step instructions to deploy the Abnormal Security data connector manually with Azure Functions (Deployment via Visual Studio Code).",
                      "title": "Option 2 - Manual Deployment of Azure Functions"
                    },
                    {
                      "description": "**1. Deploy a Function App**\n\n> **NOTE:** You will need to [prepare VS code](https://docs.microsoft.com/azure/azure-functions/create-first-function-vs-code-python) for Azure function development.\n\n1. Download the [Azure Function App](https://aka.ms/sentinel-abnormalsecurity-functionapp) file. Extract archive to your local development computer.\n2. Start VS Code. Choose File in the main menu and select Open Folder.\n3. Select the top level folder from extracted files.\n4. Choose the Azure icon in the Activity bar, then in the **Azure: Functions** area, choose the **Deploy to function app** button.\nIf you aren't already signed in, choose the Azure icon in the Activity bar, then in the **Azure: Functions** area, choose **Sign in to Azure**\nIf you're already signed in, go to the next step.\n5. Provide the following information at the prompts:\n\n\ta. **Select folder:** Choose a folder from your workspace or browse to one that contains your function app.\n\n\tb. **Select Subscription:** Choose the subscription to use.\n\n\tc. Select **Create new Function App in Azure** (Don't choose the Advanced option)\n\n\td. **Enter a globally unique name for the function app:** Type a name that is valid in a URL path. The name you type is validated to make sure that it's unique in Azure Functions. (e.g. AbnormalSecurityXX).\n\n\te. **Select a runtime:** Choose Python 3.8.\n\n\tf. Select a location for new resources. For better performance and lower costs choose the same [region](https://azure.microsoft.com/regions/) where Microsoft Sentinel is located.\n\n6. Deployment will begin. A notification is displayed after your function app is created and the deployment package is applied.\n7. Go to Azure Portal for the Function App configuration."
                    },
                    {
                      "description": "**2. Configure the Function App**\n\n1. In the Function App, select the Function App Name and select **Configuration**.\n2. In the **Application settings** tab, select **+ New application setting**.\n3. Add each of the following application settings individually, with their respective string values (case-sensitive): \n\t\tSENTINEL_WORKSPACE_ID\n\t\tSENTINEL_SHARED_KEY\n\t\tABNORMAL_SECURITY_REST_API_TOKEN\n\t\tlogAnalyticsUri (optional)\n(add any other settings required by the Function App)\nSet the `uri` value to: `<add uri value>` \n>Note: If using Azure Key Vault secrets for any of the values above, use the`@Microsoft.KeyVault(SecretUri={Security Identifier})`schema in place of the string values. Refer to [Azure Key Vault references documentation](https://docs.microsoft.com/azure/app-service/app-service-key-vault-references) for further details.\n - Use logAnalyticsUri to override the log analytics API endpoint for dedicated cloud. For example, for public cloud, leave the value empty; for Azure GovUS cloud environment, specify the value in the following format: `https://<CustomerId>.ods.opinsights.azure.us.` \n4. Once all application settings have been entered, click **Save**."
                    }
                  ],
                  "metadata": {
                    "id": "fe1b4806-215b-4610-bf95-965a7a65579c",
                    "version": "1.0.0",
                    "kind": "dataConnector",
                    "source": {
                      "kind": "solution",
                      "name": "AbnormalSecurity"
                    },
                    "author": {
                      "name": "Abnormal Security"
                    },
                    "support": {
                      "tier": "developer",
                      "name": "Abnormal Security",
                      "link": "https://abnormalsecurity.com/contact"
                    }
                  }
                }
              }
            },
            {
              "type": "Microsoft.OperationalInsights/workspaces/providers/metadata",
              "apiVersion": "2022-01-01-preview",
              "name": "[concat(parameters('workspace'),'/Microsoft.SecurityInsights/',concat('DataConnector-', last(split(extensionResourceId(resourceId('Microsoft.OperationalInsights/workspaces', parameters('workspace')), 'Microsoft.SecurityInsights/dataConnectors', 'AbnormalSecurity'),'/'))))]",
              "properties": {
                "parentId": "[extensionResourceId(resourceId('Microsoft.OperationalInsights/workspaces', parameters('workspace')), 'Microsoft.SecurityInsights/dataConnectors', 'AbnormalSecurity')]",
                "contentId": "AbnormalSecurity",
                "kind": "DataConnector",
                "version": "1.0.0",
                "source": {
                  "kind": "Solution",
                  "name": "AbnormalSecurity",
                  "sourceId": "abnormalsecuritycorporation1593011233180.fe1b4806-215b-4610-bf95-965a7a65579c"
                },
                "author": {
                  "name": "AbnormalSecurity",
                  "email": "support@abnormalsecurity.com"
                },
                "support": {
                  "name": "Abnormal Security",
                  "tier": "Partner",
                  "link": "https://abnormalsecurity.com/contact"
                }
              }
            }
          ]
        },
        "packageKind": "Solution",
        "packageVersion": "2.0.1",
        "packageName": "Abnormal Security Events",
        "packageId": "abnormalsecuritycorporation1593011233180.fe1b4806-215b-4610-bf95-965a7a65579c",
        "contentSchemaVersion": "2.0.1"
      }
    }
  ]
}