{
  "$schema": "https://schema.management.azure.com/schemas/2019-04-01/deploymentTemplate.json#",
  "contentVersion": "1.0.0.0",
  "parameters": {
    "location": {
      "type": "string",
      "minLength": 1,
      "defaultValue": "[resourceGroup().location]",
      "metadata": {
        "description": "Not used, but needed to pass arm-ttk test `Location-Should-Not-Be-Hardcoded`.  We instead use the `workspace-location` which is derived from the LA workspace"
      }
    },
    "workspace-location": {
      "type": "string",
      "defaultValue": "",
      "metadata": {
        "description": "[concat('Region to deploy solution resources -- separate from location selection',parameters('location'))]"
      }
    },
    "workspace": {
      "defaultValue": "",
      "type": "string",
      "metadata": {
        "description": "Workspace name for Log Analytics where Microsoft Sentinel is setup"
      }
    }
  },
  "variables": {},
  "resources": [
    {
      "type": "Microsoft.OperationalInsights/workspaces/providers/packages",
      "location": "[parameters('workspace-location')]",
      "apiVersion": "2022-08-01",
      "properties": {
        "packageKind": "Standalone",
        "packageItems": {
          "resources": [
            {
              "type": "Microsoft.OperationalInsights/workspaces/providers/contentTemplates",
              "name": "[concat(parameters('workspace'),'/Microsoft.SecurityInsights/', '221ba640-3727-4b48-b30c-f5bb7398be7b')]",
              "location": "[parameters('workspace-location')]",
              "kind": "shared",
              "apiVersion": "2022-08-01",
              "properties": {
                "contentId": "221ba640-3727-4b48-b30c-f5bb7398be7b",
                "displayName": "qakbot-campaign-outlook",
                "contentKind": "HuntingQuery",
                "mainTemplate": {
                  "$schema": "https://schema.management.azure.com/schemas/2019-04-01/deploymentTemplate.json#",
                  "contentVersion": "1.0.0",
                  "resources": [
                    {
                      "type": "Microsoft.OperationalInsights/savedSearches",
                      "apiVersion": "2020-08-01",
                      "name": "221ba640-3727-4b48-b30c-f5bb7398be7b",
                      "location": "[parameters('workspace-location')]",
                      "properties": {
                        "eTag": "*",
                        "displayName": "qakbot-campaign-outlook",
                        "category": "Hunting Queries",
                        "query": "DeviceFileEvents\n| where FolderPath hasprefix \"EmailStorage\"\n| where FolderPath has \"Outlook\"\n| project FileName, FolderPath, InitiatingProcessFileName,\nInitiatingProcessCommandLine, DeviceId, Timestamp\n",
                        "version": 2,
                        "tags": [
                          {
                            "name": "description",
                            "value": "This query was originally published in the threat analytics report, Qakbot blight lingers, seeds ransomware\nQakbot is malware that steals login credentials from banking and financial services. It has been deployed against small businesses as well as major corporations. Some outbreaks have involved targeted ransomware campaigns that use a similar set of techniques. Links to related queries are listed under See also.\nThe following query detects attempts to access files in the local path that contain Outlook emails.\nReference - https://www.microsoft.com/security/blog/2017/11/06/mitigating-and-eliminating-info-stealing-qakbot-and-emotet-in-corporate-networks/\n"
                          },
                          {
                            "name": "tactics",
                            "value": "Discovery"
                          }
                        ]
                      }
                    },
                    {
                      "type": "Microsoft.OperationalInsights/workspaces/providers/metadata",
                      "apiVersion": "2021-03-01-preview",
                      "name": "[concat(parameters('workspace'),'/Microsoft.SecurityInsights/',concat('huntingQuery-', '221ba640-3727-4b48-b30c-f5bb7398be7b'))]",
                      "properties": {
                        "description": "This query was originally published in the threat analytics report, Qakbot blight lingers, seeds ransomware\nQakbot is malware that steals login credentials from banking and financial services. It has been deployed against small businesses as well as major corporations. Some outbreaks have involved targeted ransomware campaigns that use a similar set of techniques. Links to related queries are listed under See also.\nThe following query detects attempts to access files in the local path that contain Outlook emails.\nReference - https://www.microsoft.com/security/blog/2017/11/06/mitigating-and-eliminating-info-stealing-qakbot-and-emotet-in-corporate-networks/\n",
                        "version": "1.0.0",
                        "author": {
                          "name": "Community"
                        },
                        "support": {
                          "name": "Community",
                          "link": "https://github.com/Azure/Azure-Sentinel/issues",
                          "tier": "Community"
                        },
                        "source": {
                          "kind": "Community",
                          "name": "Standalone"
                        },
                        "threatAnalysisTactics": [
                          "Discovery"
                        ],
                        "contentId": "221ba640-3727-4b48-b30c-f5bb7398be7b",
                        "parentId": "221ba640-3727-4b48-b30c-f5bb7398be7b",
                        "kind": "HuntingQuery",
                        "dependencies": {
                          "operator": "AND",
                          "criteria": [
                            {
                              "contentId": "DeviceFileEvents",
                              "kind": "DataType"
                            }
                          ]
                        }
                      }
                    }
                  ]
                }
              }
            }
          ]
        },
        "author": {
          "name": "Community"
        },
        "dependencies": {
          "operator": "AND",
          "criteria": [
            {
              "contentId": "221ba640-3727-4b48-b30c-f5bb7398be7b",
              "kind": "HuntingQuery"
            }
          ]
        },
        "description": "This query was originally published in the threat analytics report, Qakbot blight lingers, seeds ransomware\nQakbot is malware that steals login credentials from banking and financial services. It has been deployed against small businesses as well as major corporations. Some outbreaks have involved targeted ransomware campaigns that use a similar set of techniques. Links to related queries are listed under See also.\nThe following query detects attempts to access files in the local path that contain Outlook emails.\nReference - https://www.microsoft.com/security/blog/2017/11/06/mitigating-and-eliminating-info-stealing-qakbot-and-emotet-in-corporate-networks/\n",
        "displayName": "qakbot-campaign-outlook",
        "packageId": "221ba640-3727-4b48-b30c-f5bb7398be7b",
        "source": {
          "kind": "Community",
          "name": "Standalone"
        },
        "support": {
          "name": "Community",
          "link": "https://github.com/Azure/Azure-Sentinel/issues",
          "tier": "Community"
        },
        "threatAnalysisTactics": [
          "Discovery"
        ],
        "version": "1.0.0"
      },
      "name": "221ba640-3727-4b48-b30c-f5bb7398be7b"
    }
  ]
}