{
  "$schema": "https://schema.management.azure.com/schemas/2019-04-01/deploymentTemplate.json#",
  "contentVersion": "1.0.0.0",
  "parameters": {
    "location": {
      "type": "string",
      "minLength": 1,
      "defaultValue": "[resourceGroup().location]",
      "metadata": {
        "description": "Not used, but needed to pass arm-ttk test `Location-Should-Not-Be-Hardcoded`.  We instead use the `workspace-location` which is derived from the LA workspace"
      }
    },
    "workspace-location": {
      "type": "string",
      "defaultValue": "",
      "metadata": {
        "description": "[concat('Region to deploy solution resources -- separate from location selection',parameters('location'))]"
      }
    },
    "workspace": {
      "defaultValue": "",
      "type": "string",
      "metadata": {
        "description": "Workspace name for Log Analytics where Microsoft Sentinel is setup"
      }
    }
  },
  "variables": {},
  "resources": [
    {
      "type": "Microsoft.OperationalInsights/workspaces/providers/packages",
      "location": "[parameters('workspace-location')]",
      "apiVersion": "2022-08-01",
      "properties": {
        "packageKind": "Standalone",
        "packageItems": {
          "resources": [
            {
              "type": "Microsoft.OperationalInsights/workspaces/providers/contentTemplates",
              "name": "[concat(parameters('workspace'),'/Microsoft.SecurityInsights/', '983a6922-894d-413c-9f04-d7add0ecc307')]",
              "location": "[parameters('workspace-location')]",
              "apiVersion": "2022-08-01",
              "properties": {
                "contentId": "983a6922-894d-413c-9f04-d7add0ecc307",
                "displayName": "Potential DGA detected (ASIM DNS Schema)",
                "contentKind": "AnalyticsRule",
                "mainTemplate": {
                  "$schema": "https://schema.management.azure.com/schemas/2019-04-01/deploymentTemplate.json#",
                  "contentVersion": "1.3.2",
                  "resources": [
                    {
                      "type": "Microsoft.OperationalInsights/workspaces/providers/alertRules",
                      "apiVersion": "2022-04-01-preview",
                      "name": "983a6922-894d-413c-9f04-d7add0ecc307",
                      "kind": "Scheduled",
                      "location": "[parameters('workspace-location')]",
                      "properties": {
                        "description": "Identifies clients with a high NXDomain count which could be indicative of a DGA (cycling through possible C2 domains\nwhere most C2s are not live). Alert is generated when a new IP address is seen (based on not being seen associated with \nNXDomain records in prior 10-day baseline period).\nThis analytic rule uses [ASIM](https://aka.ms/AboutASIM) and supports any built-in or custom source that supports the ASIM DNS schema",
                        "displayName": "Potential DGA detected (ASIM DNS Schema)",
                        "enabled": false,
                        "query": "let referencestarttime = 10d;\nlet referenceendtime = 1d;\nlet threshold = 100;\nlet nxDomainDnsEvents = (stime:datetime, etime:datetime) \n  {_Im_Dns(responsecodename='NXDOMAIN', starttime=stime, endtime=etime)\n  | where DnsQueryTypeName in (\"A\", \"AAAA\")\n  | where ipv4_is_match(\"127.0.0.1\", SrcIpAddr) == False\n  | where DnsQuery !contains \"/\" and  DnsQuery contains \".\"};\nnxDomainDnsEvents (stime=ago(referenceendtime) ,etime=now())\n  | extend sld = tostring(split(DnsQuery, \".\")[-2])\n  | summarize StartTimeUtc = min(TimeGenerated), EndTimeUtc = max(TimeGenerated), dcount(sld) by SrcIpAddr\n  | where dcount_sld > threshold\n  // Filter out previously seen IPs\n  | join kind=leftanti (nxDomainDnsEvents (stime=ago(referencestarttime), etime=ago(referenceendtime))\n    | extend sld = tostring(split(DnsQuery, \".\")[-2])\n    | summarize dcount(sld) by SrcIpAddr\n    | where dcount_sld > threshold ) on SrcIpAddr\n// Pull out sample NXDomain responses for those remaining potentially infected IPs\n| join kind = inner (nxDomainDnsEvents (stime=ago(referencestarttime), etime=now()) | summarize by DnsQuery, SrcIpAddr) on SrcIpAddr\n| summarize StartTimeUtc = min(StartTimeUtc), EndTimeUtc = max(EndTimeUtc), sampleNXDomainList=make_list(DnsQuery, 100)  by SrcIpAddr, dcount_sld\n| extend timestamp = StartTimeUtc, IPCustomEntity = SrcIpAddr\n",
                        "queryFrequency": "P1D",
                        "queryPeriod": "P10D",
                        "severity": "Medium",
                        "status": "Available",
                        "suppressionDuration": "PT1H",
                        "suppressionEnabled": false,
                        "triggerOperator": "GreaterThan",
                        "triggerThreshold": 0,
                        "tactics": [
                          "CommandAndControl"
                        ],
                        "techniques": [
                          "T1568",
                          "T1008"
                        ],
                        "entityMappings": [
                          {
                            "entityType": "IP",
                            "fieldMappings": [
                              {
                                "columnName": "IPCustomEntity",
                                "identifier": "Address"
                              }
                            ]
                          }
                        ],
                        "requiredDataConnectors": [
                          {
                            "connectorId": "AzureFirewall",
                            "dataTypes": [
                              "AzureDiagnostics"
                            ]
                          },
                          {
                            "connectorId": "CiscoUmbrellaDataConnector",
                            "dataTypes": [
                              "Cisco_Umbrella_dns_CL"
                            ]
                          },
                          {
                            "connectorId": "Corelight",
                            "dataTypes": [
                              "Corelight_CL"
                            ]
                          },
                          {
                            "connectorId": "DNS",
                            "dataTypes": [
                              "DnsEvents"
                            ]
                          },
                          {
                            "connectorId": "GCPDNSDataConnector",
                            "dataTypes": [
                              "GCP_DNS_CL"
                            ]
                          },
                          {
                            "connectorId": "InfobloxNIOS",
                            "dataTypes": [
                              "Syslog"
                            ]
                          },
                          {
                            "connectorId": "NXLogDnsLogs",
                            "dataTypes": [
                              "NXLog_DNS_Server_CL"
                            ]
                          },
                          {
                            "connectorId": "Zscaler",
                            "dataTypes": [
                              "CommonSecurityLog"
                            ]
                          }
                        ]
                      }
                    },
                    {
                      "type": "Microsoft.OperationalInsights/workspaces/providers/metadata",
                      "apiVersion": "2021-03-01-preview",
                      "properties": {
                        "description": "Identifies clients with a high NXDomain count which could be indicative of a DGA (cycling through possible C2 domains\nwhere most C2s are not live). Alert is generated when a new IP address is seen (based on not being seen associated with \nNXDomain records in prior 10-day baseline period).\nThis analytic rule uses [ASIM](https://aka.ms/AboutASIM) and supports any built-in or custom source that supports the ASIM DNS schema",
                        "version": "1.3.2",
                        "author": {
                          "name": "Yaron"
                        },
                        "support": {
                          "tier": "Community",
                          "name": "Community",
                          "link": "https://github.com/Azure/Azure-Sentinel/issues"
                        },
                        "source": {
                          "kind": "Community",
                          "name": "Standalone"
                        },
                        "threatAnalysisTactics": [
                          "CommandAndControl"
                        ],
                        "threatAnalyticsTechniques": [
                          "T1568",
                          "T1008"
                        ],
                        "contentId": "983a6922-894d-413c-9f04-d7add0ecc307",
                        "parentId": "983a6922-894d-413c-9f04-d7add0ecc307",
                        "kind": "AnalyticsRule",
                        "dependencies": {
                          "operator": "AND",
                          "criteria": [
                            {
                              "contentId": "DnsEvents",
                              "kind": "DataType"
                            },
                            {
                              "contentId": "AzureDiagnostics",
                              "kind": "DataType"
                            },
                            {
                              "contentId": "CommonSecurityLog",
                              "kind": "DataType"
                            },
                            {
                              "contentId": "Syslog",
                              "kind": "DataType"
                            },
                            {
                              "contentId": "GCP_DNS_CL",
                              "kind": "DataType"
                            },
                            {
                              "contentId": "NXLog_DNS_Server_CL",
                              "kind": "DataType"
                            },
                            {
                              "contentId": "Cisco_Umbrella_dns_CL",
                              "kind": "DataType"
                            },
                            {
                              "contentId": "Corelight_CL",
                              "kind": "DataType"
                            }
                          ]
                        }
                      }
                    }
                  ]
                }
              }
            }
          ]
        },
        "author": {
          "name": "Yaron"
        },
        "categories": {
          "domains": [
            "Security - Network"
          ]
        },
        "dependencies": {
          "operator": "AND",
          "criteria": [
            {
              "contentId": "983a6922-894d-413c-9f04-d7add0ecc307",
              "kind": "AnalyticsRule"
            }
          ]
        },
        "description": "Identifies clients with a high NXDomain count which could be indicative of a DGA (cycling through possible C2 domains\nwhere most C2s are not live). Alert is generated when a new IP address is seen (based on not being seen associated with \nNXDomain records in prior 10-day baseline period).\nThis analytic rule uses [ASIM](https://aka.ms/AboutASIM) and supports any built-in or custom source that supports the ASIM DNS schema",
        "displayName": "Potential DGA detected (ASIM DNS Schema)",
        "packageId": "983a6922-894d-413c-9f04-d7add0ecc307",
        "source": {
          "kind": "Community",
          "name": "Standalone"
        },
        "support": {
          "tier": "Community",
          "name": "Community",
          "link": "https://github.com/Azure/Azure-Sentinel/issues"
        },
        "threatAnalysisTactics": [
          "CommandAndControl"
        ],
        "threatAnalyticsTechniques": [
          "T1568",
          "T1008"
        ],
        "version": "1.3.2"
      },
      "name": "[concat(parameters('workspace'),'/Microsoft.SecurityInsights/', '983a6922-894d-413c-9f04-d7add0ecc307')]"
    }
  ]
}