{
  "$schema": "https://schema.management.azure.com/schemas/2019-04-01/deploymentTemplate.json#",
  "parameters": {
    "location": {
      "type": "string",
      "minLength": 1,
      "defaultValue": "[resourceGroup().location]",
      "metadata": {
        "description": "Not used, but needed to pass arm-ttk test `Location-Should-Not-Be-Hardcoded`.  We instead use the `workspace-location` which is derived from the LA workspace"
      }
    },
    "workspace-location": {
      "type": "string",
      "defaultValue": "",
      "metadata": {
        "description": "[concat('Region to deploy solution resources -- separate from location selection',parameters('location'))]"
      }
    },
    "workspace": {
      "defaultValue": "",
      "type": "string",
      "metadata": {
        "description": "Workspace name for Log Analytics where Microsoft Sentinel is setup"
      }
    }
  },
  "variables": {},
  "resources": [
    {
      "type": "Microsoft.OperationalInsights/workspaces/providers/packages",
      "location": "[parameters('workspace-location')]",
      "apiVersion": "2022-08-01",
      "properties": {
        "packageKind": "Standalone",
        "packageItems": {
          "resources": [
            {
              "type": "Microsoft.OperationalInsights/workspaces/providers/contentTemplates",
              "name": "[concat(parameters('workspace'),'/Microsoft.SecurityInsights/', '271e8881-3044-4332-a5f4-42264c2e0315')]",
              "location": "[parameters('workspace-location')]",
              "kind": "shared",
              "apiVersion": "2022-08-01",
              "properties": {
                "contentId": "271e8881-3044-4332-a5f4-42264c2e0315",
                "displayName": "Anomalous access to other user's mailboxes",
                "contentKind": "HuntingQuery",
                "mainTemplate": {
                  "$schema": "https://schema.management.azure.com/schemas/2019-04-01/deploymentTemplate.json#",
                  "contentVersion": "1.0.0",
                  "resources": [
                    {
                      "type": "Microsoft.OperationalInsights/savedSearches",
                      "apiVersion": "2020-08-01",
                      "name": "271e8881-3044-4332-a5f4-42264c2e0315",
                      "location": "[parameters('workspace-location')]",
                      "properties": {
                        "eTag": "*",
                        "displayName": "Anomalous access to other user's mailboxes",
                        "category": "Hunting Queries",
                        "query": "\nlet starttime = todatetime('{{StartTimeISO}}');\nlet endtime = todatetime('{{EndTimeISO}}');\nlet lookback = totimespan((endtime-starttime)*2);\n//Adjust this value to alter how many mailbox (other than their own) a user needs to access before being included in results\nlet user_threshold = 1;\n//Adjust this value to alter how many mailbox folders in other's email accounts a users needs to access before being included in results.\nlet folder_threshold = 5;\n//Exclude historical as known good (set lookback and timeframe to same value to skip this)\nOfficeActivity\n| where TimeGenerated between(ago(lookback)..starttime)\n| where Operation =~ \"MailItemsAccessed\"\n| where ResultStatus =~ \"Succeeded\"\n| where tolower(MailboxOwnerUPN) != tolower(UserId)\n| join kind=rightanti(\nOfficeActivity\n| where TimeGenerated between(starttime..endtime)\n| where Operation =~ \"MailItemsAccessed\"\n| where ResultStatus =~ \"Succeeded\"\n| where tolower(MailboxOwnerUPN) != tolower(UserId)) on MailboxOwnerUPN, UserId\n| where isnotempty(Folders)\n| mv-expand parse_json(Folders)\n| extend folders = tostring(Folders.Path)\n| extend ClientIP = iif(Client_IPAddress startswith \"[\", extract(\"\\\\[([^\\\\]]*)\", 1, Client_IPAddress), Client_IPAddress)\n| summarize StartTime=max(TimeGenerated), EndTime=min(TimeGenerated), make_set(folders), make_set(ClientInfoString), make_set(ClientIP), make_set(MailboxGuid), make_set(MailboxOwnerUPN)  by UserId\n| extend folder_count = array_length(set_folders)\n| extend user_count = array_length(set_MailboxGuid)\n| where user_count > user_threshold or folder_count > folder_threshold\n| extend Reason = case(user_count > user_threshold and folder_count > folder_threshold, \"Both User and Folder Threshold Exceeded\", folder_count > folder_threshold and user_count < user_threshold, \"Folder Count Threshold Exceeded\",\"User Threshold Exceeded\")\n| sort by user_count desc\n| project-reorder UserId, user_count, folder_count, set_MailboxOwnerUPN, set_ClientIP, set_ClientInfoString, set_folders\n| extend timestamp = StartTime, AccountCustomEntity = UserId\n",
                        "version": 2,
                        "tags": [
                          {
                            "name": "description",
                            "value": "'Looks for users accessing multiple other user's mailboxes or accessing multiple folders in another users mailbox'\n"
                          },
                          {
                            "name": "techniques",
                            "value": ""
                          },
                          {
                            "name": "tactics",
                            "value": "Collection"
                          }
                        ]
                      }
                    },
                    {
                      "type": "Microsoft.OperationalInsights/workspaces/providers/metadata",
                      "apiVersion": "2021-03-01-preview",
                      "name": "[concat(parameters('workspace'),'/Microsoft.SecurityInsights/',concat('huntingQuery-', '271e8881-3044-4332-a5f4-42264c2e0315'))]",
                      "properties": {
                        "description": "'Looks for users accessing multiple other user's mailboxes or accessing multiple folders in another users mailbox'\n",
                        "contentId": "271e8881-3044-4332-a5f4-42264c2e0315",
                        "version": "1.0.0",
                        "source": {
                          "kind": "Community"
                        },
                        "threatAnalysisTactics": [
                          "Collection"
                        ],
                        "threatAnalyticsTechniques": [
                          "T1114.002"
                        ],
                        "parentId": "271e8881-3044-4332-a5f4-42264c2e0315",
                        "kind": "HuntingQuery",
                        "dependencies": {
                          "operator": "AND",
                          "criteria": [
                            {
                              "contentId": "OfficeActivity",
                              "kind": "DataType"
                            }
                          ]
                        }
                      }
                    }
                  ]
                }
              }
            }
          ]
        },
        "contentId": "271e8881-3044-4332-a5f4-42264c2e0315",
        "dependencies": {
          "operator": "AND",
          "criteria": [
            {
              "contentId": "271e8881-3044-4332-a5f4-42264c2e0315",
              "kind": "HuntingQuery"
            }
          ]
        },
        "description": "'Looks for users accessing multiple other user's mailboxes or accessing multiple folders in another users mailbox'\n",
        "displayName": "Anomalous access to other user's mailboxes",
        "source": {
          "kind": "Community"
        },
        "threatAnalysisTactics": [
          "Collection"
        ],
        "threatAnalyticsTechniques": [
          "T1114.002"
        ],
        "version": "1.0.0"
      },
      "name": "[concat(parameters('workspace'),'/Microsoft.SecurityInsights/', '271e8881-3044-4332-a5f4-42264c2e0315')]"
    }
  ]
}