{
  "$schema": "https://schema.management.azure.com/schemas/2019-04-01/deploymentTemplate.json#",
  "parameters": {
    "location": {
      "type": "string",
      "minLength": 1,
      "defaultValue": "[resourceGroup().location]",
      "metadata": {
        "description": "Not used, but needed to pass arm-ttk test `Location-Should-Not-Be-Hardcoded`.  We instead use the `workspace-location` which is derived from the LA workspace"
      }
    },
    "workspace-location": {
      "type": "string",
      "defaultValue": "",
      "metadata": {
        "description": "[concat('Region to deploy solution resources -- separate from location selection',parameters('location'))]"
      }
    },
    "workspace": {
      "defaultValue": "",
      "type": "string",
      "metadata": {
        "description": "Workspace name for Log Analytics where Microsoft Sentinel is setup"
      }
    }
  },
  "variables": {},
  "resources": [
    {
      "type": "Microsoft.OperationalInsights/workspaces/providers/packages",
      "location": "[parameters('workspace-location')]",
      "apiVersion": "2022-08-01",
      "properties": {
        "packageKind": "Standalone",
        "packageItems": {
          "resources": [
            {
              "type": "Microsoft.OperationalInsights/workspaces/providers/contentTemplates",
              "name": "[concat(parameters('workspace'),'/Microsoft.SecurityInsights/', '90d3f6ec-80fb-48e0-9937-2c70c9df9bad')]",
              "location": "[parameters('workspace-location')]",
              "apiVersion": "2022-08-01",
              "properties": {
                "contentId": "90d3f6ec-80fb-48e0-9937-2c70c9df9bad",
                "displayName": "Squid proxy events for ToR proxies",
                "contentKind": "AnalyticsRule",
                "mainTemplate": {
                  "$schema": "https://schema.management.azure.com/schemas/2019-04-01/deploymentTemplate.json#",
                  "contentVersion": "1.0.0",
                  "resources": [
                    {
                      "type": "Microsoft.OperationalInsights/workspaces/providers/alertRules",
                      "apiVersion": "2022-04-01-preview",
                      "name": "[concat(parameters('workspace'),'/Microsoft.SecurityInsights/', '' )]",
                      "kind": "Scheduled",
                      "location": "[parameters('workspace-location')]",
                      "properties": {
                        "description": "Check for Squid proxy events associated with common ToR proxies. This query presumes the default squid log format is being used.\nhttp://www.squid-cache.org/Doc/config/access_log/",
                        "displayName": "Squid proxy events for ToR proxies",
                        "enabled": false,
                        "query": "\nlet DomainList = dynamic([\"tor2web.org\", \"tor2web.com\", \"torlink.co\", \"onion.to\", \"onion.ink\", \"onion.cab\", \"onion.nu\", \"onion.link\", \n\"onion.it\", \"onion.city\", \"onion.direct\", \"onion.top\", \"onion.casa\", \"onion.plus\", \"onion.rip\", \"onion.dog\", \"tor2web.fi\", \n\"tor2web.blutmagie.de\", \"onion.sh\", \"onion.lu\", \"onion.pet\", \"t2w.pw\", \"tor2web.ae.org\", \"tor2web.io\", \"tor2web.xyz\", \"onion.lt\", \n\"s1.tor-gateways.de\", \"s2.tor-gateways.de\", \"s3.tor-gateways.de\", \"s4.tor-gateways.de\", \"s5.tor-gateways.de\", \"hiddenservice.net\"]);\nSyslog\n| where ProcessName contains \"squid\"\n| extend URL = extract(\"(([A-Z]+ [a-z]{4,5}:\\\\/\\\\/)|[A-Z]+ )([^ :]*)\",3,SyslogMessage), \n        SourceIP = extract(\"([0-9]+ )(([0-9]{1,3})\\\\.([0-9]{1,3})\\\\.([0-9]{1,3})\\\\.([0-9]{1,3}))\",2,SyslogMessage), \n        Status = extract(\"(TCP_(([A-Z]+)(_[A-Z]+)*)|UDP_(([A-Z]+)(_[A-Z]+)*))\",1,SyslogMessage), \n        HTTP_Status_Code = extract(\"(TCP_(([A-Z]+)(_[A-Z]+)*)|UDP_(([A-Z]+)(_[A-Z]+)*))/([0-9]{3})\",8,SyslogMessage),\n        User = extract(\"(CONNECT |GET )([^ ]* )([^ ]+)\",3,SyslogMessage),\n        RemotePort = extract(\"(CONNECT |GET )([^ ]*)(:)([0-9]*)\",4,SyslogMessage),\n        Domain = extract(\"(([A-Z]+ [a-z]{4,5}:\\\\/\\\\/)|[A-Z]+ )([^ :\\\\/]*)\",3,SyslogMessage),\n        Bytes = toint(extract(\"([A-Z]+\\\\/[0-9]{3} )([0-9]+)\",2,SyslogMessage)),\n        contentType = extract(\"([a-z/]+$)\",1,SyslogMessage)\n| extend TLD = extract(\"\\\\.[a-z]*$\",0,Domain)\n| where HTTP_Status_Code == \"200\"\n| where Domain contains \".\"\n| where Domain has_any (DomainList)\n| extend timestamp = TimeGenerated, URLCustomEntity = URL, IPCustomEntity = SourceIP, AccountCustomEntity = User\n",
                        "queryFrequency": "P1D",
                        "queryPeriod": "P1D",
                        "severity": "Low",
                        "suppressionDuration": "PT1H",
                        "suppressionEnabled": false,
                        "triggerOperator": "GreaterThan",
                        "triggerThreshold": 0,
                        "tactics": [
                          "CommandAndControl"
                        ],
                        "entityMappings": [
                          {
                            "entityType": "Account",
                            "fieldMappings": [
                              {
                                "columnName": "AccountCustomEntity",
                                "identifier": "FullName"
                              }
                            ]
                          },
                          {
                            "entityType": "IP",
                            "fieldMappings": [
                              {
                                "columnName": "IPCustomEntity",
                                "identifier": "Address"
                              }
                            ]
                          },
                          {
                            "entityType": "URL",
                            "fieldMappings": [
                              {
                                "columnName": "URLCustomEntity",
                                "identifier": "Url"
                              }
                            ]
                          }
                        ]
                      }
                    },
                    {
                      "type": "Microsoft.OperationalInsights/workspaces/providers/metadata",
                      "apiVersion": "2021-03-01-preview",
                      "name": "[concat(parameters('workspace'),'/Microsoft.SecurityInsights/', '')]",
                      "properties": {
                        "description": "'Check for Squid proxy events associated with common ToR proxies. This query presumes the default squid log format is being used.\nhttp://www.squid-cache.org/Doc/config/access_log/'\n",
                        "contentId": "90d3f6ec-80fb-48e0-9937-2c70c9df9bad",
                        "version": "1.0.0",
                        "source": {
                          "kind": "Community"
                        },
                        "threatAnalysisTactics": [
                          "CommandAndControl"
                        ],
                        "threatAnalyticsTechniques": [
                          "T1090",
                          "T1008"
                        ],
                        "parentId": "90d3f6ec-80fb-48e0-9937-2c70c9df9bad",
                        "kind": "AnalyticsRule",
                        "dependencies": {
                          "operator": "AND",
                          "criteria": [
                            {
                              "contentId": "Syslog",
                              "kind": "DataType"
                            }
                          ]
                        }
                      }
                    }
                  ]
                }
              }
            }
          ]
        },
        "contentId": "90d3f6ec-80fb-48e0-9937-2c70c9df9bad",
        "dependencies": {
          "operator": "AND",
          "criteria": [
            {
              "contentId": "90d3f6ec-80fb-48e0-9937-2c70c9df9bad",
              "kind": "AnalyticsRule"
            }
          ]
        },
        "description": "'Check for Squid proxy events associated with common ToR proxies. This query presumes the default squid log format is being used.\nhttp://www.squid-cache.org/Doc/config/access_log/'\n",
        "displayName": "Squid proxy events for ToR proxies",
        "source": {
          "kind": "Community"
        },
        "threatAnalysisTactics": [
          "CommandAndControl"
        ],
        "threatAnalyticsTechniques": [
          "T1090",
          "T1008"
        ],
        "version": "1.0.0"
      },
      "name": "[concat(parameters('workspace'),'/Microsoft.SecurityInsights/', '90d3f6ec-80fb-48e0-9937-2c70c9df9bad')]"
    }
  ]
}