{
  "$schema": "https://schema.management.azure.com/schemas/2019-04-01/deploymentTemplate.json#",
  "contentVersion": "1.0.0.0",
  "parameters": {
    "location": {
      "type": "string",
      "minLength": 1,
      "defaultValue": "[resourceGroup().location]",
      "metadata": {
        "description": "Not used, but needed to pass arm-ttk test `Location-Should-Not-Be-Hardcoded`.  We instead use the `workspace-location` which is derived from the LA workspace"
      }
    },
    "workspace-location": {
      "type": "string",
      "defaultValue": "",
      "metadata": {
        "description": "[concat('Region to deploy solution resources -- separate from location selection',parameters('location'))]"
      }
    },
    "workspace": {
      "defaultValue": "",
      "type": "string",
      "metadata": {
        "description": "Workspace name for Log Analytics where Microsoft Sentinel is setup"
      }
    }
  },
  "variables": {},
  "resources": [
    {
      "type": "Microsoft.OperationalInsights/workspaces/providers/packages",
      "location": "[parameters('workspace-location')]",
      "apiVersion": "2022-08-01",
      "properties": {
        "packageKind": "Standalone",
        "packageItems": {
          "resources": [
            {
              "type": "Microsoft.OperationalInsights/workspaces/providers/contentTemplates",
              "name": "[concat(parameters('workspace'),'/Microsoft.SecurityInsights/', '05250700-5123-45be-826d-dd14c623fade')]",
              "location": "[parameters('workspace-location')]",
              "kind": "shared",
              "apiVersion": "2022-08-01",
              "properties": {
                "contentId": "05250700-5123-45be-826d-dd14c623fade",
                "displayName": "Antivirus detections (1)",
                "contentKind": "HuntingQuery",
                "mainTemplate": {
                  "$schema": "https://schema.management.azure.com/schemas/2019-04-01/deploymentTemplate.json#",
                  "contentVersion": "1.0.0",
                  "resources": [
                    {
                      "type": "Microsoft.OperationalInsights/savedSearches",
                      "apiVersion": "2020-08-01",
                      "name": "05250700-5123-45be-826d-dd14c623fade",
                      "location": "[parameters('workspace-location')]",
                      "properties": {
                        "eTag": "*",
                        "displayName": "Antivirus detections (1)",
                        "category": "Hunting Queries",
                        "query": "// Query #2:\n//    This query select only machines where more than 1 malware family was detected.\n//    Such behavior is usually indicative that some malware was active on the machine\n// Implementation details:\n//    This query looks for alerts on Windows Defender Antivirus detections.\n//    For most purposes it is probably better to query on the events themselves (see query #1).\n//    However, this query might still be useful sometimes (e.g. to quickly parse the family name).\nAlertInfo | join AlertEvidence on AlertId\n| where Title contains \"Defender AV detected\"\n| parse Title with *\"'\"FamilyName\"'\"*\n| summarize FamilyCount=dcount(FamilyName), Families=makeset(FamilyName), Titles=makeset(Title) by DeviceName, DeviceId, bin(Timestamp, 1d)\n| where FamilyCount > 1\n| limit 100 \n",
                        "version": 2,
                        "tags": [
                          {
                            "name": "description",
                            "value": "Query for Microsoft Defender Antivirus detections.\nQuery #1: Query for Antivirus detection events.\n"
                          }
                        ]
                      }
                    },
                    {
                      "type": "Microsoft.OperationalInsights/workspaces/providers/metadata",
                      "apiVersion": "2021-03-01-preview",
                      "name": "[concat(parameters('workspace'),'/Microsoft.SecurityInsights/',concat('huntingQuery-', '05250700-5123-45be-826d-dd14c623fade'))]",
                      "properties": {
                        "description": "Query for Microsoft Defender Antivirus detections.\nQuery #1: Query for Antivirus detection events.\n",
                        "version": "1.0.0",
                        "author": {
                          "name": "Community"
                        },
                        "support": {
                          "name": "Community",
                          "link": "https://github.com/Azure/Azure-Sentinel/issues",
                          "tier": "Community"
                        },
                        "source": {
                          "kind": "Community",
                          "name": "Standalone"
                        },
                        "contentId": "05250700-5123-45be-826d-dd14c623fade",
                        "parentId": "05250700-5123-45be-826d-dd14c623fade",
                        "kind": "HuntingQuery",
                        "dependencies": {
                          "operator": "AND",
                          "criteria": [
                            {
                              "contentId": "AlertInfo",
                              "kind": "DataType"
                            },
                            {
                              "contentId": "AlertEvidence",
                              "kind": "DataType"
                            }
                          ]
                        }
                      }
                    }
                  ]
                }
              }
            }
          ]
        },
        "author": {
          "name": "Community"
        },
        "dependencies": {
          "operator": "AND",
          "criteria": [
            {
              "contentId": "05250700-5123-45be-826d-dd14c623fade",
              "kind": "HuntingQuery"
            }
          ]
        },
        "description": "Query for Microsoft Defender Antivirus detections.\nQuery #1: Query for Antivirus detection events.\n",
        "displayName": "Antivirus detections (1)",
        "packageId": "05250700-5123-45be-826d-dd14c623fade",
        "source": {
          "kind": "Community",
          "name": "Standalone"
        },
        "support": {
          "name": "Community",
          "link": "https://github.com/Azure/Azure-Sentinel/issues",
          "tier": "Community"
        },
        "version": "1.0.0"
      },
      "name": "05250700-5123-45be-826d-dd14c623fade"
    }
  ]
}