{
  "$schema": "https://schema.management.azure.com/schemas/2019-04-01/deploymentTemplate.json#",
  "contentVersion": "1.0.0.0",
  "parameters": {
    "location": {
      "type": "string",
      "minLength": 1,
      "defaultValue": "[resourceGroup().location]",
      "metadata": {
        "description": "Not used, but needed to pass arm-ttk test `Location-Should-Not-Be-Hardcoded`.  We instead use the `workspace-location` which is derived from the LA workspace"
      }
    },
    "workspace-location": {
      "type": "string",
      "defaultValue": "",
      "metadata": {
        "description": "[concat('Region to deploy solution resources -- separate from location selection',parameters('location'))]"
      }
    },
    "workspace": {
      "defaultValue": "",
      "type": "string",
      "metadata": {
        "description": "Workspace name for Log Analytics where Microsoft Sentinel is setup"
      }
    }
  },
  "variables": {},
  "resources": [
    {
      "type": "Microsoft.OperationalInsights/workspaces/providers/packages",
      "location": "[parameters('workspace-location')]",
      "apiVersion": "2022-08-01",
      "properties": {
        "packageKind": "Standalone",
        "packageItems": {
          "resources": [
            {
              "type": "Microsoft.OperationalInsights/workspaces/providers/contentTemplates",
              "name": "[concat(parameters('workspace'),'/Microsoft.SecurityInsights/', '10a17179-d143-476d-80cd-c5a6cca66d59')]",
              "location": "[parameters('workspace-location')]",
              "kind": "shared",
              "apiVersion": "2022-08-01",
              "properties": {
                "contentId": "10a17179-d143-476d-80cd-c5a6cca66d59",
                "displayName": "detect-doublepulsar-execution",
                "contentKind": "HuntingQuery",
                "mainTemplate": {
                  "$schema": "https://schema.management.azure.com/schemas/2019-04-01/deploymentTemplate.json#",
                  "contentVersion": "1.0.0",
                  "resources": [
                    {
                      "type": "Microsoft.OperationalInsights/savedSearches",
                      "apiVersion": "2020-08-01",
                      "name": "10a17179-d143-476d-80cd-c5a6cca66d59",
                      "location": "[parameters('workspace-location')]",
                      "properties": {
                        "eTag": "*",
                        "displayName": "detect-doublepulsar-execution",
                        "category": "Hunting Queries",
                        "query": "//DoublePulsar execution\nDeviceProcessEvents\n| where Timestamp > ago(7d)\n| where SHA1 == \"be855cd1bfc1e1446a3390c693f29e2a3007c04e\" or\n(ProcessCommandLine contains \"targetport\" and ProcessCommandLine contains \"targetip\" and\n(ProcessCommandLine contains \"payload\" or ProcessCommandLine contains \"verifybackdoor\"))\n",
                        "version": 2,
                        "tags": [
                          {
                            "name": "description",
                            "value": "This query was originally published in the threat analytics report, Motivated miners.\nDoublepulsar is a backdoor developed by the National Security Agency (NSA). First disclosed in 2017, it is now used by many malicious actors. Software patches are available.\nThe following query detects possible DoublePulsar execution events.\nSee Detect web server exploitation by DoublePulsar for a query that detects behaviors associated with campaigns that use DoublePulsar.\nReferences:\nhttps://www.microsoft.com/wdsi/threats/malware-encyclopedia-description?Name=Trojan:Win32/DoublePulsar&threatId=-2147239036\nhttps://www.scmagazine.com/home/security-news/cybercrime/doublepulsar-malware-spreading-rapidly-in-the-wild-following-shadow-brokers-dump/\nhttps://support.microsoft.com/help/4013389/title\n"
                          },
                          {
                            "name": "tactics",
                            "value": "Execution"
                          }
                        ]
                      }
                    },
                    {
                      "type": "Microsoft.OperationalInsights/workspaces/providers/metadata",
                      "apiVersion": "2021-03-01-preview",
                      "name": "[concat(parameters('workspace'),'/Microsoft.SecurityInsights/',concat('huntingQuery-', '10a17179-d143-476d-80cd-c5a6cca66d59'))]",
                      "properties": {
                        "description": "This query was originally published in the threat analytics report, Motivated miners.\nDoublepulsar is a backdoor developed by the National Security Agency (NSA). First disclosed in 2017, it is now used by many malicious actors. Software patches are available.\nThe following query detects possible DoublePulsar execution events.\nSee Detect web server exploitation by DoublePulsar for a query that detects behaviors associated with campaigns that use DoublePulsar.\nReferences:\nhttps://www.microsoft.com/wdsi/threats/malware-encyclopedia-description?Name=Trojan:Win32/DoublePulsar&threatId=-2147239036\nhttps://www.scmagazine.com/home/security-news/cybercrime/doublepulsar-malware-spreading-rapidly-in-the-wild-following-shadow-brokers-dump/\nhttps://support.microsoft.com/help/4013389/title\n",
                        "version": "1.0.0",
                        "author": {
                          "name": "Community"
                        },
                        "support": {
                          "name": "Community",
                          "link": "https://github.com/Azure/Azure-Sentinel/issues",
                          "tier": "Community"
                        },
                        "source": {
                          "kind": "Community",
                          "name": "Standalone"
                        },
                        "threatAnalysisTactics": [
                          "Execution"
                        ],
                        "contentId": "10a17179-d143-476d-80cd-c5a6cca66d59",
                        "parentId": "10a17179-d143-476d-80cd-c5a6cca66d59",
                        "kind": "HuntingQuery",
                        "dependencies": {
                          "operator": "AND",
                          "criteria": [
                            {
                              "contentId": "DeviceProcessEvents",
                              "kind": "DataType"
                            }
                          ]
                        }
                      }
                    }
                  ]
                }
              }
            }
          ]
        },
        "author": {
          "name": "Community"
        },
        "dependencies": {
          "operator": "AND",
          "criteria": [
            {
              "contentId": "10a17179-d143-476d-80cd-c5a6cca66d59",
              "kind": "HuntingQuery"
            }
          ]
        },
        "description": "This query was originally published in the threat analytics report, Motivated miners.\nDoublepulsar is a backdoor developed by the National Security Agency (NSA). First disclosed in 2017, it is now used by many malicious actors. Software patches are available.\nThe following query detects possible DoublePulsar execution events.\nSee Detect web server exploitation by DoublePulsar for a query that detects behaviors associated with campaigns that use DoublePulsar.\nReferences:\nhttps://www.microsoft.com/wdsi/threats/malware-encyclopedia-description?Name=Trojan:Win32/DoublePulsar&threatId=-2147239036\nhttps://www.scmagazine.com/home/security-news/cybercrime/doublepulsar-malware-spreading-rapidly-in-the-wild-following-shadow-brokers-dump/\nhttps://support.microsoft.com/help/4013389/title\n",
        "displayName": "detect-doublepulsar-execution",
        "packageId": "10a17179-d143-476d-80cd-c5a6cca66d59",
        "source": {
          "kind": "Community",
          "name": "Standalone"
        },
        "support": {
          "name": "Community",
          "link": "https://github.com/Azure/Azure-Sentinel/issues",
          "tier": "Community"
        },
        "threatAnalysisTactics": [
          "Execution"
        ],
        "version": "1.0.0"
      },
      "name": "10a17179-d143-476d-80cd-c5a6cca66d59"
    }
  ]
}