{
  "$schema": "https://schema.management.azure.com/schemas/2019-04-01/deploymentTemplate.json#",
  "contentVersion": "1.0.0.0",
  "parameters": {
    "location": {
      "type": "string",
      "minLength": 1,
      "defaultValue": "[resourceGroup().location]",
      "metadata": {
        "description": "Not used, but needed to pass arm-ttk test `Location-Should-Not-Be-Hardcoded`.  We instead use the `workspace-location` which is derived from the LA workspace"
      }
    },
    "workspace-location": {
      "type": "string",
      "defaultValue": "",
      "metadata": {
        "description": "[concat('Region to deploy solution resources -- separate from location selection',parameters('location'))]"
      }
    },
    "workspace": {
      "defaultValue": "",
      "type": "string",
      "metadata": {
        "description": "Workspace name for Log Analytics where Microsoft Sentinel is setup"
      }
    }
  },
  "variables": {},
  "resources": [
    {
      "type": "Microsoft.OperationalInsights/workspaces/providers/packages",
      "location": "[parameters('workspace-location')]",
      "apiVersion": "2022-08-01",
      "properties": {
        "packageKind": "Standalone",
        "packageItems": {
          "resources": [
            {
              "type": "Microsoft.OperationalInsights/workspaces/providers/contentTemplates",
              "name": "[concat(parameters('workspace'),'/Microsoft.SecurityInsights/', '148de00b-e647-4767-9201-c3cbf51befb1')]",
              "location": "[parameters('workspace-location')]",
              "kind": "shared",
              "apiVersion": "2022-08-01",
              "properties": {
                "contentId": "148de00b-e647-4767-9201-c3cbf51befb1",
                "displayName": "MailItemsAccessedTimeSeries[Solarigate]",
                "contentKind": "HuntingQuery",
                "mainTemplate": {
                  "$schema": "https://schema.management.azure.com/schemas/2019-04-01/deploymentTemplate.json#",
                  "contentVersion": "1.0.0",
                  "resources": [
                    {
                      "type": "Microsoft.OperationalInsights/savedSearches",
                      "apiVersion": "2020-08-01",
                      "name": "148de00b-e647-4767-9201-c3cbf51befb1",
                      "location": "[parameters('workspace-location')]",
                      "properties": {
                        "eTag": "*",
                        "displayName": "MailItemsAccessedTimeSeries[Solarigate]",
                        "category": "Hunting Queries",
                        "query": "let starttime = 14d;\nlet endtime = 1d;\nlet timeframe = 1h;\nlet scorethreshold = 1.5;\nlet percentthreshold = 50;\n// Preparing the time series data aggregated hourly count of MailItemsAccessd Operation in the form of multi-value array to use with time series anomaly function.\nlet TimeSeriesData =\n    CloudAppEvents \n    | where Timestamp   between (startofday(ago(starttime))..startofday(ago(endtime)))\n    | where ActionType =~ \"MailItemsAccessed\"\n    | where Application has \"Exchange\"\n    | extend RawEventData = parse_json(RawEventData)\n    | where RawEventData.ResultStatus == \"Succeeded\"  \n    | project Timestamp, ActionType, RawEventData.MailboxOwnerUPN    \n    | make-series Total=count() on Timestamp from startofday(ago(starttime)) to startofday(ago(endtime)) step timeframe;\nlet TimeSeriesAlerts =\n  TimeSeriesData\n  | extend (anomalies, score, baseline) = series_decompose_anomalies(Total, scorethreshold, -1, 'linefit')\n  | mv-expand Total to typeof(double), Timestamp to typeof(datetime), anomalies to typeof(double), score to typeof(double), baseline to typeof(long)\n  | where anomalies > 0\n  | project Timestamp, Total, baseline, anomalies, score;\n  // Joining the flagged outlier from the previous step with the original dataset to present contextual information\n  // during the anomalyhour to analysts to conduct investigation or informed decisions.\n  TimeSeriesAlerts | where Timestamp > ago(2d)  \n  // Join against base logs since specified timeframe to retrive records associated with the hour of anomoly\n  | join (\n      CloudAppEvents \n        | where Timestamp > ago(2d)\n        | where ActionType =~ \"MailItemsAccessed\"\n        | where Application has \"Exchange\"\n        | extend RawEventData = parse_json(RawEventData)\n        | where RawEventData.ResultStatus == \"Succeeded\"  \n  ) on Timestamp\n",
                        "version": 2,
                        "tags": [
                          {
                            "name": "description",
                            "value": "Identifies anomalous increases in Exchange mail items accessed operations.\nThe query leverages KQL built-in anomaly detection algorithms to find large deviations from baseline patterns.\nSudden increases in execution frequency of sensitive actions should be further investigated for malicious activity.\nManually change scorethreshold from 1.5 to 3 or higher to reduce the noise based on outliers flagged from the query criteria.\nRead more about MailItemsAccessed- https://docs.microsoft.com/microsoft-365/compliance/advanced-audit?view=o365-worldwide#mailitemsaccessed\nQuery insprired by Azure Sentinel detection https://github.com/Azure/Azure-Sentinel/blob/master/Detections/OfficeActivity/MailItemsAccessedTimeSeries.yaml\n"
                          },
                          {
                            "name": "tactics",
                            "value": "Collection"
                          }
                        ]
                      }
                    },
                    {
                      "type": "Microsoft.OperationalInsights/workspaces/providers/metadata",
                      "apiVersion": "2021-03-01-preview",
                      "name": "[concat(parameters('workspace'),'/Microsoft.SecurityInsights/',concat('huntingQuery-', '148de00b-e647-4767-9201-c3cbf51befb1'))]",
                      "properties": {
                        "description": "Identifies anomalous increases in Exchange mail items accessed operations.\nThe query leverages KQL built-in anomaly detection algorithms to find large deviations from baseline patterns.\nSudden increases in execution frequency of sensitive actions should be further investigated for malicious activity.\nManually change scorethreshold from 1.5 to 3 or higher to reduce the noise based on outliers flagged from the query criteria.\nRead more about MailItemsAccessed- https://docs.microsoft.com/microsoft-365/compliance/advanced-audit?view=o365-worldwide#mailitemsaccessed\nQuery insprired by Azure Sentinel detection https://github.com/Azure/Azure-Sentinel/blob/master/Detections/OfficeActivity/MailItemsAccessedTimeSeries.yaml\n",
                        "version": "1.0.0",
                        "author": {
                          "name": "Community"
                        },
                        "support": {
                          "name": "Community",
                          "link": "https://github.com/Azure/Azure-Sentinel/issues",
                          "tier": "Community"
                        },
                        "source": {
                          "kind": "Community",
                          "name": "Standalone"
                        },
                        "threatAnalysisTactics": [
                          "Collection"
                        ],
                        "contentId": "148de00b-e647-4767-9201-c3cbf51befb1",
                        "parentId": "148de00b-e647-4767-9201-c3cbf51befb1",
                        "kind": "HuntingQuery",
                        "dependencies": {
                          "operator": "AND",
                          "criteria": [
                            {
                              "contentId": "CloudAppEvents",
                              "kind": "DataType"
                            }
                          ]
                        }
                      }
                    }
                  ]
                }
              }
            }
          ]
        },
        "author": {
          "name": "Community"
        },
        "dependencies": {
          "operator": "AND",
          "criteria": [
            {
              "contentId": "148de00b-e647-4767-9201-c3cbf51befb1",
              "kind": "HuntingQuery"
            }
          ]
        },
        "description": "Identifies anomalous increases in Exchange mail items accessed operations.\nThe query leverages KQL built-in anomaly detection algorithms to find large deviations from baseline patterns.\nSudden increases in execution frequency of sensitive actions should be further investigated for malicious activity.\nManually change scorethreshold from 1.5 to 3 or higher to reduce the noise based on outliers flagged from the query criteria.\nRead more about MailItemsAccessed- https://docs.microsoft.com/microsoft-365/compliance/advanced-audit?view=o365-worldwide#mailitemsaccessed\nQuery insprired by Azure Sentinel detection https://github.com/Azure/Azure-Sentinel/blob/master/Detections/OfficeActivity/MailItemsAccessedTimeSeries.yaml\n",
        "displayName": "MailItemsAccessedTimeSeries[Solarigate]",
        "packageId": "148de00b-e647-4767-9201-c3cbf51befb1",
        "source": {
          "kind": "Community",
          "name": "Standalone"
        },
        "support": {
          "name": "Community",
          "link": "https://github.com/Azure/Azure-Sentinel/issues",
          "tier": "Community"
        },
        "threatAnalysisTactics": [
          "Collection"
        ],
        "version": "1.0.0"
      },
      "name": "148de00b-e647-4767-9201-c3cbf51befb1"
    }
  ]
}