{
  "$schema": "https://schema.management.azure.com/schemas/2019-04-01/deploymentTemplate.json#",
  "parameters": {
    "location": {
      "type": "string",
      "minLength": 1,
      "defaultValue": "[resourceGroup().location]",
      "metadata": {
        "description": "Not used, but needed to pass arm-ttk test `Location-Should-Not-Be-Hardcoded`.  We instead use the `workspace-location` which is derived from the LA workspace"
      }
    },
    "workspace-location": {
      "type": "string",
      "defaultValue": "",
      "metadata": {
        "description": "[concat('Region to deploy solution resources -- separate from location selection',parameters('location'))]"
      }
    },
    "workspace": {
      "defaultValue": "",
      "type": "string",
      "metadata": {
        "description": "Workspace name for Log Analytics where Microsoft Sentinel is setup"
      }
    }
  },
  "variables": {},
  "resources": [
    {
      "type": "Microsoft.OperationalInsights/workspaces/providers/packages",
      "location": "[parameters('workspace-location')]",
      "apiVersion": "2022-08-01",
      "properties": {
        "packageKind": "Standalone",
        "packageItems": {
          "resources": [
            {
              "type": "Microsoft.OperationalInsights/workspaces/providers/contentTemplates",
              "name": "[concat(parameters('workspace'),'/Microsoft.SecurityInsights/', 'f7c3f5c8-71ea-49ff-b8b3-148f0e346291')]",
              "location": "[parameters('workspace-location')]",
              "apiVersion": "2022-08-01",
              "properties": {
                "contentId": "f7c3f5c8-71ea-49ff-b8b3-148f0e346291",
                "displayName": "Anomolous Single Factor Signin",
                "contentKind": "AnalyticsRule",
                "mainTemplate": {
                  "$schema": "https://schema.management.azure.com/schemas/2019-04-01/deploymentTemplate.json#",
                  "contentVersion": "1.0.0",
                  "resources": [
                    {
                      "type": "Microsoft.OperationalInsights/workspaces/providers/alertRules",
                      "apiVersion": "2022-04-01-preview",
                      "name": "[concat(parameters('workspace'),'/Microsoft.SecurityInsights/', '' )]",
                      "kind": "Scheduled",
                      "location": "[parameters('workspace-location')]",
                      "properties": {
                        "description": "Detects successful signins using single factor authentication where the device, location, and ASN are abnormal.\n  Single factor authentications pose an opportunity to access compromised accounts, investigate these for anomalous occurrencess.\n  Ref: https://docs.microsoft.com/azure/active-directory/fundamentals/security-operations-devices#non-compliant-device-sign-in",
                        "displayName": "Anomolous Single Factor Signin",
                        "enabled": false,
                        "query": "let known_locations = (SigninLogs\n  | where TimeGenerated between(ago(7d)..ago(1d))\n  | where ResultType == 0\n  | extend LocationDetail = strcat(Location, \"-\", LocationDetails.state)\n  | summarize by LocationDetail);\n  let known_asn = (SigninLogs\n  | where TimeGenerated between(ago(7d)..ago(1d))\n  | where ResultType == 0\n  | summarize by AutonomousSystemNumber);\n  SigninLogs\n  | where TimeGenerated > ago(1d)\n  | where ResultType == 0\n  | where isempty(DeviceDetail.deviceId)\n  | where AuthenticationRequirement == \"singleFactorAuthentication\"\n  | extend LocationDetail = strcat(Location, \"-\", LocationDetails.state)\n  | where AutonomousSystemNumber !in (known_asn) and LocationDetail !in (known_locations)\n",
                        "queryFrequency": "P1D",
                        "queryPeriod": "P7D",
                        "severity": "Low",
                        "suppressionDuration": "PT1H",
                        "suppressionEnabled": false,
                        "triggerOperator": "GreaterThan",
                        "triggerThreshold": 0,
                        "tactics": [
                          "InitialAccess"
                        ],
                        "entityMappings": [
                          {
                            "entityType": "Account",
                            "fieldMappings": [
                              {
                                "columnName": "UserPrincipalName",
                                "identifier": "Name"
                              }
                            ]
                          },
                          {
                            "entityType": "IP",
                            "fieldMappings": [
                              {
                                "columnName": "IpAddress",
                                "identifier": "Address"
                              }
                            ]
                          }
                        ]
                      }
                    },
                    {
                      "type": "Microsoft.OperationalInsights/workspaces/providers/metadata",
                      "apiVersion": "2021-03-01-preview",
                      "name": "[concat(parameters('workspace'),'/Microsoft.SecurityInsights/', '')]",
                      "properties": {
                        "description": "'Detects successful signins using single factor authentication where the device, location, and ASN are abnormal.\n  Single factor authentications pose an opportunity to access compromised accounts, investigate these for anomalous occurrencess.\n  Ref: https://docs.microsoft.com/azure/active-directory/fundamentals/security-operations-devices#non-compliant-device-sign-in'\n",
                        "version": "1.0.0",
                        "source": {
                          "kind": "Community"
                        },
                        "threatAnalysisTactics": [
                          "InitialAccess"
                        ],
                        "threatAnalyticsTechniques": [
                          "T1078.004"
                        ],
                        "contentId": "f7c3f5c8-71ea-49ff-b8b3-148f0e346291",
                        "parentId": "f7c3f5c8-71ea-49ff-b8b3-148f0e346291",
                        "kind": "AnalyticsRule",
                        "dependencies": {
                          "operator": "AND",
                          "criteria": [
                            {
                              "contentId": "SigninLogs",
                              "kind": "DataType"
                            }
                          ]
                        }
                      }
                    }
                  ]
                }
              }
            }
          ]
        },
        "dependencies": {
          "operator": "AND",
          "criteria": [
            {
              "contentId": "f7c3f5c8-71ea-49ff-b8b3-148f0e346291",
              "kind": "AnalyticsRule"
            }
          ]
        },
        "description": "'Detects successful signins using single factor authentication where the device, location, and ASN are abnormal.\n  Single factor authentications pose an opportunity to access compromised accounts, investigate these for anomalous occurrencess.\n  Ref: https://docs.microsoft.com/azure/active-directory/fundamentals/security-operations-devices#non-compliant-device-sign-in'\n",
        "displayName": "Anomolous Single Factor Signin",
        "packageId": "f7c3f5c8-71ea-49ff-b8b3-148f0e346291",
        "source": {
          "kind": "Community"
        },
        "threatAnalysisTactics": [
          "InitialAccess"
        ],
        "threatAnalyticsTechniques": [
          "T1078.004"
        ],
        "version": "1.0.0"
      },
      "name": "[concat(parameters('workspace'),'/Microsoft.SecurityInsights/', 'f7c3f5c8-71ea-49ff-b8b3-148f0e346291')]"
    }
  ]
}