{
  "$schema": "https://schema.management.azure.com/schemas/2019-04-01/deploymentTemplate.json#",
  "parameters": {
    "location": {
      "type": "string",
      "minLength": 1,
      "defaultValue": "[resourceGroup().location]",
      "metadata": {
        "description": "Not used, but needed to pass arm-ttk test `Location-Should-Not-Be-Hardcoded`.  We instead use the `workspace-location` which is derived from the LA workspace"
      }
    },
    "workspace-location": {
      "type": "string",
      "defaultValue": "",
      "metadata": {
        "description": "[concat('Region to deploy solution resources -- separate from location selection',parameters('location'))]"
      }
    },
    "workspace": {
      "defaultValue": "",
      "type": "string",
      "metadata": {
        "description": "Workspace name for Log Analytics where Microsoft Sentinel is setup"
      }
    }
  },
  "variables": {},
  "resources": [
    {
      "type": "Microsoft.OperationalInsights/workspaces/providers/packages",
      "location": "[parameters('workspace-location')]",
      "apiVersion": "2022-08-01",
      "properties": {
        "packageKind": "Standalone",
        "packageItems": {
          "resources": [
            {
              "type": "Microsoft.OperationalInsights/workspaces/providers/contentTemplates",
              "name": "[concat(parameters('workspace'),'/Microsoft.SecurityInsights/', '024b3726-add7-4e06-842d-932034ba21f7')]",
              "location": "[parameters('workspace-location')]",
              "kind": "shared",
              "apiVersion": "2022-08-01",
              "properties": {
                "contentId": "024b3726-add7-4e06-842d-932034ba21f7",
                "displayName": "Windows System Shutdown/Reboot(Sysmon)",
                "contentKind": "HuntingQuery",
                "mainTemplate": {
                  "$schema": "https://schema.management.azure.com/schemas/2019-04-01/deploymentTemplate.json#",
                  "contentVersion": "1.0.0",
                  "resources": [
                    {
                      "type": "Microsoft.OperationalInsights/savedSearches",
                      "apiVersion": "2020-08-01",
                      "name": "024b3726-add7-4e06-842d-932034ba21f7",
                      "location": "[parameters('workspace-location')]",
                      "properties": {
                        "eTag": "*",
                        "displayName": "Windows System Shutdown/Reboot(Sysmon)",
                        "category": "Hunting Queries",
                        "query": "Event\n| where Source == \"Microsoft-Windows-Sysmon\"\n| where EventID == 1\n| extend RenderedDescription = tostring(split(RenderedDescription, \":\")[0])\n| extend EventData = parse_xml(EventData).DataItem.EventData.Data\n| mv-expand bagexpansion=array EventData\n| evaluate bag_unpack(EventData)\n| extend Key=tostring(['@Name']), Value=['#text']\n| evaluate pivot(Key, any(Value), TimeGenerated, Source, EventLog, Computer, EventLevel, EventLevelName, EventID, UserName, RenderedDescription, MG, ManagementGroupName, Type, _ResourceId)\n| extend RuleName = column_ifexists(\"RuleName\", \"\"), TechniqueId = column_ifexists(\"TechniqueId\", \"\"),  TechniqueName = column_ifexists(\"TechniqueName\", \"\")\n| parse RuleName with * 'technique_id=' TechniqueId ',' * 'technique_name=' TechniqueName\n| where Image has \"shutdown.exe\"\n| extend HostCustomEntity = Computer, AccountCustomEntity = UserName\n",
                        "version": 2,
                        "tags": [
                          {
                            "name": "description",
                            "value": "'This detection uses Sysmon telemetry to detect System Shutdown/Reboot (MITRE Technique: T1529)'\n"
                          },
                          {
                            "name": "techniques",
                            "value": ""
                          },
                          {
                            "name": "tactics",
                            "value": "Impact"
                          }
                        ]
                      }
                    },
                    {
                      "type": "Microsoft.OperationalInsights/workspaces/providers/metadata",
                      "apiVersion": "2021-03-01-preview",
                      "name": "[concat(parameters('workspace'),'/Microsoft.SecurityInsights/',concat('huntingQuery-', '024b3726-add7-4e06-842d-932034ba21f7'))]",
                      "properties": {
                        "description": "'This detection uses Sysmon telemetry to detect System Shutdown/Reboot (MITRE Technique: T1529)'\n",
                        "contentId": "024b3726-add7-4e06-842d-932034ba21f7",
                        "version": "1.0.0",
                        "source": {
                          "kind": "Community"
                        },
                        "threatAnalysisTactics": [
                          "Impact"
                        ],
                        "threatAnalyticsTechniques": [
                          "T1529"
                        ],
                        "parentId": "024b3726-add7-4e06-842d-932034ba21f7",
                        "kind": "HuntingQuery",
                        "dependencies": {
                          "operator": "AND",
                          "criteria": [
                            {
                              "contentId": "SecurityEvent",
                              "kind": "DataType"
                            }
                          ]
                        }
                      }
                    }
                  ]
                }
              }
            }
          ]
        },
        "contentId": "024b3726-add7-4e06-842d-932034ba21f7",
        "dependencies": {
          "operator": "AND",
          "criteria": [
            {
              "contentId": "024b3726-add7-4e06-842d-932034ba21f7",
              "kind": "HuntingQuery"
            }
          ]
        },
        "description": "'This detection uses Sysmon telemetry to detect System Shutdown/Reboot (MITRE Technique: T1529)'\n",
        "displayName": "Windows System Shutdown/Reboot(Sysmon)",
        "source": {
          "kind": "Community"
        },
        "threatAnalysisTactics": [
          "Impact"
        ],
        "threatAnalyticsTechniques": [
          "T1529"
        ],
        "version": "1.0.0"
      },
      "name": "[concat(parameters('workspace'),'/Microsoft.SecurityInsights/', '024b3726-add7-4e06-842d-932034ba21f7')]"
    }
  ]
}