{
  "$schema": "https://schema.management.azure.com/schemas/2019-04-01/deploymentTemplate.json#",
  "contentVersion": "1.0.0.0",
  "parameters": {
    "location": {
      "type": "string",
      "minLength": 1,
      "defaultValue": "[resourceGroup().location]",
      "metadata": {
        "description": "Not used, but needed to pass arm-ttk test `Location-Should-Not-Be-Hardcoded`.  We instead use the `workspace-location` which is derived from the LA workspace"
      }
    },
    "workspace-location": {
      "type": "string",
      "defaultValue": "",
      "metadata": {
        "description": "[concat('Region to deploy solution resources -- separate from location selection',parameters('location'))]"
      }
    },
    "workspace": {
      "defaultValue": "",
      "type": "string",
      "metadata": {
        "description": "Workspace name for Log Analytics where Microsoft Sentinel is setup"
      }
    }
  },
  "variables": {},
  "resources": [
    {
      "type": "Microsoft.OperationalInsights/workspaces/providers/packages",
      "location": "[parameters('workspace-location')]",
      "apiVersion": "2022-08-01",
      "properties": {
        "packageKind": "Standalone",
        "packageItems": {
          "resources": [
            {
              "type": "Microsoft.OperationalInsights/workspaces/providers/contentTemplates",
              "name": "[concat(parameters('workspace'),'/Microsoft.SecurityInsights/', '9d8b5a18-b7db-4c23-84a6-95febaf7e1e4')]",
              "location": "[parameters('workspace-location')]",
              "apiVersion": "2022-08-01",
              "properties": {
                "contentId": "9d8b5a18-b7db-4c23-84a6-95febaf7e1e4",
                "displayName": "Europium - Hash and IP IOCs - September 2022",
                "contentKind": "AnalyticsRule",
                "mainTemplate": {
                  "$schema": "https://schema.management.azure.com/schemas/2019-04-01/deploymentTemplate.json#",
                  "contentVersion": "1.0.0",
                  "resources": [
                    {
                      "type": "Microsoft.OperationalInsights/workspaces/providers/alertRules",
                      "apiVersion": "2022-04-01-preview",
                      "name": "9d8b5a18-b7db-4c23-84a6-95febaf7e1e4",
                      "kind": "Scheduled",
                      "location": "[parameters('workspace-location')]",
                      "properties": {
                        "description": "Identifies a match across various data feeds for  hashes and IP IOC related to Europium\n Reference: https://www.microsoft.com/security/blog/2022/09/08/microsoft-investigates-iranian-attacks-against-the-albanian-government",
                        "displayName": "Europium - Hash and IP IOCs - September 2022",
                        "enabled": false,
                        "query": "let iocs = externaldata(DateAdded:string,IoC:string,Type:string,TLP:string) [@\"https://raw.githubusercontent.com/Azure/Azure-Sentinel/master/Sample%20Data/Feeds/Europium_September2022.csv\"] with (format=\"csv\", ignoreFirstRecord=True);\nlet sha256Hashes = (iocs | where Type =~ \"sha256\" | project IoC);\nlet IPList = (iocs | where Type =~ \"ip\"| project IoC);\nlet IPRegex = '[0-9]{1,3}\\\\.[0-9]{1,3}\\\\.[0-9]{1,3}\\\\.[0-9]{1,3}';\n(union isfuzzy=true\n(CommonSecurityLog\n| where SourceIP in (IPList) or DestinationIP in (IPList) or Message has_any (IPList)\n| parse Message with * '(' DNSName ')' * \n| project TimeGenerated, SourceIP, DestinationIP, Message, SourceUserID, RequestURL, DNSName, Type\n| extend MessageIP = extract(IPRegex, 0, Message), RequestIP = extract(IPRegex, 0, RequestURL)\n| extend IPMatch = case(SourceIP in (IPList), \"SourceIP\", DestinationIP in (IPList), \"DestinationIP\", MessageIP in (IPList), \"Message\",  \"NoMatch\")\n| extend timestamp = TimeGenerated, IPCustomEntity = case(IPMatch == \"SourceIP\", SourceIP, IPMatch == \"DestinationIP\", DestinationIP, IPMatch == \"Message\", MessageIP, \"NoMatch\"), AccountCustomEntity = SourceUserID\n),\n(DnsEvents\n| where IPAddresses in (IPList)  \n| project TimeGenerated, Computer, IPAddresses, Name, ClientIP, Type\n| extend DestinationIPAddress = IPAddresses, DNSName = Name, Computer \n| extend timestamp = TimeGenerated, IPCustomEntity = DestinationIPAddress, HostCustomEntity = Computer\n),\n(VMConnection\n| where SourceIp in (IPList) or DestinationIp in (IPList)\n| parse RemoteDnsCanonicalNames with * '[\"' DNSName '\"]' *\n| project TimeGenerated, Computer, Direction, ProcessName, SourceIp, DestinationIp, DestinationPort, RemoteDnsQuestions, DNSName,BytesSent, BytesReceived, RemoteCountry, Type\n| extend IPMatch = case( SourceIp in (IPList), \"SourceIP\", DestinationIp in (IPList), \"DestinationIP\", \"None\") \n| extend timestamp = TimeGenerated, IPCustomEntity = case(IPMatch == \"SourceIP\", SourceIp, IPMatch == \"DestinationIP\", DestinationIp, \"NoMatch\"), File = ProcessName, HostCustomEntity = Computer\n),\n(Event\n| where Source == \"Microsoft-Windows-Sysmon\"\n| where EventID == 3\n| extend EvData = parse_xml(EventData)\n| extend EventDetail = EvData.DataItem.EventData.Data\n| extend SourceIP = tostring(EventDetail.[9].[\"#text\"]), DestinationIP = tostring(EventDetail.[14].[\"#text\"]), Image = tostring(EventDetail.[4].[\"#text\"])\n| where SourceIP in (IPList) or DestinationIP in (IPList)\n| project TimeGenerated, SourceIP, DestinationIP, Image, UserName, Computer, Type\n| extend IPMatch = case( SourceIP in (IPList), \"SourceIP\", DestinationIP in (IPList), \"DestinationIP\", \"None\")\n| extend timestamp = TimeGenerated, File = tostring(split(Image, '\\\\', -1)[-1]), IPCustomEntity = case(IPMatch == \"SourceIP\", SourceIP, IPMatch == \"DestinationIP\", DestinationIP, \"None\"), HostCustomEntity = Computer, AccountCustomEntity = UserName\n), \n(OfficeActivity\n| where ClientIP in (IPList) \n| project TimeGenerated, UserAgent, Operation, RecordType, UserId, ClientIP, Type\n| extend timestamp = TimeGenerated, IPCustomEntity = ClientIP, AccountCustomEntity = UserId\n),\n(DeviceNetworkEvents\n| where RemoteIP in (IPList) or InitiatingProcessSHA256 in (sha256Hashes)\n| project TimeGenerated, ActionType, DeviceId, Computer = DeviceName, InitiatingProcessAccountDomain, InitiatingProcessAccountName, InitiatingProcessCommandLine, InitiatingProcessFolderPath, InitiatingProcessId, InitiatingProcessParentFileName, InitiatingProcessFileName, RemoteIP, RemoteUrl, RemotePort, LocalIP, Type\n| extend timestamp = TimeGenerated, IPCustomEntity = RemoteIP,  HostCustomEntity = Computer, AccountCustomEntity = InitiatingProcessAccountName\n),\n(WindowsFirewall\n| where SourceIP in (IPList) or DestinationIP in (IPList) \n| project TimeGenerated, Computer, CommunicationDirection, SourceIP, DestinationIP, SourcePort, DestinationPort, Type\n| extend IPMatch = case( SourceIP in (IPList), \"SourceIP\", DestinationIP in (IPList), \"DestinationIP\", \"None\")\n| extend timestamp = TimeGenerated, HostCustomEntity = Computer, IPCustomEntity = case(IPMatch == \"SourceIP\", SourceIP, IPMatch == \"DestinationIP\", DestinationIP, \"None\")\n), \n(imFileEvent\n| where TargetFileSHA256 has_any (sha256Hashes)\n| extend Account = ActorUsername, Computer = DvcHostname, IPAddress = SrcIpAddr, CommandLine = ActingProcessCommandLine, FileHash = TargetFileSHA256\n| project Type, TimeGenerated, Computer, Account, IPAddress, CommandLine, FileHash\n| extend timestamp = TimeGenerated, IPCustomEntity = IPAddress,  HostCustomEntity = Computer, AccountCustomEntity = Account, AlgorithmCustomEntity = \"SHA256\", FileHashCustomEntity = FileHash\n),\n(DeviceFileEvents\n| where SHA256 has_any (sha256Hashes)\n| project TimeGenerated, ActionType, DeviceId, DeviceName, InitiatingProcessAccountDomain, InitiatingProcessAccountName, InitiatingProcessCommandLine, InitiatingProcessFolderPath, InitiatingProcessId, InitiatingProcessParentFileName, InitiatingProcessFileName, InitiatingProcessSHA256, Type\n| extend timestamp = TimeGenerated, HostCustomEntity = DeviceName , AccountCustomEntity = InitiatingProcessAccountName,  AlgorithmCustomEntity = \"SHA256\", FileHashCustomEntity = InitiatingProcessSHA256,  CommandLine = InitiatingProcessCommandLine,Image = InitiatingProcessFolderPath\n),\n(DeviceImageLoadEvents\n| where SHA256 has_any (sha256Hashes)\n| project TimeGenerated, ActionType, DeviceId, DeviceName, InitiatingProcessAccountDomain, InitiatingProcessAccountName, InitiatingProcessCommandLine, InitiatingProcessFolderPath, InitiatingProcessId, InitiatingProcessParentFileName, InitiatingProcessFileName, InitiatingProcessSHA256, Type\n| extend timestamp = TimeGenerated, HostCustomEntity = DeviceName , AccountCustomEntity = InitiatingProcessAccountName,  AlgorithmCustomEntity = \"SHA256\", FileHashCustomEntity = InitiatingProcessSHA256,  CommandLine = InitiatingProcessCommandLine,Image = InitiatingProcessFolderPath\n),\n(Event\n| where Source =~ \"Microsoft-Windows-Sysmon\"\n| where EventID == 1\n| extend EvData = parse_xml(EventData)\n| extend EventDetail = EvData.DataItem.EventData.Data\n| extend Image = EventDetail.[4].[\"#text\"],  CommandLine = EventDetail.[10].[\"#text\"], Hashes = tostring(EventDetail.[17].[\"#text\"])\n| extend Hashes = extract_all(@\"(?P<key>\\w+)=(?P<value>[a-zA-Z0-9]+)\", dynamic([\"key\",\"value\"]), Hashes)\n| extend Hashes = column_ifexists(\"Hashes\", \"\"), CommandLine = column_ifexists(\"CommandLine\", \"\")\n| where (Hashes has_any (sha256Hashes) )  \n| project TimeGenerated, EventDetail, UserName, Computer, Type, Source, Hashes, CommandLine, Image\n| extend Type = strcat(Type, \": \", Source)\n| extend timestamp = TimeGenerated, HostCustomEntity = Computer , AccountCustomEntity = UserName, FileHashCustomEntity = Hashes\n)\n)\n",
                        "queryFrequency": "PT12H",
                        "queryPeriod": "PT12H",
                        "severity": "High",
                        "suppressionDuration": "PT1H",
                        "suppressionEnabled": false,
                        "triggerOperator": "GreaterThan",
                        "triggerThreshold": 0,
                        "tactics": [
                          "CommandAndControl",
                          "CredentialAccess"
                        ],
                        "techniques": [
                          "T1071",
                          "T1003"
                        ],
                        "entityMappings": [
                          {
                            "entityType": "Account",
                            "fieldMappings": [
                              {
                                "columnName": "AccountCustomEntity",
                                "identifier": "FullName"
                              }
                            ]
                          },
                          {
                            "entityType": "Host",
                            "fieldMappings": [
                              {
                                "columnName": "HostCustomEntity",
                                "identifier": "FullName"
                              }
                            ]
                          },
                          {
                            "entityType": "IP",
                            "fieldMappings": [
                              {
                                "columnName": "IPCustomEntity",
                                "identifier": "Address"
                              }
                            ]
                          },
                          {
                            "entityType": "FileHash",
                            "fieldMappings": [
                              {
                                "columnName": "AlgorithmCustomEntity",
                                "identifier": "Algorithm"
                              },
                              {
                                "columnName": "FileHashCustomEntity",
                                "identifier": "Value"
                              }
                            ]
                          }
                        ]
                      }
                    },
                    {
                      "type": "Microsoft.OperationalInsights/workspaces/providers/metadata",
                      "apiVersion": "2021-03-01-preview",
                      "properties": {
                        "description": "'Identifies a match across various data feeds for  hashes and IP IOC related to Europium\n Reference: https://www.microsoft.com/security/blog/2022/09/08/microsoft-investigates-iranian-attacks-against-the-albanian-government'\n",
                        "version": "1.0.0",
                        "author": {
                          "name": "Community"
                        },
                        "support": {
                          "name": "Community",
                          "link": "https://github.com/Azure/Azure-Sentinel/issues",
                          "tier": "Community"
                        },
                        "source": {
                          "kind": "Community",
                          "name": "Standalone"
                        },
                        "threatAnalysisTactics": [
                          "CommandAndControl",
                          "CredentialAccess"
                        ],
                        "threatAnalyticsTechniques": [
                          "T1071",
                          "T1003"
                        ],
                        "contentId": "9d8b5a18-b7db-4c23-84a6-95febaf7e1e4",
                        "parentId": "9d8b5a18-b7db-4c23-84a6-95febaf7e1e4",
                        "kind": "AnalyticsRule",
                        "dependencies": {
                          "operator": "AND",
                          "criteria": [
                            {
                              "contentId": "DnsEvents",
                              "kind": "DataType"
                            },
                            {
                              "contentId": "VMConnection",
                              "kind": "DataType"
                            },
                            {
                              "contentId": "CommonSecurityLog",
                              "kind": "DataType"
                            },
                            {
                              "contentId": "CommonSecurityLog",
                              "kind": "DataType"
                            },
                            {
                              "contentId": "CommonSecurityLog",
                              "kind": "DataType"
                            },
                            {
                              "contentId": "CommonSecurityLog",
                              "kind": "DataType"
                            },
                            {
                              "contentId": "CommonSecurityLog",
                              "kind": "DataType"
                            },
                            {
                              "contentId": "CommonSecurityLog",
                              "kind": "DataType"
                            },
                            {
                              "contentId": "DeviceNetworkEvents",
                              "kind": "DataType"
                            },
                            {
                              "contentId": "DeviceFileEvents",
                              "kind": "DataType"
                            },
                            {
                              "contentId": "DeviceImageLoadEvents",
                              "kind": "DataType"
                            },
                            {
                              "contentId": "OfficeActivity",
                              "kind": "DataType"
                            },
                            {
                              "contentId": "AzureDiagnostics",
                              "kind": "DataType"
                            },
                            {
                              "contentId": "WindowsFirewall",
                              "kind": "DataType"
                            }
                          ]
                        }
                      }
                    }
                  ]
                }
              }
            }
          ]
        },
        "author": {
          "name": "Community"
        },
        "dependencies": {
          "operator": "AND",
          "criteria": [
            {
              "contentId": "9d8b5a18-b7db-4c23-84a6-95febaf7e1e4",
              "kind": "AnalyticsRule"
            }
          ]
        },
        "description": "'Identifies a match across various data feeds for  hashes and IP IOC related to Europium\n Reference: https://www.microsoft.com/security/blog/2022/09/08/microsoft-investigates-iranian-attacks-against-the-albanian-government'\n",
        "displayName": "Europium - Hash and IP IOCs - September 2022",
        "packageId": "9d8b5a18-b7db-4c23-84a6-95febaf7e1e4",
        "source": {
          "kind": "Community",
          "name": "Standalone"
        },
        "support": {
          "name": "Community",
          "link": "https://github.com/Azure/Azure-Sentinel/issues",
          "tier": "Community"
        },
        "threatAnalysisTactics": [
          "CommandAndControl",
          "CredentialAccess"
        ],
        "threatAnalyticsTechniques": [
          "T1071",
          "T1003"
        ],
        "version": "1.0.0"
      },
      "name": "[concat(parameters('workspace'),'/Microsoft.SecurityInsights/', '9d8b5a18-b7db-4c23-84a6-95febaf7e1e4')]"
    }
  ]
}