{
  "$schema": "https://schema.management.azure.com/schemas/2019-04-01/deploymentTemplate.json#",
  "contentVersion": "1.0.0.0",
  "parameters": {
    "location": {
      "type": "string",
      "minLength": 1,
      "defaultValue": "[resourceGroup().location]",
      "metadata": {
        "description": "Not used, but needed to pass arm-ttk test `Location-Should-Not-Be-Hardcoded`.  We instead use the `workspace-location` which is derived from the LA workspace"
      }
    },
    "workspace-location": {
      "type": "string",
      "defaultValue": "",
      "metadata": {
        "description": "[concat('Region to deploy solution resources -- separate from location selection',parameters('location'))]"
      }
    },
    "workspace": {
      "defaultValue": "",
      "type": "string",
      "metadata": {
        "description": "Workspace name for Log Analytics where Microsoft Sentinel is setup"
      }
    }
  },
  "variables": {},
  "resources": [
    {
      "type": "Microsoft.OperationalInsights/workspaces/providers/packages",
      "location": "[parameters('workspace-location')]",
      "apiVersion": "2022-08-01",
      "properties": {
        "packageKind": "Standalone",
        "packageItems": {
          "resources": [
            {
              "type": "Microsoft.OperationalInsights/workspaces/providers/contentTemplates",
              "name": "[concat(parameters('workspace'),'/Microsoft.SecurityInsights/', 'a7427ed7-04b4-4e3b-b323-08b981b9b4bf')]",
              "location": "[parameters('workspace-location')]",
              "apiVersion": "2022-08-01",
              "properties": {
                "contentId": "a7427ed7-04b4-4e3b-b323-08b981b9b4bf",
                "displayName": "TI map File Hash to Security Event",
                "contentKind": "AnalyticsRule",
                "mainTemplate": {
                  "$schema": "https://schema.management.azure.com/schemas/2019-04-01/deploymentTemplate.json#",
                  "contentVersion": "1.4.0",
                  "resources": [
                    {
                      "type": "Microsoft.OperationalInsights/workspaces/providers/alertRules",
                      "apiVersion": "2022-04-01-preview",
                      "name": "a7427ed7-04b4-4e3b-b323-08b981b9b4bf",
                      "kind": "Scheduled",
                      "location": "[parameters('workspace-location')]",
                      "properties": {
                        "description": "Identifies a match in Security Event data from any File Hash IOC from TI",
                        "displayName": "TI map File Hash to Security Event",
                        "enabled": false,
                        "query": "\nlet dt_lookBack = 1h;\n let ioc_lookBack = 14d;\n ThreatIntelligenceIndicator\n | where TimeGenerated >= ago(ioc_lookBack) and ExpirationDateTime > now()\n | summarize LatestIndicatorTime = arg_max(TimeGenerated, *) by IndicatorId\n | where Active == true\n | where isnotempty(FileHashValue)\n | extend FileHashValue = toupper(FileHashValue)\n // using innerunique to keep perf fast and result set low, we only need one match to indicate potential malicious activity that needs to be investigated\n | join kind=innerunique ( union isfuzzy=true \n   (SecurityEvent | where TimeGenerated >= ago(dt_lookBack)\n       | where EventID in (\"8003\",\"8002\",\"8005\")\n       | where isnotempty(FileHash)\n       | extend SecurityEvent_TimeGenerated = TimeGenerated, Event = EventID, FileHash = toupper(FileHash)\n   ),\n   (WindowsEvent | where TimeGenerated >= ago(dt_lookBack)\n       | where EventID in (\"8003\",\"8002\",\"8005\")\n       | where isnotempty(EventData.FileHash)\n       | extend SecurityEvent_TimeGenerated = TimeGenerated, Event = EventID, FileHash = toupper(EventData.FileHash)\n   )\n )\n on $left.FileHashValue == $right.FileHash\n | where SecurityEvent_TimeGenerated < ExpirationDateTime\n | summarize SecurityEvent_TimeGenerated = arg_max(SecurityEvent_TimeGenerated, *) by IndicatorId, FileHash\n | project SecurityEvent_TimeGenerated, Description, ActivityGroupNames, IndicatorId, ThreatType, Url, ExpirationDateTime, ConfidenceScore,\n Process, FileHash, Computer, Account, Event, FileHashValue, FileHashType\n | extend timestamp = SecurityEvent_TimeGenerated, AccountCustomEntity = Account, HostCustomEntity = Computer, URLCustomEntity = Url\n",
                        "queryFrequency": "PT1H",
                        "queryPeriod": "P14D",
                        "severity": "Medium",
                        "suppressionDuration": "PT1H",
                        "suppressionEnabled": false,
                        "triggerOperator": "GreaterThan",
                        "triggerThreshold": 0,
                        "tactics": [
                          "Impact"
                        ],
                        "entityMappings": [
                          {
                            "entityType": "Account",
                            "fieldMappings": [
                              {
                                "columnName": "AccountCustomEntity",
                                "identifier": "FullName"
                              }
                            ]
                          },
                          {
                            "entityType": "Host",
                            "fieldMappings": [
                              {
                                "columnName": "HostCustomEntity",
                                "identifier": "FullName"
                              }
                            ]
                          },
                          {
                            "entityType": "URL",
                            "fieldMappings": [
                              {
                                "columnName": "URLCustomEntity",
                                "identifier": "Url"
                              }
                            ]
                          },
                          {
                            "entityType": "FileHash",
                            "fieldMappings": [
                              {
                                "columnName": "FileHashValue",
                                "identifier": "Value"
                              },
                              {
                                "columnName": "FileHashType",
                                "identifier": "Algorithm"
                              }
                            ]
                          }
                        ]
                      }
                    },
                    {
                      "type": "Microsoft.OperationalInsights/workspaces/providers/metadata",
                      "apiVersion": "2021-03-01-preview",
                      "properties": {
                        "description": "'Identifies a match in Security Event data from any File Hash IOC from TI'\n",
                        "version": "1.4.0",
                        "author": {
                          "name": "Community"
                        },
                        "support": {
                          "name": "Community",
                          "link": "https://github.com/Azure/Azure-Sentinel/issues",
                          "tier": "Community"
                        },
                        "source": {
                          "kind": "Community",
                          "name": "Standalone"
                        },
                        "threatAnalysisTactics": [
                          "Impact"
                        ],
                        "contentId": "a7427ed7-04b4-4e3b-b323-08b981b9b4bf",
                        "parentId": "a7427ed7-04b4-4e3b-b323-08b981b9b4bf",
                        "kind": "AnalyticsRule",
                        "dependencies": {
                          "operator": "AND",
                          "criteria": [
                            {
                              "contentId": "SecurityEvent",
                              "kind": "DataType"
                            },
                            {
                              "contentId": "SecurityEvents",
                              "kind": "DataType"
                            },
                            {
                              "contentId": "WindowsEvent",
                              "kind": "DataType"
                            },
                            {
                              "contentId": "ThreatIntelligenceIndicator",
                              "kind": "DataType"
                            },
                            {
                              "contentId": "ThreatIntelligenceIndicator",
                              "kind": "DataType"
                            }
                          ]
                        }
                      }
                    }
                  ]
                }
              }
            }
          ]
        },
        "author": {
          "name": "Community"
        },
        "dependencies": {
          "operator": "AND",
          "criteria": [
            {
              "contentId": "a7427ed7-04b4-4e3b-b323-08b981b9b4bf",
              "kind": "AnalyticsRule"
            }
          ]
        },
        "description": "'Identifies a match in Security Event data from any File Hash IOC from TI'\n",
        "displayName": "TI map File Hash to Security Event",
        "packageId": "a7427ed7-04b4-4e3b-b323-08b981b9b4bf",
        "source": {
          "kind": "Community",
          "name": "Standalone"
        },
        "support": {
          "name": "Community",
          "link": "https://github.com/Azure/Azure-Sentinel/issues",
          "tier": "Community"
        },
        "threatAnalysisTactics": [
          "Impact"
        ],
        "version": "1.4.0"
      },
      "name": "[concat(parameters('workspace'),'/Microsoft.SecurityInsights/', 'a7427ed7-04b4-4e3b-b323-08b981b9b4bf')]"
    }
  ]
}