{
  "$schema": "https://schema.management.azure.com/schemas/2019-04-01/deploymentTemplate.json#",
  "contentVersion": "1.0.0.0",
  "parameters": {
    "location": {
      "type": "string",
      "minLength": 1,
      "defaultValue": "[resourceGroup().location]",
      "metadata": {
        "description": "Not used, but needed to pass arm-ttk test `Location-Should-Not-Be-Hardcoded`.  We instead use the `workspace-location` which is derived from the LA workspace"
      }
    },
    "workspace-location": {
      "type": "string",
      "defaultValue": "",
      "metadata": {
        "description": "[concat('Region to deploy solution resources -- separate from location selection',parameters('location'))]"
      }
    },
    "workspace": {
      "defaultValue": "",
      "type": "string",
      "metadata": {
        "description": "Workspace name for Log Analytics where Microsoft Sentinel is setup"
      }
    }
  },
  "variables": {},
  "resources": [
    {
      "type": "Microsoft.OperationalInsights/workspaces/providers/packages",
      "location": "[parameters('workspace-location')]",
      "apiVersion": "2022-08-01",
      "properties": {
        "packageKind": "Standalone",
        "packageItems": {
          "resources": [
            {
              "type": "Microsoft.OperationalInsights/workspaces/providers/contentTemplates",
              "name": "[concat(parameters('workspace'),'/Microsoft.SecurityInsights/', '4f19d4e3-ec5f-4abc-9e61-819eb131758c')]",
              "location": "[parameters('workspace-location')]",
              "apiVersion": "2022-08-01",
              "properties": {
                "contentId": "4f19d4e3-ec5f-4abc-9e61-819eb131758c",
                "displayName": "Changes to AWS Security Group ingress and egress settings",
                "contentKind": "AnalyticsRule",
                "mainTemplate": {
                  "$schema": "https://schema.management.azure.com/schemas/2019-04-01/deploymentTemplate.json#",
                  "contentVersion": "1.0.0",
                  "resources": [
                    {
                      "type": "Microsoft.OperationalInsights/workspaces/providers/alertRules",
                      "apiVersion": "2022-04-01-preview",
                      "name": "4f19d4e3-ec5f-4abc-9e61-819eb131758c",
                      "kind": "Scheduled",
                      "location": "[parameters('workspace-location')]",
                      "properties": {
                        "description": "A Security Group acts as a virtual firewall of an instance to control inbound and outbound traffic. \n Hence, ingress and egress settings changes to AWS Security Group should be monitored as these can expose the enviornment to new attack vectors.\nMore information: https://medium.com/@GorillaStack/the-most-important-aws-cloudtrail-security-events-to-track-a5b9873f8255.",
                        "displayName": "Changes to AWS Security Group ingress and egress settings",
                        "enabled": false,
                        "query": "\nlet EventNameList = dynamic([ \"AuthorizeSecurityGroupEgress\", \"AuthorizeSecurityGroupIngress\", \"RevokeSecurityGroupEgress\", \"RevokeSecurityGroupIngress\"]);\nAWSCloudTrail\n| where EventName in~ (EventNameList)\n| extend User = iif(isnotempty(UserIdentityUserName), UserIdentityUserName, SessionIssuerUserName)\n| summarize EventCount=count(), StartTimeUtc = min(TimeGenerated), EndTimeUtc = max(TimeGenerated) \nby EventSource, EventName, UserIdentityType, User, SourceIpAddress, UserAgent, SessionMfaAuthenticated, AWSRegion, \nAdditionalEventData, UserIdentityAccountId, UserIdentityPrincipalid, ResponseElements\n| extend timestamp = StartTimeUtc, AccountCustomEntity = User , IPCustomEntity = SourceIpAddress\n",
                        "queryFrequency": "P1D",
                        "queryPeriod": "P1D",
                        "severity": "Low",
                        "suppressionDuration": "PT1H",
                        "suppressionEnabled": false,
                        "triggerOperator": "GreaterThan",
                        "triggerThreshold": 0,
                        "tactics": [
                          "Persistence"
                        ],
                        "techniques": [
                          "T1098"
                        ],
                        "entityMappings": [
                          {
                            "entityType": "Account",
                            "fieldMappings": [
                              {
                                "columnName": "AccountCustomEntity",
                                "identifier": "FullName"
                              }
                            ]
                          },
                          {
                            "entityType": "IP",
                            "fieldMappings": [
                              {
                                "columnName": "IPCustomEntity",
                                "identifier": "Address"
                              }
                            ]
                          }
                        ]
                      }
                    },
                    {
                      "type": "Microsoft.OperationalInsights/workspaces/providers/metadata",
                      "apiVersion": "2021-03-01-preview",
                      "properties": {
                        "description": "'A Security Group acts as a virtual firewall of an instance to control inbound and outbound traffic. \n Hence, ingress and egress settings changes to AWS Security Group should be monitored as these can expose the enviornment to new attack vectors.\nMore information: https://medium.com/@GorillaStack/the-most-important-aws-cloudtrail-security-events-to-track-a5b9873f8255.'\n",
                        "version": "1.0.0",
                        "author": {
                          "name": "Community"
                        },
                        "support": {
                          "name": "Community",
                          "link": "https://github.com/Azure/Azure-Sentinel/issues",
                          "tier": "Community"
                        },
                        "source": {
                          "kind": "Community",
                          "name": "Standalone"
                        },
                        "threatAnalysisTactics": [
                          "Persistence"
                        ],
                        "threatAnalyticsTechniques": [
                          "T1098"
                        ],
                        "contentId": "4f19d4e3-ec5f-4abc-9e61-819eb131758c",
                        "parentId": "4f19d4e3-ec5f-4abc-9e61-819eb131758c",
                        "kind": "AnalyticsRule",
                        "dependencies": {
                          "operator": "AND",
                          "criteria": [
                            {
                              "contentId": "AWSCloudTrail",
                              "kind": "DataType"
                            }
                          ]
                        }
                      }
                    }
                  ]
                }
              }
            }
          ]
        },
        "author": {
          "name": "Community"
        },
        "dependencies": {
          "operator": "AND",
          "criteria": [
            {
              "contentId": "4f19d4e3-ec5f-4abc-9e61-819eb131758c",
              "kind": "AnalyticsRule"
            }
          ]
        },
        "description": "'A Security Group acts as a virtual firewall of an instance to control inbound and outbound traffic. \n Hence, ingress and egress settings changes to AWS Security Group should be monitored as these can expose the enviornment to new attack vectors.\nMore information: https://medium.com/@GorillaStack/the-most-important-aws-cloudtrail-security-events-to-track-a5b9873f8255.'\n",
        "displayName": "Changes to AWS Security Group ingress and egress settings",
        "packageId": "4f19d4e3-ec5f-4abc-9e61-819eb131758c",
        "source": {
          "kind": "Community",
          "name": "Standalone"
        },
        "support": {
          "name": "Community",
          "link": "https://github.com/Azure/Azure-Sentinel/issues",
          "tier": "Community"
        },
        "threatAnalysisTactics": [
          "Persistence"
        ],
        "threatAnalyticsTechniques": [
          "T1098"
        ],
        "version": "1.0.0"
      },
      "name": "[concat(parameters('workspace'),'/Microsoft.SecurityInsights/', '4f19d4e3-ec5f-4abc-9e61-819eb131758c')]"
    }
  ]
}