{
  "$schema": "https://schema.management.azure.com/schemas/2019-04-01/deploymentTemplate.json#",
  "contentVersion": "1.0.0.0",
  "parameters": {
    "location": {
      "type": "string",
      "minLength": 1,
      "defaultValue": "[resourceGroup().location]",
      "metadata": {
        "description": "Not used, but needed to pass arm-ttk test `Location-Should-Not-Be-Hardcoded`.  We instead use the `workspace-location` which is derived from the LA workspace"
      }
    },
    "workspace-location": {
      "type": "string",
      "defaultValue": "",
      "metadata": {
        "description": "[concat('Region to deploy solution resources -- separate from location selection',parameters('location'))]"
      }
    },
    "workspace": {
      "defaultValue": "",
      "type": "string",
      "metadata": {
        "description": "Workspace name for Log Analytics where Microsoft Sentinel is setup"
      }
    }
  },
  "variables": {},
  "resources": [
    {
      "type": "Microsoft.OperationalInsights/workspaces/providers/packages",
      "location": "[parameters('workspace-location')]",
      "apiVersion": "2022-08-01",
      "properties": {
        "packageKind": "Standalone",
        "packageItems": {
          "resources": [
            {
              "type": "Microsoft.OperationalInsights/workspaces/providers/contentTemplates",
              "name": "[concat(parameters('workspace'),'/Microsoft.SecurityInsights/', 'd992b87b-eb49-4a9d-aa96-baacf9d26247')]",
              "location": "[parameters('workspace-location')]",
              "apiVersion": "2022-08-01",
              "properties": {
                "contentId": "d992b87b-eb49-4a9d-aa96-baacf9d26247",
                "displayName": "Alert for  IOCs related to Windows/ELF malware - IP, Hash IOCs - September 2021",
                "contentKind": "AnalyticsRule",
                "mainTemplate": {
                  "$schema": "https://schema.management.azure.com/schemas/2019-04-01/deploymentTemplate.json#",
                  "contentVersion": "1.1.1",
                  "resources": [
                    {
                      "type": "Microsoft.OperationalInsights/workspaces/providers/alertRules",
                      "apiVersion": "2022-04-01-preview",
                      "name": "d992b87b-eb49-4a9d-aa96-baacf9d26247",
                      "kind": "Scheduled",
                      "location": "[parameters('workspace-location')]",
                      "properties": {
                        "description": "Identifies a match across various data feeds for IP,hashes and IOCs related to Windows/ELF malware published by Black Lotus Labs\nReference: \nhttps://blog.lumen.com/no-longer-just-theory-black-lotus-labs-uncovers-linux-executables-deployed-as-stealth-windows-loaders\nhttps://github.com/ManuelBerrueta/YARA-rules/blob/master/BlackLotusLabs-WSLMalware/BLL_SneakyWSL.yar",
                        "displayName": "Alert for  IOCs related to Windows/ELF malware - IP, Hash IOCs - September 2021",
                        "enabled": false,
                        "query": "let IPList = dynamic([\"185.63.90.137\"]);  \nlet IPRegex = '[0-9]{1,3}\\\\.[0-9]{1,3}\\\\.[0-9]{1,3}\\\\.[0-9]{1,3}';\nlet sha256Hashes = \ndynamic([\"53854c6d163bfd0c56d8b297ac43bd25c21f696de6063031241e792ee65df441\",\n\"c297e545b8f150cc5ff56dbb68dc74fe30a421d9d40f38f4a53083192697c44c\",\n\"17921368901f23e0cad0d2fe4ce5694aebaf4727699ed0358117500701914d1b\",\n\"198a2d42df010d838b4207f478d885ef36e3db13b1744d673e221b828c28bf77\",\n\"71d7b48c2fdc7b57b104a7858a35165bbed21d2fa7e34828d6c1d50b2b33a1d0\",\n\"601227d52c6e367e11b80240183d07d38bc11a88e844e8401fce17eb25e92ba8\",\n\"63ff04bed4fdb120a9cb9b1ea7fd88e83f12fb01ab6a057088f8016e663b48d4\",\n\"a3037c3389b811bc1404f719af5c8b9034c5e24710cf3a0b457d28bf1b922cf7\",\n\"e19b8be1b21c066d60725e550f8455f824065abbf1b43f7b2fe4fb338b241ffc\",\n\"a3037c3389b811bc1404f719af5c8b9034c5e24710cf3a0b457d28bf1b922cf7\"\n]);\n(union isfuzzy=true\n(CommonSecurityLog\n| where SourceIP in (IPList) or DestinationIP in (IPList) or Message has_any (IPList) \n| project TimeGenerated, SourceIP, DestinationIP, Message, SourceUserID, RequestURL\n| extend MessageIP = extract(IPRegex, 0, Message)\n| extend IPMatch = case(SourceIP in (IPList), \"SourceIP\", DestinationIP in (IPList), \"DestinationIP\", MessageIP in (IPList), \"Message\", MessageIP in (IPList), \"Message\", \"NoMatch\")\n| extend timestamp = TimeGenerated, IPCustomEntity = case(IPMatch == \"SourceIP\", SourceIP, IPMatch == \"DestinationIP\", DestinationIP, IPMatch == \"Message\", MessageIP, \"NoMatch\"), AccountCustomEntity = SourceUserID\n),\n(DeviceNetworkEvents\n| where  RemoteIP in (IPList) or InitiatingProcessSHA256 in (sha256Hashes) \n| project TimeGenerated, ActionType, DeviceId, DeviceName, InitiatingProcessAccountDomain, InitiatingProcessAccountName, InitiatingProcessCommandLine, InitiatingProcessFolderPath, InitiatingProcessId, InitiatingProcessParentFileName, InitiatingProcessFileName, RemoteIP, RemoteUrl, RemotePort, LocalIP\n| extend timestamp = TimeGenerated, DNSName = RemoteUrl, IPCustomEntity = RemoteIP, HostCustomEntity = DeviceName\n),\n(WindowsFirewall\n| where SourceIP in (IPList) or DestinationIP in (IPList) \n| project TimeGenerated, Computer, CommunicationDirection, SourceIP, DestinationIP, SourcePort, DestinationPort\n| extend IPMatch = case( SourceIP in (IPList), \"SourceIP\", DestinationIP in (IPList), \"DestinationIP\", \"None\")\n| extend timestamp = TimeGenerated, HostCustomEntity = Computer , IPCustomEntity = case(IPMatch == \"SourceIP\", SourceIP, IPMatch == \"DestinationIP\", DestinationIP, \"None\")\n),\n(AzureDiagnostics \n| where ResourceType == \"AZUREFIREWALLS\"\n| where Category == \"AzureFirewallApplicationRule\"\n| project TimeGenerated,Resource, msg_s\n| parse msg_s with Protocol 'request from ' SourceHost ':' SourcePort 'to ' DestinationHost ':' DestinationPort '. Action:' Action\n| where isnotempty(DestinationHost) \n| where SourceHost in (IPList) or DestinationHost in (IPList)\n| extend timestamp = TimeGenerated, DNSName = DestinationHost, IPCustomEntity = SourceHost\n),\n(DeviceFileEvents\n| project TimeGenerated, ActionType, DeviceId, DeviceName, InitiatingProcessAccountDomain, InitiatingProcessAccountName, InitiatingProcessCommandLine, InitiatingProcessFolderPath, InitiatingProcessId, InitiatingProcessParentFileName, InitiatingProcessFileName, RequestAccountName, RequestSourceIP, InitiatingProcessSHA256\n| extend Account = RequestAccountName, Computer = DeviceName, IPAddress = RequestSourceIP, CommandLine = InitiatingProcessCommandLine, FileHash = InitiatingProcessSHA256\n| extend timestamp = TimeGenerated, HostCustomEntity = Computer , AccountCustomEntity = Account, ProcessCustomEntity = InitiatingProcessFileName, AlgorithmCustomEntity = \"SHA256\", FileHashCustomEntity = FileHash\n| where FileHash in (sha256Hashes)\n),\n(CommonSecurityLog\n| where FileHash in (sha256Hashes)\n| project TimeGenerated,  Message, SourceUserID, FileHash\n| extend timestamp = TimeGenerated, AlgorithmCustomEntity = \"SHA256\", FileHashCustomEntity = FileHash\n),\n(DeviceEvents\n| where   InitiatingProcessSHA256 in~ (sha256Hashes)\n| project TimeGenerated, ActionType, DeviceId, DeviceName, InitiatingProcessAccountDomain, InitiatingProcessAccountName, InitiatingProcessCommandLine, InitiatingProcessFolderPath, InitiatingProcessId, InitiatingProcessParentFileName, InitiatingProcessFileName, InitiatingProcessSHA256\n| extend Account = InitiatingProcessAccountName, Computer = DeviceName, CommandLine = InitiatingProcessCommandLine, FileHash = InitiatingProcessSHA256, Image = InitiatingProcessFolderPath\n| extend timestamp = TimeGenerated, HostCustomEntity = Computer , AccountCustomEntity = Account, ProcessCustomEntity = InitiatingProcessFileName, AlgorithmCustomEntity = \"SHA256\", FileHashCustomEntity = FileHash\n),\n(SecurityEvent\n| where EventID == '4688'\n| where CommandLine has_any (IPList) \n| project TimeGenerated, Computer, NewProcessName, ParentProcessName, Account, NewProcessId\n| extend timestamp = TimeGenerated, HostCustomEntity = Computer , AccountCustomEntity = Account, ProcessCustomEntity = NewProcessName\n),\n(WindowsEvent\n| where EventID == '4688' and  has_any_ipv4(EventData, toscalar(IPList)) \n| extend NewProcessName = tostring(EventData.NewProcessName)\n| where NewProcessName  in (IPList) \n| extend ParentProcessName = tostring(EventData.ParentProcessName)\n| extend Account =  strcat(EventData.SubjectDomainName,\"\\\\\", EventData.SubjectUserName)\n| extend NewProcessId = tostring(EventData.NewProcessId)\n| project TimeGenerated, Computer, NewProcessName, ParentProcessName, Account, NewProcessId\n| extend timestamp = TimeGenerated, HostCustomEntity = Computer , AccountCustomEntity = Account, ProcessCustomEntity = NewProcessName\n)\n)\n",
                        "queryFrequency": "PT6H",
                        "queryPeriod": "PT6H",
                        "severity": "Medium",
                        "suppressionDuration": "PT1H",
                        "suppressionEnabled": false,
                        "triggerOperator": "GreaterThan",
                        "triggerThreshold": 0,
                        "tactics": [
                          "Impact"
                        ],
                        "techniques": [
                          "T1496"
                        ],
                        "entityMappings": [
                          {
                            "entityType": "Account",
                            "fieldMappings": [
                              {
                                "columnName": "AccountCustomEntity",
                                "identifier": "FullName"
                              }
                            ]
                          },
                          {
                            "entityType": "Host",
                            "fieldMappings": [
                              {
                                "columnName": "HostCustomEntity",
                                "identifier": "FullName"
                              }
                            ]
                          },
                          {
                            "entityType": "IP",
                            "fieldMappings": [
                              {
                                "columnName": "IPCustomEntity",
                                "identifier": "Address"
                              }
                            ]
                          },
                          {
                            "entityType": "Process",
                            "fieldMappings": [
                              {
                                "columnName": "ProcessCustomEntity",
                                "identifier": "ProcessId"
                              }
                            ]
                          },
                          {
                            "entityType": "FileHash",
                            "fieldMappings": [
                              {
                                "columnName": "AlgorithmCustomEntity",
                                "identifier": "Algorithm"
                              },
                              {
                                "columnName": "FileHashCustomEntity",
                                "identifier": "Value"
                              }
                            ]
                          }
                        ]
                      }
                    },
                    {
                      "type": "Microsoft.OperationalInsights/workspaces/providers/metadata",
                      "apiVersion": "2021-03-01-preview",
                      "properties": {
                        "description": "'Identifies a match across various data feeds for IP,hashes and IOCs related to Windows/ELF malware published by Black Lotus Labs\nReference: \nhttps://blog.lumen.com/no-longer-just-theory-black-lotus-labs-uncovers-linux-executables-deployed-as-stealth-windows-loaders\nhttps://github.com/ManuelBerrueta/YARA-rules/blob/master/BlackLotusLabs-WSLMalware/BLL_SneakyWSL.yar'\n",
                        "version": "1.1.1",
                        "author": {
                          "name": "Community"
                        },
                        "support": {
                          "name": "Community",
                          "link": "https://github.com/Azure/Azure-Sentinel/issues",
                          "tier": "Community"
                        },
                        "source": {
                          "kind": "Community",
                          "name": "Standalone"
                        },
                        "threatAnalysisTactics": [
                          "Impact"
                        ],
                        "threatAnalyticsTechniques": [
                          "T1496"
                        ],
                        "contentId": "d992b87b-eb49-4a9d-aa96-baacf9d26247",
                        "parentId": "d992b87b-eb49-4a9d-aa96-baacf9d26247",
                        "kind": "AnalyticsRule",
                        "dependencies": {
                          "operator": "AND",
                          "criteria": [
                            {
                              "contentId": "CommonSecurityLog",
                              "kind": "DataType"
                            },
                            {
                              "contentId": "CommonSecurityLog",
                              "kind": "DataType"
                            },
                            {
                              "contentId": "CommonSecurityLog",
                              "kind": "DataType"
                            },
                            {
                              "contentId": "CommonSecurityLog",
                              "kind": "DataType"
                            },
                            {
                              "contentId": "CommonSecurityLog",
                              "kind": "DataType"
                            },
                            {
                              "contentId": "CommonSecurityLog",
                              "kind": "DataType"
                            },
                            {
                              "contentId": "DeviceNetworkEvents",
                              "kind": "DataType"
                            },
                            {
                              "contentId": "DeviceFileEvents",
                              "kind": "DataType"
                            },
                            {
                              "contentId": "DeviceEvents",
                              "kind": "DataType"
                            },
                            {
                              "contentId": "SecurityEvent",
                              "kind": "DataType"
                            },
                            {
                              "contentId": "AzureDiagnostics",
                              "kind": "DataType"
                            },
                            {
                              "contentId": "WindowsFirewall",
                              "kind": "DataType"
                            },
                            {
                              "contentId": "SecurityEvents",
                              "kind": "DataType"
                            },
                            {
                              "contentId": "WindowsEvent",
                              "kind": "DataType"
                            }
                          ]
                        }
                      }
                    }
                  ]
                }
              }
            }
          ]
        },
        "author": {
          "name": "Community"
        },
        "dependencies": {
          "operator": "AND",
          "criteria": [
            {
              "contentId": "d992b87b-eb49-4a9d-aa96-baacf9d26247",
              "kind": "AnalyticsRule"
            }
          ]
        },
        "description": "'Identifies a match across various data feeds for IP,hashes and IOCs related to Windows/ELF malware published by Black Lotus Labs\nReference: \nhttps://blog.lumen.com/no-longer-just-theory-black-lotus-labs-uncovers-linux-executables-deployed-as-stealth-windows-loaders\nhttps://github.com/ManuelBerrueta/YARA-rules/blob/master/BlackLotusLabs-WSLMalware/BLL_SneakyWSL.yar'\n",
        "displayName": "Alert for  IOCs related to Windows/ELF malware - IP, Hash IOCs - September 2021",
        "packageId": "d992b87b-eb49-4a9d-aa96-baacf9d26247",
        "source": {
          "kind": "Community",
          "name": "Standalone"
        },
        "support": {
          "name": "Community",
          "link": "https://github.com/Azure/Azure-Sentinel/issues",
          "tier": "Community"
        },
        "threatAnalysisTactics": [
          "Impact"
        ],
        "threatAnalyticsTechniques": [
          "T1496"
        ],
        "version": "1.1.1"
      },
      "name": "[concat(parameters('workspace'),'/Microsoft.SecurityInsights/', 'd992b87b-eb49-4a9d-aa96-baacf9d26247')]"
    }
  ]
}