{
  "$schema": "https://schema.management.azure.com/schemas/2019-04-01/deploymentTemplate.json#",
  "contentVersion": "1.0.0.0",
  "parameters": {
    "location": {
      "type": "string",
      "minLength": 1,
      "defaultValue": "[resourceGroup().location]",
      "metadata": {
        "description": "Not used, but needed to pass arm-ttk test `Location-Should-Not-Be-Hardcoded`.  We instead use the `workspace-location` which is derived from the LA workspace"
      }
    },
    "workspace-location": {
      "type": "string",
      "defaultValue": "",
      "metadata": {
        "description": "[concat('Region to deploy solution resources -- separate from location selection',parameters('location'))]"
      }
    },
    "workspace": {
      "defaultValue": "",
      "type": "string",
      "metadata": {
        "description": "Workspace name for Log Analytics where Microsoft Sentinel is setup"
      }
    }
  },
  "variables": {},
  "resources": [
    {
      "type": "Microsoft.OperationalInsights/workspaces/providers/packages",
      "location": "[parameters('workspace-location')]",
      "apiVersion": "2022-08-01",
      "properties": {
        "packageKind": "Standalone",
        "packageItems": {
          "resources": [
            {
              "type": "Microsoft.OperationalInsights/workspaces/providers/contentTemplates",
              "name": "[concat(parameters('workspace'),'/Microsoft.SecurityInsights/', 'f819c592-c5f9-4d5c-a79f-1e6819863533')]",
              "location": "[parameters('workspace-location')]",
              "apiVersion": "2022-08-01",
              "properties": {
                "contentId": "f819c592-c5f9-4d5c-a79f-1e6819863533",
                "displayName": "Azure AD Health Monitoring Agent Registry Keys Access",
                "contentKind": "AnalyticsRule",
                "mainTemplate": {
                  "$schema": "https://schema.management.azure.com/schemas/2019-04-01/deploymentTemplate.json#",
                  "contentVersion": "1.1.1",
                  "resources": [
                    {
                      "type": "Microsoft.OperationalInsights/workspaces/providers/alertRules",
                      "apiVersion": "2022-04-01-preview",
                      "name": "f819c592-c5f9-4d5c-a79f-1e6819863533",
                      "kind": "Scheduled",
                      "location": "[parameters('workspace-location')]",
                      "properties": {
                        "description": "This detection uses Windows security events to detect suspicious access attempts to the registry key of Azure AD Health monitoring agent.\nThis detection requires an access control entry (ACE) on the system access control list (SACL) of the following securable object HKLM\\SOFTWARE\\Microsoft\\Microsoft Online\\Reporting\\MonitoringAgent.\nYou can find more information in here https://github.com/OTRF/Set-AuditRule/blob/master/rules/registry/aad_connect_health_monitoring_agent.yml\n",
                        "displayName": "Azure AD Health Monitoring Agent Registry Keys Access",
                        "enabled": false,
                        "query": "// ADHealth Monitoring Agent Registry Key\nlet aadHealthMonAgentRegKey = \"\\\\REGISTRY\\\\MACHINE\\\\SOFTWARE\\\\Microsoft\\\\Microsoft Online\\\\Reporting\\\\MonitoringAgent\";\n// Filter out known processes\nlet aadConnectHealthProcs = dynamic ([\n    'Microsoft.Identity.Health.Adfs.DiagnosticsAgent.exe',\n    'Microsoft.Identity.Health.Adfs.InsightsService.exe',\n    'Microsoft.Identity.Health.Adfs.MonitoringAgent.Startup.exe',\n    'Microsoft.Identity.Health.Adfs.PshSurrogate.exe',\n    'Microsoft.Identity.Health.Common.Clients.ResourceMonitor.exe',\n    'Microsoft.Identity.Health.AadSync.MonitoringAgent.Startup.exe',\n    'Microsoft.Identity.AadConnect.Health.AadSync.Host.exe',\n    'Microsoft.Azure.ActiveDirectory.Synchronization.Upgrader.exe',\n    'miiserver.exe'\n]);\n(union isfuzzy=true\n(\nSecurityEvent\n| where EventID == '4656'\n| where EventData has aadHealthMonAgentRegKey\n| extend EventData = parse_xml(EventData).EventData.Data\n| mv-expand bagexpansion=array EventData\n| evaluate bag_unpack(EventData)\n| extend Key = tostring(column_ifexists('@Name', \"\")), Value = column_ifexists('#text', \"\")\n| evaluate pivot(Key, any(Value), TimeGenerated, Computer, EventID)\n| extend ObjectName = column_ifexists(\"ObjectName\", \"\"),\n    ObjectType = column_ifexists(\"ObjectType\", \"\")\n| where ObjectType == 'Key'\n| where ObjectName == aadHealthMonAgentRegKey\n| extend SubjectUserName = column_ifexists(\"SubjectUserName\", \"\"),\n    SubjectDomainName = column_ifexists(\"SubjectDomainName\", \"\"),\n    ProcessName = column_ifexists(\"ProcessName\", \"\")\n| extend Process = split(ProcessName, '\\\\', -1)[-1],\n    Account = strcat(SubjectDomainName, \"\\\\\", SubjectUserName)\n| where Process !in (aadConnectHealthProcs)\n| summarize StartTime = max(TimeGenerated), EndTime = min(TimeGenerated), count() by EventID, Account, Computer, Process, SubjectUserName, SubjectDomainName, ObjectName, ObjectType, ProcessName\n),\n(\nWindowsEvent\n| where EventID == '4656' and EventData has aadHealthMonAgentRegKey\n| extend ObjectType = tostring(EventData.ObjectType)\n| where ObjectType == 'Key'\n| extend ObjectName = tostring(EventData.ObjectName)\n| where ObjectName == aadHealthMonAgentRegKey\n| extend ProcessName = tostring(EventData.ProcessName)\n| extend Process = tostring(split(ProcessName, '\\\\')[-1])\n| where Process !in (aadConnectHealthProcs)\n| extend Account =  strcat(tostring(EventData.SubjectDomainName),\"\\\\\", tostring(EventData.SubjectUserName))\n| extend SubjectUserName = tostring(EventData.SubjectUserName)\n| extend SubjectDomainName = tostring(EventData.SubjectDomainName)\n| summarize StartTime = max(TimeGenerated), EndTime = min(TimeGenerated), count() by EventID, Account, Computer, Process, SubjectUserName, SubjectDomainName, ObjectName, ObjectType, ProcessName\n),\n(\nSecurityEvent\n| where EventID == '4663'\n| where ObjectType == 'Key'\n| where ObjectName == aadHealthMonAgentRegKey\n| extend Process = tostring(split(ProcessName, '\\\\', -1)[-1])\n| where Process !in (aadConnectHealthProcs)\n| summarize StartTime = max(TimeGenerated), EndTime = min(TimeGenerated), count() by EventID, Account, Computer, Process, SubjectUserName, SubjectDomainName, ObjectName, ObjectType, ProcessName\n),\n  (\nWindowsEvent\n| where EventID == '4663' and EventData has aadHealthMonAgentRegKey\n| extend ObjectType = tostring(EventData.ObjectType)\n| where ObjectType == 'Key'\n| extend ObjectName = tostring(EventData.ObjectName)\n| where ObjectName == aadHealthMonAgentRegKey\n| extend ProcessName = tostring(EventData.ProcessName)\n| extend Process = tostring(split(ProcessName, '\\\\')[-1])\n| where Process !in (aadConnectHealthProcs)\n| extend Account =  strcat(tostring(EventData.SubjectDomainName),\"\\\\\", tostring(EventData.SubjectUserName))\n| extend SubjectUserName = tostring(EventData.SubjectUserName)\n| extend SubjectDomainName = tostring(EventData.SubjectDomainName)\n| summarize StartTime = max(TimeGenerated), EndTime = min(TimeGenerated), count() by EventID, Account, Computer, Process, SubjectUserName, SubjectDomainName, ObjectName, ObjectType, ProcessName\n)\n)\n// You can filter out potential machine accounts\n//| where AccountType != 'Machine'\n| extend timestamp = StartTime, AccountCustomEntity = Account, HostCustomEntity = Computer\n",
                        "queryFrequency": "P1D",
                        "queryPeriod": "P1D",
                        "severity": "Medium",
                        "suppressionDuration": "PT1H",
                        "suppressionEnabled": false,
                        "triggerOperator": "GreaterThan",
                        "triggerThreshold": 0,
                        "tactics": [
                          "Collection"
                        ],
                        "techniques": [
                          "T1005"
                        ],
                        "entityMappings": [
                          {
                            "entityType": "Account",
                            "fieldMappings": [
                              {
                                "columnName": "AccountCustomEntity",
                                "identifier": "FullName"
                              }
                            ]
                          },
                          {
                            "entityType": "Host",
                            "fieldMappings": [
                              {
                                "columnName": "HostCustomEntity",
                                "identifier": "FullName"
                              }
                            ]
                          }
                        ]
                      }
                    },
                    {
                      "type": "Microsoft.OperationalInsights/workspaces/providers/metadata",
                      "apiVersion": "2021-03-01-preview",
                      "properties": {
                        "description": "'This detection uses Windows security events to detect suspicious access attempts to the registry key of Azure AD Health monitoring agent.\nThis detection requires an access control entry (ACE) on the system access control list (SACL) of the following securable object HKLM\\SOFTWARE\\Microsoft\\Microsoft Online\\Reporting\\MonitoringAgent.\nYou can find more information in here https://github.com/OTRF/Set-AuditRule/blob/master/rules/registry/aad_connect_health_monitoring_agent.yml\n'\n",
                        "version": "1.1.1",
                        "author": {
                          "name": "Community"
                        },
                        "support": {
                          "name": "Community",
                          "link": "https://github.com/Azure/Azure-Sentinel/issues",
                          "tier": "Community"
                        },
                        "source": {
                          "kind": "Community",
                          "name": "Standalone"
                        },
                        "threatAnalysisTactics": [
                          "Collection"
                        ],
                        "threatAnalyticsTechniques": [
                          "T1005"
                        ],
                        "contentId": "f819c592-c5f9-4d5c-a79f-1e6819863533",
                        "parentId": "f819c592-c5f9-4d5c-a79f-1e6819863533",
                        "kind": "AnalyticsRule",
                        "dependencies": {
                          "operator": "AND",
                          "criteria": [
                            {
                              "contentId": "SecurityEvent",
                              "kind": "DataType"
                            },
                            {
                              "contentId": "SecurityEvents",
                              "kind": "DataType"
                            },
                            {
                              "contentId": "WindowsEvent",
                              "kind": "DataType"
                            }
                          ]
                        }
                      }
                    }
                  ]
                }
              }
            }
          ]
        },
        "author": {
          "name": "Community"
        },
        "dependencies": {
          "operator": "AND",
          "criteria": [
            {
              "contentId": "f819c592-c5f9-4d5c-a79f-1e6819863533",
              "kind": "AnalyticsRule"
            }
          ]
        },
        "description": "'This detection uses Windows security events to detect suspicious access attempts to the registry key of Azure AD Health monitoring agent.\nThis detection requires an access control entry (ACE) on the system access control list (SACL) of the following securable object HKLM\\SOFTWARE\\Microsoft\\Microsoft Online\\Reporting\\MonitoringAgent.\nYou can find more information in here https://github.com/OTRF/Set-AuditRule/blob/master/rules/registry/aad_connect_health_monitoring_agent.yml\n'\n",
        "displayName": "Azure AD Health Monitoring Agent Registry Keys Access",
        "packageId": "f819c592-c5f9-4d5c-a79f-1e6819863533",
        "source": {
          "kind": "Community",
          "name": "Standalone"
        },
        "support": {
          "name": "Community",
          "link": "https://github.com/Azure/Azure-Sentinel/issues",
          "tier": "Community"
        },
        "threatAnalysisTactics": [
          "Collection"
        ],
        "threatAnalyticsTechniques": [
          "T1005"
        ],
        "version": "1.1.1"
      },
      "name": "[concat(parameters('workspace'),'/Microsoft.SecurityInsights/', 'f819c592-c5f9-4d5c-a79f-1e6819863533')]"
    }
  ]
}