{
  "$schema": "https://schema.management.azure.com/schemas/2019-04-01/deploymentTemplate.json#",
  "parameters": {
    "location": {
      "type": "string",
      "minLength": 1,
      "defaultValue": "[resourceGroup().location]",
      "metadata": {
        "description": "Not used, but needed to pass arm-ttk test `Location-Should-Not-Be-Hardcoded`.  We instead use the `workspace-location` which is derived from the LA workspace"
      }
    },
    "workspace-location": {
      "type": "string",
      "defaultValue": "",
      "metadata": {
        "description": "[concat('Region to deploy solution resources -- separate from location selection',parameters('location'))]"
      }
    },
    "workspace": {
      "defaultValue": "",
      "type": "string",
      "metadata": {
        "description": "Workspace name for Log Analytics where Microsoft Sentinel is setup"
      }
    }
  },
  "variables": {},
  "resources": [
    {
      "type": "Microsoft.OperationalInsights/workspaces/providers/packages",
      "location": "[parameters('workspace-location')]",
      "apiVersion": "2022-08-01",
      "properties": {
        "packageKind": "Standalone",
        "packageItems": {
          "resources": [
            {
              "type": "Microsoft.OperationalInsights/workspaces/providers/contentTemplates",
              "name": "[concat(parameters('workspace'),'/Microsoft.SecurityInsights/', 'e2399891-383c-4caf-ae67-68a008b9f89e')]",
              "location": "[parameters('workspace-location')]",
              "apiVersion": "2022-08-01",
              "properties": {
                "contentId": "e2399891-383c-4caf-ae67-68a008b9f89e",
                "displayName": "(Preview) TI map IP entity to Network Session Events (ASIM Network Session schema)",
                "contentKind": "AnalyticsRule",
                "mainTemplate": {
                  "$schema": "https://schema.management.azure.com/schemas/2019-04-01/deploymentTemplate.json#",
                  "contentVersion": "1.0.1",
                  "resources": [
                    {
                      "type": "Microsoft.OperationalInsights/workspaces/providers/alertRules",
                      "apiVersion": "2022-04-01-preview",
                      "name": "[concat(parameters('workspace'),'/Microsoft.SecurityInsights/', '' )]",
                      "kind": "Scheduled",
                      "location": "[parameters('workspace-location')]",
                      "properties": {
                        "description": "This rule identifies a match Network Sessions for which the source of destination IP address is a known IoC. <br><br>\nThis analytic rule uses [ASIM](https://aka.ms/AboutASIM) and supports any built-in or custom source that supports the ASIM NetworkSession schema",
                        "displayName": "(Preview) TI map IP entity to Network Session Events (ASIM Network Session schema)",
                        "enabled": false,
                        "query": "let HAS_ANY_MAX = 10000;\nlet dt_lookBack = 1h;\nlet ioc_lookBack = 14d;\nlet IP_TI=ThreatIntelligenceIndicator\n| where TimeGenerated >= ago(ioc_lookBack) and ExpirationDateTime > now()\n| summarize LatestIndicatorTime = arg_max(TimeGenerated, *) by IndicatorId\n| where Active == true\n// As there is potentially more than 1 indicator type for matching IP, taking NetworkIP first, then others if that is empty.\n// Taking the first non-empty value based on potential IOC match availability\n| extend TI_ipEntity = coalesce(NetworkIP, NetworkDestinationIP, NetworkSourceIP,EmailSourceIpAddress,\"NO_IP\")\n// Picking up only IOC's that contain the entities we want\n| where TI_ipEntity != \"NO_IP\";\nlet IP_TI_list=toscalar(IP_TI | summarize NIoCs=dcount(TI_ipEntity), IoCs=make_set( TI_ipEntity)\n | project IoCs=iff(NIoCs > HAS_ANY_MAX, dynamic([]), IoCs));\nIP_TI\n  // using innerunique to keep perf fast and result set low, we only need one match to indicate potential malicious activity that needs to be investigated\n  | join kind=innerunique \n  (\n      union \n          (\n          _Im_NetworkSession (starttime=ago(dt_lookBack), dstipaddr_has_any_prefix=IP_TI_list)\n          | where isnotempty(SrcIpAddr)\n          // renaming time column so it is clear the log this came from\n          | extend imNWS_TimeGenerated = TimeGenerated, IoCIP=DstIpAddr, IoCIPDirection='Destination'\n          ),\n          (\n          _Im_NetworkSession (starttime=ago(dt_lookBack), srcipaddr_has_any_prefix=IP_TI_list)\n          | where isnotempty(DstIpAddr)\n          // renaming time column so it is clear the log this came from\n          | extend imNWS_TimeGenerated = TimeGenerated, IoCIP=SrcIpAddr, IoCIPDirection='Source'\n          )\n)on $left.TI_ipEntity == $right.IoCIP\n| where imNWS_TimeGenerated < ExpirationDateTime\n| summarize imNWS_TimeGenerated = arg_max(imNWS_TimeGenerated , *) by IndicatorId, IoCIP, IoCIPDirection\n| project imNWS_TimeGenerated, Description, ActivityGroupNames, IndicatorId, ThreatType, ExpirationDateTime, ConfidenceScore,\nTI_ipEntity, Dvc, SrcIpAddr, DstIpAddr, IoCIPDirection, IoCIP\n",
                        "queryFrequency": "PT1H",
                        "queryPeriod": "P14D",
                        "severity": "Medium",
                        "suppressionDuration": "PT1H",
                        "suppressionEnabled": false,
                        "triggerOperator": "GreaterThan",
                        "triggerThreshold": 0,
                        "tactics": [
                          "Impact"
                        ],
                        "entityMappings": [
                          {
                            "entityType": "IP",
                            "fieldMappings": [
                              {
                                "columnName": "IoCIP",
                                "identifier": "Address"
                              }
                            ]
                          }
                        ],
                        "customDetails": {
                          "EventTime": "imNWS_TimeGenerated",
                          "IoCExpirationTime": "ExpirationDateTime",
                          "ActivityGroupNames": "ActivityGroupNames",
                          "IoCIPDirection": "IoCIPDirection",
                          "IndicatorId": "IndicatorId",
                          "IoCConfidenceScore": "ConfidenceScore",
                          "IoCDescription": "Description",
                          "ThreatType": "ThreatType"
                        },
                        "alertDetailsOverride": {
                          "alertDisplayNameFormat": "A network session {{IoCIPDirection}} address {{IoCIP}} matched an IoC.",
                          "alertDescriptionFormat": "The {{IoCIPDirection}} address {{IoCIP}} of a network session  matched a known indicator of compromise of {{ThreatType}}. Consult the threat intelligence blead for more information on the indicator."
                        }
                      }
                    },
                    {
                      "type": "Microsoft.OperationalInsights/workspaces/providers/metadata",
                      "apiVersion": "2021-03-01-preview",
                      "name": "[concat(parameters('workspace'),'/Microsoft.SecurityInsights/', '')]",
                      "properties": {
                        "description": "'This rule identifies a match Network Sessions for which the source of destination IP address is a known IoC. <br><br>\nThis analytic rule uses [ASIM](https://aka.ms/AboutASIM) and supports any built-in or custom source that supports the ASIM NetworkSession schema'\n",
                        "version": "1.0.1",
                        "source": {
                          "kind": "Community"
                        },
                        "threatAnalysisTactics": [
                          "Impact"
                        ],
                        "contentId": "e2399891-383c-4caf-ae67-68a008b9f89e",
                        "parentId": "e2399891-383c-4caf-ae67-68a008b9f89e",
                        "kind": "AnalyticsRule",
                        "dependencies": {
                          "operator": "AND",
                          "criteria": [
                            {
                              "contentId": "AWSVPCFlow",
                              "kind": "DataType"
                            },
                            {
                              "contentId": "WindowsEvent",
                              "kind": "DataType"
                            },
                            {
                              "contentId": "ThreatIntelligenceIndicator",
                              "kind": "DataType"
                            },
                            {
                              "contentId": "ThreatIntelligenceIndicator",
                              "kind": "DataType"
                            },
                            {
                              "contentId": "DeviceNetworkEvents",
                              "kind": "DataType"
                            },
                            {
                              "contentId": "SecurityEvent",
                              "kind": "DataType"
                            },
                            {
                              "contentId": "CommonSecurityLog",
                              "kind": "DataType"
                            },
                            {
                              "contentId": "Syslog",
                              "kind": "DataType"
                            },
                            {
                              "contentId": "CommonSecurityLog",
                              "kind": "DataType"
                            }
                          ]
                        }
                      }
                    }
                  ]
                }
              }
            }
          ]
        },
        "dependencies": {
          "operator": "AND",
          "criteria": [
            {
              "contentId": "e2399891-383c-4caf-ae67-68a008b9f89e",
              "kind": "AnalyticsRule"
            }
          ]
        },
        "description": "'This rule identifies a match Network Sessions for which the source of destination IP address is a known IoC. <br><br>\nThis analytic rule uses [ASIM](https://aka.ms/AboutASIM) and supports any built-in or custom source that supports the ASIM NetworkSession schema'\n",
        "displayName": "(Preview) TI map IP entity to Network Session Events (ASIM Network Session schema)",
        "packageId": "e2399891-383c-4caf-ae67-68a008b9f89e",
        "source": {
          "kind": "Community"
        },
        "threatAnalysisTactics": [
          "Impact"
        ],
        "version": "1.0.1"
      },
      "name": "[concat(parameters('workspace'),'/Microsoft.SecurityInsights/', 'e2399891-383c-4caf-ae67-68a008b9f89e')]"
    }
  ]
}