{
  "$schema": "https://schema.management.azure.com/schemas/2019-04-01/deploymentTemplate.json#",
  "contentVersion": "1.0.0.0",
  "parameters": {
    "location": {
      "type": "string",
      "minLength": 1,
      "defaultValue": "[resourceGroup().location]",
      "metadata": {
        "description": "Not used, but needed to pass arm-ttk test `Location-Should-Not-Be-Hardcoded`.  We instead use the `workspace-location` which is derived from the LA workspace"
      }
    },
    "workspace-location": {
      "type": "string",
      "defaultValue": "",
      "metadata": {
        "description": "[concat('Region to deploy solution resources -- separate from location selection',parameters('location'))]"
      }
    },
    "workspace": {
      "defaultValue": "",
      "type": "string",
      "metadata": {
        "description": "Workspace name for Log Analytics where Microsoft Sentinel is setup"
      }
    }
  },
  "variables": {},
  "resources": [
    {
      "type": "Microsoft.OperationalInsights/workspaces/providers/packages",
      "location": "[parameters('workspace-location')]",
      "apiVersion": "2022-08-01",
      "properties": {
        "packageKind": "Standalone",
        "packageItems": {
          "resources": [
            {
              "type": "Microsoft.OperationalInsights/workspaces/providers/contentTemplates",
              "name": "[concat(parameters('workspace'),'/Microsoft.SecurityInsights/', '55073036-bb86-47d3-a85a-b113ac3d9396')]",
              "location": "[parameters('workspace-location')]",
              "apiVersion": "2022-08-01",
              "properties": {
                "contentId": "55073036-bb86-47d3-a85a-b113ac3d9396",
                "displayName": "Privileged User Logon from new ASN",
                "contentKind": "AnalyticsRule",
                "mainTemplate": {
                  "$schema": "https://schema.management.azure.com/schemas/2019-04-01/deploymentTemplate.json#",
                  "contentVersion": "1.0.0",
                  "resources": [
                    {
                      "type": "Microsoft.OperationalInsights/workspaces/providers/alertRules",
                      "apiVersion": "2022-04-01-preview",
                      "name": "55073036-bb86-47d3-a85a-b113ac3d9396",
                      "kind": "Scheduled",
                      "location": "[parameters('workspace-location')]",
                      "properties": {
                        "description": "Detects a successful logon by a privileged account from an ASN not logged in from in the last 14 days.\n  Monitor these logons to ensure they are legitimate and identify if there are any similar sign ins.",
                        "displayName": "Privileged User Logon from new ASN",
                        "enabled": false,
                        "query": "let admins=(IdentityInfo\n  | where AssignedRoles contains \"admin\"\n  | summarize by tolower(AccountUPN));\n  let known_asns = (\n  SigninLogs\n  | where TimeGenerated between(ago(14d)..ago(1d))\n  | where ResultType == 0\n  | summarize by AutonomousSystemNumber);\n  SigninLogs\n  | where TimeGenerated > ago(1d)\n  | where ResultType == 0\n  | where tolower(UserPrincipalName) in (admins)\n  | where AutonomousSystemNumber !in (known_asns)\n  | project-reorder TimeGenerated, UserPrincipalName, UserAgent, IpAddress, AutonomousSystemNumber\n",
                        "queryFrequency": "P1D",
                        "queryPeriod": "P7D",
                        "severity": "Medium",
                        "suppressionDuration": "PT1H",
                        "suppressionEnabled": false,
                        "triggerOperator": "GreaterThan",
                        "triggerThreshold": 0,
                        "tactics": [
                          "DefenseEvasion"
                        ],
                        "techniques": [
                          "T1078.004"
                        ],
                        "entityMappings": [
                          {
                            "entityType": "Account",
                            "fieldMappings": [
                              {
                                "columnName": "UserPrincipalName",
                                "identifier": "Name"
                              }
                            ]
                          },
                          {
                            "entityType": "IP",
                            "fieldMappings": [
                              {
                                "columnName": "IpAddress",
                                "identifier": "Address"
                              }
                            ]
                          }
                        ]
                      }
                    },
                    {
                      "type": "Microsoft.OperationalInsights/workspaces/providers/metadata",
                      "apiVersion": "2021-03-01-preview",
                      "properties": {
                        "description": "'Detects a successful logon by a privileged account from an ASN not logged in from in the last 14 days.\n  Monitor these logons to ensure they are legitimate and identify if there are any similar sign ins.'\n",
                        "version": "1.0.0",
                        "author": {
                          "name": "Community"
                        },
                        "support": {
                          "name": "Community",
                          "link": "https://github.com/Azure/Azure-Sentinel/issues",
                          "tier": "Community"
                        },
                        "source": {
                          "kind": "Community",
                          "name": "Standalone"
                        },
                        "threatAnalysisTactics": [
                          "DefenseEvasion"
                        ],
                        "threatAnalyticsTechniques": [
                          "T1078.004"
                        ],
                        "contentId": "55073036-bb86-47d3-a85a-b113ac3d9396",
                        "parentId": "55073036-bb86-47d3-a85a-b113ac3d9396",
                        "kind": "AnalyticsRule",
                        "dependencies": {
                          "operator": "AND",
                          "criteria": [
                            {
                              "contentId": "SigninLogs",
                              "kind": "DataType"
                            },
                            {
                              "contentId": "BehaviorAnalytics",
                              "kind": "DataType"
                            }
                          ]
                        }
                      }
                    }
                  ]
                }
              }
            }
          ]
        },
        "author": {
          "name": "Community"
        },
        "dependencies": {
          "operator": "AND",
          "criteria": [
            {
              "contentId": "55073036-bb86-47d3-a85a-b113ac3d9396",
              "kind": "AnalyticsRule"
            }
          ]
        },
        "description": "'Detects a successful logon by a privileged account from an ASN not logged in from in the last 14 days.\n  Monitor these logons to ensure they are legitimate and identify if there are any similar sign ins.'\n",
        "displayName": "Privileged User Logon from new ASN",
        "packageId": "55073036-bb86-47d3-a85a-b113ac3d9396",
        "source": {
          "kind": "Community",
          "name": "Standalone"
        },
        "support": {
          "name": "Community",
          "link": "https://github.com/Azure/Azure-Sentinel/issues",
          "tier": "Community"
        },
        "threatAnalysisTactics": [
          "DefenseEvasion"
        ],
        "threatAnalyticsTechniques": [
          "T1078.004"
        ],
        "version": "1.0.0"
      },
      "name": "[concat(parameters('workspace'),'/Microsoft.SecurityInsights/', '55073036-bb86-47d3-a85a-b113ac3d9396')]"
    }
  ]
}