{
  "$schema": "https://schema.management.azure.com/schemas/2019-04-01/deploymentTemplate.json#",
  "contentVersion": "1.0.0",
  "parameters": {
    "location": {
      "type": "string",
      "minLength": 1,
      "defaultValue": "[resourceGroup().location]",
      "metadata": {
        "description": "Not used, but needed to pass arm-ttk test `Location-Should-Not-Be-Hardcoded`.  We instead use the `workspace-location` which is derived from the LA workspace"
      }
    },
    "workspace": {
      "defaultValue": "",
      "type": "string",
      "metadata": {
        "description": "Workspace name for Log Analytics where Microsoft Sentinel is setup"
      }
    },
    "workspace-location": {
      "type": "string",
      "defaultValue": "",
      "metadata": {
        "description": "[concat('Region to deploy solution resources -- separate from location selection',parameters('location'))]"
      }
    }
  },
  "resources": [
    {
      "type": "Microsoft.OperationalInsights/workspaces/providers/contentTemplates",
      "name": "[concat(parameters('workspace'),'/Microsoft.SecurityInsights/',concat(concat(parameters('workspace'),'-ar-',uniquestring('8e0403b1-07f8-4865-b2e9-74d1e83200a4')),'1.0.0'))]",
      "location": "[parameters('workspace-location')]",
      "apiVersion": "2022-08-01",
      "dependsOn": [
        "[extensionResourceId(resourceId('Microsoft.OperationalInsights/workspaces', parameters('workspace')), 'Microsoft.SecurityInsights/contentPackages', 'cyberpion1597832716616.cyberpion_mss')]"
      ],
      "properties": {
        "contentId": "8e0403b1-07f8-4865-b2e9-74d1e83200a4",
        "displayName": "High Urgency Cyberpion Action Items",
        "contentKind": "AnalyticsRule",
        "mainTemplate": {
          "resources": [
            {
              "type": "Microsoft.SecurityInsights/AlertRuleTemplates",
              "name": "8e0403b1-07f8-4865-b2e9-74d1e83200a4",
              "apiVersion": "2022-04-01-preview",
              "kind": "Scheduled",
              "location": "[parameters('workspace-location')]",
              "properties": {
                "description": "This query creates an alert for active Cyberpion Action Items with high urgency (9-10).\n Urgency can be altered using the \"min_urgency\" variable in the query.",
                "displayName": "High Urgency Cyberpion Action Items",
                "enabled": false,
                "query": "let timeframe = 14d;\nlet time_generated_bucket = 1h;\nlet min_urgency = 9;\nlet maxTimeGeneratedBucket = toscalar(\n   CyberpionActionItems_CL\n   | where TimeGenerated > ago(timeframe)\n   | summarize max(bin(TimeGenerated, time_generated_bucket))\n   );\nCyberpionActionItems_CL\n | where TimeGenerated > ago(timeframe) and is_open_b == true\n | where bin(TimeGenerated, time_generated_bucket) == maxTimeGeneratedBucket\n | where urgency_d >= min_urgency\n | extend timestamp = opening_datetime_t\n | extend DNSCustomEntity = host_s\n",
                "queryFrequency": "P1D",
                "queryPeriod": "P14D",
                "severity": "High",
                "suppressionDuration": "PT1H",
                "suppressionEnabled": false,
                "triggerOperator": "GreaterThan",
                "triggerThreshold": 0,
                "status": "Available",
                "requiredDataConnectors": [
                  {
                    "dataTypes": [
                      "CyberpionActionItems_CL"
                    ],
                    "connectorId": "CyberpionSecurityLogs"
                  }
                ],
                "tactics": [
                  "InitialAccess"
                ],
                "entityMappings": [
                  {
                    "entityType": "DNS",
                    "fieldMappings": [
                      {
                        "columnName": "DNSCustomEntity",
                        "identifier": "DomainName"
                      }
                    ]
                  }
                ]
              }
            },
            {
              "type": "Microsoft.OperationalInsights/workspaces/providers/metadata",
              "apiVersion": "2022-01-01-preview",
              "name": "[concat(parameters('workspace'),'/Microsoft.SecurityInsights/',concat('AnalyticsRule-', last(split(resourceId('Microsoft.SecurityInsights/AlertRuleTemplates', '8e0403b1-07f8-4865-b2e9-74d1e83200a4'),'/'))))]",
              "properties": {
                "description": "Cyberpion Analytics Rule 1",
                "parentId": "[resourceId('Microsoft.SecurityInsights/AlertRuleTemplates', '8e0403b1-07f8-4865-b2e9-74d1e83200a4')]",
                "contentId": "8e0403b1-07f8-4865-b2e9-74d1e83200a4",
                "kind": "AnalyticsRule",
                "version": "1.0.0",
                "source": {
                  "kind": "Solution",
                  "name": "Cyberpion",
                  "sourceId": "cyberpion1597832716616.cyberpion_mss"
                },
                "author": {
                  "name": "Cyberpion"
                },
                "support": {
                  "name": "Cyberpion",
                  "tier": "Partner",
                  "link": "https://www.cyberpion.com/contact/"
                }
              }
            }
          ]
        },
        "packageKind": "Solution",
        "packageVersion": "2.0.1",
        "packageName": "Cyberpion Security Logs",
        "packageId": "cyberpion1597832716616.cyberpion_mss"
      }
    }
  ]
}