{
  "$schema": "https://schema.management.azure.com/schemas/2019-04-01/deploymentTemplate.json#",
  "parameters": {
    "location": {
      "type": "string",
      "minLength": 1,
      "defaultValue": "[resourceGroup().location]",
      "metadata": {
        "description": "Not used, but needed to pass arm-ttk test `Location-Should-Not-Be-Hardcoded`.  We instead use the `workspace-location` which is derived from the LA workspace"
      }
    },
    "workspace-location": {
      "type": "string",
      "defaultValue": "",
      "metadata": {
        "description": "[concat('Region to deploy solution resources -- separate from location selection',parameters('location'))]"
      }
    },
    "workspace": {
      "defaultValue": "",
      "type": "string",
      "metadata": {
        "description": "Workspace name for Log Analytics where Microsoft Sentinel is setup"
      }
    }
  },
  "variables": {},
  "resources": [
    {
      "type": "Microsoft.OperationalInsights/workspaces/providers/packages",
      "location": "[parameters('workspace-location')]",
      "apiVersion": "2022-08-01",
      "properties": {
        "packageKind": "Standalone",
        "packageItems": {
          "resources": [
            {
              "type": "Microsoft.OperationalInsights/workspaces/providers/contentTemplates",
              "name": "[concat(parameters('workspace'),'/Microsoft.SecurityInsights/', '24b0f252-08fd-4f70-b387-9015bea1b34c')]",
              "location": "[parameters('workspace-location')]",
              "kind": "shared",
              "apiVersion": "2022-08-01",
              "properties": {
                "contentId": "24b0f252-08fd-4f70-b387-9015bea1b34c",
                "displayName": "KNOTWEED-AV Detections",
                "contentKind": "HuntingQuery",
                "mainTemplate": {
                  "$schema": "https://schema.management.azure.com/schemas/2019-04-01/deploymentTemplate.json#",
                  "contentVersion": "1.0.0",
                  "resources": [
                    {
                      "type": "Microsoft.OperationalInsights/savedSearches",
                      "apiVersion": "2020-08-01",
                      "name": "24b0f252-08fd-4f70-b387-9015bea1b34c",
                      "location": "[parameters('workspace-location')]",
                      "properties": {
                        "eTag": "*",
                        "displayName": "KNOTWEED-AV Detections",
                        "category": "Hunting Queries",
                        "query": "// AV Detections\nlet knotweed_sigs = dynamic([\"JumplumpDropper\", \"Jumplump\", \"Corelump\", \"Mexlib\", \"Medcerc \", \"SuspModuleLoad\"]);\nAlertEvidence \n| where Timestamp > ago(30d) \n| where ThreatFamily in~ (knotweed_sigs)\n| join MtpAlerts on AlertId\n| project OriginalReportOccurrenceTime, LastSeen, MachineId1, ThreatFamily, AlertId\n",
                        "version": 2,
                        "tags": [
                          {
                            "name": "description",
                            "value": "'This query looks for Microsoft Defender Antivirus detections with the family names used by KNOTWEED'\n"
                          }
                        ]
                      }
                    },
                    {
                      "type": "Microsoft.OperationalInsights/workspaces/providers/metadata",
                      "apiVersion": "2021-03-01-preview",
                      "name": "[concat(parameters('workspace'),'/Microsoft.SecurityInsights/',concat('huntingQuery-', '24b0f252-08fd-4f70-b387-9015bea1b34c'))]",
                      "properties": {
                        "description": "'This query looks for Microsoft Defender Antivirus detections with the family names used by KNOTWEED'\n",
                        "contentId": "24b0f252-08fd-4f70-b387-9015bea1b34c",
                        "version": "1.0.0",
                        "source": {
                          "kind": "Community"
                        },
                        "threatAnalyticsTechniques": [
                          null
                        ],
                        "parentId": "24b0f252-08fd-4f70-b387-9015bea1b34c",
                        "kind": "HuntingQuery",
                        "dependencies": {
                          "operator": "AND",
                          "criteria": [
                            {
                              "contentId": "SecurityAlert (MDATP)",
                              "kind": "DataType"
                            }
                          ]
                        }
                      }
                    }
                  ]
                }
              }
            }
          ]
        },
        "contentId": "24b0f252-08fd-4f70-b387-9015bea1b34c",
        "dependencies": {
          "operator": "AND",
          "criteria": [
            {
              "contentId": "24b0f252-08fd-4f70-b387-9015bea1b34c",
              "kind": "HuntingQuery"
            }
          ]
        },
        "description": "'This query looks for Microsoft Defender Antivirus detections with the family names used by KNOTWEED'\n",
        "displayName": "KNOTWEED-AV Detections",
        "source": {
          "kind": "Community"
        },
        "threatAnalyticsTechniques": [
          null
        ],
        "version": "1.0.0"
      },
      "name": "[concat(parameters('workspace'),'/Microsoft.SecurityInsights/', '24b0f252-08fd-4f70-b387-9015bea1b34c')]"
    }
  ]
}