{
  "$schema": "https://schema.management.azure.com/schemas/2019-04-01/deploymentTemplate.json#",
  "contentVersion": "1.0.0.0",
  "parameters": {
    "location": {
      "type": "string",
      "minLength": 1,
      "defaultValue": "[resourceGroup().location]",
      "metadata": {
        "description": "Not used, but needed to pass arm-ttk test `Location-Should-Not-Be-Hardcoded`.  We instead use the `workspace-location` which is derived from the LA workspace"
      }
    },
    "workspace-location": {
      "type": "string",
      "defaultValue": "",
      "metadata": {
        "description": "[concat('Region to deploy solution resources -- separate from location selection',parameters('location'))]"
      }
    },
    "workspace": {
      "defaultValue": "",
      "type": "string",
      "metadata": {
        "description": "Workspace name for Log Analytics where Microsoft Sentinel is setup"
      }
    }
  },
  "variables": {},
  "resources": [
    {
      "type": "Microsoft.OperationalInsights/workspaces/providers/packages",
      "location": "[parameters('workspace-location')]",
      "apiVersion": "2022-08-01",
      "properties": {
        "packageKind": "Standalone",
        "packageItems": {
          "resources": [
            {
              "type": "Microsoft.OperationalInsights/workspaces/providers/contentTemplates",
              "name": "[concat(parameters('workspace'),'/Microsoft.SecurityInsights/', '70b12a3b-4896-42cb-910c-5ffaf8d7987d')]",
              "location": "[parameters('workspace-location')]",
              "apiVersion": "2022-08-01",
              "properties": {
                "contentId": "70b12a3b-4896-42cb-910c-5ffaf8d7987d",
                "displayName": "THALLIUM domains included in DCU takedown",
                "contentKind": "AnalyticsRule",
                "mainTemplate": {
                  "$schema": "https://schema.management.azure.com/schemas/2019-04-01/deploymentTemplate.json#",
                  "contentVersion": "1.4.1",
                  "resources": [
                    {
                      "type": "Microsoft.OperationalInsights/workspaces/providers/alertRules",
                      "apiVersion": "2022-04-01-preview",
                      "name": "70b12a3b-4896-42cb-910c-5ffaf8d7987d",
                      "kind": "Scheduled",
                      "location": "[parameters('workspace-location')]",
                      "properties": {
                        "description": "THALLIUM spearphishing and command and control domains included in December 2019 DCU/MSTIC takedown. \n Matches domain name IOCs related to the THALLIUM activity group with CommonSecurityLog, DnsEvents, VMConnection and SecurityEvents dataTypes.\n References: https://blogs.microsoft.com/on-the-issues/2019/12/30/microsoft-court-action-against-nation-state-cybercrime/ ",
                        "displayName": "THALLIUM domains included in DCU takedown",
                        "enabled": false,
                        "query": "let DomainNames = dynamic([\"seoulhobi.biz\", \"reader.cash\", \"pieceview.club\", \"app-wallet.com\", \"bigwnet.com\", \"bitwoll.com\", \"cexrout.com\", \"change-pw.com\", \"checkprofie.com\", \"cloudwebappservice.com\", \"ctquast.com\", \"dataviewering.com\", \"day-post.com\", \"dialy-post.com\", \"documentviewingcom.com\", \"dovvn-mail.com\", \"down-error.com\", \"drivecheckingcom.com\", \"drog-service.com\", \"encodingmail.com\", \"filinvestment.com\", \"foldershareing.com\", \"golangapis.com\", \"hotrnall.com\", \"lh-logins.com\", \"login-use.com\", \"mail-down.com\", \"matmiho.com\", \"mihomat.com\", \"natwpersonal-online.com\", \"nidlogin.com\", \"nid-login.com\", \"nidlogon.com\", \"pw-change.com\", \"rnaii.com\", \"rnailm.com\", \"sec-live.com\", \"secrityprocessing.com\", \"securitedmode.com\", \"securytingmail.com\", \"set-login.com\", \"usrchecking.com\", \"com-serviceround.info\", \"mai1.info\", \"reviewer.mobi\", \"files-download.net\", \"fixcool.net\", \"hanrnaii.net\", \"office356-us.org\", \"smtper.org\"]);\n(union isfuzzy=true\n(CommonSecurityLog \n| parse Message with * '(' DNSName ')' * \n| where isnotempty(FileHash)\n| where DNSName in~ (DomainNames)\n| extend Account = SourceUserID, Computer = DeviceName, IPAddress = SourceIP\n),\n(_Im_Dns (domain_has_any=DomainNames)\n| extend DNSName = DnsQuery\n| extend IPAddress = SrcIpAddr\n),\n(VMConnection \n| parse RemoteDnsCanonicalNames with * '[\"' DNSName '\"]' *\n| where isnotempty(DNSName)\n| where DNSName  in~ (DomainNames)\n| extend IPAddress = RemoteIp\n),\n(AzureDiagnostics \n| where ResourceType == \"AZUREFIREWALLS\"\n| where Category == \"AzureFirewallApplicationRule\"\n| parse msg_s with Protocol 'request from ' SourceHost ':' SourcePort 'to ' DestinationHost ':' DestinationPort '. Action:' Action\n| where isnotempty(DestinationHost)\n| where DestinationHost has_any (DomainNames)  \n| extend DNSName = DestinationHost \n| extend IPAddress = SourceHost \n)\n)\n| extend timestamp = TimeGenerated, AccountCustomEntity = Account, HostCustomEntity = Computer, IPCustomEntity = IPAddress \n",
                        "queryFrequency": "P1D",
                        "queryPeriod": "P1D",
                        "severity": "High",
                        "suppressionDuration": "PT1H",
                        "suppressionEnabled": false,
                        "triggerOperator": "GreaterThan",
                        "triggerThreshold": 0,
                        "tactics": [
                          "CommandAndControl",
                          "CredentialAccess"
                        ],
                        "entityMappings": [
                          {
                            "entityType": "Account",
                            "fieldMappings": [
                              {
                                "columnName": "AccountCustomEntity",
                                "identifier": "FullName"
                              }
                            ]
                          },
                          {
                            "entityType": "Host",
                            "fieldMappings": [
                              {
                                "columnName": "HostCustomEntity",
                                "identifier": "FullName"
                              }
                            ]
                          },
                          {
                            "entityType": "IP",
                            "fieldMappings": [
                              {
                                "columnName": "IPCustomEntity",
                                "identifier": "Address"
                              }
                            ]
                          }
                        ]
                      }
                    },
                    {
                      "type": "Microsoft.OperationalInsights/workspaces/providers/metadata",
                      "apiVersion": "2021-03-01-preview",
                      "properties": {
                        "description": "'THALLIUM spearphishing and command and control domains included in December 2019 DCU/MSTIC takedown. \n Matches domain name IOCs related to the THALLIUM activity group with CommonSecurityLog, DnsEvents, VMConnection and SecurityEvents dataTypes.\n References: https://blogs.microsoft.com/on-the-issues/2019/12/30/microsoft-court-action-against-nation-state-cybercrime/ '\n",
                        "version": "1.4.1",
                        "author": {
                          "name": "Community"
                        },
                        "support": {
                          "name": "Community",
                          "link": "https://github.com/Azure/Azure-Sentinel/issues",
                          "tier": "Community"
                        },
                        "source": {
                          "kind": "Community",
                          "name": "Standalone"
                        },
                        "threatAnalysisTactics": [
                          "CommandAndControl",
                          "CredentialAccess"
                        ],
                        "contentId": "70b12a3b-4896-42cb-910c-5ffaf8d7987d",
                        "parentId": "70b12a3b-4896-42cb-910c-5ffaf8d7987d",
                        "kind": "AnalyticsRule",
                        "dependencies": {
                          "operator": "AND",
                          "criteria": [
                            {
                              "contentId": "DnsEvents",
                              "kind": "DataType"
                            },
                            {
                              "contentId": "VMConnection",
                              "kind": "DataType"
                            },
                            {
                              "contentId": "CommonSecurityLog",
                              "kind": "DataType"
                            },
                            {
                              "contentId": "CommonSecurityLog",
                              "kind": "DataType"
                            },
                            {
                              "contentId": "AzureDiagnostics",
                              "kind": "DataType"
                            },
                            {
                              "contentId": "CommonSecurityLog",
                              "kind": "DataType"
                            },
                            {
                              "contentId": "Syslog",
                              "kind": "DataType"
                            },
                            {
                              "contentId": "GCP_DNS_CL",
                              "kind": "DataType"
                            },
                            {
                              "contentId": "NXLog_DNS_Server_CL",
                              "kind": "DataType"
                            },
                            {
                              "contentId": "Cisco_Umbrella_dns_CL",
                              "kind": "DataType"
                            },
                            {
                              "contentId": "Corelight_CL",
                              "kind": "DataType"
                            }
                          ]
                        }
                      }
                    }
                  ]
                }
              }
            }
          ]
        },
        "author": {
          "name": "Community"
        },
        "dependencies": {
          "operator": "AND",
          "criteria": [
            {
              "contentId": "70b12a3b-4896-42cb-910c-5ffaf8d7987d",
              "kind": "AnalyticsRule"
            }
          ]
        },
        "description": "'THALLIUM spearphishing and command and control domains included in December 2019 DCU/MSTIC takedown. \n Matches domain name IOCs related to the THALLIUM activity group with CommonSecurityLog, DnsEvents, VMConnection and SecurityEvents dataTypes.\n References: https://blogs.microsoft.com/on-the-issues/2019/12/30/microsoft-court-action-against-nation-state-cybercrime/ '\n",
        "displayName": "THALLIUM domains included in DCU takedown",
        "packageId": "70b12a3b-4896-42cb-910c-5ffaf8d7987d",
        "source": {
          "kind": "Community",
          "name": "Standalone"
        },
        "support": {
          "name": "Community",
          "link": "https://github.com/Azure/Azure-Sentinel/issues",
          "tier": "Community"
        },
        "threatAnalysisTactics": [
          "CommandAndControl",
          "CredentialAccess"
        ],
        "version": "1.4.1"
      },
      "name": "[concat(parameters('workspace'),'/Microsoft.SecurityInsights/', '70b12a3b-4896-42cb-910c-5ffaf8d7987d')]"
    }
  ]
}