{
  "$schema": "https://schema.management.azure.com/schemas/2019-04-01/deploymentTemplate.json#",
  "parameters": {
    "location": {
      "type": "string",
      "minLength": 1,
      "defaultValue": "[resourceGroup().location]",
      "metadata": {
        "description": "Not used, but needed to pass arm-ttk test `Location-Should-Not-Be-Hardcoded`.  We instead use the `workspace-location` which is derived from the LA workspace"
      }
    },
    "workspace-location": {
      "type": "string",
      "defaultValue": "",
      "metadata": {
        "description": "[concat('Region to deploy solution resources -- separate from location selection',parameters('location'))]"
      }
    },
    "workspace": {
      "defaultValue": "",
      "type": "string",
      "metadata": {
        "description": "Workspace name for Log Analytics where Microsoft Sentinel is setup"
      }
    }
  },
  "variables": {},
  "resources": [
    {
      "type": "Microsoft.OperationalInsights/workspaces/providers/packages",
      "location": "[parameters('workspace-location')]",
      "apiVersion": "2022-08-01",
      "properties": {
        "packageKind": "Standalone",
        "packageItems": {
          "resources": [
            {
              "type": "Microsoft.OperationalInsights/workspaces/providers/contentTemplates",
              "name": "[concat(parameters('workspace'),'/Microsoft.SecurityInsights/', 'bb8a3481-dd14-4e76-8dcc-bbec8776d695')]",
              "location": "[parameters('workspace-location')]",
              "apiVersion": "2022-08-01",
              "properties": {
                "contentId": "bb8a3481-dd14-4e76-8dcc-bbec8776d695",
                "displayName": "NOBELIUM - Domain and IP IOCs - March 2021",
                "contentKind": "AnalyticsRule",
                "mainTemplate": {
                  "$schema": "https://schema.management.azure.com/schemas/2019-04-01/deploymentTemplate.json#",
                  "contentVersion": "1.3.1",
                  "resources": [
                    {
                      "type": "Microsoft.OperationalInsights/workspaces/providers/alertRules",
                      "apiVersion": "2022-04-01-preview",
                      "name": "[concat(parameters('workspace'),'/Microsoft.SecurityInsights/', '' )]",
                      "kind": "Scheduled",
                      "location": "[parameters('workspace-location')]",
                      "properties": {
                        "description": "Identifies a match across various data feeds for domains and IP IOCs related to NOBELIUM.\n References: https://www.microsoft.com/security/blog/2021/03/04/goldmax-goldfinder-sibot-analyzing-nobelium-malware/",
                        "displayName": "NOBELIUM - Domain and IP IOCs - March 2021",
                        "enabled": false,
                        "query": "let DomainNames = dynamic(['onetechcompany.com', 'reyweb.com', 'srfnetwork.org', 'sense4baby.fr', 'nikeoutletinc.org', 'megatoolkit.com']);\nlet IPList = dynamic(['185.225.69.69']);\nlet IPRegex = '[0-9]{1,3}\\\\.[0-9]{1,3}\\\\.[0-9]{1,3}\\\\.[0-9]{1,3}';\n(union isfuzzy=true\n(CommonSecurityLog\n| where SourceIP in (IPList) or DestinationIP in (IPList) or DestinationHostName in~ (DomainNames) or RequestURL has_any (DomainNames) or Message has_any (IPList)\n| parse Message with * '(' DNSName ')' * \n| extend MessageIP = extract(IPRegex, 0, Message)\n| extend IPMatch = case(SourceIP in (IPList), \"SourceIP\", DestinationIP in (IPList), \"DestinationIP\", MessageIP in (IPList), \"Message\", RequestURL in (DomainNames), \"RequestUrl\", \"NoMatch\") \n| extend timestamp = TimeGenerated, IPCustomEntity = case(IPMatch == \"SourceIP\", SourceIP, IPMatch == \"DestinationIP\", DestinationIP, IPMatch == \"Message\", MessageIP, \"NoMatch\"), AccountCustomEntity = SourceUserID\n),\n(_Im_Dns (domain_has_any=DomainNames)\n| extend DestinationIPAddress = DnsResponseName, DNSName = DnsQuery, Host = Dvc\n| extend timestamp = TimeGenerated, IPCustomEntity = DestinationIPAddress, HostCustomEntity = Host\n),\n(_Im_Dns (response_has_any_prefix=IPList)\n| extend DestinationIPAddress = DnsResponseName, DNSName = DnsQuery, Host = Dvc\n| extend timestamp = TimeGenerated, IPCustomEntity = DestinationIPAddress, HostCustomEntity = Host\n),\n(_Im_WebSession(url_has_any=DomainNames)\n| extend DestinationIPAddress = DstIpAddr, DNSName = tostring(parse_url(Url)[\"Host\"]), Host = Dvc\n| extend timestamp = TimeGenerated, IPCustomEntity = DestinationIPAddress, HostCustomEntity = Host\n),\n(VMConnection\n| where SourceIp in (IPList) or DestinationIp in (IPList) or RemoteDnsCanonicalNames has_any (DomainNames)\n| parse RemoteDnsCanonicalNames with * '[\"' DNSName '\"]' *\n| extend IPMatch = case( SourceIp in (IPList), \"SourceIP\", DestinationIp in (IPList), \"DestinationIP\", \"None\") \n| extend timestamp = TimeGenerated, IPCustomEntity = case(IPMatch == \"SourceIP\", SourceIp, IPMatch == \"DestinationIP\", DestinationIp, \"NoMatch\"), HostCustomEntity = Computer\n),\n(OfficeActivity\n| where ClientIP in (IPList)\n| extend timestamp = TimeGenerated, IPCustomEntity = ClientIP, AccountCustomEntity = UserId\n),\n(DeviceNetworkEvents\n| where RemoteUrl has_any (DomainNames) or RemoteIP in (IPList)\n| extend timestamp = TimeGenerated, DNSName = RemoteUrl, IPCustomEntity = RemoteIP, HostCustomEntity = DeviceName\n),\n(AzureDiagnostics \n| where ResourceType == \"AZUREFIREWALLS\"\n| where Category == \"AzureFirewallApplicationRule\"\n| parse msg_s with Protocol 'request from ' SourceHost ':' SourcePort 'to ' DestinationHost ':' DestinationPort '. Action:' Action\n| where isnotempty(DestinationHost)\n| where DestinationHost has_any (DomainNames)  \n| extend timestamp = TimeGenerated, DNSName = DestinationHost, IPCustomEntity = SourceHost\n)\n)\n",
                        "queryFrequency": "PT6H",
                        "queryPeriod": "PT6H",
                        "severity": "Medium",
                        "suppressionDuration": "PT1H",
                        "suppressionEnabled": false,
                        "triggerOperator": "GreaterThan",
                        "triggerThreshold": 0,
                        "tactics": [
                          "CommandAndControl"
                        ],
                        "entityMappings": [
                          {
                            "entityType": "Account",
                            "fieldMappings": [
                              {
                                "columnName": "AccountCustomEntity",
                                "identifier": "FullName"
                              }
                            ]
                          },
                          {
                            "entityType": "Host",
                            "fieldMappings": [
                              {
                                "columnName": "HostCustomEntity",
                                "identifier": "FullName"
                              }
                            ]
                          },
                          {
                            "entityType": "IP",
                            "fieldMappings": [
                              {
                                "columnName": "IPCustomEntity",
                                "identifier": "Address"
                              }
                            ]
                          },
                          {
                            "entityType": "DNS",
                            "fieldMappings": [
                              {
                                "columnName": "DNSName",
                                "identifier": "DomainName"
                              }
                            ]
                          }
                        ]
                      }
                    },
                    {
                      "type": "Microsoft.OperationalInsights/workspaces/providers/metadata",
                      "apiVersion": "2021-03-01-preview",
                      "name": "[concat(parameters('workspace'),'/Microsoft.SecurityInsights/', '')]",
                      "properties": {
                        "description": "'Identifies a match across various data feeds for domains and IP IOCs related to NOBELIUM.\n References: https://www.microsoft.com/security/blog/2021/03/04/goldmax-goldfinder-sibot-analyzing-nobelium-malware/'\n",
                        "version": "1.3.1",
                        "source": {
                          "kind": "Community"
                        },
                        "threatAnalysisTactics": [
                          "CommandAndControl"
                        ],
                        "threatAnalyticsTechniques": [
                          "T1102"
                        ],
                        "contentId": "bb8a3481-dd14-4e76-8dcc-bbec8776d695",
                        "parentId": "bb8a3481-dd14-4e76-8dcc-bbec8776d695",
                        "kind": "AnalyticsRule",
                        "dependencies": {
                          "operator": "AND",
                          "criteria": [
                            {
                              "contentId": "SquidProxy_CL",
                              "kind": "DataType"
                            },
                            {
                              "contentId": "DnsEvents",
                              "kind": "DataType"
                            },
                            {
                              "contentId": "VMConnection",
                              "kind": "DataType"
                            },
                            {
                              "contentId": "CommonSecurityLog",
                              "kind": "DataType"
                            },
                            {
                              "contentId": "CommonSecurityLog",
                              "kind": "DataType"
                            },
                            {
                              "contentId": "DeviceNetworkEvents",
                              "kind": "DataType"
                            },
                            {
                              "contentId": "OfficeActivity",
                              "kind": "DataType"
                            },
                            {
                              "contentId": "AzureDiagnostics",
                              "kind": "DataType"
                            },
                            {
                              "contentId": "CommonSecurityLog",
                              "kind": "DataType"
                            },
                            {
                              "contentId": "Syslog",
                              "kind": "DataType"
                            },
                            {
                              "contentId": "GCP_DNS_CL",
                              "kind": "DataType"
                            },
                            {
                              "contentId": "NXLog_DNS_Server_CL",
                              "kind": "DataType"
                            },
                            {
                              "contentId": "Cisco_Umbrella_dns_CL",
                              "kind": "DataType"
                            },
                            {
                              "contentId": "Corelight_CL",
                              "kind": "DataType"
                            }
                          ]
                        }
                      }
                    }
                  ]
                }
              }
            }
          ]
        },
        "dependencies": {
          "operator": "AND",
          "criteria": [
            {
              "contentId": "bb8a3481-dd14-4e76-8dcc-bbec8776d695",
              "kind": "AnalyticsRule"
            }
          ]
        },
        "description": "'Identifies a match across various data feeds for domains and IP IOCs related to NOBELIUM.\n References: https://www.microsoft.com/security/blog/2021/03/04/goldmax-goldfinder-sibot-analyzing-nobelium-malware/'\n",
        "displayName": "NOBELIUM - Domain and IP IOCs - March 2021",
        "packageId": "bb8a3481-dd14-4e76-8dcc-bbec8776d695",
        "source": {
          "kind": "Community"
        },
        "threatAnalysisTactics": [
          "CommandAndControl"
        ],
        "threatAnalyticsTechniques": [
          "T1102"
        ],
        "version": "1.3.1"
      },
      "name": "[concat(parameters('workspace'),'/Microsoft.SecurityInsights/', 'bb8a3481-dd14-4e76-8dcc-bbec8776d695')]"
    }
  ]
}