{
  "$schema": "https://schema.management.azure.com/schemas/2019-04-01/deploymentTemplate.json#",
  "contentVersion": "1.0.0.0",
  "parameters": {
    "location": {
      "type": "string",
      "minLength": 1,
      "defaultValue": "[resourceGroup().location]",
      "metadata": {
        "description": "Not used, but needed to pass arm-ttk test `Location-Should-Not-Be-Hardcoded`.  We instead use the `workspace-location` which is derived from the LA workspace"
      }
    },
    "workspace-location": {
      "type": "string",
      "defaultValue": "",
      "metadata": {
        "description": "[concat('Region to deploy solution resources -- separate from location selection',parameters('location'))]"
      }
    },
    "workspace": {
      "defaultValue": "",
      "type": "string",
      "metadata": {
        "description": "Workspace name for Log Analytics where Microsoft Sentinel is setup"
      }
    }
  },
  "variables": {},
  "resources": [
    {
      "type": "Microsoft.OperationalInsights/workspaces/providers/packages",
      "location": "[parameters('workspace-location')]",
      "apiVersion": "2022-08-01",
      "properties": {
        "packageKind": "Standalone",
        "packageItems": {
          "resources": [
            {
              "type": "Microsoft.OperationalInsights/workspaces/providers/contentTemplates",
              "name": "[concat(parameters('workspace'),'/Microsoft.SecurityInsights/', '0e429446-2798-49e4-924d-c37338f24e23')]",
              "location": "[parameters('workspace-location')]",
              "kind": "shared",
              "apiVersion": "2022-08-01",
              "properties": {
                "contentId": "0e429446-2798-49e4-924d-c37338f24e23",
                "displayName": "Certutil (LOLBins and LOLScripts)",
                "contentKind": "HuntingQuery",
                "mainTemplate": {
                  "$schema": "https://schema.management.azure.com/schemas/2019-04-01/deploymentTemplate.json#",
                  "contentVersion": "1.0.0",
                  "resources": [
                    {
                      "type": "Microsoft.OperationalInsights/savedSearches",
                      "apiVersion": "2020-08-01",
                      "name": "0e429446-2798-49e4-924d-c37338f24e23",
                      "location": "[parameters('workspace-location')]",
                      "properties": {
                        "eTag": "*",
                        "displayName": "Certutil (LOLBins and LOLScripts)",
                        "category": "Hunting Queries",
                        "query": "Event\n//This query uses sysmon data depending on table name used this may need updataing\n| where Source == \"Microsoft-Windows-Sysmon\"\n| where EventID == 1\n| extend RenderedDescription = tostring(split(RenderedDescription, \":\")[0])\n| extend EventData = parse_xml(EventData).DataItem.EventData.Data\n| mv-expand bagexpansion=array EventData\n| evaluate bag_unpack(EventData)\n| extend Key=tostring(['@Name']), Value=['#text']\n| evaluate pivot(Key, any(Value), TimeGenerated, Source, EventLog, Computer, EventLevel, EventLevelName, EventID, UserName, RenderedDescription, MG, ManagementGroupName, Type, _ResourceId)\n| extend RuleName = column_ifexists(\"RuleName\", \"\"), TechniqueId = column_ifexists(\"TechniqueId\", \"\"),  TechniqueName = column_ifexists(\"TechniqueName\", \"\")\n| parse RuleName with * 'technique_id=' TechniqueId ',' * 'technique_name=' TechniqueName\n| where Image has \"certutil.exe\"\n// Uncomment the next line and add your commandLine Whitelisted/ignore terms.For example \"urlcache\"\n// | where CommandLine !contains (\"urlcache\") \n| extend HostCustomEntity = Computer, AccountCustomEntity = UserName\n",
                        "version": 2,
                        "tags": [
                          {
                            "name": "description",
                            "value": "'This detection uses Sysmon telemetry to hunt Certutil activities'\n"
                          },
                          {
                            "name": "techniques",
                            "value": ""
                          },
                          {
                            "name": "tactics",
                            "value": "CommandAndControl"
                          }
                        ]
                      }
                    },
                    {
                      "type": "Microsoft.OperationalInsights/workspaces/providers/metadata",
                      "apiVersion": "2021-03-01-preview",
                      "name": "[concat(parameters('workspace'),'/Microsoft.SecurityInsights/',concat('huntingQuery-', '0e429446-2798-49e4-924d-c37338f24e23'))]",
                      "properties": {
                        "description": "'This detection uses Sysmon telemetry to hunt Certutil activities'\n",
                        "version": "1.0.0",
                        "author": {
                          "name": "Community"
                        },
                        "support": {
                          "name": "Community",
                          "link": "https://github.com/Azure/Azure-Sentinel/issues",
                          "tier": "Community"
                        },
                        "source": {
                          "kind": "Community",
                          "name": "Standalone"
                        },
                        "threatAnalysisTactics": [
                          "CommandAndControl"
                        ],
                        "threatAnalyticsTechniques": [
                          "T1105"
                        ],
                        "contentId": "0e429446-2798-49e4-924d-c37338f24e23",
                        "parentId": "0e429446-2798-49e4-924d-c37338f24e23",
                        "kind": "HuntingQuery",
                        "dependencies": {
                          "operator": "AND",
                          "criteria": [
                            {
                              "contentId": "SecurityEvent",
                              "kind": "DataType"
                            }
                          ]
                        }
                      }
                    }
                  ]
                }
              }
            }
          ]
        },
        "author": {
          "name": "Community"
        },
        "dependencies": {
          "operator": "AND",
          "criteria": [
            {
              "contentId": "0e429446-2798-49e4-924d-c37338f24e23",
              "kind": "HuntingQuery"
            }
          ]
        },
        "description": "'This detection uses Sysmon telemetry to hunt Certutil activities'\n",
        "displayName": "Certutil (LOLBins and LOLScripts)",
        "packageId": "0e429446-2798-49e4-924d-c37338f24e23",
        "source": {
          "kind": "Community",
          "name": "Standalone"
        },
        "support": {
          "name": "Community",
          "link": "https://github.com/Azure/Azure-Sentinel/issues",
          "tier": "Community"
        },
        "threatAnalysisTactics": [
          "CommandAndControl"
        ],
        "threatAnalyticsTechniques": [
          "T1105"
        ],
        "version": "1.0.0"
      },
      "name": "0e429446-2798-49e4-924d-c37338f24e23"
    }
  ]
}