{
  "$schema": "https://schema.management.azure.com/schemas/2019-04-01/deploymentTemplate.json#",
  "parameters": {
    "location": {
      "type": "string",
      "minLength": 1,
      "defaultValue": "[resourceGroup().location]",
      "metadata": {
        "description": "Not used, but needed to pass arm-ttk test `Location-Should-Not-Be-Hardcoded`.  We instead use the `workspace-location` which is derived from the LA workspace"
      }
    },
    "workspace-location": {
      "type": "string",
      "defaultValue": "",
      "metadata": {
        "description": "[concat('Region to deploy solution resources -- separate from location selection',parameters('location'))]"
      }
    },
    "workspace": {
      "defaultValue": "",
      "type": "string",
      "metadata": {
        "description": "Workspace name for Log Analytics where Microsoft Sentinel is setup"
      }
    }
  },
  "variables": {},
  "resources": [
    {
      "type": "Microsoft.OperationalInsights/workspaces/providers/packages",
      "location": "[parameters('workspace-location')]",
      "apiVersion": "2022-08-01",
      "properties": {
        "packageKind": "Standalone",
        "packageItems": {
          "resources": [
            {
              "type": "Microsoft.OperationalInsights/workspaces/providers/contentTemplates",
              "name": "[concat(parameters('workspace'),'/Microsoft.SecurityInsights/', '643c2025-9604-47c5-833f-7b4b9378a1f5')]",
              "location": "[parameters('workspace-location')]",
              "apiVersion": "2022-08-01",
              "properties": {
                "contentId": "643c2025-9604-47c5-833f-7b4b9378a1f5",
                "displayName": "Failed AzureAD logons but success logon to AWS Console",
                "contentKind": "AnalyticsRule",
                "mainTemplate": {
                  "$schema": "https://schema.management.azure.com/schemas/2019-04-01/deploymentTemplate.json#",
                  "contentVersion": "1.0.0",
                  "resources": [
                    {
                      "type": "Microsoft.OperationalInsights/workspaces/providers/alertRules",
                      "apiVersion": "2022-04-01-preview",
                      "name": "[concat(parameters('workspace'),'/Microsoft.SecurityInsights/', '' )]",
                      "kind": "Scheduled",
                      "location": "[parameters('workspace-location')]",
                      "properties": {
                        "description": "Identifies a list of IP addresses with a minimum number(defualt of 5) of failed logon attempts to Azure Active Directory.\nUses that list to identify any successful AWS Console logons from these IPs within the same timeframe.",
                        "displayName": "Failed AzureAD logons but success logon to AWS Console",
                        "enabled": false,
                        "query": "\n//Adjust this threshold to fit your environment\nlet signin_threshold = 5; \n//Make a list of IPs with AAD signin failures above our threshold\nlet aadFunc = (tableName:string){\nlet Suspicious_signins = \ntable(tableName)\n| where ResultType !in (\"0\", \"50125\", \"50140\")\n| where IPAddress !in (\"127.0.0.1\", \"::1\")\n| summarize count() by IPAddress\n| where count_ >  signin_threshold\n| summarize make_set(IPAddress);\nSuspicious_signins\n};\nlet aadSignin = aadFunc(\"SigninLogs\");\nlet aadNonInt = aadFunc(\"AADNonInteractiveUserSignInLogs\");\nlet Suspicious_signins = \nunion isfuzzy=true aadSignin, aadNonInt\n| summarize make_set(set_IPAddress);\n//See if any of those IPs have sucessfully logged into the AWS console\nAWSCloudTrail\n| where EventName =~ \"ConsoleLogin\"\n| extend LoginResult = tostring(parse_json(ResponseElements).ConsoleLogin) \n| where LoginResult =~ \"Success\"\n| where SourceIpAddress in (Suspicious_signins)\n| extend Reason = \"Multiple failed AAD logins from IP address\"\n| extend MFAUsed = tostring(parse_json(AdditionalEventData).MFAUsed)\n| extend User = iif(isempty(UserIdentityUserName), UserIdentityType, UserIdentityUserName) \n| summarize StartTimeUtc = min(TimeGenerated), EndTimeUtc = max(TimeGenerated) by Reason, LoginResult, EventTypeName, UserIdentityType, User, AWSRegion, SourceIpAddress, UserAgent, MFAUsed\n| extend timestamp = StartTimeUtc, AccountCustomEntity = User, IPCustomEntity = SourceIpAddress\n",
                        "queryFrequency": "P1D",
                        "queryPeriod": "P1D",
                        "severity": "Medium",
                        "suppressionDuration": "PT1H",
                        "suppressionEnabled": false,
                        "triggerOperator": "GreaterThan",
                        "triggerThreshold": 0,
                        "tactics": [
                          "InitialAccess",
                          "CredentialAccess"
                        ],
                        "entityMappings": [
                          {
                            "entityType": "Account",
                            "fieldMappings": [
                              {
                                "columnName": "AccountCustomEntity",
                                "identifier": "FullName"
                              }
                            ]
                          },
                          {
                            "entityType": "IP",
                            "fieldMappings": [
                              {
                                "columnName": "IPCustomEntity",
                                "identifier": "Address"
                              }
                            ]
                          }
                        ]
                      }
                    },
                    {
                      "type": "Microsoft.OperationalInsights/workspaces/providers/metadata",
                      "apiVersion": "2021-03-01-preview",
                      "name": "[concat(parameters('workspace'),'/Microsoft.SecurityInsights/', '')]",
                      "properties": {
                        "description": "'Identifies a list of IP addresses with a minimum number(defualt of 5) of failed logon attempts to Azure Active Directory.\nUses that list to identify any successful AWS Console logons from these IPs within the same timeframe.'\n",
                        "version": "1.0.0",
                        "source": {
                          "kind": "Community"
                        },
                        "threatAnalysisTactics": [
                          "InitialAccess",
                          "CredentialAccess"
                        ],
                        "threatAnalyticsTechniques": [
                          "T1078",
                          "T1110"
                        ],
                        "contentId": "643c2025-9604-47c5-833f-7b4b9378a1f5",
                        "parentId": "643c2025-9604-47c5-833f-7b4b9378a1f5",
                        "kind": "AnalyticsRule",
                        "dependencies": {
                          "operator": "AND",
                          "criteria": [
                            {
                              "contentId": "SigninLogs",
                              "kind": "DataType"
                            },
                            {
                              "contentId": "AADNonInteractiveUserSignInLogs",
                              "kind": "DataType"
                            },
                            {
                              "contentId": "AWSCloudTrail",
                              "kind": "DataType"
                            }
                          ]
                        }
                      }
                    }
                  ]
                }
              }
            }
          ]
        },
        "dependencies": {
          "operator": "AND",
          "criteria": [
            {
              "contentId": "643c2025-9604-47c5-833f-7b4b9378a1f5",
              "kind": "AnalyticsRule"
            }
          ]
        },
        "description": "'Identifies a list of IP addresses with a minimum number(defualt of 5) of failed logon attempts to Azure Active Directory.\nUses that list to identify any successful AWS Console logons from these IPs within the same timeframe.'\n",
        "displayName": "Failed AzureAD logons but success logon to AWS Console",
        "packageId": "643c2025-9604-47c5-833f-7b4b9378a1f5",
        "source": {
          "kind": "Community"
        },
        "threatAnalysisTactics": [
          "InitialAccess",
          "CredentialAccess"
        ],
        "threatAnalyticsTechniques": [
          "T1078",
          "T1110"
        ],
        "version": "1.0.0"
      },
      "name": "[concat(parameters('workspace'),'/Microsoft.SecurityInsights/', '643c2025-9604-47c5-833f-7b4b9378a1f5')]"
    }
  ]
}