{
  "$schema": "https://schema.management.azure.com/schemas/2019-04-01/deploymentTemplate.json#",
  "parameters": {
    "location": {
      "type": "string",
      "minLength": 1,
      "defaultValue": "[resourceGroup().location]",
      "metadata": {
        "description": "Not used, but needed to pass arm-ttk test `Location-Should-Not-Be-Hardcoded`.  We instead use the `workspace-location` which is derived from the LA workspace"
      }
    },
    "workspace-location": {
      "type": "string",
      "defaultValue": "",
      "metadata": {
        "description": "[concat('Region to deploy solution resources -- separate from location selection',parameters('location'))]"
      }
    },
    "workspace": {
      "defaultValue": "",
      "type": "string",
      "metadata": {
        "description": "Workspace name for Log Analytics where Microsoft Sentinel is setup"
      }
    }
  },
  "variables": {},
  "resources": [
    {
      "type": "Microsoft.OperationalInsights/workspaces/providers/packages",
      "location": "[parameters('workspace-location')]",
      "apiVersion": "2022-08-01",
      "properties": {
        "packageKind": "Standalone",
        "packageItems": {
          "resources": [
            {
              "type": "Microsoft.OperationalInsights/workspaces/providers/contentTemplates",
              "name": "[concat(parameters('workspace'),'/Microsoft.SecurityInsights/', 'cbf6ad48-fa5c-4bf7-b205-28dbadb91255')]",
              "location": "[parameters('workspace-location')]",
              "apiVersion": "2022-08-01",
              "properties": {
                "contentId": "cbf6ad48-fa5c-4bf7-b205-28dbadb91255",
                "displayName": "Windows Binaries Lolbins Renamed",
                "contentKind": "AnalyticsRule",
                "mainTemplate": {
                  "$schema": "https://schema.management.azure.com/schemas/2019-04-01/deploymentTemplate.json#",
                  "contentVersion": "1.0.0",
                  "resources": [
                    {
                      "type": "Microsoft.OperationalInsights/workspaces/providers/alertRules",
                      "apiVersion": "2022-04-01-preview",
                      "name": "[concat(parameters('workspace'),'/Microsoft.SecurityInsights/', '' )]",
                      "kind": "Scheduled",
                      "location": "[parameters('workspace-location')]",
                      "properties": {
                        "description": "This query detects the execution of renamed Windows binaries (Lolbins). This is a common technique used by adversaries to evade detection. \nRef: https://docs.paloaltonetworks.com/cortex/cortex-xdr/cortex-xdr-analytics-alert-reference/cortex-xdr-analytics-alert-reference/execution-of-renamed-lolbin.html",
                        "displayName": "Windows Binaries Lolbins Renamed",
                        "enabled": false,
                        "query": "let procList = externaldata(Process:string) [@\"https://raw.githubusercontent.com/Azure/Azure-Sentinel/master/Sample%20Data/Microsoft_Lolbas_Execution_Binaries.csv\"] with (format=\"csv\", ignoreFirstRecord=True);\nEvent\n| where EventLog == \"Microsoft-Windows-Sysmon/Operational\" and EventID==1\n| parse EventData with * 'Image\">' Image \"<\" * 'OriginalFileName\">' OriginalFileName \"<\" *\n| where OriginalFileName has_any (procList) and not (Image has_any (procList))\n| parse EventData with * 'ProcessGuid\">' ProcessGuid \"<\" * 'Description\">' Description \"<\" * 'CommandLine\">' CommandLine \"<\" * 'CurrentDirectory\">' CurrentDirectory \"<\" * 'User\">' User \"<\" * 'LogonGuid\">' LogonGuid \"<\" * 'Hashes\">' Hashes \"<\" * 'ParentProcessGuid\">' ParentProcessGuid \"<\" * 'ParentImage\">' ParentImage \"<\" * 'ParentCommandLine\">' ParentCommandLine \"<\" * 'ParentUser\">' ParentUser \"<\" *\n| summarize StartTime = min(TimeGenerated), EndTime = max(TimeGenerated) by EventID, Computer, User, ParentImage, ParentProcessGuid, ParentCommandLine, ParentUser, Image, ProcessGuid, CommandLine, Description, OriginalFileName, CurrentDirectory, Hashes\n",
                        "queryFrequency": "PT1H",
                        "queryPeriod": "PT1H",
                        "severity": "Medium",
                        "suppressionDuration": "PT1H",
                        "suppressionEnabled": false,
                        "triggerOperator": "GreaterThan",
                        "triggerThreshold": 0,
                        "tactics": [
                          "Execution"
                        ],
                        "entityMappings": [
                          {
                            "entityType": "Process",
                            "fieldMappings": [
                              {
                                "columnName": "CommandLine",
                                "identifier": "CommandLine"
                              }
                            ]
                          },
                          {
                            "entityType": "Host",
                            "fieldMappings": [
                              {
                                "columnName": "Computer",
                                "identifier": "FullName"
                              }
                            ]
                          },
                          {
                            "entityType": "Account",
                            "fieldMappings": [
                              {
                                "columnName": "User",
                                "identifier": "FullName"
                              }
                            ]
                          }
                        ]
                      }
                    },
                    {
                      "type": "Microsoft.OperationalInsights/workspaces/providers/metadata",
                      "apiVersion": "2021-03-01-preview",
                      "name": "[concat(parameters('workspace'),'/Microsoft.SecurityInsights/', '')]",
                      "properties": {
                        "description": "'This query detects the execution of renamed Windows binaries (Lolbins). This is a common technique used by adversaries to evade detection. \nRef: https://docs.paloaltonetworks.com/cortex/cortex-xdr/cortex-xdr-analytics-alert-reference/cortex-xdr-analytics-alert-reference/execution-of-renamed-lolbin.html'\n",
                        "contentId": "cbf6ad48-fa5c-4bf7-b205-28dbadb91255",
                        "version": "1.0.0",
                        "source": {
                          "kind": "Community"
                        },
                        "threatAnalysisTactics": [
                          "Execution"
                        ],
                        "threatAnalyticsTechniques": [
                          "T1059"
                        ],
                        "parentId": "cbf6ad48-fa5c-4bf7-b205-28dbadb91255",
                        "kind": "AnalyticsRule",
                        "dependencies": {
                          "operator": "AND",
                          "criteria": [
                            {
                              "contentId": "SecurityEvent",
                              "kind": "DataType"
                            }
                          ]
                        }
                      }
                    }
                  ]
                }
              }
            }
          ]
        },
        "contentId": "cbf6ad48-fa5c-4bf7-b205-28dbadb91255",
        "dependencies": {
          "operator": "AND",
          "criteria": [
            {
              "contentId": "cbf6ad48-fa5c-4bf7-b205-28dbadb91255",
              "kind": "AnalyticsRule"
            }
          ]
        },
        "description": "'This query detects the execution of renamed Windows binaries (Lolbins). This is a common technique used by adversaries to evade detection. \nRef: https://docs.paloaltonetworks.com/cortex/cortex-xdr/cortex-xdr-analytics-alert-reference/cortex-xdr-analytics-alert-reference/execution-of-renamed-lolbin.html'\n",
        "displayName": "Windows Binaries Lolbins Renamed",
        "source": {
          "kind": "Community"
        },
        "threatAnalysisTactics": [
          "Execution"
        ],
        "threatAnalyticsTechniques": [
          "T1059"
        ],
        "version": "1.0.0"
      },
      "name": "[concat(parameters('workspace'),'/Microsoft.SecurityInsights/', 'cbf6ad48-fa5c-4bf7-b205-28dbadb91255')]"
    }
  ]
}