{
  "$schema": "https://schema.management.azure.com/schemas/2019-04-01/deploymentTemplate.json#",
  "contentVersion": "1.0.0.0",
  "parameters": {
    "location": {
      "type": "string",
      "minLength": 1,
      "defaultValue": "[resourceGroup().location]",
      "metadata": {
        "description": "Not used, but needed to pass arm-ttk test `Location-Should-Not-Be-Hardcoded`.  We instead use the `workspace-location` which is derived from the LA workspace"
      }
    },
    "workspace-location": {
      "type": "string",
      "defaultValue": "",
      "metadata": {
        "description": "[concat('Region to deploy solution resources -- separate from location selection',parameters('location'))]"
      }
    },
    "workspace": {
      "defaultValue": "",
      "type": "string",
      "metadata": {
        "description": "Workspace name for Log Analytics where Microsoft Sentinel is setup"
      }
    }
  },
  "variables": {},
  "resources": [
    {
      "type": "Microsoft.OperationalInsights/workspaces/providers/packages",
      "location": "[parameters('workspace-location')]",
      "apiVersion": "2022-08-01",
      "properties": {
        "packageKind": "Standalone",
        "packageItems": {
          "resources": [
            {
              "type": "Microsoft.OperationalInsights/workspaces/providers/contentTemplates",
              "name": "[concat(parameters('workspace'),'/Microsoft.SecurityInsights/', '11bda520-a965-4654-9a45-d09f372f71aa')]",
              "location": "[parameters('workspace-location')]",
              "apiVersion": "2022-08-01",
              "properties": {
                "contentId": "11bda520-a965-4654-9a45-d09f372f71aa",
                "displayName": "Azure VM Run Command operation executed during suspicious login window",
                "contentKind": "AnalyticsRule",
                "mainTemplate": {
                  "$schema": "https://schema.management.azure.com/schemas/2019-04-01/deploymentTemplate.json#",
                  "contentVersion": "1.0.5",
                  "resources": [
                    {
                      "type": "Microsoft.OperationalInsights/workspaces/providers/alertRules",
                      "apiVersion": "2022-04-01-preview",
                      "name": "11bda520-a965-4654-9a45-d09f372f71aa",
                      "kind": "Scheduled",
                      "location": "[parameters('workspace-location')]",
                      "properties": {
                        "description": "Identifies when the Azure Run Command operation is executed by a UserPrincipalName and IP Address  \nthat has resulted in a recent user entity behaviour alert.",
                        "displayName": "Azure VM Run Command operation executed during suspicious login window",
                        "enabled": false,
                        "query": "AzureActivity\n// Isolate run command actions\n| where OperationNameValue == \"MICROSOFT.COMPUTE/VIRTUALMACHINES/RUNCOMMAND/ACTION\"\n// Confirm that the operation impacted a virtual machine\n| where Authorization has \"virtualMachines\"\n// Each runcommand operation consists of three events when successful, Started, Accepted (or Rejected), Successful (or Failed).\n| summarize StartTime=min(TimeGenerated), EndTime=max(TimeGenerated), max(CallerIpAddress), make_list(ActivityStatusValue) by CorrelationId, Authorization, Caller\n// Limit to Run Command executions that Succeeded\n| where list_ActivityStatusValue has \"Success\"\n// Extract data from the Authorization field\n| extend Authorization_d = parse_json(Authorization)\n| extend Scope = Authorization_d.scope\n| extend Scope_s = split(Scope, \"/\")\n| extend Subscription = tostring(Scope_s[2])\n| extend VirtualMachineName = tostring(Scope_s[-1])\n| project StartTime, EndTime, Subscription, VirtualMachineName, CorrelationId, Caller, CallerIpAddress=max_CallerIpAddress\n// Create a join key using  the Caller (UPN)\n| extend joinkey = tolower(Caller)\n// Join the Run Command actions to UEBA data\n| join kind = inner (\n    BehaviorAnalytics\n    // We are specifically interested in unusual logins\n    | where EventSource == \"Azure AD\" and ActivityInsights.ActionUncommonlyPerformedByUser == \"True\"\n    | project UEBAEventTime=TimeGenerated, UEBAActionType=ActionType, UserPrincipalName, UEBASourceIPLocation=SourceIPLocation, UEBAActivityInsights=ActivityInsights, UEBAUsersInsights=UsersInsights\n    | where isnotempty(UserPrincipalName) and isnotempty(UEBASourceIPLocation)\n    | extend joinkey = tolower(UserPrincipalName)\n) on joinkey\n// Create a window around the UEBA event times, check to see if the Run Command action was performed within them\n| extend UEBAWindowStart = UEBAEventTime - 1h, UEBAWindowEnd = UEBAEventTime + 6h\n| where StartTime between (UEBAWindowStart .. UEBAWindowEnd)\n| project StartTime, EndTime, Subscription, VirtualMachineName, Caller, CallerIpAddress, UEBAEventTime, UEBAActionType, UEBASourceIPLocation, UEBAActivityInsights, UEBAUsersInsights\n| extend timestamp = StartTime, AccountCustomEntity=Caller, IPCustomEntity=CallerIpAddress\n",
                        "queryFrequency": "P1D",
                        "queryPeriod": "P2D",
                        "severity": "High",
                        "suppressionDuration": "PT1H",
                        "suppressionEnabled": false,
                        "triggerOperator": "GreaterThan",
                        "triggerThreshold": 0,
                        "tactics": [
                          "LateralMovement",
                          "CredentialAccess"
                        ],
                        "techniques": [
                          "T1570",
                          "T1212"
                        ],
                        "entityMappings": [
                          {
                            "entityType": "Account",
                            "fieldMappings": [
                              {
                                "columnName": "AccountCustomEntity",
                                "identifier": "FullName"
                              }
                            ]
                          },
                          {
                            "entityType": "IP",
                            "fieldMappings": [
                              {
                                "columnName": "IPCustomEntity",
                                "identifier": "Address"
                              }
                            ]
                          }
                        ]
                      }
                    },
                    {
                      "type": "Microsoft.OperationalInsights/workspaces/providers/metadata",
                      "apiVersion": "2021-03-01-preview",
                      "properties": {
                        "description": "'Identifies when the Azure Run Command operation is executed by a UserPrincipalName and IP Address  \nthat has resulted in a recent user entity behaviour alert.'\n",
                        "version": "1.0.5",
                        "author": {
                          "name": "Community"
                        },
                        "support": {
                          "name": "Community",
                          "link": "https://github.com/Azure/Azure-Sentinel/issues",
                          "tier": "Community"
                        },
                        "source": {
                          "kind": "Community",
                          "name": "Standalone"
                        },
                        "threatAnalysisTactics": [
                          "LateralMovement",
                          "CredentialAccess"
                        ],
                        "threatAnalyticsTechniques": [
                          "T1570",
                          "T1212"
                        ],
                        "contentId": "11bda520-a965-4654-9a45-d09f372f71aa",
                        "parentId": "11bda520-a965-4654-9a45-d09f372f71aa",
                        "kind": "AnalyticsRule",
                        "dependencies": {
                          "operator": "AND",
                          "criteria": [
                            {
                              "contentId": "AzureActivity",
                              "kind": "DataType"
                            }
                          ]
                        }
                      }
                    }
                  ]
                }
              }
            }
          ]
        },
        "author": {
          "name": "Community"
        },
        "dependencies": {
          "operator": "AND",
          "criteria": [
            {
              "contentId": "11bda520-a965-4654-9a45-d09f372f71aa",
              "kind": "AnalyticsRule"
            }
          ]
        },
        "description": "'Identifies when the Azure Run Command operation is executed by a UserPrincipalName and IP Address  \nthat has resulted in a recent user entity behaviour alert.'\n",
        "displayName": "Azure VM Run Command operation executed during suspicious login window",
        "packageId": "11bda520-a965-4654-9a45-d09f372f71aa",
        "source": {
          "kind": "Community",
          "name": "Standalone"
        },
        "support": {
          "name": "Community",
          "link": "https://github.com/Azure/Azure-Sentinel/issues",
          "tier": "Community"
        },
        "threatAnalysisTactics": [
          "LateralMovement",
          "CredentialAccess"
        ],
        "threatAnalyticsTechniques": [
          "T1570",
          "T1212"
        ],
        "version": "1.0.5"
      },
      "name": "[concat(parameters('workspace'),'/Microsoft.SecurityInsights/', '11bda520-a965-4654-9a45-d09f372f71aa')]"
    }
  ]
}