{
  "$schema": "https://schema.management.azure.com/schemas/2019-04-01/deploymentTemplate.json#",
  "contentVersion": "1.0.0.0",
  "parameters": {
    "location": {
      "type": "string",
      "minLength": 1,
      "defaultValue": "[resourceGroup().location]",
      "metadata": {
        "description": "Not used, but needed to pass arm-ttk test `Location-Should-Not-Be-Hardcoded`.  We instead use the `workspace-location` which is derived from the LA workspace"
      }
    },
    "workspace-location": {
      "type": "string",
      "defaultValue": "",
      "metadata": {
        "description": "[concat('Region to deploy solution resources -- separate from location selection',parameters('location'))]"
      }
    },
    "workspace": {
      "defaultValue": "",
      "type": "string",
      "metadata": {
        "description": "Workspace name for Log Analytics where Microsoft Sentinel is setup"
      }
    }
  },
  "variables": {},
  "resources": [
    {
      "type": "Microsoft.OperationalInsights/workspaces/providers/packages",
      "location": "[parameters('workspace-location')]",
      "apiVersion": "2022-08-01",
      "properties": {
        "packageKind": "Standalone",
        "packageItems": {
          "resources": [
            {
              "type": "Microsoft.OperationalInsights/workspaces/providers/contentTemplates",
              "name": "[concat(parameters('workspace'),'/Microsoft.SecurityInsights/', '0e86928c-cc9f-494c-a79e-04f647eb5ef8')]",
              "location": "[parameters('workspace-location')]",
              "kind": "shared",
              "apiVersion": "2022-08-01",
              "properties": {
                "contentId": "0e86928c-cc9f-494c-a79e-04f647eb5ef8",
                "displayName": "deimos-component-execution",
                "contentKind": "HuntingQuery",
                "mainTemplate": {
                  "$schema": "https://schema.management.azure.com/schemas/2019-04-01/deploymentTemplate.json#",
                  "contentVersion": "1.0.0",
                  "resources": [
                    {
                      "type": "Microsoft.OperationalInsights/savedSearches",
                      "apiVersion": "2020-08-01",
                      "name": "0e86928c-cc9f-494c-a79e-04f647eb5ef8",
                      "location": "[parameters('workspace-location')]",
                      "properties": {
                        "eTag": "*",
                        "displayName": "deimos-component-execution",
                        "category": "Hunting Queries",
                        "query": "DeviceEvents   \n| where InitiatingProcessFileName =~ \"powershell.exe\"\n| where ActionType == \"AmsiScriptContent\"\n| where AdditionalFields endswith '[mArS.deiMos]::inteRaCt()\"}'\n| project InitiatingProcessParentFileName, InitiatingProcessFileName, InitiatingProcessCommandLine, ActionType, AdditionalFields\n",
                        "version": 2,
                        "tags": [
                          {
                            "name": "description",
                            "value": "Jupyter, otherwise known as SolarMarker, is a malware family and cluster of components known for its info-stealing and backdoor capabilities that mainly proliferates through search engine optimization manipulation and malicious advertising in order to successfully encourage users to download malicious templates and documents. This malware has been popular since 2020 and currently is still active as of 2021.\n"
                          },
                          {
                            "name": "tactics",
                            "value": "Execution,Collection,Exfiltration,Impact,Malware, component"
                          }
                        ]
                      }
                    },
                    {
                      "type": "Microsoft.OperationalInsights/workspaces/providers/metadata",
                      "apiVersion": "2021-03-01-preview",
                      "name": "[concat(parameters('workspace'),'/Microsoft.SecurityInsights/',concat('huntingQuery-', '0e86928c-cc9f-494c-a79e-04f647eb5ef8'))]",
                      "properties": {
                        "description": "Jupyter, otherwise known as SolarMarker, is a malware family and cluster of components known for its info-stealing and backdoor capabilities that mainly proliferates through search engine optimization manipulation and malicious advertising in order to successfully encourage users to download malicious templates and documents. This malware has been popular since 2020 and currently is still active as of 2021.\n",
                        "version": "1.0.0",
                        "author": {
                          "name": "Community"
                        },
                        "support": {
                          "name": "Community",
                          "link": "https://github.com/Azure/Azure-Sentinel/issues",
                          "tier": "Community"
                        },
                        "source": {
                          "kind": "Community",
                          "name": "Standalone"
                        },
                        "threatAnalysisTactics": [
                          "Execution",
                          "Collection",
                          "Exfiltration",
                          "Impact"
                        ],
                        "contentId": "0e86928c-cc9f-494c-a79e-04f647eb5ef8",
                        "parentId": "0e86928c-cc9f-494c-a79e-04f647eb5ef8",
                        "kind": "HuntingQuery",
                        "dependencies": {
                          "operator": "AND",
                          "criteria": [
                            {
                              "contentId": "DeviceEvents",
                              "kind": "DataType"
                            }
                          ]
                        }
                      }
                    }
                  ]
                }
              }
            }
          ]
        },
        "author": {
          "name": "Community"
        },
        "dependencies": {
          "operator": "AND",
          "criteria": [
            {
              "contentId": "0e86928c-cc9f-494c-a79e-04f647eb5ef8",
              "kind": "HuntingQuery"
            }
          ]
        },
        "description": "Jupyter, otherwise known as SolarMarker, is a malware family and cluster of components known for its info-stealing and backdoor capabilities that mainly proliferates through search engine optimization manipulation and malicious advertising in order to successfully encourage users to download malicious templates and documents. This malware has been popular since 2020 and currently is still active as of 2021.\n",
        "displayName": "deimos-component-execution",
        "packageId": "0e86928c-cc9f-494c-a79e-04f647eb5ef8",
        "source": {
          "kind": "Community",
          "name": "Standalone"
        },
        "support": {
          "name": "Community",
          "link": "https://github.com/Azure/Azure-Sentinel/issues",
          "tier": "Community"
        },
        "threatAnalysisTactics": [
          "Execution",
          "Collection",
          "Exfiltration",
          "Impact"
        ],
        "version": "1.0.0"
      },
      "name": "0e86928c-cc9f-494c-a79e-04f647eb5ef8"
    }
  ]
}