{
  "$schema": "https://schema.management.azure.com/schemas/2019-04-01/deploymentTemplate.json#",
  "parameters": {
    "location": {
      "type": "string",
      "minLength": 1,
      "defaultValue": "[resourceGroup().location]",
      "metadata": {
        "description": "Not used, but needed to pass arm-ttk test `Location-Should-Not-Be-Hardcoded`.  We instead use the `workspace-location` which is derived from the LA workspace"
      }
    },
    "workspace-location": {
      "type": "string",
      "defaultValue": "",
      "metadata": {
        "description": "[concat('Region to deploy solution resources -- separate from location selection',parameters('location'))]"
      }
    },
    "workspace": {
      "defaultValue": "",
      "type": "string",
      "metadata": {
        "description": "Workspace name for Log Analytics where Microsoft Sentinel is setup"
      }
    }
  },
  "variables": {},
  "resources": [
    {
      "type": "Microsoft.OperationalInsights/workspaces/providers/packages",
      "location": "[parameters('workspace-location')]",
      "apiVersion": "2022-08-01",
      "properties": {
        "packageKind": "Standalone",
        "packageItems": {
          "resources": [
            {
              "type": "Microsoft.OperationalInsights/workspaces/providers/contentTemplates",
              "name": "[concat(parameters('workspace'),'/Microsoft.SecurityInsights/', '28ebbb87-535b-4ba0-80f4-6fbf80b7c55a')]",
              "location": "[parameters('workspace-location')]",
              "kind": "shared",
              "apiVersion": "2022-08-01",
              "properties": {
                "contentId": "28ebbb87-535b-4ba0-80f4-6fbf80b7c55a",
                "displayName": "detect-nbtscan-activity",
                "contentKind": "HuntingQuery",
                "mainTemplate": {
                  "$schema": "https://schema.management.azure.com/schemas/2019-04-01/deploymentTemplate.json#",
                  "contentVersion": "1.0.0",
                  "resources": [
                    {
                      "type": "Microsoft.OperationalInsights/savedSearches",
                      "apiVersion": "2020-08-01",
                      "name": "28ebbb87-535b-4ba0-80f4-6fbf80b7c55a",
                      "location": "[parameters('workspace-location')]",
                      "properties": {
                        "eTag": "*",
                        "displayName": "detect-nbtscan-activity",
                        "category": "Hunting Queries",
                        "query": "let nbtscan = pack_array(\"9af0cb61580dba0e380cddfe9ca43a3e128ed2f8\",\n\"90da10004c8f6fafdaa2cf18922670a745564f45\");\nunion DeviceProcessEvents , DeviceFileEvents \n| where Timestamp > ago(7d)\n| where FileName =~ \"nbtscan.exe\" or SHA1 in (nbtscan)\n| project FolderPath, FileName, InitiatingProcessAccountName,\nInitiatingProcessFileName, ProcessCommandLine, Timestamp\n",
                        "version": 2,
                        "tags": [
                          {
                            "name": "description",
                            "value": "This query was originally published in the threat analytics report, Operation Soft Cell.\nOperation Soft Cell is a series of campaigns targeting users' call logs at telecommunications providers throughout the world. These attacks date from as early as 2012.\nOperation Soft Cell operators have been known to run nbtscan.exe, a legitimate MS-DOS command-line tool used to discover any NETBIOS nameservers on a local or remote TCP/IP network.\nThe following query detects any nbtscan activity on the system over the past seven days.\nReference - https://www.cybereason.com/blog/operation-soft-cell-a-worldwide-campaign-against-telecommunications-providers\n"
                          },
                          {
                            "name": "tactics",
                            "value": "Discovery"
                          }
                        ]
                      }
                    },
                    {
                      "type": "Microsoft.OperationalInsights/workspaces/providers/metadata",
                      "apiVersion": "2021-03-01-preview",
                      "name": "[concat(parameters('workspace'),'/Microsoft.SecurityInsights/',concat('huntingQuery-', '28ebbb87-535b-4ba0-80f4-6fbf80b7c55a'))]",
                      "properties": {
                        "description": "This query was originally published in the threat analytics report, Operation Soft Cell.\nOperation Soft Cell is a series of campaigns targeting users' call logs at telecommunications providers throughout the world. These attacks date from as early as 2012.\nOperation Soft Cell operators have been known to run nbtscan.exe, a legitimate MS-DOS command-line tool used to discover any NETBIOS nameservers on a local or remote TCP/IP network.\nThe following query detects any nbtscan activity on the system over the past seven days.\nReference - https://www.cybereason.com/blog/operation-soft-cell-a-worldwide-campaign-against-telecommunications-providers\n",
                        "contentId": "28ebbb87-535b-4ba0-80f4-6fbf80b7c55a",
                        "version": "1.0.0",
                        "source": {
                          "kind": "Community"
                        },
                        "threatAnalysisTactics": [
                          "Discovery"
                        ],
                        "parentId": "28ebbb87-535b-4ba0-80f4-6fbf80b7c55a",
                        "kind": "HuntingQuery",
                        "dependencies": {
                          "operator": "AND",
                          "criteria": [
                            {
                              "contentId": "DeviceProcessEvents",
                              "kind": "DataType"
                            },
                            {
                              "contentId": "DeviceFileEvents",
                              "kind": "DataType"
                            }
                          ]
                        }
                      }
                    }
                  ]
                }
              }
            }
          ]
        },
        "contentId": "28ebbb87-535b-4ba0-80f4-6fbf80b7c55a",
        "dependencies": {
          "operator": "AND",
          "criteria": [
            {
              "contentId": "28ebbb87-535b-4ba0-80f4-6fbf80b7c55a",
              "kind": "HuntingQuery"
            }
          ]
        },
        "description": "This query was originally published in the threat analytics report, Operation Soft Cell.\nOperation Soft Cell is a series of campaigns targeting users' call logs at telecommunications providers throughout the world. These attacks date from as early as 2012.\nOperation Soft Cell operators have been known to run nbtscan.exe, a legitimate MS-DOS command-line tool used to discover any NETBIOS nameservers on a local or remote TCP/IP network.\nThe following query detects any nbtscan activity on the system over the past seven days.\nReference - https://www.cybereason.com/blog/operation-soft-cell-a-worldwide-campaign-against-telecommunications-providers\n",
        "displayName": "detect-nbtscan-activity",
        "source": {
          "kind": "Community"
        },
        "threatAnalysisTactics": [
          "Discovery"
        ],
        "version": "1.0.0"
      },
      "name": "[concat(parameters('workspace'),'/Microsoft.SecurityInsights/', '28ebbb87-535b-4ba0-80f4-6fbf80b7c55a')]"
    }
  ]
}