{
  "$schema": "https://schema.management.azure.com/schemas/2019-04-01/deploymentTemplate.json#",
  "contentVersion": "1.0.0.0",
  "parameters": {
    "location": {
      "type": "string",
      "minLength": 1,
      "defaultValue": "[resourceGroup().location]",
      "metadata": {
        "description": "Not used, but needed to pass arm-ttk test `Location-Should-Not-Be-Hardcoded`.  We instead use the `workspace-location` which is derived from the LA workspace"
      }
    },
    "workspace-location": {
      "type": "string",
      "defaultValue": "",
      "metadata": {
        "description": "[concat('Region to deploy solution resources -- separate from location selection',parameters('location'))]"
      }
    },
    "workspace": {
      "defaultValue": "",
      "type": "string",
      "metadata": {
        "description": "Workspace name for Log Analytics where Microsoft Sentinel is setup"
      }
    }
  },
  "variables": {},
  "resources": [
    {
      "type": "Microsoft.OperationalInsights/workspaces/providers/packages",
      "location": "[parameters('workspace-location')]",
      "apiVersion": "2022-08-01",
      "properties": {
        "packageKind": "Standalone",
        "packageItems": {
          "resources": [
            {
              "type": "Microsoft.OperationalInsights/workspaces/providers/contentTemplates",
              "name": "[concat(parameters('workspace'),'/Microsoft.SecurityInsights/', '06b7ca56-3869-4b7a-93b3-a0502e1c22b1')]",
              "location": "[parameters('workspace-location')]",
              "kind": "shared",
              "apiVersion": "2022-08-01",
              "properties": {
                "contentId": "06b7ca56-3869-4b7a-93b3-a0502e1c22b1",
                "displayName": "Network Connection to New External LDAP Server",
                "contentKind": "HuntingQuery",
                "mainTemplate": {
                  "$schema": "https://schema.management.azure.com/schemas/2019-04-01/deploymentTemplate.json#",
                  "contentVersion": "1.0.0",
                  "resources": [
                    {
                      "type": "Microsoft.OperationalInsights/savedSearches",
                      "apiVersion": "2020-08-01",
                      "name": "06b7ca56-3869-4b7a-93b3-a0502e1c22b1",
                      "location": "[parameters('workspace-location')]",
                      "properties": {
                        "eTag": "*",
                        "displayName": "Network Connection to New External LDAP Server",
                        "category": "Hunting Queries",
                        "query": null,
                        "version": 2,
                        "tags": [
                          {
                            "name": "description",
                            "value": "'As part of content migration, this file is moved to a new location. You can find it here https://github.com/Azure/Azure-Sentinel/blob/master/Solutions/Apache%20Log4j%20Vulnerability%20Detection'\n"
                          }
                        ]
                      }
                    },
                    {
                      "type": "Microsoft.OperationalInsights/workspaces/providers/metadata",
                      "apiVersion": "2021-03-01-preview",
                      "name": "[concat(parameters('workspace'),'/Microsoft.SecurityInsights/',concat('huntingQuery-', '06b7ca56-3869-4b7a-93b3-a0502e1c22b1'))]",
                      "properties": {
                        "description": "'As part of content migration, this file is moved to a new location. You can find it here https://github.com/Azure/Azure-Sentinel/blob/master/Solutions/Apache%20Log4j%20Vulnerability%20Detection'\n",
                        "version": "1.0.0",
                        "author": {
                          "name": "Community"
                        },
                        "support": {
                          "name": "Community",
                          "link": "https://github.com/Azure/Azure-Sentinel/issues",
                          "tier": "Community"
                        },
                        "source": {
                          "kind": "Community",
                          "name": "Standalone"
                        },
                        "contentId": "06b7ca56-3869-4b7a-93b3-a0502e1c22b1",
                        "parentId": "06b7ca56-3869-4b7a-93b3-a0502e1c22b1",
                        "kind": "HuntingQuery"
                      }
                    }
                  ]
                }
              }
            }
          ]
        },
        "author": {
          "name": "Community"
        },
        "dependencies": {
          "operator": "AND",
          "criteria": [
            {
              "contentId": "06b7ca56-3869-4b7a-93b3-a0502e1c22b1",
              "kind": "HuntingQuery"
            }
          ]
        },
        "description": "'As part of content migration, this file is moved to a new location. You can find it here https://github.com/Azure/Azure-Sentinel/blob/master/Solutions/Apache%20Log4j%20Vulnerability%20Detection'\n",
        "displayName": "Network Connection to New External LDAP Server",
        "packageId": "06b7ca56-3869-4b7a-93b3-a0502e1c22b1",
        "source": {
          "kind": "Community",
          "name": "Standalone"
        },
        "support": {
          "name": "Community",
          "link": "https://github.com/Azure/Azure-Sentinel/issues",
          "tier": "Community"
        },
        "version": "1.0.0"
      },
      "name": "06b7ca56-3869-4b7a-93b3-a0502e1c22b1"
    }
  ]
}