{
  "$schema": "https://schema.management.azure.com/schemas/2019-04-01/deploymentTemplate.json#",
  "parameters": {
    "location": {
      "type": "string",
      "minLength": 1,
      "defaultValue": "[resourceGroup().location]",
      "metadata": {
        "description": "Not used, but needed to pass arm-ttk test `Location-Should-Not-Be-Hardcoded`.  We instead use the `workspace-location` which is derived from the LA workspace"
      }
    },
    "workspace-location": {
      "type": "string",
      "defaultValue": "",
      "metadata": {
        "description": "[concat('Region to deploy solution resources -- separate from location selection',parameters('location'))]"
      }
    },
    "workspace": {
      "defaultValue": "",
      "type": "string",
      "metadata": {
        "description": "Workspace name for Log Analytics where Microsoft Sentinel is setup"
      }
    }
  },
  "variables": {},
  "resources": [
    {
      "type": "Microsoft.OperationalInsights/workspaces/providers/packages",
      "location": "[parameters('workspace-location')]",
      "apiVersion": "2022-08-01",
      "properties": {
        "packageKind": "Standalone",
        "packageItems": {
          "resources": [
            {
              "type": "Microsoft.OperationalInsights/workspaces/providers/contentTemplates",
              "name": "[concat(parameters('workspace'),'/Microsoft.SecurityInsights/', '3f0c20d5-6228-48ef-92f3-9ff7822c1954')]",
              "location": "[parameters('workspace-location')]",
              "apiVersion": "2022-08-01",
              "properties": {
                "contentId": "3f0c20d5-6228-48ef-92f3-9ff7822c1954",
                "displayName": "A host is potentially running a hacking tool (ASIM Web Session schema)",
                "contentKind": "AnalyticsRule",
                "mainTemplate": {
                  "$schema": "https://schema.management.azure.com/schemas/2019-04-01/deploymentTemplate.json#",
                  "contentVersion": "1.1.0",
                  "resources": [
                    {
                      "type": "Microsoft.OperationalInsights/workspaces/providers/alertRules",
                      "apiVersion": "2022-04-01-preview",
                      "name": "[concat(parameters('workspace'),'/Microsoft.SecurityInsights/', '' )]",
                      "kind": "Scheduled",
                      "location": "[parameters('workspace-location')]",
                      "properties": {
                        "description": "This rule identifies a web request with a user agent header known to belong to a hacking tool. This indicates a hacking tool is used on the host.<br>You can add custom hacking tool indicating User-Agent headers using a watchlist, for more information refer to the [UnusualUserAgents Watchlist](https://aka.ms/ASimUnusualUserAgentsWatchlist).<br><br>\n This analytic rule uses [ASIM](https://aka.ms/AboutASIM) and supports any built-in or custom source that supports the ASIM WebSession schema (ASIM WebSession Schema)",
                        "displayName": "A host is potentially running a hacking tool (ASIM Web Session schema)",
                        "enabled": false,
                        "query": "let threatCategory=\"Hacking Tool\";\nlet knownUserAgentsIndicators = materialize(externaldata(UserAgent:string, Category:string)\n    [ @\"https://raw.githubusercontent.com/Azure/Azure-Sentinel/master/Sample%20Data/Feeds/UnusualUserAgents.csv\"] \n        with(format=\"csv\", ignoreFirstRecord=True));\nlet knownUserAgents=toscalar(knownUserAgentsIndicators | where Category==threatCategory | where isnotempty(UserAgent) | summarize make_list(UserAgent));\nlet customUserAgents=toscalar(_GetWatchlist(\"UnusualUserAgents\") | where SearchKey==threatCategory | extend UserAgent=column_ifexists(\"UserAgent\",\"\") | where isnotempty(UserAgent) | summarize make_list(UserAgent));\nlet fullUAList = array_concat(knownUserAgents,customUserAgents);\n_Im_WebSession(httpuseragent_has_any=fullUAList)\n| project SrcIpAddr, Url, TimeGenerated,HttpUserAgent, SrcUsername\n",
                        "queryFrequency": "PT15M",
                        "queryPeriod": "PT15M",
                        "severity": "Medium",
                        "suppressionDuration": "PT1H",
                        "suppressionEnabled": false,
                        "triggerOperator": "GreaterThan",
                        "triggerThreshold": 0,
                        "tactics": [
                          "CommandandControl"
                        ],
                        "entityMappings": [
                          {
                            "entityType": "URL",
                            "fieldMappings": [
                              {
                                "columnName": "Url",
                                "identifier": "Url"
                              }
                            ]
                          },
                          {
                            "entityType": "IP",
                            "fieldMappings": [
                              {
                                "columnName": "SrcIpAddr",
                                "identifier": "Address"
                              }
                            ]
                          },
                          {
                            "entityType": "Account",
                            "fieldMappings": [
                              {
                                "columnName": "SrcUsername",
                                "identifier": "Name"
                              }
                            ]
                          }
                        ],
                        "eventGroupingSettings": {
                          "aggregationKind": "AlertPerResult"
                        },
                        "customDetails": {
                          "UserAgent": "HttpUserAgent"
                        },
                        "alertDetailsOverride": {
                          "alertDisplayNameFormat": "Host {{SrcIpAddr}} is potentially running a hacking tool",
                          "alertDescriptionFormat": "The host at address {{SrcIpAddr}} sent an HTTP request to the URL {{Url}} with the HTTP user agent header {{HttpUserAgent}}. This user agent is known to be used by a hacking tool and indicates suspicious activity on the host."
                        }
                      }
                    },
                    {
                      "type": "Microsoft.OperationalInsights/workspaces/providers/metadata",
                      "apiVersion": "2021-03-01-preview",
                      "name": "[concat(parameters('workspace'),'/Microsoft.SecurityInsights/', '')]",
                      "properties": {
                        "description": "'This rule identifies a web request with a user agent header known to belong to a hacking tool. This indicates a hacking tool is used on the host.<br>You can add custom hacking tool indicating User-Agent headers using a watchlist, for more information refer to the [UnusualUserAgents Watchlist](https://aka.ms/ASimUnusualUserAgentsWatchlist).<br><br>\n This analytic rule uses [ASIM](https://aka.ms/AboutASIM) and supports any built-in or custom source that supports the ASIM WebSession schema (ASIM WebSession Schema)'\n",
                        "contentId": "3f0c20d5-6228-48ef-92f3-9ff7822c1954",
                        "version": "1.1.0",
                        "source": {
                          "kind": "Community"
                        },
                        "threatAnalysisTactics": [
                          "CommandandControl"
                        ],
                        "parentId": "3f0c20d5-6228-48ef-92f3-9ff7822c1954",
                        "kind": "AnalyticsRule",
                        "dependencies": {
                          "operator": "AND",
                          "criteria": [
                            {
                              "contentId": "SquidProxy_CL",
                              "kind": "DataType"
                            },
                            {
                              "contentId": "CommonSecurityLog",
                              "kind": "DataType"
                            }
                          ]
                        }
                      }
                    }
                  ]
                }
              }
            }
          ]
        },
        "contentId": "3f0c20d5-6228-48ef-92f3-9ff7822c1954",
        "dependencies": {
          "operator": "AND",
          "criteria": [
            {
              "contentId": "3f0c20d5-6228-48ef-92f3-9ff7822c1954",
              "kind": "AnalyticsRule"
            }
          ]
        },
        "description": "'This rule identifies a web request with a user agent header known to belong to a hacking tool. This indicates a hacking tool is used on the host.<br>You can add custom hacking tool indicating User-Agent headers using a watchlist, for more information refer to the [UnusualUserAgents Watchlist](https://aka.ms/ASimUnusualUserAgentsWatchlist).<br><br>\n This analytic rule uses [ASIM](https://aka.ms/AboutASIM) and supports any built-in or custom source that supports the ASIM WebSession schema (ASIM WebSession Schema)'\n",
        "displayName": "A host is potentially running a hacking tool (ASIM Web Session schema)",
        "source": {
          "kind": "Community"
        },
        "threatAnalysisTactics": [
          "CommandandControl"
        ],
        "version": "1.1.0"
      },
      "name": "[concat(parameters('workspace'),'/Microsoft.SecurityInsights/', '3f0c20d5-6228-48ef-92f3-9ff7822c1954')]"
    }
  ]
}