{
  "$schema": "https://schema.management.azure.com/schemas/2019-04-01/deploymentTemplate.json#",
  "parameters": {
    "location": {
      "type": "string",
      "minLength": 1,
      "defaultValue": "[resourceGroup().location]",
      "metadata": {
        "description": "Not used, but needed to pass arm-ttk test `Location-Should-Not-Be-Hardcoded`.  We instead use the `workspace-location` which is derived from the LA workspace"
      }
    },
    "workspace-location": {
      "type": "string",
      "defaultValue": "",
      "metadata": {
        "description": "[concat('Region to deploy solution resources -- separate from location selection',parameters('location'))]"
      }
    },
    "workspace": {
      "defaultValue": "",
      "type": "string",
      "metadata": {
        "description": "Workspace name for Log Analytics where Microsoft Sentinel is setup"
      }
    }
  },
  "variables": {},
  "resources": [
    {
      "type": "Microsoft.OperationalInsights/workspaces/providers/packages",
      "location": "[parameters('workspace-location')]",
      "apiVersion": "2022-08-01",
      "properties": {
        "packageKind": "Standalone",
        "packageItems": {
          "resources": [
            {
              "type": "Microsoft.OperationalInsights/workspaces/providers/contentTemplates",
              "name": "[concat(parameters('workspace'),'/Microsoft.SecurityInsights/', '720d12c6-a08c-44c4-b18f-2236412d59b0')]",
              "location": "[parameters('workspace-location')]",
              "apiVersion": "2022-08-01",
              "properties": {
                "contentId": "720d12c6-a08c-44c4-b18f-2236412d59b0",
                "displayName": "Potential re-named sdelete usage",
                "contentKind": "AnalyticsRule",
                "mainTemplate": {
                  "$schema": "https://schema.management.azure.com/schemas/2019-04-01/deploymentTemplate.json#",
                  "contentVersion": "1.0.2",
                  "resources": [
                    {
                      "type": "Microsoft.OperationalInsights/workspaces/providers/alertRules",
                      "apiVersion": "2022-04-01-preview",
                      "name": "[concat(parameters('workspace'),'/Microsoft.SecurityInsights/', '' )]",
                      "kind": "Scheduled",
                      "location": "[parameters('workspace-location')]",
                      "properties": {
                        "description": "This detection looks for command line parameters associated with the use of Sysinternals sdelete (https://docs.microsoft.com/sysinternals/downloads/sdelete) to delete multiple files on a host's C drive.\nA threat actor may re-name the tool to avoid detection and then use it for destructive attacks on a host.",
                        "displayName": "Potential re-named sdelete usage",
                        "enabled": false,
                        "query": "SecurityEvent\n  | where EventID == 4688\n  | where Process !~ \"sdelete.exe\"\n  | where CommandLine has_all (\"accepteula\", \"-r\", \"-s\", \"-q\", \"c:/\")\n  | where CommandLine !has (\"sdelete\")\n",
                        "queryFrequency": "PT1H",
                        "queryPeriod": "PT1H",
                        "severity": "Low",
                        "suppressionDuration": "PT1H",
                        "suppressionEnabled": false,
                        "triggerOperator": "GreaterThan",
                        "triggerThreshold": 0,
                        "tactics": [
                          "DefenseEvasion",
                          "Impact"
                        ],
                        "entityMappings": [
                          {
                            "entityType": "Account",
                            "fieldMappings": [
                              {
                                "columnName": "Account",
                                "identifier": "FullName"
                              }
                            ]
                          },
                          {
                            "entityType": "Host",
                            "fieldMappings": [
                              {
                                "columnName": "Computer",
                                "identifier": "FullName"
                              }
                            ]
                          }
                        ]
                      }
                    },
                    {
                      "type": "Microsoft.OperationalInsights/workspaces/providers/metadata",
                      "apiVersion": "2021-03-01-preview",
                      "name": "[concat(parameters('workspace'),'/Microsoft.SecurityInsights/', '')]",
                      "properties": {
                        "description": "'This detection looks for command line parameters associated with the use of Sysinternals sdelete (https://docs.microsoft.com/sysinternals/downloads/sdelete) to delete multiple files on a host's C drive.\nA threat actor may re-name the tool to avoid detection and then use it for destructive attacks on a host.'\n",
                        "contentId": "720d12c6-a08c-44c4-b18f-2236412d59b0",
                        "version": "1.0.2",
                        "source": {
                          "kind": "Community"
                        },
                        "threatAnalysisTactics": [
                          "DefenseEvasion",
                          "Impact"
                        ],
                        "threatAnalyticsTechniques": [
                          "T1485",
                          "T1036"
                        ],
                        "parentId": "720d12c6-a08c-44c4-b18f-2236412d59b0",
                        "kind": "AnalyticsRule",
                        "dependencies": {
                          "operator": "AND",
                          "criteria": [
                            {
                              "contentId": "SecurityEvents",
                              "kind": "DataType"
                            }
                          ]
                        }
                      }
                    }
                  ]
                }
              }
            }
          ]
        },
        "contentId": "720d12c6-a08c-44c4-b18f-2236412d59b0",
        "dependencies": {
          "operator": "AND",
          "criteria": [
            {
              "contentId": "720d12c6-a08c-44c4-b18f-2236412d59b0",
              "kind": "AnalyticsRule"
            }
          ]
        },
        "description": "'This detection looks for command line parameters associated with the use of Sysinternals sdelete (https://docs.microsoft.com/sysinternals/downloads/sdelete) to delete multiple files on a host's C drive.\nA threat actor may re-name the tool to avoid detection and then use it for destructive attacks on a host.'\n",
        "displayName": "Potential re-named sdelete usage",
        "source": {
          "kind": "Community"
        },
        "threatAnalysisTactics": [
          "DefenseEvasion",
          "Impact"
        ],
        "threatAnalyticsTechniques": [
          "T1485",
          "T1036"
        ],
        "version": "1.0.2"
      },
      "name": "[concat(parameters('workspace'),'/Microsoft.SecurityInsights/', '720d12c6-a08c-44c4-b18f-2236412d59b0')]"
    }
  ]
}