{
  "$schema": "https://schema.management.azure.com/schemas/2019-04-01/deploymentTemplate.json#",
  "parameters": {
    "location": {
      "type": "string",
      "minLength": 1,
      "defaultValue": "[resourceGroup().location]",
      "metadata": {
        "description": "Not used, but needed to pass arm-ttk test `Location-Should-Not-Be-Hardcoded`.  We instead use the `workspace-location` which is derived from the LA workspace"
      }
    },
    "workspace-location": {
      "type": "string",
      "defaultValue": "",
      "metadata": {
        "description": "[concat('Region to deploy solution resources -- separate from location selection',parameters('location'))]"
      }
    },
    "workspace": {
      "defaultValue": "",
      "type": "string",
      "metadata": {
        "description": "Workspace name for Log Analytics where Microsoft Sentinel is setup"
      }
    }
  },
  "variables": {},
  "resources": [
    {
      "type": "Microsoft.OperationalInsights/workspaces/providers/packages",
      "location": "[parameters('workspace-location')]",
      "apiVersion": "2022-08-01",
      "properties": {
        "packageKind": "Standalone",
        "packageItems": {
          "resources": [
            {
              "type": "Microsoft.OperationalInsights/workspaces/providers/contentTemplates",
              "name": "[concat(parameters('workspace'),'/Microsoft.SecurityInsights/', '46ac55ae-47b8-414a-8f94-89ccd1962178')]",
              "location": "[parameters('workspace-location')]",
              "apiVersion": "2022-08-01",
              "properties": {
                "contentId": "46ac55ae-47b8-414a-8f94-89ccd1962178",
                "displayName": "A potentially malicious web request was executed against a web server",
                "contentKind": "AnalyticsRule",
                "mainTemplate": {
                  "$schema": "https://schema.management.azure.com/schemas/2019-04-01/deploymentTemplate.json#",
                  "contentVersion": "1.0.2",
                  "resources": [
                    {
                      "type": "Microsoft.OperationalInsights/workspaces/providers/alertRules",
                      "apiVersion": "2022-04-01-preview",
                      "name": "[concat(parameters('workspace'),'/Microsoft.SecurityInsights/', '' )]",
                      "kind": "Scheduled",
                      "location": "[parameters('workspace-location')]",
                      "properties": {
                        "description": "Detects unobstructed Web Application Firewall (WAF) activity in sessions where the WAF blocked incoming requests by computing the \nratio between blocked requests and unobstructed WAF requests in these sessions (BlockvsSuccessRatio metric). A high ratio value for \na given client IP and hostname calls for further investigation of the WAF data in that session, due to the significantly high number \nof blocked requests and a few unobstructed logs which may be malicious but have passed undetected through the WAF. The successCode \nvariable defines what the detection thinks is a successful status code, and should be altered to fit the environment.",
                        "displayName": "A potentially malicious web request was executed against a web server",
                        "enabled": false,
                        "query": "let queryperiod = 1d;\nlet mode = 'Blocked';\nlet successCode = dynamic(['200', '101','204', '400','504','304','401','500']);\nlet sessionBin = 30m;\nAzureDiagnostics\n| where TimeGenerated > ago(queryperiod)\n| where Category == 'ApplicationGatewayFirewallLog' and action_s == mode\n| sort by hostname_s asc, clientIp_s asc, TimeGenerated asc\n| extend SessionBlockedStarted = row_window_session(TimeGenerated, queryperiod, 10m, ((clientIp_s != prev(clientIp_s)) or (hostname_s != prev(hostname_s))))\n| summarize SessionBlockedEnded = max(TimeGenerated), SessionBlockedCount = count() by hostname_s, clientIp_s, SessionBlockedStarted\n| extend TimeKey = range(bin(SessionBlockedStarted, sessionBin), bin(SessionBlockedEnded, sessionBin), sessionBin)\n| mv-expand TimeKey to typeof(datetime)\n| join kind = inner(\n    AzureDiagnostics\n    | where TimeGenerated > ago(queryperiod)\n    | where Category == 'ApplicationGatewayAccessLog' and (isempty(httpStatus_d) or httpStatus_d in (successCode))\n    | extend TimeKey = bin(TimeGenerated, sessionBin)\n) on TimeKey, $left.hostname_s == $right.host_s, $left.clientIp_s == $right.clientIP_s\n| where TimeGenerated between (SessionBlockedStarted..SessionBlockedEnded)\n| extend\n    originalRequestUriWithArgs_s = column_ifexists(\"originalRequestUriWithArgs_s\", \"\"),\n    serverStatus_s = column_ifexists(\"serverStatus_s\", \"\")\n| summarize\n    SuccessfulAccessCount = count(),\n    UserAgents = make_set(userAgent_s, 250),\n    RequestURIs = make_set(requestUri_s, 250),\n    OriginalRequestURIs = make_set(originalRequestUriWithArgs_s, 250),\n    SuccessCodes = make_set(httpStatus_d, 250),\n    SuccessCodes_BackendServer = make_set(serverStatus_s, 250),\n    take_any(SessionBlockedEnded, SessionBlockedCount)\n    by hostname_s, clientIp_s, SessionBlockedStarted\n| where SessionBlockedCount > SuccessfulAccessCount\n| extend timestamp = SessionBlockedStarted, IPCustomEntity = clientIp_s\n| extend BlockvsSuccessRatio = SessionBlockedCount/toreal(SuccessfulAccessCount)\n| sort by BlockvsSuccessRatio desc, timestamp asc\n| project-reorder SessionBlockedStarted, SessionBlockedEnded, hostname_s, clientIp_s, SessionBlockedCount, SuccessfulAccessCount, BlockvsSuccessRatio, SuccessCodes, RequestURIs, OriginalRequestURIs, UserAgents\n",
                        "queryFrequency": "P1D",
                        "queryPeriod": "P1D",
                        "severity": "Medium",
                        "suppressionDuration": "PT1H",
                        "suppressionEnabled": false,
                        "triggerOperator": "GreaterThan",
                        "triggerThreshold": 0,
                        "tactics": [
                          "InitialAccess"
                        ],
                        "entityMappings": [
                          {
                            "entityType": "IP",
                            "fieldMappings": [
                              {
                                "columnName": "IPCustomEntity",
                                "identifier": "Address"
                              }
                            ]
                          }
                        ]
                      }
                    },
                    {
                      "type": "Microsoft.OperationalInsights/workspaces/providers/metadata",
                      "apiVersion": "2021-03-01-preview",
                      "name": "[concat(parameters('workspace'),'/Microsoft.SecurityInsights/', '')]",
                      "properties": {
                        "description": "'Detects unobstructed Web Application Firewall (WAF) activity in sessions where the WAF blocked incoming requests by computing the \nratio between blocked requests and unobstructed WAF requests in these sessions (BlockvsSuccessRatio metric). A high ratio value for \na given client IP and hostname calls for further investigation of the WAF data in that session, due to the significantly high number \nof blocked requests and a few unobstructed logs which may be malicious but have passed undetected through the WAF. The successCode \nvariable defines what the detection thinks is a successful status code, and should be altered to fit the environment.'\n",
                        "version": "1.0.2",
                        "source": {
                          "kind": "Community"
                        },
                        "threatAnalysisTactics": [
                          "InitialAccess"
                        ],
                        "threatAnalyticsTechniques": [
                          "T1190"
                        ],
                        "contentId": "46ac55ae-47b8-414a-8f94-89ccd1962178",
                        "parentId": "46ac55ae-47b8-414a-8f94-89ccd1962178",
                        "kind": "AnalyticsRule",
                        "dependencies": {
                          "operator": "AND",
                          "criteria": [
                            {
                              "contentId": "AzureDiagnostics",
                              "kind": "DataType"
                            }
                          ]
                        }
                      }
                    }
                  ]
                }
              }
            }
          ]
        },
        "dependencies": {
          "operator": "AND",
          "criteria": [
            {
              "contentId": "46ac55ae-47b8-414a-8f94-89ccd1962178",
              "kind": "AnalyticsRule"
            }
          ]
        },
        "description": "'Detects unobstructed Web Application Firewall (WAF) activity in sessions where the WAF blocked incoming requests by computing the \nratio between blocked requests and unobstructed WAF requests in these sessions (BlockvsSuccessRatio metric). A high ratio value for \na given client IP and hostname calls for further investigation of the WAF data in that session, due to the significantly high number \nof blocked requests and a few unobstructed logs which may be malicious but have passed undetected through the WAF. The successCode \nvariable defines what the detection thinks is a successful status code, and should be altered to fit the environment.'\n",
        "displayName": "A potentially malicious web request was executed against a web server",
        "packageId": "46ac55ae-47b8-414a-8f94-89ccd1962178",
        "source": {
          "kind": "Community"
        },
        "threatAnalysisTactics": [
          "InitialAccess"
        ],
        "threatAnalyticsTechniques": [
          "T1190"
        ],
        "version": "1.0.2"
      },
      "name": "[concat(parameters('workspace'),'/Microsoft.SecurityInsights/', '46ac55ae-47b8-414a-8f94-89ccd1962178')]"
    }
  ]
}