{
  "$schema": "https://schema.management.azure.com/schemas/2019-04-01/deploymentTemplate.json#",
  "contentVersion": "1.0.0.0",
  "parameters": {
    "location": {
      "type": "string",
      "minLength": 1,
      "defaultValue": "[resourceGroup().location]",
      "metadata": {
        "description": "Not used, but needed to pass arm-ttk test `Location-Should-Not-Be-Hardcoded`.  We instead use the `workspace-location` which is derived from the LA workspace"
      }
    },
    "workspace-location": {
      "type": "string",
      "defaultValue": "",
      "metadata": {
        "description": "[concat('Region to deploy solution resources -- separate from location selection',parameters('location'))]"
      }
    },
    "workspace": {
      "defaultValue": "",
      "type": "string",
      "metadata": {
        "description": "Workspace name for Log Analytics where Microsoft Sentinel is setup"
      }
    }
  },
  "variables": {},
  "resources": [
    {
      "type": "Microsoft.OperationalInsights/workspaces/providers/packages",
      "location": "[parameters('workspace-location')]",
      "apiVersion": "2022-08-01",
      "properties": {
        "packageKind": "Standalone",
        "packageItems": {
          "resources": [
            {
              "type": "Microsoft.OperationalInsights/workspaces/providers/contentTemplates",
              "name": "[concat(parameters('workspace'),'/Microsoft.SecurityInsights/', '0dd2a343-4bf9-4c93-a547-adf3658ddaec')]",
              "location": "[parameters('workspace-location')]",
              "apiVersion": "2022-08-01",
              "properties": {
                "contentId": "0dd2a343-4bf9-4c93-a547-adf3658ddaec",
                "displayName": "New EXE deployed via Default Domain or Default Domain Controller Policies (ASIM Version)",
                "contentKind": "AnalyticsRule",
                "mainTemplate": {
                  "$schema": "https://schema.management.azure.com/schemas/2019-04-01/deploymentTemplate.json#",
                  "contentVersion": "1.0.2",
                  "resources": [
                    {
                      "type": "Microsoft.OperationalInsights/workspaces/providers/alertRules",
                      "apiVersion": "2022-04-01-preview",
                      "name": "0dd2a343-4bf9-4c93-a547-adf3658ddaec",
                      "kind": "Scheduled",
                      "location": "[parameters('workspace-location')]",
                      "properties": {
                        "description": "This detection highlights executables deployed to hosts via either the Default Domain or Default Domain Controller Policies. These policies apply to all hosts or Domain Controllers and best practice is that these policies should not be used for deployment of files.\n  A threat actor may use these policies to deploy files or scripts to all hosts in a domain.\n  This query uses the ASIM parsers and will need them deployed before usage - https://docs.microsoft.com/azure/sentinel/normalization",
                        "displayName": "New EXE deployed via Default Domain or Default Domain Controller Policies (ASIM Version)",
                        "enabled": false,
                        "query": "let known_processes = (\n  imProcess\n  // Change these values if adjusting Query Frequency or Query Period\n  | where TimeGenerated between(ago(14d)..ago(1d))\n  | where Process has_any (\"Policies\\\\{6AC1786C-016F-11D2-945F-00C04fB984F9}\", \"Policies\\\\{31B2F340-016D-11D2-945F-00C04FB984F9}\")\n  | summarize by Process);\n  imProcess\n  // Change these values if adjusting Query Frequency or Query Period\n  | where TimeGenerated > ago(1d)\n  | where Process has_any (\"Policies\\\\{6AC1786C-016F-11D2-945F-00C04fB984F9}\", \"Policies\\\\{31B2F340-016D-11D2-945F-00C04FB984F9}\")\n  | where Process !in (known_processes)\n  | summarize FirstSeen=min(TimeGenerated), LastSeen=max(TimeGenerated) by Process, CommandLine, DvcHostname\n",
                        "queryFrequency": "P1D",
                        "queryPeriod": "P14D",
                        "severity": "High",
                        "suppressionDuration": "PT1H",
                        "suppressionEnabled": false,
                        "triggerOperator": "GreaterThan",
                        "triggerThreshold": 0,
                        "tactics": [
                          "Execution",
                          "LateralMovement"
                        ],
                        "techniques": [
                          "T1072",
                          "T1570"
                        ],
                        "entityMappings": [
                          {
                            "entityType": "Host",
                            "fieldMappings": [
                              {
                                "columnName": "DvcHostname",
                                "identifier": "HostName"
                              }
                            ]
                          }
                        ]
                      }
                    },
                    {
                      "type": "Microsoft.OperationalInsights/workspaces/providers/metadata",
                      "apiVersion": "2021-03-01-preview",
                      "properties": {
                        "description": "'This detection highlights executables deployed to hosts via either the Default Domain or Default Domain Controller Policies. These policies apply to all hosts or Domain Controllers and best practice is that these policies should not be used for deployment of files.\n  A threat actor may use these policies to deploy files or scripts to all hosts in a domain.\n  This query uses the ASIM parsers and will need them deployed before usage - https://docs.microsoft.com/azure/sentinel/normalization'\n",
                        "version": "1.0.2",
                        "author": {
                          "name": "Community"
                        },
                        "support": {
                          "name": "Community",
                          "link": "https://github.com/Azure/Azure-Sentinel/issues",
                          "tier": "Community"
                        },
                        "source": {
                          "kind": "Community",
                          "name": "Standalone"
                        },
                        "threatAnalysisTactics": [
                          "Execution",
                          "LateralMovement"
                        ],
                        "threatAnalyticsTechniques": [
                          "T1072",
                          "T1570"
                        ],
                        "contentId": "0dd2a343-4bf9-4c93-a547-adf3658ddaec",
                        "parentId": "0dd2a343-4bf9-4c93-a547-adf3658ddaec",
                        "kind": "AnalyticsRule",
                        "dependencies": {
                          "operator": "AND",
                          "criteria": [
                            {
                              "contentId": "SecurityEvents",
                              "kind": "DataType"
                            }
                          ]
                        }
                      }
                    }
                  ]
                }
              }
            }
          ]
        },
        "author": {
          "name": "Community"
        },
        "dependencies": {
          "operator": "AND",
          "criteria": [
            {
              "contentId": "0dd2a343-4bf9-4c93-a547-adf3658ddaec",
              "kind": "AnalyticsRule"
            }
          ]
        },
        "description": "'This detection highlights executables deployed to hosts via either the Default Domain or Default Domain Controller Policies. These policies apply to all hosts or Domain Controllers and best practice is that these policies should not be used for deployment of files.\n  A threat actor may use these policies to deploy files or scripts to all hosts in a domain.\n  This query uses the ASIM parsers and will need them deployed before usage - https://docs.microsoft.com/azure/sentinel/normalization'\n",
        "displayName": "New EXE deployed via Default Domain or Default Domain Controller Policies (ASIM Version)",
        "packageId": "0dd2a343-4bf9-4c93-a547-adf3658ddaec",
        "source": {
          "kind": "Community",
          "name": "Standalone"
        },
        "support": {
          "name": "Community",
          "link": "https://github.com/Azure/Azure-Sentinel/issues",
          "tier": "Community"
        },
        "threatAnalysisTactics": [
          "Execution",
          "LateralMovement"
        ],
        "threatAnalyticsTechniques": [
          "T1072",
          "T1570"
        ],
        "version": "1.0.2"
      },
      "name": "[concat(parameters('workspace'),'/Microsoft.SecurityInsights/', '0dd2a343-4bf9-4c93-a547-adf3658ddaec')]"
    }
  ]
}