{
  "$schema": "https://schema.management.azure.com/schemas/2019-04-01/deploymentTemplate.json#",
  "contentVersion": "1.0.0.0",
  "parameters": {
    "location": {
      "type": "string",
      "minLength": 1,
      "defaultValue": "[resourceGroup().location]",
      "metadata": {
        "description": "Not used, but needed to pass arm-ttk test `Location-Should-Not-Be-Hardcoded`.  We instead use the `workspace-location` which is derived from the LA workspace"
      }
    },
    "workspace-location": {
      "type": "string",
      "defaultValue": "",
      "metadata": {
        "description": "[concat('Region to deploy solution resources -- separate from location selection',parameters('location'))]"
      }
    },
    "workspace": {
      "defaultValue": "",
      "type": "string",
      "metadata": {
        "description": "Workspace name for Log Analytics where Microsoft Sentinel is setup"
      }
    }
  },
  "variables": {},
  "resources": [
    {
      "type": "Microsoft.OperationalInsights/workspaces/providers/packages",
      "location": "[parameters('workspace-location')]",
      "apiVersion": "2022-08-01",
      "properties": {
        "packageKind": "Standalone",
        "packageItems": {
          "resources": [
            {
              "type": "Microsoft.OperationalInsights/workspaces/providers/contentTemplates",
              "name": "[concat(parameters('workspace'),'/Microsoft.SecurityInsights/', 'ZscalerOffice365AppsWorkbook')]",
              "location": "[parameters('workspace-location')]",
              "kind": "shared",
              "apiVersion": "2022-08-01",
              "contentVersion": "1.0.0",
              "metadata": "Gain insights into Office 365 use on your network.\nThe Zscaler Office 365 overview workbook shows you the Microsoft apps running on your network and their individual bandwidth consumption. It also helps identify phishing attempts in which attackers disguised themselves as Microsoft services.",
              "properties": {
                "contentId": "ZscalerOffice365AppsWorkbook",
                "version": "1.1.0",
                "displayName": "Zscaler Office365 Apps",
                "contentKind": "Workbook",
                "mainTemplate": {
                  "$schema": "https://schema.management.azure.com/schemas/2019-04-01/deploymentTemplate.json#",
                  "contentVersion": "1.1.0",
                  "parameters": {},
                  "resources": [
                    {
                      "type": "Microsoft.Insights/workbooks",
                      "name": "ZscalerOffice365AppsWorkbook",
                      "location": "[parameters('workspace-location')]",
                      "kind": "shared",
                      "apiVersion": "2021-08-01",
                      "metadata": "Gain insights into Office 365 use on your network.\nThe Zscaler Office 365 overview workbook shows you the Microsoft apps running on your network and their individual bandwidth consumption. It also helps identify phishing attempts in which attackers disguised themselves as Microsoft services.",
                      "properties": {
                        "displayName": "Zscaler Office365 Apps",
                        "serializedData": "{\"version\":\"Notebook/1.0\",\"items\":[{\"type\":1,\"content\":{\"json\":\"## Zscaler Office 365 overview\"},\"name\":\"text - 0\"},{\"type\":9,\"content\":{\"version\":\"KqlParameterItem/1.0\",\"query\":\"\",\"parameters\":[{\"id\":\"ff5a2a6c-cf01-432a-ab49-e59918ead8ab\",\"version\":\"KqlParameterItem/1.0\",\"name\":\"TimeRange\",\"type\":4,\"isRequired\":true,\"value\":{\"durationMs\":259200000},\"typeSettings\":{\"selectableValues\":[{\"durationMs\":300000},{\"durationMs\":900000},{\"durationMs\":1800000},{\"durationMs\":3600000},{\"durationMs\":14400000},{\"durationMs\":43200000},{\"durationMs\":86400000},{\"durationMs\":172800000},{\"durationMs\":259200000},{\"durationMs\":604800000},{\"durationMs\":1209600000},{\"durationMs\":2419200000},{\"durationMs\":2592000000},{\"durationMs\":5184000000},{\"durationMs\":7776000000}],\"allowCustom\":true}}],\"style\":\"pills\",\"queryType\":0,\"resourceType\":\"microsoft.operationalinsights/workspaces\"},\"name\":\"parameters - 1\"},{\"type\":3,\"content\":{\"version\":\"KqlItem/1.0\",\"query\":\"CommonSecurityLog\\r\\n| where DeviceVendor == \\\"Zscaler\\\"\\r\\n| where DestinationServiceName contains \\\"Microsoft\\\" or DestinationServiceName contains  \\\"Skype\\\"  or DestinationServiceName contains \\\"Sharepoint\\\" or DestinationServiceName contains \\\"Onedrive\\\"  or DestinationServiceName contains \\\"Outlook\\\" or DestinationServiceName contains \\\"office.com\\\"\\r\\n| where DeviceEventClassID contains \\\"Allow\\\" \\r\\n| summarize count()  by bin(TimeGenerated, {TimeRange:grain}), DestinationServiceName\",\"size\":0,\"exportToExcelOptions\":\"visible\",\"title\":\"Microsoft services activity over time\",\"timeContext\":{\"durationMs\":0},\"timeContextFromParameter\":\"TimeRange\",\"queryType\":0,\"resourceType\":\"microsoft.operationalinsights/workspaces\",\"visualization\":\"barchart\"},\"customWidth\":\"50\",\"name\":\"query - 2\"},{\"type\":3,\"content\":{\"version\":\"KqlItem/1.0\",\"query\":\"CommonSecurityLog\\r\\n| where DeviceVendor == \\\"Zscaler\\\"\\r\\n| where DestinationServiceName contains \\\"Microsoft\\\" or DestinationServiceName contains  \\\"Skype\\\"  or DestinationServiceName contains \\\"Sharepoint\\\" or DestinationServiceName contains \\\"Onedrive\\\"  or DestinationServiceName contains \\\"Outlook\\\" or DestinationServiceName contains \\\"office.com\\\"\\r\\n| where DeviceEventClassID contains \\\"Allow\\\" \\r\\n| summarize BW_usage_MB = sum((ReceivedBytes+SentBytes)/1024.0/1024.0)  by bin(TimeGenerated, {TimeRange:grain}),  SourceUserPrivileges\",\"size\":0,\"exportToExcelOptions\":\"visible\",\"title\":\"BW consumption, by Microsoft apps (based on Location)\",\"timeContext\":{\"durationMs\":0},\"timeContextFromParameter\":\"TimeRange\",\"queryType\":0,\"resourceType\":\"microsoft.operationalinsights/workspaces\",\"visualization\":\"areachart\"},\"customWidth\":\"50\",\"name\":\"query - 3\"},{\"type\":3,\"content\":{\"version\":\"KqlItem/1.0\",\"query\":\"CommonSecurityLog\\r\\n| where DeviceVendor == \\\"Zscaler\\\"\\r\\n| where DestinationServiceName contains \\\"Microsoft\\\" or DestinationServiceName contains  \\\"Skype\\\"  or DestinationServiceName contains \\\"Sharepoint\\\" or DestinationServiceName contains \\\"Onedrive\\\"  or DestinationServiceName contains \\\"Outlook\\\" or DestinationServiceName contains \\\"office.com\\\"\\r\\n| where DeviceEventClassID contains \\\"Allow\\\" \\r\\n| summarize sum((ReceivedBytes+SentBytes)/1024.0/1024.0)  by bin(TimeGenerated, {TimeRange:grain}),  DestinationServiceName\",\"size\":0,\"exportToExcelOptions\":\"visible\",\"title\":\"BW consumption, by Microsoft Apps (based on App)\",\"timeContext\":{\"durationMs\":0},\"timeContextFromParameter\":\"TimeRange\",\"queryType\":0,\"resourceType\":\"microsoft.operationalinsights/workspaces\",\"visualization\":\"areachart\"},\"customWidth\":\"50\",\"name\":\"query - 4\"},{\"type\":3,\"content\":{\"version\":\"KqlItem/1.0\",\"query\":\"CommonSecurityLog\\r\\n| where DeviceVendor == \\\"Zscaler\\\"\\r\\n| where DestinationServiceName contains \\\"Microsoft\\\" or DestinationServiceName contains  \\\"Skype\\\"  or DestinationServiceName contains \\\"Sharepoint\\\" or DestinationServiceName contains \\\"Onedrive\\\"  or DestinationServiceName contains \\\"Outlook\\\" or DestinationServiceName contains \\\"office.com\\\"\\r\\n| where DeviceEventClassID !contains \\\"Allow\\\" \\r\\n| where DeviceCustomString2 == \\\"Phishing\\\"\\r\\n| summarize count()  by bin(TimeGenerated, {TimeRange:grain}), DestinationServiceName\",\"size\":0,\"exportToExcelOptions\":\"visible\",\"title\":\"Phishing attempts disguised as Microsoft services\",\"timeContext\":{\"durationMs\":0},\"timeContextFromParameter\":\"TimeRange\",\"queryType\":0,\"resourceType\":\"microsoft.operationalinsights/workspaces\",\"visualization\":\"barchart\",\"tileSettings\":{\"showBorder\":false,\"titleContent\":{\"columnMatch\":\"DestinationServiceName\",\"formatter\":1},\"leftContent\":{\"columnMatch\":\"count_\",\"formatter\":12,\"formatOptions\":{\"palette\":\"auto\"},\"numberFormat\":{\"unit\":17,\"options\":{\"maximumSignificantDigits\":3,\"maximumFractionDigits\":2}}}}},\"customWidth\":\"50\",\"name\":\"query - 5\"}],\"fromTemplateId\":\"sentinel-ZscalerOffice365Apps\",\"$schema\":\"https://github.com/Microsoft/Application-Insights-Workbooks/blob/master/schema/workbook.json\"}\r\n",
                        "version": "1.0",
                        "sourceId": "[resourceId('microsoft.OperationalInsights/Workspaces', parameters('workspace'))]",
                        "category": "sentinel"
                      }
                    },
                    {
                      "type": "Microsoft.OperationalInsights/workspaces/providers/metadata",
                      "apiVersion": "2021-03-01-preview",
                      "name": "[concat(parameters('workspace'),'/Microsoft.SecurityInsights/',concat('Workbook-', 'ZscalerOffice365AppsWorkbook'))]",
                      "properties": {
                        "description": "Gain insights into Office 365 use on your network.\nThe Zscaler Office 365 overview workbook shows you the Microsoft apps running on your network and their individual bandwidth consumption. It also helps identify phishing attempts in which attackers disguised themselves as Microsoft services.",
                        "version": "1.1.0",
                        "previewImages": [
                          "ZscalerOffice365White.png"
                        ],
                        "previewImagesDark": [
                          "ZscalerOffice365Black.png"
                        ],
                        "icon": "zscaler_logo.svg",
                        "author": {
                          "name": "Community"
                        },
                        "support": {
                          "name": "Community",
                          "link": "https://github.com/Azure/Azure-Sentinel/issues",
                          "tier": "Community"
                        },
                        "source": {
                          "kind": "Community",
                          "name": "Standalone"
                        },
                        "contentId": "ZscalerOffice365AppsWorkbook",
                        "parentId": "[resourceId('Microsoft.Insights/workbooks', 'ZscalerOffice365AppsWorkbook')]",
                        "kind": "Workbook",
                        "dependencies": {
                          "operator": "AND",
                          "criteria": [
                            {
                              "contentId": "CommonSecurityLog",
                              "kind": "DataType"
                            }
                          ]
                        }
                      }
                    }
                  ]
                }
              }
            }
          ]
        },
        "author": {
          "name": "Community"
        },
        "dependencies": {
          "operator": "AND",
          "criteria": [
            {
              "contentId": "ZscalerOffice365AppsWorkbook",
              "kind": "Workbook"
            }
          ]
        },
        "description": "Gain insights into Office 365 use on your network.\nThe Zscaler Office 365 overview workbook shows you the Microsoft apps running on your network and their individual bandwidth consumption. It also helps identify phishing attempts in which attackers disguised themselves as Microsoft services.",
        "displayName": "Zscaler Office365 Apps",
        "icon": "zscaler_logo.svg",
        "packageId": "ZscalerOffice365AppsWorkbook",
        "previewImages": [
          "ZscalerOffice365White.png"
        ],
        "previewImagesDark": [
          "ZscalerOffice365Black.png"
        ],
        "source": {
          "kind": "Community",
          "name": "Standalone"
        },
        "support": {
          "name": "Community",
          "link": "https://github.com/Azure/Azure-Sentinel/issues",
          "tier": "Community"
        },
        "version": "1.1.0"
      },
      "name": "[concat(parameters('workspace'),'/Microsoft.SecurityInsights/', 'ZscalerOffice365AppsWorkbook')]"
    }
  ]
}