{
  "$schema": "https://schema.management.azure.com/schemas/2019-04-01/deploymentTemplate.json#",
  "parameters": {
    "location": {
      "type": "string",
      "minLength": 1,
      "defaultValue": "[resourceGroup().location]",
      "metadata": {
        "description": "Not used, but needed to pass arm-ttk test `Location-Should-Not-Be-Hardcoded`.  We instead use the `workspace-location` which is derived from the LA workspace"
      }
    },
    "workspace-location": {
      "type": "string",
      "defaultValue": "",
      "metadata": {
        "description": "[concat('Region to deploy solution resources -- separate from location selection',parameters('location'))]"
      }
    },
    "workspace": {
      "defaultValue": "",
      "type": "string",
      "metadata": {
        "description": "Workspace name for Log Analytics where Microsoft Sentinel is setup"
      }
    }
  },
  "variables": {},
  "resources": [
    {
      "type": "Microsoft.OperationalInsights/workspaces/providers/packages",
      "location": "[parameters('workspace-location')]",
      "apiVersion": "2022-08-01",
      "properties": {
        "packageKind": "Standalone",
        "packageItems": {
          "resources": [
            {
              "type": "Microsoft.OperationalInsights/workspaces/providers/contentTemplates",
              "name": "[concat(parameters('workspace'),'/Microsoft.SecurityInsights/', '23005e87-2d3a-482b-b03d-edbebd1ae151')]",
              "location": "[parameters('workspace-location')]",
              "apiVersion": "2022-08-01",
              "properties": {
                "contentId": "23005e87-2d3a-482b-b03d-edbebd1ae151",
                "displayName": "HAFNIUM Suspicious Exchange Request",
                "contentKind": "AnalyticsRule",
                "mainTemplate": {
                  "$schema": "https://schema.management.azure.com/schemas/2019-04-01/deploymentTemplate.json#",
                  "contentVersion": "1.0.0",
                  "resources": [
                    {
                      "type": "Microsoft.OperationalInsights/workspaces/providers/alertRules",
                      "apiVersion": "2022-04-01-preview",
                      "name": "[concat(parameters('workspace'),'/Microsoft.SecurityInsights/', '' )]",
                      "kind": "Scheduled",
                      "location": "[parameters('workspace-location')]",
                      "properties": {
                        "description": "This query looks for suspicious request patterns to Exchange servers that fit a pattern observed by HAFNIUM actors.\nThe same query can be run on HTTPProxy logs from on-premise hosted Exchange servers.\nReference: https://www.microsoft.com/security/blog/2021/03/02/hafnium-targeting-exchange-servers/",
                        "displayName": "HAFNIUM Suspicious Exchange Request",
                        "enabled": false,
                        "query": "let exchange_servers = (\nW3CIISLog\n| where TimeGenerated > ago(14d)\n| where sSiteName =~ \"Exchange Back End\"\n| summarize by Computer);\nW3CIISLog\n| where TimeGenerated > ago(1d)\n| where Computer in (exchange_servers)\n| where csUriQuery startswith \"t=\"\n| project-reorder TimeGenerated, Computer, csUriStem, csUriQuery, csUserName, csUserAgent, cIP\n| extend timestamp = TimeGenerated, AccountCustomEntity = csUserName, HostCustomEntity = Computer, IPCustomEntity = cIP\n",
                        "queryFrequency": "P1D",
                        "queryPeriod": "P14D",
                        "severity": "Medium",
                        "suppressionDuration": "PT1H",
                        "suppressionEnabled": false,
                        "triggerOperator": "GreaterThan",
                        "triggerThreshold": 0,
                        "tactics": [
                          "InitialAccess"
                        ],
                        "entityMappings": [
                          {
                            "entityType": "Account",
                            "fieldMappings": [
                              {
                                "columnName": "AccountCustomEntity",
                                "identifier": "FullName"
                              }
                            ]
                          },
                          {
                            "entityType": "Host",
                            "fieldMappings": [
                              {
                                "columnName": "HostCustomEntity",
                                "identifier": "FullName"
                              }
                            ]
                          },
                          {
                            "entityType": "IP",
                            "fieldMappings": [
                              {
                                "columnName": "IPCustomEntity",
                                "identifier": "Address"
                              }
                            ]
                          }
                        ]
                      }
                    },
                    {
                      "type": "Microsoft.OperationalInsights/workspaces/providers/metadata",
                      "apiVersion": "2021-03-01-preview",
                      "name": "[concat(parameters('workspace'),'/Microsoft.SecurityInsights/', '')]",
                      "properties": {
                        "description": "'This query looks for suspicious request patterns to Exchange servers that fit a pattern observed by HAFNIUM actors.\nThe same query can be run on HTTPProxy logs from on-premise hosted Exchange servers.\nReference: https://www.microsoft.com/security/blog/2021/03/02/hafnium-targeting-exchange-servers/'\n",
                        "contentId": "23005e87-2d3a-482b-b03d-edbebd1ae151",
                        "version": "1.0.0",
                        "source": {
                          "kind": "Community"
                        },
                        "threatAnalysisTactics": [
                          "InitialAccess"
                        ],
                        "threatAnalyticsTechniques": [
                          "T1190"
                        ],
                        "parentId": "23005e87-2d3a-482b-b03d-edbebd1ae151",
                        "kind": "AnalyticsRule",
                        "dependencies": {
                          "operator": "AND",
                          "criteria": [
                            {
                              "contentId": "W3CIISLog",
                              "kind": "DataType"
                            }
                          ]
                        }
                      }
                    }
                  ]
                }
              }
            }
          ]
        },
        "contentId": "23005e87-2d3a-482b-b03d-edbebd1ae151",
        "dependencies": {
          "operator": "AND",
          "criteria": [
            {
              "contentId": "23005e87-2d3a-482b-b03d-edbebd1ae151",
              "kind": "AnalyticsRule"
            }
          ]
        },
        "description": "'This query looks for suspicious request patterns to Exchange servers that fit a pattern observed by HAFNIUM actors.\nThe same query can be run on HTTPProxy logs from on-premise hosted Exchange servers.\nReference: https://www.microsoft.com/security/blog/2021/03/02/hafnium-targeting-exchange-servers/'\n",
        "displayName": "HAFNIUM Suspicious Exchange Request",
        "source": {
          "kind": "Community"
        },
        "threatAnalysisTactics": [
          "InitialAccess"
        ],
        "threatAnalyticsTechniques": [
          "T1190"
        ],
        "version": "1.0.0"
      },
      "name": "[concat(parameters('workspace'),'/Microsoft.SecurityInsights/', '23005e87-2d3a-482b-b03d-edbebd1ae151')]"
    }
  ]
}