{
  "$schema": "https://schema.management.azure.com/schemas/2019-04-01/deploymentTemplate.json#",
  "parameters": {
    "location": {
      "type": "string",
      "minLength": 1,
      "defaultValue": "[resourceGroup().location]",
      "metadata": {
        "description": "Not used, but needed to pass arm-ttk test `Location-Should-Not-Be-Hardcoded`.  We instead use the `workspace-location` which is derived from the LA workspace"
      }
    },
    "workspace-location": {
      "type": "string",
      "defaultValue": "",
      "metadata": {
        "description": "[concat('Region to deploy solution resources -- separate from location selection',parameters('location'))]"
      }
    },
    "workspace": {
      "defaultValue": "",
      "type": "string",
      "metadata": {
        "description": "Workspace name for Log Analytics where Microsoft Sentinel is setup"
      }
    }
  },
  "variables": {},
  "resources": [
    {
      "type": "Microsoft.OperationalInsights/workspaces/providers/packages",
      "location": "[parameters('workspace-location')]",
      "apiVersion": "2022-08-01",
      "properties": {
        "packageKind": "Standalone",
        "packageItems": {
          "resources": [
            {
              "type": "Microsoft.OperationalInsights/workspaces/providers/contentTemplates",
              "name": "[concat(parameters('workspace'),'/Microsoft.SecurityInsights/', 'cecdbd4c-4902-403c-8d4b-32eb1efe460b')]",
              "location": "[parameters('workspace-location')]",
              "apiVersion": "2022-08-01",
              "properties": {
                "contentId": "cecdbd4c-4902-403c-8d4b-32eb1efe460b",
                "displayName": "Solorigate Network Beacon",
                "contentKind": "AnalyticsRule",
                "mainTemplate": {
                  "$schema": "https://schema.management.azure.com/schemas/2019-04-01/deploymentTemplate.json#",
                  "contentVersion": "1.4.1",
                  "resources": [
                    {
                      "type": "Microsoft.OperationalInsights/workspaces/providers/alertRules",
                      "apiVersion": "2022-04-01-preview",
                      "name": "[concat(parameters('workspace'),'/Microsoft.SecurityInsights/', '' )]",
                      "kind": "Scheduled",
                      "location": "[parameters('workspace-location')]",
                      "properties": {
                        "description": "Identifies a match across various data feeds for domains IOCs related to the Solorigate incident.\n References: https://blogs.microsoft.com/on-the-issues/2020/12/13/customers-protect-nation-state-cyberattacks/, \n https://www.fireeye.com/blog/threat-research/2020/12/evasive-attacker-leverages-solarwinds-supply-chain-compromises-with-sunburst-backdoor.html?1",
                        "displayName": "Solorigate Network Beacon",
                        "enabled": false,
                        "query": "let domains = dynamic([\"incomeupdate.com\",\"zupertech.com\",\"databasegalore.com\",\"panhardware.com\",\"avsvmcloud.com\",\"digitalcollege.org\",\"freescanonline.com\",\"deftsecurity.com\",\"thedoccloud.com\",\"virtualdataserver.com\",\"lcomputers.com\",\"webcodez.com\",\"globalnetworkissues.com\",\"kubecloud.com\",\"seobundlekit.com\",\"solartrackingsystem.net\",\"virtualwebdata.com\"]);\n(union isfuzzy=true\n(CommonSecurityLog \n  | parse Message with * '(' DNSName ')' * \n  | where DNSName in~ (domains) or DestinationHostName has_any (domains) or RequestURL has_any(domains)\n  | extend AccountCustomEntity = SourceUserID, HostCustomEntity = DeviceName, IPCustomEntity = SourceIP\n  ),\n(_Im_Dns (domain_has_any=domains)\n  | extend DNSName = DnsQuery\n  | extend IPCustomEntity = SrcIpAddr\n  ),\n(VMConnection \n  | parse RemoteDnsCanonicalNames with * '[\"' DNSName '\"]' *\n  | where isnotempty(DNSName)\n  | where DNSName in~ (domains)\n  | extend IPCustomEntity = RemoteIp\n  ),\n(DeviceNetworkEvents \n  | where isnotempty(RemoteUrl) \n  | where RemoteUrl  has_any (domains)  \n  | extend DNSName = RemoteUrl\n  | extend IPCustomEntity = RemoteIP \n  | extend HostCustomEntity = DeviceName \n  ),\n(AzureDiagnostics \n  | where ResourceType == \"AZUREFIREWALLS\"\n  | where Category == \"AzureFirewallApplicationRule\"\n  | parse msg_s with Protocol 'request from ' SourceHost ':' SourcePort 'to ' DestinationHost ':' DestinationPort '. Action:' Action\n  | where isnotempty(DestinationHost)\n  | where DestinationHost has_any (domains)  \n  | extend DNSName = DestinationHost \n  | extend IPCustomEntity = SourceHost\n  ) \n  )\n",
                        "queryFrequency": "PT6H",
                        "queryPeriod": "PT6H",
                        "severity": "High",
                        "suppressionDuration": "PT1H",
                        "suppressionEnabled": false,
                        "triggerOperator": "GreaterThan",
                        "triggerThreshold": 0,
                        "tactics": [
                          "CommandAndControl"
                        ],
                        "entityMappings": [
                          {
                            "entityType": "Account",
                            "fieldMappings": [
                              {
                                "columnName": "AccountCustomEntity",
                                "identifier": "FullName"
                              }
                            ]
                          },
                          {
                            "entityType": "Host",
                            "fieldMappings": [
                              {
                                "columnName": "HostCustomEntity",
                                "identifier": "FullName"
                              }
                            ]
                          },
                          {
                            "entityType": "IP",
                            "fieldMappings": [
                              {
                                "columnName": "IPCustomEntity",
                                "identifier": "Address"
                              }
                            ]
                          },
                          {
                            "entityType": "DNS",
                            "fieldMappings": [
                              {
                                "columnName": "DNSName",
                                "identifier": "DomainName"
                              }
                            ]
                          }
                        ]
                      }
                    },
                    {
                      "type": "Microsoft.OperationalInsights/workspaces/providers/metadata",
                      "apiVersion": "2021-03-01-preview",
                      "name": "[concat(parameters('workspace'),'/Microsoft.SecurityInsights/', '')]",
                      "properties": {
                        "description": "'Identifies a match across various data feeds for domains IOCs related to the Solorigate incident.\n References: https://blogs.microsoft.com/on-the-issues/2020/12/13/customers-protect-nation-state-cyberattacks/, \n https://www.fireeye.com/blog/threat-research/2020/12/evasive-attacker-leverages-solarwinds-supply-chain-compromises-with-sunburst-backdoor.html?1'\n",
                        "version": "1.4.1",
                        "source": {
                          "kind": "Community"
                        },
                        "threatAnalysisTactics": [
                          "CommandAndControl"
                        ],
                        "threatAnalyticsTechniques": [
                          "T1102"
                        ],
                        "contentId": "cecdbd4c-4902-403c-8d4b-32eb1efe460b",
                        "parentId": "cecdbd4c-4902-403c-8d4b-32eb1efe460b",
                        "kind": "AnalyticsRule",
                        "dependencies": {
                          "operator": "AND",
                          "criteria": [
                            {
                              "contentId": "DnsEvents",
                              "kind": "DataType"
                            },
                            {
                              "contentId": "VMConnection",
                              "kind": "DataType"
                            },
                            {
                              "contentId": "CommonSecurityLog",
                              "kind": "DataType"
                            },
                            {
                              "contentId": "CommonSecurityLog",
                              "kind": "DataType"
                            },
                            {
                              "contentId": "DeviceNetworkEvents",
                              "kind": "DataType"
                            },
                            {
                              "contentId": "AzureDiagnostics",
                              "kind": "DataType"
                            },
                            {
                              "contentId": "CommonSecurityLog",
                              "kind": "DataType"
                            },
                            {
                              "contentId": "Syslog",
                              "kind": "DataType"
                            },
                            {
                              "contentId": "GCP_DNS_CL",
                              "kind": "DataType"
                            },
                            {
                              "contentId": "NXLog_DNS_Server_CL",
                              "kind": "DataType"
                            },
                            {
                              "contentId": "Cisco_Umbrella_dns_CL",
                              "kind": "DataType"
                            },
                            {
                              "contentId": "Corelight_CL",
                              "kind": "DataType"
                            }
                          ]
                        }
                      }
                    }
                  ]
                }
              }
            }
          ]
        },
        "dependencies": {
          "operator": "AND",
          "criteria": [
            {
              "contentId": "cecdbd4c-4902-403c-8d4b-32eb1efe460b",
              "kind": "AnalyticsRule"
            }
          ]
        },
        "description": "'Identifies a match across various data feeds for domains IOCs related to the Solorigate incident.\n References: https://blogs.microsoft.com/on-the-issues/2020/12/13/customers-protect-nation-state-cyberattacks/, \n https://www.fireeye.com/blog/threat-research/2020/12/evasive-attacker-leverages-solarwinds-supply-chain-compromises-with-sunburst-backdoor.html?1'\n",
        "displayName": "Solorigate Network Beacon",
        "packageId": "cecdbd4c-4902-403c-8d4b-32eb1efe460b",
        "source": {
          "kind": "Community"
        },
        "threatAnalysisTactics": [
          "CommandAndControl"
        ],
        "threatAnalyticsTechniques": [
          "T1102"
        ],
        "version": "1.4.1"
      },
      "name": "[concat(parameters('workspace'),'/Microsoft.SecurityInsights/', 'cecdbd4c-4902-403c-8d4b-32eb1efe460b')]"
    }
  ]
}