{
  "$schema": "https://schema.management.azure.com/schemas/2019-04-01/deploymentTemplate.json#",
  "parameters": {
    "location": {
      "type": "string",
      "minLength": 1,
      "defaultValue": "[resourceGroup().location]",
      "metadata": {
        "description": "Not used, but needed to pass arm-ttk test `Location-Should-Not-Be-Hardcoded`.  We instead use the `workspace-location` which is derived from the LA workspace"
      }
    },
    "workspace-location": {
      "type": "string",
      "defaultValue": "",
      "metadata": {
        "description": "[concat('Region to deploy solution resources -- separate from location selection',parameters('location'))]"
      }
    },
    "workspace": {
      "defaultValue": "",
      "type": "string",
      "metadata": {
        "description": "Workspace name for Log Analytics where Microsoft Sentinel is setup"
      }
    }
  },
  "variables": {},
  "resources": [
    {
      "type": "Microsoft.OperationalInsights/workspaces/providers/packages",
      "location": "[parameters('workspace-location')]",
      "apiVersion": "2022-08-01",
      "properties": {
        "packageKind": "Standalone",
        "packageItems": {
          "resources": [
            {
              "type": "Microsoft.OperationalInsights/workspaces/providers/contentTemplates",
              "name": "[concat(parameters('workspace'),'/Microsoft.SecurityInsights/', 'bf0cde21-0c41-48f6-a40c-6b5bd71fa106')]",
              "location": "[parameters('workspace-location')]",
              "apiVersion": "2022-08-01",
              "properties": {
                "contentId": "bf0cde21-0c41-48f6-a40c-6b5bd71fa106",
                "displayName": "AWS Guard Duty Alert",
                "contentKind": "AnalyticsRule",
                "mainTemplate": {
                  "$schema": "https://schema.management.azure.com/schemas/2019-04-01/deploymentTemplate.json#",
                  "contentVersion": "1.0.2",
                  "resources": [
                    {
                      "type": "Microsoft.OperationalInsights/workspaces/providers/alertRules",
                      "apiVersion": "2022-04-01-preview",
                      "name": "[concat(parameters('workspace'),'/Microsoft.SecurityInsights/', '' )]",
                      "kind": "Scheduled",
                      "location": "[parameters('workspace-location')]",
                      "properties": {
                        "description": "Amazon GuardDuty is a threat detection service that continuously monitors your AWS accounts and workloads for malicious activity and delivers detailed security findings for visibility and remediation. This templates create an alert for each Amazon GuardDuty finding.",
                        "displayName": "AWS Guard Duty Alert",
                        "enabled": false,
                        "query": "AWSGuardDuty | extend tokens = split(ActivityType,\":\") | extend ThreatPurpose = tokens[0], tokens= split(tokens[1],\"/\") | extend ResourceTypeAffected = tokens[0], ThreatFamilyName= tokens[1] | extend UniqueFindingId = Id | extend AWSAcoundId = AccountId | project-away tokens,ActivityType, Id, AccountId | project-away TimeGenerated, TenantId, SchemaVersion, Region, Partition | extend Severity= iff(Severity between (7.0..8.9),\"High\",iff(Severity between (4.0..6.9), \"Medium\", iff(Severity between (1.0..3.9),\"Low\",\"Unknown\")))",
                        "queryFrequency": "PT5H",
                        "queryPeriod": "PT5H",
                        "severity": "Medium",
                        "suppressionDuration": "PT1H",
                        "suppressionEnabled": false,
                        "triggerOperator": "GreaterThan",
                        "triggerThreshold": 0,
                        "entityMappings": [
                          {
                            "entityType": "Account",
                            "fieldMappings": [
                              {
                                "columnName": "Arn",
                                "identifier": "Name"
                              },
                              {
                                "columnName": "AWSAcoundId",
                                "identifier": "ObjectGuid"
                              }
                            ]
                          }
                        ],
                        "customDetails": {
                          "ResourceTypeAffected": "ResourceTypeAffected",
                          "UniqueFindingId": "UniqueFindingId",
                          "ThreatPurpose": "ThreatPurpose"
                        },
                        "alertDetailsOverride": {
                          "alertTacticsColumnName": "ThreatPurpose",
                          "alertDisplayNameFormat": "{{Title}}",
                          "alertDescriptionFormat": "{{Description}}",
                          "alertSeverityColumnName": "Severity"
                        }
                      }
                    },
                    {
                      "type": "Microsoft.OperationalInsights/workspaces/providers/metadata",
                      "apiVersion": "2021-03-01-preview",
                      "name": "[concat(parameters('workspace'),'/Microsoft.SecurityInsights/', '')]",
                      "properties": {
                        "description": "Amazon GuardDuty is a threat detection service that continuously monitors your AWS accounts and workloads for malicious activity and delivers detailed security findings for visibility and remediation. This templates create an alert for each Amazon GuardDuty finding.",
                        "version": "1.0.2",
                        "source": {
                          "kind": "Community"
                        },
                        "threatAnalysisTactics": [],
                        "threatAnalyticsTechniques": [],
                        "contentId": "bf0cde21-0c41-48f6-a40c-6b5bd71fa106",
                        "parentId": "bf0cde21-0c41-48f6-a40c-6b5bd71fa106",
                        "kind": "AnalyticsRule",
                        "dependencies": {
                          "operator": "AND",
                          "criteria": [
                            {
                              "contentId": "AWSGuardDuty",
                              "kind": "DataType"
                            }
                          ]
                        }
                      }
                    }
                  ]
                }
              }
            }
          ]
        },
        "dependencies": {
          "operator": "AND",
          "criteria": [
            {
              "contentId": "bf0cde21-0c41-48f6-a40c-6b5bd71fa106",
              "kind": "AnalyticsRule"
            }
          ]
        },
        "description": "Amazon GuardDuty is a threat detection service that continuously monitors your AWS accounts and workloads for malicious activity and delivers detailed security findings for visibility and remediation. This templates create an alert for each Amazon GuardDuty finding.",
        "displayName": "AWS Guard Duty Alert",
        "packageId": "bf0cde21-0c41-48f6-a40c-6b5bd71fa106",
        "source": {
          "kind": "Community"
        },
        "threatAnalysisTactics": [],
        "threatAnalyticsTechniques": [],
        "version": "1.0.2"
      },
      "name": "[concat(parameters('workspace'),'/Microsoft.SecurityInsights/', 'bf0cde21-0c41-48f6-a40c-6b5bd71fa106')]"
    }
  ]
}