{
  "$schema": "https://schema.management.azure.com/schemas/2019-04-01/deploymentTemplate.json#",
  "parameters": {
    "location": {
      "type": "string",
      "minLength": 1,
      "defaultValue": "[resourceGroup().location]",
      "metadata": {
        "description": "Not used, but needed to pass arm-ttk test `Location-Should-Not-Be-Hardcoded`.  We instead use the `workspace-location` which is derived from the LA workspace"
      }
    },
    "workspace-location": {
      "type": "string",
      "defaultValue": "",
      "metadata": {
        "description": "[concat('Region to deploy solution resources -- separate from location selection',parameters('location'))]"
      }
    },
    "workspace": {
      "defaultValue": "",
      "type": "string",
      "metadata": {
        "description": "Workspace name for Log Analytics where Microsoft Sentinel is setup"
      }
    }
  },
  "variables": {},
  "resources": [
    {
      "type": "Microsoft.OperationalInsights/workspaces/providers/packages",
      "location": "[parameters('workspace-location')]",
      "apiVersion": "2022-08-01",
      "properties": {
        "packageKind": "Standalone",
        "packageItems": {
          "resources": [
            {
              "type": "Microsoft.OperationalInsights/workspaces/providers/contentTemplates",
              "name": "[concat(parameters('workspace'),'/Microsoft.SecurityInsights/', 'f6502545-ae3a-4232-a8b0-79d87e5c98d7')]",
              "location": "[parameters('workspace-location')]",
              "apiVersion": "2022-08-01",
              "properties": {
                "contentId": "f6502545-ae3a-4232-a8b0-79d87e5c98d7",
                "displayName": "WDigest downgrade attack",
                "contentKind": "AnalyticsRule",
                "mainTemplate": {
                  "$schema": "https://schema.management.azure.com/schemas/2019-04-01/deploymentTemplate.json#",
                  "contentVersion": "1.0.0",
                  "resources": [
                    {
                      "type": "Microsoft.OperationalInsights/workspaces/providers/alertRules",
                      "apiVersion": "2022-04-01-preview",
                      "name": "[concat(parameters('workspace'),'/Microsoft.SecurityInsights/', '' )]",
                      "kind": "Scheduled",
                      "location": "[parameters('workspace-location')]",
                      "properties": {
                        "description": "When the WDigest Authentication protocol is enabled, plain text passwords are stored in the Local Security Authority Subsystem Service (LSASS) exposing them to theft. This setting will prevent WDigest from storing credentials in memory.\nRef: https://www.stigviewer.com/stig/windows_7/2016-12-19/finding/V-72753",
                        "displayName": "WDigest downgrade attack",
                        "enabled": false,
                        "query": "Event\n| where EventLog == \"Microsoft-Windows-Sysmon/Operational\" and EventID in (13)\n| parse EventData with * 'TargetObject\">' TargetObject \"<\" * 'Details\">' Details \"<\" * \n| where TargetObject==\"HKLM\\\\System\\\\CurrentControlSet\\\\Control\\\\SecurityProviders\\\\WDigest\\\\UseLogonCredential\" and Details !=\"DWORD (0x00000000)\"\n| summarize StartTimeUtc = min(TimeGenerated), EndTimeUtc = max(TimeGenerated) by EventID, Computer,  TargetObject, Details\n",
                        "queryFrequency": "PT1H",
                        "queryPeriod": "PT1H",
                        "severity": "Medium",
                        "suppressionDuration": "PT1H",
                        "suppressionEnabled": false,
                        "triggerOperator": "GreaterThan",
                        "triggerThreshold": 0,
                        "tactics": [
                          "CredentialAccess"
                        ],
                        "entityMappings": [
                          {
                            "entityType": "RegistryKey",
                            "fieldMappings": [
                              {
                                "columnName": "TargetObject",
                                "identifier": "Key"
                              }
                            ]
                          },
                          {
                            "entityType": "Host",
                            "fieldMappings": [
                              {
                                "columnName": "Computer",
                                "identifier": "FullName"
                              }
                            ]
                          }
                        ]
                      }
                    },
                    {
                      "type": "Microsoft.OperationalInsights/workspaces/providers/metadata",
                      "apiVersion": "2021-03-01-preview",
                      "name": "[concat(parameters('workspace'),'/Microsoft.SecurityInsights/', '')]",
                      "properties": {
                        "description": "'When the WDigest Authentication protocol is enabled, plain text passwords are stored in the Local Security Authority Subsystem Service (LSASS) exposing them to theft. This setting will prevent WDigest from storing credentials in memory.\nRef: https://www.stigviewer.com/stig/windows_7/2016-12-19/finding/V-72753'\n",
                        "contentId": "f6502545-ae3a-4232-a8b0-79d87e5c98d7",
                        "version": "1.0.0",
                        "source": {
                          "kind": "Community"
                        },
                        "threatAnalysisTactics": [
                          "CredentialAccess"
                        ],
                        "threatAnalyticsTechniques": [
                          "T1003"
                        ],
                        "parentId": "f6502545-ae3a-4232-a8b0-79d87e5c98d7",
                        "kind": "AnalyticsRule",
                        "dependencies": {
                          "operator": "AND",
                          "criteria": [
                            {
                              "contentId": "SecurityEvent",
                              "kind": "DataType"
                            }
                          ]
                        }
                      }
                    }
                  ]
                }
              }
            }
          ]
        },
        "contentId": "f6502545-ae3a-4232-a8b0-79d87e5c98d7",
        "dependencies": {
          "operator": "AND",
          "criteria": [
            {
              "contentId": "f6502545-ae3a-4232-a8b0-79d87e5c98d7",
              "kind": "AnalyticsRule"
            }
          ]
        },
        "description": "'When the WDigest Authentication protocol is enabled, plain text passwords are stored in the Local Security Authority Subsystem Service (LSASS) exposing them to theft. This setting will prevent WDigest from storing credentials in memory.\nRef: https://www.stigviewer.com/stig/windows_7/2016-12-19/finding/V-72753'\n",
        "displayName": "WDigest downgrade attack",
        "source": {
          "kind": "Community"
        },
        "threatAnalysisTactics": [
          "CredentialAccess"
        ],
        "threatAnalyticsTechniques": [
          "T1003"
        ],
        "version": "1.0.0"
      },
      "name": "[concat(parameters('workspace'),'/Microsoft.SecurityInsights/', 'f6502545-ae3a-4232-a8b0-79d87e5c98d7')]"
    }
  ]
}