{
  "$schema": "https://schema.management.azure.com/schemas/2019-04-01/deploymentTemplate.json#",
  "contentVersion": "1.0.0.0",
  "parameters": {
    "location": {
      "type": "string",
      "minLength": 1,
      "defaultValue": "[resourceGroup().location]",
      "metadata": {
        "description": "Not used, but needed to pass arm-ttk test `Location-Should-Not-Be-Hardcoded`.  We instead use the `workspace-location` which is derived from the LA workspace"
      }
    },
    "workspace-location": {
      "type": "string",
      "defaultValue": "",
      "metadata": {
        "description": "[concat('Region to deploy solution resources -- separate from location selection',parameters('location'))]"
      }
    },
    "workspace": {
      "defaultValue": "",
      "type": "string",
      "metadata": {
        "description": "Workspace name for Log Analytics where Microsoft Sentinel is setup"
      }
    }
  },
  "variables": {},
  "resources": [
    {
      "type": "Microsoft.OperationalInsights/workspaces/providers/packages",
      "location": "[parameters('workspace-location')]",
      "apiVersion": "2022-08-01",
      "properties": {
        "packageKind": "Standalone",
        "packageItems": {
          "resources": [
            {
              "type": "Microsoft.OperationalInsights/workspaces/providers/contentTemplates",
              "name": "[concat(parameters('workspace'),'/Microsoft.SecurityInsights/', '2acc91c3-17c2-4388-938e-4eac2d5894e8')]",
              "location": "[parameters('workspace-location')]",
              "apiVersion": "2022-08-01",
              "properties": {
                "contentId": "2acc91c3-17c2-4388-938e-4eac2d5894e8",
                "displayName": "SUPERNOVA webshell",
                "contentKind": "AnalyticsRule",
                "mainTemplate": {
                  "$schema": "https://schema.management.azure.com/schemas/2019-04-01/deploymentTemplate.json#",
                  "contentVersion": "1.0.3",
                  "resources": [
                    {
                      "type": "Microsoft.OperationalInsights/workspaces/providers/alertRules",
                      "apiVersion": "2022-04-01-preview",
                      "name": "2acc91c3-17c2-4388-938e-4eac2d5894e8",
                      "kind": "Scheduled",
                      "location": "[parameters('workspace-location')]",
                      "properties": {
                        "description": "Identifies SUPERNOVA webshell based on W3CIISLog data.\n References:\n - https://unit42.paloaltonetworks.com/solarstorm-supernova/",
                        "displayName": "SUPERNOVA webshell",
                        "enabled": false,
                        "query": "W3CIISLog\n| where csMethod == 'GET'\n| where isnotempty(csUriStem) and isnotempty(csUriQuery)\n| where csUriStem contains \"logoimagehandler.ashx\"\n| where csUriQuery contains \"codes\" and csUriQuery contains \"clazz\" and csUriQuery contains \"method\" and csUriQuery contains \"args\"\n| extend timestamp = TimeGenerated, IPCustomEntity = cIP, HostCustomEntity = Computer, AccountCustomEntity = csUserName\n",
                        "queryFrequency": "P1D",
                        "queryPeriod": "P1D",
                        "severity": "High",
                        "status": "Available",
                        "suppressionDuration": "PT1H",
                        "suppressionEnabled": false,
                        "triggerOperator": "GreaterThan",
                        "triggerThreshold": 0,
                        "tactics": [
                          "Persistence",
                          "CommandAndControl"
                        ],
                        "techniques": [
                          "T1505",
                          "T1071"
                        ],
                        "entityMappings": [
                          {
                            "entityType": "Account",
                            "fieldMappings": [
                              {
                                "columnName": "AccountCustomEntity",
                                "identifier": "FullName"
                              }
                            ]
                          },
                          {
                            "entityType": "Host",
                            "fieldMappings": [
                              {
                                "columnName": "HostCustomEntity",
                                "identifier": "FullName"
                              }
                            ]
                          },
                          {
                            "entityType": "IP",
                            "fieldMappings": [
                              {
                                "columnName": "IPCustomEntity",
                                "identifier": "Address"
                              }
                            ]
                          }
                        ],
                        "requiredDataConnectors": [
                          {
                            "connectorId": "AzureMonitor(IIS)",
                            "dataTypes": [
                              "W3CIISLog"
                            ]
                          }
                        ]
                      }
                    },
                    {
                      "type": "Microsoft.OperationalInsights/workspaces/providers/metadata",
                      "apiVersion": "2021-03-01-preview",
                      "properties": {
                        "description": "Identifies SUPERNOVA webshell based on W3CIISLog data.\n References:\n - https://unit42.paloaltonetworks.com/solarstorm-supernova/",
                        "version": "1.0.3",
                        "author": {
                          "name": "Ajeet Prakash"
                        },
                        "support": {
                          "tier": "Community",
                          "name": "Community",
                          "link": "https://github.com/Azure/Azure-Sentinel/issues"
                        },
                        "source": {
                          "kind": "Community",
                          "name": "Standalone"
                        },
                        "threatAnalysisTactics": [
                          "Persistence",
                          "CommandAndControl"
                        ],
                        "threatAnalyticsTechniques": [
                          "T1505",
                          "T1071"
                        ],
                        "contentId": "2acc91c3-17c2-4388-938e-4eac2d5894e8",
                        "parentId": "2acc91c3-17c2-4388-938e-4eac2d5894e8",
                        "kind": "AnalyticsRule",
                        "dependencies": {
                          "operator": "AND",
                          "criteria": [
                            {
                              "contentId": "W3CIISLog",
                              "kind": "DataType"
                            }
                          ]
                        }
                      }
                    }
                  ]
                }
              }
            }
          ]
        },
        "author": {
          "name": "Ajeet Prakash"
        },
        "categories": {
          "domains": [
            "Security - Others"
          ]
        },
        "dependencies": {
          "operator": "AND",
          "criteria": [
            {
              "contentId": "2acc91c3-17c2-4388-938e-4eac2d5894e8",
              "kind": "AnalyticsRule"
            }
          ]
        },
        "description": "Identifies SUPERNOVA webshell based on W3CIISLog data.\n References:\n - https://unit42.paloaltonetworks.com/solarstorm-supernova/",
        "displayName": "SUPERNOVA webshell",
        "packageId": "2acc91c3-17c2-4388-938e-4eac2d5894e8",
        "source": {
          "kind": "Community",
          "name": "Standalone"
        },
        "support": {
          "tier": "Community",
          "name": "Community",
          "link": "https://github.com/Azure/Azure-Sentinel/issues"
        },
        "threatAnalysisTactics": [
          "Persistence",
          "CommandAndControl"
        ],
        "threatAnalyticsTechniques": [
          "T1505",
          "T1071"
        ],
        "version": "1.0.3"
      },
      "name": "[concat(parameters('workspace'),'/Microsoft.SecurityInsights/', '2acc91c3-17c2-4388-938e-4eac2d5894e8')]"
    }
  ]
}