{
  "$schema": "https://schema.management.azure.com/schemas/2019-04-01/deploymentTemplate.json#",
  "contentVersion": "1.0.0.0",
  "parameters": {
    "location": {
      "type": "string",
      "minLength": 1,
      "defaultValue": "[resourceGroup().location]",
      "metadata": {
        "description": "Not used, but needed to pass arm-ttk test `Location-Should-Not-Be-Hardcoded`.  We instead use the `workspace-location` which is derived from the LA workspace"
      }
    },
    "workspace-location": {
      "type": "string",
      "defaultValue": "",
      "metadata": {
        "description": "[concat('Region to deploy solution resources -- separate from location selection',parameters('location'))]"
      }
    },
    "workspace": {
      "defaultValue": "",
      "type": "string",
      "metadata": {
        "description": "Workspace name for Log Analytics where Microsoft Sentinel is setup"
      }
    }
  },
  "variables": {},
  "resources": [
    {
      "type": "Microsoft.OperationalInsights/workspaces/providers/packages",
      "location": "[parameters('workspace-location')]",
      "apiVersion": "2022-08-01",
      "properties": {
        "packageKind": "Standalone",
        "packageItems": {
          "resources": [
            {
              "type": "Microsoft.OperationalInsights/workspaces/providers/contentTemplates",
              "name": "[concat(parameters('workspace'),'/Microsoft.SecurityInsights/', '8dcf7238-a7d0-4cfd-8d0c-b230e3cd9182')]",
              "location": "[parameters('workspace-location')]",
              "apiVersion": "2022-08-01",
              "properties": {
                "contentId": "8dcf7238-a7d0-4cfd-8d0c-b230e3cd9182",
                "displayName": "Trust Monitor Event",
                "contentKind": "AnalyticsRule",
                "mainTemplate": {
                  "$schema": "https://schema.management.azure.com/schemas/2019-04-01/deploymentTemplate.json#",
                  "contentVersion": "1.0.2",
                  "resources": [
                    {
                      "type": "Microsoft.OperationalInsights/workspaces/providers/alertRules",
                      "apiVersion": "2022-04-01-preview",
                      "name": "8dcf7238-a7d0-4cfd-8d0c-b230e3cd9182",
                      "kind": "Scheduled",
                      "location": "[parameters('workspace-location')]",
                      "properties": {
                        "description": "This query identifies when a new trust monitor event is detected.",
                        "displayName": "Trust Monitor Event",
                        "enabled": false,
                        "query": "let timeframe = ago(5m);\nDuoSecurityTrustMonitor_CL\n| where TimeGenerated >= timeframe\n| extend AccountCustomEntity = surfaced_auth_user_name_s, IPCustomEntity = surfaced_auth_access_device_ip_s\n",
                        "queryFrequency": "PT5M",
                        "queryPeriod": "PT5M",
                        "severity": "Medium",
                        "status": "Available",
                        "suppressionDuration": "PT1H",
                        "suppressionEnabled": false,
                        "triggerOperator": "GreaterThan",
                        "triggerThreshold": 0,
                        "tactics": [
                          "CredentialAccess"
                        ],
                        "entityMappings": [
                          {
                            "entityType": "Account",
                            "fieldMappings": [
                              {
                                "columnName": "AccountCustomEntity",
                                "identifier": "FullName"
                              }
                            ]
                          },
                          {
                            "entityType": "IP",
                            "fieldMappings": [
                              {
                                "columnName": "IPCustomEntity",
                                "identifier": "Address"
                              }
                            ]
                          }
                        ]
                      }
                    },
                    {
                      "type": "Microsoft.OperationalInsights/workspaces/providers/metadata",
                      "apiVersion": "2021-03-01-preview",
                      "properties": {
                        "description": "This query identifies when a new trust monitor event is detected.",
                        "version": "1.0.2",
                        "author": {
                          "name": "SecurityJedi"
                        },
                        "support": {
                          "tier": "Community",
                          "name": "Community",
                          "link": "https://github.com/Azure/Azure-Sentinel/issues"
                        },
                        "source": {
                          "kind": "Community",
                          "name": "Standalone"
                        },
                        "threatAnalysisTactics": [
                          "CredentialAccess"
                        ],
                        "contentId": "8dcf7238-a7d0-4cfd-8d0c-b230e3cd9182",
                        "parentId": "8dcf7238-a7d0-4cfd-8d0c-b230e3cd9182",
                        "kind": "AnalyticsRule"
                      }
                    }
                  ]
                }
              }
            }
          ]
        },
        "author": {
          "name": "SecurityJedi"
        },
        "categories": {
          "domains": [
            "Security - Others"
          ]
        },
        "dependencies": {
          "operator": "AND",
          "criteria": [
            {
              "contentId": "8dcf7238-a7d0-4cfd-8d0c-b230e3cd9182",
              "kind": "AnalyticsRule"
            }
          ]
        },
        "description": "This query identifies when a new trust monitor event is detected.",
        "displayName": "Trust Monitor Event",
        "packageId": "8dcf7238-a7d0-4cfd-8d0c-b230e3cd9182",
        "source": {
          "kind": "Community",
          "name": "Standalone"
        },
        "support": {
          "tier": "Community",
          "name": "Community",
          "link": "https://github.com/Azure/Azure-Sentinel/issues"
        },
        "threatAnalysisTactics": [
          "CredentialAccess"
        ],
        "version": "1.0.2"
      },
      "name": "[concat(parameters('workspace'),'/Microsoft.SecurityInsights/', '8dcf7238-a7d0-4cfd-8d0c-b230e3cd9182')]"
    }
  ]
}