{
  "$schema": "https://schema.management.azure.com/schemas/2019-04-01/deploymentTemplate.json#",
  "contentVersion": "1.0.0.0",
  "parameters": {
    "location": {
      "type": "string",
      "minLength": 1,
      "defaultValue": "[resourceGroup().location]",
      "metadata": {
        "description": "Not used, but needed to pass arm-ttk test `Location-Should-Not-Be-Hardcoded`.  We instead use the `workspace-location` which is derived from the LA workspace"
      }
    },
    "workspace-location": {
      "type": "string",
      "defaultValue": "",
      "metadata": {
        "description": "[concat('Region to deploy solution resources -- separate from location selection',parameters('location'))]"
      }
    },
    "workspace": {
      "defaultValue": "",
      "type": "string",
      "metadata": {
        "description": "Workspace name for Log Analytics where Microsoft Sentinel is setup"
      }
    }
  },
  "variables": {},
  "resources": [
    {
      "type": "Microsoft.OperationalInsights/workspaces/providers/packages",
      "location": "[parameters('workspace-location')]",
      "apiVersion": "2022-08-01",
      "properties": {
        "packageKind": "Standalone",
        "packageItems": {
          "resources": [
            {
              "type": "Microsoft.OperationalInsights/workspaces/providers/contentTemplates",
              "name": "[concat(parameters('workspace'),'/Microsoft.SecurityInsights/', 'f2dd4a3a-ebac-4994-9499-1a859938c947')]",
              "location": "[parameters('workspace-location')]",
              "apiVersion": "2022-08-01",
              "properties": {
                "contentId": "f2dd4a3a-ebac-4994-9499-1a859938c947",
                "displayName": "Time series anomaly for data size transferred to public internet",
                "contentKind": "AnalyticsRule",
                "mainTemplate": {
                  "$schema": "https://schema.management.azure.com/schemas/2019-04-01/deploymentTemplate.json#",
                  "contentVersion": "1.0.3",
                  "resources": [
                    {
                      "type": "Microsoft.OperationalInsights/workspaces/providers/alertRules",
                      "apiVersion": "2022-04-01-preview",
                      "name": "f2dd4a3a-ebac-4994-9499-1a859938c947",
                      "kind": "Scheduled",
                      "location": "[parameters('workspace-location')]",
                      "properties": {
                        "description": "Identifies anomalous data transfer to public networks. The query leverages built-in KQL anomaly detection algorithms that detects large deviations from a baseline pattern.\nA sudden increase in data transferred to unknown public networks is an indication of data exfiltration attempts and should be investigated.\nThe higher the score, the further it is from the baseline value.\nThe output is aggregated to provide summary view of unique source IP to destination IP address and port bytes sent traffic observed in the flagged anomaly hour.\nThe source IP addresses which were sending less than bytessentperhourthreshold have been exluded whose value can be adjusted as needed .\nYou may have to run queries for individual source IP addresses from SourceIPlist to determine if anything looks suspicious",
                        "displayName": "Time series anomaly for data size transferred to public internet",
                        "enabled": false,
                        "query": "\nlet starttime = 14d;\nlet endtime = 1d;\nlet timeframe = 1h;\nlet scorethreshold = 5;\nlet bytessentperhourthreshold = 10;\nlet TimeSeriesData = (union isfuzzy=true\n(\nVMConnection\n| where TimeGenerated between (startofday(ago(starttime))..startofday(ago(endtime)))\n| where isnotempty(DestinationIp) and isnotempty(SourceIp)\n| extend SourceIP = SourceIp, DestinationIP = DestinationIp\n| where ipv4_is_private(DestinationIP) == false\n| extend DeviceVendor = \"VMConnection\"\n| project TimeGenerated, BytesSent, DeviceVendor\n| make-series TotalBytesSent=sum(BytesSent) on TimeGenerated from startofday(ago(starttime)) to startofday(ago(endtime)) step timeframe by DeviceVendor\n),\n(\nCommonSecurityLog\n| where TimeGenerated between (startofday(ago(starttime))..startofday(ago(endtime)))\n| where isnotempty(DestinationIP) and isnotempty(SourceIP)\n| where ipv4_is_private(DestinationIP) == false\n| project TimeGenerated, SentBytes, DeviceVendor\n| make-series TotalBytesSent=sum(SentBytes) on TimeGenerated from startofday(ago(starttime)) to startofday(ago(endtime)) step timeframe by DeviceVendor\n)\n);\n//Filter anomolies against TimeSeriesData\nlet TimeSeriesAlerts = materialize(TimeSeriesData\n| extend (anomalies, score, baseline) = series_decompose_anomalies(TotalBytesSent, scorethreshold, -1, 'linefit')\n| mv-expand TotalBytesSent to typeof(double), TimeGenerated to typeof(datetime), anomalies to typeof(double),score to typeof(double), baseline to typeof(long)\n| where anomalies > 0 | extend AnomalyHour = TimeGenerated\n| extend TotalBytesSentinMBperHour = round(((TotalBytesSent / 1024)/1024),2), baselinebytessentperHour = round(((baseline / 1024)/1024),2), score = round(score,2)\n| project DeviceVendor, AnomalyHour, TimeGenerated, TotalBytesSentinMBperHour, baselinebytessentperHour, anomalies, score);\nlet AnomalyHours = materialize(TimeSeriesAlerts  | where TimeGenerated > ago(2d) | project TimeGenerated);\n//Union of all BaseLogs aggregated per hour\nlet BaseLogs = (union isfuzzy=true\n(\nCommonSecurityLog\n| where isnotempty(DestinationIP) and isnotempty(SourceIP)\n| where TimeGenerated > ago(2d)\n| extend DateHour = bin(TimeGenerated, 1h) // create a new column and round to hour\n| where DateHour in ((AnomalyHours)) //filter the dataset to only selected anomaly hours\n| where ipv4_is_private(DestinationIP) == false\n| extend SentBytesinMB = ((SentBytes / 1024)/1024), ReceivedBytesinMB = ((ReceivedBytes / 1024)/1024)\n| summarize HourlyCount = count(), TimeGeneratedMax=arg_max(TimeGenerated, *), DestinationIPList=make_set(DestinationIP, 100), DestinationPortList = make_set(DestinationPort,100), TotalSentBytesinMB = sum(SentBytesinMB), TotalReceivedBytesinMB = sum(ReceivedBytesinMB) by SourceIP, DeviceVendor, TimeGeneratedHour=bin(TimeGenerated,1h)\n| where TotalSentBytesinMB > bytessentperhourthreshold\n| sort by TimeGeneratedHour asc, TotalSentBytesinMB desc\n| extend Rank=row_number(1, prev(TimeGeneratedHour) != TimeGeneratedHour) // Ranking the dataset per Hourly Partition\n| where Rank < 10  // Selecting Top 10 records with Highest BytesSent in each Hour\n| project DeviceVendor, TimeGeneratedHour, TimeGeneratedMax, SourceIP, DestinationIPList, DestinationPortList, TotalSentBytesinMB, TotalReceivedBytesinMB, Rank\n),\n(\nVMConnection\n| where isnotempty(DestinationIp) and isnotempty(SourceIp)\n| where TimeGenerated > ago(2d)\n| extend DateHour = bin(TimeGenerated, 1h) // create a new column and round to hour\n| where DateHour in ((AnomalyHours)) //filter the dataset to only selected anomaly hours\n| extend SourceIP = SourceIp, DestinationIP = DestinationIp\n| where ipv4_is_private(DestinationIP) == false | extend DeviceVendor = \"VMConnection\"\n| extend SentBytesinMB = ((BytesSent / 1024)/1024), ReceivedBytesinMB = ((BytesReceived / 1024)/1024)\n| summarize HourlyCount = count(),TimeGeneratedMax=arg_max(TimeGenerated, *), DestinationIPList=make_set(DestinationIP, 100), DestinationPortList = make_set(DestinationPort, 100), TotalSentBytesinMB = sum(SentBytesinMB),TotalReceivedBytesinMB = sum(ReceivedBytesinMB) by SourceIP, DeviceVendor, TimeGeneratedHour=bin(TimeGenerated,1h)\n| where TotalSentBytesinMB > bytessentperhourthreshold\n| sort by TimeGeneratedHour asc, TotalSentBytesinMB desc\n| extend Rank=row_number(1, prev(TimeGeneratedHour) != TimeGeneratedHour) // Ranking the dataset per Hourly Partition\n| where Rank < 10  // Selecting Top 10 records with Highest BytesSent in each Hour\n| project DeviceVendor, TimeGeneratedHour, TimeGeneratedMax, SourceIP, DestinationIPList, DestinationPortList, TotalSentBytesinMB, TotalReceivedBytesinMB, Rank\n)\n);\n// Join against base logs to retrive records associated with the hour of anomoly\nTimeSeriesAlerts\n| where TimeGenerated > ago(2d)\n| join (\n    BaseLogs | extend AnomalyHour = TimeGeneratedHour\n) on DeviceVendor, AnomalyHour | sort by score desc\n| project DeviceVendor, AnomalyHour,TimeGeneratedMax, SourceIP, DestinationIPList, DestinationPortList, TotalSentBytesinMB, TotalReceivedBytesinMB, TotalBytesSentinMBperHour, baselinebytessentperHour, score, anomalies\n| summarize EventCount = count(), StartTimeUtc= min(TimeGeneratedMax), EndTimeUtc= max(TimeGeneratedMax), SourceIPMax= arg_max(SourceIP,*), TotalBytesSentinMB = sum(TotalSentBytesinMB), TotalBytesReceivedinMB = sum(TotalReceivedBytesinMB), SourceIPList = make_set(SourceIP, 100), DestinationIPList = make_set(DestinationIPList, 100) by AnomalyHour,TotalBytesSentinMBperHour, baselinebytessentperHour, score, anomalies\n| project DeviceVendor, AnomalyHour, StartTimeUtc, EndTimeUtc, SourceIPMax, SourceIPList, DestinationIPList, DestinationPortList, TotalBytesSentinMB, TotalBytesReceivedinMB, TotalBytesSentinMBperHour, baselinebytessentperHour, score, anomalies, EventCount\n| extend timestamp =EndTimeUtc, IPCustomEntity = SourceIPMax\n",
                        "queryFrequency": "P1D",
                        "queryPeriod": "P14D",
                        "severity": "Medium",
                        "status": "Available",
                        "suppressionDuration": "PT1H",
                        "suppressionEnabled": false,
                        "triggerOperator": "GreaterThan",
                        "triggerThreshold": 1,
                        "tactics": [
                          "Exfiltration"
                        ],
                        "techniques": [
                          "T1030"
                        ],
                        "entityMappings": [
                          {
                            "entityType": "IP",
                            "fieldMappings": [
                              {
                                "columnName": "IPCustomEntity",
                                "identifier": "Address"
                              }
                            ]
                          }
                        ],
                        "requiredDataConnectors": [
                          {
                            "connectorId": "AzureMonitor(VMInsights)",
                            "dataTypes": [
                              "VMConnection"
                            ]
                          },
                          {
                            "connectorId": "CiscoASA",
                            "dataTypes": [
                              "CommonSecurityLog"
                            ]
                          },
                          {
                            "connectorId": "PaloAltoNetworks",
                            "dataTypes": [
                              "CommonSecurityLog"
                            ]
                          }
                        ]
                      }
                    },
                    {
                      "type": "Microsoft.OperationalInsights/workspaces/providers/metadata",
                      "apiVersion": "2021-03-01-preview",
                      "properties": {
                        "description": "Identifies anomalous data transfer to public networks. The query leverages built-in KQL anomaly detection algorithms that detects large deviations from a baseline pattern.\nA sudden increase in data transferred to unknown public networks is an indication of data exfiltration attempts and should be investigated.\nThe higher the score, the further it is from the baseline value.\nThe output is aggregated to provide summary view of unique source IP to destination IP address and port bytes sent traffic observed in the flagged anomaly hour.\nThe source IP addresses which were sending less than bytessentperhourthreshold have been exluded whose value can be adjusted as needed .\nYou may have to run queries for individual source IP addresses from SourceIPlist to determine if anything looks suspicious",
                        "version": "1.0.3",
                        "author": {
                          "name": "Ashwin Patil"
                        },
                        "support": {
                          "tier": "Community",
                          "name": "Community",
                          "link": "https://github.com/Azure/Azure-Sentinel/issues"
                        },
                        "source": {
                          "kind": "Community",
                          "name": "Standalone"
                        },
                        "threatAnalysisTactics": [
                          "Exfiltration"
                        ],
                        "threatAnalyticsTechniques": [
                          "T1030"
                        ],
                        "contentId": "f2dd4a3a-ebac-4994-9499-1a859938c947",
                        "parentId": "f2dd4a3a-ebac-4994-9499-1a859938c947",
                        "kind": "AnalyticsRule",
                        "dependencies": {
                          "operator": "AND",
                          "criteria": [
                            {
                              "contentId": "CommonSecurityLog",
                              "kind": "DataType"
                            },
                            {
                              "contentId": "CommonSecurityLog",
                              "kind": "DataType"
                            },
                            {
                              "contentId": "VMConnection",
                              "kind": "DataType"
                            }
                          ]
                        }
                      }
                    }
                  ]
                }
              }
            }
          ]
        },
        "author": {
          "name": "Ashwin Patil"
        },
        "categories": {
          "domains": [
            "Security - Threat Protection"
          ]
        },
        "dependencies": {
          "operator": "AND",
          "criteria": [
            {
              "contentId": "f2dd4a3a-ebac-4994-9499-1a859938c947",
              "kind": "AnalyticsRule"
            }
          ]
        },
        "description": "Identifies anomalous data transfer to public networks. The query leverages built-in KQL anomaly detection algorithms that detects large deviations from a baseline pattern.\nA sudden increase in data transferred to unknown public networks is an indication of data exfiltration attempts and should be investigated.\nThe higher the score, the further it is from the baseline value.\nThe output is aggregated to provide summary view of unique source IP to destination IP address and port bytes sent traffic observed in the flagged anomaly hour.\nThe source IP addresses which were sending less than bytessentperhourthreshold have been exluded whose value can be adjusted as needed .\nYou may have to run queries for individual source IP addresses from SourceIPlist to determine if anything looks suspicious",
        "displayName": "Time series anomaly for data size transferred to public internet",
        "packageId": "f2dd4a3a-ebac-4994-9499-1a859938c947",
        "source": {
          "kind": "Community",
          "name": "Standalone"
        },
        "support": {
          "tier": "Community",
          "name": "Community",
          "link": "https://github.com/Azure/Azure-Sentinel/issues"
        },
        "threatAnalysisTactics": [
          "Exfiltration"
        ],
        "threatAnalyticsTechniques": [
          "T1030"
        ],
        "version": "1.0.3"
      },
      "name": "[concat(parameters('workspace'),'/Microsoft.SecurityInsights/', 'f2dd4a3a-ebac-4994-9499-1a859938c947')]"
    }
  ]
}