{
  "$schema": "https://schema.management.azure.com/schemas/2019-04-01/deploymentTemplate.json#",
  "contentVersion": "1.0.0.0",
  "parameters": {
    "location": {
      "type": "string",
      "minLength": 1,
      "defaultValue": "[resourceGroup().location]",
      "metadata": {
        "description": "Not used, but needed to pass arm-ttk test `Location-Should-Not-Be-Hardcoded`.  We instead use the `workspace-location` which is derived from the LA workspace"
      }
    },
    "workspace-location": {
      "type": "string",
      "defaultValue": "",
      "metadata": {
        "description": "[concat('Region to deploy solution resources -- separate from location selection',parameters('location'))]"
      }
    },
    "workspace": {
      "defaultValue": "",
      "type": "string",
      "metadata": {
        "description": "Workspace name for Log Analytics where Microsoft Sentinel is setup"
      }
    }
  },
  "variables": {},
  "resources": [
    {
      "type": "Microsoft.OperationalInsights/workspaces/providers/packages",
      "location": "[parameters('workspace-location')]",
      "apiVersion": "2022-08-01",
      "properties": {
        "packageKind": "Standalone",
        "packageItems": {
          "resources": [
            {
              "type": "Microsoft.OperationalInsights/workspaces/providers/contentTemplates",
              "name": "[concat(parameters('workspace'),'/Microsoft.SecurityInsights/', '3169dc83-9e97-452c-afcc-baebdb0ddf7c')]",
              "location": "[parameters('workspace-location')]",
              "kind": "shared",
              "apiVersion": "2022-08-01",
              "properties": {
                "contentId": "3169dc83-9e97-452c-afcc-baebdb0ddf7c",
                "displayName": "Discord download invoked from cmd line (ASIM Version)",
                "contentKind": "HuntingQuery",
                "mainTemplate": {
                  "$schema": "https://schema.management.azure.com/schemas/2019-04-01/deploymentTemplate.json#",
                  "contentVersion": "1.0.0",
                  "resources": [
                    {
                      "type": "Microsoft.OperationalInsights/savedSearches",
                      "apiVersion": "2020-08-01",
                      "name": "3169dc83-9e97-452c-afcc-baebdb0ddf7c",
                      "location": "[parameters('workspace-location')]",
                      "properties": {
                        "eTag": "*",
                        "displayName": "Discord download invoked from cmd line (ASIM Version)",
                        "category": "Hunting Queries",
                        "query": "imProcess\n  | where Process has_any (\"powershell.exe\", \"powershell_ise.exe\", \"cmd.exe\") or CommandLine has \"powershell\"\n  | where CommandLine has_any (\"cdn.discordapp.com\", \"moc.ppadrocsid.ndc\")\n  | project-reorder TimeGenerated, Computer, Account, Process, CommandLine\n",
                        "version": 2,
                        "tags": [
                          {
                            "name": "description",
                            "value": "This hunting query looks for hosts that have attempted to interact with the Discord CDN. This activity is not normally invoked from the command line and could indicate C2, exfiltration, or malware delivery activity."
                          },
                          {
                            "name": "techniques",
                            "value": ""
                          },
                          {
                            "name": "tactics",
                            "value": "Execution,CommandAndControl,Exfiltration"
                          }
                        ]
                      }
                    },
                    {
                      "type": "Microsoft.OperationalInsights/workspaces/providers/metadata",
                      "apiVersion": "2021-03-01-preview",
                      "name": "[concat(parameters('workspace'),'/Microsoft.SecurityInsights/',concat('huntingQuery-', '3169dc83-9e97-452c-afcc-baebdb0ddf7c'))]",
                      "properties": {
                        "description": "This hunting query looks for hosts that have attempted to interact with the Discord CDN. This activity is not normally invoked from the command line and could indicate C2, exfiltration, or malware delivery activity.",
                        "version": "1.0.0",
                        "author": {
                          "name": "Pete Bryan"
                        },
                        "support": {
                          "tier": "Community",
                          "name": "Community",
                          "link": "https://github.com/Azure/Azure-Sentinel/issues"
                        },
                        "source": {
                          "kind": "Community",
                          "name": "Standalone"
                        },
                        "threatAnalysisTactics": [
                          "Execution",
                          "CommandAndControl",
                          "Exfiltration"
                        ],
                        "threatAnalyticsTechniques": [
                          "T1204",
                          "T1102",
                          "T1567"
                        ],
                        "contentId": "3169dc83-9e97-452c-afcc-baebdb0ddf7c",
                        "parentId": "3169dc83-9e97-452c-afcc-baebdb0ddf7c",
                        "kind": "HuntingQuery"
                      }
                    }
                  ]
                }
              }
            }
          ]
        },
        "author": {
          "name": "Pete Bryan"
        },
        "categories": {
          "domains": [
            "Security - Threat Protection"
          ]
        },
        "dependencies": {
          "operator": "AND",
          "criteria": [
            {
              "contentId": "3169dc83-9e97-452c-afcc-baebdb0ddf7c",
              "kind": "HuntingQuery"
            }
          ]
        },
        "description": "This hunting query looks for hosts that have attempted to interact with the Discord CDN. This activity is not normally invoked from the command line and could indicate C2, exfiltration, or malware delivery activity.",
        "displayName": "Discord download invoked from cmd line (ASIM Version)",
        "packageId": "3169dc83-9e97-452c-afcc-baebdb0ddf7c",
        "source": {
          "kind": "Community",
          "name": "Standalone"
        },
        "support": {
          "tier": "Community",
          "name": "Community",
          "link": "https://github.com/Azure/Azure-Sentinel/issues"
        },
        "threatAnalysisTactics": [
          "Execution",
          "CommandAndControl",
          "Exfiltration"
        ],
        "threatAnalyticsTechniques": [
          "T1204",
          "T1102",
          "T1567"
        ],
        "version": "1.0.0"
      },
      "name": "3169dc83-9e97-452c-afcc-baebdb0ddf7c"
    }
  ]
}