{
  "$schema": "https://schema.management.azure.com/schemas/2019-04-01/deploymentTemplate.json#",
  "contentVersion": "1.0.1",
  "parameters": {
    "location": {
      "type": "string",
      "minLength": 1,
      "defaultValue": "[resourceGroup().location]",
      "metadata": {
        "description": "Not used, but needed to pass arm-ttk test `Location-Should-Not-Be-Hardcoded`.  We instead use the `workspace-location` which is derived from the LA workspace"
      }
    },
    "workspace": {
      "defaultValue": "",
      "type": "string",
      "metadata": {
        "description": "Workspace name for Log Analytics where Microsoft Sentinel is setup"
      }
    },
    "workspace-location": {
      "type": "string",
      "defaultValue": "",
      "metadata": {
        "description": "[concat('Region to deploy solution resources -- separate from location selection',parameters('location'))]"
      }
    }
  },
  "resources": [
    {
      "type": "Microsoft.OperationalInsights/workspaces/providers/contentTemplates",
      "name": "[concat(parameters('workspace'),'/Microsoft.SecurityInsights/',concat(concat(parameters('workspace'),'-ar-',uniquestring('0ee2aafb-4500-4e36-bcb1-e90eec2f0b9b')),'1.0.1'))]",
      "location": "[parameters('workspace-location')]",
      "apiVersion": "2023-04-01-preview",
      "dependsOn": [
        "[extensionResourceId(resourceId('Microsoft.OperationalInsights/workspaces', parameters('workspace')), 'Microsoft.SecurityInsights/contentPackages', 'azuresentinel.azure-sentinel-solution-amazonwebservices')]"
      ],
      "properties": {
        "contentId": "0ee2aafb-4500-4e36-bcb1-e90eec2f0b9b",
        "displayName": "NRT Login to AWS Management Console without MFA",
        "contentKind": "AnalyticsRule",
        "mainTemplate": {
          "$schema": "https://schema.management.azure.com/schemas/2019-04-01/deploymentTemplate.json#",
          "contentVersion": "1.0.1",
          "parameters": {},
          "variables": {},
          "resources": [
            {
              "type": "Microsoft.SecurityInsights/AlertRuleTemplates",
              "name": "0ee2aafb-4500-4e36-bcb1-e90eec2f0b9b",
              "apiVersion": "2022-04-01-preview",
              "kind": "NRT",
              "location": "[parameters('workspace-location')]",
              "properties": {
                "description": "Multi-Factor Authentication (MFA) helps you to prevent credential compromise. This alert identifies logins to the AWS Management Console without MFA.\nYou can limit this detection to trigger for administrative accounts if you do not have MFA enabled on all accounts.\nThis is done by looking at the eventName ConsoleLogin and if the AdditionalEventData field indicates MFA was NOT used\nand the ResponseElements field indicates NOT a Failure. Thereby indicating that a non-MFA login was successful.",
                "displayName": "NRT Login to AWS Management Console without MFA",
                "enabled": false,
                "query": "AWSCloudTrail\n| where EventName =~ \"ConsoleLogin\"\n| extend MFAUsed = tostring(parse_json(AdditionalEventData).MFAUsed), LoginResult = tostring(parse_json(ResponseElements).ConsoleLogin)\n| where MFAUsed !~ \"Yes\" and LoginResult !~ \"Failure\"\n| where SessionIssuerUserName !contains \"AWSReservedSSO\"\n| summarize StartTimeUtc = min(TimeGenerated), EndTimeUtc = max(TimeGenerated) by EventName, EventTypeName, LoginResult, MFAUsed, UserIdentityAccountId,  UserIdentityPrincipalid, UserAgent,\nUserIdentityUserName, SessionMfaAuthenticated, SourceIpAddress, AWSRegion\n",
                "severity": "Low",
                "suppressionDuration": "PT1H",
                "suppressionEnabled": false,
                "status": "Available",
                "requiredDataConnectors": [
                  {
                    "dataTypes": [
                      "AWSCloudTrail"
                    ],
                    "connectorId": "AWS"
                  },
                  {
                    "dataTypes": [
                      "AWSCloudTrail"
                    ],
                    "connectorId": "AWSS3"
                  }
                ],
                "tactics": [
                  "DefenseEvasion",
                  "PrivilegeEscalation",
                  "Persistence",
                  "InitialAccess"
                ],
                "techniques": [
                  "T1078"
                ],
                "entityMappings": [
                  {
                    "entityType": "Account",
                    "fieldMappings": [
                      {
                        "identifier": "FullName",
                        "columnName": "UserIdentityUserName"
                      }
                    ]
                  },
                  {
                    "entityType": "IP",
                    "fieldMappings": [
                      {
                        "identifier": "Address",
                        "columnName": "SourceIpAddress"
                      }
                    ]
                  }
                ]
              }
            },
            {
              "type": "Microsoft.OperationalInsights/workspaces/providers/metadata",
              "apiVersion": "2022-01-01-preview",
              "name": "[concat(parameters('workspace'),'/Microsoft.SecurityInsights/',concat('AnalyticsRule-', last(split(resourceId('Microsoft.SecurityInsights/AlertRuleTemplates', '0ee2aafb-4500-4e36-bcb1-e90eec2f0b9b'),'/'))))]",
              "properties": {
                "description": "Amazon Web Services Analytics Rule 9",
                "parentId": "[resourceId('Microsoft.SecurityInsights/AlertRuleTemplates', '0ee2aafb-4500-4e36-bcb1-e90eec2f0b9b')]",
                "contentId": "0ee2aafb-4500-4e36-bcb1-e90eec2f0b9b",
                "kind": "AnalyticsRule",
                "version": "1.0.1",
                "source": {
                  "kind": "Solution",
                  "name": "Amazon Web Services",
                  "sourceId": "azuresentinel.azure-sentinel-solution-amazonwebservices"
                },
                "author": {
                  "name": "Microsoft"
                },
                "support": {
                  "name": "Microsoft Corporation",
                  "email": "support@microsoft.com",
                  "tier": "Microsoft",
                  "link": "https://support.microsoft.com"
                }
              }
            }
          ]
        },
        "packageKind": "Solution",
        "packageVersion": "2.0.5",
        "packageName": "Amazon Web Services",
        "packageId": "azuresentinel.azure-sentinel-solution-amazonwebservices",
        "contentProductId": "azuresentinel.azure-sentinel-solution-amazonwebser-ar-euomlzhvi4dww",
        "id": "azuresentinel.azure-sentinel-solution-amazonwebser-ar-euomlzhvi4dww",
        "contentSchemaVersion": "3.0.0",
        "version": "1.0.1"
      }
    }
  ]
}