{
  "$schema": "https://schema.management.azure.com/schemas/2019-04-01/deploymentTemplate.json#",
  "contentVersion": "1.0.0",
  "parameters": {
    "location": {
      "type": "string",
      "minLength": 1,
      "defaultValue": "[resourceGroup().location]",
      "metadata": {
        "description": "Not used, but needed to pass arm-ttk test `Location-Should-Not-Be-Hardcoded`.  We instead use the `workspace-location` which is derived from the LA workspace"
      }
    },
    "workspace": {
      "defaultValue": "",
      "type": "string",
      "metadata": {
        "description": "Workspace name for Log Analytics where Microsoft Sentinel is setup"
      }
    },
    "workspace-location": {
      "type": "string",
      "defaultValue": "",
      "metadata": {
        "description": "[concat('Region to deploy solution resources -- separate from location selection',parameters('location'))]"
      }
    }
  },
  "resources": [
    {
      "type": "Microsoft.OperationalInsights/workspaces/providers/contentTemplates",
      "name": "[concat(parameters('workspace'),'/Microsoft.SecurityInsights/',concat(concat(parameters('workspace'),'-hq-',uniquestring('4fbbae0a-ce5b-4b2a-b5e6-700920561680')),'1.0.0'))]",
      "location": "[parameters('workspace-location')]",
      "apiVersion": "2023-04-01-preview",
      "dependsOn": [
        "[extensionResourceId(resourceId('Microsoft.OperationalInsights/workspaces', parameters('workspace')), 'Microsoft.SecurityInsights/contentPackages', 'azuresentinel.azure-sentinel-solution-amazonwebservices')]"
      ],
      "properties": {
        "contentId": "4fbbae0a-ce5b-4b2a-b5e6-700920561680",
        "displayName": "ECR image scan findings medium",
        "contentKind": "HuntingQuery",
        "mainTemplate": {
          "$schema": "https://schema.management.azure.com/schemas/2019-04-01/deploymentTemplate.json#",
          "contentVersion": "1.0.0",
          "parameters": {},
          "variables": {},
          "resources": [
            {
              "type": "Microsoft.OperationalInsights/savedSearches",
              "apiVersion": "2020-08-01",
              "name": "Amazon_Web_Services_Hunting_Query_12",
              "location": "[parameters('workspace-location')]",
              "properties": {
                "eTag": "*",
                "displayName": "ECR image scan findings medium",
                "category": "Hunting Queries",
                "query": "AWSCloudTrail\n| where EventName == \"DescribeImageScanFindings\" and isempty(ErrorCode) and isempty(ErrorMessage)\n| extend repoName = tostring(parse_json(ResponseElements).repositoryName)\n| extend imageId = tostring(parse_json(ResponseElements).imageId.imageDigest)\n| extend Medium = toint(parse_json(ResponseElements).imageScanFindings.findingSeverityCounts.MEDIUM)\n| where Medium > 0\n| extend UserIdentityUserName = iff(isnotempty(UserIdentityUserName), UserIdentityUserName, tostring(split(UserIdentityArn,'/')[-1]))\n| extend timestamp = TimeGenerated, IPCustomEntity = SourceIpAddress, AccountCustomEntity = UserIdentityUserName \n",
                "version": 2,
                "tags": [
                  {
                    "name": "description",
                    "value": "AWS ECR image scan detected medium severity vulnerabilities in your container image."
                  },
                  {
                    "name": "tactics",
                    "value": "Execution"
                  },
                  {
                    "name": "techniques",
                    "value": "T1204"
                  }
                ]
              }
            },
            {
              "type": "Microsoft.OperationalInsights/workspaces/providers/metadata",
              "apiVersion": "2022-01-01-preview",
              "name": "[concat(parameters('workspace'),'/Microsoft.SecurityInsights/',concat('HuntingQuery-', last(split(resourceId('Microsoft.OperationalInsights/savedSearches', '4fbbae0a-ce5b-4b2a-b5e6-700920561680'),'/'))))]",
              "properties": {
                "description": "Amazon Web Services Hunting Query 12",
                "parentId": "[resourceId('Microsoft.OperationalInsights/savedSearches', '4fbbae0a-ce5b-4b2a-b5e6-700920561680')]",
                "contentId": "4fbbae0a-ce5b-4b2a-b5e6-700920561680",
                "kind": "HuntingQuery",
                "version": "1.0.0",
                "source": {
                  "kind": "Solution",
                  "name": "Amazon Web Services",
                  "sourceId": "azuresentinel.azure-sentinel-solution-amazonwebservices"
                },
                "author": {
                  "name": "Microsoft"
                },
                "support": {
                  "name": "Microsoft Corporation",
                  "email": "support@microsoft.com",
                  "tier": "Microsoft",
                  "link": "https://support.microsoft.com"
                }
              }
            }
          ]
        },
        "packageKind": "Solution",
        "packageVersion": "2.0.5",
        "packageName": "Amazon Web Services",
        "packageId": "azuresentinel.azure-sentinel-solution-amazonwebservices",
        "contentProductId": "azuresentinel.azure-sentinel-solution-amazonwebser-hq-6jok533arrs7m",
        "id": "azuresentinel.azure-sentinel-solution-amazonwebser-hq-6jok533arrs7m",
        "contentSchemaVersion": "3.0.0",
        "version": "1.0.0"
      }
    }
  ]
}