{
  "$schema": "https://schema.management.azure.com/schemas/2019-04-01/deploymentTemplate.json#",
  "contentVersion": "1.0.0",
  "parameters": {
    "location": {
      "type": "string",
      "minLength": 1,
      "defaultValue": "[resourceGroup().location]",
      "metadata": {
        "description": "Not used, but needed to pass arm-ttk test `Location-Should-Not-Be-Hardcoded`.  We instead use the `workspace-location` which is derived from the LA workspace"
      }
    },
    "workspace": {
      "defaultValue": "",
      "type": "string",
      "metadata": {
        "description": "Workspace name for Log Analytics where Microsoft Sentinel is setup"
      }
    },
    "workspace-location": {
      "type": "string",
      "defaultValue": "",
      "metadata": {
        "description": "[concat('Region to deploy solution resources -- separate from location selection',parameters('location'))]"
      }
    }
  },
  "resources": [
    {
      "type": "Microsoft.OperationalInsights/workspaces/providers/contentTemplates",
      "name": "[concat(parameters('workspace'),'/Microsoft.SecurityInsights/',concat(concat(parameters('workspace'),'-hq-',uniquestring('70c36558-e6d8-48b4-98b3-185d555cd5af')),'1.0.0'))]",
      "location": "[parameters('workspace-location')]",
      "apiVersion": "2023-04-01-preview",
      "dependsOn": [
        "[extensionResourceId(resourceId('Microsoft.OperationalInsights/workspaces', parameters('workspace')), 'Microsoft.SecurityInsights/contentPackages', 'azuresentinel.azure-sentinel-solution-amazonwebservices')]"
      ],
      "properties": {
        "contentId": "70c36558-e6d8-48b4-98b3-185d555cd5af",
        "displayName": "Risky role name created",
        "contentKind": "HuntingQuery",
        "mainTemplate": {
          "$schema": "https://schema.management.azure.com/schemas/2019-04-01/deploymentTemplate.json#",
          "contentVersion": "1.0.0",
          "parameters": {},
          "variables": {},
          "resources": [
            {
              "type": "Microsoft.OperationalInsights/savedSearches",
              "apiVersion": "2020-08-01",
              "name": "Amazon_Web_Services_Hunting_Query_29",
              "location": "[parameters('workspace-location')]",
              "properties": {
                "eTag": "*",
                "displayName": "Risky role name created",
                "category": "Hunting Queries",
                "query": "let PacuRoleNames = (\nexternaldata (RoleName:string)\n[h@'https://raw.githubusercontent.com/RhinoSecurityLabs/pacu/master/pacu/modules/iam__enum_roles/default-word-list.txt']\n);\nAWSCloudTrail\n| where EventName == \"CreateRole\" and isempty(ErrorCode) and isempty(ErrorMessage)\n| extend roleName = parse_json(tostring((parse_json(RequestParameters)))).roleName\n| where roleName in (PacuRoleNames)\n| distinct TimeGenerated, EventName, SourceIpAddress, UserIdentityArn, UserIdentityUserName, tostring(roleName), UserIdentityAccountId, AWSRegion\n| extend UserIdentityUserName = iff(isnotempty(UserIdentityUserName), UserIdentityUserName, tostring(split(UserIdentityArn,'/')[-1]))\n| summarize EventCount = count(), StartTime = min(TimeGenerated), EndTime = max(TimeGenerated), EventNameList=make_set(EventName), IPList=make_set(SourceIpAddress) by UserIdentityAccountId, AWSRegion, UserIdentityUserName, TimeGenerated, SourceIpAddress\n| extend timestamp = TimeGenerated, IPCustomEntity = SourceIpAddress, AccountCustomEntity = UserIdentityUserName\n",
                "version": 2,
                "tags": [
                  {
                    "name": "description",
                    "value": "Detections of risky role names could indicate that a malicious framework was executed in your environment."
                  },
                  {
                    "name": "tactics",
                    "value": "Persistence"
                  },
                  {
                    "name": "techniques",
                    "value": "T1098"
                  }
                ]
              }
            },
            {
              "type": "Microsoft.OperationalInsights/workspaces/providers/metadata",
              "apiVersion": "2022-01-01-preview",
              "name": "[concat(parameters('workspace'),'/Microsoft.SecurityInsights/',concat('HuntingQuery-', last(split(resourceId('Microsoft.OperationalInsights/savedSearches', '70c36558-e6d8-48b4-98b3-185d555cd5af'),'/'))))]",
              "properties": {
                "description": "Amazon Web Services Hunting Query 29",
                "parentId": "[resourceId('Microsoft.OperationalInsights/savedSearches', '70c36558-e6d8-48b4-98b3-185d555cd5af')]",
                "contentId": "70c36558-e6d8-48b4-98b3-185d555cd5af",
                "kind": "HuntingQuery",
                "version": "1.0.0",
                "source": {
                  "kind": "Solution",
                  "name": "Amazon Web Services",
                  "sourceId": "azuresentinel.azure-sentinel-solution-amazonwebservices"
                },
                "author": {
                  "name": "Microsoft"
                },
                "support": {
                  "name": "Microsoft Corporation",
                  "email": "support@microsoft.com",
                  "tier": "Microsoft",
                  "link": "https://support.microsoft.com"
                }
              }
            }
          ]
        },
        "packageKind": "Solution",
        "packageVersion": "2.0.5",
        "packageName": "Amazon Web Services",
        "packageId": "azuresentinel.azure-sentinel-solution-amazonwebservices",
        "contentProductId": "azuresentinel.azure-sentinel-solution-amazonwebser-hq-evvhze6tl2gmm",
        "id": "azuresentinel.azure-sentinel-solution-amazonwebser-hq-evvhze6tl2gmm",
        "contentSchemaVersion": "3.0.0",
        "version": "1.0.0"
      }
    }
  ]
}