{
  "$schema": "https://schema.management.azure.com/schemas/2019-04-01/deploymentTemplate.json#",
  "contentVersion": "1.0.1",
  "parameters": {
    "location": {
      "type": "string",
      "minLength": 1,
      "defaultValue": "[resourceGroup().location]",
      "metadata": {
        "description": "Not used, but needed to pass arm-ttk test `Location-Should-Not-Be-Hardcoded`.  We instead use the `workspace-location` which is derived from the LA workspace"
      }
    },
    "workspace": {
      "defaultValue": "",
      "type": "string",
      "metadata": {
        "description": "Workspace name for Log Analytics where Microsoft Sentinel is setup"
      }
    },
    "workspace-location": {
      "type": "string",
      "defaultValue": "",
      "metadata": {
        "description": "[concat('Region to deploy solution resources -- separate from location selection',parameters('location'))]"
      }
    }
  },
  "resources": [
    {
      "type": "Microsoft.OperationalInsights/workspaces/providers/contentTemplates",
      "name": "[concat(parameters('workspace'),'/Microsoft.SecurityInsights/',concat(concat(parameters('workspace'),'-ar-',uniquestring('4f19d4e3-ec5f-4abc-9e61-819eb131758c')),'1.0.1'))]",
      "location": "[parameters('workspace-location')]",
      "apiVersion": "2023-04-01-preview",
      "dependsOn": [
        "[extensionResourceId(resourceId('Microsoft.OperationalInsights/workspaces', parameters('workspace')), 'Microsoft.SecurityInsights/contentPackages', 'azuresentinel.azure-sentinel-solution-amazonwebservices')]"
      ],
      "properties": {
        "contentId": "4f19d4e3-ec5f-4abc-9e61-819eb131758c",
        "displayName": "Changes to AWS Security Group ingress and egress settings",
        "contentKind": "AnalyticsRule",
        "mainTemplate": {
          "$schema": "https://schema.management.azure.com/schemas/2019-04-01/deploymentTemplate.json#",
          "contentVersion": "1.0.1",
          "parameters": {},
          "variables": {},
          "resources": [
            {
              "type": "Microsoft.SecurityInsights/AlertRuleTemplates",
              "name": "4f19d4e3-ec5f-4abc-9e61-819eb131758c",
              "apiVersion": "2022-04-01-preview",
              "kind": "Scheduled",
              "location": "[parameters('workspace-location')]",
              "properties": {
                "description": "A Security Group acts as a virtual firewall of an instance to control inbound and outbound traffic.\n Hence, ingress and egress settings changes to AWS Security Group should be monitored as these can expose the enviornment to new attack vectors.\nMore information: https://medium.com/@GorillaStack/the-most-important-aws-cloudtrail-security-events-to-track-a5b9873f8255.",
                "displayName": "Changes to AWS Security Group ingress and egress settings",
                "enabled": false,
                "query": "let EventNameList = dynamic([ \"AuthorizeSecurityGroupEgress\", \"AuthorizeSecurityGroupIngress\", \"RevokeSecurityGroupEgress\", \"RevokeSecurityGroupIngress\"]);\nAWSCloudTrail\n| where EventName in~ (EventNameList)\n| extend User = iif(isnotempty(UserIdentityUserName), UserIdentityUserName, SessionIssuerUserName)\n| summarize EventCount=count(), StartTimeUtc = min(TimeGenerated), EndTimeUtc = max(TimeGenerated)\nby EventSource, EventName, UserIdentityType, User, SourceIpAddress, UserAgent, SessionMfaAuthenticated, AWSRegion,\nAdditionalEventData, UserIdentityAccountId, UserIdentityPrincipalid, ResponseElements\n| extend timestamp = StartTimeUtc, AccountCustomEntity = User , IPCustomEntity = SourceIpAddress\n",
                "queryFrequency": "P1D",
                "queryPeriod": "P1D",
                "severity": "Low",
                "suppressionDuration": "PT1H",
                "suppressionEnabled": false,
                "triggerOperator": "GreaterThan",
                "triggerThreshold": 0,
                "status": "Available",
                "requiredDataConnectors": [
                  {
                    "dataTypes": [
                      "AWSCloudTrail"
                    ],
                    "connectorId": "AWS"
                  },
                  {
                    "dataTypes": [
                      "AWSCloudTrail"
                    ],
                    "connectorId": "AWSS3"
                  }
                ],
                "tactics": [
                  "Persistence"
                ],
                "techniques": [
                  "T1098"
                ],
                "entityMappings": [
                  {
                    "entityType": "Account",
                    "fieldMappings": [
                      {
                        "identifier": "FullName",
                        "columnName": "AccountCustomEntity"
                      }
                    ]
                  },
                  {
                    "entityType": "IP",
                    "fieldMappings": [
                      {
                        "identifier": "Address",
                        "columnName": "IPCustomEntity"
                      }
                    ]
                  }
                ]
              }
            },
            {
              "type": "Microsoft.OperationalInsights/workspaces/providers/metadata",
              "apiVersion": "2022-01-01-preview",
              "name": "[concat(parameters('workspace'),'/Microsoft.SecurityInsights/',concat('AnalyticsRule-', last(split(resourceId('Microsoft.SecurityInsights/AlertRuleTemplates', '4f19d4e3-ec5f-4abc-9e61-819eb131758c'),'/'))))]",
              "properties": {
                "description": "Amazon Web Services Analytics Rule 7",
                "parentId": "[resourceId('Microsoft.SecurityInsights/AlertRuleTemplates', '4f19d4e3-ec5f-4abc-9e61-819eb131758c')]",
                "contentId": "4f19d4e3-ec5f-4abc-9e61-819eb131758c",
                "kind": "AnalyticsRule",
                "version": "1.0.1",
                "source": {
                  "kind": "Solution",
                  "name": "Amazon Web Services",
                  "sourceId": "azuresentinel.azure-sentinel-solution-amazonwebservices"
                },
                "author": {
                  "name": "Microsoft"
                },
                "support": {
                  "name": "Microsoft Corporation",
                  "email": "support@microsoft.com",
                  "tier": "Microsoft",
                  "link": "https://support.microsoft.com"
                }
              }
            }
          ]
        },
        "packageKind": "Solution",
        "packageVersion": "2.0.5",
        "packageName": "Amazon Web Services",
        "packageId": "azuresentinel.azure-sentinel-solution-amazonwebservices",
        "contentProductId": "azuresentinel.azure-sentinel-solution-amazonwebser-ar-j2upfxfpg7svs",
        "id": "azuresentinel.azure-sentinel-solution-amazonwebser-ar-j2upfxfpg7svs",
        "contentSchemaVersion": "3.0.0",
        "version": "1.0.1"
      }
    }
  ]
}