{
  "$schema": "https://schema.management.azure.com/schemas/2019-04-01/deploymentTemplate.json#",
  "contentVersion": "1.0",
  "parameters": {
    "location": {
      "type": "string",
      "minLength": 1,
      "defaultValue": "[resourceGroup().location]",
      "metadata": {
        "description": "Not used, but needed to pass arm-ttk test `Location-Should-Not-Be-Hardcoded`.  We instead use the `workspace-location` which is derived from the LA workspace"
      }
    },
    "workspace": {
      "defaultValue": "",
      "type": "string",
      "metadata": {
        "description": "Workspace name for Log Analytics where Microsoft Sentinel is setup"
      }
    },
    "workspace-location": {
      "type": "string",
      "defaultValue": "",
      "metadata": {
        "description": "[concat('Region to deploy solution resources -- separate from location selection',parameters('location'))]"
      }
    }
  },
  "resources": [
    {
      "type": "Microsoft.OperationalInsights/workspaces/providers/contentTemplates",
      "name": "[concat(parameters('workspace'),'/Microsoft.SecurityInsights/',concat(concat(parameters('workspace'),'-pl-',uniquestring('QualysVM-GetAssets-ByCVEID')),'1.0'))]",
      "location": "[parameters('workspace-location')]",
      "apiVersion": "2023-04-01-preview",
      "dependsOn": [
        "[extensionResourceId(resourceId('Microsoft.OperationalInsights/workspaces', parameters('workspace')), 'Microsoft.SecurityInsights/contentPackages', 'azuresentinel.azure-sentinel-qualysvm')]"
      ],
      "properties": {
        "contentId": "QualysVM-GetAssets-ByCVEID",
        "displayName": "QualysVM-GetAssets-ByCVEID",
        "contentKind": "Playbook",
        "mainTemplate": {
          "$schema": "https://schema.management.azure.com/schemas/2019-04-01/deploymentTemplate.json#",
          "contentVersion": "1.0",
          "parameters": {
            "PlaybookName": {
              "defaultValue": "QualysVM-GetAssets-ByCVEID",
              "type": "string",
              "metadata": {
                "description": "Name of the logic app resource to be created."
              }
            },
            "CustomConnectorName": {
              "defaultValue": "QualysCustomConnector",
              "type": "string",
              "metadata": {
                "description": "Name of the logic app connector which performs Qualys actions."
              }
            },
            "StorageAccountName": {
              "defaultValue": "",
              "type": "string",
              "metadata": {
                "description": "Name of the storage account to store Qualys reports."
              }
            }
          },
          "variables": {
            "QualyscustomconnectorConnectionName": "[[concat('Qualyscustomconnector-', parameters('PlaybookName'))]",
            "AzureBlobStorageName": "[[parameters('StorageAccountName')]",
            "AzureblobConnectionName": "[[concat('Azureblob-', parameters('PlaybookName'))]",
            "MicrosoftSentinelConnectionName": "[[concat('MicrosoftSentinel-', parameters('PlaybookName'))]",
            "StorageAccountId": "[[resourceId('Microsoft.Storage/storageAccounts', variables('AzureBlobStorageName'))]",
            "connection-2": "[[concat('/subscriptions/', subscription().subscriptionId, '/resourceGroups/', resourceGroup().name, '/providers/Microsoft.Web/customApis/', parameters('CustomConnectorName'))]",
            "_connection-2": "[[variables('connection-2')]",
            "connection-3": "[[concat('/subscriptions/', subscription().subscriptionId, '/providers/Microsoft.Web/locations/', variables('workspace-location-inline'), '/managedApis/Azureblob')]",
            "_connection-3": "[[variables('connection-3')]",
            "connection-4": "[[concat('/subscriptions/', subscription().subscriptionId, '/providers/Microsoft.Web/locations/', variables('workspace-location-inline'), '/managedApis/Azuresentinel')]",
            "_connection-4": "[[variables('connection-4')]",
            "workspace-location-inline": "[concat('[resourceGroup().locatio', 'n]')]",
            "workspace-name": "[parameters('workspace')]",
            "workspaceResourceId": "[[resourceId('microsoft.OperationalInsights/Workspaces', variables('workspace-name'))]"
          },
          "resources": [
            {
              "properties": {
                "provisioningState": "Succeeded",
                "state": "Enabled",
                "definition": {
                  "$schema": "https://schema.management.azure.com/providers/Microsoft.Logic/schemas/2016-06-01/workflowdefinition.json#",
                  "contentVersion": "1.0.0.0",
                  "parameters": {
                    "$connections": {
                      "type": "Object"
                    }
                  },
                  "triggers": {
                    "Microsoft_Sentinel_incident": {
                      "type": "ApiConnectionWebhook",
                      "inputs": {
                        "body": {
                          "callback_url": "@{listCallbackUrl()}"
                        },
                        "host": {
                          "connection": {
                            "name": "@parameters('$connections')['azuresentinel']['connectionId']"
                          }
                        },
                        "path": "/incident-creation"
                      }
                    }
                  },
                  "actions": {
                    "Add_comment_to_incident_(V3)": {
                      "runAfter": {
                        "Create_SAS_URI_by_path_(V2)": [
                          "Succeeded"
                        ]
                      },
                      "type": "ApiConnection",
                      "inputs": {
                        "body": {
                          "incidentArmId": "@triggerBody()?['object']?['id']",
                          "message": "<p><strong>Following Qualys VM Scan Report Generated: </strong><strong>@{body('Create_SAS_URI_by_path_(V2)')?['WebUrl']}</strong><strong></strong></p>"
                        },
                        "host": {
                          "connection": {
                            "name": "@parameters('$connections')['azuresentinel']['connectionId']"
                          }
                        },
                        "method": "post",
                        "path": "/Incidents/Comment"
                      }
                    },
                    "Create_Dynamic_Search_List_of_CVEs": {
                      "runAfter": {
                        "For_each_Alert_in_Incident_get_all_CVEIDs": [
                          "Succeeded"
                        ]
                      },
                      "type": "ApiConnection",
                      "inputs": {
                        "headers": {
                          "X-Requested-With": "Sentinel"
                        },
                        "host": {
                          "connection": {
                            "name": "@parameters('$connections')['QualysCustomConnector']['connectionId']"
                          }
                        },
                        "method": "post",
                        "path": "/api/2.0/fo/qid/search_list/dynamic/",
                        "queries": {
                          "action": "create",
                          "cve_ids": "@{join(variables('CVEID'), ',')}",
                          "title": "@{concat('SentinelSearchList_', utcNow())}"
                        }
                      }
                    },
                    "Create_SAS_URI_by_path_(V2)": {
                      "runAfter": {
                        "Create_blob_(V2)": [
                          "Succeeded"
                        ]
                      },
                      "type": "ApiConnection",
                      "inputs": {
                        "body": {
                          "Permissions": "Read"
                        },
                        "host": {
                          "connection": {
                            "name": "@parameters('$connections')['azureblob']['connectionId']"
                          }
                        },
                        "method": "post",
                        "path": "/v2/datasets/@{encodeURIComponent('AccountNameFromSettings')}/CreateSharedLinkByPath",
                        "queries": {
                          "path": "@body('Create_blob_(V2)')?['Path']"
                        }
                      }
                    },
                    "Create_Scan_Report_Template": {
                      "runAfter": {
                        "Parse_Create_Dynamic_Search_List_Output_JSON": [
                          "Succeeded"
                        ]
                      },
                      "type": "ApiConnection",
                      "inputs": {
                        "body": "<?xml version=\"1.0\" encoding=\"UTF-8\" ?>\n<SCANTEMPLATE>\n    <TITLE>\n        <INFO key=\"title\">\n            <![CDATA[@{concat('SentinelScanReportTemplate_', utcNow())}]]>\n        </INFO>\n    </TITLE>\n    <TARGET>\n        <INFO key=\"scan_selection\">\n            <![CDATA[HostBased]]>\n        </INFO>\n        <INFO key=\"asset_groups\">\n            <![CDATA[All]]>\n        </INFO>\n    </TARGET>\n    <DISPLAY>\n        <INFO key=\"display_text_summary\">\n            <![CDATA[1]]>\n        </INFO>\n        <INFO key=\"graph_status\">\n            <![CDATA[1]]>\n        </INFO>\n        <INFO key=\"graph_potential_status\">\n            <![CDATA[1]]>\n        </INFO>\n        <INFO key=\"graph_severity\">\n            <![CDATA[1]]>\n        </INFO>\n        <INFO key=\"graph_potential_severity\">\n            <![CDATA[1]]>\n        </INFO>\n        <INFO key=\"graph_ig_severity\">\n            <![CDATA[1]]>\n        </INFO>\n        <INFO key=\"graph_top_categories\">\n            <![CDATA[1]]>\n        </INFO>\n        <INFO key=\"graph_top_vulns\">\n            <![CDATA[1]]>\n        </INFO>\n        <INFO key=\"graph_os\">\n            <![CDATA[1]]>\n        </INFO>\n        <INFO key=\"graph_services\">\n            <![CDATA[1]]>\n        </INFO>\n        <INFO key=\"graph_top_ports\">\n            <![CDATA[1]]>\n        </INFO>\n        <INFO key=\"display_custom_footer\">\n            <![CDATA[1]]>\n        </INFO>\n        <INFO key=\"display_custom_footer_text\">\n            <![CDATA[Report Generated by Sentinel Playbook]]>\n        </INFO>\n        <INFO key=\"sort_by\">\n            <![CDATA[vuln]]>\n        </INFO>\n        <INFO key=\"cvss\">\n            <![CDATA[cvssv3]]>\n        </INFO>\n        <INFO key=\"host_details\">\n            <![CDATA[1]]>\n        </INFO>\n        <INFO key=\"metadata_ec2_instances\">\n            <![CDATA[1]]>\n        </INFO>\n        <INFO key=\"include_text_summary\">\n            <![CDATA[1]]>\n        </INFO>\n        <INFO key=\"include_vuln_details\">\n            <![CDATA[1]]>\n        </INFO>\n        <INFO key=\"include_vuln_details_threat\">\n            <![CDATA[1]]>\n        </INFO>\n        <INFO key=\"include_vuln_details_impact\">\n            <![CDATA[1]]>\n        </INFO>\n        <INFO key=\"include_vuln_details_solution\">\n            <![CDATA[1]]>\n        </INFO>\n        <INFO key=\"include_vuln_details_vpatch\">\n            <![CDATA[1]]>\n        </INFO>\n        <INFO key=\"include_vuln_details_compliance\">\n            <![CDATA[1]]>\n        </INFO>\n        <INFO key=\"include_vuln_details_exploit\">\n            <![CDATA[1]]>\n        </INFO>\n        <INFO key=\"include_vuln_details_malware\">\n            <![CDATA[1]]>\n        </INFO>\n        <INFO key=\"include_vuln_details_results\">\n            <![CDATA[1]]>\n        </INFO>\n        <INFO key=\"include_vuln_details_reopened\">\n            <![CDATA[1]]>\n        </INFO>\n        <INFO key=\"include_vuln_details_appendix\">\n            <![CDATA[1]]>\n        </INFO>\n        <INFO key=\"exclude_account_id\">\n            <![CDATA[1]]>\n        </INFO>\n    </DISPLAY>\n    <FILTER>\n        <INFO key=\"selective_vulns\">\n            <![CDATA[custom]]>\n        </INFO>\n\t\t<INFO key=\"search_list_ids\">\n            <![CDATA[@{body('Parse_Create_Dynamic_Search_List_Output_JSON')?['SIMPLE_RETURN']?['RESPONSE']?['ITEM_LIST']?['ITEM']?['VALUE']}]]>\n        </INFO>\n\t\t<INFO key=\"included_os\">\n            <![CDATA[AIX,ASUS,WINDOWS,LINUX,UBUNTU]]>\n        </INFO>\n\t\t<INFO key=\"status_new\">\n            <![CDATA[1]]>\n        </INFO>\n        <INFO key=\"status_active\">\n            <![CDATA[1]]>\n        </INFO>\n        <INFO key=\"status_reopen\">\n            <![CDATA[1]]>\n        </INFO>\n        <INFO key=\"vuln_active\">\n            <![CDATA[1]]>\n        </INFO>\n        <INFO key=\"vuln_disabled\">\n            <![CDATA[1]]>\n        </INFO>\n        <INFO key=\"vuln_ignored\">\n            <![CDATA[1]]>\n        </INFO>\n        <INFO key=\"potential_active\">\n            <![CDATA[1]]>\n        </INFO>\n        <INFO key=\"potential_disabled\">\n            <![CDATA[1]]>\n        </INFO>\n        <INFO key=\"potential_ignored\">\n            <![CDATA[1]]>\n        </INFO>\n        <INFO key=\"ig_active\">\n            <![CDATA[1]]>\n        </INFO>\n        <INFO key=\"ig_disabled\">\n            <![CDATA[1]]>\n        </INFO>\n        <INFO key=\"ig_ignored\">\n            <![CDATA[1]]>\n        </INFO>\n\t\t<INFO key=\"display_non_running_kernels\">\n            <![CDATA[1]]>\n        </INFO>\n        <INFO key=\"exclude_non_running_services\">\n            <![CDATA[1]]>\n        </INFO>\n        <INFO key=\"exclude_qids_not_exploitable_due_to_configuration\">\n            <![CDATA[1]]>\n        </INFO>\n        <INFO key=\"exclude_superceded_patches\">\n            <![CDATA[1]]>\n        </INFO>\n\t\t<INFO key=\"categories_list\">\n            <![CDATA[Cisco,Debian,Finger,Windows,Ubuntu]]>\n        </INFO>\n    </FILTER>\n</SCANTEMPLATE>",
                        "headers": {
                          "Content-Type": "text/xml",
                          "X-Requested-With": "Sentinel"
                        },
                        "host": {
                          "connection": {
                            "name": "@parameters('$connections')['QualysCustomConnector']['connectionId']"
                          }
                        },
                        "method": "post",
                        "path": "/api/2.0/fo/report/template/scan/",
                        "queries": {
                          "action": "create",
                          "report_format": "xml"
                        }
                      }
                    },
                    "Create_blob_(V2)": {
                      "runAfter": {
                        "Download_Report": [
                          "Succeeded"
                        ]
                      },
                      "type": "ApiConnection",
                      "inputs": {
                        "body": "@body('Download_Report')",
                        "headers": {
                          "ReadFileMetadataFromServer": true
                        },
                        "host": {
                          "connection": {
                            "name": "@parameters('$connections')['azureblob']['connectionId']"
                          }
                        },
                        "method": "post",
                        "path": "/v2/datasets/@{encodeURIComponent(encodeURIComponent('AccountNameFromSettings'))}/files",
                        "queries": {
                          "folderPath": "/report-blob",
                          "name": "@{concat('ScanReport_', utcNow())}",
                          "queryParametersSingleEncoded": true
                        }
                      },
                      "runtimeConfiguration": {
                        "contentTransfer": {
                          "transferMode": "Chunked"
                        }
                      }
                    },
                    "Delay_1_Minute_": {
                      "runAfter": {
                        "Set_variable_-_ReportID": [
                          "Succeeded"
                        ]
                      },
                      "type": "Wait",
                      "inputs": {
                        "interval": {
                          "count": 1,
                          "unit": "Minute"
                        }
                      }
                    },
                    "Delete_Dynamic_Search_List": {
                      "runAfter": {
                        "Add_comment_to_incident_(V3)": [
                          "Succeeded"
                        ]
                      },
                      "type": "ApiConnection",
                      "inputs": {
                        "headers": {
                          "X-Requested-With": "Sentinel"
                        },
                        "host": {
                          "connection": {
                            "name": "@parameters('$connections')['QualysCustomConnector']['connectionId']"
                          }
                        },
                        "method": "post",
                        "path": "/api/2.0/fo/qid/search_list/dynamic/",
                        "queries": {
                          "action": "delete",
                          "id": "@body('Parse_Create_Dynamic_Search_List_Output_JSON')?['SIMPLE_RETURN']?['RESPONSE']?['ITEM_LIST']?['ITEM']?['VALUE']"
                        }
                      }
                    },
                    "Delete_Scan_Report_Template": {
                      "runAfter": {
                        "Delete_Dynamic_Search_List": [
                          "Succeeded"
                        ]
                      },
                      "type": "ApiConnection",
                      "inputs": {
                        "headers": {
                          "Content-Type": "text/xml",
                          "X-Requested-With": "Sentinel"
                        },
                        "host": {
                          "connection": {
                            "name": "@parameters('$connections')['QualysCustomConnector']['connectionId']"
                          }
                        },
                        "method": "post",
                        "path": "/api/2.0/fo/report/template/scan/",
                        "queries": {
                          "action": "delete",
                          "template_id": "@body('Parse_Create_Report_Template_Output_JSON')?['SIMPLE_RETURN']?['RESPONSE']?['ITEM_LIST']?['ITEM']?['VALUE']"
                        }
                      }
                    },
                    "Download_Report": {
                      "runAfter": {
                        "Wait_Until_Report_Generation_is_Finished": [
                          "Succeeded"
                        ]
                      },
                      "type": "ApiConnection",
                      "inputs": {
                        "headers": {
                          "X-Requested-With": "Sentinel"
                        },
                        "host": {
                          "connection": {
                            "name": "@parameters('$connections')['QualysCustomConnector']['connectionId']"
                          }
                        },
                        "method": "post",
                        "path": "/api/2.0/fo/report/",
                        "queries": {
                          "action": "fetch",
                          "id": "@variables('ReportID')"
                        }
                      }
                    },
                    "For_each_Alert_in_Incident_get_all_CVEIDs": {
                      "foreach": "@triggerBody()?['object']?['properties']?['Alerts']",
                      "actions": {
                        "For_each_CVEID": {
                          "foreach": "@body('Parse_Cutom_Details_Section')?['CVEID']",
                          "actions": {
                            "Append_to_array_CVEID": {
                              "type": "AppendToArrayVariable",
                              "inputs": {
                                "name": "CVEID",
                                "value": "@items('For_each_CVEID')"
                              }
                            }
                          },
                          "runAfter": {
                            "Parse_Cutom_Details_Section": [
                              "Succeeded"
                            ]
                          },
                          "type": "Foreach"
                        },
                        "Parse_Additional_Data_Section": {
                          "type": "ParseJson",
                          "inputs": {
                            "content": "@items('For_each_Alert_in_Incident_get_all_CVEIDs')?['properties']?['additionalData']",
                            "schema": {
                              "properties": {
                                "Alert generation status": {
                                  "type": "string"
                                },
                                "AlertMessageEnqueueTime": {
                                  "type": "string"
                                },
                                "Analytic Rule Ids": {
                                  "type": "string"
                                },
                                "Analytic Rule Name": {
                                  "type": "string"
                                },
                                "Correlation Id": {
                                  "type": "string"
                                },
                                "Custom Details": {
                                  "type": [
                                    "string",
                                    "null"
                                  ]
                                },
                                "Data Sources": {
                                  "type": "string"
                                },
                                "Event Grouping": {
                                  "type": "string"
                                },
                                "ProcessedBySentinel": {
                                  "type": "string"
                                },
                                "Query": {
                                  "type": "string"
                                },
                                "Query End Time UTC": {
                                  "type": "string"
                                },
                                "Query Period": {
                                  "type": "string"
                                },
                                "Query Start Time UTC": {
                                  "type": "string"
                                },
                                "Search Query Results Overall Count": {
                                  "type": "string"
                                },
                                "Trigger Operator": {
                                  "type": "string"
                                },
                                "Trigger Threshold": {
                                  "type": "string"
                                }
                              },
                              "type": "object"
                            }
                          }
                        },
                        "Parse_Cutom_Details_Section": {
                          "runAfter": {
                            "Parse_Additional_Data_Section": [
                              "Succeeded"
                            ]
                          },
                          "type": "ParseJson",
                          "inputs": {
                            "content": "@body('Parse_Additional_Data_Section')?['Custom Details']",
                            "schema": {
                              "properties": {
                                "CVEID": {
                                  "items": {
                                    "type": "string"
                                  },
                                  "type": "array"
                                }
                              },
                              "type": "object"
                            }
                          }
                        }
                      },
                      "runAfter": {
                        "Initialize_variable_-_ReportID": [
                          "Succeeded"
                        ]
                      },
                      "type": "Foreach"
                    },
                    "Get_Report_Status": {
                      "runAfter": {
                        "Delay_1_Minute_": [
                          "Succeeded"
                        ]
                      },
                      "type": "ApiConnection",
                      "inputs": {
                        "headers": {
                          "X-Requested-With": "Sentinel"
                        },
                        "host": {
                          "connection": {
                            "name": "@parameters('$connections')['QualysCustomConnector']['connectionId']"
                          }
                        },
                        "method": "post",
                        "path": "/api/2.0/fo/report/",
                        "queries": {
                          "action": "list",
                          "id": "@int(variables('ReportID'))"
                        }
                      }
                    },
                    "Initialize_variable_-_CVEID": {
                      "type": "InitializeVariable",
                      "inputs": {
                        "variables": [
                          {
                            "name": "CVEID",
                            "type": "array"
                          }
                        ]
                      }
                    },
                    "Initialize_variable_-_ReportID": {
                      "runAfter": {
                        "Initialize_variable_-_ReportStatus": [
                          "Succeeded"
                        ]
                      },
                      "type": "InitializeVariable",
                      "inputs": {
                        "variables": [
                          {
                            "name": "ReportID",
                            "type": "string"
                          }
                        ]
                      }
                    },
                    "Initialize_variable_-_ReportStatus": {
                      "runAfter": {
                        "Initialize_variable_-_CVEID": [
                          "Succeeded"
                        ]
                      },
                      "type": "InitializeVariable",
                      "inputs": {
                        "variables": [
                          {
                            "name": "ReportStatus",
                            "type": "string"
                          }
                        ]
                      }
                    },
                    "Launch_Scan_Report": {
                      "runAfter": {
                        "Parse_Create_Report_Template_Output_JSON": [
                          "Succeeded"
                        ]
                      },
                      "type": "ApiConnection",
                      "inputs": {
                        "headers": {
                          "X-Requested-With": "Sentinel"
                        },
                        "host": {
                          "connection": {
                            "name": "@parameters('$connections')['QualysCustomConnector']['connectionId']"
                          }
                        },
                        "method": "post",
                        "path": "/api/2.0/fo/report/",
                        "queries": {
                          "action": "launch",
                          "output_format": "pdf",
                          "report_title": "@{concat('SentinelScanReport_', utcNow())}",
                          "report_type": "Scan",
                          "template_id": "@body('Parse_Create_Report_Template_Output_JSON')?['SIMPLE_RETURN']?['RESPONSE']?['ITEM_LIST']?['ITEM']?['VALUE']"
                        }
                      }
                    },
                    "Parse_Create_Dynamic_Search_List_Output_JSON": {
                      "runAfter": {
                        "Create_Dynamic_Search_List_of_CVEs": [
                          "Succeeded"
                        ]
                      },
                      "type": "ParseJson",
                      "inputs": {
                        "content": "@json(xml(body('Create_Dynamic_Search_List_of_CVEs')))",
                        "schema": {
                          "properties": {
                            "SIMPLE_RETURN": {
                              "properties": {
                                "RESPONSE": {
                                  "properties": {
                                    "DATETIME": {
                                      "type": "string"
                                    },
                                    "ITEM_LIST": {
                                      "properties": {
                                        "ITEM": {
                                          "properties": {
                                            "KEY": {
                                              "type": "string"
                                            },
                                            "VALUE": {
                                              "type": "string"
                                            }
                                          },
                                          "type": "object"
                                        }
                                      },
                                      "type": "object"
                                    },
                                    "TEXT": {
                                      "type": "string"
                                    }
                                  },
                                  "type": "object"
                                }
                              },
                              "type": "object"
                            }
                          },
                          "type": "object"
                        }
                      }
                    },
                    "Parse_Create_Report_Template_Output_JSON": {
                      "runAfter": {
                        "Create_Scan_Report_Template": [
                          "Succeeded"
                        ]
                      },
                      "type": "ParseJson",
                      "inputs": {
                        "content": "@json(xml(body('Create_Scan_Report_Template')))",
                        "schema": {
                          "properties": {
                            "SIMPLE_RETURN": {
                              "properties": {
                                "RESPONSE": {
                                  "properties": {
                                    "DATETIME": {
                                      "type": "string"
                                    },
                                    "ITEM_LIST": {
                                      "properties": {
                                        "ITEM": {
                                          "properties": {
                                            "KEY": {
                                              "type": "string"
                                            },
                                            "VALUE": {
                                              "type": "string"
                                            }
                                          },
                                          "type": "object"
                                        }
                                      },
                                      "type": "object"
                                    },
                                    "TEXT": {
                                      "type": "string"
                                    }
                                  },
                                  "type": "object"
                                }
                              },
                              "type": "object"
                            }
                          },
                          "type": "object"
                        }
                      }
                    },
                    "Parse_Launch_Scan_Report_Output_JSON": {
                      "runAfter": {
                        "Launch_Scan_Report": [
                          "Succeeded"
                        ]
                      },
                      "type": "ParseJson",
                      "inputs": {
                        "content": "@json(xml(body('Launch_Scan_Report')))",
                        "schema": {
                          "properties": {
                            "SIMPLE_RETURN": {
                              "properties": {
                                "RESPONSE": {
                                  "properties": {
                                    "DATETIME": {
                                      "type": "string"
                                    },
                                    "ITEM_LIST": {
                                      "properties": {
                                        "ITEM": {
                                          "properties": {
                                            "KEY": {
                                              "type": "string"
                                            },
                                            "VALUE": {
                                              "type": "string"
                                            }
                                          },
                                          "type": "object"
                                        }
                                      },
                                      "type": "object"
                                    },
                                    "TEXT": {
                                      "type": "string"
                                    }
                                  },
                                  "type": "object"
                                }
                              },
                              "type": "object"
                            }
                          },
                          "type": "object"
                        }
                      }
                    },
                    "Parse_Report_Status_JSON": {
                      "runAfter": {
                        "Get_Report_Status": [
                          "Succeeded"
                        ]
                      },
                      "type": "ParseJson",
                      "inputs": {
                        "content": "@json(xml(body('Get_Report_Status')))",
                        "schema": {
                          "properties": {
                            "REPORT_LIST_OUTPUT": {
                              "properties": {
                                "RESPONSE": {
                                  "properties": {
                                    "DATETIME": {
                                      "type": "string"
                                    },
                                    "REPORT_LIST": {
                                      "properties": {
                                        "REPORT": {
                                          "properties": {
                                            "EXPIRATION_DATETIME": {
                                              "type": "string"
                                            },
                                            "ID": {
                                              "type": "string"
                                            },
                                            "LAUNCH_DATETIME": {
                                              "type": "string"
                                            },
                                            "OUTPUT_FORMAT": {
                                              "type": "string"
                                            },
                                            "SIZE": {
                                              "type": "string"
                                            },
                                            "STATUS": {
                                              "properties": {
                                                "MESSAGE": {
                                                  "properties": {
                                                    "#cdata-section": {
                                                      "type": "string"
                                                    }
                                                  },
                                                  "type": "object"
                                                },
                                                "PERCENT": {
                                                  "type": "string"
                                                },
                                                "STATE": {
                                                  "type": "string"
                                                }
                                              },
                                              "type": "object"
                                            },
                                            "TITLE": {
                                              "properties": {
                                                "#cdata-section": {
                                                  "type": "string"
                                                }
                                              },
                                              "type": "object"
                                            },
                                            "TYPE": {
                                              "type": "string"
                                            },
                                            "USER_LOGIN": {
                                              "type": "string"
                                            }
                                          },
                                          "type": "object"
                                        }
                                      },
                                      "type": "object"
                                    }
                                  },
                                  "type": "object"
                                }
                              },
                              "type": "object"
                            }
                          },
                          "type": "object"
                        }
                      }
                    },
                    "Set_variable_-_ReportID": {
                      "runAfter": {
                        "Parse_Launch_Scan_Report_Output_JSON": [
                          "Succeeded"
                        ]
                      },
                      "type": "SetVariable",
                      "inputs": {
                        "name": "ReportID",
                        "value": "@body('Parse_Launch_Scan_Report_Output_JSON')?['SIMPLE_RETURN']?['RESPONSE']?['ITEM_LIST']?['ITEM']?['VALUE']"
                      }
                    },
                    "Set_variable_-_ReportStatus": {
                      "runAfter": {
                        "Parse_Report_Status_JSON": [
                          "Succeeded"
                        ]
                      },
                      "type": "SetVariable",
                      "inputs": {
                        "name": "ReportStatus",
                        "value": "@body('Parse_Report_Status_JSON')?['REPORT_LIST_OUTPUT']?['RESPONSE']?['REPORT_LIST']?['REPORT']?['STATUS']?['STATE']"
                      }
                    },
                    "Terminate": {
                      "runAfter": {
                        "For_each_Alert_in_Incident_get_all_CVEIDs": [
                          "Failed"
                        ]
                      },
                      "type": "Terminate",
                      "inputs": {
                        "runError": {
                          "code": "FAIL",
                          "message": "Custom Details mapping in Analytical Rule is missing or misconfigured."
                        },
                        "runStatus": "Failed"
                      }
                    },
                    "Wait_Until_Report_Generation_is_Finished": {
                      "actions": {
                        "Delay_for_3_minutes": {
                          "type": "Wait",
                          "inputs": {
                            "interval": {
                              "count": 3,
                              "unit": "Minute"
                            }
                          }
                        },
                        "Get_Report_Status_Again": {
                          "runAfter": {
                            "Delay_for_3_minutes": [
                              "Succeeded"
                            ]
                          },
                          "type": "ApiConnection",
                          "inputs": {
                            "headers": {
                              "X-Requested-With": "Sentinel"
                            },
                            "host": {
                              "connection": {
                                "name": "@parameters('$connections')['QualysCustomConnector']['connectionId']"
                              }
                            },
                            "method": "post",
                            "path": "/api/2.0/fo/report/",
                            "queries": {
                              "action": "list",
                              "id": "@int(variables('ReportID'))"
                            }
                          }
                        },
                        "Parse_Report_Status_JSON_Again": {
                          "runAfter": {
                            "Get_Report_Status_Again": [
                              "Succeeded"
                            ]
                          },
                          "type": "ParseJson",
                          "inputs": {
                            "content": "@json(xml(body('Get_Report_Status_Again')))",
                            "schema": {
                              "properties": {
                                "REPORT_LIST_OUTPUT": {
                                  "properties": {
                                    "RESPONSE": {
                                      "properties": {
                                        "DATETIME": {
                                          "type": "string"
                                        },
                                        "REPORT_LIST": {
                                          "properties": {
                                            "REPORT": {
                                              "properties": {
                                                "EXPIRATION_DATETIME": {
                                                  "type": "string"
                                                },
                                                "ID": {
                                                  "type": "string"
                                                },
                                                "LAUNCH_DATETIME": {
                                                  "type": "string"
                                                },
                                                "OUTPUT_FORMAT": {
                                                  "type": "string"
                                                },
                                                "SIZE": {
                                                  "type": "string"
                                                },
                                                "STATUS": {
                                                  "properties": {
                                                    "MESSAGE": {
                                                      "properties": {
                                                        "#cdata-section": {
                                                          "type": "string"
                                                        }
                                                      },
                                                      "type": "object"
                                                    },
                                                    "PERCENT": {
                                                      "type": "string"
                                                    },
                                                    "STATE": {
                                                      "type": "string"
                                                    }
                                                  },
                                                  "type": "object"
                                                },
                                                "TITLE": {
                                                  "properties": {
                                                    "#cdata-section": {
                                                      "type": "string"
                                                    }
                                                  },
                                                  "type": "object"
                                                },
                                                "TYPE": {
                                                  "type": "string"
                                                },
                                                "USER_LOGIN": {
                                                  "type": "string"
                                                }
                                              },
                                              "type": "object"
                                            }
                                          },
                                          "type": "object"
                                        }
                                      },
                                      "type": "object"
                                    }
                                  },
                                  "type": "object"
                                }
                              },
                              "type": "object"
                            }
                          }
                        },
                        "Update_variable_-_ReportStatus_": {
                          "runAfter": {
                            "Parse_Report_Status_JSON_Again": [
                              "Succeeded"
                            ]
                          },
                          "type": "SetVariable",
                          "inputs": {
                            "name": "ReportStatus",
                            "value": "@body('Parse_Report_Status_JSON_Again')?['REPORT_LIST_OUTPUT']?['RESPONSE']?['REPORT_LIST']?['REPORT']?['STATUS']?['STATE']"
                          }
                        }
                      },
                      "runAfter": {
                        "Set_variable_-_ReportStatus": [
                          "Succeeded"
                        ]
                      },
                      "expression": "@equals(variables('ReportStatus'), 'Finished')",
                      "limit": {
                        "count": 60,
                        "timeout": "PT3H"
                      },
                      "type": "Until"
                    }
                  }
                },
                "parameters": {
                  "$connections": {
                    "value": {
                      "QualysCustomConnector": {
                        "connectionId": "[[resourceId('Microsoft.Web/connections', variables('QualyscustomconnectorConnectionName'))]",
                        "connectionName": "[[variables('QualyscustomconnectorConnectionName')]",
                        "id": "[[concat('/subscriptions/', subscription().subscriptionId, '/resourceGroups/', resourceGroup().name, '/providers/Microsoft.Web/customApis/', parameters('CustomConnectorName'))]"
                      },
                      "azureblob": {
                        "connectionId": "[[resourceId('Microsoft.Web/connections', variables('AzureblobConnectionName'))]",
                        "connectionName": "[[variables('AzureblobConnectionName')]",
                        "id": "[[concat('/subscriptions/', subscription().subscriptionId, '/providers/Microsoft.Web/locations/', variables('workspace-location-inline'), '/managedApis/Azureblob')]"
                      },
                      "azuresentinel": {
                        "connectionId": "[[resourceId('Microsoft.Web/connections', variables('MicrosoftSentinelConnectionName'))]",
                        "connectionName": "[[variables('MicrosoftSentinelConnectionName')]",
                        "id": "[[concat('/subscriptions/', subscription().subscriptionId, '/providers/Microsoft.Web/locations/', variables('workspace-location-inline'), '/managedApis/Azuresentinel')]",
                        "connectionProperties": {
                          "authentication": {
                            "type": "ManagedServiceIdentity"
                          }
                        }
                      }
                    }
                  }
                }
              },
              "name": "[[parameters('PlaybookName')]",
              "type": "Microsoft.Logic/workflows",
              "location": "[[variables('workspace-location-inline')]",
              "tags": {
                "hidden-SentinelTemplateName": "QualysVM-GetAssets-ByCVEID",
                "hidden-SentinelTemplateVersion": "1.0",
                "hidden-SentinelWorkspaceId": "[[resourceId('microsoft.OperationalInsights/Workspaces', parameters('workspace'))]"
              },
              "identity": {
                "type": "SystemAssigned"
              },
              "apiVersion": "2017-07-01",
              "dependsOn": [
                "[[resourceId('Microsoft.Web/connections', variables('QualyscustomconnectorConnectionName'))]",
                "[[resourceId('Microsoft.Web/connections', variables('AzureblobConnectionName'))]",
                "[[resourceId('Microsoft.Web/connections', variables('MicrosoftSentinelConnectionName'))]"
              ]
            },
            {
              "type": "Microsoft.Web/connections",
              "apiVersion": "2016-06-01",
              "name": "[[variables('QualyscustomconnectorConnectionName')]",
              "location": "[[variables('workspace-location-inline')]",
              "kind": "V1",
              "properties": {
                "displayName": "[[variables('QualyscustomconnectorConnectionName')]",
                "api": {
                  "id": "[[variables('_connection-2')]"
                }
              }
            },
            {
              "type": "Microsoft.Web/connections",
              "apiVersion": "2016-06-01",
              "name": "[[variables('AzureblobConnectionName')]",
              "location": "[[variables('workspace-location-inline')]",
              "kind": "V1",
              "properties": {
                "displayName": "[[variables('AzureblobConnectionName')]",
                "api": {
                  "id": "[[variables('_connection-3')]"
                },
                "parameterValues": {
                  "accountName": "[[variables('AzureBlobStorageName')]",
                  "accessKey": "[[listKeys(variables('StorageAccountId'), '2019-04-01').keys[0].value]"
                }
              }
            },
            {
              "type": "Microsoft.Web/connections",
              "apiVersion": "2016-06-01",
              "name": "[[variables('MicrosoftSentinelConnectionName')]",
              "location": "[[variables('workspace-location-inline')]",
              "kind": "V1",
              "properties": {
                "displayName": "[[variables('MicrosoftSentinelConnectionName')]",
                "parameterValueType": "Alternative",
                "api": {
                  "id": "[[variables('_connection-4')]"
                }
              }
            },
            {
              "type": "Microsoft.OperationalInsights/workspaces/providers/metadata",
              "apiVersion": "2022-01-01-preview",
              "name": "[concat(parameters('workspace'),'/Microsoft.SecurityInsights/',concat('Playbook-', last(split(resourceId('Microsoft.Logic/workflows', 'QualysVM-GetAssets-ByCVEID'),'/'))))]",
              "properties": {
                "parentId": "[resourceId('Microsoft.Logic/workflows', 'QualysVM-GetAssets-ByCVEID')]",
                "contentId": "QualysVM-GetAssets-ByCVEID",
                "kind": "Playbook",
                "version": "1.0",
                "source": {
                  "kind": "Solution",
                  "name": "QualysVM",
                  "sourceId": "azuresentinel.azure-sentinel-qualysvm"
                },
                "author": {
                  "name": "Microsoft",
                  "email": "support@microsoft.com"
                },
                "support": {
                  "name": "Microsoft Corporation",
                  "email": "support@microsoft.com",
                  "tier": "Microsoft",
                  "link": "https://support.microsoft.com"
                },
                "dependencies": {
                  "criteria": [
                    {
                      "kind": "LogicAppsCustomConnector",
                      "contentId": "QualysCustomConnector",
                      "version": "1.0"
                    }
                  ]
                }
              }
            }
          ],
          "metadata": {
            "title": "QualysVM-GetAssets-ByCVEID",
            "description": "When a new sentinel incident is created, this playbook gets triggered and performs the following actions: \n 1. Get CVE IDs from incident. \n 2. Create a Dynamic Search List with CVE IDs as filter criteria. \n 3. Generate the Vulnerability Report based on Dynamic Search List. \n 4. Download the report and store it to a blob storage. This report has details about assets which are vulnerable to CVE. \n 5. Add the link of report as a comment to the incident.",
            "prerequisites": [
              "1. Prior to the deployment of this playbook, Qualys Logic App Custom Connector needs to be deployed under the same subscription.",
              "2. Refer to [Qualys Logic App Custom Connector](../QualysCustomConnector/readme.md) documentation for deployment instructions."
            ],
            "postDeployment": [
              "None"
            ],
            "lastUpdateTime": "2022-09-13T22:25:52Z",
            "tags": [
              "Qualys",
              "Enrichment",
              "VM Report"
            ],
            "releaseNotes": {
              "version": "1.0",
              "title": "[replace('b', 'b', '')]",
              "notes": [
                "Initial version"
              ]
            }
          }
        },
        "packageKind": "Solution",
        "packageVersion": "2.0.1",
        "packageName": "Qualys VM",
        "packageId": "azuresentinel.azure-sentinel-qualysvm",
        "contentProductId": "azuresentinel.azure-sentinel-qualysvm-pl-gqtnybt2a3uz2",
        "id": "azuresentinel.azure-sentinel-qualysvm-pl-gqtnybt2a3uz2",
        "contentSchemaVersion": "3.0.0",
        "version": "1.0"
      }
    }
  ]
}