{
  "$schema": "https://schema.management.azure.com/schemas/2019-04-01/deploymentTemplate.json#",
  "contentVersion": "1.0.0",
  "parameters": {
    "location": {
      "type": "string",
      "minLength": 1,
      "defaultValue": "[resourceGroup().location]",
      "metadata": {
        "description": "Not used, but needed to pass arm-ttk test `Location-Should-Not-Be-Hardcoded`.  We instead use the `workspace-location` which is derived from the LA workspace"
      }
    },
    "workspace": {
      "defaultValue": "",
      "type": "string",
      "metadata": {
        "description": "Workspace name for Log Analytics where Microsoft Sentinel is setup"
      }
    },
    "workspace-location": {
      "type": "string",
      "defaultValue": "",
      "metadata": {
        "description": "[concat('Region to deploy solution resources -- separate from location selection',parameters('location'))]"
      }
    }
  },
  "resources": [
    {
      "type": "Microsoft.OperationalInsights/workspaces/providers/contentTemplates",
      "name": "[concat(parameters('workspace'),'/Microsoft.SecurityInsights/',concat(concat(parameters('workspace'),'-ar-',uniquestring('b7a44e0d-ae4c-4fb2-be1b-aa0e45f2327b')),'1.0.0'))]",
      "location": "[parameters('workspace-location')]",
      "apiVersion": "2023-04-01-preview",
      "dependsOn": [
        "[extensionResourceId(resourceId('Microsoft.OperationalInsights/workspaces', parameters('workspace')), 'Microsoft.SecurityInsights/contentPackages', 'azuresentinel.azure-sentinel-solution-amazonwebservices')]"
      ],
      "properties": {
        "contentId": "b7a44e0d-ae4c-4fb2-be1b-aa0e45f2327b",
        "displayName": "S3 bucket access point publicly exposed",
        "contentKind": "AnalyticsRule",
        "mainTemplate": {
          "$schema": "https://schema.management.azure.com/schemas/2019-04-01/deploymentTemplate.json#",
          "contentVersion": "1.0.0",
          "parameters": {},
          "variables": {},
          "resources": [
            {
              "type": "Microsoft.SecurityInsights/AlertRuleTemplates",
              "name": "b7a44e0d-ae4c-4fb2-be1b-aa0e45f2327b",
              "apiVersion": "2022-04-01-preview",
              "kind": "Scheduled",
              "location": "[parameters('workspace-location')]",
              "properties": {
                "description": "Detected S3 bucket publicly exposed via access point, which could lead to sensitive information leakage to the public. Verify the S3 object configurations.",
                "displayName": "S3 bucket access point publicly exposed",
                "enabled": false,
                "query": "AWSCloudTrail\n| where EventName == \"PutAccessPointPolicy\" and isempty(ErrorCode) and isempty(ErrorMessage)\n| extend Statement = parse_json(tostring((parse_json(RequestParameters).PutAccessPointPolicyRequest.Policy))).Statement\n| mvexpand Statement\n| extend Action = parse_json(Statement).Action , Effect = tostring(parse_json(Statement).Effect), Resource = tostring(parse_json(Statement).Resource), Condition = tostring(parse_json(Statement).Condition), Principal_aws = tostring(parse_json(Statement).Principal.AWS), Principal = tostring(parse_json(Statement).Principal)\n| extend Action = tostring(Action)\n| where Effect =~ \"Allow\" and (Principal_aws == \"*\" or Principal == \"*\") and isempty(Condition)\n| distinct TimeGenerated, EventName, SourceIpAddress, UserIdentityArn, UserIdentityUserName\n| extend UserIdentityUserName = iff(isnotempty(UserIdentityUserName), UserIdentityUserName, tostring(split(UserIdentityArn,'/')[-1]))\n| extend timestamp = TimeGenerated, IPCustomEntity = SourceIpAddress, AccountCustomEntity = UserIdentityUserName\n",
                "queryFrequency": "PT1H",
                "queryPeriod": "PT1H",
                "severity": "Medium",
                "suppressionDuration": "PT1H",
                "suppressionEnabled": false,
                "triggerOperator": "GreaterThan",
                "triggerThreshold": 0,
                "status": "Available",
                "requiredDataConnectors": [
                  {
                    "dataTypes": [
                      "AWSCloudTrail"
                    ],
                    "connectorId": "AWS"
                  }
                ],
                "tactics": [
                  "Exfiltration"
                ],
                "techniques": [
                  "T1537"
                ],
                "entityMappings": [
                  {
                    "entityType": "Account",
                    "fieldMappings": [
                      {
                        "identifier": "FullName",
                        "columnName": "AccountCustomEntity"
                      }
                    ]
                  },
                  {
                    "entityType": "IP",
                    "fieldMappings": [
                      {
                        "identifier": "Address",
                        "columnName": "IPCustomEntity"
                      }
                    ]
                  }
                ]
              }
            },
            {
              "type": "Microsoft.OperationalInsights/workspaces/providers/metadata",
              "apiVersion": "2022-01-01-preview",
              "name": "[concat(parameters('workspace'),'/Microsoft.SecurityInsights/',concat('AnalyticsRule-', last(split(resourceId('Microsoft.SecurityInsights/AlertRuleTemplates', 'b7a44e0d-ae4c-4fb2-be1b-aa0e45f2327b'),'/'))))]",
              "properties": {
                "description": "Amazon Web Services Analytics Rule 47",
                "parentId": "[resourceId('Microsoft.SecurityInsights/AlertRuleTemplates', 'b7a44e0d-ae4c-4fb2-be1b-aa0e45f2327b')]",
                "contentId": "b7a44e0d-ae4c-4fb2-be1b-aa0e45f2327b",
                "kind": "AnalyticsRule",
                "version": "1.0.0",
                "source": {
                  "kind": "Solution",
                  "name": "Amazon Web Services",
                  "sourceId": "azuresentinel.azure-sentinel-solution-amazonwebservices"
                },
                "author": {
                  "name": "Microsoft"
                },
                "support": {
                  "name": "Microsoft Corporation",
                  "email": "support@microsoft.com",
                  "tier": "Microsoft",
                  "link": "https://support.microsoft.com"
                }
              }
            }
          ]
        },
        "packageKind": "Solution",
        "packageVersion": "2.0.5",
        "packageName": "Amazon Web Services",
        "packageId": "azuresentinel.azure-sentinel-solution-amazonwebservices",
        "contentProductId": "azuresentinel.azure-sentinel-solution-amazonwebser-ar-ula4rb2gamnb6",
        "id": "azuresentinel.azure-sentinel-solution-amazonwebser-ar-ula4rb2gamnb6",
        "contentSchemaVersion": "3.0.0",
        "version": "1.0.0"
      }
    }
  ]
}