{
  "$schema": "https://schema.management.azure.com/schemas/2019-04-01/deploymentTemplate.json#",
  "contentVersion": "1.0.0",
  "parameters": {
    "location": {
      "type": "string",
      "minLength": 1,
      "defaultValue": "[resourceGroup().location]",
      "metadata": {
        "description": "Not used, but needed to pass arm-ttk test `Location-Should-Not-Be-Hardcoded`.  We instead use the `workspace-location` which is derived from the LA workspace"
      }
    },
    "workspace": {
      "defaultValue": "",
      "type": "string",
      "metadata": {
        "description": "Workspace name for Log Analytics where Microsoft Sentinel is setup"
      }
    },
    "workspace-location": {
      "type": "string",
      "defaultValue": "",
      "metadata": {
        "description": "[concat('Region to deploy solution resources -- separate from location selection',parameters('location'))]"
      }
    }
  },
  "resources": [
    {
      "type": "Microsoft.OperationalInsights/workspaces/providers/contentTemplates",
      "name": "[concat(parameters('workspace'),'/Microsoft.SecurityInsights/',concat(concat(parameters('workspace'),'-hq-',uniquestring('e1a91db8-f2b3-4531-bff6-da133d4f4f1a')),'1.0.0'))]",
      "location": "[parameters('workspace-location')]",
      "apiVersion": "2023-04-01-preview",
      "dependsOn": [
        "[extensionResourceId(resourceId('Microsoft.OperationalInsights/workspaces', parameters('workspace')), 'Microsoft.SecurityInsights/contentPackages', 'azuresentinel.azure-sentinel-solution-amazonwebservices')]"
      ],
      "properties": {
        "contentId": "e1a91db8-f2b3-4531-bff6-da133d4f4f1a",
        "displayName": "IAM Privilege Escalation by Instance Profile attachment",
        "contentKind": "HuntingQuery",
        "mainTemplate": {
          "$schema": "https://schema.management.azure.com/schemas/2019-04-01/deploymentTemplate.json#",
          "contentVersion": "1.0.0",
          "parameters": {},
          "variables": {},
          "resources": [
            {
              "type": "Microsoft.OperationalInsights/savedSearches",
              "apiVersion": "2020-08-01",
              "name": "Amazon_Web_Services_Hunting_Query_2",
              "location": "[parameters('workspace-location')]",
              "properties": {
                "eTag": "*",
                "displayName": "IAM Privilege Escalation by Instance Profile attachment",
                "category": "Hunting Queries",
                "query": "\n// Creating separate table for RemoveRoleToInstanceProfile\nlet RemoveRole=AWSCloudTrail\n| where  EventName in~ (\"RemoveRoleFromInstanceProfile\") and isempty(ErrorMessage)\n| extend RoleRemoved = tostring(parse_json(RequestParameters).roleName), InstanceProfileName = tostring(parse_json(RequestParameters).instanceProfileName), TimeRemoved=TimeGenerated\n| extend UserIdentityUserName = iff(isnotempty(UserIdentityUserName), UserIdentityUserName, tostring(split(UserIdentityArn,'/')[-1]))\n| summarize RoleRemovedCount= dcount(TimeRemoved) by TimeRemoved, EventName, EventTypeName, UserIdentityArn, UserIdentityUserName, UserIdentityAccountId, UserIdentityPrincipalid, UserAgent, \nSourceIpAddress, AWSRegion, EventSource, RoleRemoved, InstanceProfileName;\n// Creating separate table for AddRoleToInstanceProfile\nlet AddRole=AWSCloudTrail\n| where  EventName in~ (\"AddRoleToInstanceProfile\") and isempty(ErrorMessage)\n| extend UserIdentityUserName = iff(isnotempty(UserIdentityUserName), UserIdentityUserName, tostring(split(UserIdentityArn,'/')[-1]))\n| extend RoleAdded = tostring(parse_json(RequestParameters).roleName), InstanceProfileName = tostring(parse_json(RequestParameters).instanceProfileName), TimeAdded=TimeGenerated\n| summarize RoleAddedCount= dcount(TimeAdded) by TimeAdded, EventName, EventTypeName, UserIdentityArn, UserIdentityUserName, UserIdentityAccountId, UserIdentityPrincipalid, UserAgent, \nSourceIpAddress, AWSRegion, EventSource, RoleAdded, InstanceProfileName;\n//Joining both operations from the same source IP, user and instance profile name\nRemoveRole\n| join kind= inner (\n   AddRole \n) on AWSRegion,SourceIpAddress, InstanceProfileName, UserIdentityUserName\n| where TimeAdded  > TimeRemoved // Checking if RoleAdd operation was performed after removal\n| summarize TotalCount=count() by TimeAdded, TimeRemoved, RoleAdded, RoleRemoved, UserIdentityUserName, UserIdentityAccountId, UserIdentityPrincipalid, UserAgent,\nSourceIpAddress, AWSRegion, EventSource, RoleRemovedCount, RoleAddedCount\n| extend timestamp = iff(TimeAdded > TimeRemoved,TimeAdded, TimeRemoved), IPCustomEntity = SourceIpAddress, AccountCustomEntity = UserIdentityUserName\n",
                "version": 2,
                "tags": [
                  {
                    "name": "description",
                    "value": "An instance profile is a container for an IAM role that you can use to pass role information to an EC2 instance when the instance start.\nIdentifies when existing role is removed and new/existing high privileged role is added to instance profile. \nAny instance with this instance profile attached is able to perform privileged operations.\nAWS Instance Profile: https://docs.aws.amazon.com/IAM/latest/UserGuide/id_roles_use_switch-role-ec2_instance-profiles.html\nand CloudGoat - IAM PrivilegeEscalation by Attachment: https://github.com/RhinoSecurityLabs/cloudgoat/tree/master/scenarios/iam_privesc_by_attachment"
                  },
                  {
                    "name": "tactics",
                    "value": "PrivilegeEscalation"
                  },
                  {
                    "name": "techniques",
                    "value": "T1098"
                  }
                ]
              }
            },
            {
              "type": "Microsoft.OperationalInsights/workspaces/providers/metadata",
              "apiVersion": "2022-01-01-preview",
              "name": "[concat(parameters('workspace'),'/Microsoft.SecurityInsights/',concat('HuntingQuery-', last(split(resourceId('Microsoft.OperationalInsights/savedSearches', 'e1a91db8-f2b3-4531-bff6-da133d4f4f1a'),'/'))))]",
              "properties": {
                "description": "Amazon Web Services Hunting Query 2",
                "parentId": "[resourceId('Microsoft.OperationalInsights/savedSearches', 'e1a91db8-f2b3-4531-bff6-da133d4f4f1a')]",
                "contentId": "e1a91db8-f2b3-4531-bff6-da133d4f4f1a",
                "kind": "HuntingQuery",
                "version": "1.0.0",
                "source": {
                  "kind": "Solution",
                  "name": "Amazon Web Services",
                  "sourceId": "azuresentinel.azure-sentinel-solution-amazonwebservices"
                },
                "author": {
                  "name": "Microsoft"
                },
                "support": {
                  "name": "Microsoft Corporation",
                  "email": "support@microsoft.com",
                  "tier": "Microsoft",
                  "link": "https://support.microsoft.com"
                }
              }
            }
          ]
        },
        "packageKind": "Solution",
        "packageVersion": "2.0.5",
        "packageName": "Amazon Web Services",
        "packageId": "azuresentinel.azure-sentinel-solution-amazonwebservices",
        "contentProductId": "azuresentinel.azure-sentinel-solution-amazonwebser-hq-l737onrgcdieu",
        "id": "azuresentinel.azure-sentinel-solution-amazonwebser-hq-l737onrgcdieu",
        "contentSchemaVersion": "3.0.0",
        "version": "1.0.0"
      }
    }
  ]
}