{
  "$schema": "https://schema.management.azure.com/schemas/2019-04-01/deploymentTemplate.json#",
  "contentVersion": "1.0.0",
  "parameters": {
    "location": {
      "type": "string",
      "minLength": 1,
      "defaultValue": "[resourceGroup().location]",
      "metadata": {
        "description": "Not used, but needed to pass arm-ttk test `Location-Should-Not-Be-Hardcoded`.  We instead use the `workspace-location` which is derived from the LA workspace"
      }
    },
    "workspace": {
      "defaultValue": "",
      "type": "string",
      "metadata": {
        "description": "Workspace name for Log Analytics where Microsoft Sentinel is setup"
      }
    },
    "workspace-location": {
      "type": "string",
      "defaultValue": "",
      "metadata": {
        "description": "[concat('Region to deploy solution resources -- separate from location selection',parameters('location'))]"
      }
    }
  },
  "resources": [
    {
      "type": "Microsoft.OperationalInsights/workspaces/providers/contentTemplates",
      "name": "[concat(parameters('workspace'),'/Microsoft.SecurityInsights/',concat(concat(parameters('workspace'),'-pr-',uniquestring('AkamaiSIEMEvent-Parser')),'1.0.0'))]",
      "location": "[parameters('workspace-location')]",
      "apiVersion": "2023-04-01-preview",
      "dependsOn": [
        "[extensionResourceId(resourceId('Microsoft.OperationalInsights/workspaces', parameters('workspace')), 'Microsoft.SecurityInsights/contentPackages', 'azuresentinel.azure-sentinel-solution-akamai')]"
      ],
      "properties": {
        "contentId": "AkamaiSIEMEvent-Parser",
        "displayName": "AkamaiSIEMEvent",
        "contentKind": "Parser",
        "mainTemplate": {
          "$schema": "https://schema.management.azure.com/schemas/2019-04-01/deploymentTemplate.json#",
          "contentVersion": "1.0.0",
          "parameters": {},
          "variables": {},
          "resources": [
            {
              "name": "[concat(parameters('workspace'),'/','AkamaiSIEMEvent')]",
              "apiVersion": "2020-08-01",
              "type": "Microsoft.OperationalInsights/workspaces/savedSearches",
              "location": "[parameters('workspace-location')]",
              "properties": {
                "eTag": "*",
                "displayName": "AkamaiSIEMEvent",
                "category": "Samples",
                "functionAlias": "AkamaiSIEMEvent",
                "query": "\nCommonSecurityLog \r\n| where DeviceVendor == 'Akamai'\r\n| where DeviceProduct == 'akamai_siem'\r\n| extend EventVendor = 'Akamai'\r\n| extend EventProduct = 'akamai_siem'\r\n| extend EventProductVersion = '1.0'\r\n| extend EventId = DeviceEventClassID\r\n| extend EventCategory = Activity\r\n| extend EventSeverity = LogSeverity\r\n| extend DvcAction = DeviceAction\r\n| extend NetworkApplicationProtocol = ApplicationProtocol\r\n| extend Ipv6Src = DeviceCustomIPv6Address2\r\n| extend RuleName = DeviceCustomString1\r\n| extend RuleMessages = DeviceCustomString2\r\n| extend RuleData = DeviceCustomString3\r\n| extend RuleSelectors = DeviceCustomString4\r\n| extend ClientReputation = DeviceCustomString5\r\n| extend ApiId = DeviceCustomString6\r\n| extend RequestId = DevicePayloadId\r\n| extend DstDvcHostname = DestinationHostName\r\n| extend DstPortNumber = DestinationPort\r\n| extend ConfigId = FlexString1\r\n| extend PolicyId = FlexString2\r\n| extend NetworkBytes = SentBytes\r\n| extend UrlOriginal = RequestURL\r\n| extend HttpRequestMethod = RequestMethod\r\n| extend SrcIpAddr = SourceIP\r\n| extend EventStartTime = datetime(1970-01-01) + coalesce(\r\n                            tolong(extract(@'.*start=(.*?);', 1, AdditionalExtensions)),\r\n                            tolong(column_ifexists(\"StartTime\", long(null)))\r\n                        ) * 1s \r\n| extend SlowPostAction = extract(@'.*AkamaiSiemSlowPostAction=(.*?);', 1, AdditionalExtensions)\r\n| extend SlowPostRate = extract(@'.*AkamaiSiemSlowPostRate=(.*?);', 1, AdditionalExtensions)\r\n| extend RuleVersions = extract(@'.*AkamaiSiemRuleVersions=,?(.*?);', 1, AdditionalExtensions)\r\n| extend RuleTags = extract(@'.*AkamaiSiemRuleTags=(.*?);', 1, AdditionalExtensions)\r\n| extend ApiKey = extract(@'.*AkamaiSiemApiKey=(.*?);', 1, AdditionalExtensions)\r\n| extend Tls = extract(@'.*AkamaiSiemTLSVersion=(.*?);', 1, AdditionalExtensions)\r\n| extend RequestHeaders = extract(@'.*AkamaiSiemRequestHeaders=;?(.*?);', 1, AdditionalExtensions)\r\n| extend ResponseHeaders = extract(@'.*AkamaiSiemResponseHeaders=(.*?);', 1, AdditionalExtensions)\r\n| extend HttpStatusCode = extract(@'.*AkamaiSiemResponseStatus=(.*?);', 1, AdditionalExtensions)\r\n| extend GeoContinent = extract(@'.*AkamaiSiemContinent=(.*?);', 1, AdditionalExtensions)\r\n| extend SrcGeoCountry = extract(@'.*AkamaiSiemCountry=(.*?);', 1, AdditionalExtensions)\r\n| extend SrcGeoCity = extract(@'.*AkamaiSiemCity=(.*?);', 1, AdditionalExtensions)\r\n| extend SrcGeoRegion = extract(@'.*AkamaiSiemRegion=(.*?);', 1, AdditionalExtensions)\r\n| extend GeoAsn = extract(@'.*AkamaiSiemASN=(\\d+)', 1, AdditionalExtensions)\r\n| extend Custom = extract(@'.*AkamaiSiemCusomData=(.*?)', 1, AdditionalExtensions)\r\n| project TimeGenerated\r\n        , EventVendor\r\n        , EventProduct\r\n        , EventProductVersion\r\n        , EventStartTime\r\n        , EventId\r\n        , EventCategory\r\n        , EventSeverity\r\n        , DvcAction\r\n        , NetworkApplicationProtocol\r\n        , Ipv6Src\r\n        , RuleName\r\n        , RuleMessages\r\n        , RuleData\r\n        , RuleSelectors\r\n        , ClientReputation\r\n        , ApiId\r\n        , RequestId\r\n        , DstDvcHostname\r\n        , DstPortNumber\r\n        , ConfigId\r\n        , PolicyId\r\n        , NetworkBytes\r\n        , UrlOriginal\r\n        , HttpRequestMethod\r\n        , SrcIpAddr\r\n        , SlowPostAction\r\n        , SlowPostRate\r\n        , RuleVersions\r\n        , RuleTags\r\n        , ApiKey\r\n        , Tls\r\n        , RequestHeaders\r\n        , ResponseHeaders\r\n        , HttpStatusCode\r\n        , GeoContinent\r\n        , SrcGeoCountry\r\n        , SrcGeoCity\r\n        , SrcGeoRegion\r\n        , GeoAsn\r\n        , Custom\r\n",
                "version": 1,
                "tags": [
                  {
                    "name": "description",
                    "value": "AkamaiSIEMEvent"
                  }
                ]
              }
            },
            {
              "type": "Microsoft.OperationalInsights/workspaces/providers/metadata",
              "apiVersion": "2022-01-01-preview",
              "name": "[concat(parameters('workspace'),'/Microsoft.SecurityInsights/',concat('Parser-', last(split(resourceId('Microsoft.OperationalInsights/workspaces/savedSearches', parameters('workspace'), 'AkamaiSIEMEvent'),'/'))))]",
              "dependsOn": [
                "[concat(parameters('workspace'),'/','AkamaiSIEMEvent')]"
              ],
              "properties": {
                "parentId": "[resourceId('Microsoft.OperationalInsights/workspaces/savedSearches', parameters('workspace'), 'AkamaiSIEMEvent')]",
                "contentId": "AkamaiSIEMEvent-Parser",
                "kind": "Parser",
                "version": "1.0.0",
                "source": {
                  "name": "Akamai Security Events",
                  "kind": "Solution",
                  "sourceId": "azuresentinel.azure-sentinel-solution-akamai"
                },
                "author": {
                  "name": "Microsoft",
                  "email": "support@microsoft.com"
                },
                "support": {
                  "name": "Microsoft Corporation",
                  "email": "support@microsoft.com",
                  "tier": "Microsoft",
                  "link": "https://support.microsoft.com"
                }
              }
            }
          ]
        },
        "packageKind": "Solution",
        "packageVersion": "2.0.2",
        "packageName": "Akamai Security",
        "packageId": "azuresentinel.azure-sentinel-solution-akamai",
        "contentProductId": "azuresentinel.azure-sentinel-solution-akamai-pr-gki7wrau5ffvw",
        "id": "azuresentinel.azure-sentinel-solution-akamai-pr-gki7wrau5ffvw",
        "contentSchemaVersion": "3.0.0",
        "version": "1.0.0"
      }
    }
  ]
}