{
  "$schema": "https://schema.management.azure.com/schemas/2019-04-01/deploymentTemplate.json#",
  "contentVersion": "1.0.0",
  "parameters": {
    "location": {
      "type": "string",
      "minLength": 1,
      "defaultValue": "[resourceGroup().location]",
      "metadata": {
        "description": "Not used, but needed to pass arm-ttk test `Location-Should-Not-Be-Hardcoded`.  We instead use the `workspace-location` which is derived from the LA workspace"
      }
    },
    "workspace": {
      "defaultValue": "",
      "type": "string",
      "metadata": {
        "description": "Workspace name for Log Analytics where Microsoft Sentinel is setup"
      }
    },
    "workspace-location": {
      "type": "string",
      "defaultValue": "",
      "metadata": {
        "description": "[concat('Region to deploy solution resources -- separate from location selection',parameters('location'))]"
      }
    }
  },
  "resources": [
    {
      "type": "Microsoft.OperationalInsights/workspaces/providers/contentTemplates",
      "name": "[concat(parameters('workspace'),'/Microsoft.SecurityInsights/',concat(concat(parameters('workspace'),'-hq-',uniquestring('af7f133a-5fed-4ebf-8272-4330c884c7ca')),'1.0.0'))]",
      "location": "[parameters('workspace-location')]",
      "apiVersion": "2023-04-01-preview",
      "dependsOn": [
        "[extensionResourceId(resourceId('Microsoft.OperationalInsights/workspaces', parameters('workspace')), 'Microsoft.SecurityInsights/contentPackages', 'azuresentinel.azure-sentinel-proofpointpod')]"
      ],
      "properties": {
        "contentId": "af7f133a-5fed-4ebf-8272-4330c884c7ca",
        "displayName": "ProofpointPOD - Senders with large number of corrupted messages",
        "contentKind": "HuntingQuery",
        "mainTemplate": {
          "$schema": "https://schema.management.azure.com/schemas/2019-04-01/deploymentTemplate.json#",
          "contentVersion": "1.0.0",
          "parameters": {},
          "variables": {},
          "resources": [
            {
              "type": "Microsoft.OperationalInsights/savedSearches",
              "apiVersion": "2020-08-01",
              "name": "Proofpoint_On_demand(POD)_Email_Security_Hunting_Query_9",
              "location": "[parameters('workspace-location')]",
              "properties": {
                "eTag": "*",
                "displayName": "ProofpointPOD - Senders with large number of corrupted messages",
                "category": "Hunting Queries",
                "query": "ProofpointPOD\n| where EventType == 'message'\n| where NetworkDirection == 'outbound'\n| extend isCorrupted = todynamic(MsgParts)[0]['isCorrupted']\n| where isCorrupted == 'true'\n| summarize count() by SrcUserUpn\n| sort by count_\n| where count_ > 10\n",
                "version": 2,
                "tags": [
                  {
                    "name": "description",
                    "value": "Search for senders with large number of corrupted messages."
                  },
                  {
                    "name": "tactics",
                    "value": "InitialAccess"
                  }
                ]
              }
            },
            {
              "type": "Microsoft.OperationalInsights/workspaces/providers/metadata",
              "apiVersion": "2022-01-01-preview",
              "name": "[concat(parameters('workspace'),'/Microsoft.SecurityInsights/',concat('HuntingQuery-', last(split(resourceId('Microsoft.OperationalInsights/savedSearches', 'af7f133a-5fed-4ebf-8272-4330c884c7ca'),'/'))))]",
              "properties": {
                "description": "Proofpoint On demand(POD) Email Security Hunting Query 9",
                "parentId": "[resourceId('Microsoft.OperationalInsights/savedSearches', 'af7f133a-5fed-4ebf-8272-4330c884c7ca')]",
                "contentId": "af7f133a-5fed-4ebf-8272-4330c884c7ca",
                "kind": "HuntingQuery",
                "version": "1.0.0",
                "source": {
                  "kind": "Solution",
                  "name": "Proofpoint On demand(POD) Email Security",
                  "sourceId": "azuresentinel.azure-sentinel-proofpointpod"
                },
                "author": {
                  "name": "Microsoft",
                  "email": "support@microsoft.com"
                },
                "support": {
                  "tier": "Microsoft",
                  "name": "Microsoft Corporation",
                  "email": "support@microsoft.com",
                  "link": "https://support.microsoft.com/"
                }
              }
            }
          ]
        },
        "packageKind": "Solution",
        "packageVersion": "2.0.5",
        "packageName": "Proofpoint On demand (POD) Email Security",
        "packageId": "azuresentinel.azure-sentinel-proofpointpod",
        "contentProductId": "azuresentinel.azure-sentinel-proofpointpod-hq-zrn7566inaabk",
        "id": "azuresentinel.azure-sentinel-proofpointpod-hq-zrn7566inaabk",
        "contentSchemaVersion": "3.0.0",
        "version": "1.0.0"
      }
    }
  ]
}