{
  "$schema": "https://schema.management.azure.com/schemas/2019-04-01/deploymentTemplate.json#",
  "contentVersion": "1.0.0",
  "parameters": {
    "location": {
      "type": "string",
      "minLength": 1,
      "defaultValue": "[resourceGroup().location]",
      "metadata": {
        "description": "Not used, but needed to pass arm-ttk test `Location-Should-Not-Be-Hardcoded`.  We instead use the `workspace-location` which is derived from the LA workspace"
      }
    },
    "workspace": {
      "defaultValue": "",
      "type": "string",
      "metadata": {
        "description": "Workspace name for Log Analytics where Microsoft Sentinel is setup"
      }
    },
    "workspace-location": {
      "type": "string",
      "defaultValue": "",
      "metadata": {
        "description": "[concat('Region to deploy solution resources -- separate from location selection',parameters('location'))]"
      }
    }
  },
  "resources": [
    {
      "type": "Microsoft.OperationalInsights/workspaces/providers/contentTemplates",
      "name": "[concat(parameters('workspace'),'/Microsoft.SecurityInsights/',concat(concat(parameters('workspace'),'-ar-',uniquestring('370f0e5e-da1d-4a14-8ced-d1d7ab66a8d7')),'1.0.0'))]",
      "location": "[parameters('workspace-location')]",
      "apiVersion": "2023-04-01-preview",
      "dependsOn": [
        "[extensionResourceId(resourceId('Microsoft.OperationalInsights/workspaces', parameters('workspace')), 'Microsoft.SecurityInsights/contentPackages', 'azuresentinel.azure-sentinel-solution-amazonwebservices')]"
      ],
      "properties": {
        "contentId": "370f0e5e-da1d-4a14-8ced-d1d7ab66a8d7",
        "displayName": "Privilege escalation via Glue policy",
        "contentKind": "AnalyticsRule",
        "mainTemplate": {
          "$schema": "https://schema.management.azure.com/schemas/2019-04-01/deploymentTemplate.json#",
          "contentVersion": "1.0.0",
          "parameters": {},
          "variables": {},
          "resources": [
            {
              "type": "Microsoft.SecurityInsights/AlertRuleTemplates",
              "name": "370f0e5e-da1d-4a14-8ced-d1d7ab66a8d7",
              "apiVersion": "2022-04-01-preview",
              "kind": "Scheduled",
              "location": "[parameters('workspace-location')]",
              "properties": {
                "description": "Detected usage of AttachUserPolicy/AttachGroupPolicy/AttachRolePolicy on Glue policy. Attackers could use these operations for privilege escalation. Verify these actions with the user.",
                "displayName": "Privilege escalation via Glue policy",
                "enabled": false,
                "query": "AWSCloudTrail\n  | where EventName in (\"PutUserPolicy\",\"PutRolePolicy\",\"PutGroupPolicy\") and isempty(ErrorCode) and isempty(ErrorMessage)\n  | extend PolicyName = tostring(parse_json(RequestParameters).policyName)\n  | extend Statement = parse_json(tostring((parse_json(RequestParameters).policyDocument))).Statement\n  | mvexpand Statement\n  | extend Action = parse_json(Statement).Action , Effect = tostring(parse_json(Statement).Effect), Resource = tostring(parse_json(Statement).Resource), Condition = tostring(parse_json(Statement).Condition)\n  | extend Action = tostring(Action)\n  | where Effect =~ \"Allow\" and ((((Action contains \"iam:*\" or Action contains \"iam:PassRole\") and Action contains \"glue:*\") or ((Action contains \"iam:*\" or Action contains \"iam:PassRole\") and Action contains \"glue:CreateDevEndpoint\" and Action contains \"glue:GetDevEndpoints\") or ((Action contains \"iam:*\" or Action contains \"iam:PassRole\") and Action contains \"glue:Create*\" and Action contains \"glue:Get*\")) or (Action contains \"glue:*\") or (Action contains \"glue:GetDevEndpoints\" and Action contains \"glue:UpdateDevEndpoint\") or (Action contains \"glue:Get*\" and Action contains \"glue:Update*\")) and Resource == \"*\" and Condition == \"\"\n  | distinct TimeGenerated, EventName, PolicyName, SourceIpAddress, UserIdentityArn, UserIdentityUserName\n  | extend UserIdentityUserName = iff(isnotempty(UserIdentityUserName), UserIdentityUserName, tostring(split(UserIdentityArn,'/')[-1]))\n  | extend timestamp = TimeGenerated, IPCustomEntity = SourceIpAddress, AccountCustomEntity = UserIdentityUserName\n",
                "queryFrequency": "P1D",
                "queryPeriod": "P1D",
                "severity": "Medium",
                "suppressionDuration": "PT1H",
                "suppressionEnabled": false,
                "triggerOperator": "GreaterThan",
                "triggerThreshold": 0,
                "status": "Available",
                "requiredDataConnectors": [
                  {
                    "dataTypes": [
                      "AWSCloudTrail"
                    ],
                    "connectorId": "AWS"
                  }
                ],
                "tactics": [
                  "PrivilegeEscalation"
                ],
                "techniques": [
                  "T1484"
                ],
                "entityMappings": [
                  {
                    "entityType": "Account",
                    "fieldMappings": [
                      {
                        "identifier": "FullName",
                        "columnName": "AccountCustomEntity"
                      }
                    ]
                  },
                  {
                    "entityType": "IP",
                    "fieldMappings": [
                      {
                        "identifier": "Address",
                        "columnName": "IPCustomEntity"
                      }
                    ]
                  }
                ]
              }
            },
            {
              "type": "Microsoft.OperationalInsights/workspaces/providers/metadata",
              "apiVersion": "2022-01-01-preview",
              "name": "[concat(parameters('workspace'),'/Microsoft.SecurityInsights/',concat('AnalyticsRule-', last(split(resourceId('Microsoft.SecurityInsights/AlertRuleTemplates', '370f0e5e-da1d-4a14-8ced-d1d7ab66a8d7'),'/'))))]",
              "properties": {
                "description": "Amazon Web Services Analytics Rule 42",
                "parentId": "[resourceId('Microsoft.SecurityInsights/AlertRuleTemplates', '370f0e5e-da1d-4a14-8ced-d1d7ab66a8d7')]",
                "contentId": "370f0e5e-da1d-4a14-8ced-d1d7ab66a8d7",
                "kind": "AnalyticsRule",
                "version": "1.0.0",
                "source": {
                  "kind": "Solution",
                  "name": "Amazon Web Services",
                  "sourceId": "azuresentinel.azure-sentinel-solution-amazonwebservices"
                },
                "author": {
                  "name": "Microsoft"
                },
                "support": {
                  "name": "Microsoft Corporation",
                  "email": "support@microsoft.com",
                  "tier": "Microsoft",
                  "link": "https://support.microsoft.com"
                }
              }
            }
          ]
        },
        "packageKind": "Solution",
        "packageVersion": "2.0.5",
        "packageName": "Amazon Web Services",
        "packageId": "azuresentinel.azure-sentinel-solution-amazonwebservices",
        "contentProductId": "azuresentinel.azure-sentinel-solution-amazonwebser-ar-ygadg6m2t4daa",
        "id": "azuresentinel.azure-sentinel-solution-amazonwebser-ar-ygadg6m2t4daa",
        "contentSchemaVersion": "3.0.0",
        "version": "1.0.0"
      }
    }
  ]
}