{
  "$schema": "https://schema.management.azure.com/schemas/2019-04-01/deploymentTemplate.json#",
  "contentVersion": "1.0.1",
  "parameters": {
    "location": {
      "type": "string",
      "minLength": 1,
      "defaultValue": "[resourceGroup().location]",
      "metadata": {
        "description": "Not used, but needed to pass arm-ttk test `Location-Should-Not-Be-Hardcoded`.  We instead use the `workspace-location` which is derived from the LA workspace"
      }
    },
    "workspace": {
      "defaultValue": "",
      "type": "string",
      "metadata": {
        "description": "Workspace name for Log Analytics where Microsoft Sentinel is setup"
      }
    },
    "workspace-location": {
      "type": "string",
      "defaultValue": "",
      "metadata": {
        "description": "[concat('Region to deploy solution resources -- separate from location selection',parameters('location'))]"
      }
    }
  },
  "resources": [
    {
      "type": "Microsoft.OperationalInsights/workspaces/providers/contentTemplates",
      "name": "[concat(parameters('workspace'),'/Microsoft.SecurityInsights/',concat(concat(parameters('workspace'),'-ar-',uniquestring('32555639-b639-4c2b-afda-c0ae0abefa55')),'1.0.1'))]",
      "location": "[parameters('workspace-location')]",
      "apiVersion": "2023-04-01-preview",
      "dependsOn": [
        "[extensionResourceId(resourceId('Microsoft.OperationalInsights/workspaces', parameters('workspace')), 'Microsoft.SecurityInsights/contentPackages', 'azuresentinel.azure-sentinel-solution-amazonwebservices')]"
      ],
      "properties": {
        "contentId": "32555639-b639-4c2b-afda-c0ae0abefa55",
        "displayName": "Monitor AWS Credential abuse or hijacking",
        "contentKind": "AnalyticsRule",
        "mainTemplate": {
          "$schema": "https://schema.management.azure.com/schemas/2019-04-01/deploymentTemplate.json#",
          "contentVersion": "1.0.1",
          "parameters": {},
          "variables": {},
          "resources": [
            {
              "type": "Microsoft.SecurityInsights/AlertRuleTemplates",
              "name": "32555639-b639-4c2b-afda-c0ae0abefa55",
              "apiVersion": "2022-04-01-preview",
              "kind": "Scheduled",
              "location": "[parameters('workspace-location')]",
              "properties": {
                "description": "Looking for GetCallerIdentity Events where the UserID Type is AssumedRole\nAn attacker who has assumed the role of a legitimate account can call the GetCallerIdentity function to determine what account they are using.\nA legitimate user using legitimate credentials would not need to call GetCallerIdentity since they should already know what account they are using.\nMore Information: https://duo.com/decipher/trailblazer-hunts-compromised-credentials-in-aws\nAWS STS GetCallerIdentity API: https://docs.aws.amazon.com/STS/latest/APIReference/API_GetCallerIdentity.html ",
                "displayName": "Monitor AWS Credential abuse or hijacking",
                "enabled": false,
                "query": "AWSCloudTrail\n| where EventName =~ \"GetCallerIdentity\" and UserIdentityType =~ \"AssumedRole\"\n| summarize StartTime = min(TimeGenerated), EndTime = max(TimeGenerated) by SourceIpAddress, EventName, EventTypeName, UserIdentityType, UserIdentityAccountId, UserIdentityPrincipalid,\nUserAgent, UserIdentityUserName, SessionMfaAuthenticated,AWSRegion, EventSource, AdditionalEventData, ResponseElements\n| extend timestamp = StartTime, AccountCustomEntity = UserIdentityUserName, IPCustomEntity = SourceIpAddress\n| sort by EndTime desc nulls last\n",
                "queryFrequency": "P1D",
                "queryPeriod": "P1D",
                "severity": "Low",
                "suppressionDuration": "PT1H",
                "suppressionEnabled": false,
                "triggerOperator": "GreaterThan",
                "triggerThreshold": 0,
                "status": "Available",
                "requiredDataConnectors": [
                  {
                    "dataTypes": [
                      "AWSCloudTrail"
                    ],
                    "connectorId": "AWS"
                  },
                  {
                    "dataTypes": [
                      "AWSCloudTrail"
                    ],
                    "connectorId": "AWSS3"
                  }
                ],
                "tactics": [
                  "Discovery"
                ],
                "techniques": [
                  "T1087"
                ],
                "entityMappings": [
                  {
                    "entityType": "Account",
                    "fieldMappings": [
                      {
                        "identifier": "FullName",
                        "columnName": "AccountCustomEntity"
                      }
                    ]
                  },
                  {
                    "entityType": "IP",
                    "fieldMappings": [
                      {
                        "identifier": "Address",
                        "columnName": "IPCustomEntity"
                      }
                    ]
                  }
                ]
              }
            },
            {
              "type": "Microsoft.OperationalInsights/workspaces/providers/metadata",
              "apiVersion": "2022-01-01-preview",
              "name": "[concat(parameters('workspace'),'/Microsoft.SecurityInsights/',concat('AnalyticsRule-', last(split(resourceId('Microsoft.SecurityInsights/AlertRuleTemplates', '32555639-b639-4c2b-afda-c0ae0abefa55'),'/'))))]",
              "properties": {
                "description": "Amazon Web Services Analytics Rule 5",
                "parentId": "[resourceId('Microsoft.SecurityInsights/AlertRuleTemplates', '32555639-b639-4c2b-afda-c0ae0abefa55')]",
                "contentId": "32555639-b639-4c2b-afda-c0ae0abefa55",
                "kind": "AnalyticsRule",
                "version": "1.0.1",
                "source": {
                  "kind": "Solution",
                  "name": "Amazon Web Services",
                  "sourceId": "azuresentinel.azure-sentinel-solution-amazonwebservices"
                },
                "author": {
                  "name": "Microsoft"
                },
                "support": {
                  "name": "Microsoft Corporation",
                  "email": "support@microsoft.com",
                  "tier": "Microsoft",
                  "link": "https://support.microsoft.com"
                }
              }
            }
          ]
        },
        "packageKind": "Solution",
        "packageVersion": "2.0.5",
        "packageName": "Amazon Web Services",
        "packageId": "azuresentinel.azure-sentinel-solution-amazonwebservices",
        "contentProductId": "azuresentinel.azure-sentinel-solution-amazonwebser-ar-gotpvgl4t5h2w",
        "id": "azuresentinel.azure-sentinel-solution-amazonwebser-ar-gotpvgl4t5h2w",
        "contentSchemaVersion": "3.0.0",
        "version": "1.0.1"
      }
    }
  ]
}