{
  "$schema": "https://schema.management.azure.com/schemas/2019-04-01/deploymentTemplate.json#",
  "contentVersion": "1.0.0",
  "parameters": {
    "location": {
      "type": "string",
      "minLength": 1,
      "defaultValue": "[resourceGroup().location]",
      "metadata": {
        "description": "Not used, but needed to pass arm-ttk test `Location-Should-Not-Be-Hardcoded`.  We instead use the `workspace-location` which is derived from the LA workspace"
      }
    },
    "workspace": {
      "defaultValue": "",
      "type": "string",
      "metadata": {
        "description": "Workspace name for Log Analytics where Microsoft Sentinel is setup"
      }
    },
    "workspace-location": {
      "type": "string",
      "defaultValue": "",
      "metadata": {
        "description": "[concat('Region to deploy solution resources -- separate from location selection',parameters('location'))]"
      }
    }
  },
  "resources": [
    {
      "type": "Microsoft.OperationalInsights/workspaces/providers/contentTemplates",
      "name": "[concat(parameters('workspace'),'/Microsoft.SecurityInsights/',concat(concat(parameters('workspace'),'-ar-',uniquestring('454133a7-5427-4a7c-bdc4-0adfa84dda16')),'1.0.0'))]",
      "location": "[parameters('workspace-location')]",
      "apiVersion": "2023-04-01-preview",
      "dependsOn": [
        "[extensionResourceId(resourceId('Microsoft.OperationalInsights/workspaces', parameters('workspace')), 'Microsoft.SecurityInsights/contentPackages', 'azuresentinel.azure-sentinel-solution-amazonwebservices')]"
      ],
      "properties": {
        "contentId": "454133a7-5427-4a7c-bdc4-0adfa84dda16",
        "displayName": "Creating keys with encrypt policy without MFA",
        "contentKind": "AnalyticsRule",
        "mainTemplate": {
          "$schema": "https://schema.management.azure.com/schemas/2019-04-01/deploymentTemplate.json#",
          "contentVersion": "1.0.0",
          "parameters": {},
          "variables": {},
          "resources": [
            {
              "type": "Microsoft.SecurityInsights/AlertRuleTemplates",
              "name": "454133a7-5427-4a7c-bdc4-0adfa84dda16",
              "apiVersion": "2022-04-01-preview",
              "kind": "Scheduled",
              "location": "[parameters('workspace-location')]",
              "properties": {
                "description": "Detection of KMS keys where action kms:Encrypt is accessible for everyone (also outside of your organization). This is an idicator that your account is compromised and the attacker uses the encryption key to compromise another company.",
                "displayName": "Creating keys with encrypt policy without MFA",
                "enabled": false,
                "query": "let check_actions = AWSCloudTrail\n| where (EventName == \"CreateKey\" or EventName == \"PutKeyPolicy\") and isempty(ErrorCode) and isempty(ErrorMessage)\n| extend state=parse_json(parse_json(replace_string(tostring(parse_json(RequestParameters)['policy']),'\\\\\"','\"')).['Statement'])\n| mv-expand state\n| extend Action= tostring(parse_json(state.['Action'][0])), Effect=tostring(parse_json(state.['Effect'])),\n         Principal=tostring(parse_json(state.['Principal']))\n| where (Action == \"kms:Encrypt\" or Action == \"kms:*\") and (Effect == 'Allow') and (Principal has \"*\")\n| distinct AwsEventId;\nAWSCloudTrail\n| where (EventName == \"CreateKey\" or EventName == \"PutKeyPolicy\") and isempty(ErrorCode) and isempty(ErrorMessage)\n| join kind=inner (check_actions) on AwsEventId\n| extend UserIdentityUserName = iff(isnotempty(UserIdentityUserName), UserIdentityUserName, tostring(split(UserIdentityArn,'/')[-1]))\n| extend timestamp = TimeGenerated, IPCustomEntity = SourceIpAddress, AccountCustomEntity = UserIdentityUserName\n| project-away AwsEventId1\n",
                "queryFrequency": "P1D",
                "queryPeriod": "P1D",
                "severity": "Medium",
                "suppressionDuration": "PT1H",
                "suppressionEnabled": false,
                "triggerOperator": "GreaterThan",
                "triggerThreshold": 0,
                "status": "Available",
                "requiredDataConnectors": [
                  {
                    "dataTypes": [
                      "AWSCloudTrail"
                    ],
                    "connectorId": "AWS"
                  }
                ],
                "tactics": [
                  "Impact"
                ],
                "techniques": [
                  "T1485"
                ],
                "entityMappings": [
                  {
                    "entityType": "Account",
                    "fieldMappings": [
                      {
                        "identifier": "FullName",
                        "columnName": "AccountCustomEntity"
                      }
                    ]
                  },
                  {
                    "entityType": "IP",
                    "fieldMappings": [
                      {
                        "identifier": "Address",
                        "columnName": "IPCustomEntity"
                      }
                    ]
                  }
                ]
              }
            },
            {
              "type": "Microsoft.OperationalInsights/workspaces/providers/metadata",
              "apiVersion": "2022-01-01-preview",
              "name": "[concat(parameters('workspace'),'/Microsoft.SecurityInsights/',concat('AnalyticsRule-', last(split(resourceId('Microsoft.SecurityInsights/AlertRuleTemplates', '454133a7-5427-4a7c-bdc4-0adfa84dda16'),'/'))))]",
              "properties": {
                "description": "Amazon Web Services Analytics Rule 26",
                "parentId": "[resourceId('Microsoft.SecurityInsights/AlertRuleTemplates', '454133a7-5427-4a7c-bdc4-0adfa84dda16')]",
                "contentId": "454133a7-5427-4a7c-bdc4-0adfa84dda16",
                "kind": "AnalyticsRule",
                "version": "1.0.0",
                "source": {
                  "kind": "Solution",
                  "name": "Amazon Web Services",
                  "sourceId": "azuresentinel.azure-sentinel-solution-amazonwebservices"
                },
                "author": {
                  "name": "Microsoft"
                },
                "support": {
                  "name": "Microsoft Corporation",
                  "email": "support@microsoft.com",
                  "tier": "Microsoft",
                  "link": "https://support.microsoft.com"
                }
              }
            }
          ]
        },
        "packageKind": "Solution",
        "packageVersion": "2.0.5",
        "packageName": "Amazon Web Services",
        "packageId": "azuresentinel.azure-sentinel-solution-amazonwebservices",
        "contentProductId": "azuresentinel.azure-sentinel-solution-amazonwebser-ar-opmr5ejt7j2h4",
        "id": "azuresentinel.azure-sentinel-solution-amazonwebser-ar-opmr5ejt7j2h4",
        "contentSchemaVersion": "3.0.0",
        "version": "1.0.0"
      }
    }
  ]
}