{
  "$schema": "https://schema.management.azure.com/schemas/2019-04-01/deploymentTemplate.json#",
  "contentVersion": "1.0",
  "parameters": {
    "location": {
      "type": "string",
      "minLength": 1,
      "defaultValue": "[resourceGroup().location]",
      "metadata": {
        "description": "Not used, but needed to pass arm-ttk test `Location-Should-Not-Be-Hardcoded`.  We instead use the `workspace-location` which is derived from the LA workspace"
      }
    },
    "workspace": {
      "defaultValue": "",
      "type": "string",
      "metadata": {
        "description": "Workspace name for Log Analytics where Microsoft Sentinel is setup"
      }
    },
    "workspace-location": {
      "type": "string",
      "defaultValue": "",
      "metadata": {
        "description": "[concat('Region to deploy solution resources -- separate from location selection',parameters('location'))]"
      }
    }
  },
  "resources": [
    {
      "type": "Microsoft.OperationalInsights/workspaces/providers/contentTemplates",
      "name": "[concat(parameters('workspace'),'/Microsoft.SecurityInsights/',concat(concat(parameters('workspace'),'-pl-',uniquestring('AbuseIPDB-ReportaIPsToAbuselPDBAfterCheckingByUserInMSTeams')),'1.0'))]",
      "location": "[parameters('workspace-location')]",
      "apiVersion": "2023-04-01-preview",
      "dependsOn": [
        "[extensionResourceId(resourceId('Microsoft.OperationalInsights/workspaces', parameters('workspace')), 'Microsoft.SecurityInsights/contentPackages', 'azuresentinel.azure-sentinel-solution-abuseipdb')]"
      ],
      "properties": {
        "contentId": "AbuseIPDB-ReportaIPsToAbuselPDBAfterCheckingByUserInMSTeams",
        "displayName": " AbuseIPDB Report a IPs To AbuselPDB After Checking By User In MSTeams",
        "contentKind": "Playbook",
        "mainTemplate": {
          "$schema": "https://schema.management.azure.com/schemas/2019-04-01/deploymentTemplate.json#",
          "contentVersion": "1.0",
          "parameters": {
            "PlaybookName": {
              "defaultValue": "AbuseIPDB-ReportaIPsToAbuselPDBAfterCheckingByUserInMSTeams",
              "type": "String"
            },
            "customApis_AbuseIPDBAPI_name": {
              "defaultValue": "AbuseIPDBAPI",
              "type": "string",
              "metadata": {
                "description": "Name of the AbuseIPDBAPI Connector"
              }
            },
            "MSTeamsGroupId": {
              "defaultValue": "<MSTeamsGroupId>",
              "type": "String",
              "metadata": {
                "description": "Value of the MSTeamsGroupId parameter in the AbuseIPDB-ReportaIPsToAbuselPDBAfterCheckingByUserInMSTeams playbook. Id of the Teams Group where the adaptive card will be posted."
              }
            },
            "MSTeamsChannelId": {
              "defaultValue": "<MSTeamsChannelId>",
              "type": "String",
              "metadata": {
                "description": "Value of the MSTeamsChannelId parameter in the AbuseIPDB-ReportaIPsToAbuselPDBAfterCheckingByUserInMSTeams playbook. Id of the Teams Channel where the adaptive card will be posted."
              }
            }
          },
          "variables": {
            "AzureSentinelConnectionName": "[[concat('azuresentinel-', parameters('PlaybookName'))]",
            "AbuseIPDBConnectionName": "[[concat('abuseipdb-connection-', parameters('PlaybookName'))]",
            "MSTeamsConnectionName": "[[concat('msteams-connection-', parameters('PlaybookName'))]",
            "connection-1": "[[concat('/subscriptions/', subscription().subscriptionId, '/providers/Microsoft.Web/locations/', variables('workspace-location-inline'), '/managedApis/azuresentinel')]",
            "_connection-1": "[[variables('connection-1')]",
            "connection-2": "[[concat('/subscriptions/', subscription().subscriptionId, '/providers/Microsoft.Web/locations/', variables('workspace-location-inline'), '/managedApis/teams')]",
            "_connection-2": "[[variables('connection-2')]",
            "connection-3": "[[concat('/subscriptions/', subscription().subscriptionId, '/resourceGroups/', resourceGroup().name, '/providers/Microsoft.Web/customApis/', parameters('customApis_AbuseIPDBAPI_name'))]",
            "_connection-3": "[[variables('connection-3')]",
            "workspace-location-inline": "[concat('[resourceGroup().locatio', 'n]')]",
            "workspace-name": "[parameters('workspace')]",
            "workspaceResourceId": "[[resourceId('microsoft.OperationalInsights/Workspaces', variables('workspace-name'))]"
          },
          "resources": [
            {
              "type": "Microsoft.Web/connections",
              "apiVersion": "2016-06-01",
              "name": "[[variables('AzureSentinelConnectionName')]",
              "location": "[[variables('workspace-location-inline')]",
              "properties": {
                "displayName": "[[variables('AzureSentinelConnectionName')]",
                "api": {
                  "id": "[[variables('_connection-1')]"
                }
              }
            },
            {
              "type": "Microsoft.Web/connections",
              "apiVersion": "2016-06-01",
              "name": "[[variables('MSTeamsConnectionName')]",
              "location": "[[variables('workspace-location-inline')]",
              "properties": {
                "displayName": "[[variables('MSTeamsConnectionName')]",
                "api": {
                  "id": "[[variables('_connection-2')]"
                }
              }
            },
            {
              "type": "Microsoft.Web/connections",
              "apiVersion": "2016-06-01",
              "name": "[[variables('AbuseIPDBConnectionName')]",
              "location": "[[variables('workspace-location-inline')]",
              "kind": "V1",
              "properties": {
                "displayName": "[[variables('AbuseIPDBConnectionName')]",
                "api": {
                  "id": "[[variables('_connection-3')]"
                }
              }
            },
            {
              "type": "Microsoft.Logic/workflows",
              "apiVersion": "2017-07-01",
              "name": "[[parameters('PlaybookName')]",
              "location": "[[variables('workspace-location-inline')]",
              "dependsOn": [
                "[[resourceId('Microsoft.Web/connections', variables('AzureSentinelConnectionName'))]",
                "[[resourceId('Microsoft.Web/connections', variables('AbuseIPDBConnectionName'))]"
              ],
              "properties": {
                "state": "Enabled",
                "definition": {
                  "$schema": "https://schema.management.azure.com/providers/Microsoft.Logic/schemas/2016-06-01/workflowdefinition.json#",
                  "actions": {
                    "Entities_-_Get_IPs": {
                      "inputs": {
                        "body": "@triggerBody()?['object']?['properties']?['relatedEntities']",
                        "host": {
                          "connection": {
                            "name": "@parameters('$connections')['azuresentinel']['connectionId']"
                          }
                        },
                        "method": "post",
                        "path": "/entities/ip"
                      },
                      "type": "ApiConnection"
                    },
                    "For_each": {
                      "actions": {
                        "Condition": {
                          "actions": {
                            "REPORT_Endpoint": {
                              "inputs": {
                                "host": {
                                  "connection": {
                                    "name": "@parameters('$connections')['AbuseIPDBAPI']['connectionId']"
                                  }
                                },
                                "method": "post",
                                "path": "/report",
                                "queries": {
                                  "categories": "@{body('Post_adaptive_card_and_wait_for_a_response')['data']['AbuseCategories']}",
                                  "comment": "@{body('Post_adaptive_card_and_wait_for_a_response')['data']['AbuseIPDBComment']}",
                                  "ip": "@items('For_each')?['Address']"
                                }
                              },
                              "type": "ApiConnection"
                            }
                          },
                          "expression": {
                            "and": [
                              {
                                "contains": [
                                  "@body('Post_adaptive_card_and_wait_for_a_response')",
                                  "data"
                                ]
                              },
                              {
                                "contains": [
                                  "@body('Post_adaptive_card_and_wait_for_a_response')['data']",
                                  "AbuseCategories"
                                ]
                              },
                              {
                                "contains": [
                                  "@body('Post_adaptive_card_and_wait_for_a_response')['data']",
                                  "AbuseIPDBComment"
                                ]
                              }
                            ]
                          },
                          "runAfter": {
                            "Post_adaptive_card_and_wait_for_a_response": [
                              "Succeeded"
                            ]
                          },
                          "type": "If"
                        },
                        "Get_Adaptive_Card_Body": {
                          "inputs": {
                            "$schema": "http://adaptivecards.io/schemas/adaptive-card.json",
                            "actions": [
                              {
                                "id": "btnSubmit",
                                "title": "Submit",
                                "type": "Action.Submit"
                              },
                              {
                                "id": "btnIgnore",
                                "title": "Ignore",
                                "type": "Action.Submit"
                              }
                            ],
                            "body": [
                              {
                                "size": "large",
                                "text": "Microsoft Sentinel - Report IP to AbuseIPDB",
                                "type": "TextBlock",
                                "weight": "bolder",
                                "wrap": true
                              },
                              {
                                "text": " Incident No : @{triggerBody()?['object']?['properties']?['incidentNumber']}  ",
                                "type": "TextBlock",
                                "weight": "Bolder",
                                "wrap": true
                              },
                              {
                                "text": "@{triggerBody()?['object']?['properties']?['description']}",
                                "type": "TextBlock",
                                "wrap": true
                              },
                              {
                                "text": "For more details check the incident:",
                                "type": "TextBlock",
                                "weight": "Bolder",
                                "wrap": true
                              },
                              {
                                "text": "[[Click here to view the Incident](@{triggerBody()?['object']?['properties']?['incidentUrl']})",
                                "type": "TextBlock",
                                "wrap": true
                              },
                              {
                                "id": "PollQuestionAction",
                                "text": "Select AbuseIPDB attack categories associated with this IP Address: @{items('For_each')?['Address']}",
                                "type": "TextBlock",
                                "wrap": true
                              },
                              {
                                "choices": [
                                  {
                                    "title": "DNS Compromise",
                                    "value": "1"
                                  },
                                  {
                                    "title": "DNS Poisoning",
                                    "value": "2"
                                  },
                                  {
                                    "title": "Fraud Orders",
                                    "value": "3"
                                  },
                                  {
                                    "title": "DDoS Attack",
                                    "value": "4"
                                  },
                                  {
                                    "title": "FTP Brute-Force",
                                    "value": "5"
                                  },
                                  {
                                    "title": "Ping of Death",
                                    "value": "6"
                                  },
                                  {
                                    "title": "Phishing",
                                    "value": "7"
                                  },
                                  {
                                    "title": "Fraud VoIP",
                                    "value": "8"
                                  },
                                  {
                                    "title": "Open Proxy",
                                    "value": "9"
                                  },
                                  {
                                    "title": "Web Spam",
                                    "value": "10"
                                  },
                                  {
                                    "title": "Email Spam",
                                    "value": "11"
                                  },
                                  {
                                    "title": "Blog Spam",
                                    "value": "12"
                                  },
                                  {
                                    "title": "VPN IP",
                                    "value": "13"
                                  },
                                  {
                                    "title": "Port Scan",
                                    "value": "14"
                                  },
                                  {
                                    "title": "Hacking",
                                    "value": "15"
                                  },
                                  {
                                    "title": "SQL Injection",
                                    "value": "16"
                                  },
                                  {
                                    "title": "Spoofing",
                                    "value": "17"
                                  },
                                  {
                                    "title": "Brute-Force",
                                    "value": "18"
                                  },
                                  {
                                    "title": "Bad Web Bot",
                                    "value": "19"
                                  },
                                  {
                                    "title": "Exploited Host",
                                    "value": "20"
                                  },
                                  {
                                    "title": "Web App Attack",
                                    "value": "21"
                                  },
                                  {
                                    "title": "SSH",
                                    "value": "22"
                                  },
                                  {
                                    "title": "IoT Targeted",
                                    "value": "23"
                                  }
                                ],
                                "id": "AbuseCategories",
                                "isMultiSelect": true,
                                "placeholder": "Attack categories",
                                "style": "compact",
                                "type": "Input.ChoiceSet"
                              },
                              {
                                "text": "Please add comment with relative information:",
                                "type": "TextBlock",
                                "wrap": true
                              },
                              {
                                "id": "AbuseIPDBComment",
                                "placeholder": "{AbuseIPDBComment}",
                                "type": "Input.Text"
                              }
                            ],
                            "type": "AdaptiveCard",
                            "version": "1.0"
                          },
                          "type": "Compose"
                        },
                        "Post_adaptive_card_and_wait_for_a_response": {
                          "inputs": {
                            "body": {
                              "body": {
                                "messageBody": "@{outputs('Get_Adaptive_Card_Body')}",
                                "recipient": {
                                  "channelId": "@variables('TeamsChannelId')",
                                  "groupId": "@variables('TeamsGroupId')"
                                },
                                "updateMessage": "Thanks for your response!"
                              },
                              "notificationUrl": "@{listCallbackUrl()}"
                            },
                            "host": {
                              "connection": {
                                "name": "@parameters('$connections')['teams']['connectionId']"
                              }
                            },
                            "path": "/v1.0/teams/conversation/gatherinput/poster/Flow bot/location/@{encodeURIComponent('Channel')}/$subscriptions"
                          },
                          "runAfter": {
                            "Get_Adaptive_Card_Body": [
                              "Succeeded"
                            ]
                          },
                          "type": "ApiConnectionWebhook"
                        }
                      },
                      "foreach": "@body('Entities_-_Get_IPs')?['IPs']",
                      "runAfter": {
                        "Initialize_TeamsChannelId": [
                          "Succeeded"
                        ]
                      },
                      "type": "Foreach"
                    },
                    "Get_Logo": {
                      "inputs": "<img src=\"https://www.abuseipdb.com/img/abuseipdb.png.pagespeed.ce.CI8T6WsXU7.png\"  width=\"152\" height=\"32\"> ",
                      "runAfter": {
                        "Entities_-_Get_IPs": [
                          "Succeeded"
                        ]
                      },
                      "type": "Compose"
                    },
                    "Initialize_TeamsChannelId": {
                      "inputs": {
                        "variables": [
                          {
                            "name": "TeamsChannelId",
                            "type": "string",
                            "value": "[[parameters('MSTeamsChannelId')]"
                          }
                        ]
                      },
                      "runAfter": {
                        "Initialize_TeamsGroupId": [
                          "Succeeded"
                        ]
                      },
                      "type": "InitializeVariable"
                    },
                    "Initialize_TeamsGroupId": {
                      "inputs": {
                        "variables": [
                          {
                            "name": "TeamsGroupId",
                            "type": "string",
                            "value": "[[parameters('MSTeamsGroupId')]"
                          }
                        ]
                      },
                      "runAfter": {
                        "Get_Logo": [
                          "Succeeded"
                        ]
                      },
                      "type": "InitializeVariable"
                    }
                  },
                  "contentVersion": "1.0.0.0",
                  "parameters": {
                    "$connections": {
                      "type": "Object"
                    }
                  },
                  "triggers": {
                    "Microsoft_Sentinel_incident": {
                      "inputs": {
                        "body": {
                          "callback_url": "@{listCallbackUrl()}"
                        },
                        "host": {
                          "connection": {
                            "name": "@parameters('$connections')['azuresentinel']['connectionId']"
                          }
                        },
                        "path": "/incident-creation"
                      },
                      "type": "ApiConnectionWebhook"
                    }
                  }
                },
                "parameters": {
                  "$connections": {
                    "value": {
                      "azuresentinel": {
                        "connectionName": "[[variables('AzureSentinelConnectionName')]",
                        "connectionId": "[[resourceId('Microsoft.Web/connections', variables('AzureSentinelConnectionName'))]",
                        "id": "[[concat('/subscriptions/',subscription().subscriptionId, '/providers/Microsoft.Web/locations/',variables('workspace-location-inline'),'/managedApis/azuresentinel')]"
                      },
                      "teams": {
                        "connectionName": "[[variables('MSTeamsConnectionName')]",
                        "connectionId": "[[resourceId('Microsoft.Web/connections', variables('MSTeamsConnectionName'))]",
                        "id": "[[concat('/subscriptions/', subscription().subscriptionId, '/providers/Microsoft.Web/locations/', variables('workspace-location-inline'), '/managedApis/teams')]"
                      },
                      "AbuseIPDBAPI": {
                        "connectionId": "[[resourceId('Microsoft.Web/connections', variables('AbuseIPDBConnectionName'))]",
                        "connectionName": "[[variables('AbuseIPDBConnectionName')]",
                        "id": "[[concat('/subscriptions/', subscription().subscriptionId, '/resourceGroups/', resourceGroup().name, '/providers/Microsoft.Web/customApis/', parameters('customApis_AbuseIPDBAPI_name'))]"
                      }
                    }
                  }
                }
              },
              "tags": {
                "hidden-SentinelWorkspaceId": "[[resourceId('microsoft.OperationalInsights/Workspaces', parameters('workspace'))]"
              }
            },
            {
              "type": "Microsoft.OperationalInsights/workspaces/providers/metadata",
              "apiVersion": "2022-01-01-preview",
              "name": "[concat(parameters('workspace'),'/Microsoft.SecurityInsights/',concat('Playbook-', last(split(resourceId('Microsoft.Logic/workflows', 'AbuseIPDB-ReportaIPsToAbuselPDBAfterCheckingByUserInMSTeams'),'/'))))]",
              "properties": {
                "parentId": "[resourceId('Microsoft.Logic/workflows', 'AbuseIPDB-ReportaIPsToAbuselPDBAfterCheckingByUserInMSTeams')]",
                "contentId": "AbuseIPDB-ReportaIPsToAbuselPDBAfterCheckingByUserInMSTeams",
                "kind": "Playbook",
                "version": "1.0",
                "source": {
                  "kind": "Solution",
                  "name": "AbuseIPDB",
                  "sourceId": "azuresentinel.azure-sentinel-solution-abuseipdb"
                },
                "author": {
                  "name": "Microsoft",
                  "email": "support@microsoft.com"
                },
                "support": {
                  "tier": "Microsoft",
                  "name": "Microsoft Corporation",
                  "email": "support@microsoft.com",
                  "link": "https://support.microsoft.com/"
                },
                "dependencies": {
                  "criteria": [
                    {
                      "kind": "LogicAppsCustomConnector",
                      "contentId": "AbuseIPDBAPIConnector",
                      "version": "1.0"
                    }
                  ]
                }
              }
            }
          ],
          "metadata": {
            "title": " AbuseIPDB Report a IPs To AbuselPDB After Checking By User In MSTeams",
            "description": "When a new sentinel incident is created, this playbook gets triggered and performs the following actions:\n 1. Sends an adaptive card to the Teams channel where the analyst can choose an action to be taken.",
            "prerequisites": [
              "1. Prior to the deployment of this playbook, AbuseIPDB Connector needs to be deployed under the same subscription.",
              "2. Obtain AbuseIPDB API credentials.",
              "3. Obtain Teams group id and channel id."
            ],
            "postDeployment": [
              "**a. Authorize connections**",
              "Once deployment is complete, authorize each connection.",
              "1. Open playbook which has been deployed.",
              "2. Click API connection on left side blade.",
              "3. Click the Microsoft Sentinel connection resource.",
              "4. Click edit API connection.",
              "5. Click Authorize.",
              "6. Sign in.",
              "7. Click Save.",
              "8. Repeat steps for other connections."
            ],
            "lastUpdateTime": "2022-09-20T00:00:00Z",
            "entities": [
              "Ip"
            ],
            "releaseNotes": [
              {
                "version": "1.0.0",
                "title": "AbuseIPDB Report a IPs To AbuselPDB After Checking By User In MSTeams",
                "notes": [
                  "Initial version"
                ]
              }
            ]
          }
        },
        "packageKind": "Solution",
        "packageVersion": "2.0.0",
        "packageName": "AbuseIPDB",
        "packageId": "azuresentinel.azure-sentinel-solution-abuseipdb",
        "contentProductId": "azuresentinel.azure-sentinel-solution-abuseipdb-pl-klgi7qv626ydg",
        "id": "azuresentinel.azure-sentinel-solution-abuseipdb-pl-klgi7qv626ydg",
        "contentSchemaVersion": "3.0.0",
        "version": "1.0"
      }
    }
  ]
}