{
  "$schema": "https://schema.management.azure.com/schemas/2019-04-01/deploymentTemplate.json#",
  "contentVersion": "1.0.0.0",
  "parameters": {
    "location": {
      "type": "string",
      "minLength": 1,
      "defaultValue": "[resourceGroup().location]",
      "metadata": {
        "description": "Not used, but needed to pass arm-ttk test `Location-Should-Not-Be-Hardcoded`.  We instead use the `workspace-location` which is derived from the LA workspace"
      }
    },
    "workspace-location": {
      "type": "string",
      "defaultValue": "",
      "metadata": {
        "description": "[concat('Region to deploy solution resources -- separate from location selection',parameters('location'))]"
      }
    },
    "workspace": {
      "defaultValue": "",
      "type": "string",
      "metadata": {
        "description": "Workspace name for Log Analytics where Microsoft Sentinel is setup"
      }
    }
  },
  "variables": {},
  "resources": [
    {
      "type": "Microsoft.OperationalInsights/workspaces/providers/packages",
      "location": "[parameters('workspace-location')]",
      "apiVersion": "2022-08-01",
      "properties": {
        "packageKind": "Standalone",
        "packageItems": {
          "resources": [
            {
              "type": "Microsoft.OperationalInsights/workspaces/providers/contentTemplates",
              "name": "[concat(parameters('workspace'),'/Microsoft.SecurityInsights/', 'dd78a122-d377-415a-afe9-f22e08d2112c')]",
              "location": "[parameters('workspace-location')]",
              "apiVersion": "2022-08-01",
              "properties": {
                "contentId": "dd78a122-d377-415a-afe9-f22e08d2112c",
                "displayName": "Service Principal Assigned App Role With Sensitive Access",
                "contentKind": "AnalyticsRule",
                "mainTemplate": {
                  "$schema": "https://schema.management.azure.com/schemas/2019-04-01/deploymentTemplate.json#",
                  "contentVersion": "1.0.0",
                  "resources": [
                    {
                      "type": "Microsoft.OperationalInsights/workspaces/providers/alertRules",
                      "apiVersion": "2022-04-01-preview",
                      "name": "dd78a122-d377-415a-afe9-f22e08d2112c",
                      "kind": "Scheduled",
                      "location": "[parameters('workspace-location')]",
                      "properties": {
                        "description": "Detects a Service Principal being assigned an app role that has sensitive access such as Mail.Read.\n  A threat actor who compromises a Service Principal may assign it an app role to allow it to access sensitive data, or to perform other actions.\n  Ensure that any assignment to a Service Principal is valid and appropriate.\n  Ref: https://docs.microsoft.com/azure/active-directory/fundamentals/security-operations-applications#application-granted-highly-privileged-permissions",
                        "displayName": "Service Principal Assigned App Role With Sensitive Access",
                        "enabled": false,
                        "query": "// Add other permissions to this list as needed\n  let permissions = dynamic([\"Mail.Read\", \"offline_access\", \"Files.Read\", \"Notes.Read\", \"ChannelMessage.Read\", \"Chat.Read\", \"TeamsActivity.Read\",\n  \"Group.Read\", \"EWS.AccessAsUser.All\", \"EAS.AccessAsUser.All\"]);\n  AuditLogs\n  | where OperationName =~ \"Add app role assignment to service principal\"\n  | mv-expand TargetResources[0].modifiedProperties\n  | extend TargetResources_0_modifiedProperties = columnifexists(\"TargetResources_0_modifiedProperties\", '')\n  | where isnotempty(TargetResources_0_modifiedProperties)\n  | where TargetResources_0_modifiedProperties.displayName =~ \"AppRole.Value\" or TargetResources_0_modifiedProperties.displayName =~ \"DelegatedPermissionGrant.Scope\"\n  | extend Permissions = split((parse_json(tostring(TargetResources_0_modifiedProperties.newValue))), \" \")\n  | where Permissions has_any (permissions)\n  | summarize AddedPermissions=make_set(Permissions) by CorrelationId\n  | join kind=inner (AuditLogs\n  | where OperationName =~ \"Add app role assignment to service principal\") on CorrelationId\n  | extend InitiatedBy = tostring(iff(isnotempty(InitiatedBy.user.userPrincipalName),InitiatedBy.user.userPrincipalName, InitiatedBy.app.displayName))\n  | extend ServicePrincipal = tostring(parse_json(tostring(parse_json(tostring(TargetResources[0].modifiedProperties))[4].newValue)))\n  | extend SPID = tostring(parse_json(tostring(parse_json(tostring(TargetResources[0].modifiedProperties))[6].newValue)))\n  | extend InitiatedBy = pack(\"User\", InitiatedBy, \"UA\", UserAgent, \"IPAddress\", IpAddress)\n  | mv-expand kind=array AddedPermissions\n  | summarize FirstSeen = min(TimeGenerated), LastSeen = max(TimeGenerated), make_set(InitiatedBy), make_set(AddedPermissions) by SPID, ServicePrincipal\n",
                        "queryFrequency": "P1D",
                        "queryPeriod": "P1D",
                        "severity": "Medium",
                        "suppressionDuration": "PT1H",
                        "suppressionEnabled": false,
                        "triggerOperator": "GreaterThan",
                        "triggerThreshold": 0,
                        "tactics": [
                          "PrivilegeEscalation"
                        ],
                        "techniques": [
                          "T1078.004"
                        ],
                        "entityMappings": [
                          {
                            "entityType": "Account",
                            "fieldMappings": [
                              {
                                "columnName": "ServicePrincipal",
                                "identifier": "Name"
                              }
                            ]
                          },
                          {
                            "entityType": "Account",
                            "fieldMappings": [
                              {
                                "columnName": "SPID",
                                "identifier": "AadUserId"
                              }
                            ]
                          }
                        ]
                      }
                    },
                    {
                      "type": "Microsoft.OperationalInsights/workspaces/providers/metadata",
                      "apiVersion": "2021-03-01-preview",
                      "properties": {
                        "description": "'Detects a Service Principal being assigned an app role that has sensitive access such as Mail.Read.\n  A threat actor who compromises a Service Principal may assign it an app role to allow it to access sensitive data, or to perform other actions.\n  Ensure that any assignment to a Service Principal is valid and appropriate.\n  Ref: https://docs.microsoft.com/azure/active-directory/fundamentals/security-operations-applications#application-granted-highly-privileged-permissions'\n",
                        "version": "1.0.0",
                        "author": {
                          "name": "Community"
                        },
                        "support": {
                          "name": "Community",
                          "link": "https://github.com/Azure/Azure-Sentinel/issues",
                          "tier": "Community"
                        },
                        "source": {
                          "kind": "Community",
                          "name": "Standalone"
                        },
                        "threatAnalysisTactics": [
                          "PrivilegeEscalation"
                        ],
                        "threatAnalyticsTechniques": [
                          "T1078.004"
                        ],
                        "contentId": "dd78a122-d377-415a-afe9-f22e08d2112c",
                        "parentId": "dd78a122-d377-415a-afe9-f22e08d2112c",
                        "kind": "AnalyticsRule",
                        "dependencies": {
                          "operator": "AND",
                          "criteria": [
                            {
                              "contentId": "AuditLogs",
                              "kind": "DataType"
                            }
                          ]
                        }
                      }
                    }
                  ]
                }
              }
            }
          ]
        },
        "author": {
          "name": "Community"
        },
        "dependencies": {
          "operator": "AND",
          "criteria": [
            {
              "contentId": "dd78a122-d377-415a-afe9-f22e08d2112c",
              "kind": "AnalyticsRule"
            }
          ]
        },
        "description": "'Detects a Service Principal being assigned an app role that has sensitive access such as Mail.Read.\n  A threat actor who compromises a Service Principal may assign it an app role to allow it to access sensitive data, or to perform other actions.\n  Ensure that any assignment to a Service Principal is valid and appropriate.\n  Ref: https://docs.microsoft.com/azure/active-directory/fundamentals/security-operations-applications#application-granted-highly-privileged-permissions'\n",
        "displayName": "Service Principal Assigned App Role With Sensitive Access",
        "packageId": "dd78a122-d377-415a-afe9-f22e08d2112c",
        "source": {
          "kind": "Community",
          "name": "Standalone"
        },
        "support": {
          "name": "Community",
          "link": "https://github.com/Azure/Azure-Sentinel/issues",
          "tier": "Community"
        },
        "threatAnalysisTactics": [
          "PrivilegeEscalation"
        ],
        "threatAnalyticsTechniques": [
          "T1078.004"
        ],
        "version": "1.0.0"
      },
      "name": "[concat(parameters('workspace'),'/Microsoft.SecurityInsights/', 'dd78a122-d377-415a-afe9-f22e08d2112c')]"
    }
  ]
}