{
  "$schema": "https://schema.management.azure.com/schemas/2019-04-01/deploymentTemplate.json#",
  "parameters": {
    "location": {
      "type": "string",
      "minLength": 1,
      "defaultValue": "[resourceGroup().location]",
      "metadata": {
        "description": "Not used, but needed to pass arm-ttk test `Location-Should-Not-Be-Hardcoded`.  We instead use the `workspace-location` which is derived from the LA workspace"
      }
    },
    "workspace-location": {
      "type": "string",
      "defaultValue": "",
      "metadata": {
        "description": "[concat('Region to deploy solution resources -- separate from location selection',parameters('location'))]"
      }
    },
    "workspace": {
      "defaultValue": "",
      "type": "string",
      "metadata": {
        "description": "Workspace name for Log Analytics where Microsoft Sentinel is setup"
      }
    }
  },
  "variables": {},
  "resources": [
    {
      "type": "Microsoft.OperationalInsights/workspaces/providers/packages",
      "location": "[parameters('workspace-location')]",
      "apiVersion": "2022-08-01",
      "properties": {
        "packageKind": "Standalone",
        "packageItems": {
          "resources": [
            {
              "type": "Microsoft.OperationalInsights/workspaces/providers/contentTemplates",
              "name": "[concat(parameters('workspace'),'/Microsoft.SecurityInsights/', 'd6bf1931-b1eb-448d-90b2-de118559c7ce')]",
              "location": "[parameters('workspace-location')]",
              "apiVersion": "2022-08-01",
              "properties": {
                "contentId": "d6bf1931-b1eb-448d-90b2-de118559c7ce",
                "displayName": "Cisco Umbrella - Request Allowed to harmful/malicious URI category",
                "contentKind": "AnalyticsRule",
                "mainTemplate": {
                  "$schema": "https://schema.management.azure.com/schemas/2019-04-01/deploymentTemplate.json#",
                  "contentVersion": "1.1.0",
                  "resources": [
                    {
                      "type": "Microsoft.OperationalInsights/workspaces/providers/alertRules",
                      "apiVersion": "2022-04-01-preview",
                      "name": "[concat(parameters('workspace'),'/Microsoft.SecurityInsights/', '' )]",
                      "kind": "Scheduled",
                      "location": "[parameters('workspace-location')]",
                      "properties": {
                        "description": "It is reccomended that these Categories shoud be blocked by policies because they provide harmful/malicious content..",
                        "displayName": "Cisco Umbrella - Request Allowed to harmful/malicious URI category",
                        "enabled": false,
                        "query": "let lbtime = 10m;\nCisco_Umbrella\n| where TimeGenerated > ago(lbtime)\n| where EventType == 'proxylogs'\n| where DvcAction =~ 'Allowed'\n| where UrlCategory contains 'Adult Themes' or\n      UrlCategory contains 'Adware' or\n      UrlCategory contains 'Alcohol' or\n      UrlCategory contains 'Illegal Downloads' or\n      UrlCategory contains 'Drugs' or\n      UrlCategory contains 'Child Abuse Content' or\n      UrlCategory contains 'Hate/Discrimination' or\n      UrlCategory contains 'Nudity' or\n      UrlCategory contains 'Pornography' or\n      UrlCategory contains 'Proxy/Anonymizer' or\n      UrlCategory contains 'Sexuality' or\n      UrlCategory contains 'Tasteless' or\n      UrlCategory contains 'Terrorism' or\n      UrlCategory contains 'Web Spam' or\n      UrlCategory contains 'German Youth Protection' or\n      UrlCategory contains 'Illegal Activities' or\n      UrlCategory contains 'Lingerie/Bikini' or\n      UrlCategory contains 'Weapons'\n| project TimeGenerated, SrcIpAddr, Identities\n| extend IPCustomEntity = SrcIpAddr\n| extend AccountCustomEntity = Identities\n",
                        "queryFrequency": "PT10M",
                        "queryPeriod": "PT10M",
                        "severity": "Medium",
                        "suppressionDuration": "PT1H",
                        "suppressionEnabled": false,
                        "triggerOperator": "GreaterThan",
                        "triggerThreshold": 0,
                        "tactics": [
                          "CommandAndControl",
                          "InitialAccess"
                        ],
                        "entityMappings": [
                          {
                            "entityType": "Account",
                            "fieldMappings": [
                              {
                                "columnName": "AccountCustomEntity",
                                "identifier": "FullName"
                              }
                            ]
                          },
                          {
                            "entityType": "IP",
                            "fieldMappings": [
                              {
                                "columnName": "IPCustomEntity",
                                "identifier": "Address"
                              }
                            ]
                          }
                        ]
                      }
                    },
                    {
                      "type": "Microsoft.OperationalInsights/workspaces/providers/metadata",
                      "apiVersion": "2021-03-01-preview",
                      "name": "[concat(parameters('workspace'),'/Microsoft.SecurityInsights/', '')]",
                      "properties": {
                        "description": "'It is reccomended that these Categories shoud be blocked by policies because they provide harmful/malicious content..'\n",
                        "version": "1.1.0",
                        "source": {
                          "kind": "Community"
                        },
                        "threatAnalysisTactics": [
                          "CommandAndControl",
                          "InitialAccess"
                        ],
                        "contentId": "d6bf1931-b1eb-448d-90b2-de118559c7ce",
                        "parentId": "d6bf1931-b1eb-448d-90b2-de118559c7ce",
                        "kind": "AnalyticsRule",
                        "dependencies": {
                          "operator": "AND",
                          "criteria": [
                            {
                              "contentId": "Cisco_Umbrella_proxy_CL",
                              "kind": "DataType"
                            }
                          ]
                        }
                      }
                    }
                  ]
                }
              }
            }
          ]
        },
        "dependencies": {
          "operator": "AND",
          "criteria": [
            {
              "contentId": "d6bf1931-b1eb-448d-90b2-de118559c7ce",
              "kind": "AnalyticsRule"
            }
          ]
        },
        "description": "'It is reccomended that these Categories shoud be blocked by policies because they provide harmful/malicious content..'\n",
        "displayName": "Cisco Umbrella - Request Allowed to harmful/malicious URI category",
        "packageId": "d6bf1931-b1eb-448d-90b2-de118559c7ce",
        "source": {
          "kind": "Community"
        },
        "threatAnalysisTactics": [
          "CommandAndControl",
          "InitialAccess"
        ],
        "version": "1.1.0"
      },
      "name": "[concat(parameters('workspace'),'/Microsoft.SecurityInsights/', 'd6bf1931-b1eb-448d-90b2-de118559c7ce')]"
    }
  ]
}