{
  "$schema": "https://schema.management.azure.com/schemas/2019-04-01/deploymentTemplate.json#",
  "parameters": {
    "location": {
      "type": "string",
      "minLength": 1,
      "defaultValue": "[resourceGroup().location]",
      "metadata": {
        "description": "Not used, but needed to pass arm-ttk test `Location-Should-Not-Be-Hardcoded`.  We instead use the `workspace-location` which is derived from the LA workspace"
      }
    },
    "workspace-location": {
      "type": "string",
      "defaultValue": "",
      "metadata": {
        "description": "[concat('Region to deploy solution resources -- separate from location selection',parameters('location'))]"
      }
    },
    "workspace": {
      "defaultValue": "",
      "type": "string",
      "metadata": {
        "description": "Workspace name for Log Analytics where Microsoft Sentinel is setup"
      }
    }
  },
  "variables": {},
  "resources": [
    {
      "type": "Microsoft.OperationalInsights/workspaces/providers/packages",
      "location": "[parameters('workspace-location')]",
      "apiVersion": "2022-08-01",
      "properties": {
        "packageKind": "Standalone",
        "packageItems": {
          "resources": [
            {
              "type": "Microsoft.OperationalInsights/workspaces/providers/contentTemplates",
              "name": "[concat(parameters('workspace'),'/Microsoft.SecurityInsights/', '95407904-0131-4918-bc49-ebf282ce149a')]",
              "location": "[parameters('workspace-location')]",
              "apiVersion": "2022-08-01",
              "properties": {
                "contentId": "95407904-0131-4918-bc49-ebf282ce149a",
                "displayName": "Known POLONIUM IP",
                "contentKind": "AnalyticsRule",
                "mainTemplate": {
                  "$schema": "https://schema.management.azure.com/schemas/2019-04-01/deploymentTemplate.json#",
                  "contentVersion": "1.0.0",
                  "resources": [
                    {
                      "type": "Microsoft.OperationalInsights/workspaces/providers/alertRules",
                      "apiVersion": "2022-04-01-preview",
                      "name": "[concat(parameters('workspace'),'/Microsoft.SecurityInsights/', '' )]",
                      "kind": "Scheduled",
                      "location": "[parameters('workspace-location')]",
                      "properties": {
                        "description": "Identifies a match across various data feeds for IP IOCs related to the POLONIUM activity group.  \n References: BLOGURL",
                        "displayName": "Known POLONIUM IP",
                        "enabled": false,
                        "query": "let IPList = dynamic([\"135.125.147.170:80\",\"185.244.129.79:63047\",\"185.244.129.79:80\",\"45.80.149.108:63047\",\"45.80.149.108:80\",\"45.80.149.57:63047\",\"45.80.149.68:63047\",\"45.80.149.71:80\",\"185.244.129.109\",\"172.96.188.51\",\"51.83.246.73\"]); \n(union isfuzzy=true \n(CommonSecurityLog \n| where isnotempty(SourceIP) or isnotempty(DestinationIP) \n| where SourceIP in (IPList) or DestinationIP in (IPList) or Message has_any (IPList) \n| extend IPMatch = case(SourceIP in (IPList), \"SourceIP\", DestinationIP in (IPList), \"DestinationIP\", \"Message\")  \n| summarize StartTimeUtc = min(TimeGenerated), EndTimeUtc = max(TimeGenerated) by SourceIP, DestinationIP, DeviceProduct, DeviceAction, Message, Protocol, SourcePort, DestinationPort, DeviceAddress, DeviceName, IPMatch \n| extend timestamp = StartTimeUtc, IPCustomEntity = case(IPMatch == \"SourceIP\", SourceIP, IPMatch == \"DestinationIP\", DestinationIP, \"IP in Message Field\")  \n), \n(OfficeActivity \n|extend SourceIPAddress = ClientIP, Account = UserId \n| where  SourceIPAddress in (IPList) \n| extend timestamp = TimeGenerated , IPCustomEntity = SourceIPAddress , AccountCustomEntity = Account \n),\n(_Im_Dns (response_has_any_prefix=IPList)\n| extend DestinationIPAddress = ResponseName,  Host = SrcIpAddr \n| extend timestamp = TimeGenerated, IPCustomEntity = DestinationIPAddress, HostCustomEntity = Host \n), \n(_Im_NetworkSession (srcipaddr_has_any_prefix=IPList)\n | extend timestamp = TimeGenerated, IPCustomEntity = SrcIpAddr, HostCustomEntity = Hostname, AccountCustomEntity=User\n), \n(_Im_NetworkSession (dstipaddr_has_any_prefix=IPList)\n| extend timestamp = TimeGenerated, IPCustomEntity = DstIpAddr, HostCustomEntity = Hostname , AccountCustomEntity = User\n), \n(WireData  \n| where isnotempty(RemoteIP) \n| where RemoteIP in (IPList) \n| extend timestamp = TimeGenerated, IPCustomEntity = RemoteIP, HostCustomEntity = Computer \n), \n(SigninLogs \n| where isnotempty(IPAddress) \n| where IPAddress in (IPList) \n| extend timestamp = TimeGenerated, AccountCustomEntity = UserPrincipalName, IPCustomEntity = IPAddress \n),\n(AADNonInteractiveUserSignInLogs \n| where isnotempty(IPAddress) \n| where IPAddress in (IPList) \n| extend timestamp = TimeGenerated, AccountCustomEntity = UserPrincipalName, IPCustomEntity = IPAddress \n), \n(W3CIISLog  \n| where isnotempty(cIP) \n| where cIP in (IPList) \n| extend timestamp = TimeGenerated, IPCustomEntity = cIP, HostCustomEntity = Computer, AccountCustomEntity = csUserName \n), \n(AzureActivity  \n| where isnotempty(CallerIpAddress) \n| where CallerIpAddress in (IPList) \n| extend timestamp = TimeGenerated, IPCustomEntity = CallerIpAddress, AccountCustomEntity = Caller \n), \n( \nAWSCloudTrail \n| where isnotempty(SourceIpAddress) \n| where SourceIpAddress in (IPList) \n| extend timestamp = TimeGenerated, IPCustomEntity = SourceIpAddress, AccountCustomEntity = UserIdentityUserName \n), \n( \nDeviceNetworkEvents \n| where isnotempty(RemoteIP)  \n| where RemoteIP in (IPList)  \n| extend timestamp = TimeGenerated, IPCustomEntity = RemoteIP, HostCustomEntity = DeviceName  \n),\n(\nAzureDiagnostics\n| where ResourceType == \"AZUREFIREWALLS\"\n| where Category == \"AzureFirewallApplicationRule\"\n| parse msg_s with Protocol 'request from ' SourceHost ':' SourcePort 'to ' DestinationHost ':' DestinationPort '. Action:' Action\n| where isnotempty(DestinationHost)\n| where DestinationHost has_any (IPList)  \n| extend DestinationIP = DestinationHost \n| extend IPCustomEntity = SourceHost\n),\n(\nAzureDiagnostics\n| where ResourceType == \"AZUREFIREWALLS\"\n| where Category == \"AzureFirewallNetworkRule\"\n| parse msg_s with Protocol 'request from ' SourceHost ':' SourcePort 'to ' DestinationHost ':' DestinationPort '. Action:' Action\n| where isnotempty(DestinationHost)\n| where DestinationHost has_any (IPList)  \n| extend DestinationIP = DestinationHost \n| extend IPCustomEntity = SourceHost\n)\n) \n",
                        "queryFrequency": "P1D",
                        "queryPeriod": "P1D",
                        "severity": "High",
                        "suppressionDuration": "PT1H",
                        "suppressionEnabled": false,
                        "triggerOperator": "GreaterThan",
                        "triggerThreshold": 0,
                        "tactics": [
                          "CommandAndControl"
                        ],
                        "entityMappings": [
                          {
                            "entityType": "Account",
                            "fieldMappings": [
                              {
                                "columnName": "AccountCustomEntity",
                                "identifier": "FullName"
                              }
                            ]
                          },
                          {
                            "entityType": "Host",
                            "fieldMappings": [
                              {
                                "columnName": "HostCustomEntity",
                                "identifier": "FullName"
                              }
                            ]
                          },
                          {
                            "entityType": "IP",
                            "fieldMappings": [
                              {
                                "columnName": "IPCustomEntity",
                                "identifier": "Address"
                              }
                            ]
                          }
                        ]
                      }
                    },
                    {
                      "type": "Microsoft.OperationalInsights/workspaces/providers/metadata",
                      "apiVersion": "2021-03-01-preview",
                      "name": "[concat(parameters('workspace'),'/Microsoft.SecurityInsights/', '')]",
                      "properties": {
                        "description": "'Identifies a match across various data feeds for IP IOCs related to the POLONIUM activity group.  \n References: BLOGURL' \n",
                        "version": "1.0.0",
                        "source": {
                          "kind": "Community"
                        },
                        "threatAnalysisTactics": [
                          "CommandAndControl"
                        ],
                        "contentId": "95407904-0131-4918-bc49-ebf282ce149a",
                        "parentId": "95407904-0131-4918-bc49-ebf282ce149a",
                        "kind": "AnalyticsRule",
                        "dependencies": {
                          "operator": "AND",
                          "criteria": [
                            {
                              "contentId": "AWSVPCFlow",
                              "kind": "DataType"
                            },
                            {
                              "contentId": "WindowsEvent",
                              "kind": "DataType"
                            },
                            {
                              "contentId": "Syslog",
                              "kind": "DataType"
                            },
                            {
                              "contentId": "OfficeActivity",
                              "kind": "DataType"
                            },
                            {
                              "contentId": "DnsEvents",
                              "kind": "DataType"
                            },
                            {
                              "contentId": "VMConnection",
                              "kind": "DataType"
                            },
                            {
                              "contentId": "CommonSecurityLog",
                              "kind": "DataType"
                            },
                            {
                              "contentId": "CommonSecurityLog",
                              "kind": "DataType"
                            },
                            {
                              "contentId": "SecurityEvent",
                              "kind": "DataType"
                            },
                            {
                              "contentId": "SigninLogs",
                              "kind": "DataType"
                            },
                            {
                              "contentId": "AADNonInteractiveUserSignInLogs",
                              "kind": "DataType"
                            },
                            {
                              "contentId": "WireData",
                              "kind": "DataType"
                            },
                            {
                              "contentId": "W3CIISLog",
                              "kind": "DataType"
                            },
                            {
                              "contentId": "AzureActivity",
                              "kind": "DataType"
                            },
                            {
                              "contentId": "AWSCloudTrail",
                              "kind": "DataType"
                            },
                            {
                              "contentId": "DeviceNetworkEvents",
                              "kind": "DataType"
                            },
                            {
                              "contentId": "AzureDiagnostics",
                              "kind": "DataType"
                            },
                            {
                              "contentId": "CommonSecurityLog",
                              "kind": "DataType"
                            },
                            {
                              "contentId": "Syslog",
                              "kind": "DataType"
                            },
                            {
                              "contentId": "GCP_DNS_CL",
                              "kind": "DataType"
                            },
                            {
                              "contentId": "NXLog_DNS_Server_CL",
                              "kind": "DataType"
                            },
                            {
                              "contentId": "Cisco_Umbrella_dns_CL",
                              "kind": "DataType"
                            },
                            {
                              "contentId": "Corelight_CL",
                              "kind": "DataType"
                            }
                          ]
                        }
                      }
                    }
                  ]
                }
              }
            }
          ]
        },
        "dependencies": {
          "operator": "AND",
          "criteria": [
            {
              "contentId": "95407904-0131-4918-bc49-ebf282ce149a",
              "kind": "AnalyticsRule"
            }
          ]
        },
        "description": "'Identifies a match across various data feeds for IP IOCs related to the POLONIUM activity group.  \n References: BLOGURL' \n",
        "displayName": "Known POLONIUM IP",
        "packageId": "95407904-0131-4918-bc49-ebf282ce149a",
        "source": {
          "kind": "Community"
        },
        "threatAnalysisTactics": [
          "CommandAndControl"
        ],
        "version": "1.0.0"
      },
      "name": "[concat(parameters('workspace'),'/Microsoft.SecurityInsights/', '95407904-0131-4918-bc49-ebf282ce149a')]"
    }
  ]
}