{
  "$schema": "https://schema.management.azure.com/schemas/2019-04-01/deploymentTemplate.json#",
  "parameters": {
    "location": {
      "type": "string",
      "minLength": 1,
      "defaultValue": "[resourceGroup().location]",
      "metadata": {
        "description": "Not used, but needed to pass arm-ttk test `Location-Should-Not-Be-Hardcoded`.  We instead use the `workspace-location` which is derived from the LA workspace"
      }
    },
    "workspace-location": {
      "type": "string",
      "defaultValue": "",
      "metadata": {
        "description": "[concat('Region to deploy solution resources -- separate from location selection',parameters('location'))]"
      }
    },
    "workspace": {
      "defaultValue": "",
      "type": "string",
      "metadata": {
        "description": "Workspace name for Log Analytics where Microsoft Sentinel is setup"
      }
    }
  },
  "variables": {},
  "resources": [
    {
      "type": "Microsoft.OperationalInsights/workspaces/providers/packages",
      "location": "[parameters('workspace-location')]",
      "apiVersion": "2022-08-01",
      "properties": {
        "packageKind": "Standalone",
        "packageItems": {
          "resources": [
            {
              "type": "Microsoft.OperationalInsights/workspaces/providers/contentTemplates",
              "name": "[concat(parameters('workspace'),'/Microsoft.SecurityInsights/', 'ec21493c-2684-4acd-9bc2-696dbad72426')]",
              "location": "[parameters('workspace-location')]",
              "apiVersion": "2022-08-01",
              "properties": {
                "contentId": "ec21493c-2684-4acd-9bc2-696dbad72426",
                "displayName": "TI map Domain entity to PaloAlto",
                "contentKind": "AnalyticsRule",
                "mainTemplate": {
                  "$schema": "https://schema.management.azure.com/schemas/2019-04-01/deploymentTemplate.json#",
                  "contentVersion": "1.2.0",
                  "resources": [
                    {
                      "type": "Microsoft.OperationalInsights/workspaces/providers/alertRules",
                      "apiVersion": "2022-04-01-preview",
                      "name": "[concat(parameters('workspace'),'/Microsoft.SecurityInsights/', '' )]",
                      "kind": "Scheduled",
                      "location": "[parameters('workspace-location')]",
                      "properties": {
                        "description": "Identifies a match in Palo Alto data in CommonSecurityLog table from any Domain IOC from TI",
                        "displayName": "TI map Domain entity to PaloAlto",
                        "enabled": false,
                        "query": "\nlet dt_lookBack = 1h;\nlet ioc_lookBack = 14d;\n//Create a list of TLDs in our threat feed for later validation of extracted domains\nlet list_tlds = ThreatIntelligenceIndicator\n    | where TimeGenerated > ago(ioc_lookBack)\n    | where isnotempty(DomainName)\n    | extend DomainName = tolower(DomainName)\n    | extend parts = split(DomainName, '.')\n    | extend tld = parts[(array_length(parts)-1)]\n    | summarize count() by tostring(tld)\n    | summarize make_list(tld);\n    ThreatIntelligenceIndicator\n    | where TimeGenerated >= ago(ioc_lookBack) and ExpirationDateTime > now()\n    | summarize LatestIndicatorTime = arg_max(TimeGenerated, *) by IndicatorId\n    | where Active == true\n    // Picking up only IOC's that contain the entities we want\n    | where isnotempty(DomainName)\n    // using innerunique to keep perf fast and result set low, we only need one match to indicate potential malicious activity that needs to be investigated\n    | join kind=innerunique (\n        CommonSecurityLog\n        | extend IngestionTime = ingestion_time()\n        | where IngestionTime > ago(dt_lookBack)\n        | where DeviceVendor =~ 'Palo Alto Networks'\n        | where DeviceEventClassID =~ 'url'\n        //Uncomment the line below to only alert on allowed connections\n        //| where DeviceAction !~ \"block-url\"\n        //Extract domain from RequestURL, if not present extarct it from AdditionalExtentions\n        | extend PA_Url = columnifexists(\"RequestURL\", \"None\")\n        | extend PA_Url = iif(isempty(PA_Url) and AdditionalExtensions !startswith \"PanOS\", extract(\"([^\\\"]+)\", 1, tolower(AdditionalExtensions)), trim('\"', PA_Url))\n        | extend PA_Url = iif(PA_Url !startswith \"http://\" and ApplicationProtocol !~ \"ssl\", strcat('http://', PA_Url), iif(PA_Url !startswith \"https://\" and ApplicationProtocol =~ \"ssl\", strcat('https://', PA_Url), PA_Url))\n        | extend Domain = trim(@\"\"\"\",tostring(parse_url(PA_Url).Host))\n        | where isnotempty(Domain)\n        | extend Domain = tolower(Domain)\n        | extend parts = split(Domain, '.')\n        //Split out the TLD for the purpose of checking if we have any TI indicators with this TLD to match on\n        | extend tld = parts[(array_length(parts)-1)]\n        //Validate parsed domain by checking TLD against TLDs from threat feed and drop domains where there is no chance of a match\n        | where tld in~ (list_tlds)\n        | extend CommonSecurityLog_TimeGenerated = TimeGenerated\n    ) on $left.DomainName==$right.Domain\n    | where CommonSecurityLog_TimeGenerated < ExpirationDateTime\n    | summarize CommonSecurityLog_TimeGenerated = arg_max(CommonSecurityLog_TimeGenerated, *) by IndicatorId, Domain\n    | project CommonSecurityLog_TimeGenerated, Description, ActivityGroupNames, PA_Url, Domain, IndicatorId, ThreatType, ExpirationDateTime, ConfidenceScore, \n    DeviceAction, DestinationIP, DestinationPort, DeviceName, SourceIP, SourcePort, ApplicationProtocol, RequestMethod\n    | extend timestamp = CommonSecurityLog_TimeGenerated, IPCustomEntity = SourceIP, HostCustomEntity = DeviceName, URLCustomEntity = PA_Url\n",
                        "queryFrequency": "PT1H",
                        "queryPeriod": "P14D",
                        "severity": "Medium",
                        "suppressionDuration": "PT1H",
                        "suppressionEnabled": false,
                        "triggerOperator": "GreaterThan",
                        "triggerThreshold": 0,
                        "tactics": [
                          "Impact"
                        ],
                        "entityMappings": [
                          {
                            "entityType": "Host",
                            "fieldMappings": [
                              {
                                "columnName": "HostCustomEntity",
                                "identifier": "FullName"
                              }
                            ]
                          },
                          {
                            "entityType": "IP",
                            "fieldMappings": [
                              {
                                "columnName": "IPCustomEntity",
                                "identifier": "Address"
                              }
                            ]
                          },
                          {
                            "entityType": "URL",
                            "fieldMappings": [
                              {
                                "columnName": "URLCustomEntity",
                                "identifier": "Url"
                              }
                            ]
                          }
                        ]
                      }
                    },
                    {
                      "type": "Microsoft.OperationalInsights/workspaces/providers/metadata",
                      "apiVersion": "2021-03-01-preview",
                      "name": "[concat(parameters('workspace'),'/Microsoft.SecurityInsights/', '')]",
                      "properties": {
                        "description": "'Identifies a match in Palo Alto data in CommonSecurityLog table from any Domain IOC from TI'\n",
                        "version": "1.2.0",
                        "source": {
                          "kind": "Community"
                        },
                        "threatAnalysisTactics": [
                          "Impact"
                        ],
                        "contentId": "ec21493c-2684-4acd-9bc2-696dbad72426",
                        "parentId": "ec21493c-2684-4acd-9bc2-696dbad72426",
                        "kind": "AnalyticsRule",
                        "dependencies": {
                          "operator": "AND",
                          "criteria": [
                            {
                              "contentId": "CommonSecurityLog",
                              "kind": "DataType"
                            },
                            {
                              "contentId": "ThreatIntelligenceIndicator",
                              "kind": "DataType"
                            },
                            {
                              "contentId": "ThreatIntelligenceIndicator",
                              "kind": "DataType"
                            }
                          ]
                        }
                      }
                    }
                  ]
                }
              }
            }
          ]
        },
        "dependencies": {
          "operator": "AND",
          "criteria": [
            {
              "contentId": "ec21493c-2684-4acd-9bc2-696dbad72426",
              "kind": "AnalyticsRule"
            }
          ]
        },
        "description": "'Identifies a match in Palo Alto data in CommonSecurityLog table from any Domain IOC from TI'\n",
        "displayName": "TI map Domain entity to PaloAlto",
        "packageId": "ec21493c-2684-4acd-9bc2-696dbad72426",
        "source": {
          "kind": "Community"
        },
        "threatAnalysisTactics": [
          "Impact"
        ],
        "version": "1.2.0"
      },
      "name": "[concat(parameters('workspace'),'/Microsoft.SecurityInsights/', 'ec21493c-2684-4acd-9bc2-696dbad72426')]"
    }
  ]
}