{
  "$schema": "https://schema.management.azure.com/schemas/2019-04-01/deploymentTemplate.json#",
  "contentVersion": "1.0.0.0",
  "parameters": {
    "location": {
      "type": "string",
      "minLength": 1,
      "defaultValue": "[resourceGroup().location]",
      "metadata": {
        "description": "Not used, but needed to pass arm-ttk test `Location-Should-Not-Be-Hardcoded`.  We instead use the `workspace-location` which is derived from the LA workspace"
      }
    },
    "workspace-location": {
      "type": "string",
      "defaultValue": "",
      "metadata": {
        "description": "[concat('Region to deploy solution resources -- separate from location selection',parameters('location'))]"
      }
    },
    "workspace": {
      "defaultValue": "",
      "type": "string",
      "metadata": {
        "description": "Workspace name for Log Analytics where Microsoft Sentinel is setup"
      }
    }
  },
  "variables": {},
  "resources": [
    {
      "type": "Microsoft.OperationalInsights/workspaces/providers/packages",
      "location": "[parameters('workspace-location')]",
      "apiVersion": "2022-08-01",
      "properties": {
        "packageKind": "Standalone",
        "packageItems": {
          "resources": [
            {
              "type": "Microsoft.OperationalInsights/workspaces/providers/contentTemplates",
              "name": "[concat(parameters('workspace'),'/Microsoft.SecurityInsights/', '2566e99f-ad0f-472a-b9ac-d3899c9283e6')]",
              "location": "[parameters('workspace-location')]",
              "apiVersion": "2022-08-01",
              "properties": {
                "contentId": "2566e99f-ad0f-472a-b9ac-d3899c9283e6",
                "displayName": "Dev-0270 Registry IOC - September 2022",
                "contentKind": "AnalyticsRule",
                "mainTemplate": {
                  "$schema": "https://schema.management.azure.com/schemas/2019-04-01/deploymentTemplate.json#",
                  "contentVersion": "1.0.0",
                  "resources": [
                    {
                      "type": "Microsoft.OperationalInsights/workspaces/providers/alertRules",
                      "apiVersion": "2022-04-01-preview",
                      "name": "2566e99f-ad0f-472a-b9ac-d3899c9283e6",
                      "kind": "Scheduled",
                      "location": "[parameters('workspace-location')]",
                      "properties": {
                        "description": "The query below identifies modification of registry by Dev-0270 actor to disable security feature as well as to add ransom notes",
                        "displayName": "Dev-0270 Registry IOC - September 2022",
                        "enabled": false,
                        "query": "(union isfuzzy=true\n(SecurityEvent\n| where EventID == 4688\n| where (CommandLine has_all  ('reg', 'add', 'HKLM\\\\SOFTWARE\\\\Policies\\\\', '/v','/t', 'REG_DWORD', '/d', '/f') and CommandLine has_any('DisableRealtimeMonitoring', 'UseTPMKey', 'UseTPMKeyPIN', 'UseAdvancedStartup', 'EnableBDEWithNoTPM', 'RecoveryKeyMessageSource'))\n  or CommandLine has_all ('reg', 'add', 'HKLM\\\\SOFTWARE\\\\Policies\\\\', '/v','/t', 'REG_DWORD', '/d', '/f', 'RecoveryKeyMessage', 'Your drives are Encrypted!', '@')\n| project TimeGenerated, HostCustomEntity = Computer, AccountCustomEntity = Account, AccountDomain, ProcessName, ProcessNameFullPath = NewProcessName, EventID, Activity, CommandLine, EventSourceName, Type\n),\n(DeviceProcessEvents \n| where (InitiatingProcessCommandLine has_all(@'\"reg\"', 'add', @'\"HKLM\\SOFTWARE\\Policies\\', '/v','/t', 'REG_DWORD', '/d', '/f') \n   and InitiatingProcessCommandLine has_any('DisableRealtimeMonitoring', 'UseTPMKey', 'UseTPMKeyPIN', 'UseAdvancedStartup', 'EnableBDEWithNoTPM', 'RecoveryKeyMessageSource') ) \n   or InitiatingProcessCommandLine has_all('\"reg\"', 'add', @'\"HKLM\\SOFTWARE\\Policies\\', '/v','/t', 'REG_DWORD', '/d', '/f', 'RecoveryKeyMessage', 'Your drives are Encrypted!', '@')\n| extend timestamp = TimeGenerated, AccountCustomEntity =  InitiatingProcessAccountName, HostCustomEntity = DeviceName\n )\n )\n",
                        "queryFrequency": "PT6H",
                        "queryPeriod": "PT6H",
                        "severity": "High",
                        "suppressionDuration": "PT1H",
                        "suppressionEnabled": false,
                        "triggerOperator": "GreaterThan",
                        "triggerThreshold": 0,
                        "tactics": [
                          "Impact"
                        ],
                        "techniques": [
                          "T1486"
                        ],
                        "entityMappings": [
                          {
                            "entityType": "Account",
                            "fieldMappings": [
                              {
                                "columnName": "AccountCustomEntity",
                                "identifier": "FullName"
                              }
                            ]
                          },
                          {
                            "entityType": "Host",
                            "fieldMappings": [
                              {
                                "columnName": "HostCustomEntity",
                                "identifier": "FullName"
                              }
                            ]
                          }
                        ]
                      }
                    },
                    {
                      "type": "Microsoft.OperationalInsights/workspaces/providers/metadata",
                      "apiVersion": "2021-03-01-preview",
                      "properties": {
                        "description": "'The query below identifies modification of registry by Dev-0270 actor to disable security feature as well as to add ransom notes'\n",
                        "version": "1.0.0",
                        "author": {
                          "name": "Community"
                        },
                        "support": {
                          "name": "Community",
                          "link": "https://github.com/Azure/Azure-Sentinel/issues",
                          "tier": "Community"
                        },
                        "source": {
                          "kind": "Community",
                          "name": "Standalone"
                        },
                        "threatAnalysisTactics": [
                          "Impact"
                        ],
                        "threatAnalyticsTechniques": [
                          "T1486"
                        ],
                        "contentId": "2566e99f-ad0f-472a-b9ac-d3899c9283e6",
                        "parentId": "2566e99f-ad0f-472a-b9ac-d3899c9283e6",
                        "kind": "AnalyticsRule",
                        "dependencies": {
                          "operator": "AND",
                          "criteria": [
                            {
                              "contentId": "SecurityEvent",
                              "kind": "DataType"
                            },
                            {
                              "contentId": "DeviceProcessEvents",
                              "kind": "DataType"
                            }
                          ]
                        }
                      }
                    }
                  ]
                }
              }
            }
          ]
        },
        "author": {
          "name": "Community"
        },
        "dependencies": {
          "operator": "AND",
          "criteria": [
            {
              "contentId": "2566e99f-ad0f-472a-b9ac-d3899c9283e6",
              "kind": "AnalyticsRule"
            }
          ]
        },
        "description": "'The query below identifies modification of registry by Dev-0270 actor to disable security feature as well as to add ransom notes'\n",
        "displayName": "Dev-0270 Registry IOC - September 2022",
        "packageId": "2566e99f-ad0f-472a-b9ac-d3899c9283e6",
        "source": {
          "kind": "Community",
          "name": "Standalone"
        },
        "support": {
          "name": "Community",
          "link": "https://github.com/Azure/Azure-Sentinel/issues",
          "tier": "Community"
        },
        "threatAnalysisTactics": [
          "Impact"
        ],
        "threatAnalyticsTechniques": [
          "T1486"
        ],
        "version": "1.0.0"
      },
      "name": "[concat(parameters('workspace'),'/Microsoft.SecurityInsights/', '2566e99f-ad0f-472a-b9ac-d3899c9283e6')]"
    }
  ]
}