{
  "$schema": "https://schema.management.azure.com/schemas/2019-04-01/deploymentTemplate.json#",
  "parameters": {
    "location": {
      "type": "string",
      "minLength": 1,
      "defaultValue": "[resourceGroup().location]",
      "metadata": {
        "description": "Not used, but needed to pass arm-ttk test `Location-Should-Not-Be-Hardcoded`.  We instead use the `workspace-location` which is derived from the LA workspace"
      }
    },
    "workspace-location": {
      "type": "string",
      "defaultValue": "",
      "metadata": {
        "description": "[concat('Region to deploy solution resources -- separate from location selection',parameters('location'))]"
      }
    },
    "workspace": {
      "defaultValue": "",
      "type": "string",
      "metadata": {
        "description": "Workspace name for Log Analytics where Microsoft Sentinel is setup"
      }
    }
  },
  "variables": {},
  "resources": [
    {
      "type": "Microsoft.OperationalInsights/workspaces/providers/packages",
      "location": "[parameters('workspace-location')]",
      "apiVersion": "2022-08-01",
      "properties": {
        "packageKind": "Standalone",
        "packageItems": {
          "resources": [
            {
              "type": "Microsoft.OperationalInsights/workspaces/providers/contentTemplates",
              "name": "[concat(parameters('workspace'),'/Microsoft.SecurityInsights/', 'f68a5046-b7eb-4f69-9519-1e99708bb9e0')]",
              "location": "[parameters('workspace-location')]",
              "apiVersion": "2022-08-01",
              "properties": {
                "contentId": "f68a5046-b7eb-4f69-9519-1e99708bb9e0",
                "displayName": "PE file dropped in Color Profile Folder",
                "contentKind": "AnalyticsRule",
                "mainTemplate": {
                  "$schema": "https://schema.management.azure.com/schemas/2019-04-01/deploymentTemplate.json#",
                  "contentVersion": "1.0.0",
                  "resources": [
                    {
                      "type": "Microsoft.OperationalInsights/workspaces/providers/alertRules",
                      "apiVersion": "2022-04-01-preview",
                      "name": "[concat(parameters('workspace'),'/Microsoft.SecurityInsights/', '' )]",
                      "kind": "Scheduled",
                      "location": "[parameters('workspace-location')]",
                      "properties": {
                        "description": "This query looks for writes of PE files to C:\\Windows\\System32\\spool\\drivers\\color\\.\n  This is a common directory used by malware, as well as some legitimate programs, and writes of PE files to the folder should be monitored.\n  Ref: https://www.microsoft.com/security/blog/2022/07/27/untangling-knotweed-european-private-sector-offensive-actor-using-0-day-exploits/",
                        "displayName": "PE file dropped in Color Profile Folder",
                        "enabled": false,
                        "query": "DeviceFileEvents\n  | where ActionType =~ \"FileCreated\"\n  | where FolderPath has \"C:\\\\Windows\\\\System32\\\\spool\\\\drivers\\\\color\\\\\" \n  | where FileName endswith \".exe\" or FileName endswith \".dll\"\n",
                        "queryFrequency": "P1D",
                        "queryPeriod": "P1D",
                        "severity": "Medium",
                        "suppressionDuration": "PT1H",
                        "suppressionEnabled": false,
                        "triggerOperator": "GreaterThan",
                        "triggerThreshold": 0,
                        "tactics": [
                          "Execution"
                        ],
                        "entityMappings": [
                          {
                            "entityType": "File",
                            "fieldMappings": [
                              {
                                "columnName": "FileName",
                                "identifier": "Name"
                              }
                            ]
                          },
                          {
                            "entityType": "Host",
                            "fieldMappings": [
                              {
                                "columnName": "DeviceName",
                                "identifier": "HostName"
                              }
                            ]
                          }
                        ]
                      }
                    },
                    {
                      "type": "Microsoft.OperationalInsights/workspaces/providers/metadata",
                      "apiVersion": "2021-03-01-preview",
                      "name": "[concat(parameters('workspace'),'/Microsoft.SecurityInsights/', '')]",
                      "properties": {
                        "description": "'This query looks for writes of PE files to C:\\Windows\\System32\\spool\\drivers\\color\\.\n  This is a common directory used by malware, as well as some legitimate programs, and writes of PE files to the folder should be monitored.\n  Ref: https://www.microsoft.com/security/blog/2022/07/27/untangling-knotweed-european-private-sector-offensive-actor-using-0-day-exploits/'\n",
                        "contentId": "f68a5046-b7eb-4f69-9519-1e99708bb9e0",
                        "version": "1.0.0",
                        "source": {
                          "kind": "Community"
                        },
                        "threatAnalysisTactics": [
                          "Execution"
                        ],
                        "threatAnalyticsTechniques": [
                          "T1203"
                        ],
                        "parentId": "f68a5046-b7eb-4f69-9519-1e99708bb9e0",
                        "kind": "AnalyticsRule",
                        "dependencies": {
                          "operator": "AND",
                          "criteria": [
                            {
                              "contentId": "DeviceFileEvents",
                              "kind": "DataType"
                            }
                          ]
                        }
                      }
                    }
                  ]
                }
              }
            }
          ]
        },
        "contentId": "f68a5046-b7eb-4f69-9519-1e99708bb9e0",
        "dependencies": {
          "operator": "AND",
          "criteria": [
            {
              "contentId": "f68a5046-b7eb-4f69-9519-1e99708bb9e0",
              "kind": "AnalyticsRule"
            }
          ]
        },
        "description": "'This query looks for writes of PE files to C:\\Windows\\System32\\spool\\drivers\\color\\.\n  This is a common directory used by malware, as well as some legitimate programs, and writes of PE files to the folder should be monitored.\n  Ref: https://www.microsoft.com/security/blog/2022/07/27/untangling-knotweed-european-private-sector-offensive-actor-using-0-day-exploits/'\n",
        "displayName": "PE file dropped in Color Profile Folder",
        "source": {
          "kind": "Community"
        },
        "threatAnalysisTactics": [
          "Execution"
        ],
        "threatAnalyticsTechniques": [
          "T1203"
        ],
        "version": "1.0.0"
      },
      "name": "[concat(parameters('workspace'),'/Microsoft.SecurityInsights/', 'f68a5046-b7eb-4f69-9519-1e99708bb9e0')]"
    }
  ]
}