{
  "$schema": "https://schema.management.azure.com/schemas/2019-04-01/deploymentTemplate.json#",
  "parameters": {
    "location": {
      "type": "string",
      "minLength": 1,
      "defaultValue": "[resourceGroup().location]",
      "metadata": {
        "description": "Not used, but needed to pass arm-ttk test `Location-Should-Not-Be-Hardcoded`.  We instead use the `workspace-location` which is derived from the LA workspace"
      }
    },
    "workspace-location": {
      "type": "string",
      "defaultValue": "",
      "metadata": {
        "description": "[concat('Region to deploy solution resources -- separate from location selection',parameters('location'))]"
      }
    },
    "workspace": {
      "defaultValue": "",
      "type": "string",
      "metadata": {
        "description": "Workspace name for Log Analytics where Microsoft Sentinel is setup"
      }
    }
  },
  "variables": {},
  "resources": [
    {
      "type": "Microsoft.OperationalInsights/workspaces/providers/packages",
      "location": "[parameters('workspace-location')]",
      "apiVersion": "2022-08-01",
      "properties": {
        "packageKind": "Standalone",
        "packageItems": {
          "resources": [
            {
              "type": "Microsoft.OperationalInsights/workspaces/providers/contentTemplates",
              "name": "[concat(parameters('workspace'),'/Microsoft.SecurityInsights/', '999e9f5d-db4a-4b07-a206-29c4e667b7e8')]",
              "location": "[parameters('workspace-location')]",
              "apiVersion": "2022-08-01",
              "properties": {
                "contentId": "999e9f5d-db4a-4b07-a206-29c4e667b7e8",
                "displayName": "(Preview) TI map Domain entity to Dns Events (ASIM DNS Schema)",
                "contentKind": "AnalyticsRule",
                "mainTemplate": {
                  "$schema": "https://schema.management.azure.com/schemas/2019-04-01/deploymentTemplate.json#",
                  "contentVersion": "1.1.2",
                  "resources": [
                    {
                      "type": "Microsoft.OperationalInsights/workspaces/providers/alertRules",
                      "apiVersion": "2022-04-01-preview",
                      "name": "[concat(parameters('workspace'),'/Microsoft.SecurityInsights/', '' )]",
                      "kind": "Scheduled",
                      "location": "[parameters('workspace-location')]",
                      "properties": {
                        "description": "Identifies a match in DNS events from any Domain IOC from TI\nThis analytic rule uses [ASIM](https://aka.ms/AboutASIM) and supports any built-in or custom source that supports the ASIM DNS schema'",
                        "displayName": "(Preview) TI map Domain entity to Dns Events (ASIM DNS Schema)",
                        "enabled": false,
                        "query": "let HAS_ANY_MAX = 10000;\nlet dt_lookBack = 1h;\nlet ioc_lookBack = 14d;\nlet DomainTIs= ThreatIntelligenceIndicator\n  | where TimeGenerated >= ago(ioc_lookBack) and ExpirationDateTime > now()\n  // Picking up only IOC's that contain the entities we want\n  | where isnotempty(DomainName)\n  | where Active == true\n  | summarize LatestIndicatorTime = arg_max(TimeGenerated, *) by IndicatorId;\nlet Domains = DomainTIs | where isnotempty(DomainName) |summarize NDomains=dcount(DomainName), DomainsList=make_set(DomainName) \n  | project DomainList = iff(NDomains > HAS_ANY_MAX, dynamic([]), DomainsList) ;\nDomainTIs\n  | join (\n      _Im_Dns(starttime=ago(dt_lookBack), domain_has_any=toscalar(Domains))\n      | extend DNS_TimeGenerated = TimeGenerated\n) on $left.DomainName==$right.DnsQuery\n| where DNS_TimeGenerated < ExpirationDateTime\n| project LatestIndicatorTime, Description, ActivityGroupNames, IndicatorId, ThreatType, ExpirationDateTime, ConfidenceScore, Url, DNS_TimeGenerated, Dvc, SrcIpAddr, DnsQuery, DnsQueryType\n| extend timestamp = DNS_TimeGenerated, HostCustomEntity = Dvc, IPCustomEntity = SrcIpAddr, URLCustomEntity = Url\n",
                        "queryFrequency": "PT1H",
                        "queryPeriod": "P14D",
                        "severity": "Medium",
                        "suppressionDuration": "PT1H",
                        "suppressionEnabled": false,
                        "triggerOperator": "GreaterThan",
                        "triggerThreshold": 0,
                        "tactics": [
                          "Impact"
                        ],
                        "entityMappings": [
                          {
                            "entityType": "Host",
                            "fieldMappings": [
                              {
                                "columnName": "HostCustomEntity",
                                "identifier": "FullName"
                              }
                            ]
                          },
                          {
                            "entityType": "IP",
                            "fieldMappings": [
                              {
                                "columnName": "IPCustomEntity",
                                "identifier": "Address"
                              }
                            ]
                          },
                          {
                            "entityType": "URL",
                            "fieldMappings": [
                              {
                                "columnName": "URLCustomEntity",
                                "identifier": "Url"
                              }
                            ]
                          }
                        ],
                        "customDetails": {
                          "IndicatorId": "IndicatorId",
                          "DnsQuery": "DnsQuery",
                          "QueryType": "DnsQueryType",
                          "ExpirationDateTime": "ExpirationDateTime",
                          "ActivityGroupNames": "ActivityGroupNames",
                          "Description": "Description",
                          "ThreatType": "ThreatType",
                          "LatestIndicatorTime": "LatestIndicatorTime",
                          "ConfidenceScore": "ConfidenceScore",
                          "DNSRequestTime": "DNS_TimeGenerated",
                          "SourceIPAddress": "SrcIpAddr"
                        }
                      }
                    },
                    {
                      "type": "Microsoft.OperationalInsights/workspaces/providers/metadata",
                      "apiVersion": "2021-03-01-preview",
                      "name": "[concat(parameters('workspace'),'/Microsoft.SecurityInsights/', '')]",
                      "properties": {
                        "description": "Identifies a match in DNS events from any Domain IOC from TI\nThis analytic rule uses [ASIM](https://aka.ms/AboutASIM) and supports any built-in or custom source that supports the ASIM DNS schema'\n",
                        "contentId": "999e9f5d-db4a-4b07-a206-29c4e667b7e8",
                        "version": "1.1.2",
                        "source": {
                          "kind": "Community"
                        },
                        "threatAnalysisTactics": [
                          "Impact"
                        ],
                        "parentId": "999e9f5d-db4a-4b07-a206-29c4e667b7e8",
                        "kind": "AnalyticsRule",
                        "dependencies": {
                          "operator": "AND",
                          "criteria": [
                            {
                              "contentId": "ThreatIntelligenceIndicator",
                              "kind": "DataType"
                            },
                            {
                              "contentId": "ThreatIntelligenceIndicator",
                              "kind": "DataType"
                            },
                            {
                              "contentId": "DnsEvents",
                              "kind": "DataType"
                            },
                            {
                              "contentId": "AzureDiagnostics",
                              "kind": "DataType"
                            },
                            {
                              "contentId": "CommonSecurityLog",
                              "kind": "DataType"
                            },
                            {
                              "contentId": "Syslog",
                              "kind": "DataType"
                            },
                            {
                              "contentId": "GCP_DNS_CL",
                              "kind": "DataType"
                            },
                            {
                              "contentId": "NXLog_DNS_Server_CL",
                              "kind": "DataType"
                            },
                            {
                              "contentId": "Cisco_Umbrella_dns_CL",
                              "kind": "DataType"
                            },
                            {
                              "contentId": "Corelight_CL",
                              "kind": "DataType"
                            }
                          ]
                        }
                      }
                    }
                  ]
                }
              }
            }
          ]
        },
        "contentId": "999e9f5d-db4a-4b07-a206-29c4e667b7e8",
        "dependencies": {
          "operator": "AND",
          "criteria": [
            {
              "contentId": "999e9f5d-db4a-4b07-a206-29c4e667b7e8",
              "kind": "AnalyticsRule"
            }
          ]
        },
        "description": "Identifies a match in DNS events from any Domain IOC from TI\nThis analytic rule uses [ASIM](https://aka.ms/AboutASIM) and supports any built-in or custom source that supports the ASIM DNS schema'\n",
        "displayName": "(Preview) TI map Domain entity to Dns Events (ASIM DNS Schema)",
        "source": {
          "kind": "Community"
        },
        "threatAnalysisTactics": [
          "Impact"
        ],
        "version": "1.1.2"
      },
      "name": "[concat(parameters('workspace'),'/Microsoft.SecurityInsights/', '999e9f5d-db4a-4b07-a206-29c4e667b7e8')]"
    }
  ]
}