{
  "$schema": "https://schema.management.azure.com/schemas/2019-04-01/deploymentTemplate.json#",
  "parameters": {
    "location": {
      "type": "string",
      "minLength": 1,
      "defaultValue": "[resourceGroup().location]",
      "metadata": {
        "description": "Not used, but needed to pass arm-ttk test `Location-Should-Not-Be-Hardcoded`.  We instead use the `workspace-location` which is derived from the LA workspace"
      }
    },
    "workspace-location": {
      "type": "string",
      "defaultValue": "",
      "metadata": {
        "description": "[concat('Region to deploy solution resources -- separate from location selection',parameters('location'))]"
      }
    },
    "workspace": {
      "defaultValue": "",
      "type": "string",
      "metadata": {
        "description": "Workspace name for Log Analytics where Microsoft Sentinel is setup"
      }
    }
  },
  "variables": {},
  "resources": [
    {
      "type": "Microsoft.OperationalInsights/workspaces/providers/packages",
      "location": "[parameters('workspace-location')]",
      "apiVersion": "2022-08-01",
      "properties": {
        "packageKind": "Standalone",
        "packageItems": {
          "resources": [
            {
              "type": "Microsoft.OperationalInsights/workspaces/providers/contentTemplates",
              "name": "[concat(parameters('workspace'),'/Microsoft.SecurityInsights/', '8c2ef238-67a0-497d-b1dd-5c8a0f533e25')]",
              "location": "[parameters('workspace-location')]",
              "apiVersion": "2022-08-01",
              "properties": {
                "contentId": "8c2ef238-67a0-497d-b1dd-5c8a0f533e25",
                "displayName": "Changes to internet facing AWS RDS Database instances",
                "contentKind": "AnalyticsRule",
                "mainTemplate": {
                  "$schema": "https://schema.management.azure.com/schemas/2019-04-01/deploymentTemplate.json#",
                  "contentVersion": "1.0.0",
                  "resources": [
                    {
                      "type": "Microsoft.OperationalInsights/workspaces/providers/alertRules",
                      "apiVersion": "2022-04-01-preview",
                      "name": "[concat(parameters('workspace'),'/Microsoft.SecurityInsights/', '' )]",
                      "kind": "Scheduled",
                      "location": "[parameters('workspace-location')]",
                      "properties": {
                        "description": "Amazon Relational Database Service (RDS) is scalable relational database in the cloud. \nIf your organization have one or more AWS RDS Databases running, monitoring changes to especially internet facing AWS RDS (Relational Database Service) \nOnce alerts triggered, validate if changes observed are authorized and adhere to change control policy. \nMore information: https://medium.com/@GorillaStack/the-most-important-aws-cloudtrail-security-events-to-track-a5b9873f8255\nand RDS API Reference Docs: https://docs.aws.amazon.com/AmazonRDS/latest/APIReference/API_Operations.html",
                        "displayName": "Changes to internet facing AWS RDS Database instances",
                        "enabled": false,
                        "query": "\nlet EventNameList = dynamic([\"AuthorizeDBSecurityGroupIngress\",\"CreateDBSecurityGroup\",\"DeleteDBSecurityGroup\",\"RevokeDBSecurityGroupIngress\"]);\nAWSCloudTrail\n| where EventName in~ (EventNameList)\n| summarize StartTimeUtc = min(TimeGenerated), EndTimeUtc = max(TimeGenerated) by EventName, EventTypeName, UserIdentityAccountId, UserIdentityPrincipalid, UserAgent, UserIdentityUserName, SessionMfaAuthenticated, SourceIpAddress, AWSRegion, EventSource, AdditionalEventData, ResponseElements\n| extend timestamp = StartTimeUtc, AccountCustomEntity = UserIdentityUserName, IPCustomEntity = SourceIpAddress\n",
                        "queryFrequency": "P1D",
                        "queryPeriod": "P1D",
                        "severity": "Low",
                        "suppressionDuration": "PT1H",
                        "suppressionEnabled": false,
                        "triggerOperator": "GreaterThan",
                        "triggerThreshold": 0,
                        "tactics": [
                          "Persistence"
                        ],
                        "entityMappings": [
                          {
                            "entityType": "Account",
                            "fieldMappings": [
                              {
                                "columnName": "AccountCustomEntity",
                                "identifier": "FullName"
                              }
                            ]
                          },
                          {
                            "entityType": "IP",
                            "fieldMappings": [
                              {
                                "columnName": "IPCustomEntity",
                                "identifier": "Address"
                              }
                            ]
                          }
                        ]
                      }
                    },
                    {
                      "type": "Microsoft.OperationalInsights/workspaces/providers/metadata",
                      "apiVersion": "2021-03-01-preview",
                      "name": "[concat(parameters('workspace'),'/Microsoft.SecurityInsights/', '')]",
                      "properties": {
                        "description": "'Amazon Relational Database Service (RDS) is scalable relational database in the cloud. \nIf your organization have one or more AWS RDS Databases running, monitoring changes to especially internet facing AWS RDS (Relational Database Service) \nOnce alerts triggered, validate if changes observed are authorized and adhere to change control policy. \nMore information: https://medium.com/@GorillaStack/the-most-important-aws-cloudtrail-security-events-to-track-a5b9873f8255\nand RDS API Reference Docs: https://docs.aws.amazon.com/AmazonRDS/latest/APIReference/API_Operations.html'\n",
                        "version": "1.0.0",
                        "source": {
                          "kind": "Community"
                        },
                        "threatAnalysisTactics": [
                          "Persistence"
                        ],
                        "threatAnalyticsTechniques": [
                          "T1098"
                        ],
                        "contentId": "8c2ef238-67a0-497d-b1dd-5c8a0f533e25",
                        "parentId": "8c2ef238-67a0-497d-b1dd-5c8a0f533e25",
                        "kind": "AnalyticsRule",
                        "dependencies": {
                          "operator": "AND",
                          "criteria": [
                            {
                              "contentId": "AWSCloudTrail",
                              "kind": "DataType"
                            }
                          ]
                        }
                      }
                    }
                  ]
                }
              }
            }
          ]
        },
        "dependencies": {
          "operator": "AND",
          "criteria": [
            {
              "contentId": "8c2ef238-67a0-497d-b1dd-5c8a0f533e25",
              "kind": "AnalyticsRule"
            }
          ]
        },
        "description": "'Amazon Relational Database Service (RDS) is scalable relational database in the cloud. \nIf your organization have one or more AWS RDS Databases running, monitoring changes to especially internet facing AWS RDS (Relational Database Service) \nOnce alerts triggered, validate if changes observed are authorized and adhere to change control policy. \nMore information: https://medium.com/@GorillaStack/the-most-important-aws-cloudtrail-security-events-to-track-a5b9873f8255\nand RDS API Reference Docs: https://docs.aws.amazon.com/AmazonRDS/latest/APIReference/API_Operations.html'\n",
        "displayName": "Changes to internet facing AWS RDS Database instances",
        "packageId": "8c2ef238-67a0-497d-b1dd-5c8a0f533e25",
        "source": {
          "kind": "Community"
        },
        "threatAnalysisTactics": [
          "Persistence"
        ],
        "threatAnalyticsTechniques": [
          "T1098"
        ],
        "version": "1.0.0"
      },
      "name": "[concat(parameters('workspace'),'/Microsoft.SecurityInsights/', '8c2ef238-67a0-497d-b1dd-5c8a0f533e25')]"
    }
  ]
}