{
  "$schema": "https://schema.management.azure.com/schemas/2019-04-01/deploymentTemplate.json#",
  "contentVersion": "1.0.0.0",
  "parameters": {
    "location": {
      "type": "string",
      "minLength": 1,
      "defaultValue": "[resourceGroup().location]",
      "metadata": {
        "description": "Not used, but needed to pass arm-ttk test `Location-Should-Not-Be-Hardcoded`.  We instead use the `workspace-location` which is derived from the LA workspace"
      }
    },
    "workspace-location": {
      "type": "string",
      "defaultValue": "",
      "metadata": {
        "description": "[concat('Region to deploy solution resources -- separate from location selection',parameters('location'))]"
      }
    },
    "workspace": {
      "defaultValue": "",
      "type": "string",
      "metadata": {
        "description": "Workspace name for Log Analytics where Microsoft Sentinel is setup"
      }
    }
  },
  "variables": {},
  "resources": [
    {
      "type": "Microsoft.OperationalInsights/workspaces/providers/packages",
      "location": "[parameters('workspace-location')]",
      "apiVersion": "2022-08-01",
      "properties": {
        "packageKind": "Standalone",
        "packageItems": {
          "resources": [
            {
              "type": "Microsoft.OperationalInsights/workspaces/providers/contentTemplates",
              "name": "[concat(parameters('workspace'),'/Microsoft.SecurityInsights/', '8ee967a2-a645-4832-85f4-72b635bcb3a6')]",
              "location": "[parameters('workspace-location')]",
              "apiVersion": "2022-08-01",
              "properties": {
                "contentId": "8ee967a2-a645-4832-85f4-72b635bcb3a6",
                "displayName": "Failed AzureAD logons but success logon to host",
                "contentKind": "AnalyticsRule",
                "mainTemplate": {
                  "$schema": "https://schema.management.azure.com/schemas/2019-04-01/deploymentTemplate.json#",
                  "contentVersion": "1.1.1",
                  "resources": [
                    {
                      "type": "Microsoft.OperationalInsights/workspaces/providers/alertRules",
                      "apiVersion": "2022-04-01-preview",
                      "name": "8ee967a2-a645-4832-85f4-72b635bcb3a6",
                      "kind": "Scheduled",
                      "location": "[parameters('workspace-location')]",
                      "properties": {
                        "description": "Identifies a list of IP addresses with a minimum number (default of 5) of failed logon attempts to Azure Active Directory.\nUses that list to identify any successful remote logons to hosts from these IPs within the same timeframe.",
                        "displayName": "Failed AzureAD logons but success logon to host",
                        "enabled": false,
                        "query": "\n//Adjust this threshold to fit the environment\nlet signin_threshold = 5;\n//Make a list of all IPs with failed signins to AAD above our threshold\nlet aadFunc = (tableName:string){\nlet suspicious_signins =\ntable(tableName)\n| where ResultType !in (\"0\", \"50125\", \"50140\")\n| where IPAddress !in ('127.0.0.1', '::1')\n| summarize count() by IPAddress\n| where count_ > signin_threshold\n| summarize make_set(IPAddress);\n//See if any of these IPs have sucessfully logged into *nix hosts\nlet linux_logons =\nSyslog\n| where Facility contains \"auth\" and ProcessName != \"sudo\"\n| where SyslogMessage has \"Accepted\"\n| extend SourceIP = extract(\"(([0-9]{1,3})\\\\.([0-9]{1,3})\\\\.([0-9]{1,3})\\\\.(([0-9]{1,3})))\",1,SyslogMessage)\n| where SourceIP in (suspicious_signins)\n| extend Reason = \"Multiple failed AAD logins from IP address\"\n| project TimeGenerated, Computer, HostIP, IpAddress = SourceIP, SyslogMessage, Facility, ProcessName, Reason;\n//See if any of these IPs have sucessfully logged into Windows hosts\nlet win_logons = (union isfuzzy=true\n(SecurityEvent\n| where EventID == 4624\n| where LogonType in (10, 7, 3)\n| where IpAddress != \"-\"\n| where IpAddress in (suspicious_signins)\n| extend Reason = \"Multiple failed AAD logins from IP address\"\n| project TimeGenerated, Account, AccountType, Computer, Activity, EventID, LogonProcessName, IpAddress, LogonTypeName, TargetUserSid, Reason\n),\n(WindowsEvent\n| where EventID == 4624 and has_any_ipv4(EventData, toscalar(suspicious_signins))\n| extend LogonType = tostring(EventData.LogonType)\n| where LogonType in (10, 7, 3)\n| extend  IpAddress = tostring(EventData.IpAddress)\n| where IpAddress != \"-\"\n| where IpAddress in (suspicious_signins)\n| extend Reason = \"Multiple failed AAD logins from IP address\"\n| extend Activity = \"4624 - An account was successfully logged on.\"\n| extend Account =  strcat(tostring(EventData.TargetDomainName),\"\\\\\", tostring(EventData.TargetUserName))\n| extend TargetUserSid = tostring(EventData.TargetUserSid)\n| extend TargetAccount = strcat(EventData.TargetDomainName,\"\\\\\", EventData.TargetUserName)\n| extend AccountType =case(Account endswith \"$\" or TargetUserSid in (\"S-1-5-18\", \"S-1-5-19\", \"S-1-5-20\"), \"Machine\", isempty(TargetUserSid), \"\", \"User\")\n| extend LogonProcessName = tostring(EventData.LogonProcessName)\n| project TimeGenerated, Account, AccountType, Computer, Activity, EventID, LogonProcessName, IpAddress, TargetUserSid, Reason\n)\n);\nunion isfuzzy=true linux_logons,win_logons\n| extend timestamp = TimeGenerated, AccountCustomEntity = Account, IPCustomEntity = IpAddress, HostCustomEntity = Computer\n};\nlet aadSignin = aadFunc(\"SigninLogs\");\nlet aadNonInt = aadFunc(\"AADNonInteractiveUserSignInLogs\");\nunion isfuzzy=true aadSignin, aadNonInt\n",
                        "queryFrequency": "P1D",
                        "queryPeriod": "P1D",
                        "severity": "Medium",
                        "suppressionDuration": "PT1H",
                        "suppressionEnabled": false,
                        "triggerOperator": "GreaterThan",
                        "triggerThreshold": 0,
                        "tactics": [
                          "InitialAccess",
                          "CredentialAccess"
                        ],
                        "techniques": [
                          "T1078",
                          "T1110"
                        ],
                        "entityMappings": [
                          {
                            "entityType": "Account",
                            "fieldMappings": [
                              {
                                "columnName": "AccountCustomEntity",
                                "identifier": "FullName"
                              }
                            ]
                          },
                          {
                            "entityType": "Host",
                            "fieldMappings": [
                              {
                                "columnName": "HostCustomEntity",
                                "identifier": "FullName"
                              }
                            ]
                          },
                          {
                            "entityType": "IP",
                            "fieldMappings": [
                              {
                                "columnName": "IPCustomEntity",
                                "identifier": "Address"
                              }
                            ]
                          }
                        ]
                      }
                    },
                    {
                      "type": "Microsoft.OperationalInsights/workspaces/providers/metadata",
                      "apiVersion": "2021-03-01-preview",
                      "properties": {
                        "description": "'Identifies a list of IP addresses with a minimum number (default of 5) of failed logon attempts to Azure Active Directory.\nUses that list to identify any successful remote logons to hosts from these IPs within the same timeframe.'\n",
                        "version": "1.1.1",
                        "author": {
                          "name": "Community"
                        },
                        "support": {
                          "name": "Community",
                          "link": "https://github.com/Azure/Azure-Sentinel/issues",
                          "tier": "Community"
                        },
                        "source": {
                          "kind": "Community",
                          "name": "Standalone"
                        },
                        "threatAnalysisTactics": [
                          "InitialAccess",
                          "CredentialAccess"
                        ],
                        "threatAnalyticsTechniques": [
                          "T1078",
                          "T1110"
                        ],
                        "contentId": "8ee967a2-a645-4832-85f4-72b635bcb3a6",
                        "parentId": "8ee967a2-a645-4832-85f4-72b635bcb3a6",
                        "kind": "AnalyticsRule",
                        "dependencies": {
                          "operator": "AND",
                          "criteria": [
                            {
                              "contentId": "SigninLogs",
                              "kind": "DataType"
                            },
                            {
                              "contentId": "AADNonInteractiveUserSignInLogs",
                              "kind": "DataType"
                            },
                            {
                              "contentId": "SecurityEvent",
                              "kind": "DataType"
                            },
                            {
                              "contentId": "Syslog",
                              "kind": "DataType"
                            },
                            {
                              "contentId": "SecurityEvents",
                              "kind": "DataType"
                            },
                            {
                              "contentId": "WindowsEvent",
                              "kind": "DataType"
                            }
                          ]
                        }
                      }
                    }
                  ]
                }
              }
            }
          ]
        },
        "author": {
          "name": "Community"
        },
        "dependencies": {
          "operator": "AND",
          "criteria": [
            {
              "contentId": "8ee967a2-a645-4832-85f4-72b635bcb3a6",
              "kind": "AnalyticsRule"
            }
          ]
        },
        "description": "'Identifies a list of IP addresses with a minimum number (default of 5) of failed logon attempts to Azure Active Directory.\nUses that list to identify any successful remote logons to hosts from these IPs within the same timeframe.'\n",
        "displayName": "Failed AzureAD logons but success logon to host",
        "packageId": "8ee967a2-a645-4832-85f4-72b635bcb3a6",
        "source": {
          "kind": "Community",
          "name": "Standalone"
        },
        "support": {
          "name": "Community",
          "link": "https://github.com/Azure/Azure-Sentinel/issues",
          "tier": "Community"
        },
        "threatAnalysisTactics": [
          "InitialAccess",
          "CredentialAccess"
        ],
        "threatAnalyticsTechniques": [
          "T1078",
          "T1110"
        ],
        "version": "1.1.1"
      },
      "name": "[concat(parameters('workspace'),'/Microsoft.SecurityInsights/', '8ee967a2-a645-4832-85f4-72b635bcb3a6')]"
    }
  ]
}