{
  "$schema": "https://schema.management.azure.com/schemas/2019-04-01/deploymentTemplate.json#",
  "parameters": {
    "location": {
      "type": "string",
      "minLength": 1,
      "defaultValue": "[resourceGroup().location]",
      "metadata": {
        "description": "Not used, but needed to pass arm-ttk test `Location-Should-Not-Be-Hardcoded`.  We instead use the `workspace-location` which is derived from the LA workspace"
      }
    },
    "workspace-location": {
      "type": "string",
      "defaultValue": "",
      "metadata": {
        "description": "[concat('Region to deploy solution resources -- separate from location selection',parameters('location'))]"
      }
    },
    "workspace": {
      "defaultValue": "",
      "type": "string",
      "metadata": {
        "description": "Workspace name for Log Analytics where Microsoft Sentinel is setup"
      }
    }
  },
  "variables": {},
  "resources": [
    {
      "type": "Microsoft.OperationalInsights/workspaces/providers/packages",
      "location": "[parameters('workspace-location')]",
      "apiVersion": "2022-08-01",
      "properties": {
        "packageKind": "Standalone",
        "packageItems": {
          "resources": [
            {
              "type": "Microsoft.OperationalInsights/workspaces/providers/contentTemplates",
              "name": "[concat(parameters('workspace'),'/Microsoft.SecurityInsights/', '02b7dd9d-397a-4726-9761-1130b663f8cf')]",
              "location": "[parameters('workspace-location')]",
              "kind": "shared",
              "apiVersion": "2022-08-01",
              "properties": {
                "contentId": "02b7dd9d-397a-4726-9761-1130b663f8cf",
                "displayName": "MacOceanLotusBackdoor",
                "contentKind": "HuntingQuery",
                "mainTemplate": {
                  "$schema": "https://schema.management.azure.com/schemas/2019-04-01/deploymentTemplate.json#",
                  "contentVersion": "1.0.0",
                  "resources": [
                    {
                      "type": "Microsoft.OperationalInsights/savedSearches",
                      "apiVersion": "2020-08-01",
                      "name": "02b7dd9d-397a-4726-9761-1130b663f8cf",
                      "location": "[parameters('workspace-location')]",
                      "properties": {
                        "eTag": "*",
                        "displayName": "MacOceanLotusBackdoor",
                        "category": "Hunting Queries",
                        "query": "DeviceProcessEvents\n| where Timestamp > ago(14d)\n| where FileName in~ (\"screenassistantd\",\"spellagentd\")\n| top 100 by Timestamp \n",
                        "version": 2,
                        "tags": [
                          {
                            "name": "description",
                            "value": "Backdoor processes associated with OceanLotus Mac Malware Backdoor.\nReferences:.\nHttps://blog.trendmicro.com/trendlabs-security-intelligence/new-macos-backdoor-linked-to-oceanlotus-found/.\nOS platforms: Macintosh.\n"
                          }
                        ]
                      }
                    },
                    {
                      "type": "Microsoft.OperationalInsights/workspaces/providers/metadata",
                      "apiVersion": "2021-03-01-preview",
                      "name": "[concat(parameters('workspace'),'/Microsoft.SecurityInsights/',concat('huntingQuery-', '02b7dd9d-397a-4726-9761-1130b663f8cf'))]",
                      "properties": {
                        "description": "Backdoor processes associated with OceanLotus Mac Malware Backdoor.\nReferences:.\nHttps://blog.trendmicro.com/trendlabs-security-intelligence/new-macos-backdoor-linked-to-oceanlotus-found/.\nOS platforms: Macintosh.\n",
                        "contentId": "02b7dd9d-397a-4726-9761-1130b663f8cf",
                        "version": "1.0.0",
                        "source": {
                          "kind": "Community"
                        },
                        "parentId": "02b7dd9d-397a-4726-9761-1130b663f8cf",
                        "kind": "HuntingQuery",
                        "dependencies": {
                          "operator": "AND",
                          "criteria": [
                            {
                              "contentId": "DeviceProcessEvents",
                              "kind": "DataType"
                            }
                          ]
                        }
                      }
                    }
                  ]
                }
              }
            }
          ]
        },
        "contentId": "02b7dd9d-397a-4726-9761-1130b663f8cf",
        "dependencies": {
          "operator": "AND",
          "criteria": [
            {
              "contentId": "02b7dd9d-397a-4726-9761-1130b663f8cf",
              "kind": "HuntingQuery"
            }
          ]
        },
        "description": "Backdoor processes associated with OceanLotus Mac Malware Backdoor.\nReferences:.\nHttps://blog.trendmicro.com/trendlabs-security-intelligence/new-macos-backdoor-linked-to-oceanlotus-found/.\nOS platforms: Macintosh.\n",
        "displayName": "MacOceanLotusBackdoor",
        "source": {
          "kind": "Community"
        },
        "version": "1.0.0"
      },
      "name": "[concat(parameters('workspace'),'/Microsoft.SecurityInsights/', '02b7dd9d-397a-4726-9761-1130b663f8cf')]"
    }
  ]
}