{
  "$schema": "https://schema.management.azure.com/schemas/2019-04-01/deploymentTemplate.json#",
  "parameters": {
    "location": {
      "type": "string",
      "minLength": 1,
      "defaultValue": "[resourceGroup().location]",
      "metadata": {
        "description": "Not used, but needed to pass arm-ttk test `Location-Should-Not-Be-Hardcoded`.  We instead use the `workspace-location` which is derived from the LA workspace"
      }
    },
    "workspace-location": {
      "type": "string",
      "defaultValue": "",
      "metadata": {
        "description": "[concat('Region to deploy solution resources -- separate from location selection',parameters('location'))]"
      }
    },
    "workspace": {
      "defaultValue": "",
      "type": "string",
      "metadata": {
        "description": "Workspace name for Log Analytics where Microsoft Sentinel is setup"
      }
    }
  },
  "variables": {},
  "resources": [
    {
      "type": "Microsoft.OperationalInsights/workspaces/providers/packages",
      "location": "[parameters('workspace-location')]",
      "apiVersion": "2022-08-01",
      "properties": {
        "packageKind": "Standalone",
        "packageItems": {
          "resources": [
            {
              "type": "Microsoft.OperationalInsights/workspaces/providers/contentTemplates",
              "name": "[concat(parameters('workspace'),'/Microsoft.SecurityInsights/', 'a1080fc1-13d1-479b-8340-255f0290d96c')]",
              "location": "[parameters('workspace-location')]",
              "apiVersion": "2022-08-01",
              "properties": {
                "contentId": "a1080fc1-13d1-479b-8340-255f0290d96c",
                "displayName": "Application Redirect URL Update",
                "contentKind": "AnalyticsRule",
                "mainTemplate": {
                  "$schema": "https://schema.management.azure.com/schemas/2019-04-01/deploymentTemplate.json#",
                  "contentVersion": "1.0.0",
                  "resources": [
                    {
                      "type": "Microsoft.OperationalInsights/workspaces/providers/alertRules",
                      "apiVersion": "2022-04-01-preview",
                      "name": "[concat(parameters('workspace'),'/Microsoft.SecurityInsights/', '' )]",
                      "kind": "Scheduled",
                      "location": "[parameters('workspace-location')]",
                      "properties": {
                        "description": "Detects the redirect URL of an app being changed.\n  Applications associated with URLs not controlled by the organization can pose a security risk.\n  Ref: https://docs.microsoft.com/azure/active-directory/fundamentals/security-operations-applications#application-configuration-changes",
                        "displayName": "Application Redirect URL Update",
                        "enabled": false,
                        "query": "AuditLogs\n  | where Category =~ \"ApplicationManagement\"\n  | where Result =~ \"success\"\n  | where OperationName =~ 'Update Application'\n  | mv-expand TargetResources\n  | mv-expand TargetResources.modifiedProperties\n  | where TargetResources_modifiedProperties.displayName =~ \"AppAddress\"\n  | extend Key = tostring(TargetResources_modifiedProperties.displayName)\n  | extend NewValue = TargetResources_modifiedProperties.newValue\n  | extend OldValue = TargetResources_modifiedProperties.oldValue\n  | where isnotempty(Key) and isnotempty(NewValue)\n  | project-reorder Key, NewValue, OldValue\n  | extend NewUrls = extract_all('\"Address\":([^,]*)', tostring(NewValue))\n  | extend OldUrls = extract_all('\"Address\":([^,]*)', tostring(OldValue))\n  | extend AddedUrls = set_difference(NewUrls, OldUrls)\n  | where array_length(AddedUrls) > 0\n  | extend UserAgent = iif(tostring(AdditionalDetails[0].key) == \"User-Agent\", tostring(AdditionalDetails[0].value), \"\")\n  | extend AddingUser = iif(isnotempty(tostring(parse_json(tostring(InitiatedBy.user)).userPrincipalName)) , tostring(parse_json(tostring(InitiatedBy.user)).userPrincipalName), \"\")\n  | extend AddingApp = iif(isnotempty(tostring(parse_json(tostring(InitiatedBy.app)).servicePrincipalName)) , tostring(parse_json(tostring(InitiatedBy.app)).servicePrincipalName), \"\")\n  | extend AddedBy = iif(isnotempty(AddingUser), AddingUser, AddingApp)\n  | project-away AddingApp, AddingUser\n  | extend AppDisplayName = tostring(TargetResources.displayName)\n  | extend ipAddress = tostring(parse_json(tostring(InitiatedBy.user)).ipAddress)\n  | project-reorder TimeGenerated, AppDisplayName, AddedUrls, AddedBy, UserAgent, ipAddress\n",
                        "queryFrequency": "P1D",
                        "queryPeriod": "P1D",
                        "severity": "Medium",
                        "suppressionDuration": "PT1H",
                        "suppressionEnabled": false,
                        "triggerOperator": "GreaterThan",
                        "triggerThreshold": 0,
                        "tactics": [
                          "Persistence",
                          "PrivilegeEscalation"
                        ],
                        "entityMappings": [
                          {
                            "entityType": "URL",
                            "fieldMappings": [
                              {
                                "columnName": "AddedUrls",
                                "identifier": "Url"
                              }
                            ]
                          },
                          {
                            "entityType": "Account",
                            "fieldMappings": [
                              {
                                "columnName": "AddedBy",
                                "identifier": "FullName"
                              }
                            ]
                          },
                          {
                            "entityType": "IP",
                            "fieldMappings": [
                              {
                                "columnName": "ipAddress",
                                "identifier": "Address"
                              }
                            ]
                          }
                        ]
                      }
                    },
                    {
                      "type": "Microsoft.OperationalInsights/workspaces/providers/metadata",
                      "apiVersion": "2021-03-01-preview",
                      "name": "[concat(parameters('workspace'),'/Microsoft.SecurityInsights/', '')]",
                      "properties": {
                        "description": "'Detects the redirect URL of an app being changed.\n  Applications associated with URLs not controlled by the organization can pose a security risk.\n  Ref: https://docs.microsoft.com/azure/active-directory/fundamentals/security-operations-applications#application-configuration-changes'\n",
                        "version": "1.0.0",
                        "source": {
                          "kind": "Community"
                        },
                        "threatAnalysisTactics": [
                          "Persistence",
                          "PrivilegeEscalation"
                        ],
                        "threatAnalyticsTechniques": [
                          "T1078.004"
                        ],
                        "contentId": "a1080fc1-13d1-479b-8340-255f0290d96c",
                        "parentId": "a1080fc1-13d1-479b-8340-255f0290d96c",
                        "kind": "AnalyticsRule",
                        "dependencies": {
                          "operator": "AND",
                          "criteria": [
                            {
                              "contentId": "AuditLogs",
                              "kind": "DataType"
                            }
                          ]
                        }
                      }
                    }
                  ]
                }
              }
            }
          ]
        },
        "dependencies": {
          "operator": "AND",
          "criteria": [
            {
              "contentId": "a1080fc1-13d1-479b-8340-255f0290d96c",
              "kind": "AnalyticsRule"
            }
          ]
        },
        "description": "'Detects the redirect URL of an app being changed.\n  Applications associated with URLs not controlled by the organization can pose a security risk.\n  Ref: https://docs.microsoft.com/azure/active-directory/fundamentals/security-operations-applications#application-configuration-changes'\n",
        "displayName": "Application Redirect URL Update",
        "packageId": "a1080fc1-13d1-479b-8340-255f0290d96c",
        "source": {
          "kind": "Community"
        },
        "threatAnalysisTactics": [
          "Persistence",
          "PrivilegeEscalation"
        ],
        "threatAnalyticsTechniques": [
          "T1078.004"
        ],
        "version": "1.0.0"
      },
      "name": "[concat(parameters('workspace'),'/Microsoft.SecurityInsights/', 'a1080fc1-13d1-479b-8340-255f0290d96c')]"
    }
  ]
}