{
  "$schema": "https://schema.management.azure.com/schemas/2019-04-01/deploymentTemplate.json#",
  "parameters": {
    "location": {
      "type": "string",
      "minLength": 1,
      "defaultValue": "[resourceGroup().location]",
      "metadata": {
        "description": "Not used, but needed to pass arm-ttk test `Location-Should-Not-Be-Hardcoded`.  We instead use the `workspace-location` which is derived from the LA workspace"
      }
    },
    "workspace-location": {
      "type": "string",
      "defaultValue": "",
      "metadata": {
        "description": "[concat('Region to deploy solution resources -- separate from location selection',parameters('location'))]"
      }
    },
    "workspace": {
      "defaultValue": "",
      "type": "string",
      "metadata": {
        "description": "Workspace name for Log Analytics where Microsoft Sentinel is setup"
      }
    }
  },
  "variables": {},
  "resources": [
    {
      "type": "Microsoft.OperationalInsights/workspaces/providers/packages",
      "location": "[parameters('workspace-location')]",
      "apiVersion": "2022-08-01",
      "properties": {
        "packageKind": "Standalone",
        "packageItems": {
          "resources": [
            {
              "type": "Microsoft.OperationalInsights/workspaces/providers/contentTemplates",
              "name": "[concat(parameters('workspace'),'/Microsoft.SecurityInsights/', 'd82eb796-d1eb-43c8-a813-325ce3417cef')]",
              "location": "[parameters('workspace-location')]",
              "apiVersion": "2022-08-01",
              "properties": {
                "contentId": "d82eb796-d1eb-43c8-a813-325ce3417cef",
                "displayName": "Dev-0530 File Extension Rename",
                "contentKind": "AnalyticsRule",
                "mainTemplate": {
                  "$schema": "https://schema.management.azure.com/schemas/2019-04-01/deploymentTemplate.json#",
                  "contentVersion": "1.0.0",
                  "resources": [
                    {
                      "type": "Microsoft.OperationalInsights/workspaces/providers/alertRules",
                      "apiVersion": "2022-04-01-preview",
                      "name": "[concat(parameters('workspace'),'/Microsoft.SecurityInsights/', '' )]",
                      "kind": "Scheduled",
                      "location": "[parameters('workspace-location')]",
                      "properties": {
                        "description": "Dev-0530 actors are known to encrypt the contents of the victims device as well as renaming the file extensions. This query looks for the creation of files with .h0lyenc extension or presence of ransom note.",
                        "displayName": "Dev-0530 File Extension Rename",
                        "enabled": false,
                        "query": "(union isfuzzy=true\n(DeviceFileEvents\n| where ActionType == \"FileCreated\"\n| where FileName endswith \".h0lyenc\" or FolderPath == \"C:\\\\FOR_DECRYPT.html\" \n| summarize StartTime = min(TimeGenerated), EndTime = max(TimeGenerated) by AccountCustomEntity = iff(isnotempty(InitiatingProcessAccountUpn), InitiatingProcessAccountUpn, InitiatingProcessAccountName), HostCustomEntity = DeviceName, Type, InitiatingProcessId, FileName, FolderPath, EventType = ActionType, Commandline = InitiatingProcessCommandLine, InitiatingProcessFileName, InitiatingProcessSHA256, FileHashCustomEntity = SHA256\n),\n(imFileEvent\n| where EventType == \"FileCreated\" \n| where TargetFilePath endswith \".h0lyenc\" or TargetFilePath == \"C:\\\\FOR_DECRYPT.html\" \n| summarize StartTime = min(TimeGenerated), EndTime = max(TimeGenerated) by AccountCustomEntity = ActorUsername, HostCustomEntity = DvcHostname, DvcId, Type, EventType,  FileHashCustomEntity = TargetFileSHA256, Hash, TargetFilePath, Commandline = ActingProcessCommandLine\n)\n)\n",
                        "queryFrequency": "P1D",
                        "queryPeriod": "P1D",
                        "severity": "High",
                        "suppressionDuration": "PT1H",
                        "suppressionEnabled": false,
                        "triggerOperator": "GreaterThan",
                        "triggerThreshold": 0,
                        "tactics": [
                          "Impact"
                        ],
                        "entityMappings": [
                          {
                            "entityType": "Account",
                            "fieldMappings": [
                              {
                                "columnName": "AccountCustomEntity",
                                "identifier": "FullName"
                              }
                            ]
                          },
                          {
                            "entityType": "Host",
                            "fieldMappings": [
                              {
                                "columnName": "HostCustomEntity",
                                "identifier": "FullName"
                              }
                            ]
                          },
                          {
                            "entityType": "FileHash",
                            "fieldMappings": [
                              {
                                "columnName": "AlgorithmCustomEntity",
                                "identifier": "Algorithm"
                              },
                              {
                                "columnName": "FileHashCustomEntity",
                                "identifier": "Value"
                              }
                            ]
                          }
                        ]
                      }
                    },
                    {
                      "type": "Microsoft.OperationalInsights/workspaces/providers/metadata",
                      "apiVersion": "2021-03-01-preview",
                      "name": "[concat(parameters('workspace'),'/Microsoft.SecurityInsights/', '')]",
                      "properties": {
                        "description": "'Dev-0530 actors are known to encrypt the contents of the victims device as well as renaming the file extensions. This query looks for the creation of files with .h0lyenc extension or presence of ransom note.'\n",
                        "version": "1.0.0",
                        "source": {
                          "kind": "Community"
                        },
                        "threatAnalysisTactics": [
                          "Impact"
                        ],
                        "threatAnalyticsTechniques": [
                          "T1486"
                        ],
                        "contentId": "d82eb796-d1eb-43c8-a813-325ce3417cef",
                        "parentId": "d82eb796-d1eb-43c8-a813-325ce3417cef",
                        "kind": "AnalyticsRule",
                        "dependencies": {
                          "operator": "AND",
                          "criteria": [
                            {
                              "contentId": "DeviceFileEvents",
                              "kind": "DataType"
                            }
                          ]
                        }
                      }
                    }
                  ]
                }
              }
            }
          ]
        },
        "dependencies": {
          "operator": "AND",
          "criteria": [
            {
              "contentId": "d82eb796-d1eb-43c8-a813-325ce3417cef",
              "kind": "AnalyticsRule"
            }
          ]
        },
        "description": "'Dev-0530 actors are known to encrypt the contents of the victims device as well as renaming the file extensions. This query looks for the creation of files with .h0lyenc extension or presence of ransom note.'\n",
        "displayName": "Dev-0530 File Extension Rename",
        "packageId": "d82eb796-d1eb-43c8-a813-325ce3417cef",
        "source": {
          "kind": "Community"
        },
        "threatAnalysisTactics": [
          "Impact"
        ],
        "threatAnalyticsTechniques": [
          "T1486"
        ],
        "version": "1.0.0"
      },
      "name": "[concat(parameters('workspace'),'/Microsoft.SecurityInsights/', 'd82eb796-d1eb-43c8-a813-325ce3417cef')]"
    }
  ]
}