{
  "$schema": "https://schema.management.azure.com/schemas/2019-04-01/deploymentTemplate.json#",
  "contentVersion": "1.0.0.0",
  "parameters": {
    "location": {
      "type": "string",
      "minLength": 1,
      "defaultValue": "[resourceGroup().location]",
      "metadata": {
        "description": "Not used, but needed to pass arm-ttk test `Location-Should-Not-Be-Hardcoded`.  We instead use the `workspace-location` which is derived from the LA workspace"
      }
    },
    "workspace-location": {
      "type": "string",
      "defaultValue": "",
      "metadata": {
        "description": "[concat('Region to deploy solution resources -- separate from location selection',parameters('location'))]"
      }
    },
    "workspace": {
      "defaultValue": "",
      "type": "string",
      "metadata": {
        "description": "Workspace name for Log Analytics where Microsoft Sentinel is setup"
      }
    }
  },
  "variables": {},
  "resources": [
    {
      "type": "Microsoft.OperationalInsights/workspaces/providers/packages",
      "location": "[parameters('workspace-location')]",
      "apiVersion": "2022-08-01",
      "properties": {
        "packageKind": "Standalone",
        "packageItems": {
          "resources": [
            {
              "type": "Microsoft.OperationalInsights/workspaces/providers/contentTemplates",
              "name": "[concat(parameters('workspace'),'/Microsoft.SecurityInsights/', '979c42dd-533e-4ede-b18b-31a84ba8b3d6')]",
              "location": "[parameters('workspace-location')]",
              "apiVersion": "2022-08-01",
              "properties": {
                "contentId": "979c42dd-533e-4ede-b18b-31a84ba8b3d6",
                "displayName": "DSRM Account Abuse",
                "contentKind": "AnalyticsRule",
                "mainTemplate": {
                  "$schema": "https://schema.management.azure.com/schemas/2019-04-01/deploymentTemplate.json#",
                  "contentVersion": "1.0.1",
                  "resources": [
                    {
                      "type": "Microsoft.OperationalInsights/workspaces/providers/alertRules",
                      "apiVersion": "2022-04-01-preview",
                      "name": "979c42dd-533e-4ede-b18b-31a84ba8b3d6",
                      "kind": "Scheduled",
                      "location": "[parameters('workspace-location')]",
                      "properties": {
                        "description": "This query detects an abuse of the DSRM account in order to maintain persistence and access to the organization's Active Directory.\nRef: https://adsecurity.org/?p=1785",
                        "displayName": "DSRM Account Abuse",
                        "enabled": false,
                        "query": "Event\n| where EventLog == \"Microsoft-Windows-Sysmon/Operational\" and EventID in (13)\n| parse EventData with * 'TargetObject\">' TargetObject \"<\" * 'Details\">' Details \"<\" * \n| where TargetObject has (\"HKLM\\\\System\\\\CurrentControlSet\\\\Control\\\\Lsa\\\\DsrmAdminLogonBehavior\") and Details == \"DWORD (0x00000002)\"\n| summarize StartTimeUtc = min(TimeGenerated), EndTimeUtc = max(TimeGenerated) by EventID, Computer,  TargetObject, Details\n",
                        "queryFrequency": "PT1H",
                        "queryPeriod": "PT1H",
                        "severity": "High",
                        "status": "Available",
                        "suppressionDuration": "PT1H",
                        "suppressionEnabled": false,
                        "triggerOperator": "GreaterThan",
                        "triggerThreshold": 0,
                        "tactics": [
                          "Persistence"
                        ],
                        "techniques": [
                          "T1098"
                        ],
                        "entityMappings": [
                          {
                            "entityType": "Host",
                            "fieldMappings": [
                              {
                                "columnName": "Computer",
                                "identifier": "FullName"
                              }
                            ]
                          },
                          {
                            "entityType": "RegistryKey",
                            "fieldMappings": [
                              {
                                "columnName": "TargetObject",
                                "identifier": "Key"
                              }
                            ]
                          }
                        ],
                        "requiredDataConnectors": [
                          {
                            "connectorId": "SecurityEvents",
                            "dataTypes": [
                              "SecurityEvent"
                            ]
                          }
                        ]
                      }
                    },
                    {
                      "type": "Microsoft.OperationalInsights/workspaces/providers/metadata",
                      "apiVersion": "2021-03-01-preview",
                      "properties": {
                        "description": "This query detects an abuse of the DSRM account in order to maintain persistence and access to the organization's Active Directory.\nRef: https://adsecurity.org/?p=1785",
                        "version": "1.0.1",
                        "author": {
                          "name": "Vasileios Paschalidis"
                        },
                        "support": {
                          "tier": "Community",
                          "name": "Community",
                          "link": "https://github.com/Azure/Azure-Sentinel/issues"
                        },
                        "source": {
                          "kind": "Community",
                          "name": "Standalone"
                        },
                        "threatAnalysisTactics": [
                          "Persistence"
                        ],
                        "threatAnalyticsTechniques": [
                          "T1098"
                        ],
                        "contentId": "979c42dd-533e-4ede-b18b-31a84ba8b3d6",
                        "parentId": "979c42dd-533e-4ede-b18b-31a84ba8b3d6",
                        "kind": "AnalyticsRule",
                        "dependencies": {
                          "operator": "AND",
                          "criteria": [
                            {
                              "contentId": "SecurityEvent",
                              "kind": "DataType"
                            }
                          ]
                        }
                      }
                    }
                  ]
                }
              }
            }
          ]
        },
        "author": {
          "name": "Vasileios Paschalidis"
        },
        "categories": {
          "domains": [
            "Security - Others"
          ]
        },
        "dependencies": {
          "operator": "AND",
          "criteria": [
            {
              "contentId": "979c42dd-533e-4ede-b18b-31a84ba8b3d6",
              "kind": "AnalyticsRule"
            }
          ]
        },
        "description": "This query detects an abuse of the DSRM account in order to maintain persistence and access to the organization's Active Directory.\nRef: https://adsecurity.org/?p=1785",
        "displayName": "DSRM Account Abuse",
        "packageId": "979c42dd-533e-4ede-b18b-31a84ba8b3d6",
        "source": {
          "kind": "Community",
          "name": "Standalone"
        },
        "support": {
          "tier": "Community",
          "name": "Community",
          "link": "https://github.com/Azure/Azure-Sentinel/issues"
        },
        "threatAnalysisTactics": [
          "Persistence"
        ],
        "threatAnalyticsTechniques": [
          "T1098"
        ],
        "version": "1.0.1"
      },
      "name": "[concat(parameters('workspace'),'/Microsoft.SecurityInsights/', '979c42dd-533e-4ede-b18b-31a84ba8b3d6')]"
    }
  ]
}