{
  "$schema": "https://schema.management.azure.com/schemas/2019-04-01/deploymentTemplate.json#",
  "contentVersion": "1.0.0.0",
  "parameters": {
    "location": {
      "type": "string",
      "minLength": 1,
      "defaultValue": "[resourceGroup().location]",
      "metadata": {
        "description": "Not used, but needed to pass arm-ttk test `Location-Should-Not-Be-Hardcoded`.  We instead use the `workspace-location` which is derived from the LA workspace"
      }
    },
    "workspace-location": {
      "type": "string",
      "defaultValue": "",
      "metadata": {
        "description": "[concat('Region to deploy solution resources -- separate from location selection',parameters('location'))]"
      }
    },
    "workspace": {
      "defaultValue": "",
      "type": "string",
      "metadata": {
        "description": "Workspace name for Log Analytics where Microsoft Sentinel is setup"
      }
    }
  },
  "variables": {},
  "resources": [
    {
      "type": "Microsoft.OperationalInsights/workspaces/providers/packages",
      "location": "[parameters('workspace-location')]",
      "apiVersion": "2022-08-01",
      "properties": {
        "packageKind": "Standalone",
        "packageItems": {
          "resources": [
            {
              "type": "Microsoft.OperationalInsights/workspaces/providers/contentTemplates",
              "name": "[concat(parameters('workspace'),'/Microsoft.SecurityInsights/', 'd722831e-88f5-4e25-b106-4ef6e29f8c13')]",
              "location": "[parameters('workspace-location')]",
              "apiVersion": "2022-08-01",
              "properties": {
                "contentId": "d722831e-88f5-4e25-b106-4ef6e29f8c13",
                "displayName": "New executable via Office FileUploaded Operation",
                "contentKind": "AnalyticsRule",
                "mainTemplate": {
                  "$schema": "https://schema.management.azure.com/schemas/2019-04-01/deploymentTemplate.json#",
                  "contentVersion": "1.0.0",
                  "resources": [
                    {
                      "type": "Microsoft.OperationalInsights/workspaces/providers/alertRules",
                      "apiVersion": "2022-04-01-preview",
                      "name": "d722831e-88f5-4e25-b106-4ef6e29f8c13",
                      "kind": "Scheduled",
                      "location": "[parameters('workspace-location')]",
                      "properties": {
                        "description": "Identifies when executable file types are uploaded to Office services such as SharePoint and OneDrive.\nList currently includes 'exe', 'inf', 'gzip', 'cmd', 'bat' file extensions.\nAdditionally, identifies when a given user is uploading these files to another users workspace.\nThis may be indication of a staging location for malware or other malicious activity.",
                        "displayName": "New executable via Office FileUploaded Operation",
                        "enabled": false,
                        "query": "\n// a threshold can be enabled, see commented line below for PrevSeenCount\nlet threshold = 2;\nlet uploadOp = 'FileUploaded';\n// Extensions that are interesting. Add/Remove to this list as you see fit\nlet execExt = dynamic(['exe', 'inf', 'gzip', 'cmd', 'bat']);\nlet starttime = 8d;\nlet endtime = 1d;\nOfficeActivity | where TimeGenerated >= ago(endtime)\n// Limited to File Uploads due to potential noise, comment out the Operation statement below to include any operation type\n// Additional, but potentially noisy operation types that include Uploads and Downloads can be included by adding the following - Operation contains \"upload\" or Operation contains \"download\"\n| where Operation =~ uploadOp\n| where SourceFileExtension has_any (execExt)\n| project TimeGenerated, OfficeId, OfficeWorkload, RecordType, Operation, UserType, UserKey, UserId, ClientIP, UserAgent, Site_Url, SourceRelativeUrl, SourceFileName\n| join kind= leftanti (\nOfficeActivity | where TimeGenerated between (ago(starttime) .. ago(endtime))\n| where Operation =~ uploadOp\n| where SourceFileExtension has_any (execExt)\n| summarize SourceRelativeUrl = make_set(SourceRelativeUrl), UserId = make_set(UserId) , PrevSeenCount = count() by SourceFileName\n// To exclude previous matches when only above a specific count, change threshold above and uncomment the line below\n//| where PrevSeenCount > threshold\n| mvexpand SourceRelativeUrl, UserId\n| extend SourceRelativeUrl = tostring(SourceRelativeUrl), UserId = tostring(UserId)\n) on SourceFileName, SourceRelativeUrl, UserId \n| extend SiteUrlUserFolder = tolower(split(Site_Url, '/')[-2])\n| extend UserIdUserFolderFormat = tolower(replace('@|\\\\.', '_',UserId))\n// identify when UserId is not a match to the specific site url personal folder reference\n| extend UserIdDiffThanUserFolder = iff(Site_Url has '/personal/' and SiteUrlUserFolder != UserIdUserFolderFormat, true , false ) \n| summarize TimeGenerated = make_list(TimeGenerated), StartTime = min(TimeGenerated), EndTime = max(TimeGenerated), \nUserAgents = make_list(UserAgent), OfficeIds = make_list(OfficeId), SourceRelativeUrls = make_list(SourceRelativeUrl), FileNames = make_list(SourceFileName)\nby OfficeWorkload, RecordType, Operation, UserType, UserKey, UserId, ClientIP, Site_Url, SiteUrlUserFolder, UserIdUserFolderFormat, UserIdDiffThanUserFolder\n| extend timestamp = StartTime, AccountCustomEntity = UserId, IPCustomEntity = ClientIP, URLCustomEntity = Site_Url\n",
                        "queryFrequency": "P1D",
                        "queryPeriod": "P8D",
                        "severity": "Low",
                        "suppressionDuration": "PT1H",
                        "suppressionEnabled": false,
                        "triggerOperator": "GreaterThan",
                        "triggerThreshold": 0,
                        "tactics": [
                          "CommandAndControl"
                        ],
                        "techniques": [
                          "T1105"
                        ],
                        "entityMappings": [
                          {
                            "entityType": "Account",
                            "fieldMappings": [
                              {
                                "columnName": "AccountCustomEntity",
                                "identifier": "FullName"
                              }
                            ]
                          },
                          {
                            "entityType": "IP",
                            "fieldMappings": [
                              {
                                "columnName": "IPCustomEntity",
                                "identifier": "Address"
                              }
                            ]
                          },
                          {
                            "entityType": "URL",
                            "fieldMappings": [
                              {
                                "columnName": "URLCustomEntity",
                                "identifier": "Url"
                              }
                            ]
                          }
                        ]
                      }
                    },
                    {
                      "type": "Microsoft.OperationalInsights/workspaces/providers/metadata",
                      "apiVersion": "2021-03-01-preview",
                      "properties": {
                        "description": "'Identifies when executable file types are uploaded to Office services such as SharePoint and OneDrive.\nList currently includes 'exe', 'inf', 'gzip', 'cmd', 'bat' file extensions.\nAdditionally, identifies when a given user is uploading these files to another users workspace.\nThis may be indication of a staging location for malware or other malicious activity.'\n",
                        "version": "1.0.0",
                        "author": {
                          "name": "Community"
                        },
                        "support": {
                          "name": "Community",
                          "link": "https://github.com/Azure/Azure-Sentinel/issues",
                          "tier": "Community"
                        },
                        "source": {
                          "kind": "Community",
                          "name": "Standalone"
                        },
                        "threatAnalysisTactics": [
                          "CommandAndControl"
                        ],
                        "threatAnalyticsTechniques": [
                          "T1105"
                        ],
                        "contentId": "d722831e-88f5-4e25-b106-4ef6e29f8c13",
                        "parentId": "d722831e-88f5-4e25-b106-4ef6e29f8c13",
                        "kind": "AnalyticsRule",
                        "dependencies": {
                          "operator": "AND",
                          "criteria": [
                            {
                              "contentId": "OfficeActivity",
                              "kind": "DataType"
                            }
                          ]
                        }
                      }
                    }
                  ]
                }
              }
            }
          ]
        },
        "author": {
          "name": "Community"
        },
        "dependencies": {
          "operator": "AND",
          "criteria": [
            {
              "contentId": "d722831e-88f5-4e25-b106-4ef6e29f8c13",
              "kind": "AnalyticsRule"
            }
          ]
        },
        "description": "'Identifies when executable file types are uploaded to Office services such as SharePoint and OneDrive.\nList currently includes 'exe', 'inf', 'gzip', 'cmd', 'bat' file extensions.\nAdditionally, identifies when a given user is uploading these files to another users workspace.\nThis may be indication of a staging location for malware or other malicious activity.'\n",
        "displayName": "New executable via Office FileUploaded Operation",
        "packageId": "d722831e-88f5-4e25-b106-4ef6e29f8c13",
        "source": {
          "kind": "Community",
          "name": "Standalone"
        },
        "support": {
          "name": "Community",
          "link": "https://github.com/Azure/Azure-Sentinel/issues",
          "tier": "Community"
        },
        "threatAnalysisTactics": [
          "CommandAndControl"
        ],
        "threatAnalyticsTechniques": [
          "T1105"
        ],
        "version": "1.0.0"
      },
      "name": "[concat(parameters('workspace'),'/Microsoft.SecurityInsights/', 'd722831e-88f5-4e25-b106-4ef6e29f8c13')]"
    }
  ]
}