{
  "$schema": "https://schema.management.azure.com/schemas/2019-04-01/deploymentTemplate.json#",
  "parameters": {
    "location": {
      "type": "string",
      "minLength": 1,
      "defaultValue": "[resourceGroup().location]",
      "metadata": {
        "description": "Not used, but needed to pass arm-ttk test `Location-Should-Not-Be-Hardcoded`.  We instead use the `workspace-location` which is derived from the LA workspace"
      }
    },
    "workspace-location": {
      "type": "string",
      "defaultValue": "",
      "metadata": {
        "description": "[concat('Region to deploy solution resources -- separate from location selection',parameters('location'))]"
      }
    },
    "workspace": {
      "defaultValue": "",
      "type": "string",
      "metadata": {
        "description": "Workspace name for Log Analytics where Microsoft Sentinel is setup"
      }
    }
  },
  "variables": {},
  "resources": [
    {
      "type": "Microsoft.OperationalInsights/workspaces/providers/packages",
      "location": "[parameters('workspace-location')]",
      "apiVersion": "2022-08-01",
      "properties": {
        "packageKind": "Standalone",
        "packageItems": {
          "resources": [
            {
              "type": "Microsoft.OperationalInsights/workspaces/providers/contentTemplates",
              "name": "[concat(parameters('workspace'),'/Microsoft.SecurityInsights/', 'a5b3429d-f1da-42b9-883c-327ecb7b91ff')]",
              "location": "[parameters('workspace-location')]",
              "apiVersion": "2022-08-01",
              "properties": {
                "contentId": "a5b3429d-f1da-42b9-883c-327ecb7b91ff",
                "displayName": "Workspace deletion attempt from an infected device",
                "contentKind": "AnalyticsRule",
                "mainTemplate": {
                  "$schema": "https://schema.management.azure.com/schemas/2019-04-01/deploymentTemplate.json#",
                  "contentVersion": "1.0.0",
                  "resources": [
                    {
                      "type": "Microsoft.OperationalInsights/workspaces/providers/alertRules",
                      "apiVersion": "2022-04-01-preview",
                      "name": "[concat(parameters('workspace'),'/Microsoft.SecurityInsights/', '' )]",
                      "kind": "Scheduled",
                      "location": "[parameters('workspace-location')]",
                      "properties": {
                        "description": "This hunting query will alert on any sign-ins from devices infected with malware in correlation with potential workspace deletion activity. \nAttackers may attempt to delete  workspaces containing  compute instances  after successful compromise to cause service unavailability to regular business operation.",
                        "displayName": "Workspace deletion attempt from an infected device",
                        "enabled": false,
                        "query": "SecurityAlert \n| where AlertName == \"Sign-in from an infected device\"\n| extend Extprop = parsejson(Entities)\n| mv-expand Extprop\n| extend Extprop = parsejson(Extprop)\n| extend CmdLine = iff(Extprop['Type']==\"process\", Extprop['CommandLine'], '')\n| extend File = iff(Extprop['Type']==\"file\", Extprop['Name'], '')\n| extend Account = Extprop['Name']\n| extend Domain = Extprop['UPNSuffix']\n| extend Account = iif(isnotempty(Domain) and Extprop['Type']==\"account\", tolower(strcat(Account, \"@\", Domain)), iif(Extprop['Type']==\"account\", tolower(Account), \"\"))\n| extend IpAddress = iff(Extprop[\"Type\"] == \"ip\",Extprop['Address'], '')\n| extend Process = iff(isnotempty(CmdLine), CmdLine, File)\n| summarize count() by AlertName, AlertSeverity, CompromisedEntity, Account, IpAddress\n| join kind=inner \n(\nAzureActivity\n| where OperationNameValue hassuffix (\"/workspaces/computes/delete\")\n| where ActivityStatusValue =~ \"Succeeded\"\n| summarize  StartTimeUtc = min(TimeGenerated), EndTimeUtc = max(TimeGenerated), ActivityTimeStamp = makelist(TimeGenerated), ActivityStatusValue = makelist(ActivityStatusValue),  OperationIds = makelist(OperationId), CorrelationIds = makelist(CorrelationId), Resources = makelist(Resource), ResourceGroups = makelist(ResourceGroup), ResourceIds = makelist(ResourceId), ActivityCountByCallerIPAddress = count()  \nby CallerIpAddress, Caller, OperationNameValue\n) on $left. IpAddress == $right. CallerIpAddress\n| extend timestamp = StartTimeUtc, AccountCustomEntity = Caller, IPCustomEntity = CallerIpAddress\n",
                        "queryFrequency": "P1D",
                        "queryPeriod": "P1D",
                        "severity": "Medium",
                        "suppressionDuration": "PT1H",
                        "suppressionEnabled": false,
                        "triggerOperator": "GreaterThan",
                        "triggerThreshold": 0,
                        "tactics": [
                          "InitialAccess",
                          "Impact"
                        ],
                        "entityMappings": [
                          {
                            "entityType": "Account",
                            "fieldMappings": [
                              {
                                "columnName": "AccountCustomEntity",
                                "identifier": "FullName"
                              }
                            ]
                          },
                          {
                            "entityType": "IP",
                            "fieldMappings": [
                              {
                                "columnName": "IPCustomEntity",
                                "identifier": "Address"
                              }
                            ]
                          }
                        ]
                      }
                    },
                    {
                      "type": "Microsoft.OperationalInsights/workspaces/providers/metadata",
                      "apiVersion": "2021-03-01-preview",
                      "name": "[concat(parameters('workspace'),'/Microsoft.SecurityInsights/', '')]",
                      "properties": {
                        "description": "'This hunting query will alert on any sign-ins from devices infected with malware in correlation with potential workspace deletion activity. \nAttackers may attempt to delete  workspaces containing  compute instances  after successful compromise to cause service unavailability to regular business operation.'\n",
                        "contentId": "a5b3429d-f1da-42b9-883c-327ecb7b91ff",
                        "version": "1.0.0",
                        "source": {
                          "kind": "Community"
                        },
                        "threatAnalysisTactics": [
                          "InitialAccess",
                          "Impact"
                        ],
                        "threatAnalyticsTechniques": [
                          "T1078",
                          "T1489"
                        ],
                        "parentId": "a5b3429d-f1da-42b9-883c-327ecb7b91ff",
                        "kind": "AnalyticsRule",
                        "dependencies": {
                          "operator": "AND",
                          "criteria": [
                            {
                              "contentId": "SecurityAlert (IPC)",
                              "kind": "DataType"
                            },
                            {
                              "contentId": "AzureActivity",
                              "kind": "DataType"
                            }
                          ]
                        }
                      }
                    }
                  ]
                }
              }
            }
          ]
        },
        "contentId": "a5b3429d-f1da-42b9-883c-327ecb7b91ff",
        "dependencies": {
          "operator": "AND",
          "criteria": [
            {
              "contentId": "a5b3429d-f1da-42b9-883c-327ecb7b91ff",
              "kind": "AnalyticsRule"
            }
          ]
        },
        "description": "'This hunting query will alert on any sign-ins from devices infected with malware in correlation with potential workspace deletion activity. \nAttackers may attempt to delete  workspaces containing  compute instances  after successful compromise to cause service unavailability to regular business operation.'\n",
        "displayName": "Workspace deletion attempt from an infected device",
        "source": {
          "kind": "Community"
        },
        "threatAnalysisTactics": [
          "InitialAccess",
          "Impact"
        ],
        "threatAnalyticsTechniques": [
          "T1078",
          "T1489"
        ],
        "version": "1.0.0"
      },
      "name": "[concat(parameters('workspace'),'/Microsoft.SecurityInsights/', 'a5b3429d-f1da-42b9-883c-327ecb7b91ff')]"
    }
  ]
}