{
  "$schema": "https://schema.management.azure.com/schemas/2019-04-01/deploymentTemplate.json#",
  "contentVersion": "1.0.0.0",
  "parameters": {
    "location": {
      "type": "string",
      "minLength": 1,
      "defaultValue": "[resourceGroup().location]",
      "metadata": {
        "description": "Not used, but needed to pass arm-ttk test `Location-Should-Not-Be-Hardcoded`.  We instead use the `workspace-location` which is derived from the LA workspace"
      }
    },
    "workspace-location": {
      "type": "string",
      "defaultValue": "",
      "metadata": {
        "description": "[concat('Region to deploy solution resources -- separate from location selection',parameters('location'))]"
      }
    },
    "workspace": {
      "defaultValue": "",
      "type": "string",
      "metadata": {
        "description": "Workspace name for Log Analytics where Microsoft Sentinel is setup"
      }
    }
  },
  "variables": {},
  "resources": [
    {
      "type": "Microsoft.OperationalInsights/workspaces/providers/packages",
      "location": "[parameters('workspace-location')]",
      "apiVersion": "2022-08-01",
      "properties": {
        "packageKind": "Standalone",
        "packageItems": {
          "resources": [
            {
              "type": "Microsoft.OperationalInsights/workspaces/providers/contentTemplates",
              "name": "[concat(parameters('workspace'),'/Microsoft.SecurityInsights/', '2bc7b4ae-eeaa-4538-ba15-ef298ec1ffae')]",
              "location": "[parameters('workspace-location')]",
              "apiVersion": "2022-08-01",
              "properties": {
                "contentId": "2bc7b4ae-eeaa-4538-ba15-ef298ec1ffae",
                "displayName": "Starting or Stopping HealthService to Avoid Detection",
                "contentKind": "AnalyticsRule",
                "mainTemplate": {
                  "$schema": "https://schema.management.azure.com/schemas/2019-04-01/deploymentTemplate.json#",
                  "contentVersion": "1.0.1",
                  "resources": [
                    {
                      "type": "Microsoft.OperationalInsights/workspaces/providers/alertRules",
                      "apiVersion": "2022-04-01-preview",
                      "name": "2bc7b4ae-eeaa-4538-ba15-ef298ec1ffae",
                      "kind": "Scheduled",
                      "location": "[parameters('workspace-location')]",
                      "properties": {
                        "description": "This query detects events where an actor is stopping or starting HealthService to disable telemetry collection/detection from the agent.\n The query requires a SACL to audit for access request to the service.",
                        "displayName": "Starting or Stopping HealthService to Avoid Detection",
                        "enabled": false,
                        "query": "SecurityEvent\n| where EventID == 4656\n| extend EventData = parse_xml(EventData).EventData.Data\n| mv-expand bagexpansion=array EventData\n| evaluate bag_unpack(EventData)\n| extend Key = tostring(column_ifexists('@Name', \"\")), Value = column_ifexists('#text', \"\")\n| evaluate pivot(Key, any(Value), TimeGenerated, TargetAccount, Computer, EventSourceName, Channel, Task, Level, EventID, Activity, TargetLogonId, SourceComputerId, EventOriginId, Type, _ResourceId, TenantId, SourceSystem, ManagementGroupName, IpAddress, Account)\n| extend ObjectServer = column_ifexists('ObjectServer', \"\"), ObjectType = column_ifexists('ObjectType', \"\"), ObjectName = column_ifexists('ObjectName', \"\")\n| where isnotempty(ObjectServer) and isnotempty(ObjectType) and isnotempty(ObjectName)\n| where ObjectServer =~ \"SC Manager\" and ObjectType =~ \"SERVICE OBJECT\" and ObjectName =~ \"HealthService\"\n// Comment out the join below if the SACL only audits users that are part of the Network logon users, i.e. with user/group target pointing to \"NU.\"\n| join kind=leftouter (\n  SecurityEvent\n  | where EventID == 4624\n) on TargetLogonId\n| project TimeGenerated, Computer, Account, TargetAccount, IpAddress,TargetLogonId, ObjectServer, ObjectType, ObjectName\n| extend timestamp = TimeGenerated, HostCustomEntity = Computer, AccountCustomEntity = Account, IPCustomEntity = IpAddress\n",
                        "queryFrequency": "P1D",
                        "queryPeriod": "P1D",
                        "severity": "Medium",
                        "suppressionDuration": "PT1H",
                        "suppressionEnabled": false,
                        "triggerOperator": "GreaterThan",
                        "triggerThreshold": 0,
                        "tactics": [
                          "DefenseEvasion"
                        ],
                        "techniques": [
                          "T1562.001"
                        ],
                        "entityMappings": [
                          {
                            "entityType": "Account",
                            "fieldMappings": [
                              {
                                "columnName": "AccountCustomEntity",
                                "identifier": "FullName"
                              }
                            ]
                          },
                          {
                            "entityType": "Host",
                            "fieldMappings": [
                              {
                                "columnName": "HostCustomEntity",
                                "identifier": "FullName"
                              }
                            ]
                          },
                          {
                            "entityType": "IP",
                            "fieldMappings": [
                              {
                                "columnName": "IPCustomEntity",
                                "identifier": "Address"
                              }
                            ]
                          }
                        ]
                      }
                    },
                    {
                      "type": "Microsoft.OperationalInsights/workspaces/providers/metadata",
                      "apiVersion": "2021-03-01-preview",
                      "properties": {
                        "description": "'This query detects events where an actor is stopping or starting HealthService to disable telemetry collection/detection from the agent.\n The query requires a SACL to audit for access request to the service.'\n",
                        "version": "1.0.1",
                        "author": {
                          "name": "Community"
                        },
                        "support": {
                          "name": "Community",
                          "link": "https://github.com/Azure/Azure-Sentinel/issues",
                          "tier": "Community"
                        },
                        "source": {
                          "kind": "Community",
                          "name": "Standalone"
                        },
                        "threatAnalysisTactics": [
                          "DefenseEvasion"
                        ],
                        "threatAnalyticsTechniques": [
                          "T1562.001"
                        ],
                        "contentId": "2bc7b4ae-eeaa-4538-ba15-ef298ec1ffae",
                        "parentId": "2bc7b4ae-eeaa-4538-ba15-ef298ec1ffae",
                        "kind": "AnalyticsRule",
                        "dependencies": {
                          "operator": "AND",
                          "criteria": [
                            {
                              "contentId": "SecurityEvent",
                              "kind": "DataType"
                            },
                            {
                              "contentId": "SecurityEvent",
                              "kind": "DataType"
                            }
                          ]
                        }
                      }
                    }
                  ]
                }
              }
            }
          ]
        },
        "author": {
          "name": "Community"
        },
        "dependencies": {
          "operator": "AND",
          "criteria": [
            {
              "contentId": "2bc7b4ae-eeaa-4538-ba15-ef298ec1ffae",
              "kind": "AnalyticsRule"
            }
          ]
        },
        "description": "'This query detects events where an actor is stopping or starting HealthService to disable telemetry collection/detection from the agent.\n The query requires a SACL to audit for access request to the service.'\n",
        "displayName": "Starting or Stopping HealthService to Avoid Detection",
        "packageId": "2bc7b4ae-eeaa-4538-ba15-ef298ec1ffae",
        "source": {
          "kind": "Community",
          "name": "Standalone"
        },
        "support": {
          "name": "Community",
          "link": "https://github.com/Azure/Azure-Sentinel/issues",
          "tier": "Community"
        },
        "threatAnalysisTactics": [
          "DefenseEvasion"
        ],
        "threatAnalyticsTechniques": [
          "T1562.001"
        ],
        "version": "1.0.1"
      },
      "name": "[concat(parameters('workspace'),'/Microsoft.SecurityInsights/', '2bc7b4ae-eeaa-4538-ba15-ef298ec1ffae')]"
    }
  ]
}