{
  "$schema": "https://schema.management.azure.com/schemas/2019-04-01/deploymentTemplate.json#",
  "contentVersion": "1.0.0.0",
  "parameters": {
    "location": {
      "type": "string",
      "minLength": 1,
      "defaultValue": "[resourceGroup().location]",
      "metadata": {
        "description": "Not used, but needed to pass arm-ttk test `Location-Should-Not-Be-Hardcoded`.  We instead use the `workspace-location` which is derived from the LA workspace"
      }
    },
    "workspace-location": {
      "type": "string",
      "defaultValue": "",
      "metadata": {
        "description": "[concat('Region to deploy solution resources -- separate from location selection',parameters('location'))]"
      }
    },
    "workspace": {
      "defaultValue": "",
      "type": "string",
      "metadata": {
        "description": "Workspace name for Log Analytics where Microsoft Sentinel is setup"
      }
    }
  },
  "variables": {},
  "resources": [
    {
      "type": "Microsoft.OperationalInsights/workspaces/providers/packages",
      "location": "[parameters('workspace-location')]",
      "apiVersion": "2022-08-01",
      "properties": {
        "packageKind": "Standalone",
        "packageItems": {
          "resources": [
            {
              "type": "Microsoft.OperationalInsights/workspaces/providers/contentTemplates",
              "name": "[concat(parameters('workspace'),'/Microsoft.SecurityInsights/', 'bdf04f58-242b-4729-b376-577c4bdf5d3a')]",
              "location": "[parameters('workspace-location')]",
              "apiVersion": "2022-08-01",
              "properties": {
                "contentId": "bdf04f58-242b-4729-b376-577c4bdf5d3a",
                "displayName": "NOBELIUM - suspicious rundll32.exe execution of vbscript (Normalized Process Events)",
                "contentKind": "AnalyticsRule",
                "mainTemplate": {
                  "$schema": "https://schema.management.azure.com/schemas/2019-04-01/deploymentTemplate.json#",
                  "contentVersion": "1.1.1",
                  "resources": [
                    {
                      "type": "Microsoft.OperationalInsights/workspaces/providers/alertRules",
                      "apiVersion": "2022-04-01-preview",
                      "name": "bdf04f58-242b-4729-b376-577c4bdf5d3a",
                      "kind": "Scheduled",
                      "location": "[parameters('workspace-location')]",
                      "properties": {
                        "description": "This query idenifies when rundll32.exe executes a specific set of inline VBScript commands\nReferences: https://www.microsoft.com/security/blog/2021/03/04/goldmax-goldfinder-sibot-analyzing-nobelium-malware/\nTo use this analytics rule, make sure you have deployed the [ASIM normalization parsers](https://aka.ms/ASimProcessEvent)",
                        "displayName": "NOBELIUM - suspicious rundll32.exe execution of vbscript (Normalized Process Events)",
                        "enabled": false,
                        "query": "imProcessCreate\n| where Process hassuffix 'rundll32.exe'\n| where CommandLine  has_any ('Execute','RegRead','window.close')\n| project TimeGenerated, Dvc, User, Process, CommandLine, ActingProcessName, EventVendor, EventProduct\n| extend timestamp = TimeGenerated, HostCustomEntity = Dvc, AccountCustomEntity = User\n",
                        "queryFrequency": "P1D",
                        "queryPeriod": "P1D",
                        "severity": "Medium",
                        "suppressionDuration": "PT1H",
                        "suppressionEnabled": false,
                        "triggerOperator": "GreaterThan",
                        "triggerThreshold": 0,
                        "tactics": [
                          "Persistence"
                        ],
                        "techniques": [
                          "T1547"
                        ],
                        "entityMappings": [
                          {
                            "entityType": "Account",
                            "fieldMappings": [
                              {
                                "columnName": "AccountCustomEntity",
                                "identifier": "FullName"
                              }
                            ]
                          },
                          {
                            "entityType": "Host",
                            "fieldMappings": [
                              {
                                "columnName": "HostCustomEntity",
                                "identifier": "FullName"
                              }
                            ]
                          }
                        ]
                      }
                    },
                    {
                      "type": "Microsoft.OperationalInsights/workspaces/providers/metadata",
                      "apiVersion": "2021-03-01-preview",
                      "properties": {
                        "description": "'This query idenifies when rundll32.exe executes a specific set of inline VBScript commands\nReferences: https://www.microsoft.com/security/blog/2021/03/04/goldmax-goldfinder-sibot-analyzing-nobelium-malware/\nTo use this analytics rule, make sure you have deployed the [ASIM normalization parsers](https://aka.ms/ASimProcessEvent)'\n",
                        "version": "1.1.1",
                        "author": {
                          "name": "Community"
                        },
                        "support": {
                          "name": "Community",
                          "link": "https://github.com/Azure/Azure-Sentinel/issues",
                          "tier": "Community"
                        },
                        "source": {
                          "kind": "Community",
                          "name": "Standalone"
                        },
                        "threatAnalysisTactics": [
                          "Persistence"
                        ],
                        "threatAnalyticsTechniques": [
                          "T1547"
                        ],
                        "contentId": "bdf04f58-242b-4729-b376-577c4bdf5d3a",
                        "parentId": "bdf04f58-242b-4729-b376-577c4bdf5d3a",
                        "kind": "AnalyticsRule"
                      }
                    }
                  ]
                }
              }
            }
          ]
        },
        "author": {
          "name": "Community"
        },
        "dependencies": {
          "operator": "AND",
          "criteria": [
            {
              "contentId": "bdf04f58-242b-4729-b376-577c4bdf5d3a",
              "kind": "AnalyticsRule"
            }
          ]
        },
        "description": "'This query idenifies when rundll32.exe executes a specific set of inline VBScript commands\nReferences: https://www.microsoft.com/security/blog/2021/03/04/goldmax-goldfinder-sibot-analyzing-nobelium-malware/\nTo use this analytics rule, make sure you have deployed the [ASIM normalization parsers](https://aka.ms/ASimProcessEvent)'\n",
        "displayName": "NOBELIUM - suspicious rundll32.exe execution of vbscript (Normalized Process Events)",
        "packageId": "bdf04f58-242b-4729-b376-577c4bdf5d3a",
        "source": {
          "kind": "Community",
          "name": "Standalone"
        },
        "support": {
          "name": "Community",
          "link": "https://github.com/Azure/Azure-Sentinel/issues",
          "tier": "Community"
        },
        "threatAnalysisTactics": [
          "Persistence"
        ],
        "threatAnalyticsTechniques": [
          "T1547"
        ],
        "version": "1.1.1"
      },
      "name": "[concat(parameters('workspace'),'/Microsoft.SecurityInsights/', 'bdf04f58-242b-4729-b376-577c4bdf5d3a')]"
    }
  ]
}