{
  "$schema": "https://schema.management.azure.com/schemas/2019-04-01/deploymentTemplate.json#",
  "contentVersion": "1.0.0.0",
  "parameters": {
    "location": {
      "type": "string",
      "minLength": 1,
      "defaultValue": "[resourceGroup().location]",
      "metadata": {
        "description": "Not used, but needed to pass arm-ttk test `Location-Should-Not-Be-Hardcoded`.  We instead use the `workspace-location` which is derived from the LA workspace"
      }
    },
    "workspace-location": {
      "type": "string",
      "defaultValue": "",
      "metadata": {
        "description": "[concat('Region to deploy solution resources -- separate from location selection',parameters('location'))]"
      }
    },
    "workspace": {
      "defaultValue": "",
      "type": "string",
      "metadata": {
        "description": "Workspace name for Log Analytics where Microsoft Sentinel is setup"
      }
    }
  },
  "variables": {},
  "resources": [
    {
      "type": "Microsoft.OperationalInsights/workspaces/providers/packages",
      "location": "[parameters('workspace-location')]",
      "apiVersion": "2022-08-01",
      "properties": {
        "packageKind": "Standalone",
        "packageItems": {
          "resources": [
            {
              "type": "Microsoft.OperationalInsights/workspaces/providers/contentTemplates",
              "name": "[concat(parameters('workspace'),'/Microsoft.SecurityInsights/', '2391ce61-8c8d-41ac-9723-d945b2e90720')]",
              "location": "[parameters('workspace-location')]",
              "apiVersion": "2022-08-01",
              "properties": {
                "contentId": "2391ce61-8c8d-41ac-9723-d945b2e90720",
                "displayName": "Excessive Windows logon failures",
                "contentKind": "AnalyticsRule",
                "mainTemplate": {
                  "$schema": "https://schema.management.azure.com/schemas/2019-04-01/deploymentTemplate.json#",
                  "contentVersion": "2.0.0",
                  "resources": [
                    {
                      "type": "Microsoft.OperationalInsights/workspaces/providers/alertRules",
                      "apiVersion": "2022-04-01-preview",
                      "name": "2391ce61-8c8d-41ac-9723-d945b2e90720",
                      "kind": "Scheduled",
                      "location": "[parameters('workspace-location')]",
                      "properties": {
                        "description": "User has over 50 Windows logon failures today and at least 33% of the count of logon failures over the previous 7 days.",
                        "displayName": "Excessive Windows logon failures",
                        "enabled": false,
                        "query": "\nlet starttime = 8d;\nlet endtime = 1d;\nlet threshold = 0.333;\nlet countlimit = 50;\nSecurityEvent\n| where TimeGenerated >= ago(endtime)\n| where EventID == 4625 and AccountType =~ \"User\"\n| where IpAddress !in (\"127.0.0.1\", \"::1\")\n| summarize StartTime = min(TimeGenerated), EndTime = max(TimeGenerated), CountToday = count() by EventID, Account, LogonTypeName, SubStatus, AccountType, Computer, WorkstationName, IpAddress, Process\n| join kind=leftouter (\n    SecurityEvent \n    | where TimeGenerated between (ago(starttime) .. ago(endtime))\n    | where EventID == 4625 and AccountType =~ \"User\"\n    | where IpAddress !in (\"127.0.0.1\", \"::1\")\n    | summarize CountPrev7day = count() by EventID, Account, LogonTypeName, SubStatus, AccountType, Computer, WorkstationName, IpAddress\n) on EventID, Account, LogonTypeName, SubStatus, AccountType, Computer, WorkstationName, IpAddress\n| where CountToday >= coalesce(CountPrev7day,0)*threshold and CountToday >= countlimit\n//SubStatus Codes are detailed here - https://docs.microsoft.com/windows/security/threat-protection/auditing/event-4625\n| extend Reason = case(\nSubStatus =~ '0xC000005E', 'There are currently no logon servers available to service the logon request.',\nSubStatus =~ '0xC0000064', 'User logon with misspelled or bad user account',\nSubStatus =~ '0xC000006A', 'User logon with misspelled or bad password',    \nSubStatus =~ '0xC000006D', 'Bad user name or password',\nSubStatus =~ '0xC000006E', 'Unknown user name or bad password',\nSubStatus =~ '0xC000006F', 'User logon outside authorized hours',\nSubStatus =~ '0xC0000070', 'User logon from unauthorized workstation',\nSubStatus =~ '0xC0000071', 'User logon with expired password',\nSubStatus =~ '0xC0000072', 'User logon to account disabled by administrator',\nSubStatus =~ '0xC00000DC', 'Indicates the Sam Server was in the wrong state to perform the desired operation',  \nSubStatus =~ '0xC0000133', 'Clocks between DC and other computer too far out of sync',\nSubStatus =~ '0xC000015B', 'The user has not been granted the requested logon type (aka logon right) at this machine',\nSubStatus =~ '0xC000018C', 'The logon request failed because the trust relationship between the primary domain and the trusted domain failed',\nSubStatus =~ '0xC0000192', 'An attempt was made to logon, but the Netlogon service was not started',\nSubStatus =~ '0xC0000193', 'User logon with expired account',\nSubStatus =~ '0xC0000224', 'User is required to change password at next logon',\nSubStatus =~ '0xC0000225', 'Evidently a bug in Windows and not a risk',\nSubStatus =~ '0xC0000234', 'User logon with account locked',\nSubStatus =~ '0xC00002EE', 'Failure Reason: An Error occurred during Logon',\nSubStatus =~ '0xC0000413', 'Logon Failure: The machine you are logging onto is protected by an authentication firewall. The specified account is not allowed to authenticate to the machine',\nstrcat('Unknown reason substatus: ', SubStatus))\n| extend WorkstationName = iff(WorkstationName == \"-\" or isempty(WorkstationName), Computer , WorkstationName) \n| project StartTime, EndTime, EventID, Account, LogonTypeName, SubStatus, Reason, AccountType, Computer, WorkstationName, IpAddress, CountToday, CountPrev7day, Avg7Day = round(CountPrev7day*1.00/7,2), Process\n| summarize StartTime = min(StartTime), EndTime = max(EndTime), Computer = make_set(Computer,128), IpAddressList = make_set(IpAddress,128), sum(CountToday), sum(CountPrev7day), avg(Avg7Day) \nby EventID, Account, LogonTypeName, SubStatus, Reason, AccountType, WorkstationName, Process\n| order by sum_CountToday desc nulls last \n| extend timestamp = StartTime, AccountCustomEntity = Account, HostCustomEntity = WorkstationName\n",
                        "queryFrequency": "P1D",
                        "queryPeriod": "P8D",
                        "severity": "Low",
                        "suppressionDuration": "PT1H",
                        "suppressionEnabled": false,
                        "triggerOperator": "GreaterThan",
                        "triggerThreshold": 0,
                        "tactics": [
                          "CredentialAccess"
                        ],
                        "techniques": [
                          "T1110"
                        ],
                        "entityMappings": [
                          {
                            "entityType": "Account",
                            "fieldMappings": [
                              {
                                "columnName": "AccountCustomEntity",
                                "identifier": "FullName"
                              }
                            ]
                          },
                          {
                            "entityType": "Host",
                            "fieldMappings": [
                              {
                                "columnName": "HostCustomEntity",
                                "identifier": "FullName"
                              }
                            ]
                          },
                          {
                            "entityType": "Process",
                            "fieldMappings": [
                              {
                                "columnName": "Process",
                                "identifier": "CommandLine"
                              }
                            ]
                          }
                        ]
                      }
                    },
                    {
                      "type": "Microsoft.OperationalInsights/workspaces/providers/metadata",
                      "apiVersion": "2021-03-01-preview",
                      "properties": {
                        "description": "'User has over 50 Windows logon failures today and at least 33% of the count of logon failures over the previous 7 days.'\n",
                        "version": "2.0.0",
                        "author": {
                          "name": "Community"
                        },
                        "support": {
                          "name": "Community",
                          "link": "https://github.com/Azure/Azure-Sentinel/issues",
                          "tier": "Community"
                        },
                        "source": {
                          "kind": "Community",
                          "name": "Standalone"
                        },
                        "threatAnalysisTactics": [
                          "CredentialAccess"
                        ],
                        "threatAnalyticsTechniques": [
                          "T1110"
                        ],
                        "contentId": "2391ce61-8c8d-41ac-9723-d945b2e90720",
                        "parentId": "2391ce61-8c8d-41ac-9723-d945b2e90720",
                        "kind": "AnalyticsRule",
                        "dependencies": {
                          "operator": "AND",
                          "criteria": [
                            {
                              "contentId": "SecurityEvent",
                              "kind": "DataType"
                            },
                            {
                              "contentId": "SecurityEvent",
                              "kind": "DataType"
                            }
                          ]
                        }
                      }
                    }
                  ]
                }
              }
            }
          ]
        },
        "author": {
          "name": "Community"
        },
        "dependencies": {
          "operator": "AND",
          "criteria": [
            {
              "contentId": "2391ce61-8c8d-41ac-9723-d945b2e90720",
              "kind": "AnalyticsRule"
            }
          ]
        },
        "description": "'User has over 50 Windows logon failures today and at least 33% of the count of logon failures over the previous 7 days.'\n",
        "displayName": "Excessive Windows logon failures",
        "packageId": "2391ce61-8c8d-41ac-9723-d945b2e90720",
        "source": {
          "kind": "Community",
          "name": "Standalone"
        },
        "support": {
          "name": "Community",
          "link": "https://github.com/Azure/Azure-Sentinel/issues",
          "tier": "Community"
        },
        "threatAnalysisTactics": [
          "CredentialAccess"
        ],
        "threatAnalyticsTechniques": [
          "T1110"
        ],
        "version": "2.0.0"
      },
      "name": "[concat(parameters('workspace'),'/Microsoft.SecurityInsights/', '2391ce61-8c8d-41ac-9723-d945b2e90720')]"
    }
  ]
}