{
  "$schema": "https://schema.management.azure.com/schemas/2019-04-01/deploymentTemplate.json#",
  "parameters": {
    "location": {
      "type": "string",
      "minLength": 1,
      "defaultValue": "[resourceGroup().location]",
      "metadata": {
        "description": "Not used, but needed to pass arm-ttk test `Location-Should-Not-Be-Hardcoded`.  We instead use the `workspace-location` which is derived from the LA workspace"
      }
    },
    "workspace-location": {
      "type": "string",
      "defaultValue": "",
      "metadata": {
        "description": "[concat('Region to deploy solution resources -- separate from location selection',parameters('location'))]"
      }
    },
    "workspace": {
      "defaultValue": "",
      "type": "string",
      "metadata": {
        "description": "Workspace name for Log Analytics where Microsoft Sentinel is setup"
      }
    }
  },
  "variables": {},
  "resources": [
    {
      "type": "Microsoft.OperationalInsights/workspaces/providers/packages",
      "location": "[parameters('workspace-location')]",
      "apiVersion": "2022-08-01",
      "properties": {
        "packageKind": "Standalone",
        "packageItems": {
          "resources": [
            {
              "type": "Microsoft.OperationalInsights/workspaces/providers/contentTemplates",
              "name": "[concat(parameters('workspace'),'/Microsoft.SecurityInsights/', '05b4bccd-dd12-423d-8de4-5a6fb526bb4f')]",
              "location": "[parameters('workspace-location')]",
              "apiVersion": "2022-08-01",
              "properties": {
                "contentId": "05b4bccd-dd12-423d-8de4-5a6fb526bb4f",
                "displayName": "New EXE deployed via Default Domain or Default Domain Controller Policies",
                "contentKind": "AnalyticsRule",
                "mainTemplate": {
                  "$schema": "https://schema.management.azure.com/schemas/2019-04-01/deploymentTemplate.json#",
                  "contentVersion": "1.0.1",
                  "resources": [
                    {
                      "type": "Microsoft.OperationalInsights/workspaces/providers/alertRules",
                      "apiVersion": "2022-04-01-preview",
                      "name": "[concat(parameters('workspace'),'/Microsoft.SecurityInsights/', '' )]",
                      "kind": "Scheduled",
                      "location": "[parameters('workspace-location')]",
                      "properties": {
                        "description": "This detection highlights executables deployed to hosts via either the Default Domain or Default Domain Controller Policies. These policies apply to all hosts or Domain Controllers and best practice is that these policies should not be used for deployment of files.\nA threat actor may use these policies to deploy files or scripts to all hosts in a domain.",
                        "displayName": "New EXE deployed via Default Domain or Default Domain Controller Policies",
                        "enabled": false,
                        "query": "let known_processes = (\n  SecurityEvent\n  // If adjusting Query Period or Frequency update these\n  | where TimeGenerated between(ago(14d)..ago(1d))\n  | where EventID == 4688\n  | where NewProcessName has_any (\"Policies\\\\{6AC1786C-016F-11D2-945F-00C04fB984F9}\", \"Policies\\\\{31B2F340-016D-11D2-945F-00C04FB984F9}\")\n  | summarize by Process);\n  SecurityEvent\n  // If adjusting Query Period or Frequency update these\n  | where TimeGenerated > ago(1d)\n  | where EventID == 4688\n  | where NewProcessName has_any (\"Policies\\\\{6AC1786C-016F-11D2-945F-00C04fB984F9}\", \"Policies\\\\{31B2F340-016D-11D2-945F-00C04FB984F9}\")\n  | where Process !in (known_processes)\n  // This will likely apply to multiple hosts so summarize these data\n  | summarize FirstSeen=min(TimeGenerated), LastSeen=max(TimeGenerated) by Process, NewProcessName, CommandLine, Computer\n",
                        "queryFrequency": "P1D",
                        "queryPeriod": "P14D",
                        "severity": "High",
                        "suppressionDuration": "PT1H",
                        "suppressionEnabled": false,
                        "triggerOperator": "GreaterThan",
                        "triggerThreshold": 0,
                        "tactics": [
                          "Execution",
                          "LateralMovement"
                        ],
                        "entityMappings": [
                          {
                            "entityType": "Host",
                            "fieldMappings": [
                              {
                                "columnName": "Computer",
                                "identifier": "FullName"
                              }
                            ]
                          }
                        ]
                      }
                    },
                    {
                      "type": "Microsoft.OperationalInsights/workspaces/providers/metadata",
                      "apiVersion": "2021-03-01-preview",
                      "name": "[concat(parameters('workspace'),'/Microsoft.SecurityInsights/', '')]",
                      "properties": {
                        "description": "'This detection highlights executables deployed to hosts via either the Default Domain or Default Domain Controller Policies. These policies apply to all hosts or Domain Controllers and best practice is that these policies should not be used for deployment of files.\nA threat actor may use these policies to deploy files or scripts to all hosts in a domain.'\n",
                        "version": "1.0.1",
                        "source": {
                          "kind": "Community"
                        },
                        "threatAnalysisTactics": [
                          "Execution",
                          "LateralMovement"
                        ],
                        "threatAnalyticsTechniques": [
                          "T1072",
                          "T1570"
                        ],
                        "contentId": "05b4bccd-dd12-423d-8de4-5a6fb526bb4f",
                        "parentId": "05b4bccd-dd12-423d-8de4-5a6fb526bb4f",
                        "kind": "AnalyticsRule",
                        "dependencies": {
                          "operator": "AND",
                          "criteria": [
                            {
                              "contentId": "SecurityEvents",
                              "kind": "DataType"
                            }
                          ]
                        }
                      }
                    }
                  ]
                }
              }
            }
          ]
        },
        "dependencies": {
          "operator": "AND",
          "criteria": [
            {
              "contentId": "05b4bccd-dd12-423d-8de4-5a6fb526bb4f",
              "kind": "AnalyticsRule"
            }
          ]
        },
        "description": "'This detection highlights executables deployed to hosts via either the Default Domain or Default Domain Controller Policies. These policies apply to all hosts or Domain Controllers and best practice is that these policies should not be used for deployment of files.\nA threat actor may use these policies to deploy files or scripts to all hosts in a domain.'\n",
        "displayName": "New EXE deployed via Default Domain or Default Domain Controller Policies",
        "packageId": "05b4bccd-dd12-423d-8de4-5a6fb526bb4f",
        "source": {
          "kind": "Community"
        },
        "threatAnalysisTactics": [
          "Execution",
          "LateralMovement"
        ],
        "threatAnalyticsTechniques": [
          "T1072",
          "T1570"
        ],
        "version": "1.0.1"
      },
      "name": "[concat(parameters('workspace'),'/Microsoft.SecurityInsights/', '05b4bccd-dd12-423d-8de4-5a6fb526bb4f')]"
    }
  ]
}