{
  "$schema": "https://schema.management.azure.com/schemas/2019-04-01/deploymentTemplate.json#",
  "contentVersion": "1.0.0.0",
  "parameters": {
    "location": {
      "type": "string",
      "minLength": 1,
      "defaultValue": "[resourceGroup().location]",
      "metadata": {
        "description": "Not used, but needed to pass arm-ttk test `Location-Should-Not-Be-Hardcoded`.  We instead use the `workspace-location` which is derived from the LA workspace"
      }
    },
    "workspace-location": {
      "type": "string",
      "defaultValue": "",
      "metadata": {
        "description": "[concat('Region to deploy solution resources -- separate from location selection',parameters('location'))]"
      }
    },
    "workspace": {
      "defaultValue": "",
      "type": "string",
      "metadata": {
        "description": "Workspace name for Log Analytics where Microsoft Sentinel is setup"
      }
    }
  },
  "variables": {},
  "resources": [
    {
      "type": "Microsoft.OperationalInsights/workspaces/providers/packages",
      "location": "[parameters('workspace-location')]",
      "apiVersion": "2022-08-01",
      "properties": {
        "packageKind": "Standalone",
        "packageItems": {
          "resources": [
            {
              "type": "Microsoft.OperationalInsights/workspaces/providers/contentTemplates",
              "name": "[concat(parameters('workspace'),'/Microsoft.SecurityInsights/', '0a92c884-e6dc-4552-8bec-d47c9bb29295')]",
              "location": "[parameters('workspace-location')]",
              "kind": "shared",
              "apiVersion": "2022-08-01",
              "properties": {
                "contentId": "0a92c884-e6dc-4552-8bec-d47c9bb29295",
                "displayName": "PhishingEmailUrlRedirector",
                "contentKind": "HuntingQuery",
                "mainTemplate": {
                  "$schema": "https://schema.management.azure.com/schemas/2019-04-01/deploymentTemplate.json#",
                  "contentVersion": "1.0.0",
                  "resources": [
                    {
                      "type": "Microsoft.OperationalInsights/savedSearches",
                      "apiVersion": "2020-08-01",
                      "name": "0a92c884-e6dc-4552-8bec-d47c9bb29295",
                      "location": "[parameters('workspace-location')]",
                      "properties": {
                        "eTag": "*",
                        "displayName": "PhishingEmailUrlRedirector",
                        "category": "Hunting Queries",
                        "query": "EmailUrlInfo\n| where Url matches regex @\"s?\\:\\/\\/(?:www\\.)?t\\.(?:[\\w\\-\\.]+\\/+)+(?:r|redirect)\\/?\\?\"\n",
                        "version": 2,
                        "tags": [
                          {
                            "name": "description",
                            "value": "This query was originally published on Twitter, by @MsftSecIntel.\nThe query helps detect emails associated with the open redirector URL campaign. The campaign's URLs begin with the distinct pattern, hxxps://t[.]domain[.]tld/r/?. Attackers use URL redirection to manipulate users into visiting a malicious website or to evade detection.\nReference - https://twitter.com/MsftSecIntel\n"
                          },
                          {
                            "name": "tactics",
                            "value": "Initial access"
                          }
                        ]
                      }
                    },
                    {
                      "type": "Microsoft.OperationalInsights/workspaces/providers/metadata",
                      "apiVersion": "2021-03-01-preview",
                      "name": "[concat(parameters('workspace'),'/Microsoft.SecurityInsights/',concat('huntingQuery-', '0a92c884-e6dc-4552-8bec-d47c9bb29295'))]",
                      "properties": {
                        "description": "This query was originally published on Twitter, by @MsftSecIntel.\nThe query helps detect emails associated with the open redirector URL campaign. The campaign's URLs begin with the distinct pattern, hxxps://t[.]domain[.]tld/r/?. Attackers use URL redirection to manipulate users into visiting a malicious website or to evade detection.\nReference - https://twitter.com/MsftSecIntel\n",
                        "version": "1.0.0",
                        "author": {
                          "name": "Community"
                        },
                        "support": {
                          "name": "Community",
                          "link": "https://github.com/Azure/Azure-Sentinel/issues",
                          "tier": "Community"
                        },
                        "source": {
                          "kind": "Community",
                          "name": "Standalone"
                        },
                        "threatAnalysisTactics": [
                          "InitialAccess"
                        ],
                        "contentId": "0a92c884-e6dc-4552-8bec-d47c9bb29295",
                        "parentId": "0a92c884-e6dc-4552-8bec-d47c9bb29295",
                        "kind": "HuntingQuery",
                        "dependencies": {
                          "operator": "AND",
                          "criteria": [
                            {
                              "contentId": "EmailUrlInfo",
                              "kind": "DataType"
                            }
                          ]
                        }
                      }
                    }
                  ]
                }
              }
            }
          ]
        },
        "author": {
          "name": "Community"
        },
        "dependencies": {
          "operator": "AND",
          "criteria": [
            {
              "contentId": "0a92c884-e6dc-4552-8bec-d47c9bb29295",
              "kind": "HuntingQuery"
            }
          ]
        },
        "description": "This query was originally published on Twitter, by @MsftSecIntel.\nThe query helps detect emails associated with the open redirector URL campaign. The campaign's URLs begin with the distinct pattern, hxxps://t[.]domain[.]tld/r/?. Attackers use URL redirection to manipulate users into visiting a malicious website or to evade detection.\nReference - https://twitter.com/MsftSecIntel\n",
        "displayName": "PhishingEmailUrlRedirector",
        "packageId": "0a92c884-e6dc-4552-8bec-d47c9bb29295",
        "source": {
          "kind": "Community",
          "name": "Standalone"
        },
        "support": {
          "name": "Community",
          "link": "https://github.com/Azure/Azure-Sentinel/issues",
          "tier": "Community"
        },
        "threatAnalysisTactics": [
          "InitialAccess"
        ],
        "version": "1.0.0"
      },
      "name": "0a92c884-e6dc-4552-8bec-d47c9bb29295"
    }
  ]
}