{
  "$schema": "https://schema.management.azure.com/schemas/2019-04-01/deploymentTemplate.json#",
  "contentVersion": "1.0.0.0",
  "parameters": {
    "location": {
      "type": "string",
      "minLength": 1,
      "defaultValue": "[resourceGroup().location]",
      "metadata": {
        "description": "Not used, but needed to pass arm-ttk test `Location-Should-Not-Be-Hardcoded`.  We instead use the `workspace-location` which is derived from the LA workspace"
      }
    },
    "workspace-location": {
      "type": "string",
      "defaultValue": "",
      "metadata": {
        "description": "[concat('Region to deploy solution resources -- separate from location selection',parameters('location'))]"
      }
    },
    "workspace": {
      "defaultValue": "",
      "type": "string",
      "metadata": {
        "description": "Workspace name for Log Analytics where Microsoft Sentinel is setup"
      }
    }
  },
  "variables": {},
  "resources": [
    {
      "type": "Microsoft.OperationalInsights/workspaces/providers/packages",
      "location": "[parameters('workspace-location')]",
      "apiVersion": "2022-08-01",
      "properties": {
        "packageKind": "Standalone",
        "packageItems": {
          "resources": [
            {
              "type": "Microsoft.OperationalInsights/workspaces/providers/contentTemplates",
              "name": "[concat(parameters('workspace'),'/Microsoft.SecurityInsights/', 'a356c8bd-c81d-428b-aa36-83be706be034')]",
              "location": "[parameters('workspace-location')]",
              "apiVersion": "2022-08-01",
              "properties": {
                "contentId": "a356c8bd-c81d-428b-aa36-83be706be034",
                "displayName": "AAD Local Device Join Information and Transport Key Registry Keys Access",
                "contentKind": "AnalyticsRule",
                "mainTemplate": {
                  "$schema": "https://schema.management.azure.com/schemas/2019-04-01/deploymentTemplate.json#",
                  "contentVersion": "1.0.1",
                  "resources": [
                    {
                      "type": "Microsoft.OperationalInsights/workspaces/providers/alertRules",
                      "apiVersion": "2022-04-01-preview",
                      "name": "a356c8bd-c81d-428b-aa36-83be706be034",
                      "kind": "Scheduled",
                      "location": "[parameters('workspace-location')]",
                      "properties": {
                        "description": "This detection uses Windows security events to detect suspicious access attempts by the same process\n to registry keys that provide information about an AAD joined or registered devices and Transport keys (tkpub / tkpriv).\n This information can be used to export the Device Certificate (dkpub / dkpriv) and Transport key (tkpub/tkpriv).\n These set of keys can be used to impersonate existing Azure AD joined devices.\n This detection requires an access control entry (ACE) on the system access control list (SACL) of the following securable objects:\n HKLM:\\SYSTEM\\CurrentControlSet\\Control\\CloudDomainJoin (AAD joined devices)\n HKCU:\\SOFTWARE\\Microsoft\\Windows NT\\CurrentVersion\\WorkplaceJoin (AAD registered devices)\n HKLM:\\SYSTEM\\CurrentControlSet\\Control\\Cryptography\\Ngc\\KeyTransportKey (Transport Key)\n Make sure you set the SACL to propagate to its sub-keys. You can find more information in here https://github.com/OTRF/Set-AuditRule/blob/master/rules/registry/aad_connect_health_service_agent.yml\n Reference: https://o365blog.com/post/deviceidentity/",
                        "displayName": "AAD Local Device Join Information and Transport Key Registry Keys Access",
                        "enabled": false,
                        "query": "// AADJoined or Register Device Registry Keys\nlet aadJoinRoot = \"\\\\REGISTRY\\\\MACHINE\\\\SYSTEM\\\\ControlSet001\\\\Control\\\\CloudDomainJoin\\\\JoinInfo\\\\\";\nlet aadRegisteredRoot = \"\\\\SOFTWARE\\\\Microsoft\\\\Windows NT\\\\CurrentVersion\\\\WorkplaceJoin\";\n// Transport Key Registry Key\nlet keyTransportKey = \"\\\\REGISTRY\\\\MACHINE\\\\SYSTEM\\\\ControlSet001\\\\Control\\\\Cryptography\\\\Ngc\\\\KeyTransportKey\\\\\";\n(union isfuzzy=true\n(\n// Access to Object Requested\nSecurityEvent\n| where EventID == '4656'\n| where EventData contains aadJoinRoot or EventData contains aadRegisteredRoot\n| extend EventData = parse_xml(EventData).EventData.Data\n| mv-expand bagexpansion=array EventData\n| evaluate bag_unpack(EventData)\n| extend Key = tostring(column_ifexists('@Name', \"\")), Value = column_ifexists('#text', \"\")\n| evaluate pivot(Key, any(Value), TimeGenerated, Computer, EventID)\n| where ObjectType == 'Key'\n| where ObjectName startswith aadJoinRoot and SubjectLogonId != '0x3e7' //Local System\n| extend ProcessId = column_ifexists(\"ProcessId\", \"\"), Process = split(ProcessName, '\\\\', -1)[-1],Account = strcat(SubjectDomainName, \"\\\\\", SubjectUserName)\n| join kind=innerunique (\n    SecurityEvent\n    | where EventID == '4656'\n    | where EventData contains keyTransportKey\n    | extend EventData = parse_xml(EventData).EventData.Data\n    | mv-expand bagexpansion=array EventData\n    | evaluate bag_unpack(EventData)\n    | extend Key = tostring(column_ifexists('@Name', \"\")), Value = column_ifexists('#text', \"\")\n    | evaluate pivot(Key, any(Value), TimeGenerated, Computer, EventID)\n    | extend ObjectName = column_ifexists(\"ObjectName\", \"\"),ObjectType = column_ifexists(\"ObjectType\", \"\")\n    | where ObjectType == 'Key'\n    | where ObjectName startswith keyTransportKey and SubjectLogonId != '0x3e7' //Local System\n    | extend ProcessId = column_ifexists(\"ProcessId\", \"\"), Process = split(ProcessName, '\\\\', -1)[-1],Account = strcat(SubjectDomainName, \"\\\\\", SubjectUserName)\n) on $left.Computer == $right.Computer and $left.SubjectLogonId == $right.SubjectLogonId and $left.ProcessId == $right.ProcessId\n| project TimeGenerated, Computer, Account, SubjectDomainName, SubjectUserName, SubjectLogonId, ObjectName, tostring(Process), ProcessName, ProcessId, EventID\n),\n// Accessing Object\n(\nSecurityEvent\n| where EventID == '4663'\n| where ObjectType == 'Key'\n| where (ObjectName startswith aadJoinRoot or ObjectName contains aadRegisteredRoot) and SubjectLogonId != '0x3e7' //Local System\n| extend Account = SubjectAccount\n| join kind=innerunique (\n    SecurityEvent\n    | where EventID == '4663'\n    | where ObjectType == 'Key'\n    | where ObjectName contains keyTransportKey and SubjectLogonId != '0x3e7' //Local System\n    | extend Account = SubjectAccount\n) on $left.Computer == $right.Computer and $left.SubjectLogonId == $right.SubjectLogonId and $left.ProcessId == $right.ProcessId\n| project TimeGenerated, Computer, Account, SubjectDomainName, SubjectUserName, SubjectLogonId, ObjectName, Process, ProcessName, ProcessId, EventID\n)\n)\n",
                        "queryFrequency": "P1D",
                        "queryPeriod": "P1D",
                        "severity": "Medium",
                        "suppressionDuration": "PT1H",
                        "suppressionEnabled": false,
                        "triggerOperator": "GreaterThan",
                        "triggerThreshold": 0,
                        "tactics": [
                          "Discovery"
                        ],
                        "techniques": [
                          "T1012"
                        ],
                        "entityMappings": [
                          {
                            "entityType": "Account",
                            "fieldMappings": [
                              {
                                "columnName": "Account",
                                "identifier": "FullName"
                              }
                            ]
                          },
                          {
                            "entityType": "Host",
                            "fieldMappings": [
                              {
                                "columnName": "Computer",
                                "identifier": "FullName"
                              }
                            ]
                          }
                        ]
                      }
                    },
                    {
                      "type": "Microsoft.OperationalInsights/workspaces/providers/metadata",
                      "apiVersion": "2021-03-01-preview",
                      "properties": {
                        "description": "'This detection uses Windows security events to detect suspicious access attempts by the same process\n to registry keys that provide information about an AAD joined or registered devices and Transport keys (tkpub / tkpriv).\n This information can be used to export the Device Certificate (dkpub / dkpriv) and Transport key (tkpub/tkpriv).\n These set of keys can be used to impersonate existing Azure AD joined devices.\n This detection requires an access control entry (ACE) on the system access control list (SACL) of the following securable objects:\n HKLM:\\SYSTEM\\CurrentControlSet\\Control\\CloudDomainJoin (AAD joined devices)\n HKCU:\\SOFTWARE\\Microsoft\\Windows NT\\CurrentVersion\\WorkplaceJoin (AAD registered devices)\n HKLM:\\SYSTEM\\CurrentControlSet\\Control\\Cryptography\\Ngc\\KeyTransportKey (Transport Key)\n Make sure you set the SACL to propagate to its sub-keys. You can find more information in here https://github.com/OTRF/Set-AuditRule/blob/master/rules/registry/aad_connect_health_service_agent.yml\n Reference: https://o365blog.com/post/deviceidentity/'\n",
                        "version": "1.0.1",
                        "author": {
                          "name": "Community"
                        },
                        "support": {
                          "name": "Community",
                          "link": "https://github.com/Azure/Azure-Sentinel/issues",
                          "tier": "Community"
                        },
                        "source": {
                          "kind": "Community",
                          "name": "Standalone"
                        },
                        "threatAnalysisTactics": [
                          "Discovery"
                        ],
                        "threatAnalyticsTechniques": [
                          "T1012"
                        ],
                        "contentId": "a356c8bd-c81d-428b-aa36-83be706be034",
                        "parentId": "a356c8bd-c81d-428b-aa36-83be706be034",
                        "kind": "AnalyticsRule",
                        "dependencies": {
                          "operator": "AND",
                          "criteria": [
                            {
                              "contentId": "SecurityEvent",
                              "kind": "DataType"
                            }
                          ]
                        }
                      }
                    }
                  ]
                }
              }
            }
          ]
        },
        "author": {
          "name": "Community"
        },
        "dependencies": {
          "operator": "AND",
          "criteria": [
            {
              "contentId": "a356c8bd-c81d-428b-aa36-83be706be034",
              "kind": "AnalyticsRule"
            }
          ]
        },
        "description": "'This detection uses Windows security events to detect suspicious access attempts by the same process\n to registry keys that provide information about an AAD joined or registered devices and Transport keys (tkpub / tkpriv).\n This information can be used to export the Device Certificate (dkpub / dkpriv) and Transport key (tkpub/tkpriv).\n These set of keys can be used to impersonate existing Azure AD joined devices.\n This detection requires an access control entry (ACE) on the system access control list (SACL) of the following securable objects:\n HKLM:\\SYSTEM\\CurrentControlSet\\Control\\CloudDomainJoin (AAD joined devices)\n HKCU:\\SOFTWARE\\Microsoft\\Windows NT\\CurrentVersion\\WorkplaceJoin (AAD registered devices)\n HKLM:\\SYSTEM\\CurrentControlSet\\Control\\Cryptography\\Ngc\\KeyTransportKey (Transport Key)\n Make sure you set the SACL to propagate to its sub-keys. You can find more information in here https://github.com/OTRF/Set-AuditRule/blob/master/rules/registry/aad_connect_health_service_agent.yml\n Reference: https://o365blog.com/post/deviceidentity/'\n",
        "displayName": "AAD Local Device Join Information and Transport Key Registry Keys Access",
        "packageId": "a356c8bd-c81d-428b-aa36-83be706be034",
        "source": {
          "kind": "Community",
          "name": "Standalone"
        },
        "support": {
          "name": "Community",
          "link": "https://github.com/Azure/Azure-Sentinel/issues",
          "tier": "Community"
        },
        "threatAnalysisTactics": [
          "Discovery"
        ],
        "threatAnalyticsTechniques": [
          "T1012"
        ],
        "version": "1.0.1"
      },
      "name": "[concat(parameters('workspace'),'/Microsoft.SecurityInsights/', 'a356c8bd-c81d-428b-aa36-83be706be034')]"
    }
  ]
}