{
  "$schema": "https://schema.management.azure.com/schemas/2019-04-01/deploymentTemplate.json#",
  "parameters": {
    "location": {
      "type": "string",
      "minLength": 1,
      "defaultValue": "[resourceGroup().location]",
      "metadata": {
        "description": "Not used, but needed to pass arm-ttk test `Location-Should-Not-Be-Hardcoded`.  We instead use the `workspace-location` which is derived from the LA workspace"
      }
    },
    "workspace-location": {
      "type": "string",
      "defaultValue": "",
      "metadata": {
        "description": "[concat('Region to deploy solution resources -- separate from location selection',parameters('location'))]"
      }
    },
    "workspace": {
      "defaultValue": "",
      "type": "string",
      "metadata": {
        "description": "Workspace name for Log Analytics where Microsoft Sentinel is setup"
      }
    }
  },
  "variables": {},
  "resources": [
    {
      "type": "Microsoft.OperationalInsights/workspaces/providers/packages",
      "location": "[parameters('workspace-location')]",
      "apiVersion": "2022-08-01",
      "properties": {
        "packageKind": "Standalone",
        "packageItems": {
          "resources": [
            {
              "type": "Microsoft.OperationalInsights/workspaces/providers/contentTemplates",
              "name": "[concat(parameters('workspace'),'/Microsoft.SecurityInsights/', '69a45b05-71f5-45ca-8944-2e038747fb39')]",
              "location": "[parameters('workspace-location')]",
              "apiVersion": "2022-08-01",
              "properties": {
                "contentId": "69a45b05-71f5-45ca-8944-2e038747fb39",
                "displayName": "RDP Nesting",
                "contentKind": "AnalyticsRule",
                "mainTemplate": {
                  "$schema": "https://schema.management.azure.com/schemas/2019-04-01/deploymentTemplate.json#",
                  "contentVersion": "1.2.1",
                  "resources": [
                    {
                      "type": "Microsoft.OperationalInsights/workspaces/providers/alertRules",
                      "apiVersion": "2022-04-01-preview",
                      "name": "[concat(parameters('workspace'),'/Microsoft.SecurityInsights/', '' )]",
                      "kind": "Scheduled",
                      "location": "[parameters('workspace-location')]",
                      "properties": {
                        "description": "Identifies when an RDP connection is made to a first system and then an RDP connection is made from the first system\nto another system with the same account within the 60 minutes. Additionally, if historically daily\nRDP connections are indicated by the logged EventID 4624 with LogonType = 10",
                        "displayName": "RDP Nesting",
                        "enabled": false,
                        "query": "\nlet endtime = 1d;\nlet starttime = 8d;\n// The threshold below excludes matching on RDP connection computer counts of 5 or more by a given account and IP in a given day.  Change the threshold as needed.\nlet threshold = 5;\n(union isfuzzy=true\n(SecurityEvent\n| where TimeGenerated >= ago(endtime)\n| where EventID == 4624 and LogonType == 10\n// Labeling the first RDP connection time, computer and ip\n| extend FirstHop = TimeGenerated, FirstComputer = toupper(Computer), FirstIPAddress = IpAddress, Account = tolower(Account)\n),\n( WindowsEvent\n| where TimeGenerated >= ago(endtime)\n| where EventID == 4624 and EventData has (\"10\")\n| extend LogonType = tostring(EventData.LogonType)\n| where  LogonType == 10  // Labeling the first RDP connection time, computer and ip\n| extend Account = strcat(tostring(EventData.TargetDomainName),\"\\\\\", tostring(EventData.TargetUserName))\n| extend IpAddress = tostring(EventData.IpAddress)\n| extend FirstHop = TimeGenerated, FirstComputer = toupper(Computer), FirstIPAddress = IpAddress, Account = tolower(Account)\n))\n| join kind=inner (\n(union isfuzzy=true\n(SecurityEvent\n| where TimeGenerated >= ago(endtime)\n| where EventID == 4624 and LogonType == 10\n// Labeling the second RDP connection time, computer and ip\n| extend SecondHop = TimeGenerated, SecondComputer = toupper(Computer), SecondIPAddress = IpAddress, Account = tolower(Account)\n),\n(WindowsEvent\n| where TimeGenerated >= ago(endtime)\n| where EventID == 4624 and EventData has (\"10\")\n| extend LogonType = toint(EventData.LogonType)\n| where  LogonType == 10   // Labeling the second RDP connection time, computer and ip\n| extend Account = strcat(tostring(EventData.TargetDomainName),\"\\\\\", tostring(EventData.TargetUserName))\n| extend IpAddress = tostring(EventData.IpAddress)\n| extend SecondHop = TimeGenerated, SecondComputer = toupper(Computer), SecondIPAddress = IpAddress, Account = tolower(Account)\n))\n) on Account\n// Make sure that the first connection is after the second connection --> SecondHop > FirstHop\n// Then identify only RDP to another computer from within the first RDP connection by only choosing matches where the Computer names do not match --> FirstComputer != SecondComputer\n// Then make sure the IPAddresses do not match by excluding connections from the same computers with first hop RDP connections to multiple computers --> FirstIPAddress != SecondIPAddress\n| where FirstComputer != SecondComputer and FirstIPAddress != SecondIPAddress and SecondHop > FirstHop\n// where the second hop occurs within 30 minutes of the first hop\n| where SecondHop <= FirstHop+30m\n| distinct Account, FirstHop, FirstComputer, FirstIPAddress, SecondHop, SecondComputer, SecondIPAddress, AccountType, Activity, LogonTypeName, ProcessName\n// use left anti to exclude anything from the previous 7 days where the Account and IP has connected 5 or more computers.\n| join kind=leftanti (\n(union isfuzzy=true\n(SecurityEvent\n| where TimeGenerated >= ago(starttime) and TimeGenerated < ago(endtime)\n| where EventID == 4624 and LogonType == 10\n| summarize makeset(Computer), ComputerCount = dcount(Computer) by bin(TimeGenerated, 1d), Account = tolower(Account), IpAddress\n// Connection count to computer by same account and IP to exclude counts of 5 or more on a given day\n| where ComputerCount >= threshold\n| mvexpand set_Computer\n| extend Computer = toupper(set_Computer)\n),\n(WindowsEvent\n| where TimeGenerated >= ago(starttime) and TimeGenerated < ago(endtime)\n| where EventID == 4624 and EventData has (\"10\")\n| extend LogonType = tostring(EventData.LogonType)\n| where  LogonType == 10 \n| extend Account = strcat(tostring(EventData.TargetDomainName),\"\\\\\", tostring(EventData.TargetUserName))\n| extend IpAddress = tostring(EventData.IpAddress)\n| summarize makeset(Computer), ComputerCount = dcount(Computer) by bin(TimeGenerated, 1d), Account = tolower(Account), IpAddress\n// Connection count to computer by same account and IP to exclude counts of 5 or more on a given day\n| where ComputerCount >= threshold\n| mvexpand set_Computer\n| extend Computer = toupper(set_Computer)\n))\n) on Account, $left.SecondComputer == $right.Computer, $left.SecondIPAddress == $right.IpAddress\n| summarize FirstHopFirstSeen = min(FirstHop), FirstHopLastSeen = max(FirstHop) by Account, FirstComputer, FirstIPAddress, SecondHop, SecondComputer, \nSecondIPAddress, AccountType, Activity, LogonTypeName, ProcessName\n| extend timestamp = FirstHopFirstSeen, AccountCustomEntity = Account, HostCustomEntity = FirstComputer, IPCustomEntity = FirstIPAddress\n",
                        "queryFrequency": "P1D",
                        "queryPeriod": "P8D",
                        "severity": "Medium",
                        "suppressionDuration": "PT1H",
                        "suppressionEnabled": false,
                        "triggerOperator": "GreaterThan",
                        "triggerThreshold": 0,
                        "tactics": [
                          "LateralMovement"
                        ],
                        "entityMappings": [
                          {
                            "entityType": "Account",
                            "fieldMappings": [
                              {
                                "columnName": "AccountCustomEntity",
                                "identifier": "FullName"
                              }
                            ]
                          },
                          {
                            "entityType": "Host",
                            "fieldMappings": [
                              {
                                "columnName": "HostCustomEntity",
                                "identifier": "FullName"
                              }
                            ]
                          },
                          {
                            "entityType": "IP",
                            "fieldMappings": [
                              {
                                "columnName": "IPCustomEntity",
                                "identifier": "Address"
                              }
                            ]
                          }
                        ]
                      }
                    },
                    {
                      "type": "Microsoft.OperationalInsights/workspaces/providers/metadata",
                      "apiVersion": "2021-03-01-preview",
                      "name": "[concat(parameters('workspace'),'/Microsoft.SecurityInsights/', '')]",
                      "properties": {
                        "description": "'Identifies when an RDP connection is made to a first system and then an RDP connection is made from the first system\nto another system with the same account within the 60 minutes. Additionally, if historically daily\nRDP connections are indicated by the logged EventID 4624 with LogonType = 10'\n",
                        "contentId": "69a45b05-71f5-45ca-8944-2e038747fb39",
                        "version": "1.2.1",
                        "source": {
                          "kind": "Community"
                        },
                        "threatAnalysisTactics": [
                          "LateralMovement"
                        ],
                        "threatAnalyticsTechniques": [
                          "T1021"
                        ],
                        "parentId": "69a45b05-71f5-45ca-8944-2e038747fb39",
                        "kind": "AnalyticsRule",
                        "dependencies": {
                          "operator": "AND",
                          "criteria": [
                            {
                              "contentId": "SecurityEvent",
                              "kind": "DataType"
                            },
                            {
                              "contentId": "SecurityEvent",
                              "kind": "DataType"
                            },
                            {
                              "contentId": "WindowsEvent",
                              "kind": "DataType"
                            }
                          ]
                        }
                      }
                    }
                  ]
                }
              }
            }
          ]
        },
        "contentId": "69a45b05-71f5-45ca-8944-2e038747fb39",
        "dependencies": {
          "operator": "AND",
          "criteria": [
            {
              "contentId": "69a45b05-71f5-45ca-8944-2e038747fb39",
              "kind": "AnalyticsRule"
            }
          ]
        },
        "description": "'Identifies when an RDP connection is made to a first system and then an RDP connection is made from the first system\nto another system with the same account within the 60 minutes. Additionally, if historically daily\nRDP connections are indicated by the logged EventID 4624 with LogonType = 10'\n",
        "displayName": "RDP Nesting",
        "source": {
          "kind": "Community"
        },
        "threatAnalysisTactics": [
          "LateralMovement"
        ],
        "threatAnalyticsTechniques": [
          "T1021"
        ],
        "version": "1.2.1"
      },
      "name": "[concat(parameters('workspace'),'/Microsoft.SecurityInsights/', '69a45b05-71f5-45ca-8944-2e038747fb39')]"
    }
  ]
}