{
  "$schema": "https://schema.management.azure.com/schemas/2019-04-01/deploymentTemplate.json#",
  "parameters": {
    "location": {
      "type": "string",
      "minLength": 1,
      "defaultValue": "[resourceGroup().location]",
      "metadata": {
        "description": "Not used, but needed to pass arm-ttk test `Location-Should-Not-Be-Hardcoded`.  We instead use the `workspace-location` which is derived from the LA workspace"
      }
    },
    "workspace-location": {
      "type": "string",
      "defaultValue": "",
      "metadata": {
        "description": "[concat('Region to deploy solution resources -- separate from location selection',parameters('location'))]"
      }
    },
    "workspace": {
      "defaultValue": "",
      "type": "string",
      "metadata": {
        "description": "Workspace name for Log Analytics where Microsoft Sentinel is setup"
      }
    }
  },
  "variables": {},
  "resources": [
    {
      "type": "Microsoft.OperationalInsights/workspaces/providers/packages",
      "location": "[parameters('workspace-location')]",
      "apiVersion": "2022-08-01",
      "properties": {
        "packageKind": "Standalone",
        "packageItems": {
          "resources": [
            {
              "type": "Microsoft.OperationalInsights/workspaces/providers/templates",
              "name": "[concat(parameters('workspace'),'/Microsoft.SecurityInsights/', '0a57accf-3548-4e38-a861-99687c958f59')]",
              "location": "[parameters('workspace-location')]",
              "kind": "shared",
              "apiVersion": "2022-08-01",
              "properties": {
                "contentId": "0a57accf-3548-4e38-a861-99687c958f59",
                "displayName": "Palo Alto - high-risk ports",
                "contentKind": "HuntingQuery",
                "mainTemplate": {
                  "$schema": "https://schema.management.azure.com/schemas/2019-04-01/deploymentTemplate.json#",
                  "contentVersion": "1.0.0",
                  "resources": [
                    {
                      "type": "Microsoft.OperationalInsights/savedSearches",
                      "apiVersion": "2020-08-01",
                      "name": "0a57accf-3548-4e38-a861-99687c958f59",
                      "location": "[parameters('workspace-location')]",
                      "properties": {
                        "eTag": "*",
                        "displayName": "Palo Alto - high-risk ports",
                        "category": "Hunting Queries",
                        "query": "\nlet HighRiskPorts = datatable (Port:int, Protocol:string, RiskType:string, RiskDescription:string)[\n13,\"udp\",\"3rd Party Attacks\",\"Daytime protocol used in reflection/amplification attacks\",\n17,\"udp\",\"3rd Party Attacks\",\"QOTD protocol, reflection/amplification attacks\",\n19,\"udp\",\"3rd Party Attacks\",\"Chargen protocol, reflection/amplification attacks\",\n20,\"tcp\",\"Unencrypted\",\"Unencrypted FTP Traffic\",\n21,\"tcp\",\"Unencrypted\",\"Unencrypted FTP Traffic\",\n22,\"tcp\",\"Management\",\"SSH, brute force attacks common\",\n23,\"tcp\",\"Management\",\"Telnet, allows unauthenticated and/or unencrypted\",\n53,\"udp\",\"3rd Party Attacks\",\"DNS, reflection/amplification attacks\",\n69,\"udp\",\"Management\",\"TFTP, allows unauthenticated and/or unencrypted\",\n111,\"udp\",\"Management\",\"RPC, unencrypted authentication allowed\",\n111,\"tcp\",\"Management\",\"RPC, unencrypted authentication allowed\",\n119,\"tcp\",\"Unsecure\",\"NNTP, unencrypted authentication\",\n123,\"udp\",\"3rd Party Attacks\",\"Network Time Protocol, reflection/amplification attacks\",\n135,\"tcp\",\"Management\",\"End Point Mapper, multiple remote management srvcs\",\n135,\"udp\",\"Management\",\"End Point Mapper, multiple remote management srvcs\",\n137,\"tcp\",\"Hacker Recon\",\"Netbios Name Service\",\n137,\"udp\",\"Hacker Recon\",\"Netbios Name Service\",\n138,\"tcp\",\"Hacker Recon\",\"Netbios Datagram Service\",\n138,\"udp\",\"Hacker Recon\",\"Netbios Datagram Service\",\n139,\"tcp\",\"Hacker Recon\",\"Netbios Session Service\",\n161,\"tcp\",\"Unsecure/3rd Party Attacks\",\"SNMP, unsecure / no authentication UDP Reflection attacks\",\n161,\"udp\",\"Unsecure/3rd Party Attacks\",\"SNMP, unsecure / no authentication UDP Reflection attacks\",\n162,\"tcp\",\"Unsecure\",\"SNMP Trap, unsecure / no authentication\",\n162,\"udp\",\"Unsecure\",\"SNMP Trap, unsecure / no authentication\",\n389,\"tcp\",\"Hacker Recon/3rd Party Attacks\",\"LDAP/CLDAP\",\n389,\"udp\",\"Hacker Recon/3rd Party Attacks\",\"LDAP/CLDAP\",\n443,\"udp\",\"3rd Party Attacks\",\"UDP Reflection / Amplification attacks\",\n445,\"tcp\",\"Unsecure\",\"SMB - well known attack vector\",\n512,\"tcp\",\"Management\",\"Rexec on Linux, remote commands w/o encrypt auth\",\n514,\"tcp\",\"Management\",\"Remote Shell, remote commands w/o auth or encrypt\",\n593,\"tcp\",\"Management\",\"HTTP RPC EPMAP, unencrypted remote procedure call\",\n593,\"udp\",\"Management\",\"HTTP RPC EPMAP, unencrypted remote procedure call\",\n636,\"tcp\",\"Hacker Recon\",\"Lightweight Directory Access Protocol\",\n873,\"tcp\",\"Management\",\"Rsync, unencrypted file transfer\",\n1433,\"tcp\",\"Data Access/Mgmt\",\"MS SQL Management & Data Access\",\n1434,\"udp\",\"Data Access/Mgmt\",\"MS SQL Monitor Port\",\n1900,\"udp\",\"Hacker Recon/3rd Party Attacks\",\"Simple Service Discovery Protocol, unencrypted\",\n2049,\"tcp\",\"Unsecure\",\"Network File System\",\n2049,\"udp\",\"Unsecure\",\"Network File System\",\n2301,\"tcp\",\"Hacker Recon\",\"Compaq Management Service, no recent incidents\",\n2381,\"tcp\",\"Management\",\"Compaq Management Service, no recent incidents\",\n3268,\"tcp\",\"Hacker Recon\",\"Microsoft Global Catalog LDAP\",\n3306,\"tcp\",\"Data Access/Mgmt\",\"MySQL Database Management Port\",\n3389,\"tcp\",\"Management/3rd Party Attacks\",\"RDP, Common brute force attack port\",\n3389,\"udp\",\"Management/3rd Party Attacks\",\"RDP, Common brute force attack port\",\n4333,\"tcp\",\"Data Access/Mgmt\",\"MSql\",\n5353,\"udp\",\"3rd Party Attacks\",\"mDNS\",\n5432,\"tcp\",\"Data Access/Mgmt\",\"PostgresSQL Database Management\",\n5800,\"tcp\",\"Management\",\"VNC Remote Frame Buffer over HTTP\",\n5900,\"tcp\",\"Management\",\"VNC Remote Frame Buffer over HTTP\",\n5985,\"tcp\",\"Management\",\"Windows Powershell\",\n5986,\"tcp\",\"Management\",\"Windows Powershell\",\n6379,\"tcp\",\"Data Access/Mgmt\",\"Redis\",\n7000,\"tcp\",\"Data Access/Mgmt\",\"Cassandra\",\n7001,\"tcp\",\"Data Access/Mgmt\",\"Cassandra\",\n7199,\"tcp\",\"Data Access/Mgmt\",\"Cassandra\",\n9042,\"tcp\",\"Data Access/Mgmt\",\"Cassandra\",\n9160,\"tcp\",\"Data Access/Mgmt\",\"Cassandra\",\n9200,\"tcp\",\"Data Access/Mgmt\",\"Elastic Search\",\n9300,\"tcp\",\"Data Access/Mgmt\",\"Elastic Search\",\n9987,\"udp\",\"3rd Party Attack\",\"DSM/SCM Target Interface\",\n11211,\"udp\",\"Unencrypted\",\"Memcached\",\n16379,\"tcp\",\"Data Access/Mgmt\",\"Redis\",\n26379,\"tcp\",\"Data Access/Mgmt\",\"Redis\",\n27017,\"tcp\",\"Data Access/Mgmt\",\"MongoDB\",\n];\nHighRiskPorts\n| join kind=inner (\n  CommonSecurityLog\n  | where DeviceVendor == \"Palo Alto Networks\" and Activity == \"TRAFFIC\" and DeviceAction != \"deny\"\n  | where SentBytes > 0 and ReceivedBytes > 0\n  //Remove private IP communation from DestinationIP\n  | extend result = ipv4_is_private(DestinationIP) \n  | where result == 0\n  | summarize\n      Count = count(),\n      StartTime = min(TimeGenerated),\n      EndTime = max(TimeGenerated)\n      by \n      DeviceName,\n      SourceIP,\n      DestinationIP,\n      DestinationPort,\n      Protocol\n) on $left.Port == $right.DestinationPort and $left.Protocol == $right.Protocol\n| project-away Protocol1, Port\n| order by DeviceName asc, SourceIP asc, DestinationIP asc, DestinationPort asc\n| extend timestamp = StartTime, IPCustomEntity = SourceIP\n",
                        "version": 2,
                        "tags": [
                          {
                            "name": "description",
                            "value": "'Identifies network connections whose ports are frequent targets of attacks and should not cross network boundaries or reach untrusted public networks.\nConsider updating the firewall policies to block the connections.'\n"
                          },
                          {
                            "name": "tactics",
                            "value": "InitialAccess,Discovery"
                          }
                        ]
                      }
                    },
                    {
                      "type": "Microsoft.OperationalInsights/workspaces/providers/metadata",
                      "apiVersion": "2021-03-01-preview",
                      "name": "[concat(parameters('workspace'),'/Microsoft.SecurityInsights/',concat('huntingQuery-', '0a57accf-3548-4e38-a861-99687c958f59'))]",
                      "properties": {
                        "description": "'Identifies network connections whose ports are frequent targets of attacks and should not cross network boundaries or reach untrusted public networks.\nConsider updating the firewall policies to block the connections.'\n",
                        "contentId": "0a57accf-3548-4e38-a861-99687c958f59",
                        "version": "1.0.0",
                        "source": {
                          "kind": "Community"
                        },
                        "threatAnalysisTactics": [
                          "InitialAccess",
                          "Discovery"
                        ],
                        "parentId": "0a57accf-3548-4e38-a861-99687c958f59",
                        "kind": "HuntingQuery",
                        "dependencies": {
                          "operator": "AND",
                          "criteria": [
                            {
                              "contentId": "CommonSecurityLog",
                              "kind": "DataType"
                            }
                          ]
                        }
                      }
                    }
                  ]
                }
              }
            }
          ]
        },
        "contentId": "0a57accf-3548-4e38-a861-99687c958f59",
        "dependencies": {
          "operator": "AND",
          "criteria": [
            {
              "contentId": "0a57accf-3548-4e38-a861-99687c958f59",
              "kind": "HuntingQuery"
            }
          ]
        },
        "description": "'Identifies network connections whose ports are frequent targets of attacks and should not cross network boundaries or reach untrusted public networks.\nConsider updating the firewall policies to block the connections.'\n",
        "source": {
          "kind": "Community"
        },
        "threatAnalysisTactics": [
          "InitialAccess",
          "Discovery"
        ],
        "version": "1.0.0"
      },
      "name": "[concat(parameters('workspace'),'/Microsoft.SecurityInsights/', '0a57accf-3548-4e38-a861-99687c958f59')]"
    }
  ]
}