{
  "$schema": "https://schema.management.azure.com/schemas/2019-04-01/deploymentTemplate.json#",
  "parameters": {
    "location": {
      "type": "string",
      "minLength": 1,
      "defaultValue": "[resourceGroup().location]",
      "metadata": {
        "description": "Not used, but needed to pass arm-ttk test `Location-Should-Not-Be-Hardcoded`.  We instead use the `workspace-location` which is derived from the LA workspace"
      }
    },
    "workspace-location": {
      "type": "string",
      "defaultValue": "",
      "metadata": {
        "description": "[concat('Region to deploy solution resources -- separate from location selection',parameters('location'))]"
      }
    },
    "workspace": {
      "defaultValue": "",
      "type": "string",
      "metadata": {
        "description": "Workspace name for Log Analytics where Microsoft Sentinel is setup"
      }
    }
  },
  "variables": {},
  "resources": [
    {
      "type": "Microsoft.OperationalInsights/workspaces/providers/packages",
      "location": "[parameters('workspace-location')]",
      "apiVersion": "2022-08-01",
      "properties": {
        "packageKind": "Standalone",
        "packageItems": {
          "resources": [
            {
              "type": "Microsoft.OperationalInsights/workspaces/providers/contentTemplates",
              "name": "[concat(parameters('workspace'),'/Microsoft.SecurityInsights/', '07a17371-bea3-41e5-91d1-99728cd44955')]",
              "location": "[parameters('workspace-location')]",
              "kind": "shared",
              "apiVersion": "2022-08-01",
              "properties": {
                "contentId": "07a17371-bea3-41e5-91d1-99728cd44955",
                "displayName": "Abusing settingcontent-ms",
                "contentKind": "HuntingQuery",
                "mainTemplate": {
                  "$schema": "https://schema.management.azure.com/schemas/2019-04-01/deploymentTemplate.json#",
                  "contentVersion": "1.0.0",
                  "resources": [
                    {
                      "type": "Microsoft.OperationalInsights/savedSearches",
                      "apiVersion": "2020-08-01",
                      "name": "07a17371-bea3-41e5-91d1-99728cd44955",
                      "location": "[parameters('workspace-location')]",
                      "properties": {
                        "eTag": "*",
                        "displayName": "Abusing settingcontent-ms",
                        "category": "Hunting Queries",
                        "query": "DeviceFileEvents\n| where InitiatingProcessFileName in~ (\"browser_broker.exe\", \"chrome.exe\", \"iexplore.exe\", \"firefox.exe\", \"outlook.exe\")\n| where FileName endswith \".settingcontent-ms\"\n// The FileOrigin* columns are available only on Edge and Chrome and from Windows 10 version 1703\n// https://techcommunity.microsoft.com/t5/Threat-Intelligence/Hunting-tip-of-the-month-Browser-downloads/td-p/220454\n| project Timestamp, DeviceName, FileName, FolderPath, FileOriginUrl, FileOriginReferrerUrl, FileOriginIP\n",
                        "version": 2,
                        "tags": [
                          {
                            "name": "description",
                            "value": "Sample query that search for .settingcontent-ms that has been downloaded from the web.\nThrough Microsoft Edge, Internet Explorer, Google Chrome, Mozilla Firefox, Microsoft Outlook.\nFor questions @MiladMSFT on Twitter or milad.aslaner@microsoft.com.\n"
                          }
                        ]
                      }
                    },
                    {
                      "type": "Microsoft.OperationalInsights/workspaces/providers/metadata",
                      "apiVersion": "2021-03-01-preview",
                      "name": "[concat(parameters('workspace'),'/Microsoft.SecurityInsights/',concat('huntingQuery-', '07a17371-bea3-41e5-91d1-99728cd44955'))]",
                      "properties": {
                        "description": "Sample query that search for .settingcontent-ms that has been downloaded from the web.\nThrough Microsoft Edge, Internet Explorer, Google Chrome, Mozilla Firefox, Microsoft Outlook.\nFor questions @MiladMSFT on Twitter or milad.aslaner@microsoft.com.\n",
                        "version": "1.0.0",
                        "source": {
                          "kind": "Community"
                        },
                        "contentId": "07a17371-bea3-41e5-91d1-99728cd44955",
                        "parentId": "07a17371-bea3-41e5-91d1-99728cd44955",
                        "kind": "HuntingQuery",
                        "dependencies": {
                          "operator": "AND",
                          "criteria": [
                            {
                              "contentId": "DeviceFileEvents",
                              "kind": "DataType"
                            }
                          ]
                        }
                      }
                    }
                  ]
                }
              }
            }
          ]
        },
        "dependencies": {
          "operator": "AND",
          "criteria": [
            {
              "contentId": "07a17371-bea3-41e5-91d1-99728cd44955",
              "kind": "HuntingQuery"
            }
          ]
        },
        "description": "Sample query that search for .settingcontent-ms that has been downloaded from the web.\nThrough Microsoft Edge, Internet Explorer, Google Chrome, Mozilla Firefox, Microsoft Outlook.\nFor questions @MiladMSFT on Twitter or milad.aslaner@microsoft.com.\n",
        "displayName": "Abusing settingcontent-ms",
        "packageId": "07a17371-bea3-41e5-91d1-99728cd44955",
        "source": {
          "kind": "Community"
        },
        "version": "1.0.0"
      },
      "name": "[concat(parameters('workspace'),'/Microsoft.SecurityInsights/', '07a17371-bea3-41e5-91d1-99728cd44955')]"
    }
  ]
}