{
  "$schema": "https://schema.management.azure.com/schemas/2019-04-01/deploymentTemplate.json#",
  "parameters": {
    "location": {
      "type": "string",
      "minLength": 1,
      "defaultValue": "[resourceGroup().location]",
      "metadata": {
        "description": "Not used, but needed to pass arm-ttk test `Location-Should-Not-Be-Hardcoded`.  We instead use the `workspace-location` which is derived from the LA workspace"
      }
    },
    "workspace-location": {
      "type": "string",
      "defaultValue": "",
      "metadata": {
        "description": "[concat('Region to deploy solution resources -- separate from location selection',parameters('location'))]"
      }
    },
    "workspace": {
      "defaultValue": "",
      "type": "string",
      "metadata": {
        "description": "Workspace name for Log Analytics where Microsoft Sentinel is setup"
      }
    }
  },
  "variables": {},
  "resources": [
    {
      "type": "Microsoft.OperationalInsights/workspaces/providers/packages",
      "location": "[parameters('workspace-location')]",
      "apiVersion": "2022-08-01",
      "properties": {
        "packageKind": "Standalone",
        "packageItems": {
          "resources": [
            {
              "type": "Microsoft.OperationalInsights/workspaces/providers/contentTemplates",
              "name": "[concat(parameters('workspace'),'/Microsoft.SecurityInsights/', '10a55c6e-8cce-4c6a-891c-99ead1771446')]",
              "location": "[parameters('workspace-location')]",
              "kind": "shared",
              "apiVersion": "2022-08-01",
              "properties": {
                "contentId": "10a55c6e-8cce-4c6a-891c-99ead1771446",
                "displayName": "c2-lookup-response[Nobelium] (1)",
                "contentKind": "HuntingQuery",
                "mainTemplate": {
                  "$schema": "https://schema.management.azure.com/schemas/2019-04-01/deploymentTemplate.json#",
                  "contentVersion": "1.0.0",
                  "resources": [
                    {
                      "type": "Microsoft.OperationalInsights/savedSearches",
                      "apiVersion": "2020-08-01",
                      "name": "10a55c6e-8cce-4c6a-891c-99ead1771446",
                      "location": "[parameters('workspace-location')]",
                      "properties": {
                        "eTag": "*",
                        "displayName": "c2-lookup-response[Nobelium] (1)",
                        "category": "Hunting Queries",
                        "query": "IdentityQueryEvents\n| where ActionType == \"DNS query\"\n| where QueryTarget has \"appsync-api\" or QueryTarget has \"avsvmcloud.com\"\n| project Timestamp, QueryTarget, DeviceName, IPAddress, ReportId\n",
                        "version": 2,
                        "tags": [
                          {
                            "name": "description",
                            "value": "This query was originally published in the threat analytics report, Solorigate supply chain attack. Please note that these attacks are currently known as the Nobelium campaign.\nMicrosoft detects the 2020 SolarWinds supply chain attack implant and its other components as part of a campaign by the Nobelium activity group. Nobelium is the threat actor behind the attack against SolarWinds, which was previously referred to as Solorigate.\nNobelium silently added malicious code to legitimate software updates for Orion, which is IT monitoring software provided by SolarWinds. In this way, malicious dynamic link libraries (DLLs) were distributed to SolarWinds customers.\nThe following query detects events when Nobelium received a DNS response after launching a lookup request to known command-and-control infrastructure.\nMore Nobelium-related queries can be found listed under the See also section of this document.\nReferences:\nhttps://msrc-blog.microsoft.com/2020/12/13/customer-guidance-on-recent-nation-state-cyber-attacks/\nhttps://www.microsoft.com/security/blog/2020/12/18/analyzing-solorigate-the-compromised-dll-file-that-started-a-sophisticated-cyberattack-and-how-microsoft-defender-helps-protect/\n"
                          },
                          {
                            "name": "tactics",
                            "value": "Command and control"
                          }
                        ]
                      }
                    },
                    {
                      "type": "Microsoft.OperationalInsights/workspaces/providers/metadata",
                      "apiVersion": "2021-03-01-preview",
                      "name": "[concat(parameters('workspace'),'/Microsoft.SecurityInsights/',concat('huntingQuery-', '10a55c6e-8cce-4c6a-891c-99ead1771446'))]",
                      "properties": {
                        "description": "This query was originally published in the threat analytics report, Solorigate supply chain attack. Please note that these attacks are currently known as the Nobelium campaign.\nMicrosoft detects the 2020 SolarWinds supply chain attack implant and its other components as part of a campaign by the Nobelium activity group. Nobelium is the threat actor behind the attack against SolarWinds, which was previously referred to as Solorigate.\nNobelium silently added malicious code to legitimate software updates for Orion, which is IT monitoring software provided by SolarWinds. In this way, malicious dynamic link libraries (DLLs) were distributed to SolarWinds customers.\nThe following query detects events when Nobelium received a DNS response after launching a lookup request to known command-and-control infrastructure.\nMore Nobelium-related queries can be found listed under the See also section of this document.\nReferences:\nhttps://msrc-blog.microsoft.com/2020/12/13/customer-guidance-on-recent-nation-state-cyber-attacks/\nhttps://www.microsoft.com/security/blog/2020/12/18/analyzing-solorigate-the-compromised-dll-file-that-started-a-sophisticated-cyberattack-and-how-microsoft-defender-helps-protect/\n",
                        "contentId": "10a55c6e-8cce-4c6a-891c-99ead1771446",
                        "version": "1.0.0",
                        "source": {
                          "kind": "Community"
                        },
                        "threatAnalysisTactics": [
                          "Command and control"
                        ],
                        "parentId": "10a55c6e-8cce-4c6a-891c-99ead1771446",
                        "kind": "HuntingQuery",
                        "dependencies": {
                          "operator": "AND",
                          "criteria": [
                            {
                              "contentId": "IdentityQueryEvents",
                              "kind": "DataType"
                            }
                          ]
                        }
                      }
                    }
                  ]
                }
              }
            }
          ]
        },
        "contentId": "10a55c6e-8cce-4c6a-891c-99ead1771446",
        "dependencies": {
          "operator": "AND",
          "criteria": [
            {
              "contentId": "10a55c6e-8cce-4c6a-891c-99ead1771446",
              "kind": "HuntingQuery"
            }
          ]
        },
        "description": "This query was originally published in the threat analytics report, Solorigate supply chain attack. Please note that these attacks are currently known as the Nobelium campaign.\nMicrosoft detects the 2020 SolarWinds supply chain attack implant and its other components as part of a campaign by the Nobelium activity group. Nobelium is the threat actor behind the attack against SolarWinds, which was previously referred to as Solorigate.\nNobelium silently added malicious code to legitimate software updates for Orion, which is IT monitoring software provided by SolarWinds. In this way, malicious dynamic link libraries (DLLs) were distributed to SolarWinds customers.\nThe following query detects events when Nobelium received a DNS response after launching a lookup request to known command-and-control infrastructure.\nMore Nobelium-related queries can be found listed under the See also section of this document.\nReferences:\nhttps://msrc-blog.microsoft.com/2020/12/13/customer-guidance-on-recent-nation-state-cyber-attacks/\nhttps://www.microsoft.com/security/blog/2020/12/18/analyzing-solorigate-the-compromised-dll-file-that-started-a-sophisticated-cyberattack-and-how-microsoft-defender-helps-protect/\n",
        "displayName": "c2-lookup-response[Nobelium] (1)",
        "source": {
          "kind": "Community"
        },
        "threatAnalysisTactics": [
          "Command and control"
        ],
        "version": "1.0.0"
      },
      "name": "[concat(parameters('workspace'),'/Microsoft.SecurityInsights/', '10a55c6e-8cce-4c6a-891c-99ead1771446')]"
    }
  ]
}