{
  "$schema": "https://schema.management.azure.com/schemas/2019-04-01/deploymentTemplate.json#",
  "contentVersion": "1.0.0.0",
  "parameters": {
    "location": {
      "type": "string",
      "minLength": 1,
      "defaultValue": "[resourceGroup().location]",
      "metadata": {
        "description": "Not used, but needed to pass arm-ttk test `Location-Should-Not-Be-Hardcoded`.  We instead use the `workspace-location` which is derived from the LA workspace"
      }
    },
    "workspace-location": {
      "type": "string",
      "defaultValue": "",
      "metadata": {
        "description": "[concat('Region to deploy solution resources -- separate from location selection',parameters('location'))]"
      }
    },
    "workspace": {
      "defaultValue": "",
      "type": "string",
      "metadata": {
        "description": "Workspace name for Log Analytics where Microsoft Sentinel is setup"
      }
    }
  },
  "variables": {},
  "resources": [
    {
      "type": "Microsoft.OperationalInsights/workspaces/providers/packages",
      "location": "[parameters('workspace-location')]",
      "apiVersion": "2022-08-01",
      "properties": {
        "packageKind": "Standalone",
        "packageItems": {
          "resources": [
            {
              "type": "Microsoft.OperationalInsights/workspaces/providers/contentTemplates",
              "name": "[concat(parameters('workspace'),'/Microsoft.SecurityInsights/', '0625fcce-6d52-491e-8c68-1d9b801d25b9')]",
              "location": "[parameters('workspace-location')]",
              "apiVersion": "2022-08-01",
              "properties": {
                "contentId": "0625fcce-6d52-491e-8c68-1d9b801d25b9",
                "displayName": "HAFNIUM Suspicious UM Service Error",
                "contentKind": "AnalyticsRule",
                "mainTemplate": {
                  "$schema": "https://schema.management.azure.com/schemas/2019-04-01/deploymentTemplate.json#",
                  "contentVersion": "1.0.0",
                  "resources": [
                    {
                      "type": "Microsoft.OperationalInsights/workspaces/providers/alertRules",
                      "apiVersion": "2022-04-01-preview",
                      "name": "0625fcce-6d52-491e-8c68-1d9b801d25b9",
                      "kind": "Scheduled",
                      "location": "[parameters('workspace-location')]",
                      "properties": {
                        "description": "This query looks for errors that may indicate that an attacker is attempting to exploit a vulnerability in the service. \nReference: https://www.microsoft.com/security/blog/2021/03/02/hafnium-targeting-exchange-servers/",
                        "displayName": "HAFNIUM Suspicious UM Service Error",
                        "enabled": false,
                        "query": "Event\n| where EventLog =~ \"Application\"\n| where Source startswith \"MSExchange\"\n| where EventLevelName =~ \"error\"\n| where (RenderedDescription startswith \"Watson report\" and RenderedDescription contains \"umworkerprocess\" and RenderedDescription contains \"TextFormattingRunProperties\") or RenderedDescription startswith \"An unhandled exception occurred in a UM worker process\" or RenderedDescription startswith \"The Microsoft Exchange Unified Messaging service\" or RenderedDescription contains \"MSExchange Unified Messaging\"\n| where RenderedDescription !contains \"System.OutOfMemoryException\"\n| extend timestamp = TimeGenerated, HostCustomEntity = Computer\n",
                        "queryFrequency": "P1D",
                        "queryPeriod": "P1D",
                        "severity": "Low",
                        "suppressionDuration": "PT1H",
                        "suppressionEnabled": false,
                        "triggerOperator": "GreaterThan",
                        "triggerThreshold": 0,
                        "tactics": [
                          "InitialAccess"
                        ],
                        "techniques": [
                          "T1190"
                        ],
                        "entityMappings": [
                          {
                            "entityType": "Host",
                            "fieldMappings": [
                              {
                                "columnName": "HostCustomEntity",
                                "identifier": "FullName"
                              }
                            ]
                          }
                        ]
                      }
                    },
                    {
                      "type": "Microsoft.OperationalInsights/workspaces/providers/metadata",
                      "apiVersion": "2021-03-01-preview",
                      "properties": {
                        "description": "'This query looks for errors that may indicate that an attacker is attempting to exploit a vulnerability in the service. \nReference: https://www.microsoft.com/security/blog/2021/03/02/hafnium-targeting-exchange-servers/'\n",
                        "version": "1.0.0",
                        "author": {
                          "name": "Community"
                        },
                        "support": {
                          "name": "Community",
                          "link": "https://github.com/Azure/Azure-Sentinel/issues",
                          "tier": "Community"
                        },
                        "source": {
                          "kind": "Community",
                          "name": "Standalone"
                        },
                        "threatAnalysisTactics": [
                          "InitialAccess"
                        ],
                        "threatAnalyticsTechniques": [
                          "T1190"
                        ],
                        "contentId": "0625fcce-6d52-491e-8c68-1d9b801d25b9",
                        "parentId": "0625fcce-6d52-491e-8c68-1d9b801d25b9",
                        "kind": "AnalyticsRule"
                      }
                    }
                  ]
                }
              }
            }
          ]
        },
        "author": {
          "name": "Community"
        },
        "dependencies": {
          "operator": "AND",
          "criteria": [
            {
              "contentId": "0625fcce-6d52-491e-8c68-1d9b801d25b9",
              "kind": "AnalyticsRule"
            }
          ]
        },
        "description": "'This query looks for errors that may indicate that an attacker is attempting to exploit a vulnerability in the service. \nReference: https://www.microsoft.com/security/blog/2021/03/02/hafnium-targeting-exchange-servers/'\n",
        "displayName": "HAFNIUM Suspicious UM Service Error",
        "packageId": "0625fcce-6d52-491e-8c68-1d9b801d25b9",
        "source": {
          "kind": "Community",
          "name": "Standalone"
        },
        "support": {
          "name": "Community",
          "link": "https://github.com/Azure/Azure-Sentinel/issues",
          "tier": "Community"
        },
        "threatAnalysisTactics": [
          "InitialAccess"
        ],
        "threatAnalyticsTechniques": [
          "T1190"
        ],
        "version": "1.0.0"
      },
      "name": "[concat(parameters('workspace'),'/Microsoft.SecurityInsights/', '0625fcce-6d52-491e-8c68-1d9b801d25b9')]"
    }
  ]
}