{
  "$schema": "https://schema.management.azure.com/schemas/2019-04-01/deploymentTemplate.json#",
  "parameters": {
    "location": {
      "type": "string",
      "minLength": 1,
      "defaultValue": "[resourceGroup().location]",
      "metadata": {
        "description": "Not used, but needed to pass arm-ttk test `Location-Should-Not-Be-Hardcoded`.  We instead use the `workspace-location` which is derived from the LA workspace"
      }
    },
    "workspace-location": {
      "type": "string",
      "defaultValue": "",
      "metadata": {
        "description": "[concat('Region to deploy solution resources -- separate from location selection',parameters('location'))]"
      }
    },
    "workspace": {
      "defaultValue": "",
      "type": "string",
      "metadata": {
        "description": "Workspace name for Log Analytics where Microsoft Sentinel is setup"
      }
    }
  },
  "variables": {},
  "resources": [
    {
      "type": "Microsoft.OperationalInsights/workspaces/providers/packages",
      "location": "[parameters('workspace-location')]",
      "apiVersion": "2022-08-01",
      "properties": {
        "packageKind": "Standalone",
        "packageItems": {
          "resources": [
            {
              "type": "Microsoft.OperationalInsights/workspaces/providers/contentTemplates",
              "name": "[concat(parameters('workspace'),'/Microsoft.SecurityInsights/', 'c61ad0ac-ad68-4ebb-b41a-74296d3e0044')]",
              "location": "[parameters('workspace-location')]",
              "apiVersion": "2022-08-01",
              "properties": {
                "contentId": "c61ad0ac-ad68-4ebb-b41a-74296d3e0044",
                "displayName": "Registry Persistence via AppCert DLL Modification",
                "contentKind": "AnalyticsRule",
                "mainTemplate": {
                  "$schema": "https://schema.management.azure.com/schemas/2019-04-01/deploymentTemplate.json#",
                  "contentVersion": "1.0.0",
                  "resources": [
                    {
                      "type": "Microsoft.OperationalInsights/workspaces/providers/alertRules",
                      "apiVersion": "2022-04-01-preview",
                      "name": "[concat(parameters('workspace'),'/Microsoft.SecurityInsights/', '' )]",
                      "kind": "Scheduled",
                      "location": "[parameters('workspace-location')]",
                      "properties": {
                        "description": "Adversaries may establish persistence and/or elevate privileges by executing malicious content triggered by AppCert DLLs loaded into processes. \nDynamic-link libraries (DLLs) that are specified in the AppCertDLLs Registry key under HKEY_LOCAL_MACHINE\\System\\CurrentControlSet\\Control\\Session Manager\\ are loaded into every process that calls the ubiquitously used application programming interface (API) functions CreateProcess, CreateProcessAsUser, CreateProcessWithLoginW, CreateProcessWithTokenW, or WinExec.\nRef: https://attack.mitre.org/techniques/T1546/009/",
                        "displayName": "Registry Persistence via AppCert DLL Modification",
                        "enabled": false,
                        "query": "Event\n| where EventLog == \"Microsoft-Windows-Sysmon/Operational\" and EventID in (13)\n| parse EventData with * 'TargetObject\">' TargetObject \"<\" * 'Details\">' Details \"<\" * \n| where TargetObject has (\"\\\\Control\\\\Session Manager\\\\AppCertDLLs\\\\\")\n| summarize StartTimeUtc = min(TimeGenerated), EndTimeUtc = max(TimeGenerated) by EventID, Computer,  TargetObject, Details\n",
                        "queryFrequency": "PT1H",
                        "queryPeriod": "PT1H",
                        "severity": "Medium",
                        "suppressionDuration": "PT1H",
                        "suppressionEnabled": false,
                        "triggerOperator": "GreaterThan",
                        "triggerThreshold": 0,
                        "tactics": [
                          "Persistence"
                        ],
                        "entityMappings": [
                          {
                            "entityType": "RegistryKey",
                            "fieldMappings": [
                              {
                                "columnName": "TargetObject",
                                "identifier": "Key"
                              }
                            ]
                          },
                          {
                            "entityType": "Host",
                            "fieldMappings": [
                              {
                                "columnName": "Computer",
                                "identifier": "FullName"
                              }
                            ]
                          }
                        ]
                      }
                    },
                    {
                      "type": "Microsoft.OperationalInsights/workspaces/providers/metadata",
                      "apiVersion": "2021-03-01-preview",
                      "name": "[concat(parameters('workspace'),'/Microsoft.SecurityInsights/', '')]",
                      "properties": {
                        "description": "'Adversaries may establish persistence and/or elevate privileges by executing malicious content triggered by AppCert DLLs loaded into processes. \nDynamic-link libraries (DLLs) that are specified in the AppCertDLLs Registry key under HKEY_LOCAL_MACHINE\\System\\CurrentControlSet\\Control\\Session Manager\\ are loaded into every process that calls the ubiquitously used application programming interface (API) functions CreateProcess, CreateProcessAsUser, CreateProcessWithLoginW, CreateProcessWithTokenW, or WinExec.\nRef: https://attack.mitre.org/techniques/T1546/009/'\n",
                        "version": "1.0.0",
                        "source": {
                          "kind": "Community"
                        },
                        "threatAnalysisTactics": [
                          "Persistence"
                        ],
                        "threatAnalyticsTechniques": [
                          "T1546.009"
                        ],
                        "contentId": "c61ad0ac-ad68-4ebb-b41a-74296d3e0044",
                        "parentId": "c61ad0ac-ad68-4ebb-b41a-74296d3e0044",
                        "kind": "AnalyticsRule",
                        "dependencies": {
                          "operator": "AND",
                          "criteria": [
                            {
                              "contentId": "SecurityEvent",
                              "kind": "DataType"
                            }
                          ]
                        }
                      }
                    }
                  ]
                }
              }
            }
          ]
        },
        "dependencies": {
          "operator": "AND",
          "criteria": [
            {
              "contentId": "c61ad0ac-ad68-4ebb-b41a-74296d3e0044",
              "kind": "AnalyticsRule"
            }
          ]
        },
        "description": "'Adversaries may establish persistence and/or elevate privileges by executing malicious content triggered by AppCert DLLs loaded into processes. \nDynamic-link libraries (DLLs) that are specified in the AppCertDLLs Registry key under HKEY_LOCAL_MACHINE\\System\\CurrentControlSet\\Control\\Session Manager\\ are loaded into every process that calls the ubiquitously used application programming interface (API) functions CreateProcess, CreateProcessAsUser, CreateProcessWithLoginW, CreateProcessWithTokenW, or WinExec.\nRef: https://attack.mitre.org/techniques/T1546/009/'\n",
        "displayName": "Registry Persistence via AppCert DLL Modification",
        "packageId": "c61ad0ac-ad68-4ebb-b41a-74296d3e0044",
        "source": {
          "kind": "Community"
        },
        "threatAnalysisTactics": [
          "Persistence"
        ],
        "threatAnalyticsTechniques": [
          "T1546.009"
        ],
        "version": "1.0.0"
      },
      "name": "[concat(parameters('workspace'),'/Microsoft.SecurityInsights/', 'c61ad0ac-ad68-4ebb-b41a-74296d3e0044')]"
    }
  ]
}