{
  "$schema": "https://schema.management.azure.com/schemas/2019-04-01/deploymentTemplate.json#",
  "parameters": {
    "location": {
      "type": "string",
      "minLength": 1,
      "defaultValue": "[resourceGroup().location]",
      "metadata": {
        "description": "Not used, but needed to pass arm-ttk test `Location-Should-Not-Be-Hardcoded`.  We instead use the `workspace-location` which is derived from the LA workspace"
      }
    },
    "workspace-location": {
      "type": "string",
      "defaultValue": "",
      "metadata": {
        "description": "[concat('Region to deploy solution resources -- separate from location selection',parameters('location'))]"
      }
    },
    "workspace": {
      "defaultValue": "",
      "type": "string",
      "metadata": {
        "description": "Workspace name for Log Analytics where Microsoft Sentinel is setup"
      }
    }
  },
  "variables": {},
  "resources": [
    {
      "type": "Microsoft.OperationalInsights/workspaces/providers/packages",
      "location": "[parameters('workspace-location')]",
      "apiVersion": "2022-08-01",
      "properties": {
        "packageKind": "Standalone",
        "packageItems": {
          "resources": [
            {
              "type": "Microsoft.OperationalInsights/workspaces/providers/contentTemplates",
              "name": "[concat(parameters('workspace'),'/Microsoft.SecurityInsights/', 'bc5ffe2a-84d6-48fe-bc7b-1055100469bc')]",
              "location": "[parameters('workspace-location')]",
              "apiVersion": "2022-08-01",
              "properties": {
                "contentId": "bc5ffe2a-84d6-48fe-bc7b-1055100469bc",
                "displayName": "SUNBURST and SUPERNOVA backdoor hashes (Normalized File Events)",
                "contentKind": "AnalyticsRule",
                "mainTemplate": {
                  "$schema": "https://schema.management.azure.com/schemas/2019-04-01/deploymentTemplate.json#",
                  "contentVersion": "1.0.4",
                  "resources": [
                    {
                      "type": "Microsoft.OperationalInsights/workspaces/providers/alertRules",
                      "apiVersion": "2022-04-01-preview",
                      "name": "[concat(parameters('workspace'),'/Microsoft.SecurityInsights/', '' )]",
                      "kind": "Scheduled",
                      "location": "[parameters('workspace-location')]",
                      "properties": {
                        "description": "Identifies SolarWinds SUNBURST and SUPERNOVA backdoor file hash IOCs in File Events\nTo use this analytics rule, make sure you have deployed the [ASIM normalization parsers](https://aka.ms/ASimFileEvent)\nReferences:\n- https://www.fireeye.com/blog/threat-research/2020/12/evasive-attacker-leverages-solarwinds-supply-chain-compromises-with-sunburst-backdoor.html\n- https://gist.github.com/olafhartong/71ffdd4cab4b6acd5cbcd1a0691ff82f",
                        "displayName": "SUNBURST and SUPERNOVA backdoor hashes (Normalized File Events)",
                        "enabled": false,
                        "query": "let SunburstMD5=dynamic([\"b91ce2fa41029f6955bff20079468448\",\"02af7cec58b9a5da1c542b5a32151ba1\",\"2c4a910a1299cdae2a4e55988a2f102e\",\"846e27a652a5e1bfbd0ddd38a16dc865\",\"4f2eb62fa529c0283b28d05ddd311fae\"]);\nlet SupernovaMD5=\"56ceb6d0011d87b6e4d7023d7ef85676\";\nimFileEvent\n| where TargetFileMD5 in(SunburstMD5) or TargetFileMD5 in(SupernovaMD5)\n| extend\n    timestamp = TimeGenerated,\n    AccountCustomEntity = User, \n    HostCustomEntity = DvcHostname,\n    FileHashCustomEntity = TargetFileMD5,\n    AlgorithmCustomEntity = \"MD5\"\n",
                        "queryFrequency": "P1D",
                        "queryPeriod": "P1D",
                        "severity": "High",
                        "suppressionDuration": "PT1H",
                        "suppressionEnabled": false,
                        "triggerOperator": "GreaterThan",
                        "triggerThreshold": 0,
                        "tactics": [
                          "Execution",
                          "Persistence",
                          "InitialAccess"
                        ],
                        "entityMappings": [
                          {
                            "entityType": "Account",
                            "fieldMappings": [
                              {
                                "columnName": "AccountCustomEntity",
                                "identifier": "FullName"
                              }
                            ]
                          },
                          {
                            "entityType": "Host",
                            "fieldMappings": [
                              {
                                "columnName": "HostCustomEntity",
                                "identifier": "FullName"
                              }
                            ]
                          },
                          {
                            "entityType": "FileHash",
                            "fieldMappings": [
                              {
                                "columnName": "AlgorithmCustomEntity",
                                "identifier": "Algorithm"
                              },
                              {
                                "columnName": "FileHashCustomEntity",
                                "identifier": "Value"
                              }
                            ]
                          }
                        ]
                      }
                    },
                    {
                      "type": "Microsoft.OperationalInsights/workspaces/providers/metadata",
                      "apiVersion": "2021-03-01-preview",
                      "name": "[concat(parameters('workspace'),'/Microsoft.SecurityInsights/', '')]",
                      "properties": {
                        "description": "Identifies SolarWinds SUNBURST and SUPERNOVA backdoor file hash IOCs in File Events\nTo use this analytics rule, make sure you have deployed the [ASIM normalization parsers](https://aka.ms/ASimFileEvent)\nReferences:\n- https://www.fireeye.com/blog/threat-research/2020/12/evasive-attacker-leverages-solarwinds-supply-chain-compromises-with-sunburst-backdoor.html\n- https://gist.github.com/olafhartong/71ffdd4cab4b6acd5cbcd1a0691ff82f\n",
                        "contentId": "bc5ffe2a-84d6-48fe-bc7b-1055100469bc",
                        "version": "1.0.4",
                        "source": {
                          "kind": "Community"
                        },
                        "threatAnalysisTactics": [
                          "Execution",
                          "Persistence",
                          "InitialAccess"
                        ],
                        "threatAnalyticsTechniques": [
                          "T1195",
                          "T1059",
                          "T1546"
                        ],
                        "parentId": "bc5ffe2a-84d6-48fe-bc7b-1055100469bc",
                        "kind": "AnalyticsRule"
                      }
                    }
                  ]
                }
              }
            }
          ]
        },
        "contentId": "bc5ffe2a-84d6-48fe-bc7b-1055100469bc",
        "dependencies": {
          "operator": "AND",
          "criteria": [
            {
              "contentId": "bc5ffe2a-84d6-48fe-bc7b-1055100469bc",
              "kind": "AnalyticsRule"
            }
          ]
        },
        "description": "Identifies SolarWinds SUNBURST and SUPERNOVA backdoor file hash IOCs in File Events\nTo use this analytics rule, make sure you have deployed the [ASIM normalization parsers](https://aka.ms/ASimFileEvent)\nReferences:\n- https://www.fireeye.com/blog/threat-research/2020/12/evasive-attacker-leverages-solarwinds-supply-chain-compromises-with-sunburst-backdoor.html\n- https://gist.github.com/olafhartong/71ffdd4cab4b6acd5cbcd1a0691ff82f\n",
        "displayName": "SUNBURST and SUPERNOVA backdoor hashes (Normalized File Events)",
        "source": {
          "kind": "Community"
        },
        "threatAnalysisTactics": [
          "Execution",
          "Persistence",
          "InitialAccess"
        ],
        "threatAnalyticsTechniques": [
          "T1195",
          "T1059",
          "T1546"
        ],
        "version": "1.0.4"
      },
      "name": "[concat(parameters('workspace'),'/Microsoft.SecurityInsights/', 'bc5ffe2a-84d6-48fe-bc7b-1055100469bc')]"
    }
  ]
}