{
  "$schema": "https://schema.management.azure.com/schemas/2019-04-01/deploymentTemplate.json#",
  "contentVersion": "1.0.0.0",
  "parameters": {
    "location": {
      "type": "string",
      "minLength": 1,
      "defaultValue": "[resourceGroup().location]",
      "metadata": {
        "description": "Not used, but needed to pass arm-ttk test `Location-Should-Not-Be-Hardcoded`.  We instead use the `workspace-location` which is derived from the LA workspace"
      }
    },
    "workspace-location": {
      "type": "string",
      "defaultValue": "",
      "metadata": {
        "description": "[concat('Region to deploy solution resources -- separate from location selection',parameters('location'))]"
      }
    },
    "workspace": {
      "defaultValue": "",
      "type": "string",
      "metadata": {
        "description": "Workspace name for Log Analytics where Microsoft Sentinel is setup"
      }
    }
  },
  "variables": {},
  "resources": [
    {
      "type": "Microsoft.OperationalInsights/workspaces/providers/packages",
      "location": "[parameters('workspace-location')]",
      "apiVersion": "2022-08-01",
      "properties": {
        "packageKind": "Standalone",
        "packageItems": {
          "resources": [
            {
              "type": "Microsoft.OperationalInsights/workspaces/providers/contentTemplates",
              "name": "[concat(parameters('workspace'),'/Microsoft.SecurityInsights/', '19e01883-15d8-4eb6-a7a5-3276cd668388')]",
              "location": "[parameters('workspace-location')]",
              "apiVersion": "2022-08-01",
              "properties": {
                "contentId": "19e01883-15d8-4eb6-a7a5-3276cd668388",
                "displayName": "High count of failed attempts from same client IP",
                "contentKind": "AnalyticsRule",
                "mainTemplate": {
                  "$schema": "https://schema.management.azure.com/schemas/2019-04-01/deploymentTemplate.json#",
                  "contentVersion": "1.0.2",
                  "resources": [
                    {
                      "type": "Microsoft.OperationalInsights/workspaces/providers/alertRules",
                      "apiVersion": "2022-04-01-preview",
                      "name": "19e01883-15d8-4eb6-a7a5-3276cd668388",
                      "kind": "Scheduled",
                      "location": "[parameters('workspace-location')]",
                      "properties": {
                        "description": "Identifies when 20 or more failed attempts from a given client IP in 1 minute occur on the IIS server.\nThis could be indicative of an attempted brute force. This could also simply indicate a misconfigured service or device.\nRecommendations: Validate that these are expected connections from the given Client IP.  If the client IP is not recognized,\npotentially block these connections at the edge device.\nIf these are expected connections, verify the credentials are properly configured on the system, service, application or device\nthat is associated with the client IP.\nReferences:\nIIS status code mapping: https://support.microsoft.com/help/943891/the-http-status-code-in-iis-7-0-iis-7-5-and-iis-8-0\nWin32 Status code mapping: https://msdn.microsoft.com/library/cc231199.aspx",
                        "displayName": "High count of failed attempts from same client IP",
                        "enabled": false,
                        "query": "let timeBin = 1m;\nlet failedThreshold = 20;\nW3CIISLog\n| where scStatus in (\"401\",\"403\")\n| where csUserName != \"-\"\n| extend scStatusFull = strcat(scStatus, \".\",scSubStatus)\n// Map common IIS codes\n| extend scStatusFull_Friendly = case(\nscStatusFull == \"401.0\", \"Access denied.\",\nscStatusFull == \"401.1\", \"Logon failed.\",\nscStatusFull == \"401.2\", \"Logon failed due to server configuration.\",\nscStatusFull == \"401.3\", \"Unauthorized due to ACL on resource.\",\nscStatusFull == \"401.4\", \"Authorization failed by filter.\",\nscStatusFull == \"401.5\", \"Authorization failed by ISAPI/CGI application.\",\nscStatusFull == \"403.0\", \"Forbidden.\",\nscStatusFull == \"403.4\", \"SSL required.\",\n\"See - https://support.microsoft.com/help/943891/the-http-status-code-in-iis-7-0-iis-7-5-and-iis-8-0\")\n// Mapping to Hex so can be mapped using website in comments above\n| extend scWin32Status_Hex = tohex(tolong(scWin32Status))\n// Map common win32 codes\n| extend scWin32Status_Friendly = case(\nscWin32Status_Hex =~ \"775\", \"The referenced account is currently locked out and cannot be logged on to.\",\nscWin32Status_Hex =~ \"52e\", \"Logon failure: Unknown user name or bad password.\",\nscWin32Status_Hex =~ \"532\", \"Logon failure: The specified account password has expired.\",\nscWin32Status_Hex =~ \"533\", \"Logon failure: Account currently disabled.\",\nscWin32Status_Hex =~ \"2ee2\", \"The request has timed out.\",\nscWin32Status_Hex =~ \"0\", \"The operation completed successfully.\",\nscWin32Status_Hex =~ \"1\", \"Incorrect function.\",\nscWin32Status_Hex =~ \"2\", \"The system cannot find the file specified.\",\nscWin32Status_Hex =~ \"3\", \"The system cannot find the path specified.\",\nscWin32Status_Hex =~ \"4\", \"The system cannot open the file.\",\nscWin32Status_Hex =~ \"5\", \"Access is denied.\",\nscWin32Status_Hex =~ \"8009030e\", \"SEC_E_NO_CREDENTIALS\",\nscWin32Status_Hex =~ \"8009030C\", \"SEC_E_LOGON_DENIED\",\n\"See - https://msdn.microsoft.com/library/cc231199.aspx\")\n// decode URI when available\n| extend decodedUriQuery = url_decode(csUriQuery)\n// Count of failed attempts from same client IP\n| summarize makeset(decodedUriQuery), makeset(csUserName), makeset(sSiteName), makeset(sPort), makeset(csUserAgent), makeset(csMethod), makeset(csUriQuery), makeset(scStatusFull), makeset(scStatusFull_Friendly), makeset(scWin32Status_Hex), makeset(scWin32Status_Friendly), FailedConnectionsCount = count() by bin(TimeGenerated, timeBin), cIP, Computer, sIP\n| where FailedConnectionsCount >= failedThreshold\n| project TimeGenerated, cIP, set_csUserName, set_decodedUriQuery, Computer, set_sSiteName, sIP, set_sPort, set_csUserAgent, set_csMethod, set_scStatusFull, set_scStatusFull_Friendly, set_scWin32Status_Hex, set_scWin32Status_Friendly, FailedConnectionsCount\n| order by FailedConnectionsCount\n| extend timestamp = TimeGenerated, HostCustomEntity = Computer, IPCustomEntity = cIP\n",
                        "queryFrequency": "P1D",
                        "queryPeriod": "P1D",
                        "severity": "Medium",
                        "status": "Available",
                        "suppressionDuration": "PT1H",
                        "suppressionEnabled": false,
                        "triggerOperator": "GreaterThan",
                        "triggerThreshold": 0,
                        "tactics": [
                          "CredentialAccess"
                        ],
                        "techniques": [
                          "T1110"
                        ],
                        "entityMappings": [
                          {
                            "entityType": "Host",
                            "fieldMappings": [
                              {
                                "columnName": "HostCustomEntity",
                                "identifier": "FullName"
                              }
                            ]
                          },
                          {
                            "entityType": "IP",
                            "fieldMappings": [
                              {
                                "columnName": "IPCustomEntity",
                                "identifier": "Address"
                              }
                            ]
                          }
                        ],
                        "requiredDataConnectors": [
                          {
                            "connectorId": "AzureMonitor(IIS)",
                            "dataTypes": [
                              "W3CIISLog"
                            ]
                          }
                        ]
                      }
                    },
                    {
                      "type": "Microsoft.OperationalInsights/workspaces/providers/metadata",
                      "apiVersion": "2021-03-01-preview",
                      "properties": {
                        "description": "Identifies when 20 or more failed attempts from a given client IP in 1 minute occur on the IIS server.\nThis could be indicative of an attempted brute force. This could also simply indicate a misconfigured service or device.\nRecommendations: Validate that these are expected connections from the given Client IP.  If the client IP is not recognized,\npotentially block these connections at the edge device.\nIf these are expected connections, verify the credentials are properly configured on the system, service, application or device\nthat is associated with the client IP.\nReferences:\nIIS status code mapping: https://support.microsoft.com/help/943891/the-http-status-code-in-iis-7-0-iis-7-5-and-iis-8-0\nWin32 Status code mapping: https://msdn.microsoft.com/library/cc231199.aspx",
                        "version": "1.0.2",
                        "author": {
                          "name": "Shain"
                        },
                        "support": {
                          "tier": "Community",
                          "name": "Community",
                          "link": "https://github.com/Azure/Azure-Sentinel/issues"
                        },
                        "source": {
                          "kind": "Community",
                          "name": "Standalone"
                        },
                        "threatAnalysisTactics": [
                          "CredentialAccess"
                        ],
                        "threatAnalyticsTechniques": [
                          "T1110"
                        ],
                        "contentId": "19e01883-15d8-4eb6-a7a5-3276cd668388",
                        "parentId": "19e01883-15d8-4eb6-a7a5-3276cd668388",
                        "kind": "AnalyticsRule",
                        "dependencies": {
                          "operator": "AND",
                          "criteria": [
                            {
                              "contentId": "W3CIISLog",
                              "kind": "DataType"
                            }
                          ]
                        }
                      }
                    }
                  ]
                }
              }
            }
          ]
        },
        "author": {
          "name": "Shain"
        },
        "categories": {
          "domains": [
            "Security - Network",
            "Identity"
          ]
        },
        "dependencies": {
          "operator": "AND",
          "criteria": [
            {
              "contentId": "19e01883-15d8-4eb6-a7a5-3276cd668388",
              "kind": "AnalyticsRule"
            }
          ]
        },
        "description": "Identifies when 20 or more failed attempts from a given client IP in 1 minute occur on the IIS server.\nThis could be indicative of an attempted brute force. This could also simply indicate a misconfigured service or device.\nRecommendations: Validate that these are expected connections from the given Client IP.  If the client IP is not recognized,\npotentially block these connections at the edge device.\nIf these are expected connections, verify the credentials are properly configured on the system, service, application or device\nthat is associated with the client IP.\nReferences:\nIIS status code mapping: https://support.microsoft.com/help/943891/the-http-status-code-in-iis-7-0-iis-7-5-and-iis-8-0\nWin32 Status code mapping: https://msdn.microsoft.com/library/cc231199.aspx",
        "displayName": "High count of failed attempts from same client IP",
        "packageId": "19e01883-15d8-4eb6-a7a5-3276cd668388",
        "source": {
          "kind": "Community",
          "name": "Standalone"
        },
        "support": {
          "tier": "Community",
          "name": "Community",
          "link": "https://github.com/Azure/Azure-Sentinel/issues"
        },
        "threatAnalysisTactics": [
          "CredentialAccess"
        ],
        "threatAnalyticsTechniques": [
          "T1110"
        ],
        "version": "1.0.2"
      },
      "name": "[concat(parameters('workspace'),'/Microsoft.SecurityInsights/', '19e01883-15d8-4eb6-a7a5-3276cd668388')]"
    }
  ]
}