{
  "$schema": "https://schema.management.azure.com/schemas/2019-04-01/deploymentTemplate.json#",
  "contentVersion": "1.0.0.0",
  "parameters": {
    "location": {
      "type": "string",
      "minLength": 1,
      "defaultValue": "[resourceGroup().location]",
      "metadata": {
        "description": "Not used, but needed to pass arm-ttk test `Location-Should-Not-Be-Hardcoded`.  We instead use the `workspace-location` which is derived from the LA workspace"
      }
    },
    "workspace-location": {
      "type": "string",
      "defaultValue": "",
      "metadata": {
        "description": "[concat('Region to deploy solution resources -- separate from location selection',parameters('location'))]"
      }
    },
    "workspace": {
      "defaultValue": "",
      "type": "string",
      "metadata": {
        "description": "Workspace name for Log Analytics where Microsoft Sentinel is setup"
      }
    }
  },
  "variables": {},
  "resources": [
    {
      "type": "Microsoft.OperationalInsights/workspaces/providers/packages",
      "location": "[parameters('workspace-location')]",
      "apiVersion": "2022-08-01",
      "properties": {
        "packageKind": "Standalone",
        "packageItems": {
          "resources": [
            {
              "type": "Microsoft.OperationalInsights/workspaces/providers/contentTemplates",
              "name": "[concat(parameters('workspace'),'/Microsoft.SecurityInsights/', 'ae10c588-7ff7-486c-9920-ab8b0bdb6ede')]",
              "location": "[parameters('workspace-location')]",
              "apiVersion": "2022-08-01",
              "properties": {
                "contentId": "ae10c588-7ff7-486c-9920-ab8b0bdb6ede",
                "displayName": "Mercury - Domain, Hash and IP IOCs - August 2022",
                "contentKind": "AnalyticsRule",
                "mainTemplate": {
                  "$schema": "https://schema.management.azure.com/schemas/2019-04-01/deploymentTemplate.json#",
                  "contentVersion": "1.0.2",
                  "resources": [
                    {
                      "type": "Microsoft.OperationalInsights/workspaces/providers/alertRules",
                      "apiVersion": "2022-04-01-preview",
                      "name": "ae10c588-7ff7-486c-9920-ab8b0bdb6ede",
                      "kind": "Scheduled",
                      "location": "[parameters('workspace-location')]",
                      "properties": {
                        "description": "Identifies a match across various data feeds for domains, hashes and IP IOC related to Mercury\n Reference:  https://www.microsoft.com/security/blog/2022/08/25/mercury-leveraging-log4j-2-vulnerabilities-in-unpatched-systems-to-target-israeli-organizations/",
                        "displayName": "Mercury - Domain, Hash and IP IOCs - August 2022",
                        "enabled": false,
                        "query": "let iocs = externaldata(DateAdded:string,IoC:string,Type:string,TLP:string) [@\"https://raw.githubusercontent.com/Azure/Azure-Sentinel/master/Sample%20Data/Feeds/Mercury_August2022.csv\"] with (format=\"csv\", ignoreFirstRecord=True);\nlet sha256Hashes = (iocs | where Type =~ \"sha256\" | project IoC);\nlet IPList = (iocs | where Type =~ \"ip\"| project IoC);\nlet domains = (iocs | where Type =~ \"domainname\"| project IoC);\nlet IPRegex = '[0-9]{1,3}\\\\.[0-9]{1,3}\\\\.[0-9]{1,3}\\\\.[0-9]{1,3}';\n(union isfuzzy=true\n(CommonSecurityLog\n| where SourceIP in (IPList) or DestinationIP in (IPList) or DestinationHostName has_any (domains) or RequestURL has_any (domains) or Message has_any (IPList)\n| parse Message with * '(' DNSName ')' * \n| project TimeGenerated, SourceIP, DestinationIP, Message, SourceUserID, RequestURL, DNSName, Type\n| extend MessageIP = extract(IPRegex, 0, Message), RequestIP = extract(IPRegex, 0, RequestURL)\n| extend IPMatch = case(SourceIP in (IPList), \"SourceIP\", DestinationIP in (IPList), \"DestinationIP\", MessageIP in (IPList), \"Message\", RequestURL has_any (domains), \"RequestUrl\", \"NoMatch\")\n| extend timestamp = TimeGenerated, IPCustomEntity = case(IPMatch == \"SourceIP\", SourceIP, IPMatch == \"DestinationIP\", DestinationIP, IPMatch == \"Message\", MessageIP, \"NoMatch\"), AccountCustomEntity = SourceUserID\n),\n(DnsEvents\n| where IPAddresses in (IPList) or Name in~ (domains)  \n| project TimeGenerated, Computer, IPAddresses, Name, ClientIP, Type\n| extend DestinationIPAddress = IPAddresses, DNSName = Name, Computer \n| extend timestamp = TimeGenerated, IPCustomEntity = DestinationIPAddress, HostCustomEntity = Computer\n),\n(VMConnection\n| where SourceIp in (IPList) or DestinationIp in (IPList) or RemoteDnsCanonicalNames has_any (domains)\n| parse RemoteDnsCanonicalNames with * '[\"' DNSName '\"]' *\n| project TimeGenerated, Computer, Direction, ProcessName, SourceIp, DestinationIp, DestinationPort, RemoteDnsQuestions, DNSName,BytesSent, BytesReceived, RemoteCountry, Type\n| extend IPMatch = case( SourceIp in (IPList), \"SourceIP\", DestinationIp in (IPList), \"DestinationIP\", \"None\") \n| extend timestamp = TimeGenerated, IPCustomEntity = case(IPMatch == \"SourceIP\", SourceIp, IPMatch == \"DestinationIP\", DestinationIp, \"NoMatch\"), File = ProcessName, HostCustomEntity = Computer\n),\n(Event\n| where Source == \"Microsoft-Windows-Sysmon\"\n| where EventID == 3\n| extend EvData = parse_xml(EventData)\n| extend EventDetail = EvData.DataItem.EventData.Data\n| extend SourceIP = tostring(EventDetail.[9].[\"#text\"]), DestinationIP = tostring(EventDetail.[14].[\"#text\"]), Image = tostring(EventDetail.[4].[\"#text\"])\n| where SourceIP in (IPList) or DestinationIP in (IPList)\n| project TimeGenerated, SourceIP, DestinationIP, Image, UserName, Computer, Type\n| extend IPMatch = case( SourceIP in (IPList), \"SourceIP\", DestinationIP in (IPList), \"DestinationIP\", \"None\")\n| extend timestamp = TimeGenerated, File = tostring(split(Image, '\\\\', -1)[-1]), IPCustomEntity = case(IPMatch == \"SourceIP\", SourceIP, IPMatch == \"DestinationIP\", DestinationIP, \"None\"), HostCustomEntity = Computer, AccountCustomEntity = UserName\n), \n(OfficeActivity\n| where ClientIP in (IPList) \n| project TimeGenerated, UserAgent, Operation, RecordType, UserId, ClientIP, Type\n| extend timestamp = TimeGenerated, IPCustomEntity = ClientIP, AccountCustomEntity = UserId\n),\n(DeviceNetworkEvents\n| where RemoteUrl has_any (domains) or RemoteIP in (IPList) or InitiatingProcessSHA256 in (sha256Hashes)\n| project TimeGenerated, ActionType, DeviceId, Computer = DeviceName, InitiatingProcessAccountDomain, InitiatingProcessAccountName, InitiatingProcessCommandLine, InitiatingProcessFolderPath, InitiatingProcessId, InitiatingProcessParentFileName, InitiatingProcessFileName, RemoteIP, RemoteUrl, RemotePort, LocalIP, Type\n| extend timestamp = TimeGenerated, IPCustomEntity = RemoteIP,  HostCustomEntity = Computer, AccountCustomEntity = InitiatingProcessAccountName\n),\n(WindowsFirewall\n| where SourceIP in (IPList) or DestinationIP in (IPList) \n| project TimeGenerated, Computer, CommunicationDirection, SourceIP, DestinationIP, SourcePort, DestinationPort, Type\n| extend IPMatch = case( SourceIP in (IPList), \"SourceIP\", DestinationIP in (IPList), \"DestinationIP\", \"None\")\n| extend timestamp = TimeGenerated, HostCustomEntity = Computer, IPCustomEntity = case(IPMatch == \"SourceIP\", SourceIP, IPMatch == \"DestinationIP\", DestinationIP, \"None\")\n),\n(AzureDiagnostics \n| where ResourceType == \"AZUREFIREWALLS\"\n| where Category == \"AzureFirewallApplicationRule\"\n| parse msg_s with Protocol 'request from ' SourceHost ':' SourcePort 'to ' DestinationHost ':' DestinationPort '. Action:' Action\n| where DestinationHost has_any (domains)  \n| extend DNSName = DestinationHost \n| extend IPCustomEntity = SourceHost\n), \n(CommonSecurityLog\n| where FileHash in (sha256Hashes)\n| project TimeGenerated, Message, SourceUserID, FileHash, Type\n| extend timestamp = TimeGenerated, AlgorithmCustomEntity = \"SHA256\", FileHashCustomEntity = tostring(FileHash), AccountCustomEntity = SourceUserID\n),\n(imFileEvent\n| where TargetFileSHA256 has_any (sha256Hashes)\n| extend Account = ActorUsername, Computer = DvcHostname, IPAddress = SrcIpAddr, CommandLine = ActingProcessCommandLine, FileHash = TargetFileSHA256\n| project Type, TimeGenerated, Computer, Account, IPAddress, CommandLine, FileHash\n| extend timestamp = TimeGenerated, IPCustomEntity = IPAddress,  HostCustomEntity = Computer, AccountCustomEntity = Account, AlgorithmCustomEntity = \"SHA256\", FileHashCustomEntity = FileHash\n),\n(DeviceFileEvents\n| where SHA256 has_any (sha256Hashes)\n| project TimeGenerated, ActionType, DeviceId, DeviceName, InitiatingProcessAccountDomain, InitiatingProcessAccountName, InitiatingProcessCommandLine, InitiatingProcessFolderPath, InitiatingProcessId, InitiatingProcessParentFileName, InitiatingProcessFileName, InitiatingProcessSHA256, Type\n| extend timestamp = TimeGenerated, HostCustomEntity = DeviceName , AccountCustomEntity = InitiatingProcessAccountName,  AlgorithmCustomEntity = \"SHA256\", FileHashCustomEntity = tostring(InitiatingProcessSHA256),  CommandLine = InitiatingProcessCommandLine,Image = InitiatingProcessFolderPath\n),\n(DeviceImageLoadEvents\n| where SHA256 has_any (sha256Hashes)\n| project TimeGenerated, ActionType, DeviceId, DeviceName, InitiatingProcessAccountDomain, InitiatingProcessAccountName, InitiatingProcessCommandLine, InitiatingProcessFolderPath, InitiatingProcessId, InitiatingProcessParentFileName, InitiatingProcessFileName, InitiatingProcessSHA256, Type\n| extend timestamp = TimeGenerated, HostCustomEntity = DeviceName , AccountCustomEntity = InitiatingProcessAccountName,  AlgorithmCustomEntity = \"SHA256\", FileHashCustomEntity = tostring(InitiatingProcessSHA256),  CommandLine = InitiatingProcessCommandLine,Image = InitiatingProcessFolderPath\n),\n(Event\n| where Source =~ \"Microsoft-Windows-Sysmon\"\n| where EventID == 1\n| extend EvData = parse_xml(EventData)\n| extend EventDetail = EvData.DataItem.EventData.Data\n| extend Image = EventDetail.[4].[\"#text\"],  CommandLine = EventDetail.[10].[\"#text\"], Hashes = tostring(EventDetail.[17].[\"#text\"])\n| extend Hashes = extract_all(@\"(?P<key>\\w+)=(?P<value>[a-zA-Z0-9]+)\", dynamic([\"key\",\"value\"]), Hashes)\n| extend Hashes = column_ifexists(\"Hashes\", dynamic([\"\", \"\"])), CommandLine = column_ifexists(\"CommandLine\", \"\")\n| mv-expand Hashes\n| where Hashes[0] =~ \"SHA256\" and Hashes[1] has_any (sha256Hashes) \n| project TimeGenerated, EventDetail, UserName, Computer, Type, Source, Hashes, CommandLine, Image\n| extend Type = strcat(Type, \": \", Source)\n| extend timestamp = TimeGenerated, HostCustomEntity = Computer , AccountCustomEntity = UserName, FileHashCustomEntity = tostring(Hashes[1])\n)\n)\n",
                        "queryFrequency": "PT12H",
                        "queryPeriod": "PT12H",
                        "severity": "High",
                        "status": "Available",
                        "suppressionDuration": "PT1H",
                        "suppressionEnabled": false,
                        "triggerOperator": "GreaterThan",
                        "triggerThreshold": 0,
                        "tactics": [
                          "CommandAndControl"
                        ],
                        "techniques": [
                          "T1071"
                        ],
                        "entityMappings": [
                          {
                            "entityType": "Account",
                            "fieldMappings": {
                              "columnName": "AccountCustomEntity",
                              "identifier": "FullName"
                            }
                          },
                          {
                            "entityType": "FileHash",
                            "fieldMappings": [
                              {
                                "columnName": "AlgorithmCustomEntity",
                                "identifier": "Algorithm"
                              },
                              {
                                "columnName": "FileHashCustomEntity",
                                "identifier": "Value"
                              }
                            ]
                          },
                          {
                            "entityType": "Host",
                            "fieldMappings": {
                              "columnName": "HostCustomEntity",
                              "identifier": "FullName"
                            }
                          },
                          {
                            "entityType": "IP",
                            "fieldMappings": {
                              "columnName": "IPCustomEntity",
                              "identifier": "Address"
                            }
                          }
                        ],
                        "requiredDataConnectors": [
                          {
                            "connectorId": "AzureFirewall",
                            "dataTypes": [
                              "AzureDiagnostics"
                            ]
                          },
                          {
                            "connectorId": "AzureMonitor(VMInsights)",
                            "dataTypes": [
                              "VMConnection"
                            ]
                          },
                          {
                            "connectorId": "CEF",
                            "dataTypes": [
                              "CommonSecurityLog"
                            ]
                          },
                          {
                            "connectorId": "CheckPoint",
                            "dataTypes": [
                              "CommonSecurityLog"
                            ]
                          },
                          {
                            "connectorId": "CiscoASA",
                            "dataTypes": [
                              "CommonSecurityLog"
                            ]
                          },
                          {
                            "connectorId": "DNS",
                            "dataTypes": [
                              "DnsEvents"
                            ]
                          },
                          {
                            "connectorId": "F5",
                            "dataTypes": [
                              "CommonSecurityLog"
                            ]
                          },
                          {
                            "connectorId": "Fortinet",
                            "dataTypes": [
                              "CommonSecurityLog"
                            ]
                          },
                          {
                            "connectorId": "MicrosoftThreatProtection",
                            "dataTypes": [
                              "DeviceNetworkEvents",
                              "DeviceFileEvents",
                              "DeviceImageLoadEvents"
                            ]
                          },
                          {
                            "connectorId": "Office365",
                            "dataTypes": [
                              "OfficeActivity"
                            ]
                          },
                          {
                            "connectorId": "PaloAltoNetworks",
                            "dataTypes": [
                              "CommonSecurityLog"
                            ]
                          },
                          {
                            "connectorId": "WindowsFirewall",
                            "dataTypes": [
                              "WindowsFirewall"
                            ]
                          }
                        ]
                      }
                    },
                    {
                      "type": "Microsoft.OperationalInsights/workspaces/providers/metadata",
                      "apiVersion": "2021-03-01-preview",
                      "properties": {
                        "description": "Identifies a match across various data feeds for domains, hashes and IP IOC related to Mercury\n Reference:  https://www.microsoft.com/security/blog/2022/08/25/mercury-leveraging-log4j-2-vulnerabilities-in-unpatched-systems-to-target-israeli-organizations/",
                        "version": "1.0.2",
                        "author": {
                          "name": "Ajeet Prakash"
                        },
                        "support": {
                          "tier": "Community",
                          "name": "Community",
                          "link": "https://github.com/Azure/Azure-Sentinel/issues"
                        },
                        "source": {
                          "kind": "Community",
                          "name": "Standalone"
                        },
                        "threatAnalysisTactics": [
                          "CommandAndControl"
                        ],
                        "threatAnalyticsTechniques": [
                          "T1071"
                        ],
                        "contentId": "ae10c588-7ff7-486c-9920-ab8b0bdb6ede",
                        "parentId": "ae10c588-7ff7-486c-9920-ab8b0bdb6ede",
                        "kind": "AnalyticsRule",
                        "dependencies": {
                          "operator": "AND",
                          "criteria": [
                            {
                              "contentId": "DnsEvents",
                              "kind": "DataType"
                            },
                            {
                              "contentId": "VMConnection",
                              "kind": "DataType"
                            },
                            {
                              "contentId": "CommonSecurityLog",
                              "kind": "DataType"
                            },
                            {
                              "contentId": "CommonSecurityLog",
                              "kind": "DataType"
                            },
                            {
                              "contentId": "CommonSecurityLog",
                              "kind": "DataType"
                            },
                            {
                              "contentId": "CommonSecurityLog",
                              "kind": "DataType"
                            },
                            {
                              "contentId": "CommonSecurityLog",
                              "kind": "DataType"
                            },
                            {
                              "contentId": "CommonSecurityLog",
                              "kind": "DataType"
                            },
                            {
                              "contentId": "DeviceNetworkEvents",
                              "kind": "DataType"
                            },
                            {
                              "contentId": "DeviceFileEvents",
                              "kind": "DataType"
                            },
                            {
                              "contentId": "DeviceImageLoadEvents",
                              "kind": "DataType"
                            },
                            {
                              "contentId": "OfficeActivity",
                              "kind": "DataType"
                            },
                            {
                              "contentId": "AzureDiagnostics",
                              "kind": "DataType"
                            },
                            {
                              "contentId": "WindowsFirewall",
                              "kind": "DataType"
                            }
                          ]
                        }
                      }
                    }
                  ]
                }
              }
            }
          ]
        },
        "author": {
          "name": "Ajeet Prakash"
        },
        "categories": {
          "domains": [
            "Security - Threat Intelligence"
          ]
        },
        "dependencies": {
          "operator": "AND",
          "criteria": [
            {
              "contentId": "ae10c588-7ff7-486c-9920-ab8b0bdb6ede",
              "kind": "AnalyticsRule"
            }
          ]
        },
        "description": "Identifies a match across various data feeds for domains, hashes and IP IOC related to Mercury\n Reference:  https://www.microsoft.com/security/blog/2022/08/25/mercury-leveraging-log4j-2-vulnerabilities-in-unpatched-systems-to-target-israeli-organizations/",
        "displayName": "Mercury - Domain, Hash and IP IOCs - August 2022",
        "packageId": "ae10c588-7ff7-486c-9920-ab8b0bdb6ede",
        "source": {
          "kind": "Community",
          "name": "Standalone"
        },
        "support": {
          "tier": "Community",
          "name": "Community",
          "link": "https://github.com/Azure/Azure-Sentinel/issues"
        },
        "threatAnalysisTactics": [
          "CommandAndControl"
        ],
        "threatAnalyticsTechniques": [
          "T1071"
        ],
        "version": "1.0.2"
      },
      "name": "[concat(parameters('workspace'),'/Microsoft.SecurityInsights/', 'ae10c588-7ff7-486c-9920-ab8b0bdb6ede')]"
    }
  ]
}