{
  "$schema": "https://schema.management.azure.com/schemas/2019-04-01/deploymentTemplate.json#",
  "contentVersion": "1.0.0.0",
  "parameters": {
    "location": {
      "type": "string",
      "minLength": 1,
      "defaultValue": "[resourceGroup().location]",
      "metadata": {
        "description": "Not used, but needed to pass arm-ttk test `Location-Should-Not-Be-Hardcoded`.  We instead use the `workspace-location` which is derived from the LA workspace"
      }
    },
    "workspace-location": {
      "type": "string",
      "defaultValue": "",
      "metadata": {
        "description": "[concat('Region to deploy solution resources -- separate from location selection',parameters('location'))]"
      }
    },
    "workspace": {
      "defaultValue": "",
      "type": "string",
      "metadata": {
        "description": "Workspace name for Log Analytics where Microsoft Sentinel is setup"
      }
    }
  },
  "variables": {},
  "resources": [
    {
      "type": "Microsoft.OperationalInsights/workspaces/providers/packages",
      "location": "[parameters('workspace-location')]",
      "apiVersion": "2022-08-01",
      "properties": {
        "packageKind": "Standalone",
        "packageItems": {
          "resources": [
            {
              "type": "Microsoft.OperationalInsights/workspaces/providers/contentTemplates",
              "name": "[concat(parameters('workspace'),'/Microsoft.SecurityInsights/', 'd7feb859-f03e-4e8d-8b21-617be0213b13')]",
              "location": "[parameters('workspace-location')]",
              "apiVersion": "2022-08-01",
              "properties": {
                "contentId": "d7feb859-f03e-4e8d-8b21-617be0213b13",
                "displayName": "Addition of a Temporary Access Pass to a Privileged Account",
                "contentKind": "AnalyticsRule",
                "mainTemplate": {
                  "$schema": "https://schema.management.azure.com/schemas/2019-04-01/deploymentTemplate.json#",
                  "contentVersion": "1.0.1",
                  "resources": [
                    {
                      "type": "Microsoft.OperationalInsights/workspaces/providers/alertRules",
                      "apiVersion": "2022-04-01-preview",
                      "name": "d7feb859-f03e-4e8d-8b21-617be0213b13",
                      "kind": "Scheduled",
                      "location": "[parameters('workspace-location')]",
                      "properties": {
                        "description": "Detects when a Temporary Access Pass (TAP) is created for a Privileged Account.\n  A Temporary Access Pass is a time-limited passcode issued by an admin that satisfies strong authentication requirements and can be used to onboard other authentication methods, including Passwordless ones such as Microsoft Authenticator or even Windows Hello.\n  A threat actor could use a TAP to register a new authentication method to maintain persistance to an account.\n  Review any TAP creations to ensure they were used legitimately.\n  Ref: https://docs.microsoft.com/azure/active-directory/fundamentals/security-operations-privileged-accounts#changes-to-privileged-accounts",
                        "displayName": "Addition of a Temporary Access Pass to a Privileged Account",
                        "enabled": false,
                        "query": "let admin_users = (IdentityInfo\n  | summarize arg_max(TimeGenerated, *) by AccountUPN\n  | where AssignedRoles contains \"admin\"\n  | summarize by tolower(AccountUPN));\n  AuditLogs\n  | where OperationName =~ \"Admin registered security info\"\n  | where ResultReason =~ \"Admin registered temporary access pass method for user\"\n  | extend userPrincipalName = tostring(TargetResources[0].userPrincipalName)\n  | where tolower(userPrincipalName) in (admin_users)\n",
                        "queryFrequency": "P1D",
                        "queryPeriod": "P1D",
                        "severity": "High",
                        "status": "Available",
                        "suppressionDuration": "PT1H",
                        "suppressionEnabled": false,
                        "triggerOperator": "GreaterThan",
                        "triggerThreshold": 0,
                        "tactics": [
                          "Persistence"
                        ],
                        "techniques": [
                          "T1078"
                        ],
                        "entityMappings": [
                          {
                            "entityType": "Account",
                            "fieldMappings": [
                              {
                                "columnName": "userPrincipalName",
                                "identifier": "FullName"
                              }
                            ]
                          }
                        ],
                        "requiredDataConnectors": [
                          {
                            "connectorId": "AzureActiveDirectory",
                            "dataTypes": [
                              "AuditLogs"
                            ]
                          },
                          {
                            "connectorId": "BehaviorAnalytics",
                            "dataTypes": [
                              "BehaviorAnalytics"
                            ]
                          }
                        ]
                      }
                    },
                    {
                      "type": "Microsoft.OperationalInsights/workspaces/providers/metadata",
                      "apiVersion": "2021-03-01-preview",
                      "properties": {
                        "description": "Detects when a Temporary Access Pass (TAP) is created for a Privileged Account.\n  A Temporary Access Pass is a time-limited passcode issued by an admin that satisfies strong authentication requirements and can be used to onboard other authentication methods, including Passwordless ones such as Microsoft Authenticator or even Windows Hello.\n  A threat actor could use a TAP to register a new authentication method to maintain persistance to an account.\n  Review any TAP creations to ensure they were used legitimately.\n  Ref: https://docs.microsoft.com/azure/active-directory/fundamentals/security-operations-privileged-accounts#changes-to-privileged-accounts",
                        "version": "1.0.1",
                        "author": {
                          "name": "Pete Bryan"
                        },
                        "support": {
                          "tier": "Community",
                          "name": "Community",
                          "link": "https://github.com/Azure/Azure-Sentinel/issues"
                        },
                        "source": {
                          "kind": "Community",
                          "name": "Standalone"
                        },
                        "threatAnalysisTactics": [
                          "Persistence"
                        ],
                        "threatAnalyticsTechniques": [
                          "T1078.004"
                        ],
                        "contentId": "d7feb859-f03e-4e8d-8b21-617be0213b13",
                        "parentId": "d7feb859-f03e-4e8d-8b21-617be0213b13",
                        "kind": "AnalyticsRule",
                        "dependencies": {
                          "operator": "AND",
                          "criteria": [
                            {
                              "contentId": "AuditLogs",
                              "kind": "DataType"
                            },
                            {
                              "contentId": "BehaviorAnalytics",
                              "kind": "DataType"
                            }
                          ]
                        }
                      }
                    }
                  ]
                }
              }
            }
          ]
        },
        "author": {
          "name": "Pete Bryan"
        },
        "categories": {
          "domains": [
            "Security - Threat Protection",
            "Identity"
          ]
        },
        "dependencies": {
          "operator": "AND",
          "criteria": [
            {
              "contentId": "d7feb859-f03e-4e8d-8b21-617be0213b13",
              "kind": "AnalyticsRule"
            }
          ]
        },
        "description": "Detects when a Temporary Access Pass (TAP) is created for a Privileged Account.\n  A Temporary Access Pass is a time-limited passcode issued by an admin that satisfies strong authentication requirements and can be used to onboard other authentication methods, including Passwordless ones such as Microsoft Authenticator or even Windows Hello.\n  A threat actor could use a TAP to register a new authentication method to maintain persistance to an account.\n  Review any TAP creations to ensure they were used legitimately.\n  Ref: https://docs.microsoft.com/azure/active-directory/fundamentals/security-operations-privileged-accounts#changes-to-privileged-accounts",
        "displayName": "Addition of a Temporary Access Pass to a Privileged Account",
        "packageId": "d7feb859-f03e-4e8d-8b21-617be0213b13",
        "source": {
          "kind": "Community",
          "name": "Standalone"
        },
        "support": {
          "tier": "Community",
          "name": "Community",
          "link": "https://github.com/Azure/Azure-Sentinel/issues"
        },
        "threatAnalysisTactics": [
          "Persistence"
        ],
        "threatAnalyticsTechniques": [
          "T1078.004"
        ],
        "version": "1.0.1"
      },
      "name": "[concat(parameters('workspace'),'/Microsoft.SecurityInsights/', 'd7feb859-f03e-4e8d-8b21-617be0213b13')]"
    }
  ]
}