{
  "$schema": "https://schema.management.azure.com/schemas/2019-04-01/deploymentTemplate.json#",
  "contentVersion": "1.0.0.0",
  "parameters": {
    "location": {
      "type": "string",
      "minLength": 1,
      "defaultValue": "[resourceGroup().location]",
      "metadata": {
        "description": "Not used, but needed to pass arm-ttk test `Location-Should-Not-Be-Hardcoded`.  We instead use the `workspace-location` which is derived from the LA workspace"
      }
    },
    "workspace-location": {
      "type": "string",
      "defaultValue": "",
      "metadata": {
        "description": "[concat('Region to deploy solution resources -- separate from location selection',parameters('location'))]"
      }
    },
    "workspace": {
      "defaultValue": "",
      "type": "string",
      "metadata": {
        "description": "Workspace name for Log Analytics where Microsoft Sentinel is setup"
      }
    }
  },
  "variables": {},
  "resources": [
    {
      "type": "Microsoft.OperationalInsights/workspaces/providers/packages",
      "location": "[parameters('workspace-location')]",
      "apiVersion": "2022-08-01",
      "properties": {
        "packageKind": "Standalone",
        "packageItems": {
          "resources": [
            {
              "type": "Microsoft.OperationalInsights/workspaces/providers/contentTemplates",
              "name": "[concat(parameters('workspace'),'/Microsoft.SecurityInsights/', '017e095a-94d8-430c-a047-e51a11fb737b')]",
              "location": "[parameters('workspace-location')]",
              "apiVersion": "2022-08-01",
              "properties": {
                "contentId": "017e095a-94d8-430c-a047-e51a11fb737b",
                "displayName": "URL Added to Application from Unknown Domain",
                "contentKind": "AnalyticsRule",
                "mainTemplate": {
                  "$schema": "https://schema.management.azure.com/schemas/2019-04-01/deploymentTemplate.json#",
                  "contentVersion": "1.0.1",
                  "resources": [
                    {
                      "type": "Microsoft.OperationalInsights/workspaces/providers/alertRules",
                      "apiVersion": "2022-04-01-preview",
                      "name": "017e095a-94d8-430c-a047-e51a11fb737b",
                      "kind": "Scheduled",
                      "location": "[parameters('workspace-location')]",
                      "properties": {
                        "description": "Detects a URL being added to an application where the domain is not one that is associated with the tenant.\n  The query uses domains seen in sign in logs to determine if the domain is associated with the tenant.\n  Applications associated with URLs not controlled by the organization can pose a security risk.\n  Ref: https://docs.microsoft.com/azure/active-directory/fundamentals/security-operations-applications#application-configuration-changes",
                        "displayName": "URL Added to Application from Unknown Domain",
                        "enabled": false,
                        "query": "let domains =\n  SigninLogs\n  | where ResultType == 0\n  | extend domain = split(UserPrincipalName, \"@\")[1]\n  | extend domain = tostring(split(UserPrincipalName, \"@\")[1])\n  | summarize by tolower(tostring(domain));\n  AuditLogs\n  | where Category =~ \"ApplicationManagement\"\n  | where Result =~ \"success\"\n  | where OperationName =~ 'Update Application'\n  | mv-expand TargetResources\n  | mv-expand TargetResources.modifiedProperties\n  | where TargetResources_modifiedProperties.displayName =~ \"AppAddress\"\n  | extend Key = tostring(TargetResources_modifiedProperties.displayName)\n  | extend NewValue = TargetResources_modifiedProperties.newValue\n  | extend OldValue = TargetResources_modifiedProperties.oldValue\n  | where isnotempty(Key) and isnotempty(NewValue)\n  | project-reorder Key, NewValue, OldValue\n  | extend NewUrls = extract_all('\"Address\":([^,]*)', tostring(NewValue))\n  | extend OldUrls = extract_all('\"Address\":([^,]*)', tostring(OldValue))\n  | extend AddedUrls = set_difference(NewUrls, OldUrls)\n  | where array_length(AddedUrls) > 0\n  | extend UserAgent = iif(tostring(AdditionalDetails[0].key) == \"User-Agent\", tostring(AdditionalDetails[0].value), \"\")\n  | extend AddingUser = iif(isnotempty(tostring(parse_json(tostring(InitiatedBy.user)).userPrincipalName)) , tostring(parse_json(tostring(InitiatedBy.user)).userPrincipalName), \"\")\n  | extend AddingApp = iif(isnotempty(tostring(parse_json(tostring(InitiatedBy.app)).servicePrincipalName)) , tostring(parse_json(tostring(InitiatedBy.app)).servicePrincipalName), \"\")\n  | extend AddedBy = iif(isnotempty(AddingUser), AddingUser, AddingApp)\n  | project-away AddingApp, AddingUser\n  | extend AppDisplayName = tostring(TargetResources.displayName)\n  | extend ipAddress = tostring(parse_json(tostring(InitiatedBy.user)).ipAddress)\n  | where isnotempty(AddedUrls)\n  | mv-expand AddedUrls\n  | extend Domain = extract(\"^(?:https?:\\\\/\\\\/)?(?:[^@\\\\/\\\\n]+@)?(?:www\\\\.)?([^:\\\\/?\\\\n]+)/\", 1, replace_string(tolower(tostring(AddedUrls)), '\"', \"\"))\n  | where isnotempty(Domain)\n  | extend Domain = strcat(split(Domain, \".\")[-2], \".\", split(Domain, \".\")[-1])\n  | where Domain !in (domains)\n  | project-reorder TimeGenerated, AppDisplayName, AddedUrls, AddedBy, UserAgent, ipAddress\n",
                        "queryFrequency": "P1D",
                        "queryPeriod": "P1D",
                        "severity": "High",
                        "status": "Available",
                        "suppressionDuration": "PT1H",
                        "suppressionEnabled": false,
                        "triggerOperator": "GreaterThan",
                        "triggerThreshold": 0,
                        "tactics": [
                          "Persistence",
                          "PrivilegeEscalation"
                        ],
                        "techniques": [
                          "T1078"
                        ],
                        "entityMappings": [
                          {
                            "entityType": "Account",
                            "fieldMappings": [
                              {
                                "columnName": "AddedBy",
                                "identifier": "FullName"
                              }
                            ]
                          },
                          {
                            "entityType": "IP",
                            "fieldMappings": [
                              {
                                "columnName": "ipAddress",
                                "identifier": "Address"
                              }
                            ]
                          },
                          {
                            "entityType": "URL",
                            "fieldMappings": [
                              {
                                "columnName": "AddedUrls",
                                "identifier": "Url"
                              }
                            ]
                          }
                        ],
                        "requiredDataConnectors": [
                          {
                            "connectorId": "AzureActiveDirectory",
                            "dataTypes": [
                              "AuditLogs"
                            ]
                          }
                        ]
                      }
                    },
                    {
                      "type": "Microsoft.OperationalInsights/workspaces/providers/metadata",
                      "apiVersion": "2021-03-01-preview",
                      "properties": {
                        "description": "Detects a URL being added to an application where the domain is not one that is associated with the tenant.\n  The query uses domains seen in sign in logs to determine if the domain is associated with the tenant.\n  Applications associated with URLs not controlled by the organization can pose a security risk.\n  Ref: https://docs.microsoft.com/azure/active-directory/fundamentals/security-operations-applications#application-configuration-changes",
                        "version": "1.0.1",
                        "author": {
                          "name": "Pete Bryan"
                        },
                        "support": {
                          "tier": "Community",
                          "name": "Community",
                          "link": "https://github.com/Azure/Azure-Sentinel/issues"
                        },
                        "source": {
                          "kind": "Community",
                          "name": "Standalone"
                        },
                        "threatAnalysisTactics": [
                          "Persistence",
                          "PrivilegeEscalation"
                        ],
                        "threatAnalyticsTechniques": [
                          "T1078.004"
                        ],
                        "contentId": "017e095a-94d8-430c-a047-e51a11fb737b",
                        "parentId": "017e095a-94d8-430c-a047-e51a11fb737b",
                        "kind": "AnalyticsRule",
                        "dependencies": {
                          "operator": "AND",
                          "criteria": [
                            {
                              "contentId": "AuditLogs",
                              "kind": "DataType"
                            }
                          ]
                        }
                      }
                    }
                  ]
                }
              }
            }
          ]
        },
        "author": {
          "name": "Pete Bryan"
        },
        "categories": {
          "domains": [
            "Security - Others"
          ]
        },
        "dependencies": {
          "operator": "AND",
          "criteria": [
            {
              "contentId": "017e095a-94d8-430c-a047-e51a11fb737b",
              "kind": "AnalyticsRule"
            }
          ]
        },
        "description": "Detects a URL being added to an application where the domain is not one that is associated with the tenant.\n  The query uses domains seen in sign in logs to determine if the domain is associated with the tenant.\n  Applications associated with URLs not controlled by the organization can pose a security risk.\n  Ref: https://docs.microsoft.com/azure/active-directory/fundamentals/security-operations-applications#application-configuration-changes",
        "displayName": "URL Added to Application from Unknown Domain",
        "packageId": "017e095a-94d8-430c-a047-e51a11fb737b",
        "source": {
          "kind": "Community",
          "name": "Standalone"
        },
        "support": {
          "tier": "Community",
          "name": "Community",
          "link": "https://github.com/Azure/Azure-Sentinel/issues"
        },
        "threatAnalysisTactics": [
          "Persistence",
          "PrivilegeEscalation"
        ],
        "threatAnalyticsTechniques": [
          "T1078.004"
        ],
        "version": "1.0.1"
      },
      "name": "[concat(parameters('workspace'),'/Microsoft.SecurityInsights/', '017e095a-94d8-430c-a047-e51a11fb737b')]"
    }
  ]
}