{
  "$schema": "https://schema.management.azure.com/schemas/2019-04-01/deploymentTemplate.json#",
  "contentVersion": "1.0.0.0",
  "parameters": {
    "location": {
      "type": "string",
      "minLength": 1,
      "defaultValue": "[resourceGroup().location]",
      "metadata": {
        "description": "Not used, but needed to pass arm-ttk test `Location-Should-Not-Be-Hardcoded`.  We instead use the `workspace-location` which is derived from the LA workspace"
      }
    },
    "workspace-location": {
      "type": "string",
      "defaultValue": "",
      "metadata": {
        "description": "[concat('Region to deploy solution resources -- separate from location selection',parameters('location'))]"
      }
    },
    "workspace": {
      "defaultValue": "",
      "type": "string",
      "metadata": {
        "description": "Workspace name for Log Analytics where Microsoft Sentinel is setup"
      }
    }
  },
  "variables": {},
  "resources": [
    {
      "type": "Microsoft.OperationalInsights/workspaces/providers/packages",
      "location": "[parameters('workspace-location')]",
      "apiVersion": "2022-08-01",
      "properties": {
        "packageKind": "Standalone",
        "packageItems": {
          "resources": [
            {
              "type": "Microsoft.OperationalInsights/workspaces/providers/contentTemplates",
              "name": "[concat(parameters('workspace'),'/Microsoft.SecurityInsights/', '2149d9bb-8298-444c-8f99-f7bf0274dd05')]",
              "location": "[parameters('workspace-location')]",
              "apiVersion": "2022-08-01",
              "properties": {
                "contentId": "2149d9bb-8298-444c-8f99-f7bf0274dd05",
                "displayName": "SEABORGIUM C2 Domains August 2022",
                "contentKind": "AnalyticsRule",
                "mainTemplate": {
                  "$schema": "https://schema.management.azure.com/schemas/2019-04-01/deploymentTemplate.json#",
                  "contentVersion": "1.0.1",
                  "resources": [
                    {
                      "type": "Microsoft.OperationalInsights/workspaces/providers/alertRules",
                      "apiVersion": "2022-04-01-preview",
                      "name": "2149d9bb-8298-444c-8f99-f7bf0274dd05",
                      "kind": "Scheduled",
                      "location": "[parameters('workspace-location')]",
                      "properties": {
                        "description": "Identifies a match across various data feeds for domains related to an actor tracked by Microsoft as SEABORGIUM.",
                        "displayName": "SEABORGIUM C2 Domains August 2022",
                        "enabled": false,
                        "query": "let iocs = externaldata(DateAdded:string,IoC:string,Type:string) [@\"https://raw.githubusercontent.com/Azure/Azure-Sentinel/master/Sample%20Data/Feeds/SEABORGIUMIOC.csv\"] with (format=\"csv\", ignoreFirstRecord=True);\nlet DomainNames = (iocs | where Type =~ \"domainname\"| project IoC);\n(union isfuzzy=true \n(CommonSecurityLog  \n| parse Message with * '(' DNSName ')' *  \n| where DNSName in~ (DomainNames) \n| extend Account = SourceUserID, Computer = DeviceName, IPAddress =  DestinationIP \n), \n(_Im_Dns (domain_has_any=DomainNames)\n| extend DNSName = DnsQuery \n| extend IPAddress =  SrcIpAddr, Computer = Dvc\n), \n(_Im_WebSession (url_has_any=DomainNames)\n| extend DNSName = tostring(parse_url(Url)[\"Host\"])\n| extend IPAddress =  SrcIpAddr, Computer = Dvc\n), \n(VMConnection  \n| parse RemoteDnsCanonicalNames with * '[\"' DNSName '\"]' * \n| where DNSName  in~ (DomainNames) \n| extend IPAddress = RemoteIp \n), \n(DeviceNetworkEvents \n| where RemoteUrl  has_any (DomainNames)  \n| extend IPAddress = RemoteIP \n| extend Computer = DeviceName \n),\n(EmailUrlInfo\n| where Url has_any (DomainNames) \n| join (EmailEvents \n| where EmailDirection == \"Inbound\" ) on NetworkMessageId \n| extend IPAddress = SenderIPv4 \n| extend Account = RecipientEmailAddress \n),\n(AzureDiagnostics \n| where ResourceType == \"AZUREFIREWALLS\"\n| where Category == \"AzureFirewallApplicationRule\"\n| parse msg_s with Protocol 'request from ' SourceHost ':' SourcePort 'to ' DestinationHost ':' DestinationPort '. Action:' Action\n| where isnotempty(DestinationHost)\n| where DestinationHost has_any (DomainNames)  \n| extend DNSName = DestinationHost \n| extend IPAddress = SourceHost\n) \n) \n| extend timestamp = TimeGenerated, AccountCustomEntity = Account, HostCustomEntity = Computer, IPCustomEntity = IPAddress \n",
                        "queryFrequency": "P1D",
                        "queryPeriod": "P1D",
                        "severity": "High",
                        "status": "Available",
                        "suppressionDuration": "PT1H",
                        "suppressionEnabled": false,
                        "triggerOperator": "GreaterThan",
                        "triggerThreshold": 0,
                        "tactics": [
                          "InitialAccess"
                        ],
                        "techniques": [
                          "T1566"
                        ],
                        "entityMappings": [
                          {
                            "entityType": "Account",
                            "fieldMappings": [
                              {
                                "columnName": "AccountCustomEntity",
                                "identifier": "FullName"
                              }
                            ]
                          },
                          {
                            "entityType": "Host",
                            "fieldMappings": [
                              {
                                "columnName": "HostCustomEntity",
                                "identifier": "HostName"
                              }
                            ]
                          },
                          {
                            "entityType": "IP",
                            "fieldMappings": [
                              {
                                "columnName": "IPCustomEntity",
                                "identifier": "Address"
                              }
                            ]
                          }
                        ],
                        "requiredDataConnectors": [
                          {
                            "connectorId": "AzureFirewall",
                            "dataTypes": [
                              "AzureDiagnostics"
                            ]
                          },
                          {
                            "connectorId": "AzureMonitor(VMInsights)",
                            "dataTypes": [
                              "VMConnection"
                            ]
                          },
                          {
                            "connectorId": "CiscoASA",
                            "dataTypes": [
                              "CommonSecurityLog"
                            ]
                          },
                          {
                            "connectorId": "MicrosoftThreatProtection",
                            "dataTypes": [
                              "DeviceNetworkEvents",
                              "EmailUrlInfo",
                              "EmailEvents"
                            ]
                          },
                          {
                            "connectorId": "PaloAltoNetworks",
                            "dataTypes": [
                              "CommonSecurityLog"
                            ]
                          }
                        ]
                      }
                    },
                    {
                      "type": "Microsoft.OperationalInsights/workspaces/providers/metadata",
                      "apiVersion": "2021-03-01-preview",
                      "properties": {
                        "description": "Identifies a match across various data feeds for domains related to an actor tracked by Microsoft as SEABORGIUM.",
                        "version": "1.0.1",
                        "author": {
                          "name": "Ajeet Prakash"
                        },
                        "support": {
                          "tier": "Community",
                          "name": "Community",
                          "link": "https://github.com/Azure/Azure-Sentinel/issues"
                        },
                        "source": {
                          "kind": "Community",
                          "name": "Standalone"
                        },
                        "threatAnalysisTactics": [
                          "InitialAccess"
                        ],
                        "threatAnalyticsTechniques": [
                          "T1566"
                        ],
                        "contentId": "2149d9bb-8298-444c-8f99-f7bf0274dd05",
                        "parentId": "2149d9bb-8298-444c-8f99-f7bf0274dd05",
                        "kind": "AnalyticsRule",
                        "dependencies": {
                          "operator": "AND",
                          "criteria": [
                            {
                              "contentId": "VMConnection",
                              "kind": "DataType"
                            },
                            {
                              "contentId": "CommonSecurityLog",
                              "kind": "DataType"
                            },
                            {
                              "contentId": "CommonSecurityLog",
                              "kind": "DataType"
                            },
                            {
                              "contentId": "DeviceNetworkEvents",
                              "kind": "DataType"
                            },
                            {
                              "contentId": "EmailUrlInfo",
                              "kind": "DataType"
                            },
                            {
                              "contentId": "EmailEvents",
                              "kind": "DataType"
                            },
                            {
                              "contentId": "AzureDiagnostics",
                              "kind": "DataType"
                            }
                          ]
                        }
                      }
                    }
                  ]
                }
              }
            }
          ]
        },
        "author": {
          "name": "Ajeet Prakash"
        },
        "categories": {
          "domains": [
            "Security - Threat Intelligence"
          ]
        },
        "dependencies": {
          "operator": "AND",
          "criteria": [
            {
              "contentId": "2149d9bb-8298-444c-8f99-f7bf0274dd05",
              "kind": "AnalyticsRule"
            }
          ]
        },
        "description": "Identifies a match across various data feeds for domains related to an actor tracked by Microsoft as SEABORGIUM.",
        "displayName": "SEABORGIUM C2 Domains August 2022",
        "packageId": "2149d9bb-8298-444c-8f99-f7bf0274dd05",
        "source": {
          "kind": "Community",
          "name": "Standalone"
        },
        "support": {
          "tier": "Community",
          "name": "Community",
          "link": "https://github.com/Azure/Azure-Sentinel/issues"
        },
        "threatAnalysisTactics": [
          "InitialAccess"
        ],
        "threatAnalyticsTechniques": [
          "T1566"
        ],
        "version": "1.0.1"
      },
      "name": "[concat(parameters('workspace'),'/Microsoft.SecurityInsights/', '2149d9bb-8298-444c-8f99-f7bf0274dd05')]"
    }
  ]
}