{
  "$schema": "https://schema.management.azure.com/schemas/2019-04-01/deploymentTemplate.json#",
  "contentVersion": "1.0.0.0",
  "parameters": {
    "location": {
      "type": "string",
      "minLength": 1,
      "defaultValue": "[resourceGroup().location]",
      "metadata": {
        "description": "Not used, but needed to pass arm-ttk test `Location-Should-Not-Be-Hardcoded`.  We instead use the `workspace-location` which is derived from the LA workspace"
      }
    },
    "workspace-location": {
      "type": "string",
      "defaultValue": "",
      "metadata": {
        "description": "[concat('Region to deploy solution resources -- separate from location selection',parameters('location'))]"
      }
    },
    "workspace": {
      "defaultValue": "",
      "type": "string",
      "metadata": {
        "description": "Workspace name for Log Analytics where Microsoft Sentinel is setup"
      }
    }
  },
  "variables": {},
  "resources": [
    {
      "type": "Microsoft.OperationalInsights/workspaces/providers/packages",
      "location": "[parameters('workspace-location')]",
      "apiVersion": "2022-08-01",
      "properties": {
        "packageKind": "Standalone",
        "packageItems": {
          "resources": [
            {
              "type": "Microsoft.OperationalInsights/workspaces/providers/contentTemplates",
              "name": "[concat(parameters('workspace'),'/Microsoft.SecurityInsights/', '22a320c2-e1e5-4c74-a35b-39fc9cdcf859')]",
              "location": "[parameters('workspace-location')]",
              "apiVersion": "2022-08-01",
              "properties": {
                "contentId": "22a320c2-e1e5-4c74-a35b-39fc9cdcf859",
                "displayName": "Suspicious linking of existing user to external User",
                "contentKind": "AnalyticsRule",
                "mainTemplate": {
                  "$schema": "https://schema.management.azure.com/schemas/2019-04-01/deploymentTemplate.json#",
                  "contentVersion": "1.0.1",
                  "resources": [
                    {
                      "type": "Microsoft.OperationalInsights/workspaces/providers/alertRules",
                      "apiVersion": "2022-04-01-preview",
                      "name": "22a320c2-e1e5-4c74-a35b-39fc9cdcf859",
                      "kind": "Scheduled",
                      "location": "[parameters('workspace-location')]",
                      "properties": {
                        "description": " This query will detect when an attempt is made to update an existing user and link it to an guest or external identity. These activities are unusual and such linking of external \nidentities should be investigated. In some cases you may see internal AAD sync accounts (Sync_) do this which may be benign",
                        "displayName": "Suspicious linking of existing user to external User",
                        "enabled": false,
                        "query": "let lookback = 1d;\nAuditLogs \n| where TimeGenerated > ago(lookback)\n| where OperationName=~ \"Update user\" \n| where Result =~ \"success\" \n| mv-expand TargetResources \n| mv-expand TargetResources.modifiedProperties \n| extend displayName_ = tostring(TargetResources_modifiedProperties.displayName) , oldValue_ = tostring(TargetResources_modifiedProperties.oldValue), newValue_ = tostring(TargetResources_modifiedProperties.newValue)\n| where displayName_ == \"UserPrincipalName\" and oldValue_ !has \"#EXT\" and newValue_ has \"#EXT\"\n| extend InitiatingApp = tostring(parse_json(tostring(InitiatedBy.app)).displayName) \n| extend Initiator = iif(isnotempty(InitiatingApp), InitiatingApp, tostring(parse_json(tostring(InitiatedBy.user)).userPrincipalName)) , IPAddress = tostring(InitiatedBy.[\"user\"].[\"ipAddress\"])\n| project TimeGenerated, AADTenantId, IPAddress, Initiator, displayName_, oldValue_, newValue_\n",
                        "queryFrequency": "P1D",
                        "queryPeriod": "P1D",
                        "severity": "Medium",
                        "status": "Available",
                        "suppressionDuration": "PT1H",
                        "suppressionEnabled": false,
                        "triggerOperator": "GreaterThan",
                        "triggerThreshold": 0,
                        "tactics": [
                          "PrivilegeEscalation"
                        ],
                        "techniques": [
                          "T1078"
                        ],
                        "entityMappings": [
                          {
                            "entityType": "Account",
                            "fieldMappings": [
                              {
                                "columnName": "Initiator",
                                "identifier": "FullName"
                              }
                            ]
                          },
                          {
                            "entityType": "Account",
                            "fieldMappings": [
                              {
                                "columnName": "displayName_",
                                "identifier": "FullName"
                              }
                            ]
                          },
                          {
                            "entityType": "IP",
                            "fieldMappings": [
                              {
                                "columnName": "IPAddress",
                                "identifier": "Address"
                              }
                            ]
                          }
                        ],
                        "requiredDataConnectors": [
                          {
                            "connectorId": "AzureActiveDirectory",
                            "dataTypes": [
                              "AuditLogs"
                            ]
                          }
                        ]
                      }
                    },
                    {
                      "type": "Microsoft.OperationalInsights/workspaces/providers/metadata",
                      "apiVersion": "2021-03-01-preview",
                      "properties": {
                        "description": " This query will detect when an attempt is made to update an existing user and link it to an guest or external identity. These activities are unusual and such linking of external \nidentities should be investigated. In some cases you may see internal AAD sync accounts (Sync_) do this which may be benign",
                        "version": "1.0.1",
                        "author": {
                          "name": "Ashwin Patil"
                        },
                        "support": {
                          "tier": "Community",
                          "name": "Community",
                          "link": "https://github.com/Azure/Azure-Sentinel/issues"
                        },
                        "source": {
                          "kind": "Community",
                          "name": "Standalone"
                        },
                        "threatAnalysisTactics": [
                          "PrivilegeEscalation"
                        ],
                        "threatAnalyticsTechniques": [
                          "T1078.004"
                        ],
                        "contentId": "22a320c2-e1e5-4c74-a35b-39fc9cdcf859",
                        "parentId": "22a320c2-e1e5-4c74-a35b-39fc9cdcf859",
                        "kind": "AnalyticsRule",
                        "dependencies": {
                          "operator": "AND",
                          "criteria": [
                            {
                              "contentId": "AuditLogs",
                              "kind": "DataType"
                            }
                          ]
                        }
                      }
                    }
                  ]
                }
              }
            }
          ]
        },
        "author": {
          "name": "Ashwin Patil"
        },
        "categories": {
          "domains": [
            "Security - Others",
            "Identity"
          ]
        },
        "dependencies": {
          "operator": "AND",
          "criteria": [
            {
              "contentId": "22a320c2-e1e5-4c74-a35b-39fc9cdcf859",
              "kind": "AnalyticsRule"
            }
          ]
        },
        "description": " This query will detect when an attempt is made to update an existing user and link it to an guest or external identity. These activities are unusual and such linking of external \nidentities should be investigated. In some cases you may see internal AAD sync accounts (Sync_) do this which may be benign",
        "displayName": "Suspicious linking of existing user to external User",
        "packageId": "22a320c2-e1e5-4c74-a35b-39fc9cdcf859",
        "source": {
          "kind": "Community",
          "name": "Standalone"
        },
        "support": {
          "tier": "Community",
          "name": "Community",
          "link": "https://github.com/Azure/Azure-Sentinel/issues"
        },
        "threatAnalysisTactics": [
          "PrivilegeEscalation"
        ],
        "threatAnalyticsTechniques": [
          "T1078.004"
        ],
        "version": "1.0.1"
      },
      "name": "[concat(parameters('workspace'),'/Microsoft.SecurityInsights/', '22a320c2-e1e5-4c74-a35b-39fc9cdcf859')]"
    }
  ]
}