{
  "$schema": "https://schema.management.azure.com/schemas/2019-04-01/deploymentTemplate.json#",
  "contentVersion": "1.0.1",
  "parameters": {
    "location": {
      "type": "string",
      "minLength": 1,
      "defaultValue": "[resourceGroup().location]",
      "metadata": {
        "description": "Not used, but needed to pass arm-ttk test `Location-Should-Not-Be-Hardcoded`.  We instead use the `workspace-location` which is derived from the LA workspace"
      }
    },
    "workspace": {
      "defaultValue": "",
      "type": "string",
      "metadata": {
        "description": "Workspace name for Log Analytics where Microsoft Sentinel is setup"
      }
    },
    "workspace-location": {
      "type": "string",
      "defaultValue": "",
      "metadata": {
        "description": "[concat('Region to deploy solution resources -- separate from location selection',parameters('location'))]"
      }
    }
  },
  "resources": [
    {
      "type": "Microsoft.OperationalInsights/workspaces/providers/contentTemplates",
      "name": "[concat(parameters('workspace'),'/Microsoft.SecurityInsights/',concat(concat(parameters('workspace'),'-ar-',uniquestring('aedc5b33-2d7c-42cb-a692-f25ef637cbb1')),'1.0.1'))]",
      "location": "[parameters('workspace-location')]",
      "apiVersion": "2022-08-01",
      "dependsOn": [
        "[extensionResourceId(resourceId('Microsoft.OperationalInsights/workspaces', parameters('workspace')), 'Microsoft.SecurityInsights/contentPackages', 'azuresentinel.azure-sentinel-proofpointpod')]"
      ],
      "properties": {
        "contentId": "aedc5b33-2d7c-42cb-a692-f25ef637cbb1",
        "displayName": "ProofpointPOD - Possible data exfiltration to private email",
        "contentKind": "AnalyticsRule",
        "mainTemplate": {
          "resources": [
            {
              "type": "Microsoft.SecurityInsights/AlertRuleTemplates",
              "name": "aedc5b33-2d7c-42cb-a692-f25ef637cbb1",
              "apiVersion": "2022-04-01-preview",
              "kind": "Scheduled",
              "location": "[parameters('workspace-location')]",
              "properties": {
                "description": "Detects when sender sent email to the non-corporate domain and recipient's username is the same as sender's username.",
                "displayName": "ProofpointPOD - Possible data exfiltration to private email",
                "enabled": false,
                "query": "let lbtime = 10m;\nProofpointPOD\n| where TimeGenerated > ago(lbtime)\n| where EventType == 'message'\n| where NetworkDirection == 'outbound'\n| where array_length(todynamic(DstUserUpn)) == 1\n| extend sender = extract(@'\\A(.*?)@', 1, SrcUserUpn)\n| extend sender_domain = extract(@'@(.*)$', 1, SrcUserUpn)\n| extend recipient = extract(@'\\A(.*?)@', 1, tostring(todynamic(DstUserUpn)[0]))\n| extend recipient_domain = extract(@'@(.*)$', 1, tostring(todynamic(DstUserUpn)[0]))\n| where sender =~ recipient\n| where sender_domain != recipient_domain\n| project SrcUserUpn, DstUserUpn\n| extend AccountCustomEntity = SrcUserUpn\n",
                "queryFrequency": "PT10M",
                "queryPeriod": "PT10M",
                "severity": "Medium",
                "suppressionDuration": "PT1H",
                "suppressionEnabled": false,
                "triggerOperator": "GreaterThan",
                "triggerThreshold": 0,
                "status": "Available",
                "requiredDataConnectors": [
                  {
                    "dataTypes": [
                      "ProofpointPOD_message_CL"
                    ],
                    "connectorId": "ProofpointPOD"
                  }
                ],
                "tactics": [
                  "InitialAccess"
                ],
                "entityMappings": [
                  {
                    "fieldMappings": [
                      {
                        "identifier": "FullName",
                        "columnName": "AccountCustomEntity"
                      }
                    ],
                    "entityType": "Account"
                  }
                ]
              }
            },
            {
              "type": "Microsoft.OperationalInsights/workspaces/providers/metadata",
              "apiVersion": "2022-01-01-preview",
              "name": "[concat(parameters('workspace'),'/Microsoft.SecurityInsights/',concat('AnalyticsRule-', last(split(resourceId('Microsoft.SecurityInsights/AlertRuleTemplates', 'aedc5b33-2d7c-42cb-a692-f25ef637cbb1'),'/'))))]",
              "properties": {
                "description": "Proofpoint On demand(POD) Email Security Analytics Rule 2",
                "parentId": "[resourceId('Microsoft.SecurityInsights/AlertRuleTemplates', 'aedc5b33-2d7c-42cb-a692-f25ef637cbb1')]",
                "contentId": "aedc5b33-2d7c-42cb-a692-f25ef637cbb1",
                "kind": "AnalyticsRule",
                "version": "1.0.1",
                "source": {
                  "kind": "Solution",
                  "name": "Proofpoint On demand(POD) Email Security",
                  "sourceId": "azuresentinel.azure-sentinel-proofpointpod"
                },
                "author": {
                  "name": "Microsoft",
                  "email": "support@microsoft.com"
                },
                "support": {
                  "tier": "Microsoft",
                  "name": "Microsoft Corporation",
                  "email": "support@microsoft.com",
                  "link": "https://support.microsoft.com/"
                }
              }
            }
          ]
        },
        "packageKind": "Solution",
        "packageVersion": "2.0.4",
        "packageName": "Proofpoint On demand (POD) Email Security",
        "packageId": "azuresentinel.azure-sentinel-proofpointpod",
        "contentSchemaVersion": "2.0.0"
      }
    }
  ]
}