{
  "$schema": "https://schema.management.azure.com/schemas/2019-04-01/deploymentTemplate.json#",
  "contentVersion": "1.0.0",
  "parameters": {
    "location": {
      "type": "string",
      "minLength": 1,
      "defaultValue": "[resourceGroup().location]",
      "metadata": {
        "description": "Not used, but needed to pass arm-ttk test `Location-Should-Not-Be-Hardcoded`.  We instead use the `workspace-location` which is derived from the LA workspace"
      }
    },
    "workspace": {
      "defaultValue": "",
      "type": "string",
      "metadata": {
        "description": "Workspace name for Log Analytics where Microsoft Sentinel is setup"
      }
    },
    "workspace-location": {
      "type": "string",
      "defaultValue": "",
      "metadata": {
        "description": "[concat('Region to deploy solution resources -- separate from location selection',parameters('location'))]"
      }
    }
  },
  "resources": [
    {
      "type": "Microsoft.OperationalInsights/workspaces/providers/contentTemplates",
      "name": "[concat(parameters('workspace'),'/Microsoft.SecurityInsights/',concat(concat(parameters('workspace'),'-ar-',uniquestring('31b9e94b-0df6-4a3d-a297-3457b53c5d86')),'1.0.0'))]",
      "location": "[parameters('workspace-location')]",
      "apiVersion": "2022-08-01",
      "dependsOn": [
        "[extensionResourceId(resourceId('Microsoft.OperationalInsights/workspaces', parameters('workspace')), 'Microsoft.SecurityInsights/contentPackages', 'azuresentinel.azure-sentinel-solution-amazonwebservices')]"
      ],
      "properties": {
        "contentId": "31b9e94b-0df6-4a3d-a297-3457b53c5d86",
        "displayName": "Successful brute force attack on S3 Bucket.",
        "contentKind": "AnalyticsRule",
        "mainTemplate": {
          "resources": [
            {
              "type": "Microsoft.SecurityInsights/AlertRuleTemplates",
              "name": "31b9e94b-0df6-4a3d-a297-3457b53c5d86",
              "apiVersion": "2022-04-01-preview",
              "kind": "Scheduled",
              "location": "[parameters('workspace-location')]",
              "properties": {
                "description": "A successful brute force attack on an S3 bucket was detected. Verify these actions, and if needed, remediate the compromise.",
                "displayName": "Successful brute force attack on S3 Bucket.",
                "enabled": false,
                "query": "let timeframe = 1h;\nlet failed_attempts = AWSCloudTrail\n| where TimeGenerated >= ago(timeframe)\n| where EventName == \"GetObject\" and isnotempty(ErrorMessage) and isnotempty(ErrorCode)\n| where UserIdentityAccountId == \"ANONYMOUS_PRINCIPAL\" or UserIdentityAccessKeyId <> RecipientAccountId\n| extend bucketName = tostring(parse_json(RequestParameters).bucketName), keyName = tostring(parse_json(RequestParameters).key)\n| summarize time_min_failed=arg_min(TimeGenerated, *), failed_keys = dcount(keyName) by UserIdentityAccountId, SourceIpAddress, bucketName\n| where failed_keys > 20;\nlet success_attempts = AWSCloudTrail\n| where TimeGenerated >= ago(timeframe)\n| where EventName == \"GetObject\" and isempty(ErrorMessage) and isempty(ErrorCode)\n| where UserIdentityAccountId == \"ANONYMOUS_PRINCIPAL\" or UserIdentityAccessKeyId <> RecipientAccountId\n| extend bucketName = tostring(parse_json(RequestParameters).bucketName), keyName = tostring(parse_json(RequestParameters).key)\n| summarize time_min_success=arg_min(TimeGenerated, *), success_keys = dcount(keyName) by UserIdentityAccountId, SourceIpAddress, bucketName\n| where success_keys >= 1;\nfailed_attempts\n| join kind=inner success_attempts on SourceIpAddress, UserIdentityAccountId, bucketName\n| where time_min_success > time_min_failed\n| project-away keyName\n| extend UserIdentityUserName = iff(isnotempty(UserIdentityUserName), UserIdentityUserName, tostring(split(UserIdentityArn,'/')[-1]))\n| extend timestamp = time_min_success, IPCustomEntity = SourceIpAddress, AccountCustomEntity = UserIdentityUserName, AssumedRoleArn = UserIdentityArn\n",
                "queryFrequency": "PT1H",
                "queryPeriod": "PT1H",
                "severity": "High",
                "suppressionDuration": "PT1H",
                "suppressionEnabled": false,
                "triggerOperator": "GreaterThan",
                "triggerThreshold": 0,
                "status": "Available",
                "requiredDataConnectors": [
                  {
                    "dataTypes": [
                      "AWSCloudTrail"
                    ],
                    "connectorId": "AWS"
                  }
                ],
                "tactics": [
                  "DefenseEvasion"
                ],
                "techniques": [
                  "T1562"
                ],
                "entityMappings": [
                  {
                    "entityType": "Account",
                    "fieldMappings": [
                      {
                        "identifier": "FullName",
                        "columnName": "AccountCustomEntity"
                      }
                    ]
                  },
                  {
                    "entityType": "IP",
                    "fieldMappings": [
                      {
                        "identifier": "Address",
                        "columnName": "IPCustomEntity"
                      }
                    ]
                  }
                ]
              }
            },
            {
              "type": "Microsoft.OperationalInsights/workspaces/providers/metadata",
              "apiVersion": "2022-01-01-preview",
              "name": "[concat(parameters('workspace'),'/Microsoft.SecurityInsights/',concat('AnalyticsRule-', last(split(resourceId('Microsoft.SecurityInsights/AlertRuleTemplates', '31b9e94b-0df6-4a3d-a297-3457b53c5d86'),'/'))))]",
              "properties": {
                "description": "Amazon Web Services Analytics Rule 46",
                "parentId": "[resourceId('Microsoft.SecurityInsights/AlertRuleTemplates', '31b9e94b-0df6-4a3d-a297-3457b53c5d86')]",
                "contentId": "31b9e94b-0df6-4a3d-a297-3457b53c5d86",
                "kind": "AnalyticsRule",
                "version": "1.0.0",
                "source": {
                  "kind": "Solution",
                  "name": "Amazon Web Services",
                  "sourceId": "azuresentinel.azure-sentinel-solution-amazonwebservices"
                },
                "author": {
                  "name": "Microsoft"
                },
                "support": {
                  "name": "Microsoft Corporation",
                  "email": "support@microsoft.com",
                  "tier": "Microsoft",
                  "link": "https://support.microsoft.com"
                }
              }
            }
          ]
        },
        "packageKind": "Solution",
        "packageVersion": "2.0.5",
        "packageName": "Amazon Web Services",
        "packageId": "azuresentinel.azure-sentinel-solution-amazonwebservices",
        "contentSchemaVersion": "2.0.0"
      }
    }
  ]
}