{
  "$schema": "https://schema.management.azure.com/schemas/2019-04-01/deploymentTemplate.json#",
  "contentVersion": "1.0.0",
  "parameters": {
    "location": {
      "type": "string",
      "minLength": 1,
      "defaultValue": "[resourceGroup().location]",
      "metadata": {
        "description": "Not used, but needed to pass arm-ttk test `Location-Should-Not-Be-Hardcoded`.  We instead use the `workspace-location` which is derived from the LA workspace"
      }
    },
    "workspace": {
      "defaultValue": "",
      "type": "string",
      "metadata": {
        "description": "Workspace name for Log Analytics where Microsoft Sentinel is setup"
      }
    },
    "workspace-location": {
      "type": "string",
      "defaultValue": "",
      "metadata": {
        "description": "[concat('Region to deploy solution resources -- separate from location selection',parameters('location'))]"
      }
    }
  },
  "resources": [
    {
      "type": "Microsoft.OperationalInsights/workspaces/providers/contentTemplates",
      "name": "[concat(parameters('workspace'),'/Microsoft.SecurityInsights/',concat(concat(parameters('workspace'),'-hq-',uniquestring('e0a67cd7-b4e5-4468-aae0-26cb16a1bbd2')),'1.0.0'))]",
      "location": "[parameters('workspace-location')]",
      "apiVersion": "2022-08-01",
      "dependsOn": [
        "[extensionResourceId(resourceId('Microsoft.OperationalInsights/workspaces', parameters('workspace')), 'Microsoft.SecurityInsights/contentPackages', 'azuresentinel.azure-sentinel-solution-amazonwebservices')]"
      ],
      "properties": {
        "contentId": "e0a67cd7-b4e5-4468-aae0-26cb16a1bbd2",
        "displayName": "",
        "contentKind": "HuntingQuery",
        "mainTemplate": {
          "resources": [
            {
              "type": "Microsoft.OperationalInsights/savedSearches",
              "apiVersion": "2020-08-01",
              "name": "Amazon_Web_Services_Hunting_Query_1",
              "location": "[parameters('workspace-location')]",
              "properties": {
                "eTag": "*",
                "displayName": "Changes made to AWS IAM policy",
                "category": "Hunting Queries",
                "query": "\nAWSCloudTrail\n| where  EventName in~ (\"AttachGroupPolicy\", \"AttachRolePolicy\", \"AttachUserPolicy\", \"CreatePolicy\",\n\"DeleteGroupPolicy\", \"DeletePolicy\", \"DeleteRolePolicy\", \"DeleteUserPolicy\", \"DetachGroupPolicy\",\n\"PutUserPolicy\", \"PutGroupPolicy\", \"CreatePolicyVersion\", \"DeletePolicyVersion\", \"DetachRolePolicy\", \"CreatePolicy\")\n| project TimeGenerated, EventName, EventTypeName, UserIdentityAccountId, UserIdentityPrincipalid, UserAgent, \nUserIdentityUserName, SessionMfaAuthenticated, SourceIpAddress, AWSRegion, EventSource, AdditionalEventData, ResponseElements\n| extend timestamp = TimeGenerated, IPCustomEntity = SourceIpAddress, AccountCustomEntity = UserIdentityAccountId\n",
                "version": 2,
                "tags": [
                  {
                    "name": "description",
                    "value": "This query looks for when an API call is made to change an IAM, particularly those related to new policies being \nattached to users and roles, as well as changes to access methods and changes to account level policies."
                  },
                  {
                    "name": "tactics",
                    "value": "PrivilegeEscalation,DefenseEvasion"
                  },
                  {
                    "name": "techniques",
                    "value": "T1078,T1484"
                  }
                ]
              }
            },
            {
              "type": "Microsoft.OperationalInsights/workspaces/providers/metadata",
              "apiVersion": "2022-01-01-preview",
              "name": "[concat(parameters('workspace'),'/Microsoft.SecurityInsights/',concat('HuntingQuery-', last(split(resourceId('Microsoft.OperationalInsights/savedSearches', 'e0a67cd7-b4e5-4468-aae0-26cb16a1bbd2'),'/'))))]",
              "properties": {
                "description": "Amazon Web Services Hunting Query 1",
                "parentId": "[resourceId('Microsoft.OperationalInsights/savedSearches', 'e0a67cd7-b4e5-4468-aae0-26cb16a1bbd2')]",
                "contentId": "e0a67cd7-b4e5-4468-aae0-26cb16a1bbd2",
                "kind": "HuntingQuery",
                "version": "1.0.0",
                "source": {
                  "kind": "Solution",
                  "name": "Amazon Web Services",
                  "sourceId": "azuresentinel.azure-sentinel-solution-amazonwebservices"
                },
                "author": {
                  "name": "Microsoft"
                },
                "support": {
                  "name": "Microsoft Corporation",
                  "email": "support@microsoft.com",
                  "tier": "Microsoft",
                  "link": "https://support.microsoft.com"
                }
              }
            }
          ]
        },
        "packageKind": "Solution",
        "packageVersion": "2.0.5",
        "packageName": "Amazon Web Services",
        "packageId": "azuresentinel.azure-sentinel-solution-amazonwebservices",
        "contentSchemaVersion": "2.0.0"
      }
    }
  ]
}