{
  "$schema": "https://schema.management.azure.com/schemas/2019-04-01/deploymentTemplate.json#",
  "contentVersion": "1.0",
  "parameters": {
    "location": {
      "type": "string",
      "minLength": 1,
      "defaultValue": "[resourceGroup().location]",
      "metadata": {
        "description": "Not used, but needed to pass arm-ttk test `Location-Should-Not-Be-Hardcoded`.  We instead use the `workspace-location` which is derived from the LA workspace"
      }
    },
    "workspace": {
      "defaultValue": "",
      "type": "string",
      "metadata": {
        "description": "Workspace name for Log Analytics where Microsoft Sentinel is setup"
      }
    },
    "workspace-location": {
      "type": "string",
      "defaultValue": "",
      "metadata": {
        "description": "[concat('Region to deploy solution resources -- separate from location selection',parameters('location'))]"
      }
    }
  },
  "resources": [
    {
      "type": "Microsoft.OperationalInsights/workspaces/providers/contentTemplates",
      "name": "[concat(parameters('workspace'),'/Microsoft.SecurityInsights/',concat(concat(parameters('workspace'),'-pl-',uniquestring('ProofpointTAP-AddForensicsInfoToIncident')),'1.0'))]",
      "location": "[parameters('workspace-location')]",
      "apiVersion": "2022-08-01",
      "dependsOn": [
        "[extensionResourceId(resourceId('Microsoft.OperationalInsights/workspaces', parameters('workspace')), 'Microsoft.SecurityInsights/contentPackages', 'azuresentinel.azure-sentinel-proofpoint')]"
      ],
      "properties": {
        "contentId": "ProofpointTAP-AddForensicsInfoToIncident",
        "displayName": "ProofpointTAP-AddForensicsInfoToIncident",
        "contentKind": "Playbook",
        "mainTemplate": {
          "resources": [
            {
              "type": "Microsoft.Web/connections",
              "apiVersion": "2016-06-01",
              "name": "[variables('AzureSentinelConnectionName')]",
              "location": "[variables('workspace-location-inline')]",
              "properties": {
                "displayName": "[variables('AzureSentinelConnectionName')]",
                "api": {
                  "id": "[variables('_connection-1')]"
                }
              }
            },
            {
              "type": "Microsoft.Web/connections",
              "apiVersion": "2016-06-01",
              "name": "[variables('ProofpointTAPCustomAPIConnectionName')]",
              "location": "[variables('workspace-location-inline')]",
              "kind": "V1",
              "properties": {
                "displayName": "[variables('ProofpointTAPCustomAPIConnectionName')]",
                "api": {
                  "id": "[variables('_connection-2')]"
                }
              }
            },
            {
              "type": "Microsoft.Logic/workflows",
              "apiVersion": "2017-07-01",
              "name": "[parameters('PlaybookName')]",
              "location": "[variables('workspace-location-inline')]",
              "dependsOn": [
                "[resourceId('Microsoft.Web/connections', variables('AzureSentinelConnectionName'))]",
                "[resourceId('Microsoft.Web/connections', variables('ProofpointTAPCustomAPIConnectionName'))]"
              ],
              "properties": {
                "state": "Enabled",
                "definition": {
                  "$schema": "https://schema.management.azure.com/providers/Microsoft.Logic/schemas/2016-06-01/workflowdefinition.json#",
                  "actions": {
                    "Add_comment_to_incident_(V3)": {
                      "inputs": {
                        "body": {
                          "incidentArmId": "@triggerBody()?['object']?['id']",
                          "message": "<p><strong></strong><strong>@{outputs('Create_logo')}</strong><strong>ProofpointTAP-AddForensicsInfoToIncident<br>\n</strong><strong>@{body('Create_HTML_table')}</strong><strong></strong></p>"
                        },
                        "host": {
                          "connection": {
                            "name": "@parameters('$connections')['azuresentinel']['connectionId']"
                          }
                        },
                        "method": "post",
                        "path": "/Incidents/Comment"
                      },
                      "runAfter": {
                        "Create_logo": [
                          "Succeeded"
                        ]
                      },
                      "type": "ApiConnection"
                    },
                    "Create_HTML_table": {
                      "inputs": {
                        "format": "HTML",
                        "from": "@variables('forensics')"
                      },
                      "runAfter": {
                        "For_each_campaign_id_in_campaign_ids_array": [
                          "Succeeded"
                        ]
                      },
                      "type": "Table"
                    },
                    "Create_logo": {
                      "inputs": "<img src=\"https://github.com/Azure/Azure-Sentinel/raw/master/Playbooks/ProofpointTAP/ProofpointTAPConnector/proofpointlogo.png\"  width=\"32\" height=\"32\">",
                      "runAfter": {
                        "Create_HTML_table": [
                          "Succeeded"
                        ]
                      },
                      "type": "Compose"
                    },
                    "For_each_alert_in_incident": {
                      "actions": {
                        "For_each_campaign_id_in_alert_custom_details": {
                          "actions": {
                            "Append_campaign_id_to_campaign_ids_variable": {
                              "inputs": {
                                "name": "compaign_ids",
                                "value": "@items('For_each_campaign_id_in_alert_custom_details')"
                              },
                              "type": "AppendToArrayVariable"
                            }
                          },
                          "foreach": "@body('Get_campaign_ids_from_alert_custom_details')?['campaignId']",
                          "runAfter": {
                            "Get_campaign_ids_from_alert_custom_details": [
                              "Succeeded"
                            ]
                          },
                          "type": "Foreach"
                        },
                        "Get_campaign_ids_from_alert_custom_details": {
                          "inputs": {
                            "content": "@items('For_each_alert_in_incident')?['properties']?['additionalData']?['Custom Details']",
                            "schema": {
                              "properties": {
                                "campaignId": {
                                  "items": {
                                    "type": "string"
                                  },
                                  "type": "array"
                                }
                              },
                              "type": "object"
                            }
                          },
                          "type": "ParseJson"
                        }
                      },
                      "foreach": "@triggerBody()?['object']?['properties']?['Alerts']",
                      "runAfter": {
                        "Initialize_variable": [
                          "Succeeded"
                        ]
                      },
                      "type": "Foreach"
                    },
                    "For_each_campaign_id_in_campaign_ids_array": {
                      "actions": {
                        "For_each_report": {
                          "actions": {
                            "Filter_malicious_forensics": {
                              "inputs": {
                                "from": "@items('For_each_report')?['forensics']",
                                "where": "@equals(item()?['malicious'], true)"
                              },
                              "type": "Query"
                            },
                            "For_each_malicious_forensic": {
                              "actions": {
                                "Append_to_array_variable": {
                                  "inputs": {
                                    "name": "forensics",
                                    "value": "@item()?['display']"
                                  },
                                  "type": "AppendToArrayVariable"
                                }
                              },
                              "foreach": "@body('Filter_malicious_forensics')",
                              "runAfter": {
                                "Filter_malicious_forensics": [
                                  "Succeeded"
                                ]
                              },
                              "type": "Foreach"
                            }
                          },
                          "foreach": "@body('Get_Forensics')?['reports']",
                          "runAfter": {
                            "Get_Forensics": [
                              "Succeeded"
                            ]
                          },
                          "type": "Foreach"
                        },
                        "Get_Forensics": {
                          "inputs": {
                            "host": {
                              "connection": {
                                "name": "@parameters('$connections')['proofpointtapapi']['connectionId']"
                              }
                            },
                            "method": "get",
                            "path": "/v2/forensics",
                            "queries": {
                              "campaignId": "@{items('For_each_campaign_id_in_campaign_ids_array')}"
                            }
                          },
                          "type": "ApiConnection"
                        }
                      },
                      "foreach": "@variables('compaign_ids')",
                      "runAfter": {
                        "For_each_alert_in_incident": [
                          "Succeeded"
                        ]
                      },
                      "type": "Foreach"
                    },
                    "Initialize_variable": {
                      "inputs": {
                        "variables": [
                          {
                            "name": "forensics",
                            "type": "array"
                          }
                        ]
                      },
                      "runAfter": {
                        "Initialize_variable_compaign_ids": [
                          "Succeeded"
                        ]
                      },
                      "type": "InitializeVariable"
                    },
                    "Initialize_variable_compaign_ids": {
                      "inputs": {
                        "variables": [
                          {
                            "name": "compaign_ids",
                            "type": "array"
                          }
                        ]
                      },
                      "type": "InitializeVariable"
                    }
                  },
                  "contentVersion": "1.0.0.0",
                  "parameters": {
                    "$connections": {
                      "type": "Object"
                    }
                  },
                  "triggers": {
                    "When_Azure_Sentinel_incident_creation_rule_was_triggered": {
                      "inputs": {
                        "body": {
                          "callback_url": "@{listCallbackUrl()}"
                        },
                        "host": {
                          "connection": {
                            "name": "@parameters('$connections')['azuresentinel']['connectionId']"
                          }
                        },
                        "path": "/incident-creation"
                      },
                      "type": "ApiConnectionWebhook"
                    }
                  }
                },
                "parameters": {
                  "$connections": {
                    "value": {
                      "azuresentinel": {
                        "connectionName": "[variables('AzureSentinelConnectionName')]",
                        "connectionId": "[resourceId('Microsoft.Web/connections', variables('AzureSentinelConnectionName'))]",
                        "id": "[concat('/subscriptions/',subscription().subscriptionId, '/providers/Microsoft.Web/locations/',variables('workspace-location-inline'),'/managedApis/azuresentinel')]"
                      },
                      "proofpointtapapi": {
                        "connectionId": "[resourceId('Microsoft.Web/connections', variables('ProofpointTAPCustomAPIConnectionName'))]",
                        "connectionName": "[variables('ProofpointTAPCustomAPIConnectionName')]",
                        "id": "[concat('/subscriptions/', subscription().subscriptionId, '/resourceGroups/', resourceGroup().name, '/providers/Microsoft.Web/customApis/', parameters('customApis_proofpointtap_name'))]"
                      }
                    }
                  }
                }
              },
              "tags": {
                "hidden-SentinelWorkspaceId": "[resourceId('microsoft.OperationalInsights/Workspaces', parameters('workspace'))]"
              }
            },
            {
              "type": "Microsoft.OperationalInsights/workspaces/providers/metadata",
              "apiVersion": "2022-01-01-preview",
              "name": "[concat(parameters('workspace'),'/Microsoft.SecurityInsights/',concat('Playbook-', last(split(resourceId('Microsoft.Logic/workflows', 'ProofpointTAP-AddForensicsInfoToIncident'),'/'))))]",
              "properties": {
                "parentId": "[resourceId('Microsoft.Logic/workflows', 'ProofpointTAP-AddForensicsInfoToIncident')]",
                "contentId": "ProofpointTAP-AddForensicsInfoToIncident",
                "kind": "Playbook",
                "version": "1.0",
                "source": {
                  "kind": "Solution",
                  "name": "ProofPointTap",
                  "sourceId": "azuresentinel.azure-sentinel-proofpoint"
                },
                "author": {
                  "name": "Microsoft",
                  "email": "support@microsoft.com"
                },
                "support": {
                  "tier": "Microsoft",
                  "name": "Microsoft Corporation",
                  "email": "support@microsoft.com",
                  "link": "https://support.microsoft.com/"
                },
                "dependencies": {
                  "criteria": [
                    {
                      "kind": "LogicAppsCustomConnector",
                      "contentId": "ProofpointTAPConnector",
                      "version": "1.0"
                    }
                  ]
                }
              }
            }
          ]
        },
        "packageKind": "Solution",
        "packageVersion": "2.0.2",
        "packageName": "Proofpoint TAP Solution",
        "packageId": "azuresentinel.azure-sentinel-proofpoint",
        "contentSchemaVersion": "2.0.0"
      }
    }
  ]
}