{
  "$schema": "https://schema.management.azure.com/schemas/2019-04-01/deploymentTemplate.json#",
  "parameters": {
    "location": {
      "type": "string",
      "minLength": 1,
      "defaultValue": "[resourceGroup().location]",
      "metadata": {
        "description": "Not used, but needed to pass arm-ttk test `Location-Should-Not-Be-Hardcoded`.  We instead use the `workspace-location` which is derived from the LA workspace"
      }
    },
    "workspace-location": {
      "type": "string",
      "defaultValue": "",
      "metadata": {
        "description": "[concat('Region to deploy solution resources -- separate from location selection',parameters('location'))]"
      }
    },
    "workspace": {
      "defaultValue": "",
      "type": "string",
      "metadata": {
        "description": "Workspace name for Log Analytics where Microsoft Sentinel is setup"
      }
    }
  },
  "variables": {},
  "resources": [
    {
      "type": "Microsoft.OperationalInsights/workspaces/providers/packages",
      "location": "[parameters('workspace-location')]",
      "apiVersion": "2022-08-01",
      "properties": {
        "packageKind": "Standalone",
        "packageItems": {
          "resources": [
            {
              "type": "Microsoft.OperationalInsights/workspaces/providers/contentTemplates",
              "name": "[concat(parameters('workspace'),'/Microsoft.SecurityInsights/', 'c9b6d281-b96b-4763-b728-9a04b9fe1246')]",
              "location": "[parameters('workspace-location')]",
              "apiVersion": "2022-08-01",
              "properties": {
                "contentId": "c9b6d281-b96b-4763-b728-9a04b9fe1246",
                "displayName": "Cisco Umbrella - Connection to non-corporate private network",
                "contentKind": "AnalyticsRule",
                "mainTemplate": {
                  "$schema": "https://schema.management.azure.com/schemas/2019-04-01/deploymentTemplate.json#",
                  "contentVersion": "1.1.0",
                  "resources": [
                    {
                      "type": "Microsoft.OperationalInsights/workspaces/providers/alertRules",
                      "apiVersion": "2022-04-01-preview",
                      "name": "[concat(parameters('workspace'),'/Microsoft.SecurityInsights/', '' )]",
                      "kind": "Scheduled",
                      "location": "[parameters('workspace-location')]",
                      "properties": {
                        "description": "IP addresses of broadband links that usually indicates users attempting to access their home network, for example for a remote session to a home computer.",
                        "displayName": "Cisco Umbrella - Connection to non-corporate private network",
                        "enabled": false,
                        "query": "let lbtime = 10m;\nCisco_Umbrella\n| where TimeGenerated > ago(lbtime)\n| where EventType == 'proxylogs'\n| where DvcAction =~ 'Allowed'\n| where UrlCategory has_any ('Dynamic and Residential', 'Personal VPN')\n| project TimeGenerated, SrcIpAddr, Identities\n| extend IPCustomEntity = SrcIpAddr\n| extend AccountCustomEntity = Identities\n",
                        "queryFrequency": "PT10M",
                        "queryPeriod": "PT10M",
                        "severity": "Medium",
                        "suppressionDuration": "PT1H",
                        "suppressionEnabled": false,
                        "triggerOperator": "GreaterThan",
                        "triggerThreshold": 0,
                        "tactics": [
                          "CommandAndControl",
                          "Exfiltration"
                        ],
                        "entityMappings": [
                          {
                            "entityType": "Account",
                            "fieldMappings": [
                              {
                                "columnName": "AccountCustomEntity",
                                "identifier": "FullName"
                              }
                            ]
                          },
                          {
                            "entityType": "IP",
                            "fieldMappings": [
                              {
                                "columnName": "IPCustomEntity",
                                "identifier": "Address"
                              }
                            ]
                          }
                        ]
                      }
                    },
                    {
                      "type": "Microsoft.OperationalInsights/workspaces/providers/metadata",
                      "apiVersion": "2021-03-01-preview",
                      "name": "[concat(parameters('workspace'),'/Microsoft.SecurityInsights/', '')]",
                      "properties": {
                        "description": "'IP addresses of broadband links that usually indicates users attempting to access their home network, for example for a remote session to a home computer.'\n",
                        "contentId": "c9b6d281-b96b-4763-b728-9a04b9fe1246",
                        "version": "1.1.0",
                        "source": {
                          "kind": "Community"
                        },
                        "threatAnalysisTactics": [
                          "CommandAndControl",
                          "Exfiltration"
                        ],
                        "parentId": "c9b6d281-b96b-4763-b728-9a04b9fe1246",
                        "kind": "AnalyticsRule",
                        "dependencies": {
                          "operator": "AND",
                          "criteria": [
                            {
                              "contentId": "Cisco_Umbrella_proxy_CL",
                              "kind": "DataType"
                            }
                          ]
                        }
                      }
                    }
                  ]
                }
              }
            }
          ]
        },
        "contentId": "c9b6d281-b96b-4763-b728-9a04b9fe1246",
        "dependencies": {
          "operator": "AND",
          "criteria": [
            {
              "contentId": "c9b6d281-b96b-4763-b728-9a04b9fe1246",
              "kind": "AnalyticsRule"
            }
          ]
        },
        "description": "'IP addresses of broadband links that usually indicates users attempting to access their home network, for example for a remote session to a home computer.'\n",
        "displayName": "Cisco Umbrella - Connection to non-corporate private network",
        "source": {
          "kind": "Community"
        },
        "threatAnalysisTactics": [
          "CommandAndControl",
          "Exfiltration"
        ],
        "version": "1.1.0"
      },
      "name": "[concat(parameters('workspace'),'/Microsoft.SecurityInsights/', 'c9b6d281-b96b-4763-b728-9a04b9fe1246')]"
    }
  ]
}