{
  "$schema": "https://schema.management.azure.com/schemas/2019-04-01/deploymentTemplate.json#",
  "parameters": {
    "location": {
      "type": "string",
      "minLength": 1,
      "defaultValue": "[resourceGroup().location]",
      "metadata": {
        "description": "Not used, but needed to pass arm-ttk test `Location-Should-Not-Be-Hardcoded`.  We instead use the `workspace-location` which is derived from the LA workspace"
      }
    },
    "workspace-location": {
      "type": "string",
      "defaultValue": "",
      "metadata": {
        "description": "[concat('Region to deploy solution resources -- separate from location selection',parameters('location'))]"
      }
    },
    "workspace": {
      "defaultValue": "",
      "type": "string",
      "metadata": {
        "description": "Workspace name for Log Analytics where Microsoft Sentinel is setup"
      }
    }
  },
  "variables": {},
  "resources": [
    {
      "type": "Microsoft.OperationalInsights/workspaces/providers/packages",
      "location": "[parameters('workspace-location')]",
      "apiVersion": "2022-08-01",
      "properties": {
        "packageKind": "Standalone",
        "packageItems": {
          "resources": [
            {
              "type": "Microsoft.OperationalInsights/workspaces/providers/contentTemplates",
              "name": "[concat(parameters('workspace'),'/Microsoft.SecurityInsights/', '4ca74dc0-8352-4ac5-893c-73571cc78331')]",
              "location": "[parameters('workspace-location')]",
              "apiVersion": "2022-08-01",
              "properties": {
                "contentId": "4ca74dc0-8352-4ac5-893c-73571cc78331",
                "displayName": "Azure DevOps Variable Secret Not Secured",
                "contentKind": "AnalyticsRule",
                "mainTemplate": {
                  "$schema": "https://schema.management.azure.com/schemas/2019-04-01/deploymentTemplate.json#",
                  "contentVersion": "1.0.1",
                  "resources": [
                    {
                      "type": "Microsoft.OperationalInsights/workspaces/providers/alertRules",
                      "apiVersion": "2022-04-01-preview",
                      "name": "[concat(parameters('workspace'),'/Microsoft.SecurityInsights/', '' )]",
                      "kind": "Scheduled",
                      "location": "[parameters('workspace-location')]",
                      "properties": {
                        "description": "Credentials used in the build process may be stored as Azure DevOps variables. To secure these variables they should be stored in KeyVault or marked as Secrets. \nThis detection looks for new variables added with names that suggest they are credentials but where they are not set as Secrets or stored in KeyVault.",
                        "displayName": "Azure DevOps Variable Secret Not Secured",
                        "enabled": false,
                        "query": "let keywords = dynamic([\"secret\", \"secrets\", \"password\", \"PAT\", \"passwd\", \"pswd\", \"pwd\", \"cred\", \"creds\", \"credentials\", \"credential\", \"key\"]);\nAzureDevOpsAuditing\n| where OperationName =~ \"Library.VariableGroupModified\"\n| extend Type = tostring(Data.Type)\n| extend VariableGroupId = tostring(Data.VariableGroupId)\n| extend VariableGroupName = tostring(Data.VariableGroupName)\n| mv-expand Data.Variables\n| where VariableGroupName has_any (keywords) or Data_Variables has_any (keywords)\n| where Type != \"AzureKeyVault\"\n| where Data_Variables !has \"IsSecret\"\n| extend timestamp = TimeGenerated, AccountCustomEntity = ActorUPN, IPCustomEntity = IpAddress\n",
                        "queryFrequency": "P1D",
                        "queryPeriod": "P1D",
                        "severity": "Medium",
                        "suppressionDuration": "PT1H",
                        "suppressionEnabled": false,
                        "triggerOperator": "GreaterThan",
                        "triggerThreshold": 0,
                        "tactics": [
                          "CredentialAccess"
                        ],
                        "entityMappings": [
                          {
                            "entityType": "Account",
                            "fieldMappings": [
                              {
                                "columnName": "AccountCustomEntity",
                                "identifier": "FullName"
                              }
                            ]
                          },
                          {
                            "entityType": "IP",
                            "fieldMappings": [
                              {
                                "columnName": "IPCustomEntity",
                                "identifier": "Address"
                              }
                            ]
                          }
                        ]
                      }
                    },
                    {
                      "type": "Microsoft.OperationalInsights/workspaces/providers/metadata",
                      "apiVersion": "2021-03-01-preview",
                      "name": "[concat(parameters('workspace'),'/Microsoft.SecurityInsights/', '')]",
                      "properties": {
                        "description": "'Credentials used in the build process may be stored as Azure DevOps variables. To secure these variables they should be stored in KeyVault or marked as Secrets. \nThis detection looks for new variables added with names that suggest they are credentials but where they are not set as Secrets or stored in KeyVault.'\n",
                        "version": "1.0.1",
                        "source": {
                          "kind": "Community"
                        },
                        "threatAnalysisTactics": [
                          "CredentialAccess"
                        ],
                        "threatAnalyticsTechniques": [
                          "T1552"
                        ],
                        "contentId": "4ca74dc0-8352-4ac5-893c-73571cc78331",
                        "parentId": "4ca74dc0-8352-4ac5-893c-73571cc78331",
                        "kind": "AnalyticsRule"
                      }
                    }
                  ]
                }
              }
            }
          ]
        },
        "dependencies": {
          "operator": "AND",
          "criteria": [
            {
              "contentId": "4ca74dc0-8352-4ac5-893c-73571cc78331",
              "kind": "AnalyticsRule"
            }
          ]
        },
        "description": "'Credentials used in the build process may be stored as Azure DevOps variables. To secure these variables they should be stored in KeyVault or marked as Secrets. \nThis detection looks for new variables added with names that suggest they are credentials but where they are not set as Secrets or stored in KeyVault.'\n",
        "displayName": "Azure DevOps Variable Secret Not Secured",
        "packageId": "4ca74dc0-8352-4ac5-893c-73571cc78331",
        "source": {
          "kind": "Community"
        },
        "threatAnalysisTactics": [
          "CredentialAccess"
        ],
        "threatAnalyticsTechniques": [
          "T1552"
        ],
        "version": "1.0.1"
      },
      "name": "[concat(parameters('workspace'),'/Microsoft.SecurityInsights/', '4ca74dc0-8352-4ac5-893c-73571cc78331')]"
    }
  ]
}