{
  "$schema": "https://schema.management.azure.com/schemas/2019-04-01/deploymentTemplate.json#",
  "parameters": {
    "location": {
      "type": "string",
      "minLength": 1,
      "defaultValue": "[resourceGroup().location]",
      "metadata": {
        "description": "Not used, but needed to pass arm-ttk test `Location-Should-Not-Be-Hardcoded`.  We instead use the `workspace-location` which is derived from the LA workspace"
      }
    },
    "workspace-location": {
      "type": "string",
      "defaultValue": "",
      "metadata": {
        "description": "[concat('Region to deploy solution resources -- separate from location selection',parameters('location'))]"
      }
    },
    "workspace": {
      "defaultValue": "",
      "type": "string",
      "metadata": {
        "description": "Workspace name for Log Analytics where Microsoft Sentinel is setup"
      }
    }
  },
  "variables": {},
  "resources": [
    {
      "type": "Microsoft.OperationalInsights/workspaces/providers/packages",
      "location": "[parameters('workspace-location')]",
      "apiVersion": "2022-08-01",
      "properties": {
        "packageKind": "Standalone",
        "packageItems": {
          "resources": [
            {
              "type": "Microsoft.OperationalInsights/workspaces/providers/contentTemplates",
              "name": "[concat(parameters('workspace'),'/Microsoft.SecurityInsights/', 'd564ff12-8f53-41b8-8649-44f76b37b99f')]",
              "location": "[parameters('workspace-location')]",
              "apiVersion": "2022-08-01",
              "properties": {
                "contentId": "d564ff12-8f53-41b8-8649-44f76b37b99f",
                "displayName": "Azure DevOps Service Connection Abuse",
                "contentKind": "AnalyticsRule",
                "mainTemplate": {
                  "$schema": "https://schema.management.azure.com/schemas/2019-04-01/deploymentTemplate.json#",
                  "contentVersion": "1.0.1",
                  "resources": [
                    {
                      "type": "Microsoft.OperationalInsights/workspaces/providers/alertRules",
                      "apiVersion": "2022-04-01-preview",
                      "name": "[concat(parameters('workspace'),'/Microsoft.SecurityInsights/', '' )]",
                      "kind": "Scheduled",
                      "location": "[parameters('workspace-location')]",
                      "properties": {
                        "description": "Flags builds/releases that use a large number of service connections if they aren't manually in the allow list.\nThis is to determine if someone is hijacking a build/release and adding many service connections in order to abuse \nor dump credentials from service connections.",
                        "displayName": "Azure DevOps Service Connection Abuse",
                        "enabled": false,
                        "query": "\n// How many greater than Service Connections you want to view per build/release\nlet ServiceConnectionThreshold = 4;\nlet BypassDefIds = datatable(DefId:string, Type:string, ProjectName:string)\n[\n//\"103\", \"Release\", \"ProjectA\",\n//\"42\", \"Release\", \"ProjectB\",\n//\"122\", \"Build\", \"ProjectB\"\n];\nAzureDevOpsAuditing\n| where OperationName == \"Library.ServiceConnectionExecuted\" \n| extend DefId = tostring(Data.DefinitionId), Type = tostring(Data.PlanType), ConnectionId = tostring(Data.ConnectionId)\n| parse ScopeDisplayName with OrganizationName ' (Organization)'\n| summarize CurrentCount = dcount(tostring(ConnectionId)), ConnectionNames = make_set(tostring(Data.ConnectionName)), StartTime = min(TimeGenerated), EndTime = max(TimeGenerated) \n  by OrganizationName, tostring(DefId), tostring(Type), ProjectId, ProjectName\n| where CurrentCount > ServiceConnectionThreshold\n| join kind=anti BypassDefIds on $left.DefId==$right.DefId and $left.Type == $right.Type and $left.ProjectName == $right.ProjectName\n| extend link = iif(\n  Type == \"Build\", strcat('https://dev.azure.com/', OrganizationName, '/', ProjectName, '/_build?definitionId=', DefId),\n  strcat('https://dev.azure.com/', OrganizationName, '/', ProjectName, '/_release?_a=releases&view=mine&definitionId=', DefId))\n| extend timestamp = StartTime\n",
                        "queryFrequency": "P1D",
                        "queryPeriod": "P14D",
                        "severity": "Medium",
                        "suppressionDuration": "PT1H",
                        "suppressionEnabled": false,
                        "triggerOperator": "GreaterThan",
                        "triggerThreshold": 0,
                        "tactics": [
                          "Persistence",
                          "Impact"
                        ]
                      }
                    },
                    {
                      "type": "Microsoft.OperationalInsights/workspaces/providers/metadata",
                      "apiVersion": "2021-03-01-preview",
                      "name": "[concat(parameters('workspace'),'/Microsoft.SecurityInsights/', '')]",
                      "properties": {
                        "description": "'Flags builds/releases that use a large number of service connections if they aren't manually in the allow list.\nThis is to determine if someone is hijacking a build/release and adding many service connections in order to abuse \nor dump credentials from service connections.'\n",
                        "version": "1.0.1",
                        "source": {
                          "kind": "Community"
                        },
                        "threatAnalysisTactics": [
                          "Persistence",
                          "Impact"
                        ],
                        "threatAnalyticsTechniques": [
                          "T1098",
                          "T1496"
                        ],
                        "contentId": "d564ff12-8f53-41b8-8649-44f76b37b99f",
                        "parentId": "d564ff12-8f53-41b8-8649-44f76b37b99f",
                        "kind": "AnalyticsRule"
                      }
                    }
                  ]
                }
              }
            }
          ]
        },
        "dependencies": {
          "operator": "AND",
          "criteria": [
            {
              "contentId": "d564ff12-8f53-41b8-8649-44f76b37b99f",
              "kind": "AnalyticsRule"
            }
          ]
        },
        "description": "'Flags builds/releases that use a large number of service connections if they aren't manually in the allow list.\nThis is to determine if someone is hijacking a build/release and adding many service connections in order to abuse \nor dump credentials from service connections.'\n",
        "displayName": "Azure DevOps Service Connection Abuse",
        "packageId": "d564ff12-8f53-41b8-8649-44f76b37b99f",
        "source": {
          "kind": "Community"
        },
        "threatAnalysisTactics": [
          "Persistence",
          "Impact"
        ],
        "threatAnalyticsTechniques": [
          "T1098",
          "T1496"
        ],
        "version": "1.0.1"
      },
      "name": "[concat(parameters('workspace'),'/Microsoft.SecurityInsights/', 'd564ff12-8f53-41b8-8649-44f76b37b99f')]"
    }
  ]
}