{
  "$schema": "https://schema.management.azure.com/schemas/2019-04-01/deploymentTemplate.json#",
  "parameters": {
    "location": {
      "type": "string",
      "minLength": 1,
      "defaultValue": "[resourceGroup().location]",
      "metadata": {
        "description": "Not used, but needed to pass arm-ttk test `Location-Should-Not-Be-Hardcoded`.  We instead use the `workspace-location` which is derived from the LA workspace"
      }
    },
    "workspace-location": {
      "type": "string",
      "defaultValue": "",
      "metadata": {
        "description": "[concat('Region to deploy solution resources -- separate from location selection',parameters('location'))]"
      }
    },
    "workspace": {
      "defaultValue": "",
      "type": "string",
      "metadata": {
        "description": "Workspace name for Log Analytics where Microsoft Sentinel is setup"
      }
    }
  },
  "variables": {},
  "resources": [
    {
      "type": "Microsoft.OperationalInsights/workspaces/providers/packages",
      "location": "[parameters('workspace-location')]",
      "apiVersion": "2022-08-01",
      "properties": {
        "packageKind": "Standalone",
        "packageItems": {
          "resources": [
            {
              "type": "Microsoft.OperationalInsights/workspaces/providers/contentTemplates",
              "name": "[concat(parameters('workspace'),'/Microsoft.SecurityInsights/', '1da9853f-3dea-4ea9-b7e5-26730da3d537')]",
              "location": "[parameters('workspace-location')]",
              "apiVersion": "2022-08-01",
              "properties": {
                "contentId": "1da9853f-3dea-4ea9-b7e5-26730da3d537",
                "displayName": "Port scan detected  (ASIM Network Session schema)",
                "contentKind": "AnalyticsRule",
                "mainTemplate": {
                  "$schema": "https://schema.management.azure.com/schemas/2019-04-01/deploymentTemplate.json#",
                  "contentVersion": "1.0.2",
                  "resources": [
                    {
                      "type": "Microsoft.OperationalInsights/workspaces/providers/alertRules",
                      "apiVersion": "2022-04-01-preview",
                      "name": "[concat(parameters('workspace'),'/Microsoft.SecurityInsights/', '' )]",
                      "kind": "Scheduled",
                      "location": "[parameters('workspace-location')]",
                      "properties": {
                        "description": "This rule identifies a possible port scan, in which a single source tries to access a large number of different ports is a short time frame. This may indicate that a [port scanner](https://en.wikipedia.org/wiki/Port_scanner) is trying to identify open ports in order to penetrate a system.<br><br>\nThis analytic rule uses [ASIM](https://aka.ms/AboutASIM) and supports any built-in or custom source that supports the ASIM NetworkSession schema",
                        "displayName": "Port scan detected  (ASIM Network Session schema)",
                        "enabled": false,
                        "query": "let PortScanThreshold = 50;\n_Im_NetworkSession\n| where ipv4_is_private(SrcIpAddr) == False\n| where SrcIpAddr !in (\"127.0.0.1\", \"::1\")\n| summarize AttemptedPortsCount=dcount(DstPortNumber), AttemptedPorts=make_set(DstPortNumber, 100), ReportedBy=make_set(strcat(EventVendor, \"/\", EventProduct), 20) by SrcIpAddr, bin(TimeGenerated, 5m)\n| where AttemptedPortsCount > PortScanThreshold\n",
                        "queryFrequency": "PT1H",
                        "queryPeriod": "PT1H",
                        "severity": "Medium",
                        "suppressionDuration": "PT1H",
                        "suppressionEnabled": false,
                        "triggerOperator": "GreaterThan",
                        "triggerThreshold": 0,
                        "tactics": [
                          "Discovery"
                        ],
                        "entityMappings": [
                          {
                            "entityType": "IP",
                            "fieldMappings": [
                              {
                                "columnName": "SrcIpAddr",
                                "identifier": "Address"
                              }
                            ]
                          }
                        ],
                        "customDetails": {
                          "AttemptedPortsCount": "AttemptedPortsCount"
                        },
                        "alertDetailsOverride": {
                          "alertDisplayNameFormat": "Potential port scan from {{SrcIpAddr}}",
                          "alertDescriptionFormat": "A port scan has been performed from address {{SrcIpAddr}} over {{AttemptedPortsCount}} ports within 5 minutes. This may indicate that a [port scanner](https://en.wikipedia.org/wiki/Port_scanner) is trying to identify open ports in order to penetrate a system."
                        }
                      }
                    },
                    {
                      "type": "Microsoft.OperationalInsights/workspaces/providers/metadata",
                      "apiVersion": "2021-03-01-preview",
                      "name": "[concat(parameters('workspace'),'/Microsoft.SecurityInsights/', '')]",
                      "properties": {
                        "description": "'This rule identifies a possible port scan, in which a single source tries to access a large number of different ports is a short time frame. This may indicate that a [port scanner](https://en.wikipedia.org/wiki/Port_scanner) is trying to identify open ports in order to penetrate a system.<br><br>\nThis analytic rule uses [ASIM](https://aka.ms/AboutASIM) and supports any built-in or custom source that supports the ASIM NetworkSession schema'\n",
                        "contentId": "1da9853f-3dea-4ea9-b7e5-26730da3d537",
                        "version": "1.0.2",
                        "source": {
                          "kind": "Community"
                        },
                        "threatAnalysisTactics": [
                          "Discovery"
                        ],
                        "threatAnalyticsTechniques": [
                          "T1046"
                        ],
                        "parentId": "1da9853f-3dea-4ea9-b7e5-26730da3d537",
                        "kind": "AnalyticsRule",
                        "dependencies": {
                          "operator": "AND",
                          "criteria": [
                            {
                              "contentId": "AWSVPCFlow",
                              "kind": "DataType"
                            },
                            {
                              "contentId": "WindowsEvent",
                              "kind": "DataType"
                            },
                            {
                              "contentId": "DeviceNetworkEvents",
                              "kind": "DataType"
                            },
                            {
                              "contentId": "SecurityEvent",
                              "kind": "DataType"
                            },
                            {
                              "contentId": "CommonSecurityLog",
                              "kind": "DataType"
                            },
                            {
                              "contentId": "Syslog",
                              "kind": "DataType"
                            },
                            {
                              "contentId": "CommonSecurityLog",
                              "kind": "DataType"
                            },
                            {
                              "contentId": "AzureDiagnostics",
                              "kind": "DataType"
                            },
                            {
                              "contentId": "CommonSecurityLog",
                              "kind": "DataType"
                            },
                            {
                              "contentId": "VMConnection",
                              "kind": "DataType"
                            },
                            {
                              "contentId": "VectraStream_CL",
                              "kind": "DataType"
                            }
                          ]
                        }
                      }
                    }
                  ]
                }
              }
            }
          ]
        },
        "contentId": "1da9853f-3dea-4ea9-b7e5-26730da3d537",
        "dependencies": {
          "operator": "AND",
          "criteria": [
            {
              "contentId": "1da9853f-3dea-4ea9-b7e5-26730da3d537",
              "kind": "AnalyticsRule"
            }
          ]
        },
        "description": "'This rule identifies a possible port scan, in which a single source tries to access a large number of different ports is a short time frame. This may indicate that a [port scanner](https://en.wikipedia.org/wiki/Port_scanner) is trying to identify open ports in order to penetrate a system.<br><br>\nThis analytic rule uses [ASIM](https://aka.ms/AboutASIM) and supports any built-in or custom source that supports the ASIM NetworkSession schema'\n",
        "displayName": "Port scan detected  (ASIM Network Session schema)",
        "source": {
          "kind": "Community"
        },
        "threatAnalysisTactics": [
          "Discovery"
        ],
        "threatAnalyticsTechniques": [
          "T1046"
        ],
        "version": "1.0.2"
      },
      "name": "[concat(parameters('workspace'),'/Microsoft.SecurityInsights/', '1da9853f-3dea-4ea9-b7e5-26730da3d537')]"
    }
  ]
}