{
  "$schema": "https://schema.management.azure.com/schemas/2019-04-01/deploymentTemplate.json#",
  "parameters": {
    "location": {
      "type": "string",
      "minLength": 1,
      "defaultValue": "[resourceGroup().location]",
      "metadata": {
        "description": "Not used, but needed to pass arm-ttk test `Location-Should-Not-Be-Hardcoded`.  We instead use the `workspace-location` which is derived from the LA workspace"
      }
    },
    "workspace-location": {
      "type": "string",
      "defaultValue": "",
      "metadata": {
        "description": "[concat('Region to deploy solution resources -- separate from location selection',parameters('location'))]"
      }
    },
    "workspace": {
      "defaultValue": "",
      "type": "string",
      "metadata": {
        "description": "Workspace name for Log Analytics where Microsoft Sentinel is setup"
      }
    }
  },
  "variables": {},
  "resources": [
    {
      "type": "Microsoft.OperationalInsights/workspaces/providers/packages",
      "location": "[parameters('workspace-location')]",
      "apiVersion": "2022-08-01",
      "properties": {
        "packageKind": "Standalone",
        "packageItems": {
          "resources": [
            {
              "type": "Microsoft.OperationalInsights/workspaces/providers/contentTemplates",
              "name": "[concat(parameters('workspace'),'/Microsoft.SecurityInsights/', '078a6526-e94e-4cf1-a08e-83bc0186479f')]",
              "location": "[parameters('workspace-location')]",
              "kind": "shared",
              "apiVersion": "2022-08-01",
              "properties": {
                "contentId": "078a6526-e94e-4cf1-a08e-83bc0186479f",
                "displayName": "Anomalous AAD Account Manipulation",
                "contentKind": "HuntingQuery",
                "mainTemplate": {
                  "$schema": "https://schema.management.azure.com/schemas/2019-04-01/deploymentTemplate.json#",
                  "contentVersion": "1.0.0",
                  "resources": [
                    {
                      "type": "Microsoft.OperationalInsights/savedSearches",
                      "apiVersion": "2020-08-01",
                      "name": "078a6526-e94e-4cf1-a08e-83bc0186479f",
                      "location": "[parameters('workspace-location')]",
                      "properties": {
                        "eTag": "*",
                        "displayName": "Anomalous AAD Account Manipulation",
                        "category": "Hunting Queries",
                        "query": null,
                        "version": 2,
                        "tags": [
                          {
                            "name": "description",
                            "value": "'As part of content migration, this file is moved to new location. You can find here https://githubusercontent.com/Azure/Azure-Sentinel/blob/master/Solutions/UEBA%20Essentials/Hunting%20Queries/Anomalous%20AAD%20Account%20Manipulation.yaml'\n"
                          }
                        ]
                      }
                    },
                    {
                      "type": "Microsoft.OperationalInsights/workspaces/providers/metadata",
                      "apiVersion": "2021-03-01-preview",
                      "name": "[concat(parameters('workspace'),'/Microsoft.SecurityInsights/',concat('huntingQuery-', '078a6526-e94e-4cf1-a08e-83bc0186479f'))]",
                      "properties": {
                        "description": "'As part of content migration, this file is moved to new location. You can find here https://githubusercontent.com/Azure/Azure-Sentinel/blob/master/Solutions/UEBA%20Essentials/Hunting%20Queries/Anomalous%20AAD%20Account%20Manipulation.yaml'\n",
                        "version": "1.0.0",
                        "source": {
                          "kind": "Community"
                        },
                        "contentId": "078a6526-e94e-4cf1-a08e-83bc0186479f",
                        "parentId": "078a6526-e94e-4cf1-a08e-83bc0186479f",
                        "kind": "HuntingQuery"
                      }
                    }
                  ]
                }
              }
            }
          ]
        },
        "dependencies": {
          "operator": "AND",
          "criteria": [
            {
              "contentId": "078a6526-e94e-4cf1-a08e-83bc0186479f",
              "kind": "HuntingQuery"
            }
          ]
        },
        "description": "'As part of content migration, this file is moved to new location. You can find here https://githubusercontent.com/Azure/Azure-Sentinel/blob/master/Solutions/UEBA%20Essentials/Hunting%20Queries/Anomalous%20AAD%20Account%20Manipulation.yaml'\n",
        "displayName": "Anomalous AAD Account Manipulation",
        "packageId": "078a6526-e94e-4cf1-a08e-83bc0186479f",
        "source": {
          "kind": "Community"
        },
        "version": "1.0.0"
      },
      "name": "[concat(parameters('workspace'),'/Microsoft.SecurityInsights/', '078a6526-e94e-4cf1-a08e-83bc0186479f')]"
    }
  ]
}