{
  "$schema": "https://schema.management.azure.com/schemas/2019-04-01/deploymentTemplate.json#",
  "parameters": {
    "location": {
      "type": "string",
      "minLength": 1,
      "defaultValue": "[resourceGroup().location]",
      "metadata": {
        "description": "Not used, but needed to pass arm-ttk test `Location-Should-Not-Be-Hardcoded`.  We instead use the `workspace-location` which is derived from the LA workspace"
      }
    },
    "workspace-location": {
      "type": "string",
      "defaultValue": "",
      "metadata": {
        "description": "[concat('Region to deploy solution resources -- separate from location selection',parameters('location'))]"
      }
    },
    "workspace": {
      "defaultValue": "",
      "type": "string",
      "metadata": {
        "description": "Workspace name for Log Analytics where Microsoft Sentinel is setup"
      }
    }
  },
  "variables": {},
  "resources": [
    {
      "type": "Microsoft.OperationalInsights/workspaces/providers/packages",
      "location": "[parameters('workspace-location')]",
      "apiVersion": "2022-08-01",
      "properties": {
        "packageKind": "Standalone",
        "packageItems": {
          "resources": [
            {
              "type": "Microsoft.OperationalInsights/workspaces/providers/contentTemplates",
              "name": "[concat(parameters('workspace'),'/Microsoft.SecurityInsights/', '1d8393fe-e363-40c1-8efb-66cf1ad68a05')]",
              "location": "[parameters('workspace-location')]",
              "kind": "shared",
              "apiVersion": "2022-08-01",
              "properties": {
                "contentId": "1d8393fe-e363-40c1-8efb-66cf1ad68a05",
                "displayName": "IcedId email delivery",
                "contentKind": "HuntingQuery",
                "mainTemplate": {
                  "$schema": "https://schema.management.azure.com/schemas/2019-04-01/deploymentTemplate.json#",
                  "contentVersion": "1.0.0",
                  "resources": [
                    {
                      "type": "Microsoft.OperationalInsights/savedSearches",
                      "apiVersion": "2020-08-01",
                      "name": "1d8393fe-e363-40c1-8efb-66cf1ad68a05",
                      "location": "[parameters('workspace-location')]",
                      "properties": {
                        "eTag": "*",
                        "displayName": "IcedId email delivery",
                        "category": "Hunting Queries",
                        "query": "EmailUrlInfo \n| where Url matches regex @\"\\bsites\\.google\\.com\\/view\\/(?:id)?\\d{9,}\\b\" \n| join EmailEvents on NetworkMessageId // Note: Replace the following subject lines with the one generated by your website's Contact submission form if no results return initially \n| where Subject has_any('Contact Us', 'New Submission', 'Contact Form', 'Form submission')\n",
                        "version": 2,
                        "tags": [
                          {
                            "name": "description",
                            "value": "Use this query to locate emails and malicious downloads related to the IcedId activity that can lead to ransomware\n"
                          },
                          {
                            "name": "tactics",
                            "value": "Initial access,Ransomware"
                          }
                        ]
                      }
                    },
                    {
                      "type": "Microsoft.OperationalInsights/workspaces/providers/metadata",
                      "apiVersion": "2021-03-01-preview",
                      "name": "[concat(parameters('workspace'),'/Microsoft.SecurityInsights/',concat('huntingQuery-', '1d8393fe-e363-40c1-8efb-66cf1ad68a05'))]",
                      "properties": {
                        "description": "Use this query to locate emails and malicious downloads related to the IcedId activity that can lead to ransomware\n",
                        "version": "1.0.0",
                        "source": {
                          "kind": "Community"
                        },
                        "threatAnalysisTactics": [
                          "Initial access",
                          "Ransomware"
                        ],
                        "contentId": "1d8393fe-e363-40c1-8efb-66cf1ad68a05",
                        "parentId": "1d8393fe-e363-40c1-8efb-66cf1ad68a05",
                        "kind": "HuntingQuery",
                        "dependencies": {
                          "operator": "AND",
                          "criteria": [
                            {
                              "contentId": "EmailUrlInfo",
                              "kind": "DataType"
                            },
                            {
                              "contentId": "EmailEvents",
                              "kind": "DataType"
                            }
                          ]
                        }
                      }
                    }
                  ]
                }
              }
            }
          ]
        },
        "dependencies": {
          "operator": "AND",
          "criteria": [
            {
              "contentId": "1d8393fe-e363-40c1-8efb-66cf1ad68a05",
              "kind": "HuntingQuery"
            }
          ]
        },
        "description": "Use this query to locate emails and malicious downloads related to the IcedId activity that can lead to ransomware\n",
        "displayName": "IcedId email delivery",
        "packageId": "1d8393fe-e363-40c1-8efb-66cf1ad68a05",
        "source": {
          "kind": "Community"
        },
        "threatAnalysisTactics": [
          "Initial access",
          "Ransomware"
        ],
        "version": "1.0.0"
      },
      "name": "[concat(parameters('workspace'),'/Microsoft.SecurityInsights/', '1d8393fe-e363-40c1-8efb-66cf1ad68a05')]"
    }
  ]
}