{
  "$schema": "https://schema.management.azure.com/schemas/2019-04-01/deploymentTemplate.json#",
  "parameters": {
    "location": {
      "type": "string",
      "minLength": 1,
      "defaultValue": "[resourceGroup().location]",
      "metadata": {
        "description": "Not used, but needed to pass arm-ttk test `Location-Should-Not-Be-Hardcoded`.  We instead use the `workspace-location` which is derived from the LA workspace"
      }
    },
    "workspace-location": {
      "type": "string",
      "defaultValue": "",
      "metadata": {
        "description": "[concat('Region to deploy solution resources -- separate from location selection',parameters('location'))]"
      }
    },
    "workspace": {
      "defaultValue": "",
      "type": "string",
      "metadata": {
        "description": "Workspace name for Log Analytics where Microsoft Sentinel is setup"
      }
    }
  },
  "variables": {},
  "resources": [
    {
      "type": "Microsoft.OperationalInsights/workspaces/providers/packages",
      "location": "[parameters('workspace-location')]",
      "apiVersion": "2022-08-01",
      "properties": {
        "packageKind": "Standalone",
        "packageItems": {
          "resources": [
            {
              "type": "Microsoft.OperationalInsights/workspaces/providers/contentTemplates",
              "name": "[concat(parameters('workspace'),'/Microsoft.SecurityInsights/', '20f3eec2-63e5-459c-aa61-64996ee2971d')]",
              "location": "[parameters('workspace-location')]",
              "kind": "shared",
              "apiVersion": "2022-08-01",
              "properties": {
                "contentId": "20f3eec2-63e5-459c-aa61-64996ee2971d",
                "displayName": "File footprint",
                "contentKind": "HuntingQuery",
                "mainTemplate": {
                  "$schema": "https://schema.management.azure.com/schemas/2019-04-01/deploymentTemplate.json#",
                  "contentVersion": "1.0.0",
                  "resources": [
                    {
                      "type": "Microsoft.OperationalInsights/savedSearches",
                      "apiVersion": "2020-08-01",
                      "name": "20f3eec2-63e5-459c-aa61-64996ee2971d",
                      "location": "[parameters('workspace-location')]",
                      "properties": {
                        "eTag": "*",
                        "displayName": "File footprint",
                        "category": "Hunting Queries",
                        "query": "let fileHash = \"e152f7ce2d3a4349ac583580c2caf8f72fac16ba\";\nfind in (DeviceFileEvents, DeviceProcessEvents, DeviceEvents, DeviceRegistryEvents, DeviceNetworkEvents, DeviceImageLoadEvents)\nwhere SHA1 == fileHash or InitiatingProcessSHA1 == fileHash\nproject DeviceName, ActionType, FileName, InitiatingProcessFileName, Timestamp, SHA1, InitiatingProcessSHA1\n| project DeviceName, ActionType, Timestamp, \n          FileName = iff(SHA1 == fileHash, FileName, InitiatingProcessFileName),\n          MatchedSide=iff(SHA1 == fileHash, iff(InitiatingProcessSHA1 == fileHash, \"Both\", \"Child\"), \"Parent\")\n| summarize makeset(ActionType), FirstTimestamp=min(Timestamp), (LastTimestamp, LastActionType)=arg_max(Timestamp, ActionType) by FileName, MatchedSide, DeviceName\n| top 1000 by LastTimestamp desc\n| sort by DeviceName, LastTimestamp desc\n",
                        "version": 2,
                        "tags": [
                          {
                            "name": "description",
                            "value": "Query #1 - Find the machines on which this file was seen.\nTODO - set file hash to be a SHA1 hash of your choice...\n"
                          }
                        ]
                      }
                    },
                    {
                      "type": "Microsoft.OperationalInsights/workspaces/providers/metadata",
                      "apiVersion": "2021-03-01-preview",
                      "name": "[concat(parameters('workspace'),'/Microsoft.SecurityInsights/',concat('huntingQuery-', '20f3eec2-63e5-459c-aa61-64996ee2971d'))]",
                      "properties": {
                        "description": "Query #1 - Find the machines on which this file was seen.\nTODO - set file hash to be a SHA1 hash of your choice...\n",
                        "version": "1.0.0",
                        "source": {
                          "kind": "Community"
                        },
                        "contentId": "20f3eec2-63e5-459c-aa61-64996ee2971d",
                        "parentId": "20f3eec2-63e5-459c-aa61-64996ee2971d",
                        "kind": "HuntingQuery",
                        "dependencies": {
                          "operator": "AND",
                          "criteria": [
                            {
                              "contentId": "DeviceFileEvents",
                              "kind": "DataType"
                            },
                            {
                              "contentId": "DeviceProcessEvents",
                              "kind": "DataType"
                            },
                            {
                              "contentId": "DeviceEvents",
                              "kind": "DataType"
                            },
                            {
                              "contentId": "DeviceRegistryEvents",
                              "kind": "DataType"
                            },
                            {
                              "contentId": "DeviceNetworkEvents",
                              "kind": "DataType"
                            },
                            {
                              "contentId": "DeviceImageLoadEvents",
                              "kind": "DataType"
                            }
                          ]
                        }
                      }
                    }
                  ]
                }
              }
            }
          ]
        },
        "dependencies": {
          "operator": "AND",
          "criteria": [
            {
              "contentId": "20f3eec2-63e5-459c-aa61-64996ee2971d",
              "kind": "HuntingQuery"
            }
          ]
        },
        "description": "Query #1 - Find the machines on which this file was seen.\nTODO - set file hash to be a SHA1 hash of your choice...\n",
        "displayName": "File footprint",
        "packageId": "20f3eec2-63e5-459c-aa61-64996ee2971d",
        "source": {
          "kind": "Community"
        },
        "version": "1.0.0"
      },
      "name": "[concat(parameters('workspace'),'/Microsoft.SecurityInsights/', '20f3eec2-63e5-459c-aa61-64996ee2971d')]"
    }
  ]
}