{
  "$schema": "https://schema.management.azure.com/schemas/2019-04-01/deploymentTemplate.json#",
  "contentVersion": "1.0.0.0",
  "parameters": {
    "location": {
      "type": "string",
      "minLength": 1,
      "defaultValue": "[resourceGroup().location]",
      "metadata": {
        "description": "Not used, but needed to pass arm-ttk test `Location-Should-Not-Be-Hardcoded`.  We instead use the `workspace-location` which is derived from the LA workspace"
      }
    },
    "workspace-location": {
      "type": "string",
      "defaultValue": "",
      "metadata": {
        "description": "[concat('Region to deploy solution resources -- separate from location selection',parameters('location'))]"
      }
    },
    "workspace": {
      "defaultValue": "",
      "type": "string",
      "metadata": {
        "description": "Workspace name for Log Analytics where Microsoft Sentinel is setup"
      }
    }
  },
  "variables": {},
  "resources": [
    {
      "type": "Microsoft.OperationalInsights/workspaces/providers/packages",
      "location": "[parameters('workspace-location')]",
      "apiVersion": "2022-08-01",
      "properties": {
        "packageKind": "Standalone",
        "packageItems": {
          "resources": [
            {
              "type": "Microsoft.OperationalInsights/workspaces/providers/contentTemplates",
              "name": "[concat(parameters('workspace'),'/Microsoft.SecurityInsights/', '1ef38d9a-7d3e-4313-a961-169bb23ff270')]",
              "location": "[parameters('workspace-location')]",
              "kind": "shared",
              "apiVersion": "2022-08-01",
              "properties": {
                "contentId": "1ef38d9a-7d3e-4313-a961-169bb23ff270",
                "displayName": "qakbot-campaign-suspicious-javascript",
                "contentKind": "HuntingQuery",
                "mainTemplate": {
                  "$schema": "https://schema.management.azure.com/schemas/2019-04-01/deploymentTemplate.json#",
                  "contentVersion": "1.0.0",
                  "resources": [
                    {
                      "type": "Microsoft.OperationalInsights/savedSearches",
                      "apiVersion": "2020-08-01",
                      "name": "1ef38d9a-7d3e-4313-a961-169bb23ff270",
                      "location": "[parameters('workspace-location')]",
                      "properties": {
                        "eTag": "*",
                        "displayName": "qakbot-campaign-suspicious-javascript",
                        "category": "Hunting Queries",
                        "query": "DeviceProcessEvents\n| where InitiatingProcessFileName == \"cmd.exe\"\n| where FileName == \"cscript.exe\"\n| where InitiatingProcessCommandLine has \"start /MIN\"\n| where ProcessCommandLine has \"E:javascript\"\n| project ProcessCommandLine, \nInitiatingProcessCommandLine, DeviceId, Timestamp\n",
                        "version": 2,
                        "tags": [
                          {
                            "name": "description",
                            "value": "This query was originally published in the threat analytics report, Qakbot blight lingers, seeds ransomware\nQakbot is malware that steals login credentials from banking and financial services. It has been deployed against small businesses as well as major corporations. Some outbreaks have involved targeted ransomware campaigns that use a similar set of techniques. Links to related queries are listed under See also.\nThe following query detects possible attempts by Qakbot to execute malicious Javascript code.\nReference - https://www.microsoft.com/security/blog/2017/11/06/mitigating-and-eliminating-info-stealing-qakbot-and-emotet-in-corporate-networks/\n"
                          },
                          {
                            "name": "tactics",
                            "value": "Execution"
                          }
                        ]
                      }
                    },
                    {
                      "type": "Microsoft.OperationalInsights/workspaces/providers/metadata",
                      "apiVersion": "2021-03-01-preview",
                      "name": "[concat(parameters('workspace'),'/Microsoft.SecurityInsights/',concat('huntingQuery-', '1ef38d9a-7d3e-4313-a961-169bb23ff270'))]",
                      "properties": {
                        "description": "This query was originally published in the threat analytics report, Qakbot blight lingers, seeds ransomware\nQakbot is malware that steals login credentials from banking and financial services. It has been deployed against small businesses as well as major corporations. Some outbreaks have involved targeted ransomware campaigns that use a similar set of techniques. Links to related queries are listed under See also.\nThe following query detects possible attempts by Qakbot to execute malicious Javascript code.\nReference - https://www.microsoft.com/security/blog/2017/11/06/mitigating-and-eliminating-info-stealing-qakbot-and-emotet-in-corporate-networks/\n",
                        "version": "1.0.0",
                        "author": {
                          "name": "Community"
                        },
                        "support": {
                          "name": "Community",
                          "link": "https://github.com/Azure/Azure-Sentinel/issues",
                          "tier": "Community"
                        },
                        "source": {
                          "kind": "Community",
                          "name": "Standalone"
                        },
                        "threatAnalysisTactics": [
                          "Execution"
                        ],
                        "contentId": "1ef38d9a-7d3e-4313-a961-169bb23ff270",
                        "parentId": "1ef38d9a-7d3e-4313-a961-169bb23ff270",
                        "kind": "HuntingQuery",
                        "dependencies": {
                          "operator": "AND",
                          "criteria": [
                            {
                              "contentId": "DeviceProcessEvents",
                              "kind": "DataType"
                            }
                          ]
                        }
                      }
                    }
                  ]
                }
              }
            }
          ]
        },
        "author": {
          "name": "Community"
        },
        "dependencies": {
          "operator": "AND",
          "criteria": [
            {
              "contentId": "1ef38d9a-7d3e-4313-a961-169bb23ff270",
              "kind": "HuntingQuery"
            }
          ]
        },
        "description": "This query was originally published in the threat analytics report, Qakbot blight lingers, seeds ransomware\nQakbot is malware that steals login credentials from banking and financial services. It has been deployed against small businesses as well as major corporations. Some outbreaks have involved targeted ransomware campaigns that use a similar set of techniques. Links to related queries are listed under See also.\nThe following query detects possible attempts by Qakbot to execute malicious Javascript code.\nReference - https://www.microsoft.com/security/blog/2017/11/06/mitigating-and-eliminating-info-stealing-qakbot-and-emotet-in-corporate-networks/\n",
        "displayName": "qakbot-campaign-suspicious-javascript",
        "packageId": "1ef38d9a-7d3e-4313-a961-169bb23ff270",
        "source": {
          "kind": "Community",
          "name": "Standalone"
        },
        "support": {
          "name": "Community",
          "link": "https://github.com/Azure/Azure-Sentinel/issues",
          "tier": "Community"
        },
        "threatAnalysisTactics": [
          "Execution"
        ],
        "version": "1.0.0"
      },
      "name": "1ef38d9a-7d3e-4313-a961-169bb23ff270"
    }
  ]
}