{
  "$schema": "https://schema.management.azure.com/schemas/2019-04-01/deploymentTemplate.json#",
  "parameters": {
    "location": {
      "type": "string",
      "minLength": 1,
      "defaultValue": "[resourceGroup().location]",
      "metadata": {
        "description": "Not used, but needed to pass arm-ttk test `Location-Should-Not-Be-Hardcoded`.  We instead use the `workspace-location` which is derived from the LA workspace"
      }
    },
    "workspace-location": {
      "type": "string",
      "defaultValue": "",
      "metadata": {
        "description": "[concat('Region to deploy solution resources -- separate from location selection',parameters('location'))]"
      }
    },
    "workspace": {
      "defaultValue": "",
      "type": "string",
      "metadata": {
        "description": "Workspace name for Log Analytics where Microsoft Sentinel is setup"
      }
    }
  },
  "variables": {},
  "resources": [
    {
      "type": "Microsoft.OperationalInsights/workspaces/providers/packages",
      "location": "[parameters('workspace-location')]",
      "apiVersion": "2022-08-01",
      "properties": {
        "packageKind": "Standalone",
        "packageItems": {
          "resources": [
            {
              "type": "Microsoft.OperationalInsights/workspaces/providers/contentTemplates",
              "name": "[concat(parameters('workspace'),'/Microsoft.SecurityInsights/', '7d6d8a8e-b08a-4082-8dbb-d7fd2cbbc35e')]",
              "location": "[parameters('workspace-location')]",
              "apiVersion": "2022-08-01",
              "properties": {
                "contentId": "7d6d8a8e-b08a-4082-8dbb-d7fd2cbbc35e",
                "displayName": "HAFNIUM UM Service writing suspicious file",
                "contentKind": "AnalyticsRule",
                "mainTemplate": {
                  "$schema": "https://schema.management.azure.com/schemas/2019-04-01/deploymentTemplate.json#",
                  "contentVersion": "1.2.1",
                  "resources": [
                    {
                      "type": "Microsoft.OperationalInsights/workspaces/providers/alertRules",
                      "apiVersion": "2022-04-01-preview",
                      "name": "[concat(parameters('workspace'),'/Microsoft.SecurityInsights/', '' )]",
                      "kind": "Scheduled",
                      "location": "[parameters('workspace-location')]",
                      "properties": {
                        "description": "This query looks for the Exchange server UM process writing suspicious files that may be indicative of webshells.\nReference: https://www.microsoft.com/security/blog/2021/03/02/hafnium-targeting-exchange-servers/",
                        "displayName": "HAFNIUM UM Service writing suspicious file",
                        "enabled": false,
                        "query": "let scriptExtensions = dynamic([\".php\", \".jsp\", \".js\", \".aspx\", \".asmx\", \".asax\", \".cfm\", \".shtml\"]);\nunion isfuzzy=true\n(SecurityEvent\n| where EventID == 4663\n| where Process has_any (\"umworkerprocess.exe\", \"UMService.exe\")\n| where ObjectName has_any (scriptExtensions)\n| where AccessMask in ('0x2','0x100', '0x10', '0x4')\n| extend timestamp = TimeGenerated, AccountCustomEntity = Account, HostCustomEntity = Computer, IPCustomEntity = IpAddress\n),\n  (WindowsEvent\n| where EventID == 4663 and EventData has_any (\"umworkerprocess.exe\", \"UMService.exe\") and EventData has_any (scriptExtensions) \n| where EventData has_any ('0x2','0x100', '0x10', '0x4')\n| extend NewProcessName = tostring(EventData.NewProcessName)\n| extend Process=tostring(split(NewProcessName, '\\\\')[-1])\n| where Process has_any (\"umworkerprocess.exe\", \"UMService.exe\")\n| extend ObjectName = tostring(EventData.ObjectName)\n| where ObjectName has_any (scriptExtensions)\n| extend AccessMask = tostring(EventData.AccessMask)\n| where AccessMask in ('0x2','0x100', '0x10', '0x4')\n| extend Account = strcat(EventData.SubjectDomainName,\"\\\\\", EventData.SubjectUserName)\n| extend IpAddress = tostring(EventData.IpAddress)\n| extend timestamp = TimeGenerated, AccountCustomEntity = Account, HostCustomEntity = Computer, IPCustomEntity = IpAddress\n),\n(imFileEvent\n| where EventType == \"FileCreated\"\n| where ActingProcessName has_any (\"umworkerprocess.exe\", \"UMService.exe\")\n  and\n  TargetFileName has_any (scriptExtensions)\n| extend timestamp = TimeGenerated, AccountCustomEntity = ActorUsername, HostCustomEntity = DvcHostname\n),\n(DeviceFileEvents\n| where ActionType =~ \"FileCreated\"\n| where InitiatingProcessFileName has_any (\"umworkerprocess.exe\", \"UMService.exe\")\n| where FileName has_any(scriptExtensions)\n| extend timestamp = TimeGenerated, AccountCustomEntity = InitiatingProcessAccountUpn, HostCustomEntity = DeviceName, IPCustomEntity = RequestSourceIP)\n",
                        "queryFrequency": "P1D",
                        "queryPeriod": "P1D",
                        "severity": "High",
                        "suppressionDuration": "PT1H",
                        "suppressionEnabled": false,
                        "triggerOperator": "GreaterThan",
                        "triggerThreshold": 0,
                        "tactics": [
                          "InitialAccess"
                        ],
                        "entityMappings": [
                          {
                            "entityType": "Account",
                            "fieldMappings": [
                              {
                                "columnName": "InitiatingProcessAccountUpn",
                                "identifier": "FullName"
                              }
                            ]
                          },
                          {
                            "entityType": "Account",
                            "fieldMappings": [
                              {
                                "columnName": "AccountCustomEntity",
                                "identifier": "FullName"
                              }
                            ]
                          },
                          {
                            "entityType": "Host",
                            "fieldMappings": [
                              {
                                "columnName": "HostCustomEntity",
                                "identifier": "FullName"
                              }
                            ]
                          },
                          {
                            "entityType": "Host",
                            "fieldMappings": [
                              {
                                "columnName": "DeviceName",
                                "identifier": "FullName"
                              }
                            ]
                          },
                          {
                            "entityType": "IP",
                            "fieldMappings": [
                              {
                                "columnName": "IPCustomEntity",
                                "identifier": "Address"
                              }
                            ]
                          }
                        ]
                      }
                    },
                    {
                      "type": "Microsoft.OperationalInsights/workspaces/providers/metadata",
                      "apiVersion": "2021-03-01-preview",
                      "name": "[concat(parameters('workspace'),'/Microsoft.SecurityInsights/', '')]",
                      "properties": {
                        "description": "'This query looks for the Exchange server UM process writing suspicious files that may be indicative of webshells.\nReference: https://www.microsoft.com/security/blog/2021/03/02/hafnium-targeting-exchange-servers/'\n",
                        "version": "1.2.1",
                        "source": {
                          "kind": "Community"
                        },
                        "threatAnalysisTactics": [
                          "InitialAccess"
                        ],
                        "threatAnalyticsTechniques": [
                          "T1190"
                        ],
                        "contentId": "7d6d8a8e-b08a-4082-8dbb-d7fd2cbbc35e",
                        "parentId": "7d6d8a8e-b08a-4082-8dbb-d7fd2cbbc35e",
                        "kind": "AnalyticsRule",
                        "dependencies": {
                          "operator": "AND",
                          "criteria": [
                            {
                              "contentId": "SecurityEvent",
                              "kind": "DataType"
                            },
                            {
                              "contentId": "DeviceFileEvents",
                              "kind": "DataType"
                            },
                            {
                              "contentId": "SecurityEvents",
                              "kind": "DataType"
                            },
                            {
                              "contentId": "WindowsEvent",
                              "kind": "DataType"
                            }
                          ]
                        }
                      }
                    }
                  ]
                }
              }
            }
          ]
        },
        "dependencies": {
          "operator": "AND",
          "criteria": [
            {
              "contentId": "7d6d8a8e-b08a-4082-8dbb-d7fd2cbbc35e",
              "kind": "AnalyticsRule"
            }
          ]
        },
        "description": "'This query looks for the Exchange server UM process writing suspicious files that may be indicative of webshells.\nReference: https://www.microsoft.com/security/blog/2021/03/02/hafnium-targeting-exchange-servers/'\n",
        "displayName": "HAFNIUM UM Service writing suspicious file",
        "packageId": "7d6d8a8e-b08a-4082-8dbb-d7fd2cbbc35e",
        "source": {
          "kind": "Community"
        },
        "threatAnalysisTactics": [
          "InitialAccess"
        ],
        "threatAnalyticsTechniques": [
          "T1190"
        ],
        "version": "1.2.1"
      },
      "name": "[concat(parameters('workspace'),'/Microsoft.SecurityInsights/', '7d6d8a8e-b08a-4082-8dbb-d7fd2cbbc35e')]"
    }
  ]
}