{
  "$schema": "https://schema.management.azure.com/schemas/2019-04-01/deploymentTemplate.json#",
  "parameters": {
    "location": {
      "type": "string",
      "minLength": 1,
      "defaultValue": "[resourceGroup().location]",
      "metadata": {
        "description": "Not used, but needed to pass arm-ttk test `Location-Should-Not-Be-Hardcoded`.  We instead use the `workspace-location` which is derived from the LA workspace"
      }
    },
    "workspace-location": {
      "type": "string",
      "defaultValue": "",
      "metadata": {
        "description": "[concat('Region to deploy solution resources -- separate from location selection',parameters('location'))]"
      }
    },
    "workspace": {
      "defaultValue": "",
      "type": "string",
      "metadata": {
        "description": "Workspace name for Log Analytics where Microsoft Sentinel is setup"
      }
    }
  },
  "variables": {},
  "resources": [
    {
      "type": "Microsoft.OperationalInsights/workspaces/providers/packages",
      "location": "[parameters('workspace-location')]",
      "apiVersion": "2022-08-01",
      "properties": {
        "packageKind": "Standalone",
        "packageItems": {
          "resources": [
            {
              "type": "Microsoft.OperationalInsights/workspaces/providers/contentTemplates",
              "name": "[concat(parameters('workspace'),'/Microsoft.SecurityInsights/', '18e6a87e-9d06-4a4e-8b59-3469cd49552d')]",
              "location": "[parameters('workspace-location')]",
              "apiVersion": "2022-08-01",
              "properties": {
                "contentId": "18e6a87e-9d06-4a4e-8b59-3469cd49552d",
                "displayName": "ADFS DKM Master Key Export",
                "contentKind": "AnalyticsRule",
                "mainTemplate": {
                  "$schema": "https://schema.management.azure.com/schemas/2019-04-01/deploymentTemplate.json#",
                  "contentVersion": "1.1.1",
                  "resources": [
                    {
                      "type": "Microsoft.OperationalInsights/workspaces/providers/alertRules",
                      "apiVersion": "2022-04-01-preview",
                      "name": "[concat(parameters('workspace'),'/Microsoft.SecurityInsights/', '' )]",
                      "kind": "Scheduled",
                      "location": "[parameters('workspace-location')]",
                      "properties": {
                        "description": "Identifies an export of the ADFS DKM Master Key from Active Directory.\nReferences: https://blogs.microsoft.com/on-the-issues/2020/12/13/customers-protect-nation-state-cyberattacks/, \nhttps://www.fireeye.com/blog/threat-research/2020/12/evasive-attacker-leverages-solarwinds-supply-chain-compromises-with-sunburst-backdoor.html?1\nTo understand further the details behind this detection, please review the details in the original PR and subequent PR update to this:\nhttps://github.com/Azure/Azure-Sentinel/pull/1562#issue-551542469\nhttps://github.com/Azure/Azure-Sentinel/pull/1512#issue-543053339\n",
                        "displayName": "ADFS DKM Master Key Export",
                        "enabled": false,
                        "query": "(union isfuzzy=true \n(SecurityEvent \n| where EventID == 4662 // You need to create a SACL on the ADFS Policy Store DKM group for this event to be created. \n| where ObjectServer == 'DS'\n| where OperationType == 'Object Access'\n//| where ObjectName contains '<GUID of ADFS Policy Store DKM Group object' This is unique to the domain. Check description for more details.\n| where ObjectType contains '5cb41ed0-0e4c-11d0-a286-00aa003049e2' // Contact Class\n| where Properties contains '8d3bca50-1d7e-11d0-a081-00aa006c33ed' // Picture Attribute - Ldap-Display-Name: thumbnailPhoto\n| extend timestamp = TimeGenerated, HostCustomEntity = Computer, AccountCustomEntity = SubjectAccount\n),\n( WindowsEvent \n| where EventID == 4662 // You need to create a SACL on the ADFS Policy Store DKM group for this event to be created. \n| where EventData has_all('Object Access', '5cb41ed0-0e4c-11d0-a286-00aa003049e2','8d3bca50-1d7e-11d0-a081-00aa006c33ed') \n| extend ObjectServer = tostring(EventData.ObjectServer)\n| where ObjectServer == 'DS'\n| extend OperationType = tostring(EventData.OperationType)\n| where OperationType == 'Object Access'\n//| where ObjectName contains '<GUID of ADFS Policy Store DKM Group object' This is unique to the domain. Check description for more details.\n| extend ObjectType = tostring(EventData.ObjectType)\n| where ObjectType contains '5cb41ed0-0e4c-11d0-a286-00aa003049e2' // Contact Class\n| extend Properties = tostring(EventData.Properties)\n| where Properties contains '8d3bca50-1d7e-11d0-a081-00aa006c33ed' // Picture Attribute - Ldap-Display-Name: thumbnailPhoto\n| extend SubjectAccount = strcat(tostring(EventData.SubjectDomainName), \"\\\\\", tostring(EventData.SubjectUserName))\n| extend \n    timestamp = TimeGenerated,\n    HostCustomEntity = Computer,\n    AccountCustomEntity = SubjectAccount\n),\n(DeviceEvents\n| where ActionType =~ \"LdapSearch\"\n| where AdditionalFields.AttributeList contains \"thumbnailPhoto\"\n| where AdditionalFields.DistinguishedName contains \"CN=ADFS,CN=Microsoft,CN=Program Data\" // Filter results to show only hits related to the ADFS AD container\n| extend timestamp = TimeGenerated, HostCustomEntity = DeviceName, AccountCustomEntity = InitiatingProcessAccountName\n)\n)\n",
                        "queryFrequency": "P1D",
                        "queryPeriod": "P1D",
                        "severity": "Medium",
                        "suppressionDuration": "PT1H",
                        "suppressionEnabled": false,
                        "triggerOperator": "GreaterThan",
                        "triggerThreshold": 0,
                        "tactics": [
                          "Collection"
                        ],
                        "entityMappings": [
                          {
                            "entityType": "Account",
                            "fieldMappings": [
                              {
                                "columnName": "AccountCustomEntity",
                                "identifier": "FullName"
                              }
                            ]
                          },
                          {
                            "entityType": "Host",
                            "fieldMappings": [
                              {
                                "columnName": "HostCustomEntity",
                                "identifier": "FullName"
                              }
                            ]
                          }
                        ]
                      }
                    },
                    {
                      "type": "Microsoft.OperationalInsights/workspaces/providers/metadata",
                      "apiVersion": "2021-03-01-preview",
                      "name": "[concat(parameters('workspace'),'/Microsoft.SecurityInsights/', '')]",
                      "properties": {
                        "description": "'Identifies an export of the ADFS DKM Master Key from Active Directory.\nReferences: https://blogs.microsoft.com/on-the-issues/2020/12/13/customers-protect-nation-state-cyberattacks/, \nhttps://www.fireeye.com/blog/threat-research/2020/12/evasive-attacker-leverages-solarwinds-supply-chain-compromises-with-sunburst-backdoor.html?1\nTo understand further the details behind this detection, please review the details in the original PR and subequent PR update to this:\nhttps://github.com/Azure/Azure-Sentinel/pull/1562#issue-551542469\nhttps://github.com/Azure/Azure-Sentinel/pull/1512#issue-543053339\n'\n",
                        "version": "1.1.1",
                        "source": {
                          "kind": "Community"
                        },
                        "threatAnalysisTactics": [
                          "Collection"
                        ],
                        "threatAnalyticsTechniques": [
                          "T1005"
                        ],
                        "contentId": "18e6a87e-9d06-4a4e-8b59-3469cd49552d",
                        "parentId": "18e6a87e-9d06-4a4e-8b59-3469cd49552d",
                        "kind": "AnalyticsRule",
                        "dependencies": {
                          "operator": "AND",
                          "criteria": [
                            {
                              "contentId": "SecurityEvents",
                              "kind": "DataType"
                            },
                            {
                              "contentId": "DeviceEvents",
                              "kind": "DataType"
                            },
                            {
                              "contentId": "SecurityEvents",
                              "kind": "DataType"
                            },
                            {
                              "contentId": "WindowsEvent",
                              "kind": "DataType"
                            }
                          ]
                        }
                      }
                    }
                  ]
                }
              }
            }
          ]
        },
        "dependencies": {
          "operator": "AND",
          "criteria": [
            {
              "contentId": "18e6a87e-9d06-4a4e-8b59-3469cd49552d",
              "kind": "AnalyticsRule"
            }
          ]
        },
        "description": "'Identifies an export of the ADFS DKM Master Key from Active Directory.\nReferences: https://blogs.microsoft.com/on-the-issues/2020/12/13/customers-protect-nation-state-cyberattacks/, \nhttps://www.fireeye.com/blog/threat-research/2020/12/evasive-attacker-leverages-solarwinds-supply-chain-compromises-with-sunburst-backdoor.html?1\nTo understand further the details behind this detection, please review the details in the original PR and subequent PR update to this:\nhttps://github.com/Azure/Azure-Sentinel/pull/1562#issue-551542469\nhttps://github.com/Azure/Azure-Sentinel/pull/1512#issue-543053339\n'\n",
        "displayName": "ADFS DKM Master Key Export",
        "packageId": "18e6a87e-9d06-4a4e-8b59-3469cd49552d",
        "source": {
          "kind": "Community"
        },
        "threatAnalysisTactics": [
          "Collection"
        ],
        "threatAnalyticsTechniques": [
          "T1005"
        ],
        "version": "1.1.1"
      },
      "name": "[concat(parameters('workspace'),'/Microsoft.SecurityInsights/', '18e6a87e-9d06-4a4e-8b59-3469cd49552d')]"
    }
  ]
}