{
  "$schema": "https://schema.management.azure.com/schemas/2019-04-01/deploymentTemplate.json#",
  "parameters": {
    "location": {
      "type": "string",
      "minLength": 1,
      "defaultValue": "[resourceGroup().location]",
      "metadata": {
        "description": "Not used, but needed to pass arm-ttk test `Location-Should-Not-Be-Hardcoded`.  We instead use the `workspace-location` which is derived from the LA workspace"
      }
    },
    "workspace-location": {
      "type": "string",
      "defaultValue": "",
      "metadata": {
        "description": "[concat('Region to deploy solution resources -- separate from location selection',parameters('location'))]"
      }
    },
    "workspace": {
      "defaultValue": "",
      "type": "string",
      "metadata": {
        "description": "Workspace name for Log Analytics where Microsoft Sentinel is setup"
      }
    }
  },
  "variables": {},
  "resources": [
    {
      "type": "Microsoft.OperationalInsights/workspaces/providers/packages",
      "location": "[parameters('workspace-location')]",
      "apiVersion": "2022-08-01",
      "properties": {
        "packageKind": "Standalone",
        "packageItems": {
          "resources": [
            {
              "type": "Microsoft.OperationalInsights/workspaces/providers/contentTemplates",
              "name": "[concat(parameters('workspace'),'/Microsoft.SecurityInsights/', 'd2bc08fa-030a-4eea-931a-762d27c6a042')]",
              "location": "[parameters('workspace-location')]",
              "apiVersion": "2022-08-01",
              "properties": {
                "contentId": "d2bc08fa-030a-4eea-931a-762d27c6a042",
                "displayName": "Application Gateway WAF - XSS Detection",
                "contentKind": "AnalyticsRule",
                "mainTemplate": {
                  "$schema": "https://schema.management.azure.com/schemas/2019-04-01/deploymentTemplate.json#",
                  "contentVersion": "1.0.0",
                  "resources": [
                    {
                      "type": "Microsoft.OperationalInsights/workspaces/providers/alertRules",
                      "apiVersion": "2022-04-01-preview",
                      "name": "[concat(parameters('workspace'),'/Microsoft.SecurityInsights/', '' )]",
                      "kind": "Scheduled",
                      "location": "[parameters('workspace-location')]",
                      "properties": {
                        "description": "Identifies a match for XSS attack in the Application gateway WAF logs. The Threshold value in the query can be changed as per your infrastructure's requirement.\n References: https://owasp.org/www-project-top-ten/2017/A7_2017-Cross-Site_Scripting_(XSS)",
                        "displayName": "Application Gateway WAF - XSS Detection",
                        "enabled": false,
                        "query": "let Threshold = 1;  \n AzureDiagnostics\n | where Category == \"ApplicationGatewayFirewallLog\"\n | where action_s == \"Matched\"\n | project transactionId_g, hostname_s, requestUri_s, TimeGenerated, clientIp_s, Message, details_message_s, details_data_s\n | join kind = inner(\n AzureDiagnostics\n | where Category == \"ApplicationGatewayFirewallLog\"\n | where action_s == \"Blocked\"\n | parse Message with MessageText 'Total Inbound Score: ' TotalInboundScore ' - SQLI=' SQLI_Score ',XSS=' XSS_Score ',RFI=' RFI_Score ',LFI=' LFI_Score ',RCE=' RCE_Score ',PHPI=' PHPI_Score ',HTTP=' HTTP_Score ',SESS=' SESS_Score '): ' Blocked_Reason '; individual paranoia level scores:' Paranoia_Score\n | where Blocked_Reason contains \"XSS\" and toint(TotalInboundScore) >=15 and toint(XSS_Score) >= 10 and toint(SQLI_Score) <= 5) on transactionId_g\n | extend Uri = strcat(hostname_s,requestUri_s)\n | summarize StartTime = min(TimeGenerated), EndTime = max(TimeGenerated), TransactionID = make_set(transactionId_g), Message = make_set(Message), Detail_Message = make_set(details_message_s), Detail_Data = make_set(details_data_s), Total_TransactionId = dcount(transactionId_g) by clientIp_s, Uri, action_s, SQLI_Score, XSS_Score, TotalInboundScore\n | where Total_TransactionId >= Threshold\n",
                        "queryFrequency": "PT6H",
                        "queryPeriod": "PT6H",
                        "severity": "High",
                        "suppressionDuration": "PT1H",
                        "suppressionEnabled": false,
                        "triggerOperator": "GreaterThan",
                        "triggerThreshold": 0,
                        "tactics": [
                          "InitialAccess",
                          "Execution"
                        ],
                        "entityMappings": [
                          {
                            "entityType": "URL",
                            "fieldMappings": [
                              {
                                "columnName": "Uri",
                                "identifier": "Url"
                              }
                            ]
                          },
                          {
                            "entityType": "IP",
                            "fieldMappings": [
                              {
                                "columnName": "clientIp_s",
                                "identifier": "Address"
                              }
                            ]
                          }
                        ]
                      }
                    },
                    {
                      "type": "Microsoft.OperationalInsights/workspaces/providers/metadata",
                      "apiVersion": "2021-03-01-preview",
                      "name": "[concat(parameters('workspace'),'/Microsoft.SecurityInsights/', '')]",
                      "properties": {
                        "description": "'Identifies a match for XSS attack in the Application gateway WAF logs. The Threshold value in the query can be changed as per your infrastructure's requirement.\n References: https://owasp.org/www-project-top-ten/2017/A7_2017-Cross-Site_Scripting_(XSS)'\n",
                        "contentId": "d2bc08fa-030a-4eea-931a-762d27c6a042",
                        "version": "1.0.0",
                        "source": {
                          "kind": "Community"
                        },
                        "threatAnalysisTactics": [
                          "InitialAccess",
                          "Execution"
                        ],
                        "threatAnalyticsTechniques": [
                          "T1189",
                          "T1203",
                          "T0853"
                        ],
                        "parentId": "d2bc08fa-030a-4eea-931a-762d27c6a042",
                        "kind": "AnalyticsRule",
                        "dependencies": {
                          "operator": "AND",
                          "criteria": [
                            {
                              "contentId": "AzureDiagnostics",
                              "kind": "DataType"
                            }
                          ]
                        }
                      }
                    }
                  ]
                }
              }
            }
          ]
        },
        "contentId": "d2bc08fa-030a-4eea-931a-762d27c6a042",
        "dependencies": {
          "operator": "AND",
          "criteria": [
            {
              "contentId": "d2bc08fa-030a-4eea-931a-762d27c6a042",
              "kind": "AnalyticsRule"
            }
          ]
        },
        "description": "'Identifies a match for XSS attack in the Application gateway WAF logs. The Threshold value in the query can be changed as per your infrastructure's requirement.\n References: https://owasp.org/www-project-top-ten/2017/A7_2017-Cross-Site_Scripting_(XSS)'\n",
        "displayName": "Application Gateway WAF - XSS Detection",
        "source": {
          "kind": "Community"
        },
        "threatAnalysisTactics": [
          "InitialAccess",
          "Execution"
        ],
        "threatAnalyticsTechniques": [
          "T1189",
          "T1203",
          "T0853"
        ],
        "version": "1.0.0"
      },
      "name": "[concat(parameters('workspace'),'/Microsoft.SecurityInsights/', 'd2bc08fa-030a-4eea-931a-762d27c6a042')]"
    }
  ]
}