{
  "$schema": "https://schema.management.azure.com/schemas/2019-04-01/deploymentTemplate.json#",
  "contentVersion": "1.0.0.0",
  "parameters": {
    "location": {
      "type": "string",
      "minLength": 1,
      "defaultValue": "[resourceGroup().location]",
      "metadata": {
        "description": "Not used, but needed to pass arm-ttk test `Location-Should-Not-Be-Hardcoded`.  We instead use the `workspace-location` which is derived from the LA workspace"
      }
    },
    "workspace-location": {
      "type": "string",
      "defaultValue": "",
      "metadata": {
        "description": "[concat('Region to deploy solution resources -- separate from location selection',parameters('location'))]"
      }
    },
    "workspace": {
      "defaultValue": "",
      "type": "string",
      "metadata": {
        "description": "Workspace name for Log Analytics where Microsoft Sentinel is setup"
      }
    }
  },
  "variables": {},
  "resources": [
    {
      "type": "Microsoft.OperationalInsights/workspaces/providers/packages",
      "location": "[parameters('workspace-location')]",
      "apiVersion": "2022-08-01",
      "properties": {
        "packageKind": "Standalone",
        "packageItems": {
          "resources": [
            {
              "type": "Microsoft.OperationalInsights/workspaces/providers/contentTemplates",
              "name": "[concat(parameters('workspace'),'/Microsoft.SecurityInsights/', '972c89fa-c969-4d12-932f-04d55d145299')]",
              "location": "[parameters('workspace-location')]",
              "apiVersion": "2022-08-01",
              "properties": {
                "contentId": "972c89fa-c969-4d12-932f-04d55d145299",
                "displayName": "MSHTML vulnerability CVE-2021-40444 attack",
                "contentKind": "AnalyticsRule",
                "mainTemplate": {
                  "$schema": "https://schema.management.azure.com/schemas/2019-04-01/deploymentTemplate.json#",
                  "contentVersion": "1.0.1",
                  "resources": [
                    {
                      "type": "Microsoft.OperationalInsights/workspaces/providers/alertRules",
                      "apiVersion": "2022-04-01-preview",
                      "name": "972c89fa-c969-4d12-932f-04d55d145299",
                      "kind": "Scheduled",
                      "location": "[parameters('workspace-location')]",
                      "properties": {
                        "description": "This query detects attacks that exploit the CVE-2021-40444 MSHTML vulnerability using specially crafted Microsoft Office documents. \n The detection searches for relevant files used in the attack along with regex matches in commnadline to look for pattern similar to : \".cpl:../../msword.inf\"\n Refrence: https://www.microsoft.com/security/blog/2021/09/15/analyzing-attacks-that-exploit-the-mshtml-cve-2021-40444-vulnerability/",
                        "displayName": "MSHTML vulnerability CVE-2021-40444 attack",
                        "enabled": false,
                        "query": "( union isfuzzy=true\n(SecurityEvent\n| where EventID==4688\n| where isnotempty(CommandLine)\n| extend FileName = Process, ProcessCommandLine = CommandLine\n| where (FileName in~('control.exe','rundll32.exe') and ProcessCommandLine has '.cpl:')\n  or ProcessCommandLine matches regex @'\\\".[a-zA-Z]{2,4}:\\.\\.\\/\\.\\.'\n| extend timestamp = TimeGenerated, AccountCustomEntity = Account, HostCustomEntity = Computer\n),\n(DeviceProcessEvents\n| where (FileName in~('control.exe','rundll32.exe') and ProcessCommandLine has '.cpl:')\nor ProcessCommandLine matches regex @'\\\".[a-zA-Z]{2,4}:\\.\\.\\/\\.\\.'\n| extend timestamp = TimeGenerated, AccountCustomEntity = InitiatingProcessAccountUpn, HostCustomEntity = DeviceName\n),\n(Event\n| where Source == \"Microsoft-Windows-Sysmon\"\n| where EventID == 1 \n| extend EventData = parse_xml(EventData).DataItem.EventData.Data\n| mv-expand bagexpansion=array EventData\n| evaluate bag_unpack(EventData)\n| extend Key = tostring(column_ifexists('@Name', \"\")), Value = column_ifexists('#text', \"\")\n| evaluate pivot(Key, any(Value), TimeGenerated, Source, EventLog, Computer, EventLevel, EventLevelName, UserName, RenderedDescription, MG, ManagementGroupName, Type, _ResourceId)\n| extend Image = column_ifexists(\"Image\", \"\"), ProcessCommandLine = column_ifexists(\"CommandLine\", \"\")\n| extend FileName = split(Image, '\\\\', -1)[-1]\n| where (FileName in~('control.exe','rundll32.exe') and ProcessCommandLine has '.cpl:')\n  or ProcessCommandLine matches regex @'\\\".[a-zA-Z]{2,4}:\\.\\.\\/\\.\\.'\n| extend timestamp = TimeGenerated, AccountCustomEntity = UserName, HostCustomEntity = Computer\n)\n)\n",
                        "queryFrequency": "PT1H",
                        "queryPeriod": "PT1H",
                        "severity": "High",
                        "status": "Available",
                        "suppressionDuration": "PT1H",
                        "suppressionEnabled": false,
                        "triggerOperator": "GreaterThan",
                        "triggerThreshold": 0,
                        "tactics": [
                          "Execution"
                        ],
                        "techniques": [
                          "T1203"
                        ],
                        "entityMappings": [
                          {
                            "entityType": "Account",
                            "fieldMappings": [
                              {
                                "columnName": "AccountCustomEntity",
                                "identifier": "FullName"
                              }
                            ]
                          },
                          {
                            "entityType": "Host",
                            "fieldMappings": [
                              {
                                "columnName": "HostCustomEntity",
                                "identifier": "FullName"
                              }
                            ]
                          }
                        ],
                        "requiredDataConnectors": [
                          {
                            "connectorId": "MicrosoftThreatProtection",
                            "dataTypes": [
                              "DeviceProcessEvents"
                            ]
                          },
                          {
                            "connectorId": "SecurityEvents",
                            "dataTypes": [
                              "SecurityEvent"
                            ]
                          }
                        ]
                      }
                    },
                    {
                      "type": "Microsoft.OperationalInsights/workspaces/providers/metadata",
                      "apiVersion": "2021-03-01-preview",
                      "properties": {
                        "description": "This query detects attacks that exploit the CVE-2021-40444 MSHTML vulnerability using specially crafted Microsoft Office documents. \n The detection searches for relevant files used in the attack along with regex matches in commnadline to look for pattern similar to : \".cpl:../../msword.inf\"\n Refrence: https://www.microsoft.com/security/blog/2021/09/15/analyzing-attacks-that-exploit-the-mshtml-cve-2021-40444-vulnerability/",
                        "version": "1.0.1",
                        "author": {
                          "name": "Ajeet Prakash"
                        },
                        "support": {
                          "tier": "Community",
                          "name": "Community",
                          "link": "https://github.com/Azure/Azure-Sentinel/issues"
                        },
                        "source": {
                          "kind": "Community",
                          "name": "Standalone"
                        },
                        "threatAnalysisTactics": [
                          "Execution"
                        ],
                        "threatAnalyticsTechniques": [
                          "T1203"
                        ],
                        "contentId": "972c89fa-c969-4d12-932f-04d55d145299",
                        "parentId": "972c89fa-c969-4d12-932f-04d55d145299",
                        "kind": "AnalyticsRule",
                        "dependencies": {
                          "operator": "AND",
                          "criteria": [
                            {
                              "contentId": "SecurityEvent",
                              "kind": "DataType"
                            },
                            {
                              "contentId": "DeviceProcessEvents",
                              "kind": "DataType"
                            }
                          ]
                        }
                      }
                    }
                  ]
                }
              }
            }
          ]
        },
        "author": {
          "name": "Ajeet Prakash"
        },
        "categories": {
          "domains": [
            "Security - 0-day Vulnerability"
          ]
        },
        "dependencies": {
          "operator": "AND",
          "criteria": [
            {
              "contentId": "972c89fa-c969-4d12-932f-04d55d145299",
              "kind": "AnalyticsRule"
            }
          ]
        },
        "description": "This query detects attacks that exploit the CVE-2021-40444 MSHTML vulnerability using specially crafted Microsoft Office documents. \n The detection searches for relevant files used in the attack along with regex matches in commnadline to look for pattern similar to : \".cpl:../../msword.inf\"\n Refrence: https://www.microsoft.com/security/blog/2021/09/15/analyzing-attacks-that-exploit-the-mshtml-cve-2021-40444-vulnerability/",
        "displayName": "MSHTML vulnerability CVE-2021-40444 attack",
        "packageId": "972c89fa-c969-4d12-932f-04d55d145299",
        "source": {
          "kind": "Community",
          "name": "Standalone"
        },
        "support": {
          "tier": "Community",
          "name": "Community",
          "link": "https://github.com/Azure/Azure-Sentinel/issues"
        },
        "threatAnalysisTactics": [
          "Execution"
        ],
        "threatAnalyticsTechniques": [
          "T1203"
        ],
        "version": "1.0.1"
      },
      "name": "[concat(parameters('workspace'),'/Microsoft.SecurityInsights/', '972c89fa-c969-4d12-932f-04d55d145299')]"
    }
  ]
}