{
  "$schema": "https://schema.management.azure.com/schemas/2019-04-01/deploymentTemplate.json#",
  "contentVersion": "1.0.0.0",
  "parameters": {
    "location": {
      "type": "string",
      "minLength": 1,
      "defaultValue": "[resourceGroup().location]",
      "metadata": {
        "description": "Not used, but needed to pass arm-ttk test `Location-Should-Not-Be-Hardcoded`.  We instead use the `workspace-location` which is derived from the LA workspace"
      }
    },
    "workspace-location": {
      "type": "string",
      "defaultValue": "",
      "metadata": {
        "description": "[concat('Region to deploy solution resources -- separate from location selection',parameters('location'))]"
      }
    },
    "workspace": {
      "defaultValue": "",
      "type": "string",
      "metadata": {
        "description": "Workspace name for Log Analytics where Microsoft Sentinel is setup"
      }
    }
  },
  "variables": {},
  "resources": [
    {
      "type": "Microsoft.OperationalInsights/workspaces/providers/packages",
      "location": "[parameters('workspace-location')]",
      "apiVersion": "2022-08-01",
      "properties": {
        "packageKind": "Standalone",
        "packageItems": {
          "resources": [
            {
              "type": "Microsoft.OperationalInsights/workspaces/providers/contentTemplates",
              "name": "[concat(parameters('workspace'),'/Microsoft.SecurityInsights/', 'eda260eb-f4a1-4379-ad98-452604da9b3e')]",
              "location": "[parameters('workspace-location')]",
              "apiVersion": "2022-08-01",
              "properties": {
                "contentId": "eda260eb-f4a1-4379-ad98-452604da9b3e",
                "displayName": "CreepyDrive request URL sequence",
                "contentKind": "AnalyticsRule",
                "mainTemplate": {
                  "$schema": "https://schema.management.azure.com/schemas/2019-04-01/deploymentTemplate.json#",
                  "contentVersion": "1.0.1",
                  "resources": [
                    {
                      "type": "Microsoft.OperationalInsights/workspaces/providers/alertRules",
                      "apiVersion": "2022-04-01-preview",
                      "name": "eda260eb-f4a1-4379-ad98-452604da9b3e",
                      "kind": "Scheduled",
                      "location": "[parameters('workspace-location')]",
                      "properties": {
                        "description": "CreepyDrive uses OneDrive for command and control, however, it makes regular requests to predicatable paths.\nThis detecton will alert when over 20 sequences are observed in a single day.",
                        "displayName": "CreepyDrive request URL sequence",
                        "enabled": false,
                        "query": "let eventsThreshold = 20;\nCommonSecurityLog\n| where isnotempty(RequestURL)\n| project TimeGenerated, RequestURL, RequestMethod, SourceIP, SourceHostName\n| evaluate sequence_detect(TimeGenerated, 5s, 8s, login=(RequestURL has \"login.microsoftonline.com/consumers/oauth2/v2.0/token\"), graph=(RequestURL has \"graph.microsoft.com/v1.0/me/drive/\"), SourceIP, SourceHostName)\n| summarize Events=count() by SourceIP, SourceHostName\n| where Events >= eventsThreshold\n",
                        "queryFrequency": "P1D",
                        "queryPeriod": "P1D",
                        "severity": "High",
                        "status": "Available",
                        "suppressionDuration": "PT1H",
                        "suppressionEnabled": false,
                        "triggerOperator": "GreaterThan",
                        "triggerThreshold": 0,
                        "tactics": [
                          "Exfiltration",
                          "CommandAndControl"
                        ],
                        "techniques": [
                          "T1567",
                          "T1102"
                        ],
                        "entityMappings": [
                          {
                            "entityType": "Host",
                            "fieldMappings": [
                              {
                                "columnName": "SourceHostName",
                                "identifier": "HostName"
                              }
                            ]
                          },
                          {
                            "entityType": "IP",
                            "fieldMappings": [
                              {
                                "columnName": "SourceIP",
                                "identifier": "Address"
                              }
                            ]
                          }
                        ],
                        "requiredDataConnectors": [
                          {
                            "connectorId": "CheckPoint",
                            "dataTypes": [
                              "CommonSecurityLog"
                            ]
                          },
                          {
                            "connectorId": "Fortinet",
                            "dataTypes": [
                              "CommonSecurityLog"
                            ]
                          },
                          {
                            "connectorId": "PaloAltoNetworks",
                            "dataTypes": [
                              "CommonSecurityLog"
                            ]
                          },
                          {
                            "connectorId": "Zscaler",
                            "dataTypes": [
                              "CommonSecurityLog"
                            ]
                          }
                        ]
                      }
                    },
                    {
                      "type": "Microsoft.OperationalInsights/workspaces/providers/metadata",
                      "apiVersion": "2021-03-01-preview",
                      "properties": {
                        "description": "CreepyDrive uses OneDrive for command and control, however, it makes regular requests to predicatable paths.\nThis detecton will alert when over 20 sequences are observed in a single day.",
                        "version": "1.0.1",
                        "author": {
                          "name": "Thomas McElroy"
                        },
                        "support": {
                          "tier": "Community",
                          "name": "Community",
                          "link": "https://github.com/Azure/Azure-Sentinel/issues"
                        },
                        "source": {
                          "kind": "Community",
                          "name": "Standalone"
                        },
                        "threatAnalysisTactics": [
                          "Exfiltration",
                          "CommandAndControl"
                        ],
                        "threatAnalyticsTechniques": [
                          "T1567.002",
                          "T1102.002"
                        ],
                        "contentId": "eda260eb-f4a1-4379-ad98-452604da9b3e",
                        "parentId": "eda260eb-f4a1-4379-ad98-452604da9b3e",
                        "kind": "AnalyticsRule",
                        "dependencies": {
                          "operator": "AND",
                          "criteria": [
                            {
                              "contentId": "CommonSecurityLog",
                              "kind": "DataType"
                            },
                            {
                              "contentId": "CommonSecurityLog",
                              "kind": "DataType"
                            },
                            {
                              "contentId": "CommonSecurityLog",
                              "kind": "DataType"
                            },
                            {
                              "contentId": "CommonSecurityLog",
                              "kind": "DataType"
                            }
                          ]
                        }
                      }
                    }
                  ]
                }
              }
            }
          ]
        },
        "author": {
          "name": "Thomas McElroy"
        },
        "categories": {
          "domains": [
            "Security - Others"
          ]
        },
        "dependencies": {
          "operator": "AND",
          "criteria": [
            {
              "contentId": "eda260eb-f4a1-4379-ad98-452604da9b3e",
              "kind": "AnalyticsRule"
            }
          ]
        },
        "description": "CreepyDrive uses OneDrive for command and control, however, it makes regular requests to predicatable paths.\nThis detecton will alert when over 20 sequences are observed in a single day.",
        "displayName": "CreepyDrive request URL sequence",
        "packageId": "eda260eb-f4a1-4379-ad98-452604da9b3e",
        "source": {
          "kind": "Community",
          "name": "Standalone"
        },
        "support": {
          "tier": "Community",
          "name": "Community",
          "link": "https://github.com/Azure/Azure-Sentinel/issues"
        },
        "threatAnalysisTactics": [
          "Exfiltration",
          "CommandAndControl"
        ],
        "threatAnalyticsTechniques": [
          "T1567.002",
          "T1102.002"
        ],
        "version": "1.0.1"
      },
      "name": "[concat(parameters('workspace'),'/Microsoft.SecurityInsights/', 'eda260eb-f4a1-4379-ad98-452604da9b3e')]"
    }
  ]
}