{
  "$schema": "https://schema.management.azure.com/schemas/2019-04-01/deploymentTemplate.json#",
  "contentVersion": "1.0.0.0",
  "parameters": {
    "location": {
      "type": "string",
      "minLength": 1,
      "defaultValue": "[resourceGroup().location]",
      "metadata": {
        "description": "Not used, but needed to pass arm-ttk test `Location-Should-Not-Be-Hardcoded`.  We instead use the `workspace-location` which is derived from the LA workspace"
      }
    },
    "workspace-location": {
      "type": "string",
      "defaultValue": "",
      "metadata": {
        "description": "[concat('Region to deploy solution resources -- separate from location selection',parameters('location'))]"
      }
    },
    "workspace": {
      "defaultValue": "",
      "type": "string",
      "metadata": {
        "description": "Workspace name for Log Analytics where Microsoft Sentinel is setup"
      }
    }
  },
  "variables": {},
  "resources": [
    {
      "type": "Microsoft.OperationalInsights/workspaces/providers/packages",
      "location": "[parameters('workspace-location')]",
      "apiVersion": "2022-08-01",
      "properties": {
        "packageKind": "Standalone",
        "packageItems": {
          "resources": [
            {
              "type": "Microsoft.OperationalInsights/workspaces/providers/contentTemplates",
              "name": "[concat(parameters('workspace'),'/Microsoft.SecurityInsights/', 'a7564d76-ec6b-4519-a66b-fcc80c42332b')]",
              "location": "[parameters('workspace-location')]",
              "apiVersion": "2022-08-01",
              "properties": {
                "contentId": "a7564d76-ec6b-4519-a66b-fcc80c42332b",
                "displayName": "Group created then added to built in domain local or global group",
                "contentKind": "AnalyticsRule",
                "mainTemplate": {
                  "$schema": "https://schema.management.azure.com/schemas/2019-04-01/deploymentTemplate.json#",
                  "contentVersion": "1.1.3",
                  "resources": [
                    {
                      "type": "Microsoft.OperationalInsights/workspaces/providers/alertRules",
                      "apiVersion": "2022-04-01-preview",
                      "name": "a7564d76-ec6b-4519-a66b-fcc80c42332b",
                      "kind": "Scheduled",
                      "location": "[parameters('workspace-location')]",
                      "properties": {
                        "description": "Identifies when a recently created Group was added to a privileged built in domain local group or global group such as the \nEnterprise Admins, Cert Publishers or DnsAdmins.  Be sure to verify this is an expected addition.\nReferences: For AD SID mappings - https://docs.microsoft.com/windows/security/identity-protection/access-control/active-directory-security-groups.",
                        "displayName": "Group created then added to built in domain local or global group",
                        "enabled": false,
                        "query": "let WellKnownLocalSID = \"S-1-5-32-5[0-9][0-9]$\";\nlet WellKnownGroupSID = \"S-1-5-21-[0-9]*-[0-9]*-[0-9]*-5[0-9][0-9]$|S-1-5-21-[0-9]*-[0-9]*-[0-9]*-1102$|S-1-5-21-[0-9]*-[0-9]*-[0-9]*-1103$|S-1-5-21-[0-9]*-[0-9]*-[0-9]*-498$|S-1-5-21-[0-9]*-[0-9]*-[0-9]*-1000$\";\nlet GroupAddition = (union isfuzzy=true   \n(SecurityEvent \n// 4728 - A member was added to a security-enabled global group\n// 4732 - A member was added to a security-enabled local group\n// 4756 - A member was added to a security-enabled universal group  \n| where EventID in (\"4728\", \"4732\", \"4756\")\n| where AccountType =~ \"User\"\n// Exclude Remote Desktop Users group: S-1-5-32-555\n| where TargetSid !in (\"S-1-5-32-555\")\n| where TargetSid matches regex WellKnownLocalSID or TargetSid matches regex WellKnownGroupSID\n| project GroupAddTime = TimeGenerated, GroupAddEventID = EventID, GroupAddActivity = Activity, GroupAddComputer = Computer, GroupAddTargetAccount = TargetAccount, \nGroupAddTargetSid = TargetSid, GroupAddSubjectAccount = SubjectAccount, GroupAddSubjectUserSid = SubjectUserSid, GroupSid = MemberSid\n),\n(\nWindowsEvent \n// 4728 - A member was added to a security-enabled global group\n// 4732 - A member was added to a security-enabled local group\n// 4756 - A member was added to a security-enabled universal group  \n| where EventID in (\"4728\", \"4732\", \"4756\")  and not(EventData has \"S-1-5-32-555\")\n| extend SubjectUserSid = tostring(EventData.SubjectUserSid)\n| extend Account = strcat(tostring(EventData.SubjectDomainName),\"\\\\\", tostring(EventData.SubjectUserName))\n| extend AccountType=case(Account endswith \"$\" or SubjectUserSid in (\"S-1-5-18\", \"S-1-5-19\", \"S-1-5-20\"), \"Machine\", isempty(SubjectUserSid), \"\", \"User\")\n| extend MemberName = tostring(EventData.MemberName)\n| where AccountType =~ \"User\"\n// Exclude Remote Desktop Users group: S-1-5-32-555\n| extend TargetSid = tostring(EventData.TargetSid)\n| where TargetSid !in (\"S-1-5-32-555\")\n| where TargetSid matches regex WellKnownLocalSID or TargetSid matches regex WellKnownGroupSID\n| extend TargetAccount = strcat(EventData.TargetDomainName,\"\\\\\", EventData.TargetUserName)\n| extend MemberSid = tostring(EventData.MemberSid)\n| extend Activity= \"GroupAddActivity\"\n| project GroupAddTime = TimeGenerated, GroupAddEventID = EventID, GroupAddActivity = Activity, GroupAddComputer = Computer, GroupAddTargetAccount = TargetAccount, \nGroupAddTargetSid = TargetSid, GroupAddSubjectAccount = Account, GroupAddSubjectUserSid = SubjectUserSid, GroupSid = MemberSid\n));\nlet GroupCreated = (union isfuzzy=true  \n(SecurityEvent\n// 4727 - A security-enabled global group was created\n// 4731 - A security-enabled local group was created\n// 4754 - A security-enabled universal group was created\n| where EventID in (\"4727\", \"4731\", \"4754\")\n| where AccountType =~ \"User\"\n| project GroupCreateTime = TimeGenerated, GroupCreateEventID = EventID, GroupCreateActivity = Activity, GroupCreateComputer = Computer, GroupCreateTargetAccount = TargetAccount, \nGroupCreateSubjectAccount = SubjectAccount, GroupCreateSubjectUserSid = SubjectUserSid, GroupSid = TargetSid\n),\n(WindowsEvent\n// 4727 - A security-enabled global group was created\n// 4731 - A security-enabled local group was created\n// 4754 - A security-enabled universal group was created\n| where EventID in (\"4727\", \"4731\", \"4754\")\n| extend SubjectUserSid = tostring(EventData.SubjectUserSid)\n| extend Account = strcat(tostring(EventData.SubjectDomainName),\"\\\\\", tostring(EventData.SubjectUserName))\n| extend AccountType=case(Account endswith \"$\", \"Machine\", iff(SubjectUserSid in (\"S-1-5-18\", \"S-1-5-19\", \"S-1-5-20\"), \"Machine\", iff(isempty(SubjectUserSid), \"\", \"User\")))\n| where AccountType =~ \"User\"\n| extend TargetAccount = strcat(EventData.TargetDomainName,\"\\\\\", EventData.TargetUserName)\n| extend SubjectAccount = strcat(EventData.SubjectDomainName,\"\\\\\", EventData.SubjectUserName)  \n| extend TargetSid = tostring(EventData.TargetSid) \n| extend Activity= \"GroupAddActivity\"\n| project GroupCreateTime = TimeGenerated, GroupCreateEventID = EventID, GroupCreateActivity = Activity, GroupCreateComputer = Computer, GroupCreateTargetAccount = TargetAccount, \nGroupCreateSubjectAccount = SubjectAccount, GroupCreateSubjectUserSid = SubjectUserSid, GroupSid = TargetSid\n));\nGroupCreated\n| join (\nGroupAddition\n) on GroupSid\n",
                        "queryFrequency": "PT1H",
                        "queryPeriod": "PT1H",
                        "severity": "Medium",
                        "status": "Available",
                        "suppressionDuration": "PT1H",
                        "suppressionEnabled": false,
                        "triggerOperator": "GreaterThan",
                        "triggerThreshold": 0,
                        "tactics": [
                          "Persistence",
                          "PrivilegeEscalation"
                        ],
                        "techniques": [
                          "T1098",
                          "T1078"
                        ],
                        "entityMappings": [
                          {
                            "entityType": "Account",
                            "fieldMappings": [
                              {
                                "columnName": "GroupCreateSubjectAccount",
                                "identifier": "FullName"
                              },
                              {
                                "columnName": "GroupCreateSubjectUserSid",
                                "identifier": "Sid"
                              }
                            ]
                          },
                          {
                            "entityType": "Host",
                            "fieldMappings": [
                              {
                                "columnName": "GroupCreateComputer",
                                "identifier": "FullName"
                              }
                            ]
                          }
                        ],
                        "requiredDataConnectors": [
                          {
                            "connectorId": "SecurityEvents",
                            "dataTypes": [
                              "SecurityEvent"
                            ]
                          },
                          {
                            "connectorId": "WindowsForwardedEvents",
                            "dataTypes": [
                              "WindowsEvent"
                            ]
                          },
                          {
                            "connectorId": "WindowsSecurityEvents",
                            "dataTypes": [
                              "SecurityEvent"
                            ]
                          }
                        ]
                      }
                    },
                    {
                      "type": "Microsoft.OperationalInsights/workspaces/providers/metadata",
                      "apiVersion": "2021-03-01-preview",
                      "properties": {
                        "description": "Identifies when a recently created Group was added to a privileged built in domain local group or global group such as the \nEnterprise Admins, Cert Publishers or DnsAdmins.  Be sure to verify this is an expected addition.\nReferences: For AD SID mappings - https://docs.microsoft.com/windows/security/identity-protection/access-control/active-directory-security-groups.",
                        "version": "1.1.3",
                        "author": {
                          "name": "Shain"
                        },
                        "support": {
                          "tier": "Community",
                          "name": "Community",
                          "link": "https://github.com/Azure/Azure-Sentinel/issues"
                        },
                        "source": {
                          "kind": "Community",
                          "name": "Standalone"
                        },
                        "threatAnalysisTactics": [
                          "Persistence",
                          "PrivilegeEscalation"
                        ],
                        "threatAnalyticsTechniques": [
                          "T1098",
                          "T1078"
                        ],
                        "contentId": "a7564d76-ec6b-4519-a66b-fcc80c42332b",
                        "parentId": "a7564d76-ec6b-4519-a66b-fcc80c42332b",
                        "kind": "AnalyticsRule",
                        "dependencies": {
                          "operator": "AND",
                          "criteria": [
                            {
                              "contentId": "SecurityEvent",
                              "kind": "DataType"
                            },
                            {
                              "contentId": "SecurityEvent",
                              "kind": "DataType"
                            },
                            {
                              "contentId": "WindowsEvent",
                              "kind": "DataType"
                            }
                          ]
                        }
                      }
                    }
                  ]
                }
              }
            }
          ]
        },
        "author": {
          "name": "Shain"
        },
        "categories": {
          "domains": [
            "Security - Others"
          ]
        },
        "dependencies": {
          "operator": "AND",
          "criteria": [
            {
              "contentId": "a7564d76-ec6b-4519-a66b-fcc80c42332b",
              "kind": "AnalyticsRule"
            }
          ]
        },
        "description": "Identifies when a recently created Group was added to a privileged built in domain local group or global group such as the \nEnterprise Admins, Cert Publishers or DnsAdmins.  Be sure to verify this is an expected addition.\nReferences: For AD SID mappings - https://docs.microsoft.com/windows/security/identity-protection/access-control/active-directory-security-groups.",
        "displayName": "Group created then added to built in domain local or global group",
        "packageId": "a7564d76-ec6b-4519-a66b-fcc80c42332b",
        "source": {
          "kind": "Community",
          "name": "Standalone"
        },
        "support": {
          "tier": "Community",
          "name": "Community",
          "link": "https://github.com/Azure/Azure-Sentinel/issues"
        },
        "threatAnalysisTactics": [
          "Persistence",
          "PrivilegeEscalation"
        ],
        "threatAnalyticsTechniques": [
          "T1098",
          "T1078"
        ],
        "version": "1.1.3"
      },
      "name": "[concat(parameters('workspace'),'/Microsoft.SecurityInsights/', 'a7564d76-ec6b-4519-a66b-fcc80c42332b')]"
    }
  ]
}