{
  "$schema": "https://schema.management.azure.com/schemas/2019-04-01/deploymentTemplate.json#",
  "contentVersion": "1.0.0.0",
  "parameters": {
    "location": {
      "type": "string",
      "minLength": 1,
      "defaultValue": "[resourceGroup().location]",
      "metadata": {
        "description": "Not used, but needed to pass arm-ttk test `Location-Should-Not-Be-Hardcoded`.  We instead use the `workspace-location` which is derived from the LA workspace"
      }
    },
    "workspace-location": {
      "type": "string",
      "defaultValue": "",
      "metadata": {
        "description": "[concat('Region to deploy solution resources -- separate from location selection',parameters('location'))]"
      }
    },
    "workspace": {
      "defaultValue": "",
      "type": "string",
      "metadata": {
        "description": "Workspace name for Log Analytics where Microsoft Sentinel is setup"
      }
    }
  },
  "variables": {},
  "resources": [
    {
      "type": "Microsoft.OperationalInsights/workspaces/providers/packages",
      "location": "[parameters('workspace-location')]",
      "apiVersion": "2022-08-01",
      "properties": {
        "packageKind": "Standalone",
        "packageItems": {
          "resources": [
            {
              "type": "Microsoft.OperationalInsights/workspaces/providers/contentTemplates",
              "name": "[concat(parameters('workspace'),'/Microsoft.SecurityInsights/', '42436753-9944-4d70-801c-daaa4d19ddd2')]",
              "location": "[parameters('workspace-location')]",
              "apiVersion": "2022-08-01",
              "properties": {
                "contentId": "42436753-9944-4d70-801c-daaa4d19ddd2",
                "displayName": "A host is potentially running PowerShell to send HTTP(S) requests (ASIM Web Session schema)",
                "contentKind": "AnalyticsRule",
                "mainTemplate": {
                  "$schema": "https://schema.management.azure.com/schemas/2019-04-01/deploymentTemplate.json#",
                  "contentVersion": "1.1.1",
                  "resources": [
                    {
                      "type": "Microsoft.OperationalInsights/workspaces/providers/alertRules",
                      "apiVersion": "2022-04-01-preview",
                      "name": "42436753-9944-4d70-801c-daaa4d19ddd2",
                      "kind": "Scheduled",
                      "location": "[parameters('workspace-location')]",
                      "properties": {
                        "description": "This rule identifies a web request with a user agent header known to belong PowerShell. <br>You can add custom Powershell indicating User-Agent headers using a watchlist, for more information refer to the [UnusualUserAgents Watchlist](https://aka.ms/ASimUnusualUserAgentsWatchlist).<br><br>\n This analytic rule uses [ASIM](https://aka.ms/AboutASIM) and supports any built-in or custom source that supports the ASIM WebSession schema (ASIM WebSession Schema)",
                        "displayName": "A host is potentially running PowerShell to send HTTP(S) requests (ASIM Web Session schema)",
                        "enabled": false,
                        "query": "let threatCategory=\"Powershell\";\nlet knownUserAgentsIndicators = materialize(externaldata(UserAgent:string, Category:string)\n    [ @\"https://raw.githubusercontent.com/Azure/Azure-Sentinel/master/Sample%20Data/Feeds/UnusualUserAgents.csv\"]\n        with(format=\"csv\", ignoreFirstRecord=True));\nlet knownUserAgents=toscalar(knownUserAgentsIndicators | where Category==threatCategory | where isnotempty(UserAgent) | summarize make_list(UserAgent));\nlet customUserAgents=toscalar(_GetWatchlist(\"UnusualUserAgents\") | where SearchKey==threatCategory | extend UserAgent=column_ifexists(\"UserAgent\",\"\") | where isnotempty(UserAgent) | summarize make_list(UserAgent));\nlet fullUAList = array_concat(knownUserAgents,customUserAgents);\n_Im_WebSession(httpuseragent_has_any=fullUAList)\n| project SrcIpAddr, Url, TimeGenerated,HttpUserAgent, SrcUsername\n",
                        "queryFrequency": "PT15M",
                        "queryPeriod": "PT15M",
                        "severity": "Medium",
                        "status": "Available",
                        "suppressionDuration": "PT1H",
                        "suppressionEnabled": false,
                        "triggerOperator": "GreaterThan",
                        "triggerThreshold": 0,
                        "tactics": [
                          "CommandAndControl",
                          "DefenseEvasion"
                        ],
                        "entityMappings": [
                          {
                            "entityType": "Account",
                            "fieldMappings": [
                              {
                                "columnName": "SrcUsername",
                                "identifier": "Name"
                              }
                            ]
                          },
                          {
                            "entityType": "IP",
                            "fieldMappings": [
                              {
                                "columnName": "SrcIpAddr",
                                "identifier": "Address"
                              }
                            ]
                          },
                          {
                            "entityType": "URL",
                            "fieldMappings": [
                              {
                                "columnName": "Url",
                                "identifier": "Url"
                              }
                            ]
                          }
                        ],
                        "eventGroupingSettings": {
                          "aggregationKind": "AlertPerResult"
                        },
                        "customDetails": {
                          "UserAgent": "HttpUserAgent"
                        },
                        "alertDetailsOverride": {
                          "alertDescriptionFormat": "The host at address {{SrcIpAddr}} sent an HTTP request to the URL {{Url}} with the HTTP user agent header {{HttpUserAgent}}. This user agent is known to be used by PoerShell and indicates suspicious activity on the host.",
                          "alertDisplayNameFormat": "Host {{SrcIpAddr}} is potentially running PowerShell"
                        },
                        "requiredDataConnectors": [
                          {
                            "connectorId": "SquidProxy",
                            "dataTypes": [
                              "SquidProxy_CL"
                            ]
                          },
                          {
                            "connectorId": "Zscaler",
                            "dataTypes": [
                              "CommonSecurityLog"
                            ]
                          }
                        ]
                      }
                    },
                    {
                      "type": "Microsoft.OperationalInsights/workspaces/providers/metadata",
                      "apiVersion": "2021-03-01-preview",
                      "properties": {
                        "description": "This rule identifies a web request with a user agent header known to belong PowerShell. <br>You can add custom Powershell indicating User-Agent headers using a watchlist, for more information refer to the [UnusualUserAgents Watchlist](https://aka.ms/ASimUnusualUserAgentsWatchlist).<br><br>\n This analytic rule uses [ASIM](https://aka.ms/AboutASIM) and supports any built-in or custom source that supports the ASIM WebSession schema (ASIM WebSession Schema)",
                        "version": "1.1.1",
                        "author": {
                          "name": "Yaron"
                        },
                        "support": {
                          "tier": "Community",
                          "name": "Community",
                          "link": "https://github.com/Azure/Azure-Sentinel/issues"
                        },
                        "source": {
                          "kind": "Community",
                          "name": "Standalone"
                        },
                        "threatAnalysisTactics": [
                          "CommandAndControl",
                          "DefenseEvasion"
                        ],
                        "contentId": "42436753-9944-4d70-801c-daaa4d19ddd2",
                        "parentId": "42436753-9944-4d70-801c-daaa4d19ddd2",
                        "kind": "AnalyticsRule",
                        "dependencies": {
                          "operator": "AND",
                          "criteria": [
                            {
                              "contentId": "SquidProxy_CL",
                              "kind": "DataType"
                            },
                            {
                              "contentId": "CommonSecurityLog",
                              "kind": "DataType"
                            }
                          ]
                        }
                      }
                    }
                  ]
                }
              }
            }
          ]
        },
        "author": {
          "name": "Yaron"
        },
        "categories": {
          "domains": [
            "Security - Threat Protection"
          ]
        },
        "dependencies": {
          "operator": "AND",
          "criteria": [
            {
              "contentId": "42436753-9944-4d70-801c-daaa4d19ddd2",
              "kind": "AnalyticsRule"
            }
          ]
        },
        "description": "This rule identifies a web request with a user agent header known to belong PowerShell. <br>You can add custom Powershell indicating User-Agent headers using a watchlist, for more information refer to the [UnusualUserAgents Watchlist](https://aka.ms/ASimUnusualUserAgentsWatchlist).<br><br>\n This analytic rule uses [ASIM](https://aka.ms/AboutASIM) and supports any built-in or custom source that supports the ASIM WebSession schema (ASIM WebSession Schema)",
        "displayName": "A host is potentially running PowerShell to send HTTP(S) requests (ASIM Web Session schema)",
        "packageId": "42436753-9944-4d70-801c-daaa4d19ddd2",
        "source": {
          "kind": "Community",
          "name": "Standalone"
        },
        "support": {
          "tier": "Community",
          "name": "Community",
          "link": "https://github.com/Azure/Azure-Sentinel/issues"
        },
        "threatAnalysisTactics": [
          "CommandAndControl",
          "DefenseEvasion"
        ],
        "version": "1.1.1"
      },
      "name": "[concat(parameters('workspace'),'/Microsoft.SecurityInsights/', '42436753-9944-4d70-801c-daaa4d19ddd2')]"
    }
  ]
}