{
  "$schema": "https://schema.management.azure.com/schemas/2019-04-01/deploymentTemplate.json#",
  "contentVersion": "1.0.0.0",
  "parameters": {
    "location": {
      "type": "string",
      "minLength": 1,
      "defaultValue": "[resourceGroup().location]",
      "metadata": {
        "description": "Not used, but needed to pass arm-ttk test `Location-Should-Not-Be-Hardcoded`.  We instead use the `workspace-location` which is derived from the LA workspace"
      }
    },
    "workspace-location": {
      "type": "string",
      "defaultValue": "",
      "metadata": {
        "description": "[concat('Region to deploy solution resources -- separate from location selection',parameters('location'))]"
      }
    },
    "workspace": {
      "defaultValue": "",
      "type": "string",
      "metadata": {
        "description": "Workspace name for Log Analytics where Microsoft Sentinel is setup"
      }
    }
  },
  "variables": {},
  "resources": [
    {
      "type": "Microsoft.OperationalInsights/workspaces/providers/packages",
      "location": "[parameters('workspace-location')]",
      "apiVersion": "2022-08-01",
      "properties": {
        "packageKind": "Standalone",
        "packageItems": {
          "resources": [
            {
              "type": "Microsoft.OperationalInsights/workspaces/providers/contentTemplates",
              "name": "[concat(parameters('workspace'),'/Microsoft.SecurityInsights/', '1dd98313-f43f-4d8b-9870-5a1dfb2cf93f')]",
              "location": "[parameters('workspace-location')]",
              "kind": "shared",
              "apiVersion": "2022-08-01",
              "properties": {
                "contentId": "1dd98313-f43f-4d8b-9870-5a1dfb2cf93f",
                "displayName": "New client running queries",
                "contentKind": "HuntingQuery",
                "mainTemplate": {
                  "$schema": "https://schema.management.azure.com/schemas/2019-04-01/deploymentTemplate.json#",
                  "contentVersion": "1.0.0",
                  "resources": [
                    {
                      "type": "Microsoft.OperationalInsights/savedSearches",
                      "apiVersion": "2020-08-01",
                      "name": "1dd98313-f43f-4d8b-9870-5a1dfb2cf93f",
                      "location": "[parameters('workspace-location')]",
                      "properties": {
                        "eTag": "*",
                        "displayName": "New client running queries",
                        "category": "Hunting Queries",
                        "query": "\nlet starttime = todatetime('{{StartTimeISO}}');\nlet endtime = todatetime('{{EndTimeISO}}');\nlet lookback = totimespan((endtime-starttime)*7);\nLAQueryLogs\n| where TimeGenerated between (ago(lookback)..starttime)\n| where ResponseCode == 200\n| join kind= rightanti(\nLAQueryLogs\n| where TimeGenerated between(starttime..endtime)\n)\non RequestClientApp\n| extend timestamp = TimeGenerated, AccountCustomEntity = AADEmail\n",
                        "version": 2,
                        "tags": [
                          {
                            "name": "description",
                            "value": "This hunting query looks for clients running queries that have not previously been seen running queries."
                          },
                          {
                            "name": "techniques",
                            "value": ""
                          },
                          {
                            "name": "tactics",
                            "value": "Collection,Exfiltration"
                          }
                        ]
                      }
                    },
                    {
                      "type": "Microsoft.OperationalInsights/workspaces/providers/metadata",
                      "apiVersion": "2021-03-01-preview",
                      "name": "[concat(parameters('workspace'),'/Microsoft.SecurityInsights/',concat('huntingQuery-', '1dd98313-f43f-4d8b-9870-5a1dfb2cf93f'))]",
                      "properties": {
                        "description": "This hunting query looks for clients running queries that have not previously been seen running queries.",
                        "version": "1.0.0",
                        "author": {
                          "name": "Pete Bryan"
                        },
                        "support": {
                          "tier": "Microsoft",
                          "name": "Microsoft",
                          "email": "support@microsoft.com",
                          "link": "https://support.microsoft.com"
                        },
                        "source": {
                          "kind": "Community",
                          "name": "Standalone"
                        },
                        "threatAnalysisTactics": [
                          "Collection",
                          "Exfiltration"
                        ],
                        "threatAnalyticsTechniques": [
                          "T1530",
                          "T1213",
                          "T1020"
                        ],
                        "contentId": "1dd98313-f43f-4d8b-9870-5a1dfb2cf93f",
                        "parentId": "1dd98313-f43f-4d8b-9870-5a1dfb2cf93f",
                        "kind": "HuntingQuery",
                        "dependencies": {
                          "operator": "AND",
                          "criteria": [
                            {
                              "contentId": "LAQueryLogs",
                              "kind": "DataType"
                            }
                          ]
                        }
                      }
                    }
                  ]
                }
              }
            }
          ]
        },
        "author": {
          "name": "Pete Bryan"
        },
        "categories": {
          "domains": [
            "Security - Threat Protection"
          ]
        },
        "dependencies": {
          "operator": "AND",
          "criteria": [
            {
              "contentId": "1dd98313-f43f-4d8b-9870-5a1dfb2cf93f",
              "kind": "HuntingQuery"
            }
          ]
        },
        "description": "This hunting query looks for clients running queries that have not previously been seen running queries.",
        "displayName": "New client running queries",
        "packageId": "1dd98313-f43f-4d8b-9870-5a1dfb2cf93f",
        "source": {
          "kind": "Community",
          "name": "Standalone"
        },
        "support": {
          "tier": "Microsoft",
          "name": "Microsoft",
          "email": "support@microsoft.com",
          "link": "https://support.microsoft.com"
        },
        "threatAnalysisTactics": [
          "Collection",
          "Exfiltration"
        ],
        "threatAnalyticsTechniques": [
          "T1530",
          "T1213",
          "T1020"
        ],
        "version": "1.0.0"
      },
      "name": "1dd98313-f43f-4d8b-9870-5a1dfb2cf93f"
    }
  ]
}