{
  "$schema": "https://schema.management.azure.com/schemas/2019-04-01/deploymentTemplate.json#",
  "contentVersion": "1.0.2",
  "parameters": {
    "location": {
      "type": "string",
      "minLength": 1,
      "defaultValue": "[resourceGroup().location]",
      "metadata": {
        "description": "Not used, but needed to pass arm-ttk test `Location-Should-Not-Be-Hardcoded`.  We instead use the `workspace-location` which is derived from the LA workspace"
      }
    },
    "workspace": {
      "defaultValue": "",
      "type": "string",
      "metadata": {
        "description": "Workspace name for Log Analytics where Microsoft Sentinel is setup"
      }
    },
    "workspace-location": {
      "type": "string",
      "defaultValue": "",
      "metadata": {
        "description": "[concat('Region to deploy solution resources -- separate from location selection',parameters('location'))]"
      }
    }
  },
  "resources": [
    {
      "type": "Microsoft.OperationalInsights/workspaces/providers/contentTemplates",
      "name": "[concat(parameters('workspace'),'/Microsoft.SecurityInsights/',concat(concat(parameters('workspace'),'-ar-',uniquestring('bf0cde21-0c41-48f6-a40c-6b5bd71fa106')),'1.0.2'))]",
      "location": "[parameters('workspace-location')]",
      "apiVersion": "2023-04-01-preview",
      "dependsOn": [
        "[extensionResourceId(resourceId('Microsoft.OperationalInsights/workspaces', parameters('workspace')), 'Microsoft.SecurityInsights/contentPackages', 'azuresentinel.azure-sentinel-solution-amazonwebservices')]"
      ],
      "properties": {
        "contentId": "bf0cde21-0c41-48f6-a40c-6b5bd71fa106",
        "displayName": "AWS Guard Duty Alert",
        "contentKind": "AnalyticsRule",
        "mainTemplate": {
          "$schema": "https://schema.management.azure.com/schemas/2019-04-01/deploymentTemplate.json#",
          "contentVersion": "1.0.2",
          "parameters": {},
          "variables": {},
          "resources": [
            {
              "type": "Microsoft.SecurityInsights/AlertRuleTemplates",
              "name": "bf0cde21-0c41-48f6-a40c-6b5bd71fa106",
              "apiVersion": "2022-04-01-preview",
              "kind": "Scheduled",
              "location": "[parameters('workspace-location')]",
              "properties": {
                "description": "Amazon GuardDuty is a threat detection service that continuously monitors your AWS accounts and workloads for malicious activity and delivers detailed security findings for visibility and remediation. This templates create an alert for each Amazon GuardDuty finding.",
                "displayName": "AWS Guard Duty Alert",
                "enabled": false,
                "query": "AWSGuardDuty | extend tokens = split(ActivityType,\":\") | extend ThreatPurpose = tokens[0], tokens= split(tokens[1],\"/\") | extend ResourceTypeAffected = tokens[0], ThreatFamilyName= tokens[1] | extend UniqueFindingId = Id | extend AWSAcoundId = AccountId | project-away tokens,ActivityType, Id, AccountId | project-away TimeGenerated, TenantId, SchemaVersion, Region, Partition | extend Severity= iff(Severity between (7.0..8.9),\"High\",iff(Severity between (4.0..6.9), \"Medium\", iff(Severity between (1.0..3.9),\"Low\",\"Unknown\")))",
                "queryFrequency": "PT5H",
                "queryPeriod": "PT5H",
                "severity": "Medium",
                "suppressionDuration": "PT1H",
                "suppressionEnabled": false,
                "triggerOperator": "GreaterThan",
                "triggerThreshold": 0,
                "status": "Available",
                "requiredDataConnectors": [
                  {
                    "dataTypes": [
                      "AWSGuardDuty"
                    ],
                    "connectorId": "AWSS3"
                  }
                ],
                "entityMappings": [
                  {
                    "entityType": "Account",
                    "fieldMappings": [
                      {
                        "identifier": "Name",
                        "columnName": "Arn"
                      },
                      {
                        "identifier": "ObjectGuid",
                        "columnName": "AWSAcoundId"
                      }
                    ]
                  }
                ],
                "customDetails": {
                  "ResourceTypeAffected": "ResourceTypeAffected",
                  "ThreatPurpose": "ThreatPurpose",
                  "UniqueFindingId": "UniqueFindingId"
                },
                "alertDetailsOverride": {
                  "alertDescriptionFormat": "{{Description}}",
                  "alertDisplayNameFormat": "{{Title}}",
                  "alertTacticsColumnName": "ThreatPurpose",
                  "alertSeverityColumnName": "Severity"
                }
              }
            },
            {
              "type": "Microsoft.OperationalInsights/workspaces/providers/metadata",
              "apiVersion": "2022-01-01-preview",
              "name": "[concat(parameters('workspace'),'/Microsoft.SecurityInsights/',concat('AnalyticsRule-', last(split(resourceId('Microsoft.SecurityInsights/AlertRuleTemplates', 'bf0cde21-0c41-48f6-a40c-6b5bd71fa106'),'/'))))]",
              "properties": {
                "description": "Amazon Web Services Analytics Rule 10",
                "parentId": "[resourceId('Microsoft.SecurityInsights/AlertRuleTemplates', 'bf0cde21-0c41-48f6-a40c-6b5bd71fa106')]",
                "contentId": "bf0cde21-0c41-48f6-a40c-6b5bd71fa106",
                "kind": "AnalyticsRule",
                "version": "1.0.2",
                "source": {
                  "kind": "Solution",
                  "name": "Amazon Web Services",
                  "sourceId": "azuresentinel.azure-sentinel-solution-amazonwebservices"
                },
                "author": {
                  "name": "Microsoft"
                },
                "support": {
                  "name": "Microsoft Corporation",
                  "email": "support@microsoft.com",
                  "tier": "Microsoft",
                  "link": "https://support.microsoft.com"
                }
              }
            }
          ]
        },
        "packageKind": "Solution",
        "packageVersion": "2.0.5",
        "packageName": "Amazon Web Services",
        "packageId": "azuresentinel.azure-sentinel-solution-amazonwebservices",
        "contentProductId": "azuresentinel.azure-sentinel-solution-amazonwebser-ar-a4iynamval25e",
        "id": "azuresentinel.azure-sentinel-solution-amazonwebser-ar-a4iynamval25e",
        "contentSchemaVersion": "3.0.0"
      }
    }
  ]
}