{
  "$schema": "https://schema.management.azure.com/schemas/2019-04-01/deploymentTemplate.json#",
  "contentVersion": "1.0.0.0",
  "parameters": {
    "location": {
      "type": "string",
      "minLength": 1,
      "defaultValue": "[resourceGroup().location]",
      "metadata": {
        "description": "Not used, but needed to pass arm-ttk test `Location-Should-Not-Be-Hardcoded`.  We instead use the `workspace-location` which is derived from the LA workspace"
      }
    },
    "workspace-location": {
      "type": "string",
      "defaultValue": "",
      "metadata": {
        "description": "[concat('Region to deploy solution resources -- separate from location selection',parameters('location'))]"
      }
    },
    "workspace": {
      "defaultValue": "",
      "type": "string",
      "metadata": {
        "description": "Workspace name for Log Analytics where Microsoft Sentinel is setup"
      }
    }
  },
  "variables": {},
  "resources": [
    {
      "type": "Microsoft.OperationalInsights/workspaces/providers/packages",
      "location": "[parameters('workspace-location')]",
      "apiVersion": "2022-08-01",
      "properties": {
        "packageKind": "Standalone",
        "packageItems": {
          "resources": [
            {
              "type": "Microsoft.OperationalInsights/workspaces/providers/contentTemplates",
              "name": "[concat(parameters('workspace'),'/Microsoft.SecurityInsights/', 'd0aa8969-1bbe-4da3-9e76-09e5f67c9d85')]",
              "location": "[parameters('workspace-location')]",
              "apiVersion": "2022-08-01",
              "properties": {
                "contentId": "d0aa8969-1bbe-4da3-9e76-09e5f67c9d85",
                "displayName": "TI map IP entity to Azure SQL Security Audit Events",
                "contentKind": "AnalyticsRule",
                "mainTemplate": {
                  "$schema": "https://schema.management.azure.com/schemas/2019-04-01/deploymentTemplate.json#",
                  "contentVersion": "1.1.1",
                  "resources": [
                    {
                      "type": "Microsoft.OperationalInsights/workspaces/providers/alertRules",
                      "apiVersion": "2022-04-01-preview",
                      "name": "d0aa8969-1bbe-4da3-9e76-09e5f67c9d85",
                      "kind": "Scheduled",
                      "location": "[parameters('workspace-location')]",
                      "properties": {
                        "description": "Identifies a match in SQLSecurityAuditEvents from any IP IOC from TI",
                        "displayName": "TI map IP entity to Azure SQL Security Audit Events",
                        "enabled": false,
                        "query": "let dt_lookBack = 1h;\nlet ioc_lookBack = 14d;\nThreatIntelligenceIndicator\n| where TimeGenerated >= ago(ioc_lookBack) and ExpirationDateTime > now()\n| summarize LatestIndicatorTime = arg_max(TimeGenerated, *) by IndicatorId\n| where Active == true\n| where isnotempty(NetworkIP) or isnotempty(EmailSourceIpAddress) or isnotempty(NetworkDestinationIP) or isnotempty(NetworkSourceIP)\n| extend TI_ipEntity = iff(isnotempty(NetworkIP), NetworkIP, NetworkDestinationIP)\n| extend TI_ipEntity = iff(isempty(TI_ipEntity) and isnotempty(NetworkSourceIP), NetworkSourceIP, TI_ipEntity)\n| extend TI_ipEntity = iff(isempty(TI_ipEntity) and isnotempty(EmailSourceIpAddress), EmailSourceIpAddress, TI_ipEntity)\n// using innerunique to keep perf fast and result set low, we only need one match to indicate potential malicious activity that needs to be investigated\n| join kind=innerunique (\n      AzureDiagnostics\n      | where TimeGenerated >= ago(dt_lookBack)\n      | where ResourceProvider == 'MICROSOFT.SQL'\n      | where Category == 'SQLSecurityAuditEvents'\n      | extend SQLSecurityAuditEvents_TimeGenerated = TimeGenerated\n      // projecting fields with column if exists as this is in AzureDiag and if the event is not in the table, then queries will fail due to event specific schemas\n      | extend ClientIP = column_ifexists(\"client_ip_s\", \"Not Available\"), Action = column_ifexists(\"action_name_s\", \"Not Available\"), \n      Application = column_ifexists(\"application_name_s\", \"Not Available\"), HostName = column_ifexists(\"host_name_s\", \"Not Available\")\n)\non $left.TI_ipEntity == $right.ClientIP\n| where SQLSecurityAuditEvents_TimeGenerated < ExpirationDateTime\n| summarize SQLSecurityAuditEvents_TimeGenerated = arg_max(SQLSecurityAuditEvents_TimeGenerated, *) by IndicatorId, ClientIP\n| project SQLSecurityAuditEvents_TimeGenerated, Description, ActivityGroupNames, IndicatorId, ThreatType, Url, ExpirationDateTime, ConfidenceScore,\nTI_ipEntity, ResourceId, ClientIP, Action, Application, HostName, NetworkIP, NetworkDestinationIP, NetworkSourceIP, EmailSourceIpAddress\n| extend timestamp = SQLSecurityAuditEvents_TimeGenerated\n",
                        "queryFrequency": "PT1H",
                        "queryPeriod": "P14D",
                        "severity": "Medium",
                        "suppressionDuration": "PT1H",
                        "suppressionEnabled": false,
                        "triggerOperator": "GreaterThan",
                        "triggerThreshold": 0,
                        "tactics": [
                          "Impact"
                        ],
                        "entityMappings": [
                          {
                            "entityType": "IP",
                            "fieldMappings": [
                              {
                                "columnName": "ClientIP",
                                "identifier": "Address"
                              }
                            ]
                          }
                        ]
                      }
                    },
                    {
                      "type": "Microsoft.OperationalInsights/workspaces/providers/metadata",
                      "apiVersion": "2021-03-01-preview",
                      "properties": {
                        "description": "'Identifies a match in SQLSecurityAuditEvents from any IP IOC from TI'\n",
                        "version": "1.1.1",
                        "author": {
                          "name": "Community"
                        },
                        "support": {
                          "name": "Community",
                          "link": "https://github.com/Azure/Azure-Sentinel/issues",
                          "tier": "Community"
                        },
                        "source": {
                          "kind": "Community",
                          "name": "Standalone"
                        },
                        "threatAnalysisTactics": [
                          "Impact"
                        ],
                        "contentId": "d0aa8969-1bbe-4da3-9e76-09e5f67c9d85",
                        "parentId": "d0aa8969-1bbe-4da3-9e76-09e5f67c9d85",
                        "kind": "AnalyticsRule",
                        "dependencies": {
                          "operator": "AND",
                          "criteria": [
                            {
                              "contentId": "ThreatIntelligenceIndicator",
                              "kind": "DataType"
                            },
                            {
                              "contentId": "ThreatIntelligenceIndicator",
                              "kind": "DataType"
                            }
                          ]
                        }
                      }
                    }
                  ]
                }
              }
            }
          ]
        },
        "author": {
          "name": "Community"
        },
        "dependencies": {
          "operator": "AND",
          "criteria": [
            {
              "contentId": "d0aa8969-1bbe-4da3-9e76-09e5f67c9d85",
              "kind": "AnalyticsRule"
            }
          ]
        },
        "description": "'Identifies a match in SQLSecurityAuditEvents from any IP IOC from TI'\n",
        "displayName": "TI map IP entity to Azure SQL Security Audit Events",
        "packageId": "d0aa8969-1bbe-4da3-9e76-09e5f67c9d85",
        "source": {
          "kind": "Community",
          "name": "Standalone"
        },
        "support": {
          "name": "Community",
          "link": "https://github.com/Azure/Azure-Sentinel/issues",
          "tier": "Community"
        },
        "threatAnalysisTactics": [
          "Impact"
        ],
        "version": "1.1.1"
      },
      "name": "[concat(parameters('workspace'),'/Microsoft.SecurityInsights/', 'd0aa8969-1bbe-4da3-9e76-09e5f67c9d85')]"
    }
  ]
}