{
  "$schema": "https://schema.management.azure.com/schemas/2019-04-01/deploymentTemplate.json#",
  "contentVersion": "1.0.0.0",
  "parameters": {
    "location": {
      "type": "string",
      "minLength": 1,
      "defaultValue": "[resourceGroup().location]",
      "metadata": {
        "description": "Not used, but needed to pass arm-ttk test `Location-Should-Not-Be-Hardcoded`.  We instead use the `workspace-location` which is derived from the LA workspace"
      }
    },
    "workspace-location": {
      "type": "string",
      "defaultValue": "",
      "metadata": {
        "description": "[concat('Region to deploy solution resources -- separate from location selection',parameters('location'))]"
      }
    },
    "workspace": {
      "defaultValue": "",
      "type": "string",
      "metadata": {
        "description": "Workspace name for Log Analytics where Microsoft Sentinel is setup"
      }
    }
  },
  "variables": {},
  "resources": [
    {
      "type": "Microsoft.OperationalInsights/workspaces/providers/packages",
      "location": "[parameters('workspace-location')]",
      "apiVersion": "2022-08-01",
      "properties": {
        "packageKind": "Standalone",
        "packageItems": {
          "resources": [
            {
              "type": "Microsoft.OperationalInsights/workspaces/providers/contentTemplates",
              "name": "[concat(parameters('workspace'),'/Microsoft.SecurityInsights/', '1a9dfc1d-6dd2-42e5-81ef-fb90f3d96239')]",
              "location": "[parameters('workspace-location')]",
              "kind": "shared",
              "apiVersion": "2022-08-01",
              "properties": {
                "contentId": "1a9dfc1d-6dd2-42e5-81ef-fb90f3d96239",
                "displayName": "Webserver Executing Suspicious Applications",
                "contentKind": "HuntingQuery",
                "mainTemplate": {
                  "$schema": "https://schema.management.azure.com/schemas/2019-04-01/deploymentTemplate.json#",
                  "contentVersion": "1.0.0",
                  "resources": [
                    {
                      "type": "Microsoft.OperationalInsights/savedSearches",
                      "apiVersion": "2020-08-01",
                      "name": "1a9dfc1d-6dd2-42e5-81ef-fb90f3d96239",
                      "location": "[parameters('workspace-location')]",
                      "properties": {
                        "eTag": "*",
                        "displayName": "Webserver Executing Suspicious Applications",
                        "category": "Hunting Queries",
                        "query": "DeviceProcessEvents\n| where Timestamp > ago(7d)\n| where InitiatingProcessFileName in~ ('w3wp.exe', 'httpd.exe') // 'sqlservr.exe')\n| where FileName in~ ('cmd.exe', 'powershell.exe', 'cscript.exe', 'wscript.exe', 'net.exe', 'net1.exe', 'ping.exe', 'whoami.exe')\n| summarize instances = count() by ProcessCommandLine, FolderPath, DeviceName, DeviceId \n| order by instances asc\n",
                        "version": 2,
                        "tags": [
                          {
                            "name": "description",
                            "value": "This query looks for common webserver process names and identifies any processes launched using a scripting language (cmd, powershell, wscript, cscript), common initial profiling commands (net \\ net1 \\ whoami \\ ping \\ ipconfig),or admin commands (sc).  Note that seeing thisactivity doesn't immediately mean you have a breach, though you might consider  reviewing and honing the where clause to fit your specific web applications.\nThose who don't mind false positives should consider also adding database process names to this list as well (i.e. sqlservr.exe) to identify potential abuse of xp_cmdshell.\n"
                          },
                          {
                            "name": "tactics",
                            "value": "Execution"
                          }
                        ]
                      }
                    },
                    {
                      "type": "Microsoft.OperationalInsights/workspaces/providers/metadata",
                      "apiVersion": "2021-03-01-preview",
                      "name": "[concat(parameters('workspace'),'/Microsoft.SecurityInsights/',concat('huntingQuery-', '1a9dfc1d-6dd2-42e5-81ef-fb90f3d96239'))]",
                      "properties": {
                        "description": "This query looks for common webserver process names and identifies any processes launched using a scripting language (cmd, powershell, wscript, cscript), common initial profiling commands (net \\ net1 \\ whoami \\ ping \\ ipconfig),or admin commands (sc).  Note that seeing thisactivity doesn't immediately mean you have a breach, though you might consider  reviewing and honing the where clause to fit your specific web applications.\nThose who don't mind false positives should consider also adding database process names to this list as well (i.e. sqlservr.exe) to identify potential abuse of xp_cmdshell.\n",
                        "version": "1.0.0",
                        "author": {
                          "name": "Community"
                        },
                        "support": {
                          "name": "Community",
                          "link": "https://github.com/Azure/Azure-Sentinel/issues",
                          "tier": "Community"
                        },
                        "source": {
                          "kind": "Community",
                          "name": "Standalone"
                        },
                        "threatAnalysisTactics": [
                          "Execution"
                        ],
                        "contentId": "1a9dfc1d-6dd2-42e5-81ef-fb90f3d96239",
                        "parentId": "1a9dfc1d-6dd2-42e5-81ef-fb90f3d96239",
                        "kind": "HuntingQuery",
                        "dependencies": {
                          "operator": "AND",
                          "criteria": [
                            {
                              "contentId": "DeviceProcessEvents",
                              "kind": "DataType"
                            }
                          ]
                        }
                      }
                    }
                  ]
                }
              }
            }
          ]
        },
        "author": {
          "name": "Community"
        },
        "dependencies": {
          "operator": "AND",
          "criteria": [
            {
              "contentId": "1a9dfc1d-6dd2-42e5-81ef-fb90f3d96239",
              "kind": "HuntingQuery"
            }
          ]
        },
        "description": "This query looks for common webserver process names and identifies any processes launched using a scripting language (cmd, powershell, wscript, cscript), common initial profiling commands (net \\ net1 \\ whoami \\ ping \\ ipconfig),or admin commands (sc).  Note that seeing thisactivity doesn't immediately mean you have a breach, though you might consider  reviewing and honing the where clause to fit your specific web applications.\nThose who don't mind false positives should consider also adding database process names to this list as well (i.e. sqlservr.exe) to identify potential abuse of xp_cmdshell.\n",
        "displayName": "Webserver Executing Suspicious Applications",
        "packageId": "1a9dfc1d-6dd2-42e5-81ef-fb90f3d96239",
        "source": {
          "kind": "Community",
          "name": "Standalone"
        },
        "support": {
          "name": "Community",
          "link": "https://github.com/Azure/Azure-Sentinel/issues",
          "tier": "Community"
        },
        "threatAnalysisTactics": [
          "Execution"
        ],
        "version": "1.0.0"
      },
      "name": "1a9dfc1d-6dd2-42e5-81ef-fb90f3d96239"
    }
  ]
}