{
  "$schema": "https://schema.management.azure.com/schemas/2019-04-01/deploymentTemplate.json#",
  "parameters": {
    "location": {
      "type": "string",
      "minLength": 1,
      "defaultValue": "[resourceGroup().location]",
      "metadata": {
        "description": "Not used, but needed to pass arm-ttk test `Location-Should-Not-Be-Hardcoded`.  We instead use the `workspace-location` which is derived from the LA workspace"
      }
    },
    "workspace-location": {
      "type": "string",
      "defaultValue": "",
      "metadata": {
        "description": "[concat('Region to deploy solution resources -- separate from location selection',parameters('location'))]"
      }
    },
    "workspace": {
      "defaultValue": "",
      "type": "string",
      "metadata": {
        "description": "Workspace name for Log Analytics where Microsoft Sentinel is setup"
      }
    }
  },
  "variables": {},
  "resources": [
    {
      "type": "Microsoft.OperationalInsights/workspaces/providers/packages",
      "location": "[parameters('workspace-location')]",
      "apiVersion": "2022-08-01",
      "properties": {
        "packageKind": "Standalone",
        "packageItems": {
          "resources": [
            {
              "type": "Microsoft.OperationalInsights/workspaces/providers/contentTemplates",
              "name": "[concat(parameters('workspace'),'/Microsoft.SecurityInsights/', 'a83ef0f4-dace-4767-bce3-ebd32599d2a0')]",
              "location": "[parameters('workspace-location')]",
              "apiVersion": "2022-08-01",
              "properties": {
                "contentId": "a83ef0f4-dace-4767-bce3-ebd32599d2a0",
                "displayName": "DNS events related to ToR proxies",
                "contentKind": "AnalyticsRule",
                "mainTemplate": {
                  "$schema": "https://schema.management.azure.com/schemas/2019-04-01/deploymentTemplate.json#",
                  "contentVersion": "1.0.0",
                  "resources": [
                    {
                      "type": "Microsoft.OperationalInsights/workspaces/providers/alertRules",
                      "apiVersion": "2022-04-01-preview",
                      "name": "[concat(parameters('workspace'),'/Microsoft.SecurityInsights/', '' )]",
                      "kind": "Scheduled",
                      "location": "[parameters('workspace-location')]",
                      "properties": {
                        "description": "Identifies IP addresses performing DNS lookups associated with common ToR proxies.",
                        "displayName": "DNS events related to ToR proxies",
                        "enabled": false,
                        "query": "\nDnsEvents\n| where Name contains \".\"\n| where Name has_any (\"tor2web.org\", \"tor2web.com\", \"torlink.co\", \"onion.to\", \"onion.ink\", \"onion.cab\", \"onion.nu\", \"onion.link\", \n\"onion.it\", \"onion.city\", \"onion.direct\", \"onion.top\", \"onion.casa\", \"onion.plus\", \"onion.rip\", \"onion.dog\", \"tor2web.fi\", \n\"tor2web.blutmagie.de\", \"onion.sh\", \"onion.lu\", \"onion.pet\", \"t2w.pw\", \"tor2web.ae.org\", \"tor2web.io\", \"tor2web.xyz\", \"onion.lt\", \n\"s1.tor-gateways.de\", \"s2.tor-gateways.de\", \"s3.tor-gateways.de\", \"s4.tor-gateways.de\", \"s5.tor-gateways.de\", \"hiddenservice.net\")\n| extend timestamp = TimeGenerated, IPCustomEntity = ClientIP, HostCustomEntity = Computer\n",
                        "queryFrequency": "P1D",
                        "queryPeriod": "P1D",
                        "severity": "Low",
                        "suppressionDuration": "PT1H",
                        "suppressionEnabled": false,
                        "triggerOperator": "GreaterThan",
                        "triggerThreshold": 0,
                        "tactics": [
                          "Exfiltration"
                        ],
                        "entityMappings": [
                          {
                            "entityType": "Host",
                            "fieldMappings": [
                              {
                                "columnName": "HostCustomEntity",
                                "identifier": "FullName"
                              }
                            ]
                          },
                          {
                            "entityType": "IP",
                            "fieldMappings": [
                              {
                                "columnName": "IPCustomEntity",
                                "identifier": "Address"
                              }
                            ]
                          }
                        ]
                      }
                    },
                    {
                      "type": "Microsoft.OperationalInsights/workspaces/providers/metadata",
                      "apiVersion": "2021-03-01-preview",
                      "name": "[concat(parameters('workspace'),'/Microsoft.SecurityInsights/', '')]",
                      "properties": {
                        "description": "'Identifies IP addresses performing DNS lookups associated with common ToR proxies.'\n",
                        "version": "1.0.0",
                        "source": {
                          "kind": "Community"
                        },
                        "threatAnalysisTactics": [
                          "Exfiltration"
                        ],
                        "threatAnalyticsTechniques": [
                          "T1048"
                        ],
                        "contentId": "a83ef0f4-dace-4767-bce3-ebd32599d2a0",
                        "parentId": "a83ef0f4-dace-4767-bce3-ebd32599d2a0",
                        "kind": "AnalyticsRule",
                        "dependencies": {
                          "operator": "AND",
                          "criteria": [
                            {
                              "contentId": "DnsEvents",
                              "kind": "DataType"
                            }
                          ]
                        }
                      }
                    }
                  ]
                }
              }
            }
          ]
        },
        "dependencies": {
          "operator": "AND",
          "criteria": [
            {
              "contentId": "a83ef0f4-dace-4767-bce3-ebd32599d2a0",
              "kind": "AnalyticsRule"
            }
          ]
        },
        "description": "'Identifies IP addresses performing DNS lookups associated with common ToR proxies.'\n",
        "displayName": "DNS events related to ToR proxies",
        "packageId": "a83ef0f4-dace-4767-bce3-ebd32599d2a0",
        "source": {
          "kind": "Community"
        },
        "threatAnalysisTactics": [
          "Exfiltration"
        ],
        "threatAnalyticsTechniques": [
          "T1048"
        ],
        "version": "1.0.0"
      },
      "name": "[concat(parameters('workspace'),'/Microsoft.SecurityInsights/', 'a83ef0f4-dace-4767-bce3-ebd32599d2a0')]"
    }
  ]
}