{
  "$schema": "https://schema.management.azure.com/schemas/2019-04-01/deploymentTemplate.json#",
  "contentVersion": "1.0.0.0",
  "parameters": {
    "location": {
      "type": "string",
      "minLength": 1,
      "defaultValue": "[resourceGroup().location]",
      "metadata": {
        "description": "Not used, but needed to pass arm-ttk test `Location-Should-Not-Be-Hardcoded`.  We instead use the `workspace-location` which is derived from the LA workspace"
      }
    },
    "workspace-location": {
      "type": "string",
      "defaultValue": "",
      "metadata": {
        "description": "[concat('Region to deploy solution resources -- separate from location selection',parameters('location'))]"
      }
    },
    "workspace": {
      "defaultValue": "",
      "type": "string",
      "metadata": {
        "description": "Workspace name for Log Analytics where Microsoft Sentinel is setup"
      }
    }
  },
  "variables": {},
  "resources": [
    {
      "type": "Microsoft.OperationalInsights/workspaces/providers/packages",
      "location": "[parameters('workspace-location')]",
      "apiVersion": "2022-08-01",
      "properties": {
        "packageKind": "Standalone",
        "packageItems": {
          "resources": [
            {
              "type": "Microsoft.OperationalInsights/workspaces/providers/contentTemplates",
              "name": "[concat(parameters('workspace'),'/Microsoft.SecurityInsights/', '056ceb9b-8f07-42b3-853e-ef3779de222e')]",
              "location": "[parameters('workspace-location')]",
              "kind": "shared",
              "apiVersion": "2022-08-01",
              "properties": {
                "contentId": "056ceb9b-8f07-42b3-853e-ef3779de222e",
                "displayName": "Suspected Brute force attack Investigation",
                "contentKind": "HuntingQuery",
                "mainTemplate": {
                  "$schema": "https://schema.management.azure.com/schemas/2019-04-01/deploymentTemplate.json#",
                  "contentVersion": "1.0.0",
                  "resources": [
                    {
                      "type": "Microsoft.OperationalInsights/savedSearches",
                      "apiVersion": "2020-08-01",
                      "name": "056ceb9b-8f07-42b3-853e-ef3779de222e",
                      "location": "[parameters('workspace-location')]",
                      "properties": {
                        "eTag": "*",
                        "displayName": "Suspected Brute force attack Investigation",
                        "category": "Hunting Queries",
                        "query": "let successCodes = dynamic([\"0\", \"50125\", \"50140\", \"70043\", \"70044\"]);\nlet aadFunc = (tableName:string){\n  table(tableName)\n | extend FailureOrSuccess = iff(ResultType in (successCodes), \"Success\", \"Failure\")\n | summarize FailureCount = countif(FailureOrSuccess==\"Failure\"), SuccessCount = countif(FailureOrSuccess==\"Success\") by bin(TimeGenerated, 1h),UserPrincipalName, UserDisplayName, IPAddress\n | where FailureCount > 100\n | where SuccessCount > 0\n | order by UserPrincipalName, TimeGenerated asc\n | extend AccountCustomEntity = UserPrincipalName, IPCustomEntity = IPAddress\n};\nlet aadSignin = aadFunc(\"SigninLogs\");\nlet aadNonInt = aadFunc(\"AADNonInteractiveUserSignInLogs\");\nunion isfuzzy=true aadSignin, aadNonInt\n",
                        "version": 2,
                        "tags": [
                          {
                            "name": "description",
                            "value": "'Summarize all the failures and success events for all users in the last 24 hours, \nonly identify users with more than 100 failures in the set period'\n"
                          },
                          {
                            "name": "techniques",
                            "value": ""
                          },
                          {
                            "name": "tactics",
                            "value": "CredentialAccess"
                          }
                        ]
                      }
                    },
                    {
                      "type": "Microsoft.OperationalInsights/workspaces/providers/metadata",
                      "apiVersion": "2021-03-01-preview",
                      "name": "[concat(parameters('workspace'),'/Microsoft.SecurityInsights/',concat('huntingQuery-', '056ceb9b-8f07-42b3-853e-ef3779de222e'))]",
                      "properties": {
                        "description": "'Summarize all the failures and success events for all users in the last 24 hours, \nonly identify users with more than 100 failures in the set period'\n",
                        "version": "1.0.0",
                        "author": {
                          "name": "Community"
                        },
                        "support": {
                          "name": "Community",
                          "link": "https://github.com/Azure/Azure-Sentinel/issues",
                          "tier": "Community"
                        },
                        "source": {
                          "kind": "Community",
                          "name": "Standalone"
                        },
                        "threatAnalysisTactics": [
                          "CredentialAccess"
                        ],
                        "threatAnalyticsTechniques": [
                          "T1110"
                        ],
                        "contentId": "056ceb9b-8f07-42b3-853e-ef3779de222e",
                        "parentId": "056ceb9b-8f07-42b3-853e-ef3779de222e",
                        "kind": "HuntingQuery",
                        "dependencies": {
                          "operator": "AND",
                          "criteria": [
                            {
                              "contentId": "SigninLogs",
                              "kind": "DataType"
                            },
                            {
                              "contentId": "AADNonInteractiveUserSignInLogs",
                              "kind": "DataType"
                            }
                          ]
                        }
                      }
                    }
                  ]
                }
              }
            }
          ]
        },
        "author": {
          "name": "Community"
        },
        "dependencies": {
          "operator": "AND",
          "criteria": [
            {
              "contentId": "056ceb9b-8f07-42b3-853e-ef3779de222e",
              "kind": "HuntingQuery"
            }
          ]
        },
        "description": "'Summarize all the failures and success events for all users in the last 24 hours, \nonly identify users with more than 100 failures in the set period'\n",
        "displayName": "Suspected Brute force attack Investigation",
        "packageId": "056ceb9b-8f07-42b3-853e-ef3779de222e",
        "source": {
          "kind": "Community",
          "name": "Standalone"
        },
        "support": {
          "name": "Community",
          "link": "https://github.com/Azure/Azure-Sentinel/issues",
          "tier": "Community"
        },
        "threatAnalysisTactics": [
          "CredentialAccess"
        ],
        "threatAnalyticsTechniques": [
          "T1110"
        ],
        "version": "1.0.0"
      },
      "name": "056ceb9b-8f07-42b3-853e-ef3779de222e"
    }
  ]
}