{
  "$schema": "https://schema.management.azure.com/schemas/2019-04-01/deploymentTemplate.json#",
  "contentVersion": "1.0.0.0",
  "parameters": {
    "location": {
      "type": "string",
      "minLength": 1,
      "defaultValue": "[resourceGroup().location]",
      "metadata": {
        "description": "Not used, but needed to pass arm-ttk test `Location-Should-Not-Be-Hardcoded`.  We instead use the `workspace-location` which is derived from the LA workspace"
      }
    },
    "workspace-location": {
      "type": "string",
      "defaultValue": "",
      "metadata": {
        "description": "[concat('Region to deploy solution resources -- separate from location selection',parameters('location'))]"
      }
    },
    "workspace": {
      "defaultValue": "",
      "type": "string",
      "metadata": {
        "description": "Workspace name for Log Analytics where Microsoft Sentinel is setup"
      }
    }
  },
  "variables": {},
  "resources": [
    {
      "type": "Microsoft.OperationalInsights/workspaces/providers/packages",
      "location": "[parameters('workspace-location')]",
      "apiVersion": "2022-08-01",
      "properties": {
        "packageKind": "Standalone",
        "packageItems": {
          "resources": [
            {
              "type": "Microsoft.OperationalInsights/workspaces/providers/contentTemplates",
              "name": "[concat(parameters('workspace'),'/Microsoft.SecurityInsights/', 'd82e1987-4356-4a7b-bc5e-064f29b143c0')]",
              "location": "[parameters('workspace-location')]",
              "apiVersion": "2022-08-01",
              "properties": {
                "contentId": "d82e1987-4356-4a7b-bc5e-064f29b143c0",
                "displayName": "NOBELIUM - suspicious rundll32.exe execution of vbscript",
                "contentKind": "AnalyticsRule",
                "mainTemplate": {
                  "$schema": "https://schema.management.azure.com/schemas/2019-04-01/deploymentTemplate.json#",
                  "contentVersion": "1.1.1",
                  "resources": [
                    {
                      "type": "Microsoft.OperationalInsights/workspaces/providers/alertRules",
                      "apiVersion": "2022-04-01-preview",
                      "name": "d82e1987-4356-4a7b-bc5e-064f29b143c0",
                      "kind": "Scheduled",
                      "location": "[parameters('workspace-location')]",
                      "properties": {
                        "description": "This query idenifies when rundll32.exe executes a specific set of inline VBScript commands\n References: https://www.microsoft.com/security/blog/2021/03/04/goldmax-goldfinder-sibot-analyzing-nobelium-malware/",
                        "displayName": "NOBELIUM - suspicious rundll32.exe execution of vbscript",
                        "enabled": false,
                        "query": "(union isfuzzy=true \n(SecurityEvent\n| where EventID == 4688\n| where Process =~ 'rundll32.exe' \n| where CommandLine has_all ('Execute','RegRead','window.close')\n| project TimeGenerated, Computer, Account, Process, NewProcessName, CommandLine, ParentProcessName, _ResourceId\n| extend timestamp = TimeGenerated, HostCustomEntity = Computer, AccountCustomEntity = Account\n),\n(WindowsEvent\n| where EventID == 4688 and EventData has 'rundll32.exe' and EventData has_any ('Execute','RegRead','window.close')\n| extend NewProcessName = tostring(EventData.NewProcessName)\n| extend Process=tostring(split(NewProcessName, '\\\\')[-1])\n| where Process =~ 'rundll32.exe' \n| extend CommandLine = tostring(EventData.CommandLine)\n| where CommandLine has_all ('Execute','RegRead','window.close')\n| extend Account =  strcat(EventData.SubjectDomainName,\"\\\\\", EventData.SubjectUserName)\n| extend ParentProcessName = tostring(EventData.ParentProcessName)  \n| project TimeGenerated, Computer, Account, Process, NewProcessName, CommandLine, ParentProcessName, _ResourceId\n| extend timestamp = TimeGenerated, HostCustomEntity = Computer, AccountCustomEntity = Account\n) )\n",
                        "queryFrequency": "P1D",
                        "queryPeriod": "P1D",
                        "severity": "Medium",
                        "suppressionDuration": "PT1H",
                        "suppressionEnabled": false,
                        "triggerOperator": "GreaterThan",
                        "triggerThreshold": 0,
                        "tactics": [
                          "Persistence"
                        ],
                        "techniques": [
                          "T1547"
                        ],
                        "entityMappings": [
                          {
                            "entityType": "Account",
                            "fieldMappings": [
                              {
                                "columnName": "AccountCustomEntity",
                                "identifier": "FullName"
                              }
                            ]
                          },
                          {
                            "entityType": "Host",
                            "fieldMappings": [
                              {
                                "columnName": "HostCustomEntity",
                                "identifier": "FullName"
                              }
                            ]
                          }
                        ]
                      }
                    },
                    {
                      "type": "Microsoft.OperationalInsights/workspaces/providers/metadata",
                      "apiVersion": "2021-03-01-preview",
                      "properties": {
                        "description": "'This query idenifies when rundll32.exe executes a specific set of inline VBScript commands\n References: https://www.microsoft.com/security/blog/2021/03/04/goldmax-goldfinder-sibot-analyzing-nobelium-malware/'\n",
                        "version": "1.1.1",
                        "author": {
                          "name": "Community"
                        },
                        "support": {
                          "name": "Community",
                          "link": "https://github.com/Azure/Azure-Sentinel/issues",
                          "tier": "Community"
                        },
                        "source": {
                          "kind": "Community",
                          "name": "Standalone"
                        },
                        "threatAnalysisTactics": [
                          "Persistence"
                        ],
                        "threatAnalyticsTechniques": [
                          "T1547"
                        ],
                        "contentId": "d82e1987-4356-4a7b-bc5e-064f29b143c0",
                        "parentId": "d82e1987-4356-4a7b-bc5e-064f29b143c0",
                        "kind": "AnalyticsRule",
                        "dependencies": {
                          "operator": "AND",
                          "criteria": [
                            {
                              "contentId": "SecurityEvent",
                              "kind": "DataType"
                            },
                            {
                              "contentId": "SecurityEvent",
                              "kind": "DataType"
                            },
                            {
                              "contentId": "SecurityEvents",
                              "kind": "DataType"
                            },
                            {
                              "contentId": "WindowsEvent",
                              "kind": "DataType"
                            }
                          ]
                        }
                      }
                    }
                  ]
                }
              }
            }
          ]
        },
        "author": {
          "name": "Community"
        },
        "dependencies": {
          "operator": "AND",
          "criteria": [
            {
              "contentId": "d82e1987-4356-4a7b-bc5e-064f29b143c0",
              "kind": "AnalyticsRule"
            }
          ]
        },
        "description": "'This query idenifies when rundll32.exe executes a specific set of inline VBScript commands\n References: https://www.microsoft.com/security/blog/2021/03/04/goldmax-goldfinder-sibot-analyzing-nobelium-malware/'\n",
        "displayName": "NOBELIUM - suspicious rundll32.exe execution of vbscript",
        "packageId": "d82e1987-4356-4a7b-bc5e-064f29b143c0",
        "source": {
          "kind": "Community",
          "name": "Standalone"
        },
        "support": {
          "name": "Community",
          "link": "https://github.com/Azure/Azure-Sentinel/issues",
          "tier": "Community"
        },
        "threatAnalysisTactics": [
          "Persistence"
        ],
        "threatAnalyticsTechniques": [
          "T1547"
        ],
        "version": "1.1.1"
      },
      "name": "[concat(parameters('workspace'),'/Microsoft.SecurityInsights/', 'd82e1987-4356-4a7b-bc5e-064f29b143c0')]"
    }
  ]
}