{
  "$schema": "https://schema.management.azure.com/schemas/2019-04-01/deploymentTemplate.json#",
  "contentVersion": "1.0.0.0",
  "parameters": {
    "location": {
      "type": "string",
      "minLength": 1,
      "defaultValue": "[resourceGroup().location]",
      "metadata": {
        "description": "Not used, but needed to pass arm-ttk test `Location-Should-Not-Be-Hardcoded`.  We instead use the `workspace-location` which is derived from the LA workspace"
      }
    },
    "workspace-location": {
      "type": "string",
      "defaultValue": "",
      "metadata": {
        "description": "[concat('Region to deploy solution resources -- separate from location selection',parameters('location'))]"
      }
    },
    "workspace": {
      "defaultValue": "",
      "type": "string",
      "metadata": {
        "description": "Workspace name for Log Analytics where Microsoft Sentinel is setup"
      }
    }
  },
  "variables": {},
  "resources": [
    {
      "type": "Microsoft.OperationalInsights/workspaces/providers/packages",
      "location": "[parameters('workspace-location')]",
      "apiVersion": "2022-08-01",
      "properties": {
        "packageKind": "Standalone",
        "packageItems": {
          "resources": [
            {
              "type": "Microsoft.OperationalInsights/workspaces/providers/contentTemplates",
              "name": "[concat(parameters('workspace'),'/Microsoft.SecurityInsights/', '0d49b34e-ac5a-441f-a79f-672ad045870e')]",
              "location": "[parameters('workspace-location')]",
              "kind": "shared",
              "apiVersion": "2022-08-01",
              "properties": {
                "contentId": "0d49b34e-ac5a-441f-a79f-672ad045870e",
                "displayName": "CredentialsAddAfterAdminConsentedToApp[Nobelium]",
                "contentKind": "HuntingQuery",
                "mainTemplate": {
                  "$schema": "https://schema.management.azure.com/schemas/2019-04-01/deploymentTemplate.json#",
                  "contentVersion": "1.0.0",
                  "resources": [
                    {
                      "type": "Microsoft.OperationalInsights/savedSearches",
                      "apiVersion": "2020-08-01",
                      "name": "0d49b34e-ac5a-441f-a79f-672ad045870e",
                      "location": "[parameters('workspace-location')]",
                      "properties": {
                        "eTag": "*",
                        "displayName": "CredentialsAddAfterAdminConsentedToApp[Nobelium]",
                        "category": "Hunting Queries",
                        "query": "CloudAppEvents\n| where Application == \"Office 365\"\n| where ActionType == \"Consent to application.\"\n| where RawEventData.ModifiedProperties[0].Name == \"ConsentContext.IsAdminConsent\" and RawEventData.ModifiedProperties[0].NewValue == \"True\"\n| extend spnID = tostring(RawEventData.Target[3].ID)\n| parse RawEventData.ModifiedProperties[4].NewValue with * \"=> [[\" dummpy \"Scope: \" After \"]]\" *\n| extend PermissionsGranted = split(After, \"]\",0)\n| project ConsentTime = Timestamp , AccountDisplayName , spnID , PermissionsGranted\n| join (\n CloudAppEvents\n | where Application == \"Office 365\"\n | where ActionType == \"Add service principal credentials.\" or ActionType == \"Update application - Certificates and secrets management \"\n | extend spnID = tostring(RawEventData.Target[3].ID) \n | project AddSecretTime = Timestamp, AccountDisplayName , spnID \n ) on spnID \n| where ConsentTime < AddSecretTime and AccountDisplayName <> AccountDisplayName1\n",
                        "version": 2,
                        "tags": [
                          {
                            "name": "description",
                            "value": "Credentials were added to an application by UserA, after the application was granted admin consent rights by UserB\nThe Nobelium activity group has been observed adding credentials (x509 keys or password credentials) for one or more legitimate OAuth Applications or Service Principals, usually with existing Mail.Read or Mail.ReadWrite permissions, which grants the ability to read mail content from Exchange Online via Microsoft Graph or Outlook REST. Examples include mail archiving applications.\nSee Customer Guidance on Recent Nation-State Cyber Attacks for more on the Nobelium campaign (formerly known as Solorigate).\nSee Grant tenant-wide admin consent to an application for how to add admin consent to an application.\nMore Nobelium-related queries can be found listed under the See also section of this document.\nReferences:\nhttps://msrc-blog.microsoft.com/2020/12/13/customer-guidance-on-recent-nation-state-cyber-attacks/\nhttps://docs.microsoft.com/azure/active-directory/manage-apps/grant-admin-consent\n"
                          },
                          {
                            "name": "tactics",
                            "value": "Persistence"
                          }
                        ]
                      }
                    },
                    {
                      "type": "Microsoft.OperationalInsights/workspaces/providers/metadata",
                      "apiVersion": "2021-03-01-preview",
                      "name": "[concat(parameters('workspace'),'/Microsoft.SecurityInsights/',concat('huntingQuery-', '0d49b34e-ac5a-441f-a79f-672ad045870e'))]",
                      "properties": {
                        "description": "Credentials were added to an application by UserA, after the application was granted admin consent rights by UserB\nThe Nobelium activity group has been observed adding credentials (x509 keys or password credentials) for one or more legitimate OAuth Applications or Service Principals, usually with existing Mail.Read or Mail.ReadWrite permissions, which grants the ability to read mail content from Exchange Online via Microsoft Graph or Outlook REST. Examples include mail archiving applications.\nSee Customer Guidance on Recent Nation-State Cyber Attacks for more on the Nobelium campaign (formerly known as Solorigate).\nSee Grant tenant-wide admin consent to an application for how to add admin consent to an application.\nMore Nobelium-related queries can be found listed under the See also section of this document.\nReferences:\nhttps://msrc-blog.microsoft.com/2020/12/13/customer-guidance-on-recent-nation-state-cyber-attacks/\nhttps://docs.microsoft.com/azure/active-directory/manage-apps/grant-admin-consent\n",
                        "version": "1.0.0",
                        "author": {
                          "name": "Community"
                        },
                        "support": {
                          "name": "Community",
                          "link": "https://github.com/Azure/Azure-Sentinel/issues",
                          "tier": "Community"
                        },
                        "source": {
                          "kind": "Community",
                          "name": "Standalone"
                        },
                        "threatAnalysisTactics": [
                          "Persistence"
                        ],
                        "contentId": "0d49b34e-ac5a-441f-a79f-672ad045870e",
                        "parentId": "0d49b34e-ac5a-441f-a79f-672ad045870e",
                        "kind": "HuntingQuery",
                        "dependencies": {
                          "operator": "AND",
                          "criteria": [
                            {
                              "contentId": "CloudAppEvents",
                              "kind": "DataType"
                            }
                          ]
                        }
                      }
                    }
                  ]
                }
              }
            }
          ]
        },
        "author": {
          "name": "Community"
        },
        "dependencies": {
          "operator": "AND",
          "criteria": [
            {
              "contentId": "0d49b34e-ac5a-441f-a79f-672ad045870e",
              "kind": "HuntingQuery"
            }
          ]
        },
        "description": "Credentials were added to an application by UserA, after the application was granted admin consent rights by UserB\nThe Nobelium activity group has been observed adding credentials (x509 keys or password credentials) for one or more legitimate OAuth Applications or Service Principals, usually with existing Mail.Read or Mail.ReadWrite permissions, which grants the ability to read mail content from Exchange Online via Microsoft Graph or Outlook REST. Examples include mail archiving applications.\nSee Customer Guidance on Recent Nation-State Cyber Attacks for more on the Nobelium campaign (formerly known as Solorigate).\nSee Grant tenant-wide admin consent to an application for how to add admin consent to an application.\nMore Nobelium-related queries can be found listed under the See also section of this document.\nReferences:\nhttps://msrc-blog.microsoft.com/2020/12/13/customer-guidance-on-recent-nation-state-cyber-attacks/\nhttps://docs.microsoft.com/azure/active-directory/manage-apps/grant-admin-consent\n",
        "displayName": "CredentialsAddAfterAdminConsentedToApp[Nobelium]",
        "packageId": "0d49b34e-ac5a-441f-a79f-672ad045870e",
        "source": {
          "kind": "Community",
          "name": "Standalone"
        },
        "support": {
          "name": "Community",
          "link": "https://github.com/Azure/Azure-Sentinel/issues",
          "tier": "Community"
        },
        "threatAnalysisTactics": [
          "Persistence"
        ],
        "version": "1.0.0"
      },
      "name": "0d49b34e-ac5a-441f-a79f-672ad045870e"
    }
  ]
}