{
  "$schema": "https://schema.management.azure.com/schemas/2019-04-01/deploymentTemplate.json#",
  "contentVersion": "1.0.0.0",
  "parameters": {
    "location": {
      "type": "string",
      "minLength": 1,
      "defaultValue": "[resourceGroup().location]",
      "metadata": {
        "description": "Not used, but needed to pass arm-ttk test `Location-Should-Not-Be-Hardcoded`.  We instead use the `workspace-location` which is derived from the LA workspace"
      }
    },
    "workspace-location": {
      "type": "string",
      "defaultValue": "",
      "metadata": {
        "description": "[concat('Region to deploy solution resources -- separate from location selection',parameters('location'))]"
      }
    },
    "workspace": {
      "defaultValue": "",
      "type": "string",
      "metadata": {
        "description": "Workspace name for Log Analytics where Microsoft Sentinel is setup"
      }
    }
  },
  "variables": {},
  "resources": [
    {
      "type": "Microsoft.OperationalInsights/workspaces/providers/packages",
      "location": "[parameters('workspace-location')]",
      "apiVersion": "2022-08-01",
      "properties": {
        "packageKind": "Standalone",
        "packageItems": {
          "resources": [
            {
              "type": "Microsoft.OperationalInsights/workspaces/providers/contentTemplates",
              "name": "[concat(parameters('workspace'),'/Microsoft.SecurityInsights/', '00cb180c-08a8-4e55-a276-63fb1442d5b5')]",
              "location": "[parameters('workspace-location')]",
              "apiVersion": "2022-08-01",
              "properties": {
                "contentId": "00cb180c-08a8-4e55-a276-63fb1442d5b5",
                "displayName": "NOBELIUM - Script payload stored in Registry",
                "contentKind": "AnalyticsRule",
                "mainTemplate": {
                  "$schema": "https://schema.management.azure.com/schemas/2019-04-01/deploymentTemplate.json#",
                  "contentVersion": "1.1.1",
                  "resources": [
                    {
                      "type": "Microsoft.OperationalInsights/workspaces/providers/alertRules",
                      "apiVersion": "2022-04-01-preview",
                      "name": "00cb180c-08a8-4e55-a276-63fb1442d5b5",
                      "kind": "Scheduled",
                      "location": "[parameters('workspace-location')]",
                      "properties": {
                        "description": "This query idenifies when a process execution commandline indicates that a registry value is written to allow for later execution a malicious script\n References: https://www.microsoft.com/security/blog/2021/03/04/goldmax-goldfinder-sibot-analyzing-nobelium-malware/",
                        "displayName": "NOBELIUM - Script payload stored in Registry",
                        "enabled": false,
                        "query": "let cmdTokens0 = dynamic(['vbscript','jscript']);\nlet cmdTokens1 = dynamic(['mshtml','RunHTMLApplication']);\nlet cmdTokens2 = dynamic(['Execute','CreateObject','RegRead','window.close']);\n(union isfuzzy=true \n(SecurityEvent\n| where TimeGenerated >= ago(14d)\n| where EventID == 4688\n| where CommandLine has @'\\Microsoft\\Windows\\CurrentVersion'\n| where not(CommandLine has_any (@'\\Software\\Microsoft\\Windows\\CurrentVersion\\Run', @'\\Software\\Microsoft\\Windows\\CurrentVersion\\RunOnce'))\n// If you are receiving false positives, then it may help to make the query more strict by uncommenting one or both of the lines below to refine the matches\n//| where CommandLine has_any (cmdTokens0)\n//| where CommandLine has_all (cmdTokens1)\n| where CommandLine has_all (cmdTokens2)\n| project TimeGenerated, Computer, Account, Process, NewProcessName, CommandLine, ParentProcessName, _ResourceId\n| extend timestamp = TimeGenerated, HostCustomEntity = Computer, AccountCustomEntity = Account\n),\n(WindowsEvent\n| where TimeGenerated >= ago(14d)\n| where EventID == 4688 and EventData has_all(cmdTokens2) and  EventData has @'\\Microsoft\\Windows\\CurrentVersion'\n| where not(EventData has_any (@'\\Software\\Microsoft\\Windows\\CurrentVersion\\Run', @'\\Software\\Microsoft\\Windows\\CurrentVersion\\RunOnce'))\n| extend CommandLine = tostring(EventData.CommandLine)\n| where CommandLine has @'\\Microsoft\\Windows\\CurrentVersion'\n| where not(CommandLine has_any (@'\\Software\\Microsoft\\Windows\\CurrentVersion\\Run', @'\\Software\\Microsoft\\Windows\\CurrentVersion\\RunOnce'))\n// If you are receiving false positives, then it may help to make the query more strict by uncommenting one or both of the lines below to refine the matches\n//| where CommandLine has_any (cmdTokens0)\n//| where CommandLine has_all (cmdTokens1)\n| where CommandLine has_all (cmdTokens2)\n| extend Account =  strcat(EventData.SubjectDomainName,\"\\\\\", EventData.SubjectUserName)\n| extend NewProcessName = tostring(EventData.NewProcessName)\n| extend Process=tostring(split(NewProcessName, '\\\\')[-1])\n| extend ParentProcessName = tostring(EventData.ParentProcessName)  \n| project TimeGenerated, Computer, Account, Process, NewProcessName, CommandLine, ParentProcessName, _ResourceId\n| extend timestamp = TimeGenerated, HostCustomEntity = Computer, AccountCustomEntity = Account))\n",
                        "queryFrequency": "P1D",
                        "queryPeriod": "P1D",
                        "severity": "Medium",
                        "suppressionDuration": "PT1H",
                        "suppressionEnabled": false,
                        "triggerOperator": "GreaterThan",
                        "triggerThreshold": 0,
                        "tactics": [
                          "Execution"
                        ],
                        "techniques": [
                          "T1059"
                        ],
                        "entityMappings": [
                          {
                            "entityType": "Account",
                            "fieldMappings": [
                              {
                                "columnName": "AccountCustomEntity",
                                "identifier": "FullName"
                              }
                            ]
                          },
                          {
                            "entityType": "Host",
                            "fieldMappings": [
                              {
                                "columnName": "HostCustomEntity",
                                "identifier": "FullName"
                              }
                            ]
                          }
                        ]
                      }
                    },
                    {
                      "type": "Microsoft.OperationalInsights/workspaces/providers/metadata",
                      "apiVersion": "2021-03-01-preview",
                      "properties": {
                        "description": "'This query idenifies when a process execution commandline indicates that a registry value is written to allow for later execution a malicious script\n References: https://www.microsoft.com/security/blog/2021/03/04/goldmax-goldfinder-sibot-analyzing-nobelium-malware/'\n",
                        "version": "1.1.1",
                        "author": {
                          "name": "Community"
                        },
                        "support": {
                          "name": "Community",
                          "link": "https://github.com/Azure/Azure-Sentinel/issues",
                          "tier": "Community"
                        },
                        "source": {
                          "kind": "Community",
                          "name": "Standalone"
                        },
                        "threatAnalysisTactics": [
                          "Execution"
                        ],
                        "threatAnalyticsTechniques": [
                          "T1059"
                        ],
                        "contentId": "00cb180c-08a8-4e55-a276-63fb1442d5b5",
                        "parentId": "00cb180c-08a8-4e55-a276-63fb1442d5b5",
                        "kind": "AnalyticsRule",
                        "dependencies": {
                          "operator": "AND",
                          "criteria": [
                            {
                              "contentId": "SecurityEvent",
                              "kind": "DataType"
                            },
                            {
                              "contentId": "SecurityEvent",
                              "kind": "DataType"
                            },
                            {
                              "contentId": "SecurityEvents",
                              "kind": "DataType"
                            },
                            {
                              "contentId": "WindowsEvent",
                              "kind": "DataType"
                            }
                          ]
                        }
                      }
                    }
                  ]
                }
              }
            }
          ]
        },
        "author": {
          "name": "Community"
        },
        "dependencies": {
          "operator": "AND",
          "criteria": [
            {
              "contentId": "00cb180c-08a8-4e55-a276-63fb1442d5b5",
              "kind": "AnalyticsRule"
            }
          ]
        },
        "description": "'This query idenifies when a process execution commandline indicates that a registry value is written to allow for later execution a malicious script\n References: https://www.microsoft.com/security/blog/2021/03/04/goldmax-goldfinder-sibot-analyzing-nobelium-malware/'\n",
        "displayName": "NOBELIUM - Script payload stored in Registry",
        "packageId": "00cb180c-08a8-4e55-a276-63fb1442d5b5",
        "source": {
          "kind": "Community",
          "name": "Standalone"
        },
        "support": {
          "name": "Community",
          "link": "https://github.com/Azure/Azure-Sentinel/issues",
          "tier": "Community"
        },
        "threatAnalysisTactics": [
          "Execution"
        ],
        "threatAnalyticsTechniques": [
          "T1059"
        ],
        "version": "1.1.1"
      },
      "name": "[concat(parameters('workspace'),'/Microsoft.SecurityInsights/', '00cb180c-08a8-4e55-a276-63fb1442d5b5')]"
    }
  ]
}