{
  "$schema": "https://schema.management.azure.com/schemas/2019-04-01/deploymentTemplate.json#",
  "parameters": {
    "location": {
      "type": "string",
      "minLength": 1,
      "defaultValue": "[resourceGroup().location]",
      "metadata": {
        "description": "Not used, but needed to pass arm-ttk test `Location-Should-Not-Be-Hardcoded`.  We instead use the `workspace-location` which is derived from the LA workspace"
      }
    },
    "workspace-location": {
      "type": "string",
      "defaultValue": "",
      "metadata": {
        "description": "[concat('Region to deploy solution resources -- separate from location selection',parameters('location'))]"
      }
    },
    "workspace": {
      "defaultValue": "",
      "type": "string",
      "metadata": {
        "description": "Workspace name for Log Analytics where Microsoft Sentinel is setup"
      }
    }
  },
  "variables": {},
  "resources": [
    {
      "type": "Microsoft.OperationalInsights/workspaces/providers/packages",
      "location": "[parameters('workspace-location')]",
      "apiVersion": "2022-08-01",
      "properties": {
        "packageKind": "Standalone",
        "packageItems": {
          "resources": [
            {
              "type": "Microsoft.OperationalInsights/workspaces/providers/contentTemplates",
              "name": "[concat(parameters('workspace'),'/Microsoft.SecurityInsights/', '85aca4d1-5d15-4001-abd9-acb86ca1786a')]",
              "location": "[parameters('workspace-location')]",
              "apiVersion": "2022-08-01",
              "properties": {
                "contentId": "85aca4d1-5d15-4001-abd9-acb86ca1786a",
                "displayName": "TI map Domain entity to DnsEvents",
                "contentKind": "AnalyticsRule",
                "mainTemplate": {
                  "$schema": "https://schema.management.azure.com/schemas/2019-04-01/deploymentTemplate.json#",
                  "contentVersion": "1.2.2",
                  "resources": [
                    {
                      "type": "Microsoft.OperationalInsights/workspaces/providers/alertRules",
                      "apiVersion": "2022-04-01-preview",
                      "name": "[concat(parameters('workspace'),'/Microsoft.SecurityInsights/', '' )]",
                      "kind": "Scheduled",
                      "location": "[parameters('workspace-location')]",
                      "properties": {
                        "description": "Identifies a match in DnsEvents from any Domain IOC from TI",
                        "displayName": "TI map Domain entity to DnsEvents",
                        "enabled": false,
                        "query": "\nlet dt_lookBack = 1h;\nlet ioc_lookBack = 14d;\n//Create a list of TLDs in our threat feed for later validation\nlet list_tlds = ThreatIntelligenceIndicator\n| where TimeGenerated > ago(ioc_lookBack)\n| where isnotempty(DomainName)\n| extend parts = split(DomainName, '.')\n| extend tld = parts[(array_length(parts)-1)]\n| summarize count() by tostring(tld)\n| summarize make_list(tld);\nThreatIntelligenceIndicator\n| where TimeGenerated >= ago(ioc_lookBack) and ExpirationDateTime > now()\n| summarize LatestIndicatorTime = arg_max(TimeGenerated, *) by IndicatorId\n| where Active == true\n// Picking up only IOC's that contain the entities we want\n| where isnotempty(DomainName)\n// using innerunique to keep perf fast and result set low, we only need one match to indicate potential malicious activity that needs to be investigated\n| join kind=innerunique (\n     DnsEvents\n    | where TimeGenerated > ago(dt_lookBack)\n    //Extract domain patterns from syslog message\n    | where isnotempty(Name)\n    | extend parts = split(Name, '.')\n    //Split out the TLD\n    | extend tld = parts[(array_length(parts)-1)]\n    //Validate parsed domain by checking if the TLD is in the list of TLDs in our threat feed\n    | where tld in~ (list_tlds)\n    | extend DNS_TimeGenerated = TimeGenerated\n) on $left.DomainName==$right.Name\n| where DNS_TimeGenerated < ExpirationDateTime\n| summarize DNS_TimeGenerated  = arg_max(DNS_TimeGenerated , *) by IndicatorId, Name\n| project DNS_TimeGenerated, Description, ActivityGroupNames, IndicatorId, ThreatType, ExpirationDateTime, ConfidenceScore, Url, Computer, ClientIP, Name, QueryType\n| extend timestamp = DNS_TimeGenerated, HostCustomEntity = Computer, IPCustomEntity = ClientIP, URLCustomEntity = Url\n",
                        "queryFrequency": "PT1H",
                        "queryPeriod": "P14D",
                        "severity": "Medium",
                        "suppressionDuration": "PT1H",
                        "suppressionEnabled": false,
                        "triggerOperator": "GreaterThan",
                        "triggerThreshold": 0,
                        "tactics": [
                          "Impact"
                        ],
                        "entityMappings": [
                          {
                            "entityType": "Host",
                            "fieldMappings": [
                              {
                                "columnName": "HostCustomEntity",
                                "identifier": "FullName"
                              }
                            ]
                          },
                          {
                            "entityType": "IP",
                            "fieldMappings": [
                              {
                                "columnName": "IPCustomEntity",
                                "identifier": "Address"
                              }
                            ]
                          },
                          {
                            "entityType": "URL",
                            "fieldMappings": [
                              {
                                "columnName": "URLCustomEntity",
                                "identifier": "Url"
                              }
                            ]
                          }
                        ]
                      }
                    },
                    {
                      "type": "Microsoft.OperationalInsights/workspaces/providers/metadata",
                      "apiVersion": "2021-03-01-preview",
                      "name": "[concat(parameters('workspace'),'/Microsoft.SecurityInsights/', '')]",
                      "properties": {
                        "description": "'Identifies a match in DnsEvents from any Domain IOC from TI'\n",
                        "version": "1.2.2",
                        "source": {
                          "kind": "Community"
                        },
                        "threatAnalysisTactics": [
                          "Impact"
                        ],
                        "contentId": "85aca4d1-5d15-4001-abd9-acb86ca1786a",
                        "parentId": "85aca4d1-5d15-4001-abd9-acb86ca1786a",
                        "kind": "AnalyticsRule",
                        "dependencies": {
                          "operator": "AND",
                          "criteria": [
                            {
                              "contentId": "DnsEvents",
                              "kind": "DataType"
                            },
                            {
                              "contentId": "ThreatIntelligenceIndicator",
                              "kind": "DataType"
                            },
                            {
                              "contentId": "ThreatIntelligenceIndicator",
                              "kind": "DataType"
                            }
                          ]
                        }
                      }
                    }
                  ]
                }
              }
            }
          ]
        },
        "dependencies": {
          "operator": "AND",
          "criteria": [
            {
              "contentId": "85aca4d1-5d15-4001-abd9-acb86ca1786a",
              "kind": "AnalyticsRule"
            }
          ]
        },
        "description": "'Identifies a match in DnsEvents from any Domain IOC from TI'\n",
        "displayName": "TI map Domain entity to DnsEvents",
        "packageId": "85aca4d1-5d15-4001-abd9-acb86ca1786a",
        "source": {
          "kind": "Community"
        },
        "threatAnalysisTactics": [
          "Impact"
        ],
        "version": "1.2.2"
      },
      "name": "[concat(parameters('workspace'),'/Microsoft.SecurityInsights/', '85aca4d1-5d15-4001-abd9-acb86ca1786a')]"
    }
  ]
}