{
  "$schema": "https://schema.management.azure.com/schemas/2019-04-01/deploymentTemplate.json#",
  "contentVersion": "1.0.0.0",
  "parameters": {
    "location": {
      "type": "string",
      "minLength": 1,
      "defaultValue": "[resourceGroup().location]",
      "metadata": {
        "description": "Not used, but needed to pass arm-ttk test `Location-Should-Not-Be-Hardcoded`.  We instead use the `workspace-location` which is derived from the LA workspace"
      }
    },
    "workspace-location": {
      "type": "string",
      "defaultValue": "",
      "metadata": {
        "description": "[concat('Region to deploy solution resources -- separate from location selection',parameters('location'))]"
      }
    },
    "workspace": {
      "defaultValue": "",
      "type": "string",
      "metadata": {
        "description": "Workspace name for Log Analytics where Microsoft Sentinel is setup"
      }
    }
  },
  "variables": {},
  "resources": [
    {
      "type": "Microsoft.OperationalInsights/workspaces/providers/packages",
      "location": "[parameters('workspace-location')]",
      "apiVersion": "2022-08-01",
      "properties": {
        "packageKind": "Standalone",
        "packageItems": {
          "resources": [
            {
              "type": "Microsoft.OperationalInsights/workspaces/providers/contentTemplates",
              "name": "[concat(parameters('workspace'),'/Microsoft.SecurityInsights/', '0605673c-8363-40b3-bbe2-ac1a2c17d116')]",
              "location": "[parameters('workspace-location')]",
              "kind": "shared",
              "apiVersion": "2022-08-01",
              "properties": {
                "contentId": "0605673c-8363-40b3-bbe2-ac1a2c17d116",
                "displayName": "powershell-activity-after-email-from-malicious-sender",
                "contentKind": "HuntingQuery",
                "mainTemplate": {
                  "$schema": "https://schema.management.azure.com/schemas/2019-04-01/deploymentTemplate.json#",
                  "contentVersion": "1.0.0",
                  "resources": [
                    {
                      "type": "Microsoft.OperationalInsights/savedSearches",
                      "apiVersion": "2020-08-01",
                      "name": "0605673c-8363-40b3-bbe2-ac1a2c17d116",
                      "location": "[parameters('workspace-location')]",
                      "properties": {
                        "eTag": "*",
                        "displayName": "powershell-activity-after-email-from-malicious-sender",
                        "category": "Hunting Queries",
                        "query": "//Find PowerShell activities right after email was received from malicious sender\nlet x=EmailEvents\n| where SenderFromAddress =~ \"MaliciousSender@example.com\"\n| project TimeEmail = Timestamp, Subject, SenderFromAddress, AccountName = tostring(split(RecipientEmailAddress, \"@\")[0]);\nx\n| join (\nDeviceProcessEvents\n| where FileName =~ \"powershell.exe\"\n//| where InitiatingProcessParentFileName =~ \"outlook.exe\"\n| project TimeProc = Timestamp, AccountName, DeviceName, InitiatingProcessParentFileName, InitiatingProcessFileName, FileName, ProcessCommandLine\n) on AccountName \n| where (TimeProc - TimeEmail) between (0min.. 30min)\n",
                        "version": 2,
                        "tags": [
                          {
                            "name": "description",
                            "value": "Malicious emails often contain documents and other specially crafted attachments that run PowerShell commands to deliver additional payloads. If you are aware of emails coming from a known malicious sender, you can use this query to list and review PowerShell activities that occurred within 30 minutes after an email was received from the sender .\n"
                          },
                          {
                            "name": "tactics",
                            "value": "Execution"
                          }
                        ]
                      }
                    },
                    {
                      "type": "Microsoft.OperationalInsights/workspaces/providers/metadata",
                      "apiVersion": "2021-03-01-preview",
                      "name": "[concat(parameters('workspace'),'/Microsoft.SecurityInsights/',concat('huntingQuery-', '0605673c-8363-40b3-bbe2-ac1a2c17d116'))]",
                      "properties": {
                        "description": "Malicious emails often contain documents and other specially crafted attachments that run PowerShell commands to deliver additional payloads. If you are aware of emails coming from a known malicious sender, you can use this query to list and review PowerShell activities that occurred within 30 minutes after an email was received from the sender .\n",
                        "version": "1.0.0",
                        "author": {
                          "name": "Community"
                        },
                        "support": {
                          "name": "Community",
                          "link": "https://github.com/Azure/Azure-Sentinel/issues",
                          "tier": "Community"
                        },
                        "source": {
                          "kind": "Community",
                          "name": "Standalone"
                        },
                        "threatAnalysisTactics": [
                          "Execution"
                        ],
                        "contentId": "0605673c-8363-40b3-bbe2-ac1a2c17d116",
                        "parentId": "0605673c-8363-40b3-bbe2-ac1a2c17d116",
                        "kind": "HuntingQuery",
                        "dependencies": {
                          "operator": "AND",
                          "criteria": [
                            {
                              "contentId": "EmailEvents",
                              "kind": "DataType"
                            },
                            {
                              "contentId": "DeviceProcessEvents",
                              "kind": "DataType"
                            }
                          ]
                        }
                      }
                    }
                  ]
                }
              }
            }
          ]
        },
        "author": {
          "name": "Community"
        },
        "dependencies": {
          "operator": "AND",
          "criteria": [
            {
              "contentId": "0605673c-8363-40b3-bbe2-ac1a2c17d116",
              "kind": "HuntingQuery"
            }
          ]
        },
        "description": "Malicious emails often contain documents and other specially crafted attachments that run PowerShell commands to deliver additional payloads. If you are aware of emails coming from a known malicious sender, you can use this query to list and review PowerShell activities that occurred within 30 minutes after an email was received from the sender .\n",
        "displayName": "powershell-activity-after-email-from-malicious-sender",
        "packageId": "0605673c-8363-40b3-bbe2-ac1a2c17d116",
        "source": {
          "kind": "Community",
          "name": "Standalone"
        },
        "support": {
          "name": "Community",
          "link": "https://github.com/Azure/Azure-Sentinel/issues",
          "tier": "Community"
        },
        "threatAnalysisTactics": [
          "Execution"
        ],
        "version": "1.0.0"
      },
      "name": "0605673c-8363-40b3-bbe2-ac1a2c17d116"
    }
  ]
}