{
  "$schema": "https://schema.management.azure.com/schemas/2019-04-01/deploymentTemplate.json#",
  "parameters": {
    "location": {
      "type": "string",
      "minLength": 1,
      "defaultValue": "[resourceGroup().location]",
      "metadata": {
        "description": "Not used, but needed to pass arm-ttk test `Location-Should-Not-Be-Hardcoded`.  We instead use the `workspace-location` which is derived from the LA workspace"
      }
    },
    "workspace-location": {
      "type": "string",
      "defaultValue": "",
      "metadata": {
        "description": "[concat('Region to deploy solution resources -- separate from location selection',parameters('location'))]"
      }
    },
    "workspace": {
      "defaultValue": "",
      "type": "string",
      "metadata": {
        "description": "Workspace name for Log Analytics where Microsoft Sentinel is setup"
      }
    }
  },
  "variables": {},
  "resources": [
    {
      "type": "Microsoft.OperationalInsights/workspaces/providers/packages",
      "location": "[parameters('workspace-location')]",
      "apiVersion": "2022-08-01",
      "properties": {
        "packageKind": "Standalone",
        "packageItems": {
          "resources": [
            {
              "type": "Microsoft.OperationalInsights/workspaces/providers/contentTemplates",
              "name": "[concat(parameters('workspace'),'/Microsoft.SecurityInsights/', 'a4ce20ae-a2e4-4d50-b40d-d49f1353b6cc')]",
              "location": "[parameters('workspace-location')]",
              "apiVersion": "2022-08-01",
              "properties": {
                "contentId": "a4ce20ae-a2e4-4d50-b40d-d49f1353b6cc",
                "displayName": "IP address of Windows host encoded in web request",
                "contentKind": "AnalyticsRule",
                "mainTemplate": {
                  "$schema": "https://schema.management.azure.com/schemas/2019-04-01/deploymentTemplate.json#",
                  "contentVersion": "1.0.0",
                  "resources": [
                    {
                      "type": "Microsoft.OperationalInsights/workspaces/providers/alertRules",
                      "apiVersion": "2022-04-01-preview",
                      "name": "[concat(parameters('workspace'),'/Microsoft.SecurityInsights/', '' )]",
                      "kind": "Scheduled",
                      "location": "[parameters('workspace-location')]",
                      "properties": {
                        "description": "This detection will identify network requests in HTTP proxy data that contains Base64 encoded IP addresses. After identifying candidates the query\njoins with DeviceNetworkEvents to idnetify any machine within the network using that IP address. Alerts indicate that the IP address of a machine\nwithin your network was seen with it's IP address base64 encoded in an outbounf web request. This method of egressing the IP was seen used in POLONIUM's\nRunningRAT tool, however the detection is generic.",
                        "displayName": "IP address of Windows host encoded in web request",
                        "enabled": false,
                        "query": "// Extracts plaintext IPv4 addresses\nlet ipv4_plaintext_extraction_regex = @\"((?:(?:[0-9]|[1-9][0-9]|1[0-9][0-9]|2[0-4][0-9]|25[0-5])(?:\\.)){3}(?:[0-9]|[1-9][0-9]|1[0-9][0-9]|2[0-4][0-9]|25[0-5]){1,3})\";\n// Identified base64 encoded IPv4 addresses\nlet ipv4_encoded_identification_regex = @\"\\=([a-zA-Z0-9\\/\\+]*(?:(?:MC|Au|wL|MS|Eu|xL|Mi|Iu|yL|My|Mu|zL|NC|Qu|0L|NS|Uu|1L|Ni|Yu|2L|Ny|cu|3L|OC|gu|4L|OS|ku|5L){1}[a-zA-Z0-9\\/\\+]{2,4}){3}[a-zA-Z0-9\\/\\+\\=]*)\";\n// Extractes IPv4 addresses as hex values\nlet ipv4_decoded_hex_extract = @\"((?:(?:61|62|63|64|65|66|67|68|69|6a|6b|6c|6d|6e|6f|70|71|72|73|74|75|76|77|78|79|7a|41|42|43|44|45|46|47|48|49|4a|4b|4c|4d|4e|4f|50|51|52|53|54|55|56|57|58|59|5a|2f|2b|3d),){7,15})\";\nCommonSecurityLog\n| where isnotempty(RequestURL)\n// Identify requests with encoded IPv4 addresses\n| where RequestURL matches regex ipv4_encoded_identification_regex\n| project TimeGenerated, RequestURL\n// Extract IP candidates in their base64 encoded format, significantly reducing the dataset\n| extend extracted_encoded_ip_candidate = extract_all(ipv4_encoded_identification_regex, RequestURL)\n// We could have more than one candidate, expand them out\n| mv-expand extracted_encoded_ip_candidate to typeof(string)\n| summarize Start=min(TimeGenerated), End=max(TimeGenerated), make_set(RequestURL) by extracted_encoded_ip_candidate\n// Pad if we need to\n| extend extracted_encoded_ip_candidate = iff(strlen(extracted_encoded_ip_candidate) % 2 == 0, extracted_encoded_ip_candidate, strcat(extracted_encoded_ip_candidate, \"=\"))\n// Now decode the candidate to a long array, we cannot go straight to string as it cannot handle non-UTF8, we need to strip that first\n| extend extracted_encoded_ip_candidate = tostring(base64_decode_toarray(extracted_encoded_ip_candidate))\n// Extract the IP candidates from the array\n| extend hex_extracted = extract_all(ipv4_decoded_hex_extract, extracted_encoded_ip_candidate)\n// Expand, it's still possible that we might have more than 1 IP\n| mv-expand hex_extracted\n// Now we should have a clean string. We need to put it back into a dynamic array to convert back to a string.\n| extend hex_extracted = trim_end(\",\", tostring(hex_extracted))\n| extend hex_extracted = strcat(\"[\",hex_extracted,\"]\")\n| extend hex_extracted = todynamic(hex_extracted)\n| extend extracted_encoded_ip_candidate = todynamic(extracted_encoded_ip_candidate)\n// Convert the array back into a string\n| extend decoded_ip_candidate = make_string(hex_extracted)\n| summarize by decoded_ip_candidate, tostring(set_RequestURL), Start, End\n// Now the IP candidates will be in plaintext, extract the IPs using a regex\n| extend ipmatch = extract_all(ipv4_plaintext_extraction_regex, decoded_ip_candidate)\n// If it's not an IP, throw it out\n| where isnotnull(ipmatch)\n| mv-expand ipmatch to typeof(string)\n// Join with DeviceNetworkEvents to find instances where an IP of a machine in our MDE estate sent it's IP in a base64 encoded string\n| join (\n    DeviceNetworkEvents\n    | summarize make_set(DeviceId), make_set(DeviceName) by RemoteIP\n) on $left.ipmatch == $right.RemoteIP\n| project Start, End, IPmatch=ipmatch, RequestURL=set_RequestURL, DeviceNames=set_DeviceName, DeviceIds=set_DeviceId, RemoteIP\n",
                        "queryFrequency": "P1D",
                        "queryPeriod": "P1D",
                        "severity": "Medium",
                        "suppressionDuration": "PT1H",
                        "suppressionEnabled": false,
                        "triggerOperator": "GreaterThan",
                        "triggerThreshold": 0,
                        "tactics": [
                          "Exfiltration",
                          "CommandAndControl"
                        ],
                        "entityMappings": [
                          {
                            "entityType": "IP",
                            "fieldMappings": [
                              {
                                "columnName": "IPmatch",
                                "identifier": "Address"
                              }
                            ]
                          },
                          {
                            "entityType": "Host",
                            "fieldMappings": [
                              {
                                "columnName": "DeviceNames",
                                "identifier": "HostName"
                              }
                            ]
                          },
                          {
                            "entityType": "URL",
                            "fieldMappings": [
                              {
                                "columnName": "RequestURL",
                                "identifier": "Url"
                              }
                            ]
                          }
                        ]
                      }
                    },
                    {
                      "type": "Microsoft.OperationalInsights/workspaces/providers/metadata",
                      "apiVersion": "2021-03-01-preview",
                      "name": "[concat(parameters('workspace'),'/Microsoft.SecurityInsights/', '')]",
                      "properties": {
                        "description": "'This detection will identify network requests in HTTP proxy data that contains Base64 encoded IP addresses. After identifying candidates the query\njoins with DeviceNetworkEvents to idnetify any machine within the network using that IP address. Alerts indicate that the IP address of a machine\nwithin your network was seen with it's IP address base64 encoded in an outbounf web request. This method of egressing the IP was seen used in POLONIUM's\nRunningRAT tool, however the detection is generic.'\n",
                        "version": "1.0.0",
                        "source": {
                          "kind": "Community"
                        },
                        "threatAnalysisTactics": [
                          "Exfiltration",
                          "CommandAndControl"
                        ],
                        "threatAnalyticsTechniques": [
                          "T1041",
                          "T1071.001"
                        ],
                        "contentId": "a4ce20ae-a2e4-4d50-b40d-d49f1353b6cc",
                        "parentId": "a4ce20ae-a2e4-4d50-b40d-d49f1353b6cc",
                        "kind": "AnalyticsRule",
                        "dependencies": {
                          "operator": "AND",
                          "criteria": [
                            {
                              "contentId": "CommonSecurityLog",
                              "kind": "DataType"
                            },
                            {
                              "contentId": "CommonSecurityLog",
                              "kind": "DataType"
                            },
                            {
                              "contentId": "CommonSecurityLog",
                              "kind": "DataType"
                            },
                            {
                              "contentId": "CommonSecurityLog",
                              "kind": "DataType"
                            },
                            {
                              "contentId": "DeviceNetworkEvents",
                              "kind": "DataType"
                            }
                          ]
                        }
                      }
                    }
                  ]
                }
              }
            }
          ]
        },
        "dependencies": {
          "operator": "AND",
          "criteria": [
            {
              "contentId": "a4ce20ae-a2e4-4d50-b40d-d49f1353b6cc",
              "kind": "AnalyticsRule"
            }
          ]
        },
        "description": "'This detection will identify network requests in HTTP proxy data that contains Base64 encoded IP addresses. After identifying candidates the query\njoins with DeviceNetworkEvents to idnetify any machine within the network using that IP address. Alerts indicate that the IP address of a machine\nwithin your network was seen with it's IP address base64 encoded in an outbounf web request. This method of egressing the IP was seen used in POLONIUM's\nRunningRAT tool, however the detection is generic.'\n",
        "displayName": "IP address of Windows host encoded in web request",
        "packageId": "a4ce20ae-a2e4-4d50-b40d-d49f1353b6cc",
        "source": {
          "kind": "Community"
        },
        "threatAnalysisTactics": [
          "Exfiltration",
          "CommandAndControl"
        ],
        "threatAnalyticsTechniques": [
          "T1041",
          "T1071.001"
        ],
        "version": "1.0.0"
      },
      "name": "[concat(parameters('workspace'),'/Microsoft.SecurityInsights/', 'a4ce20ae-a2e4-4d50-b40d-d49f1353b6cc')]"
    }
  ]
}