{
  "$schema": "https://schema.management.azure.com/schemas/2019-04-01/deploymentTemplate.json#",
  "contentVersion": "1.0.0.0",
  "parameters": {
    "location": {
      "type": "string",
      "minLength": 1,
      "defaultValue": "[resourceGroup().location]",
      "metadata": {
        "description": "Not used, but needed to pass arm-ttk test `Location-Should-Not-Be-Hardcoded`.  We instead use the `workspace-location` which is derived from the LA workspace"
      }
    },
    "workspace-location": {
      "type": "string",
      "defaultValue": "",
      "metadata": {
        "description": "[concat('Region to deploy solution resources -- separate from location selection',parameters('location'))]"
      }
    },
    "workspace": {
      "defaultValue": "",
      "type": "string",
      "metadata": {
        "description": "Workspace name for Log Analytics where Microsoft Sentinel is setup"
      }
    }
  },
  "variables": {},
  "resources": [
    {
      "type": "Microsoft.OperationalInsights/workspaces/providers/packages",
      "location": "[parameters('workspace-location')]",
      "apiVersion": "2022-08-01",
      "properties": {
        "packageKind": "Standalone",
        "packageItems": {
          "resources": [
            {
              "type": "Microsoft.OperationalInsights/workspaces/providers/contentTemplates",
              "name": "[concat(parameters('workspace'),'/Microsoft.SecurityInsights/', '0be1295f-b417-477b-95d1-82ce7c43fa03')]",
              "location": "[parameters('workspace-location')]",
              "kind": "shared",
              "apiVersion": "2022-08-01",
              "properties": {
                "contentId": "0be1295f-b417-477b-95d1-82ce7c43fa03",
                "displayName": "cve-2019-0808-c2",
                "contentKind": "HuntingQuery",
                "mainTemplate": {
                  "$schema": "https://schema.management.azure.com/schemas/2019-04-01/deploymentTemplate.json#",
                  "contentVersion": "1.0.0",
                  "resources": [
                    {
                      "type": "Microsoft.OperationalInsights/savedSearches",
                      "apiVersion": "2020-08-01",
                      "name": "0be1295f-b417-477b-95d1-82ce7c43fa03",
                      "location": "[parameters('workspace-location')]",
                      "properties": {
                        "eTag": "*",
                        "displayName": "cve-2019-0808-c2",
                        "category": "Hunting Queries",
                        "query": "//Network Communication to C&C \nDeviceNetworkEvents \n| where Timestamp > ago(14d) \n| where RemoteUrl  in(\"luckluck.blog\", \"fffun-video.biz\") //Dest Address DNS \nor RemoteIP  == \"63.141.233.82\" //Destination Address \n",
                        "version": 2,
                        "tags": [
                          {
                            "name": "description",
                            "value": "This query was originally published in the threat analytics report, Windows 7 zero-day for CVE-2019-0808\nCVE-2019-0808 is a vulnerability that allows an attacker to escape the Windows security sandbox and run arbitrary code with admin privileges. This vulnerability affects Windows 7, Windows Server 2008, and Windows Server 2008 R2.\nExploits for CVE-2019-0808 were first observed as part of highly selective attacks using the Nufsys backdoor. Although the Nufsys-associated exploit was first described as a zero-day, the issue has since been patched.\nThe following query detects possible CVE-2019-0808 exploitation by reporting network communication associated with the Nufsys attacks.\nReferences:\nhttps://nvd.nist.gov/vuln/detail/CVE-2019-0808\nhttps://portal.msrc.microsoft.com/security-guidance/advisory/CVE-2019-0808\n"
                          },
                          {
                            "name": "tactics",
                            "value": "Privilege escalation,Command and control,Vulnerability"
                          }
                        ]
                      }
                    },
                    {
                      "type": "Microsoft.OperationalInsights/workspaces/providers/metadata",
                      "apiVersion": "2021-03-01-preview",
                      "name": "[concat(parameters('workspace'),'/Microsoft.SecurityInsights/',concat('huntingQuery-', '0be1295f-b417-477b-95d1-82ce7c43fa03'))]",
                      "properties": {
                        "description": "This query was originally published in the threat analytics report, Windows 7 zero-day for CVE-2019-0808\nCVE-2019-0808 is a vulnerability that allows an attacker to escape the Windows security sandbox and run arbitrary code with admin privileges. This vulnerability affects Windows 7, Windows Server 2008, and Windows Server 2008 R2.\nExploits for CVE-2019-0808 were first observed as part of highly selective attacks using the Nufsys backdoor. Although the Nufsys-associated exploit was first described as a zero-day, the issue has since been patched.\nThe following query detects possible CVE-2019-0808 exploitation by reporting network communication associated with the Nufsys attacks.\nReferences:\nhttps://nvd.nist.gov/vuln/detail/CVE-2019-0808\nhttps://portal.msrc.microsoft.com/security-guidance/advisory/CVE-2019-0808\n",
                        "version": "1.0.0",
                        "author": {
                          "name": "Community"
                        },
                        "support": {
                          "name": "Community",
                          "link": "https://github.com/Azure/Azure-Sentinel/issues",
                          "tier": "Community"
                        },
                        "source": {
                          "kind": "Community",
                          "name": "Standalone"
                        },
                        "threatAnalysisTactics": [
                          "PrivilegeEscalation",
                          "CommandAndControl"
                        ],
                        "contentId": "0be1295f-b417-477b-95d1-82ce7c43fa03",
                        "parentId": "0be1295f-b417-477b-95d1-82ce7c43fa03",
                        "kind": "HuntingQuery",
                        "dependencies": {
                          "operator": "AND",
                          "criteria": [
                            {
                              "contentId": "DeviceNetworkEvents",
                              "kind": "DataType"
                            }
                          ]
                        }
                      }
                    }
                  ]
                }
              }
            }
          ]
        },
        "author": {
          "name": "Community"
        },
        "dependencies": {
          "operator": "AND",
          "criteria": [
            {
              "contentId": "0be1295f-b417-477b-95d1-82ce7c43fa03",
              "kind": "HuntingQuery"
            }
          ]
        },
        "description": "This query was originally published in the threat analytics report, Windows 7 zero-day for CVE-2019-0808\nCVE-2019-0808 is a vulnerability that allows an attacker to escape the Windows security sandbox and run arbitrary code with admin privileges. This vulnerability affects Windows 7, Windows Server 2008, and Windows Server 2008 R2.\nExploits for CVE-2019-0808 were first observed as part of highly selective attacks using the Nufsys backdoor. Although the Nufsys-associated exploit was first described as a zero-day, the issue has since been patched.\nThe following query detects possible CVE-2019-0808 exploitation by reporting network communication associated with the Nufsys attacks.\nReferences:\nhttps://nvd.nist.gov/vuln/detail/CVE-2019-0808\nhttps://portal.msrc.microsoft.com/security-guidance/advisory/CVE-2019-0808\n",
        "displayName": "cve-2019-0808-c2",
        "packageId": "0be1295f-b417-477b-95d1-82ce7c43fa03",
        "source": {
          "kind": "Community",
          "name": "Standalone"
        },
        "support": {
          "name": "Community",
          "link": "https://github.com/Azure/Azure-Sentinel/issues",
          "tier": "Community"
        },
        "threatAnalysisTactics": [
          "PrivilegeEscalation",
          "CommandAndControl"
        ],
        "version": "1.0.0"
      },
      "name": "0be1295f-b417-477b-95d1-82ce7c43fa03"
    }
  ]
}