{
  "$schema": "https://schema.management.azure.com/schemas/2019-04-01/deploymentTemplate.json#",
  "contentVersion": "1.0.0.0",
  "parameters": {
    "location": {
      "type": "string",
      "minLength": 1,
      "defaultValue": "[resourceGroup().location]",
      "metadata": {
        "description": "Not used, but needed to pass arm-ttk test `Location-Should-Not-Be-Hardcoded`.  We instead use the `workspace-location` which is derived from the LA workspace"
      }
    },
    "workspace-location": {
      "type": "string",
      "defaultValue": "",
      "metadata": {
        "description": "[concat('Region to deploy solution resources -- separate from location selection',parameters('location'))]"
      }
    },
    "workspace": {
      "defaultValue": "",
      "type": "string",
      "metadata": {
        "description": "Workspace name for Log Analytics where Microsoft Sentinel is setup"
      }
    }
  },
  "variables": {},
  "resources": [
    {
      "type": "Microsoft.OperationalInsights/workspaces/providers/packages",
      "location": "[parameters('workspace-location')]",
      "apiVersion": "2022-08-01",
      "properties": {
        "packageKind": "Standalone",
        "packageItems": {
          "resources": [
            {
              "type": "Microsoft.OperationalInsights/workspaces/providers/contentTemplates",
              "name": "[concat(parameters('workspace'),'/Microsoft.SecurityInsights/', '52aec824-96c1-4a03-8e44-bb70532e6cea')]",
              "location": "[parameters('workspace-location')]",
              "apiVersion": "2022-08-01",
              "properties": {
                "contentId": "52aec824-96c1-4a03-8e44-bb70532e6cea",
                "displayName": "AdminSDHolder Modifications",
                "contentKind": "AnalyticsRule",
                "mainTemplate": {
                  "$schema": "https://schema.management.azure.com/schemas/2019-04-01/deploymentTemplate.json#",
                  "contentVersion": "1.0.1",
                  "resources": [
                    {
                      "type": "Microsoft.OperationalInsights/workspaces/providers/alertRules",
                      "apiVersion": "2022-04-01-preview",
                      "name": "52aec824-96c1-4a03-8e44-bb70532e6cea",
                      "kind": "Scheduled",
                      "location": "[parameters('workspace-location')]",
                      "properties": {
                        "description": "This query detects modification in the AdminSDHolder  in the Active Directory which could indicate an attempt for persistence. \nAdminSDHolder Modification is a persistence technique in which an attacker abuses the SDProp process in Active Directory to establish a persistent backdoor to Active Directory.\nThis query searches for the event id 5136 where the Object DN is AdminSDHolder.\nRef: https://attack.stealthbits.com/adminsdholder-modification-ad-persistence",
                        "displayName": "AdminSDHolder Modifications",
                        "enabled": false,
                        "query": "SecurityEvent\n| where EventID == 5136 and EventData contains \"<Data Name=\\\"ObjectDN\\\">CN=AdminSDHolder,CN=System\"\n| parse EventData with * 'ObjectDN\">' ObjectDN \"<\" *\n| summarize StartTime = min(TimeGenerated), EndTime = max(TimeGenerated) by Computer, SubjectAccount, SubjectUserSid, SubjectLogonId, ObjectDN\n",
                        "queryFrequency": "PT1H",
                        "queryPeriod": "PT1H",
                        "severity": "High",
                        "suppressionDuration": "PT1H",
                        "suppressionEnabled": false,
                        "triggerOperator": "GreaterThan",
                        "triggerThreshold": 0,
                        "tactics": [
                          "Persistence"
                        ],
                        "techniques": [
                          "T1078"
                        ],
                        "entityMappings": [
                          {
                            "entityType": "Account",
                            "fieldMappings": [
                              {
                                "columnName": "SubjectAccount",
                                "identifier": "FullName"
                              }
                            ]
                          },
                          {
                            "entityType": "Host",
                            "fieldMappings": [
                              {
                                "columnName": "Computer",
                                "identifier": "FullName"
                              }
                            ]
                          }
                        ]
                      }
                    },
                    {
                      "type": "Microsoft.OperationalInsights/workspaces/providers/metadata",
                      "apiVersion": "2021-03-01-preview",
                      "properties": {
                        "description": "'This query detects modification in the AdminSDHolder  in the Active Directory which could indicate an attempt for persistence. \nAdminSDHolder Modification is a persistence technique in which an attacker abuses the SDProp process in Active Directory to establish a persistent backdoor to Active Directory.\nThis query searches for the event id 5136 where the Object DN is AdminSDHolder.\nRef: https://attack.stealthbits.com/adminsdholder-modification-ad-persistence'\n",
                        "version": "1.0.1",
                        "author": {
                          "name": "Community"
                        },
                        "support": {
                          "name": "Community",
                          "link": "https://github.com/Azure/Azure-Sentinel/issues",
                          "tier": "Community"
                        },
                        "source": {
                          "kind": "Community",
                          "name": "Standalone"
                        },
                        "threatAnalysisTactics": [
                          "Persistence"
                        ],
                        "threatAnalyticsTechniques": [
                          "T1078"
                        ],
                        "contentId": "52aec824-96c1-4a03-8e44-bb70532e6cea",
                        "parentId": "52aec824-96c1-4a03-8e44-bb70532e6cea",
                        "kind": "AnalyticsRule",
                        "dependencies": {
                          "operator": "AND",
                          "criteria": [
                            {
                              "contentId": "SecurityEvent",
                              "kind": "DataType"
                            }
                          ]
                        }
                      }
                    }
                  ]
                }
              }
            }
          ]
        },
        "author": {
          "name": "Community"
        },
        "dependencies": {
          "operator": "AND",
          "criteria": [
            {
              "contentId": "52aec824-96c1-4a03-8e44-bb70532e6cea",
              "kind": "AnalyticsRule"
            }
          ]
        },
        "description": "'This query detects modification in the AdminSDHolder  in the Active Directory which could indicate an attempt for persistence. \nAdminSDHolder Modification is a persistence technique in which an attacker abuses the SDProp process in Active Directory to establish a persistent backdoor to Active Directory.\nThis query searches for the event id 5136 where the Object DN is AdminSDHolder.\nRef: https://attack.stealthbits.com/adminsdholder-modification-ad-persistence'\n",
        "displayName": "AdminSDHolder Modifications",
        "packageId": "52aec824-96c1-4a03-8e44-bb70532e6cea",
        "source": {
          "kind": "Community",
          "name": "Standalone"
        },
        "support": {
          "name": "Community",
          "link": "https://github.com/Azure/Azure-Sentinel/issues",
          "tier": "Community"
        },
        "threatAnalysisTactics": [
          "Persistence"
        ],
        "threatAnalyticsTechniques": [
          "T1078"
        ],
        "version": "1.0.1"
      },
      "name": "[concat(parameters('workspace'),'/Microsoft.SecurityInsights/', '52aec824-96c1-4a03-8e44-bb70532e6cea')]"
    }
  ]
}