{
  "$schema": "https://schema.management.azure.com/schemas/2019-04-01/deploymentTemplate.json#",
  "parameters": {
    "location": {
      "type": "string",
      "minLength": 1,
      "defaultValue": "[resourceGroup().location]",
      "metadata": {
        "description": "Not used, but needed to pass arm-ttk test `Location-Should-Not-Be-Hardcoded`.  We instead use the `workspace-location` which is derived from the LA workspace"
      }
    },
    "workspace-location": {
      "type": "string",
      "defaultValue": "",
      "metadata": {
        "description": "[concat('Region to deploy solution resources -- separate from location selection',parameters('location'))]"
      }
    },
    "workspace": {
      "defaultValue": "",
      "type": "string",
      "metadata": {
        "description": "Workspace name for Log Analytics where Microsoft Sentinel is setup"
      }
    }
  },
  "variables": {},
  "resources": [
    {
      "type": "Microsoft.OperationalInsights/workspaces/providers/packages",
      "location": "[parameters('workspace-location')]",
      "apiVersion": "2022-08-01",
      "properties": {
        "packageKind": "Standalone",
        "packageItems": {
          "resources": [
            {
              "type": "Microsoft.OperationalInsights/workspaces/providers/contentTemplates",
              "name": "[concat(parameters('workspace'),'/Microsoft.SecurityInsights/', '1d9951b7-51f0-4aa7-af0c-654359aadfff')]",
              "location": "[parameters('workspace-location')]",
              "kind": "shared",
              "apiVersion": "2022-08-01",
              "properties": {
                "contentId": "1d9951b7-51f0-4aa7-af0c-654359aadfff",
                "displayName": "DNS - domain anomalous lookup increase",
                "contentKind": "HuntingQuery",
                "mainTemplate": {
                  "$schema": "https://schema.management.azure.com/schemas/2019-04-01/deploymentTemplate.json#",
                  "contentVersion": "1.0.0",
                  "resources": [
                    {
                      "type": "Microsoft.OperationalInsights/savedSearches",
                      "apiVersion": "2020-08-01",
                      "name": "1d9951b7-51f0-4aa7-af0c-654359aadfff",
                      "location": "[parameters('workspace-location')]",
                      "properties": {
                        "eTag": "*",
                        "displayName": "DNS - domain anomalous lookup increase",
                        "category": "Hunting Queries",
                        "query": "\nlet starttime = todatetime('{{StartTimeISO}}');\nlet endtime = todatetime('{{EndTimeISO}}');\nlet lookback = starttime - 7d;\n//example of excluding Saturday and Sunday in Average as those are potentially low volume and decrease the average, feel free to change\nlet excludedDays = dynamic([\"Saturday\", \"Sunday\"]);\n// average is across 5 days as we are dropping weekends, change as needed\nlet numDays = 5;\n// limit to over 1000 lookups somewhat random but helps focus in on higher lookups, change as needed\nlet avglookupThreshold = 3;\nlet lookupThreshold = 1000;\nDnsEvents\n//Setting to startofday so we get 7 days prior to start\n| where TimeGenerated >= startofday(lookback) and TimeGenerated <= startofday(starttime)\n| where SubType =~ \"LookupQuery\"\n//getting the associated number of the day of the week so we can map to a given day for later parsing if needed\n| extend DayNumberofWeek = tostring(dayofweek(TimeGenerated))\n//Setting the Day of the week value so that certain days could be excluded if needed\n| extend DayofWeek = iff(DayNumberofWeek == \"00:00:00\", \"Sunday\",\n(iff(DayNumberofWeek == \"1.00:00:00\", \"Monday\",\n(iff(DayNumberofWeek == \"2.00:00:00\", \"Tuesday\",\n(iff(DayNumberofWeek == \"3.00:00:00\", \"Wednesday\",\n(iff(DayNumberofWeek == \"4.00:00:00\", \"Thursday\",\n(iff(DayNumberofWeek == \"5.00:00:00\", \"Friday\",\n(iff(DayNumberofWeek == \"6.00:00:00\", \"Saturday\", DayNumberofWeek)))))))))))))\n| where DayofWeek !in~ (excludedDays)\n| extend Domain = iff(countof(Name,'.') >= 2, strcat(split(Name,'.')[-2], '.',split(Name,'.')[-1]), Name)\n| summarize StartTime = min(TimeGenerated), EndTime = max(TimeGenerated), count() by ClientIP, Domain, IPAddresses\n| project StartTime, EndTime, ClientIP, Domain, IPAddresses, DailyAvgLookupCountOverLastWeek = count_/numDays\n| join ( DnsEvents\n| where TimeGenerated between(startofday(starttime)..endofday(endtime))\n| where SubType =~ \"LookupQuery\"\n| extend Domain = iff(countof(Name,'.') >= 2, strcat(split(Name,'.')[-2], '.',split(Name,'.')[-1]), Name)\n| summarize count() by ClientIP, Domain, IPAddresses\n| project ClientIP, LookupCountToday = count_, Domain, IPAddresses\n)\non ClientIP, Domain, IPAddresses\n| where LookupCountToday > ( DailyAvgLookupCountOverLastWeek * avglookupThreshold) and LookupCountToday > lookupThreshold\n| project StartTime, EndTime, ClientIP, SecondLevelDomain = Domain , LookupCountToday , DailyAvgLookupCountOverLastWeek, IPAddresses\n| order by LookupCountToday desc nulls last\n| extend timestamp = StartTime, IPCustomEntity = ClientIP, DomainCustomEntity = SecondLevelDomain\n",
                        "version": 2,
                        "tags": [
                          {
                            "name": "description",
                            "value": "'Checking for a threefold increase or more of domain lookups per client IP address for the current day vs daily average for the previous week.\nThis can potentially identify excessive traffic to a given location that could be indicative of data transfer out of your network to a group of systems based on the same second level domain.\nFor example, if one client is sending requests for test1.badguy.com and another client is sending requests for test2.badguy.com, you may not see a high enough count to be interesting.\nHowever, a combination of the requests to badguy.com could have a high enough count to be interesting.\nThis is only Name lookups, so it would be recommended to review the Firewall\\Webproxy logs in relation to the client IP address making the interesting requests.'\n"
                          },
                          {
                            "name": "techniques",
                            "value": ""
                          },
                          {
                            "name": "tactics",
                            "value": "CommandAndControl,Exfiltration"
                          }
                        ]
                      }
                    },
                    {
                      "type": "Microsoft.OperationalInsights/workspaces/providers/metadata",
                      "apiVersion": "2021-03-01-preview",
                      "name": "[concat(parameters('workspace'),'/Microsoft.SecurityInsights/',concat('huntingQuery-', '1d9951b7-51f0-4aa7-af0c-654359aadfff'))]",
                      "properties": {
                        "description": "'Checking for a threefold increase or more of domain lookups per client IP address for the current day vs daily average for the previous week.\nThis can potentially identify excessive traffic to a given location that could be indicative of data transfer out of your network to a group of systems based on the same second level domain.\nFor example, if one client is sending requests for test1.badguy.com and another client is sending requests for test2.badguy.com, you may not see a high enough count to be interesting.\nHowever, a combination of the requests to badguy.com could have a high enough count to be interesting.\nThis is only Name lookups, so it would be recommended to review the Firewall\\Webproxy logs in relation to the client IP address making the interesting requests.'\n",
                        "version": "1.0.0",
                        "source": {
                          "kind": "Community"
                        },
                        "threatAnalysisTactics": [
                          "CommandAndControl",
                          "Exfiltration"
                        ],
                        "threatAnalyticsTechniques": [
                          "T1568",
                          "T1008",
                          "T1048"
                        ],
                        "contentId": "1d9951b7-51f0-4aa7-af0c-654359aadfff",
                        "parentId": "1d9951b7-51f0-4aa7-af0c-654359aadfff",
                        "kind": "HuntingQuery",
                        "dependencies": {
                          "operator": "AND",
                          "criteria": [
                            {
                              "contentId": "DnsEvents",
                              "kind": "DataType"
                            }
                          ]
                        }
                      }
                    }
                  ]
                }
              }
            }
          ]
        },
        "dependencies": {
          "operator": "AND",
          "criteria": [
            {
              "contentId": "1d9951b7-51f0-4aa7-af0c-654359aadfff",
              "kind": "HuntingQuery"
            }
          ]
        },
        "description": "'Checking for a threefold increase or more of domain lookups per client IP address for the current day vs daily average for the previous week.\nThis can potentially identify excessive traffic to a given location that could be indicative of data transfer out of your network to a group of systems based on the same second level domain.\nFor example, if one client is sending requests for test1.badguy.com and another client is sending requests for test2.badguy.com, you may not see a high enough count to be interesting.\nHowever, a combination of the requests to badguy.com could have a high enough count to be interesting.\nThis is only Name lookups, so it would be recommended to review the Firewall\\Webproxy logs in relation to the client IP address making the interesting requests.'\n",
        "displayName": "DNS - domain anomalous lookup increase",
        "packageId": "1d9951b7-51f0-4aa7-af0c-654359aadfff",
        "source": {
          "kind": "Community"
        },
        "threatAnalysisTactics": [
          "CommandAndControl",
          "Exfiltration"
        ],
        "threatAnalyticsTechniques": [
          "T1568",
          "T1008",
          "T1048"
        ],
        "version": "1.0.0"
      },
      "name": "[concat(parameters('workspace'),'/Microsoft.SecurityInsights/', '1d9951b7-51f0-4aa7-af0c-654359aadfff')]"
    }
  ]
}