{
  "$schema": "https://schema.management.azure.com/schemas/2019-04-01/deploymentTemplate.json#",
  "contentVersion": "1.0.0.0",
  "parameters": {
    "location": {
      "type": "string",
      "minLength": 1,
      "defaultValue": "[resourceGroup().location]",
      "metadata": {
        "description": "Not used, but needed to pass arm-ttk test `Location-Should-Not-Be-Hardcoded`.  We instead use the `workspace-location` which is derived from the LA workspace"
      }
    },
    "workspace-location": {
      "type": "string",
      "defaultValue": "",
      "metadata": {
        "description": "[concat('Region to deploy solution resources -- separate from location selection',parameters('location'))]"
      }
    },
    "workspace": {
      "defaultValue": "",
      "type": "string",
      "metadata": {
        "description": "Workspace name for Log Analytics where Microsoft Sentinel is setup"
      }
    }
  },
  "variables": {},
  "resources": [
    {
      "type": "Microsoft.OperationalInsights/workspaces/providers/packages",
      "location": "[parameters('workspace-location')]",
      "apiVersion": "2022-08-01",
      "properties": {
        "packageKind": "Standalone",
        "packageItems": {
          "resources": [
            {
              "type": "Microsoft.OperationalInsights/workspaces/providers/contentTemplates",
              "name": "[concat(parameters('workspace'),'/Microsoft.SecurityInsights/', '6b652b4f-9810-4eec-9027-7aa88ce4db23')]",
              "location": "[parameters('workspace-location')]",
              "apiVersion": "2022-08-01",
              "properties": {
                "contentId": "6b652b4f-9810-4eec-9027-7aa88ce4db23",
                "displayName": "Dev-0270 WMIC  Discovery",
                "contentKind": "AnalyticsRule",
                "mainTemplate": {
                  "$schema": "https://schema.management.azure.com/schemas/2019-04-01/deploymentTemplate.json#",
                  "contentVersion": "1.0.0",
                  "resources": [
                    {
                      "type": "Microsoft.OperationalInsights/workspaces/providers/alertRules",
                      "apiVersion": "2022-04-01-preview",
                      "name": "6b652b4f-9810-4eec-9027-7aa88ce4db23",
                      "kind": "Scheduled",
                      "location": "[parameters('workspace-location')]",
                      "properties": {
                        "description": "The query below identifies dllhost.exe using WMIC to discover additional hosts and associated domains in the environment.",
                        "displayName": "Dev-0270 WMIC  Discovery",
                        "enabled": false,
                        "query": "(union isfuzzy=true\n(SecurityEvent\n| where EventID==4688\n| where CommandLine has \"wmic computersystem get domain\" and ParentProcessName =~ \"dllhost.exe\"\n| project TimeGenerated, HostCustomEntity = Computer, AccountCustomEntity = Account, AccountDomain, ProcessName, ProcessNameFullPath = NewProcessName, EventID, Activity, CommandLine, EventSourceName, Type\n),\n(DeviceProcessEvents \n| where InitiatingProcessFileName =~ \"dllhost.exe\" and InitiatingProcessCommandLine == \"dllhost.exe\" \n| where ProcessCommandLine has \"wmic computersystem get domain\" \n| extend timestamp = TimeGenerated, AccountCustomEntity =  InitiatingProcessAccountName, HostCustomEntity = DeviceName\n)\n)\n",
                        "queryFrequency": "PT6H",
                        "queryPeriod": "PT6H",
                        "severity": "High",
                        "suppressionDuration": "PT1H",
                        "suppressionEnabled": false,
                        "triggerOperator": "GreaterThan",
                        "triggerThreshold": 0,
                        "tactics": [
                          "Discovery"
                        ],
                        "techniques": [
                          "T1482"
                        ],
                        "entityMappings": [
                          {
                            "entityType": "Account",
                            "fieldMappings": [
                              {
                                "columnName": "AccountCustomEntity",
                                "identifier": "FullName"
                              }
                            ]
                          },
                          {
                            "entityType": "Host",
                            "fieldMappings": [
                              {
                                "columnName": "HostCustomEntity",
                                "identifier": "FullName"
                              }
                            ]
                          }
                        ]
                      }
                    },
                    {
                      "type": "Microsoft.OperationalInsights/workspaces/providers/metadata",
                      "apiVersion": "2021-03-01-preview",
                      "properties": {
                        "description": "'The query below identifies dllhost.exe using WMIC to discover additional hosts and associated domains in the environment.'\n",
                        "version": "1.0.0",
                        "author": {
                          "name": "Community"
                        },
                        "support": {
                          "name": "Community",
                          "link": "https://github.com/Azure/Azure-Sentinel/issues",
                          "tier": "Community"
                        },
                        "source": {
                          "kind": "Community",
                          "name": "Standalone"
                        },
                        "threatAnalysisTactics": [
                          "Discovery"
                        ],
                        "threatAnalyticsTechniques": [
                          "T1482"
                        ],
                        "contentId": "6b652b4f-9810-4eec-9027-7aa88ce4db23",
                        "parentId": "6b652b4f-9810-4eec-9027-7aa88ce4db23",
                        "kind": "AnalyticsRule",
                        "dependencies": {
                          "operator": "AND",
                          "criteria": [
                            {
                              "contentId": "SecurityEvent",
                              "kind": "DataType"
                            },
                            {
                              "contentId": "DeviceProcessEvents",
                              "kind": "DataType"
                            }
                          ]
                        }
                      }
                    }
                  ]
                }
              }
            }
          ]
        },
        "author": {
          "name": "Community"
        },
        "dependencies": {
          "operator": "AND",
          "criteria": [
            {
              "contentId": "6b652b4f-9810-4eec-9027-7aa88ce4db23",
              "kind": "AnalyticsRule"
            }
          ]
        },
        "description": "'The query below identifies dllhost.exe using WMIC to discover additional hosts and associated domains in the environment.'\n",
        "displayName": "Dev-0270 WMIC  Discovery",
        "packageId": "6b652b4f-9810-4eec-9027-7aa88ce4db23",
        "source": {
          "kind": "Community",
          "name": "Standalone"
        },
        "support": {
          "name": "Community",
          "link": "https://github.com/Azure/Azure-Sentinel/issues",
          "tier": "Community"
        },
        "threatAnalysisTactics": [
          "Discovery"
        ],
        "threatAnalyticsTechniques": [
          "T1482"
        ],
        "version": "1.0.0"
      },
      "name": "[concat(parameters('workspace'),'/Microsoft.SecurityInsights/', '6b652b4f-9810-4eec-9027-7aa88ce4db23')]"
    }
  ]
}