{
  "$schema": "https://schema.management.azure.com/schemas/2019-04-01/deploymentTemplate.json#",
  "parameters": {
    "location": {
      "type": "string",
      "minLength": 1,
      "defaultValue": "[resourceGroup().location]",
      "metadata": {
        "description": "Not used, but needed to pass arm-ttk test `Location-Should-Not-Be-Hardcoded`.  We instead use the `workspace-location` which is derived from the LA workspace"
      }
    },
    "workspace-location": {
      "type": "string",
      "defaultValue": "",
      "metadata": {
        "description": "[concat('Region to deploy solution resources -- separate from location selection',parameters('location'))]"
      }
    },
    "workspace": {
      "defaultValue": "",
      "type": "string",
      "metadata": {
        "description": "Workspace name for Log Analytics where Microsoft Sentinel is setup"
      }
    }
  },
  "variables": {},
  "resources": [
    {
      "type": "Microsoft.OperationalInsights/workspaces/providers/packages",
      "location": "[parameters('workspace-location')]",
      "apiVersion": "2022-08-01",
      "properties": {
        "packageKind": "Standalone",
        "packageItems": {
          "resources": [
            {
              "type": "Microsoft.OperationalInsights/workspaces/providers/contentTemplates",
              "name": "[concat(parameters('workspace'),'/Microsoft.SecurityInsights/', 'd6491be0-ab2d-439d-95d6-ad8ea39277c5')]",
              "location": "[parameters('workspace-location')]",
              "apiVersion": "2022-08-01",
              "properties": {
                "contentId": "d6491be0-ab2d-439d-95d6-ad8ea39277c5",
                "displayName": "Sensitive Azure Key Vault operations",
                "contentKind": "AnalyticsRule",
                "mainTemplate": {
                  "$schema": "https://schema.management.azure.com/schemas/2019-04-01/deploymentTemplate.json#",
                  "contentVersion": "1.0.1",
                  "resources": [
                    {
                      "type": "Microsoft.OperationalInsights/workspaces/providers/alertRules",
                      "apiVersion": "2022-04-01-preview",
                      "name": "[concat(parameters('workspace'),'/Microsoft.SecurityInsights/', '' )]",
                      "kind": "Scheduled",
                      "location": "[parameters('workspace-location')]",
                      "properties": {
                        "description": "Identifies when sensitive Azure Key Vault operations are used. This includes: VaultDelete, KeyDelete, SecretDelete, SecretPurge, KeyPurge, SecretBackup, KeyBackup. \nAny Backup operations should match with expected scheduled backup activity.",
                        "displayName": "Sensitive Azure Key Vault operations",
                        "enabled": false,
                        "query": "\nlet SensitiveOperationList = dynamic(\n[\"VaultDelete\", \"KeyDelete\", \"SecretDelete\", \"SecretPurge\", \"KeyPurge\", \"SecretBackup\", \"KeyBackup\"]);\nAzureDiagnostics\n| extend ResultType = columnifexists(\"ResultType\", \"NoResultType\")\n| extend requestUri_s = columnifexists(\"requestUri_s\", \"None\"), identity_claim_http_schemas_microsoft_com_identity_claims_objectidentifier_g = columnifexists(\"identity_claim_http_schemas_microsoft_com_identity_claims_objectidentifier_g\", \"None\")\n| extend id_s = columnifexists(\"id_s\", \"None\"), CallerIPAddress = columnifexists(\"CallerIPAddress\", \"None\"), clientInfo_s = columnifexists(\"clientInfo_s\", \"None\")\n| where ResultType !~ \"None\" and isnotempty(ResultType)\n| where identity_claim_http_schemas_microsoft_com_identity_claims_objectidentifier_g !~ \"None\" and isnotempty(identity_claim_http_schemas_microsoft_com_identity_claims_objectidentifier_g)\n| where id_s !~ \"None\" and isnotempty(id_s)\n| where CallerIPAddress !~ \"None\" and isnotempty(CallerIPAddress)\n| where clientInfo_s !~ \"None\" and isnotempty(clientInfo_s)\n| where requestUri_s !~ \"None\" and isnotempty(requestUri_s)\n| where ResourceType =~ \"VAULTS\" and ResultType =~ \"Success\" \n| where OperationName in~ (SensitiveOperationList)  \n| summarize EventCount=count(), StartTimeUtc=min(TimeGenerated), EndTimeUtc=max(TimeGenerated), TimeTriggered=makelist(TimeGenerated),OperationNameList=make_set(OperationName), RequestURLList=make_set(requestUri_s), CallerIPList = make_set(CallerIPAddress),  CallerIPMax= arg_max(CallerIPAddress,*) by ResourceType, ResultType, Resource, id_s, identity_claim_http_schemas_microsoft_com_identity_claims_objectidentifier_g, clientInfo_s\n| extend timestamp = StartTimeUtc, IPCustomEntity = CallerIPMax, AccountCustomEntity = identity_claim_http_schemas_microsoft_com_identity_claims_objectidentifier_g\n",
                        "queryFrequency": "P1D",
                        "queryPeriod": "P1D",
                        "severity": "Low",
                        "suppressionDuration": "PT1H",
                        "suppressionEnabled": false,
                        "triggerOperator": "GreaterThan",
                        "triggerThreshold": 0,
                        "tactics": [
                          "Impact"
                        ],
                        "entityMappings": [
                          {
                            "entityType": "Account",
                            "fieldMappings": [
                              {
                                "columnName": "AccountCustomEntity",
                                "identifier": "FullName"
                              }
                            ]
                          },
                          {
                            "entityType": "IP",
                            "fieldMappings": [
                              {
                                "columnName": "IPCustomEntity",
                                "identifier": "Address"
                              }
                            ]
                          }
                        ]
                      }
                    },
                    {
                      "type": "Microsoft.OperationalInsights/workspaces/providers/metadata",
                      "apiVersion": "2021-03-01-preview",
                      "name": "[concat(parameters('workspace'),'/Microsoft.SecurityInsights/', '')]",
                      "properties": {
                        "description": "'Identifies when sensitive Azure Key Vault operations are used. This includes: VaultDelete, KeyDelete, SecretDelete, SecretPurge, KeyPurge, SecretBackup, KeyBackup. \nAny Backup operations should match with expected scheduled backup activity.'\n",
                        "contentId": "d6491be0-ab2d-439d-95d6-ad8ea39277c5",
                        "version": "1.0.1",
                        "source": {
                          "kind": "Community"
                        },
                        "threatAnalysisTactics": [
                          "Impact"
                        ],
                        "threatAnalyticsTechniques": [
                          "T1485"
                        ],
                        "parentId": "d6491be0-ab2d-439d-95d6-ad8ea39277c5",
                        "kind": "AnalyticsRule",
                        "dependencies": {
                          "operator": "AND",
                          "criteria": [
                            {
                              "contentId": "KeyVaultData",
                              "kind": "DataType"
                            }
                          ]
                        }
                      }
                    }
                  ]
                }
              }
            }
          ]
        },
        "contentId": "d6491be0-ab2d-439d-95d6-ad8ea39277c5",
        "dependencies": {
          "operator": "AND",
          "criteria": [
            {
              "contentId": "d6491be0-ab2d-439d-95d6-ad8ea39277c5",
              "kind": "AnalyticsRule"
            }
          ]
        },
        "description": "'Identifies when sensitive Azure Key Vault operations are used. This includes: VaultDelete, KeyDelete, SecretDelete, SecretPurge, KeyPurge, SecretBackup, KeyBackup. \nAny Backup operations should match with expected scheduled backup activity.'\n",
        "displayName": "Sensitive Azure Key Vault operations",
        "source": {
          "kind": "Community"
        },
        "threatAnalysisTactics": [
          "Impact"
        ],
        "threatAnalyticsTechniques": [
          "T1485"
        ],
        "version": "1.0.1"
      },
      "name": "[concat(parameters('workspace'),'/Microsoft.SecurityInsights/', 'd6491be0-ab2d-439d-95d6-ad8ea39277c5')]"
    }
  ]
}