{
  "$schema": "https://schema.management.azure.com/schemas/2019-04-01/deploymentTemplate.json#",
  "parameters": {
    "location": {
      "type": "string",
      "minLength": 1,
      "defaultValue": "[resourceGroup().location]",
      "metadata": {
        "description": "Not used, but needed to pass arm-ttk test `Location-Should-Not-Be-Hardcoded`.  We instead use the `workspace-location` which is derived from the LA workspace"
      }
    },
    "workspace-location": {
      "type": "string",
      "defaultValue": "",
      "metadata": {
        "description": "[concat('Region to deploy solution resources -- separate from location selection',parameters('location'))]"
      }
    },
    "workspace": {
      "defaultValue": "",
      "type": "string",
      "metadata": {
        "description": "Workspace name for Log Analytics where Microsoft Sentinel is setup"
      }
    }
  },
  "variables": {},
  "resources": [
    {
      "type": "Microsoft.OperationalInsights/workspaces/providers/packages",
      "location": "[parameters('workspace-location')]",
      "apiVersion": "2022-08-01",
      "properties": {
        "packageKind": "Standalone",
        "packageItems": {
          "resources": [
            {
              "type": "Microsoft.OperationalInsights/workspaces/providers/contentTemplates",
              "name": "[concat(parameters('workspace'),'/Microsoft.SecurityInsights/', '61988db3-0565-49b5-b8e3-747195baac6e')]",
              "location": "[parameters('workspace-location')]",
              "apiVersion": "2022-08-01",
              "properties": {
                "contentId": "61988db3-0565-49b5-b8e3-747195baac6e",
                "displayName": "Malware in the recycle bin (Normalized Process Events)",
                "contentKind": "AnalyticsRule",
                "mainTemplate": {
                  "$schema": "https://schema.management.azure.com/schemas/2019-04-01/deploymentTemplate.json#",
                  "contentVersion": "1.2.2",
                  "resources": [
                    {
                      "type": "Microsoft.OperationalInsights/workspaces/providers/alertRules",
                      "apiVersion": "2022-04-01-preview",
                      "name": "[concat(parameters('workspace'),'/Microsoft.SecurityInsights/', '' )]",
                      "kind": "Scheduled",
                      "location": "[parameters('workspace-location')]",
                      "properties": {
                        "description": "Identifies malware that has been hidden in the recycle bin.\nTo use this analytics rule, make sure you have deployed the [ASIM normalization parsers](https://aka.ms/ASimProcessEvent)",
                        "displayName": "Malware in the recycle bin (Normalized Process Events)",
                        "enabled": false,
                        "query": "let procList = dynamic([\"cmd.exe\",\"ftp.exe\",\"schtasks.exe\",\"powershell.exe\",\"rundll32.exe\",\"regsvr32.exe\",\"msiexec.exe\"]);  \nimProcessCreate\n| where CommandLine has \"recycler\"\n| where Process has_any (procList)\n| extend FileName = tostring(split(Process, '\\\\')[-1])\n| where FileName in~ (procList)\n| project StartTimeUtc = TimeGenerated, Dvc, User, Process, FileName, CommandLine, ActingProcessName, EventVendor, EventProduct\n| extend timestamp = StartTimeUtc, AccountCustomEntity = User, HostCustomEntity = Dvc\n",
                        "queryFrequency": "P1D",
                        "queryPeriod": "P1D",
                        "severity": "Medium",
                        "suppressionDuration": "PT1H",
                        "suppressionEnabled": false,
                        "triggerOperator": "GreaterThan",
                        "triggerThreshold": 0,
                        "tactics": [
                          "DefenseEvasion"
                        ],
                        "entityMappings": [
                          {
                            "entityType": "Account",
                            "fieldMappings": [
                              {
                                "columnName": "AccountCustomEntity",
                                "identifier": "FullName"
                              }
                            ]
                          },
                          {
                            "entityType": "Host",
                            "fieldMappings": [
                              {
                                "columnName": "HostCustomEntity",
                                "identifier": "FullName"
                              }
                            ]
                          }
                        ]
                      }
                    },
                    {
                      "type": "Microsoft.OperationalInsights/workspaces/providers/metadata",
                      "apiVersion": "2021-03-01-preview",
                      "name": "[concat(parameters('workspace'),'/Microsoft.SecurityInsights/', '')]",
                      "properties": {
                        "description": "'Identifies malware that has been hidden in the recycle bin.\nTo use this analytics rule, make sure you have deployed the [ASIM normalization parsers](https://aka.ms/ASimProcessEvent)'\n",
                        "version": "1.2.2",
                        "source": {
                          "kind": "Community"
                        },
                        "threatAnalysisTactics": [
                          "DefenseEvasion"
                        ],
                        "threatAnalyticsTechniques": [
                          "T1564"
                        ],
                        "contentId": "61988db3-0565-49b5-b8e3-747195baac6e",
                        "parentId": "61988db3-0565-49b5-b8e3-747195baac6e",
                        "kind": "AnalyticsRule"
                      }
                    }
                  ]
                }
              }
            }
          ]
        },
        "dependencies": {
          "operator": "AND",
          "criteria": [
            {
              "contentId": "61988db3-0565-49b5-b8e3-747195baac6e",
              "kind": "AnalyticsRule"
            }
          ]
        },
        "description": "'Identifies malware that has been hidden in the recycle bin.\nTo use this analytics rule, make sure you have deployed the [ASIM normalization parsers](https://aka.ms/ASimProcessEvent)'\n",
        "displayName": "Malware in the recycle bin (Normalized Process Events)",
        "packageId": "61988db3-0565-49b5-b8e3-747195baac6e",
        "source": {
          "kind": "Community"
        },
        "threatAnalysisTactics": [
          "DefenseEvasion"
        ],
        "threatAnalyticsTechniques": [
          "T1564"
        ],
        "version": "1.2.2"
      },
      "name": "[concat(parameters('workspace'),'/Microsoft.SecurityInsights/', '61988db3-0565-49b5-b8e3-747195baac6e')]"
    }
  ]
}