{
  "$schema": "https://schema.management.azure.com/schemas/2019-04-01/deploymentTemplate.json#",
  "contentVersion": "1.0.0.0",
  "parameters": {
    "location": {
      "type": "string",
      "minLength": 1,
      "defaultValue": "[resourceGroup().location]",
      "metadata": {
        "description": "Not used, but needed to pass arm-ttk test `Location-Should-Not-Be-Hardcoded`.  We instead use the `workspace-location` which is derived from the LA workspace"
      }
    },
    "workspace-location": {
      "type": "string",
      "defaultValue": "",
      "metadata": {
        "description": "[concat('Region to deploy solution resources -- separate from location selection',parameters('location'))]"
      }
    },
    "workspace": {
      "defaultValue": "",
      "type": "string",
      "metadata": {
        "description": "Workspace name for Log Analytics where Microsoft Sentinel is setup"
      }
    }
  },
  "variables": {},
  "resources": [
    {
      "type": "Microsoft.OperationalInsights/workspaces/providers/packages",
      "location": "[parameters('workspace-location')]",
      "apiVersion": "2022-08-01",
      "properties": {
        "packageKind": "Standalone",
        "packageItems": {
          "resources": [
            {
              "type": "Microsoft.OperationalInsights/workspaces/providers/contentTemplates",
              "name": "[concat(parameters('workspace'),'/Microsoft.SecurityInsights/', 'cc087e7c-4db0-4bf9-9e48-287a9c9c3fbc')]",
              "location": "[parameters('workspace-location')]",
              "kind": "shared",
              "apiVersion": "2022-08-01",
              "properties": {
                "contentId": "cc087e7c-4db0-4bf9-9e48-287a9c9c3fbc",
                "displayName": "Web shell Detection",
                "contentKind": "HuntingQuery",
                "mainTemplate": {
                  "$schema": "https://schema.management.azure.com/schemas/2019-04-01/deploymentTemplate.json#",
                  "contentVersion": "1.0.0",
                  "resources": [
                    {
                      "type": "Microsoft.OperationalInsights/savedSearches",
                      "apiVersion": "2020-08-01",
                      "name": "cc087e7c-4db0-4bf9-9e48-287a9c9c3fbc",
                      "location": "[parameters('workspace-location')]",
                      "properties": {
                        "eTag": "*",
                        "displayName": "Web shell Detection",
                        "category": "Hunting Queries",
                        "query": "\nlet command = \"(?i)net(1)?(.exe)?(%20){1,}user|cmd(.exe)?(%20){1,}/c(%20){1,}\";\nW3CIISLog\n| where csMethod == \"GET\" \n| where ( csUriQuery has \"whoami\" or csUriQuery matches regex command ) or \n        ( csUriStem has \"whoami\" or csUriStem matches regex command ) or\n        ( csReferer has \"whoami\" or csReferer matches regex command )\n| summarize StartTime = max(TimeGenerated), EndTime = min(TimeGenerated), ConnectionCount = count() \nby Computer, sSiteName, sIP, cIP, csUserName, csUriQuery, csMethod, scStatus, scSubStatus, scWin32Status\n| extend timestamp = StartTime, IPCustomEntity = cIP, HostCustomEntity = Computer, AccountCustomEntity = csUserName \n",
                        "version": 2,
                        "tags": [
                          {
                            "name": "description",
                            "value": "'Web shells are script that when uploaded to a web server can be used for remote administration. \nAttackers often use web shells to obtain unauthorized access, escalate //privilege as well as further compromise the environment. \nThe query detects web shells that use GET requests by keyword searches in URL strings. \nThis is based out of sigma rules described //here (https://github.com/Neo23x0/sigma/blob/master/rules/web/web_webshell_keyword.yml). \nThere could be some web sites like wikis with articles on os commands and pages that include the os //commands in the URLs that might cause FP.'\n"
                          },
                          {
                            "name": "techniques",
                            "value": ""
                          },
                          {
                            "name": "tactics",
                            "value": "Persistence,PrivilegeEscalation"
                          }
                        ]
                      }
                    },
                    {
                      "type": "Microsoft.OperationalInsights/workspaces/providers/metadata",
                      "apiVersion": "2021-03-01-preview",
                      "name": "[concat(parameters('workspace'),'/Microsoft.SecurityInsights/',concat('huntingQuery-', 'cc087e7c-4db0-4bf9-9e48-287a9c9c3fbc'))]",
                      "properties": {
                        "description": "'Web shells are script that when uploaded to a web server can be used for remote administration. \nAttackers often use web shells to obtain unauthorized access, escalate //privilege as well as further compromise the environment. \nThe query detects web shells that use GET requests by keyword searches in URL strings. \nThis is based out of sigma rules described //here (https://github.com/Neo23x0/sigma/blob/master/rules/web/web_webshell_keyword.yml). \nThere could be some web sites like wikis with articles on os commands and pages that include the os //commands in the URLs that might cause FP.'\n",
                        "version": "1.0.0",
                        "author": {
                          "name": "Community"
                        },
                        "support": {
                          "name": "Community",
                          "link": "https://github.com/Azure/Azure-Sentinel/issues",
                          "tier": "Community"
                        },
                        "source": {
                          "kind": "Community",
                          "name": "Standalone"
                        },
                        "threatAnalysisTactics": [
                          "Persistence",
                          "PrivilegeEscalation"
                        ],
                        "threatAnalyticsTechniques": [
                          "T1505"
                        ],
                        "contentId": "cc087e7c-4db0-4bf9-9e48-287a9c9c3fbc",
                        "parentId": "cc087e7c-4db0-4bf9-9e48-287a9c9c3fbc",
                        "kind": "HuntingQuery",
                        "dependencies": {
                          "operator": "AND",
                          "criteria": [
                            {
                              "contentId": "W3CIISLog",
                              "kind": "DataType"
                            }
                          ]
                        }
                      }
                    }
                  ]
                }
              }
            }
          ]
        },
        "author": {
          "name": "Community"
        },
        "dependencies": {
          "operator": "AND",
          "criteria": [
            {
              "contentId": "cc087e7c-4db0-4bf9-9e48-287a9c9c3fbc",
              "kind": "HuntingQuery"
            }
          ]
        },
        "description": "'Web shells are script that when uploaded to a web server can be used for remote administration. \nAttackers often use web shells to obtain unauthorized access, escalate //privilege as well as further compromise the environment. \nThe query detects web shells that use GET requests by keyword searches in URL strings. \nThis is based out of sigma rules described //here (https://github.com/Neo23x0/sigma/blob/master/rules/web/web_webshell_keyword.yml). \nThere could be some web sites like wikis with articles on os commands and pages that include the os //commands in the URLs that might cause FP.'\n",
        "displayName": "Web shell Detection",
        "packageId": "cc087e7c-4db0-4bf9-9e48-287a9c9c3fbc",
        "source": {
          "kind": "Community",
          "name": "Standalone"
        },
        "support": {
          "name": "Community",
          "link": "https://github.com/Azure/Azure-Sentinel/issues",
          "tier": "Community"
        },
        "threatAnalysisTactics": [
          "Persistence",
          "PrivilegeEscalation"
        ],
        "threatAnalyticsTechniques": [
          "T1505"
        ],
        "version": "1.0.0"
      },
      "name": "cc087e7c-4db0-4bf9-9e48-287a9c9c3fbc"
    }
  ]
}