{
  "$schema": "https://schema.management.azure.com/schemas/2019-04-01/deploymentTemplate.json#",
  "parameters": {
    "location": {
      "type": "string",
      "minLength": 1,
      "defaultValue": "[resourceGroup().location]",
      "metadata": {
        "description": "Not used, but needed to pass arm-ttk test `Location-Should-Not-Be-Hardcoded`.  We instead use the `workspace-location` which is derived from the LA workspace"
      }
    },
    "workspace-location": {
      "type": "string",
      "defaultValue": "",
      "metadata": {
        "description": "[concat('Region to deploy solution resources -- separate from location selection',parameters('location'))]"
      }
    },
    "workspace": {
      "defaultValue": "",
      "type": "string",
      "metadata": {
        "description": "Workspace name for Log Analytics where Microsoft Sentinel is setup"
      }
    }
  },
  "variables": {},
  "resources": [
    {
      "type": "Microsoft.OperationalInsights/workspaces/providers/packages",
      "location": "[parameters('workspace-location')]",
      "apiVersion": "2022-08-01",
      "properties": {
        "packageKind": "Standalone",
        "packageItems": {
          "resources": [
            {
              "type": "Microsoft.OperationalInsights/workspaces/providers/contentTemplates",
              "name": "[concat(parameters('workspace'),'/Microsoft.SecurityInsights/', 'a6c435a2-b1a0-466d-b730-9f8af69262e8')]",
              "location": "[parameters('workspace-location')]",
              "apiVersion": "2022-08-01",
              "properties": {
                "contentId": "a6c435a2-b1a0-466d-b730-9f8af69262e8",
                "displayName": "Brute force attack against user credentials (Uses Authentication Normalization)",
                "contentKind": "AnalyticsRule",
                "mainTemplate": {
                  "$schema": "https://schema.management.azure.com/schemas/2019-04-01/deploymentTemplate.json#",
                  "contentVersion": "1.2.0",
                  "resources": [
                    {
                      "type": "Microsoft.OperationalInsights/workspaces/providers/alertRules",
                      "apiVersion": "2022-04-01-preview",
                      "name": "[concat(parameters('workspace'),'/Microsoft.SecurityInsights/', '' )]",
                      "kind": "Scheduled",
                      "location": "[parameters('workspace-location')]",
                      "properties": {
                        "description": "Identifies evidence of brute force activity against a user based on multiple authentication failures \nand at least one successful authentication within a given time window. Note that the query does not enforce any sequence,\nand does not require the successful authentication to occur last.\nThe default failure threshold is 10, success threshold is 1, and the default time window is 20 minutes.\nTo use this analytics rule, make sure you have deployed the [ASIM normalization parsers](https://aka.ms/ASimAuthentication)",
                        "displayName": "Brute force attack against user credentials (Uses Authentication Normalization)",
                        "enabled": false,
                        "query": "let failureCountThreshold = 10;\nlet successCountThreshold = 1;\n// let authenticationWindow = 20m; // Implicit in the analytic rule query period \nimAuthentication\n| summarize \n      StartTime = min(TimeGenerated), \n      EndTime = max(TimeGenerated), \n      IpAddresses = make_set (SrcDvcIpAddr, 100),\n      ReportedBy = make_set (strcat (EventVendor, \"/\", EventProduct), 100),\n      FailureCount = countif(EventResult=='Failure'),\n      SuccessCount = countif(EventResult=='Success')\n  by \n      TargetUserId, TargetUsername, TargetUserType \n| where FailureCount >= failureCountThreshold and SuccessCount >= successCountThreshold\n| extend\n      IpAddresses = strcat_array(IpAddresses, \", \"), \n      ReportedBy = strcat_array(ReportedBy, \", \")\n",
                        "queryFrequency": "PT20M",
                        "queryPeriod": "PT20M",
                        "severity": "Medium",
                        "suppressionDuration": "PT1H",
                        "suppressionEnabled": false,
                        "triggerOperator": "GreaterThan",
                        "triggerThreshold": 0,
                        "tactics": [
                          "CredentialAccess"
                        ],
                        "entityMappings": [
                          {
                            "entityType": "Account",
                            "fieldMappings": [
                              {
                                "columnName": "TargetUsername",
                                "identifier": "FullName"
                              }
                            ]
                          }
                        ],
                        "customDetails": {
                          "IpAddresses": "IpAddresses",
                          "ReportedBy": "ReportedBy"
                        }
                      }
                    },
                    {
                      "type": "Microsoft.OperationalInsights/workspaces/providers/metadata",
                      "apiVersion": "2021-03-01-preview",
                      "name": "[concat(parameters('workspace'),'/Microsoft.SecurityInsights/', '')]",
                      "properties": {
                        "description": "'Identifies evidence of brute force activity against a user based on multiple authentication failures \nand at least one successful authentication within a given time window. Note that the query does not enforce any sequence,\nand does not require the successful authentication to occur last.\nThe default failure threshold is 10, success threshold is 1, and the default time window is 20 minutes.\nTo use this analytics rule, make sure you have deployed the [ASIM normalization parsers](https://aka.ms/ASimAuthentication)'\n",
                        "version": "1.2.0",
                        "source": {
                          "kind": "Community"
                        },
                        "threatAnalysisTactics": [
                          "CredentialAccess"
                        ],
                        "threatAnalyticsTechniques": [
                          "T1110"
                        ],
                        "contentId": "a6c435a2-b1a0-466d-b730-9f8af69262e8",
                        "parentId": "a6c435a2-b1a0-466d-b730-9f8af69262e8",
                        "kind": "AnalyticsRule"
                      }
                    }
                  ]
                }
              }
            }
          ]
        },
        "dependencies": {
          "operator": "AND",
          "criteria": [
            {
              "contentId": "a6c435a2-b1a0-466d-b730-9f8af69262e8",
              "kind": "AnalyticsRule"
            }
          ]
        },
        "description": "'Identifies evidence of brute force activity against a user based on multiple authentication failures \nand at least one successful authentication within a given time window. Note that the query does not enforce any sequence,\nand does not require the successful authentication to occur last.\nThe default failure threshold is 10, success threshold is 1, and the default time window is 20 minutes.\nTo use this analytics rule, make sure you have deployed the [ASIM normalization parsers](https://aka.ms/ASimAuthentication)'\n",
        "displayName": "Brute force attack against user credentials (Uses Authentication Normalization)",
        "packageId": "a6c435a2-b1a0-466d-b730-9f8af69262e8",
        "source": {
          "kind": "Community"
        },
        "threatAnalysisTactics": [
          "CredentialAccess"
        ],
        "threatAnalyticsTechniques": [
          "T1110"
        ],
        "version": "1.2.0"
      },
      "name": "[concat(parameters('workspace'),'/Microsoft.SecurityInsights/', 'a6c435a2-b1a0-466d-b730-9f8af69262e8')]"
    }
  ]
}