{
  "$schema": "https://schema.management.azure.com/schemas/2019-04-01/deploymentTemplate.json#",
  "parameters": {
    "location": {
      "type": "string",
      "minLength": 1,
      "defaultValue": "[resourceGroup().location]",
      "metadata": {
        "description": "Not used, but needed to pass arm-ttk test `Location-Should-Not-Be-Hardcoded`.  We instead use the `workspace-location` which is derived from the LA workspace"
      }
    },
    "workspace-location": {
      "type": "string",
      "defaultValue": "",
      "metadata": {
        "description": "[concat('Region to deploy solution resources -- separate from location selection',parameters('location'))]"
      }
    },
    "workspace": {
      "defaultValue": "",
      "type": "string",
      "metadata": {
        "description": "Workspace name for Log Analytics where Microsoft Sentinel is setup"
      }
    }
  },
  "variables": {},
  "resources": [
    {
      "type": "Microsoft.OperationalInsights/workspaces/providers/packages",
      "location": "[parameters('workspace-location')]",
      "apiVersion": "2022-08-01",
      "properties": {
        "packageKind": "Standalone",
        "packageItems": {
          "resources": [
            {
              "type": "Microsoft.OperationalInsights/workspaces/providers/contentTemplates",
              "name": "[concat(parameters('workspace'),'/Microsoft.SecurityInsights/', 'af435ca1-fb70-4de1-92c1-7435c48482a9')]",
              "location": "[parameters('workspace-location')]",
              "apiVersion": "2022-08-01",
              "properties": {
                "contentId": "af435ca1-fb70-4de1-92c1-7435c48482a9",
                "displayName": "Authentications of Privileged Accounts Outside of Expected Controls",
                "contentKind": "AnalyticsRule",
                "mainTemplate": {
                  "$schema": "https://schema.management.azure.com/schemas/2019-04-01/deploymentTemplate.json#",
                  "contentVersion": "1.0.0",
                  "resources": [
                    {
                      "type": "Microsoft.OperationalInsights/workspaces/providers/alertRules",
                      "apiVersion": "2022-04-01-preview",
                      "name": "[concat(parameters('workspace'),'/Microsoft.SecurityInsights/', '' )]",
                      "kind": "Scheduled",
                      "location": "[parameters('workspace-location')]",
                      "properties": {
                        "description": "Detects when a privileged user account successfully authenticates from a location, device or ASN that another admin has not logged in from in the last 7 days.\n  Privileged accounts are a key target for threat actors, monitoring for logins from these accounts that deviate from normal activity can help identify compromised accounts.\n  Authentication attempts should be investigated to ensure the activity was legitimate and if there is other similar activity.\n  Ref: https://docs.microsoft.com/azure/active-directory/fundamentals/security-operations-user-accounts#monitoring-for-successful-unusual-sign-ins",
                        "displayName": "Authentications of Privileged Accounts Outside of Expected Controls",
                        "enabled": false,
                        "query": "let admin_users = (IdentityInfo\n  | summarize arg_max(TimeGenerated, *) by AccountUPN\n  | where AssignedRoles contains \"admin\"\n  | summarize by tolower(AccountUPN));\n  let admin_asn = (SigninLogs\n  | where TimeGenerated between (ago(7d)..ago(1d))\n  | where tolower(UserPrincipalName) in (admin_users)\n  | summarize by AutonomousSystemNumber);\n  let admin_locations = (SigninLogs\n  | where TimeGenerated between (ago(7d)..ago(1d))\n  | where tolower(UserPrincipalName) in (admin_users)\n  | summarize by Location);\n  let admin_devices = (SigninLogs\n  | where TimeGenerated between (ago(7d)..ago(1d))\n  | where tolower(UserPrincipalName) in (admin_users)\n  | extend deviceId = tostring(DeviceDetail.deviceId)\n  | where isnotempty(deviceId)\n  | summarize by deviceId);\n  SigninLogs\n  | where TimeGenerated > ago(1d)\n  | where ResultType == 0\n  | where tolower(UserPrincipalName) in (admin_users)\n  | extend deviceId = tostring(DeviceDetail.deviceId)\n  | where AutonomousSystemNumber !in (admin_asn) and deviceId !in (admin_devices) and Location !in (admin_locations)\n",
                        "queryFrequency": "P1D",
                        "queryPeriod": "P7D",
                        "severity": "Medium",
                        "suppressionDuration": "PT1H",
                        "suppressionEnabled": false,
                        "triggerOperator": "GreaterThan",
                        "triggerThreshold": 0,
                        "tactics": [
                          "InitialAccess"
                        ],
                        "entityMappings": [
                          {
                            "entityType": "Account",
                            "fieldMappings": [
                              {
                                "columnName": "UserPrincipalName",
                                "identifier": "FullName"
                              }
                            ]
                          }
                        ]
                      }
                    },
                    {
                      "type": "Microsoft.OperationalInsights/workspaces/providers/metadata",
                      "apiVersion": "2021-03-01-preview",
                      "name": "[concat(parameters('workspace'),'/Microsoft.SecurityInsights/', '')]",
                      "properties": {
                        "description": "'Detects when a privileged user account successfully authenticates from a location, device or ASN that another admin has not logged in from in the last 7 days.\n  Privileged accounts are a key target for threat actors, monitoring for logins from these accounts that deviate from normal activity can help identify compromised accounts.\n  Authentication attempts should be investigated to ensure the activity was legitimate and if there is other similar activity.\n  Ref: https://docs.microsoft.com/azure/active-directory/fundamentals/security-operations-user-accounts#monitoring-for-successful-unusual-sign-ins'\n",
                        "contentId": "af435ca1-fb70-4de1-92c1-7435c48482a9",
                        "version": "1.0.0",
                        "source": {
                          "kind": "Community"
                        },
                        "threatAnalysisTactics": [
                          "InitialAccess"
                        ],
                        "threatAnalyticsTechniques": [
                          "T1078.004"
                        ],
                        "parentId": "af435ca1-fb70-4de1-92c1-7435c48482a9",
                        "kind": "AnalyticsRule",
                        "dependencies": {
                          "operator": "AND",
                          "criteria": [
                            {
                              "contentId": "SigninLogs",
                              "kind": "DataType"
                            },
                            {
                              "contentId": "BehaviorAnalytics",
                              "kind": "DataType"
                            }
                          ]
                        }
                      }
                    }
                  ]
                }
              }
            }
          ]
        },
        "contentId": "af435ca1-fb70-4de1-92c1-7435c48482a9",
        "dependencies": {
          "operator": "AND",
          "criteria": [
            {
              "contentId": "af435ca1-fb70-4de1-92c1-7435c48482a9",
              "kind": "AnalyticsRule"
            }
          ]
        },
        "description": "'Detects when a privileged user account successfully authenticates from a location, device or ASN that another admin has not logged in from in the last 7 days.\n  Privileged accounts are a key target for threat actors, monitoring for logins from these accounts that deviate from normal activity can help identify compromised accounts.\n  Authentication attempts should be investigated to ensure the activity was legitimate and if there is other similar activity.\n  Ref: https://docs.microsoft.com/azure/active-directory/fundamentals/security-operations-user-accounts#monitoring-for-successful-unusual-sign-ins'\n",
        "displayName": "Authentications of Privileged Accounts Outside of Expected Controls",
        "source": {
          "kind": "Community"
        },
        "threatAnalysisTactics": [
          "InitialAccess"
        ],
        "threatAnalyticsTechniques": [
          "T1078.004"
        ],
        "version": "1.0.0"
      },
      "name": "[concat(parameters('workspace'),'/Microsoft.SecurityInsights/', 'af435ca1-fb70-4de1-92c1-7435c48482a9')]"
    }
  ]
}