{
  "$schema": "https://schema.management.azure.com/schemas/2019-04-01/deploymentTemplate.json#",
  "contentVersion": "1.0.0.0",
  "parameters": {
    "location": {
      "type": "string",
      "minLength": 1,
      "defaultValue": "[resourceGroup().location]",
      "metadata": {
        "description": "Not used, but needed to pass arm-ttk test `Location-Should-Not-Be-Hardcoded`.  We instead use the `workspace-location` which is derived from the LA workspace"
      }
    },
    "workspace-location": {
      "type": "string",
      "defaultValue": "",
      "metadata": {
        "description": "[concat('Region to deploy solution resources -- separate from location selection',parameters('location'))]"
      }
    },
    "workspace": {
      "defaultValue": "",
      "type": "string",
      "metadata": {
        "description": "Workspace name for Log Analytics where Microsoft Sentinel is setup"
      }
    }
  },
  "variables": {},
  "resources": [
    {
      "type": "Microsoft.OperationalInsights/workspaces/providers/packages",
      "location": "[parameters('workspace-location')]",
      "apiVersion": "2022-08-01",
      "properties": {
        "packageKind": "Standalone",
        "packageItems": {
          "resources": [
            {
              "type": "Microsoft.OperationalInsights/workspaces/providers/contentTemplates",
              "name": "[concat(parameters('workspace'),'/Microsoft.SecurityInsights/', 'CitrixWAF')]",
              "location": "[parameters('workspace-location')]",
              "kind": "shared",
              "apiVersion": "2022-08-01",
              "contentVersion": "1.0.0",
              "metadata": "Gain insight into the Citrix WAF logs",
              "properties": {
                "contentId": "CitrixWAF",
                "version": "1.0.0",
                "displayName": "Citrix WAF (Web App Firewall)",
                "contentKind": "Workbook",
                "mainTemplate": {
                  "$schema": "https://schema.management.azure.com/schemas/2019-04-01/deploymentTemplate.json#",
                  "contentVersion": "1.0.0",
                  "parameters": {},
                  "resources": [
                    {
                      "type": "Microsoft.Insights/workbooks",
                      "name": "CitrixWAF",
                      "location": "[parameters('workspace-location')]",
                      "kind": "shared",
                      "apiVersion": "2021-08-01",
                      "metadata": "Gain insight into the Citrix WAF logs",
                      "properties": {
                        "displayName": "Citrix WAF (Web App Firewall)",
                        "serializedData": "{\"version\":\"Notebook/1.0\",\"items\":[{\"type\":1,\"content\":{\"json\":\"## Citrix WAF (Web App Firewall) Workbook\\n---\\n\\nGain insight into the Citrix WAF logs.\"},\"name\":\"text - 2\"},{\"type\":3,\"content\":{\"version\":\"KqlItem/1.0\",\"query\":\"union withsource=TableName CommonSecurityLog\\n| where DeviceVendor == \\\"Citrix\\\"\\n| where DeviceProduct == \\\"NetScaler\\\"\\n| summarize Count=count() by Activity\",\"size\":1,\"queryType\":0,\"resourceType\":\"microsoft.operationalinsights/workspaces\",\"visualization\":\"barchart\"},\"name\":\"Distribution of Vulnerabilities detected\"},{\"type\":3,\"content\":{\"version\":\"KqlItem/1.0\",\"query\":\"union withsource=TableName CommonSecurityLog\\n| where DeviceVendor == \\\"Citrix\\\"\\n| where DeviceProduct == \\\"NetScaler\\\"\\n| summarize Count=count() by DeviceAction\",\"size\":1,\"queryType\":0,\"resourceType\":\"microsoft.operationalinsights/workspaces\",\"visualization\":\"table\"},\"name\":\"Distribution  of Action taken by Citrix WAF based on configuration\"}],\"fallbackResourceIds\":[\"\"],\"fromTemplateId\":\"sentinel-Citrix_WAF\",\"$schema\":\"https://github.com/Microsoft/Application-Insights-Workbooks/blob/master/schema/workbook.json\"}\r\n",
                        "version": "1.0",
                        "sourceId": "[resourceId('microsoft.OperationalInsights/Workspaces', parameters('workspace'))]",
                        "category": "sentinel"
                      }
                    },
                    {
                      "type": "Microsoft.OperationalInsights/workspaces/providers/metadata",
                      "apiVersion": "2021-03-01-preview",
                      "name": "[concat(parameters('workspace'),'/Microsoft.SecurityInsights/',concat('Workbook-', 'CitrixWAF'))]",
                      "properties": {
                        "description": "Gain insight into the Citrix WAF logs",
                        "version": "1.0.0",
                        "previewImages": [
                          "CitrixWAFWhite.png"
                        ],
                        "previewImagesDark": [
                          "CitrixWAFBlack.png"
                        ],
                        "icon": "citrix_logo.svg",
                        "author": {
                          "name": "Community"
                        },
                        "support": {
                          "name": "Community",
                          "link": "https://github.com/Azure/Azure-Sentinel/issues",
                          "tier": "Community"
                        },
                        "source": {
                          "kind": "Community",
                          "name": "Standalone"
                        },
                        "contentId": "CitrixWAF",
                        "parentId": "[resourceId('Microsoft.Insights/workbooks', 'CitrixWAF')]",
                        "kind": "Workbook",
                        "dependencies": {
                          "operator": "AND",
                          "criteria": [
                            {
                              "contentId": "CommonSecurityLog",
                              "kind": "DataType"
                            }
                          ]
                        }
                      }
                    }
                  ]
                }
              }
            }
          ]
        },
        "author": {
          "name": "Community"
        },
        "dependencies": {
          "operator": "AND",
          "criteria": [
            {
              "contentId": "CitrixWAF",
              "kind": "Workbook"
            }
          ]
        },
        "description": "Gain insight into the Citrix WAF logs",
        "displayName": "Citrix WAF (Web App Firewall)",
        "icon": "citrix_logo.svg",
        "packageId": "CitrixWAF",
        "previewImages": [
          "CitrixWAFWhite.png"
        ],
        "previewImagesDark": [
          "CitrixWAFBlack.png"
        ],
        "source": {
          "kind": "Community",
          "name": "Standalone"
        },
        "support": {
          "name": "Community",
          "link": "https://github.com/Azure/Azure-Sentinel/issues",
          "tier": "Community"
        },
        "version": "1.0.0"
      },
      "name": "[concat(parameters('workspace'),'/Microsoft.SecurityInsights/', 'CitrixWAF')]"
    }
  ]
}