{
  "$schema": "https://schema.management.azure.com/schemas/2019-04-01/deploymentTemplate.json#",
  "parameters": {
    "location": {
      "type": "string",
      "minLength": 1,
      "defaultValue": "[resourceGroup().location]",
      "metadata": {
        "description": "Not used, but needed to pass arm-ttk test `Location-Should-Not-Be-Hardcoded`.  We instead use the `workspace-location` which is derived from the LA workspace"
      }
    },
    "workspace-location": {
      "type": "string",
      "defaultValue": "",
      "metadata": {
        "description": "[concat('Region to deploy solution resources -- separate from location selection',parameters('location'))]"
      }
    },
    "workspace": {
      "defaultValue": "",
      "type": "string",
      "metadata": {
        "description": "Workspace name for Log Analytics where Microsoft Sentinel is setup"
      }
    }
  },
  "variables": {},
  "resources": [
    {
      "type": "Microsoft.OperationalInsights/workspaces/providers/packages",
      "location": "[parameters('workspace-location')]",
      "apiVersion": "2022-08-01",
      "properties": {
        "packageKind": "Standalone",
        "packageItems": {
          "resources": [
            {
              "type": "Microsoft.OperationalInsights/workspaces/providers/contentTemplates",
              "name": "[concat(parameters('workspace'),'/Microsoft.SecurityInsights/', 'b8b8ba09-1e89-45a1-8bd7-691cd23bfa32')]",
              "location": "[parameters('workspace-location')]",
              "apiVersion": "2022-08-01",
              "properties": {
                "contentId": "b8b8ba09-1e89-45a1-8bd7-691cd23bfa32",
                "displayName": "Missing Domain Controller Heartbeat",
                "contentKind": "AnalyticsRule",
                "mainTemplate": {
                  "$schema": "https://schema.management.azure.com/schemas/2019-04-01/deploymentTemplate.json#",
                  "contentVersion": "1.0.0",
                  "resources": [
                    {
                      "type": "Microsoft.OperationalInsights/workspaces/providers/alertRules",
                      "apiVersion": "2022-04-01-preview",
                      "name": "[concat(parameters('workspace'),'/Microsoft.SecurityInsights/', '' )]",
                      "kind": "Scheduled",
                      "location": "[parameters('workspace-location')]",
                      "properties": {
                        "description": "This detection will go over the heartbeats received from the agents of Domain Controllers over the last hour, and will create alerts if the last heartbeats were received an hour ago.",
                        "displayName": "Missing Domain Controller Heartbeat",
                        "enabled": false,
                        "query": "\nlet query_frequency = 15m;\nlet missing_period = 1h;\n//Enter a reference list of hostnames for your DC servers\nlet DCServersList = dynamic ([\"DC01.simulandlabs.com\",\"DC02.simulandlabs.com\"]);\n//Alternatively, a Watchlist can be used\n//let DCServersList = _GetWatchlist('HostName-DomainControllers') | project HostName;\nHeartbeat\n| summarize arg_max(TimeGenerated, *) by Computer\n| where Computer in (DCServersList)\n//You may specify the OS type of your Domain Controllers\n//| where OSType == 'Windows'\n| where TimeGenerated between (ago(query_frequency + missing_period) .. ago(missing_period))\n| project TimeGenerated, Computer, OSType, Version, ComputerEnvironment, Type, Solutions\n| sort by TimeGenerated asc\n",
                        "queryFrequency": "PT15M",
                        "queryPeriod": "PT2H",
                        "severity": "High",
                        "suppressionDuration": "PT1H",
                        "suppressionEnabled": false,
                        "triggerOperator": "GreaterThan",
                        "triggerThreshold": 0,
                        "tactics": [
                          "Impact",
                          "DefenseEvasion"
                        ],
                        "entityMappings": [
                          {
                            "entityType": "Host",
                            "fieldMappings": [
                              {
                                "columnName": "Computer",
                                "identifier": "HostName"
                              }
                            ]
                          }
                        ]
                      }
                    },
                    {
                      "type": "Microsoft.OperationalInsights/workspaces/providers/metadata",
                      "apiVersion": "2021-03-01-preview",
                      "name": "[concat(parameters('workspace'),'/Microsoft.SecurityInsights/', '')]",
                      "properties": {
                        "description": "'This detection will go over the heartbeats received from the agents of Domain Controllers over the last hour, and will create alerts if the last heartbeats were received an hour ago.'\n",
                        "contentId": "b8b8ba09-1e89-45a1-8bd7-691cd23bfa32",
                        "version": "1.0.0",
                        "source": {
                          "kind": "Community"
                        },
                        "threatAnalysisTactics": [
                          "Impact",
                          "DefenseEvasion"
                        ],
                        "parentId": "b8b8ba09-1e89-45a1-8bd7-691cd23bfa32",
                        "kind": "AnalyticsRule"
                      }
                    }
                  ]
                }
              }
            }
          ]
        },
        "contentId": "b8b8ba09-1e89-45a1-8bd7-691cd23bfa32",
        "dependencies": {
          "operator": "AND",
          "criteria": [
            {
              "contentId": "b8b8ba09-1e89-45a1-8bd7-691cd23bfa32",
              "kind": "AnalyticsRule"
            }
          ]
        },
        "description": "'This detection will go over the heartbeats received from the agents of Domain Controllers over the last hour, and will create alerts if the last heartbeats were received an hour ago.'\n",
        "displayName": "Missing Domain Controller Heartbeat",
        "source": {
          "kind": "Community"
        },
        "threatAnalysisTactics": [
          "Impact",
          "DefenseEvasion"
        ],
        "version": "1.0.0"
      },
      "name": "[concat(parameters('workspace'),'/Microsoft.SecurityInsights/', 'b8b8ba09-1e89-45a1-8bd7-691cd23bfa32')]"
    }
  ]
}