{
  "$schema": "https://schema.management.azure.com/schemas/2019-04-01/deploymentTemplate.json#",
  "parameters": {
    "location": {
      "type": "string",
      "minLength": 1,
      "defaultValue": "[resourceGroup().location]",
      "metadata": {
        "description": "Not used, but needed to pass arm-ttk test `Location-Should-Not-Be-Hardcoded`.  We instead use the `workspace-location` which is derived from the LA workspace"
      }
    },
    "workspace-location": {
      "type": "string",
      "defaultValue": "",
      "metadata": {
        "description": "[concat('Region to deploy solution resources -- separate from location selection',parameters('location'))]"
      }
    },
    "workspace": {
      "defaultValue": "",
      "type": "string",
      "metadata": {
        "description": "Workspace name for Log Analytics where Microsoft Sentinel is setup"
      }
    }
  },
  "variables": {},
  "resources": [
    {
      "type": "Microsoft.OperationalInsights/workspaces/providers/packages",
      "location": "[parameters('workspace-location')]",
      "apiVersion": "2022-08-01",
      "properties": {
        "packageKind": "Standalone",
        "packageItems": {
          "resources": [
            {
              "type": "Microsoft.OperationalInsights/workspaces/providers/contentTemplates",
              "name": "[concat(parameters('workspace'),'/Microsoft.SecurityInsights/', '0fb54a5c-5599-4ff9-80a2-f788c3ed285e')]",
              "location": "[parameters('workspace-location')]",
              "kind": "shared",
              "apiVersion": "2022-08-01",
              "properties": {
                "contentId": "0fb54a5c-5599-4ff9-80a2-f788c3ed285e",
                "displayName": "Solorigate DNS Pattern",
                "contentKind": "HuntingQuery",
                "mainTemplate": {
                  "$schema": "https://schema.management.azure.com/schemas/2019-04-01/deploymentTemplate.json#",
                  "contentVersion": "1.0.0",
                  "resources": [
                    {
                      "type": "Microsoft.OperationalInsights/savedSearches",
                      "apiVersion": "2020-08-01",
                      "name": "0fb54a5c-5599-4ff9-80a2-f788c3ed285e",
                      "location": "[parameters('workspace-location')]",
                      "properties": {
                        "eTag": "*",
                        "displayName": "Solorigate DNS Pattern",
                        "category": "Hunting Queries",
                        "query": "\nlet cloudApiTerms = dynamic([\"api\", \"east\", \"west\"]);\nDnsEvents\n| where IPAddresses != \"\" and IPAddresses != \"127.0.0.1\"\n| where Name endswith \".com\" or Name endswith \".org\" or Name endswith \".net\"\n| extend domain_split = split(Name, \".\")\n| where tostring(domain_split[-5]) != \"\" and tostring(domain_split[-6]) == \"\"\n| extend sub_domain = tostring(domain_split[0])\n| where sub_domain !contains \"-\"\n| extend sub_directories = strcat(domain_split[-3], \" \", domain_split[-4])\n| where sub_directories has_any(cloudApiTerms)\n//Based on sample communications the subdomain is always between 20 and 30 bytes\n| where strlen(sub_domain) < 32 and strlen(sub_domain) > 20\n| extend domain = strcat(tostring(domain_split[-2]), \".\", tostring(domain_split[-1])) \n| extend subdomain_no = countof(sub_domain, @\"(\\d)\", \"regex\")\n| extend subdomain_ch = countof(sub_domain, @\"([a-z])\", \"regex\")\n| where subdomain_no > 1\n| extend percentage_numerical = toreal(subdomain_no) / toreal(strlen(sub_domain)) * 100\n| where percentage_numerical < 50 and percentage_numerical > 5\n| summarize count(), FirstSeen=min(TimeGenerated), LastSeen=max(TimeGenerated) by Name, IPAddresses\n| order by count_ asc\n| extend timestamp = FirstSeen, IPCustomEntity = IPAddresses, DomainCustomEntity = Name\n",
                        "version": 2,
                        "tags": [
                          {
                            "name": "description",
                            "value": "'Looks for DGA pattern of the domain associated with Solorigate in order to find other domains with the same activity pattern.'\n"
                          },
                          {
                            "name": "techniques",
                            "value": ""
                          },
                          {
                            "name": "tactics",
                            "value": "CommandAndControl"
                          }
                        ]
                      }
                    },
                    {
                      "type": "Microsoft.OperationalInsights/workspaces/providers/metadata",
                      "apiVersion": "2021-03-01-preview",
                      "name": "[concat(parameters('workspace'),'/Microsoft.SecurityInsights/',concat('huntingQuery-', '0fb54a5c-5599-4ff9-80a2-f788c3ed285e'))]",
                      "properties": {
                        "description": "'Looks for DGA pattern of the domain associated with Solorigate in order to find other domains with the same activity pattern.'\n",
                        "contentId": "0fb54a5c-5599-4ff9-80a2-f788c3ed285e",
                        "version": "1.0.0",
                        "source": {
                          "kind": "Community"
                        },
                        "threatAnalysisTactics": [
                          "CommandAndControl"
                        ],
                        "threatAnalyticsTechniques": [
                          "T1568"
                        ],
                        "parentId": "0fb54a5c-5599-4ff9-80a2-f788c3ed285e",
                        "kind": "HuntingQuery",
                        "dependencies": {
                          "operator": "AND",
                          "criteria": [
                            {
                              "contentId": "DnsEvents",
                              "kind": "DataType"
                            }
                          ]
                        }
                      }
                    }
                  ]
                }
              }
            }
          ]
        },
        "contentId": "0fb54a5c-5599-4ff9-80a2-f788c3ed285e",
        "dependencies": {
          "operator": "AND",
          "criteria": [
            {
              "contentId": "0fb54a5c-5599-4ff9-80a2-f788c3ed285e",
              "kind": "HuntingQuery"
            }
          ]
        },
        "description": "'Looks for DGA pattern of the domain associated with Solorigate in order to find other domains with the same activity pattern.'\n",
        "displayName": "Solorigate DNS Pattern",
        "source": {
          "kind": "Community"
        },
        "threatAnalysisTactics": [
          "CommandAndControl"
        ],
        "threatAnalyticsTechniques": [
          "T1568"
        ],
        "version": "1.0.0"
      },
      "name": "[concat(parameters('workspace'),'/Microsoft.SecurityInsights/', '0fb54a5c-5599-4ff9-80a2-f788c3ed285e')]"
    }
  ]
}