{
  "$schema": "https://schema.management.azure.com/schemas/2019-04-01/deploymentTemplate.json#",
  "contentVersion": "1.0.0.0",
  "parameters": {
    "location": {
      "type": "string",
      "minLength": 1,
      "defaultValue": "[resourceGroup().location]",
      "metadata": {
        "description": "Not used, but needed to pass arm-ttk test `Location-Should-Not-Be-Hardcoded`.  We instead use the `workspace-location` which is derived from the LA workspace"
      }
    },
    "workspace-location": {
      "type": "string",
      "defaultValue": "",
      "metadata": {
        "description": "[concat('Region to deploy solution resources -- separate from location selection',parameters('location'))]"
      }
    },
    "workspace": {
      "defaultValue": "",
      "type": "string",
      "metadata": {
        "description": "Workspace name for Log Analytics where Microsoft Sentinel is setup"
      }
    }
  },
  "variables": {},
  "resources": [
    {
      "type": "Microsoft.OperationalInsights/workspaces/providers/packages",
      "location": "[parameters('workspace-location')]",
      "apiVersion": "2022-08-01",
      "properties": {
        "packageKind": "Standalone",
        "packageItems": {
          "resources": [
            {
              "type": "Microsoft.OperationalInsights/workspaces/providers/contentTemplates",
              "name": "[concat(parameters('workspace'),'/Microsoft.SecurityInsights/', '9176b18f-a946-42c6-a2f6-0f6d17cd6a8a')]",
              "location": "[parameters('workspace-location')]",
              "apiVersion": "2022-08-01",
              "properties": {
                "contentId": "9176b18f-a946-42c6-a2f6-0f6d17cd6a8a",
                "displayName": "Potential communication with a Domain Generation Algorithm (DGA) based hostname (ASIM Web Session schema)",
                "contentKind": "AnalyticsRule",
                "mainTemplate": {
                  "$schema": "https://schema.management.azure.com/schemas/2019-04-01/deploymentTemplate.json#",
                  "contentVersion": "1.1.2",
                  "resources": [
                    {
                      "type": "Microsoft.OperationalInsights/workspaces/providers/alertRules",
                      "apiVersion": "2022-04-01-preview",
                      "name": "9176b18f-a946-42c6-a2f6-0f6d17cd6a8a",
                      "kind": "Scheduled",
                      "location": "[parameters('workspace-location')]",
                      "properties": {
                        "description": "This rule identifies communication with hosts that have a domain name that might have been generated by a Domain Generation Algorithm (DGA). DGAs are used by malware to generate rendezvous points that are difficult to predict in advance. This detection uses the top 1 million domain names to build a model of what normal domains look like nad uses the model to identify domains that may have been randomly generated by an algorithm. You can modify the triThreshold and dgaLengthThreshold query parameters to change Analytic Rule sensitivity. The higher the numbers, the less noisy the rule is. <br>\n This analytic rule uses [ASIM](https://aka.ms/AboutASIM) and supports any built-in or custom source that supports the ASIM WebSession schema (ASIM WebSession Schema)",
                        "displayName": "Potential communication with a Domain Generation Algorithm (DGA) based hostname (ASIM Web Session schema)",
                        "enabled": false,
                        "query": "let triThreshold = 500;\nlet querystarttime = 6h;\nlet dgaLengthThreshold = 8;\n// fetch the cisco umbrella top 1M domains\nlet top1M =  (externaldata (Position:int, Domain:string)   [@\"http://s3-us-west-1.amazonaws.com/umbrella-static/top-1m.csv.zip\"]  with (format=\"csv\", zipPattern=\"*.csv\"));\n// extract tri grams that are above our threshold - i.e. are common\nlet triBaseline =   top1M\n  | extend Domain = tolower(extract(\"([^.]*).{0,7}$\", 1, Domain))\n  | extend AllTriGrams = array_concat(extract_all(\"(...)\", Domain), extract_all(\"(...)\", substring(Domain, 1)), extract_all(\"(...)\", substring(Domain, 2)))\n  | mvexpand Trigram=AllTriGrams to typeof(string)\n  | summarize triCount=count() by Trigram\n  | sort by triCount desc\n  | where triCount > triThreshold\n  | distinct Trigram;\n// collect domain information from common security log, filter and extract the DGA candidate and its trigrams\nlet allDataSummarized =  _Im_WebSession  \n| where isnotempty(Url)       \n| extend Name = tolower(tostring(parse_url(Url)[\"Host\"]))\n| summarize NameCount=count() by Name\n| where Name has \".\"\n| where Name !endswith \".home\" and Name !endswith \".lan\"\n// extract DGA candidate\n| extend DGADomain = extract(\"([^.]*).{0,7}$\", 1, Name)\n| where strlen(DGADomain) > dgaLengthThreshold\n// throw out domains with number in them\n| where DGADomain matches regex \"^[A-Za-z]{0,}$\"\n// extract the tri grams from summarized data\n| extend AllTriGrams = array_concat(extract_all(\"(...)\", DGADomain), extract_all(\"(...)\", substring(DGADomain, 1)), extract_all(\"(...)\", substring(DGADomain, 2)));\n// throw out domains that have repeating tri's and/or >=3 repeating letters\nlet nonRepeatingTris =  allDataSummarized\n| join kind=leftanti\n(\n    allDataSummarized\n    | mvexpand AllTriGrams\n    | summarize count() by tostring(AllTriGrams), DGADomain\n    | where count_ > 1\n    | distinct DGADomain\n)\non DGADomain;\n// find domains that do not have a common tri in the baseline\nlet dataWithRareTris =  nonRepeatingTris\n| join kind=leftanti\n(\n    nonRepeatingTris\n    | mvexpand AllTriGrams\n    | extend Trigram = tostring(AllTriGrams)\n    | distinct Trigram, DGADomain\n    | join kind=inner\n    (\n        triBaseline\n    )\n    on Trigram\n    | distinct DGADomain\n)\non DGADomain;\ndataWithRareTris\n// join DGAs back on connection data\n| join kind=inner\n(\n    _Im_WebSession\n    | where isnotempty(Url)\n    | extend Url = tolower(Url)\n    | summarize arg_max(TimeGenerated, EventVendor,  SrcIpAddr) by Url\n    | extend Name=tostring(parse_url(Url)[\"Host\"])\n    | summarize StartTime=min(TimeGenerated), EndTime=max(TimeGenerated) by Name, SrcIpAddr, Url\n)\non Name\n| project StartTime, EndTime, Name, DGADomain, SrcIpAddr, Url, NameCount\n",
                        "queryFrequency": "PT6H",
                        "queryPeriod": "PT6H",
                        "severity": "Medium",
                        "status": "Available",
                        "suppressionDuration": "PT1H",
                        "suppressionEnabled": false,
                        "triggerOperator": "GreaterThan",
                        "triggerThreshold": 0,
                        "tactics": [
                          "CommandAndControl"
                        ],
                        "techniques": [
                          "T1568"
                        ],
                        "entityMappings": [
                          {
                            "entityType": "IP",
                            "fieldMappings": [
                              {
                                "columnName": "SrcIpAddr",
                                "identifier": "Address"
                              }
                            ]
                          },
                          {
                            "entityType": "URL",
                            "fieldMappings": [
                              {
                                "columnName": "URL",
                                "identifier": "Url"
                              }
                            ]
                          }
                        ],
                        "customDetails": {
                          "DGAPattern": "DGADomain",
                          "NameCount": "NameCount"
                        },
                        "alertDetailsOverride": {
                          "alertDescriptionFormat": "A client with address {{SrcIpAddr}} communicated with host {{Name}} that have a domain name that might have been generated by a Domain Generation Algorithm (DGA), identified by the pattern {{DGADomain}}. DGAs are used by malware to generate rendezvous points that are difficult to predict in advance. This detection uses the top 1 million domain names to build a model of what normal domains look like and uses the model to identify domains that may have been randomly generated by an algorithm.",
                          "alertDisplayNameFormat": "Potential communication from {{SrcIpAddr} with a Domain Generation Algorithm (DGA) based host {{Name}}"
                        },
                        "requiredDataConnectors": [
                          {
                            "connectorId": "SquidProxy",
                            "dataTypes": [
                              "SquidProxy_CL"
                            ]
                          },
                          {
                            "connectorId": "Zscaler",
                            "dataTypes": [
                              "CommonSecurityLog"
                            ]
                          }
                        ]
                      }
                    },
                    {
                      "type": "Microsoft.OperationalInsights/workspaces/providers/metadata",
                      "apiVersion": "2021-03-01-preview",
                      "properties": {
                        "description": "This rule identifies communication with hosts that have a domain name that might have been generated by a Domain Generation Algorithm (DGA). DGAs are used by malware to generate rendezvous points that are difficult to predict in advance. This detection uses the top 1 million domain names to build a model of what normal domains look like nad uses the model to identify domains that may have been randomly generated by an algorithm. You can modify the triThreshold and dgaLengthThreshold query parameters to change Analytic Rule sensitivity. The higher the numbers, the less noisy the rule is. <br>\n This analytic rule uses [ASIM](https://aka.ms/AboutASIM) and supports any built-in or custom source that supports the ASIM WebSession schema (ASIM WebSession Schema)",
                        "version": "1.1.2",
                        "author": {
                          "name": "Yaron"
                        },
                        "support": {
                          "tier": "Community",
                          "name": "Community",
                          "link": "https://github.com/Azure/Azure-Sentinel/issues"
                        },
                        "source": {
                          "kind": "Community",
                          "name": "Standalone"
                        },
                        "threatAnalysisTactics": [
                          "CommandAndControl"
                        ],
                        "threatAnalyticsTechniques": [
                          "T1568"
                        ],
                        "contentId": "9176b18f-a946-42c6-a2f6-0f6d17cd6a8a",
                        "parentId": "9176b18f-a946-42c6-a2f6-0f6d17cd6a8a",
                        "kind": "AnalyticsRule",
                        "dependencies": {
                          "operator": "AND",
                          "criteria": [
                            {
                              "contentId": "SquidProxy_CL",
                              "kind": "DataType"
                            },
                            {
                              "contentId": "CommonSecurityLog",
                              "kind": "DataType"
                            }
                          ]
                        }
                      }
                    }
                  ]
                }
              }
            }
          ]
        },
        "author": {
          "name": "Yaron"
        },
        "categories": {
          "domains": [
            "Security - Threat Protection"
          ]
        },
        "dependencies": {
          "operator": "AND",
          "criteria": [
            {
              "contentId": "9176b18f-a946-42c6-a2f6-0f6d17cd6a8a",
              "kind": "AnalyticsRule"
            }
          ]
        },
        "description": "This rule identifies communication with hosts that have a domain name that might have been generated by a Domain Generation Algorithm (DGA). DGAs are used by malware to generate rendezvous points that are difficult to predict in advance. This detection uses the top 1 million domain names to build a model of what normal domains look like nad uses the model to identify domains that may have been randomly generated by an algorithm. You can modify the triThreshold and dgaLengthThreshold query parameters to change Analytic Rule sensitivity. The higher the numbers, the less noisy the rule is. <br>\n This analytic rule uses [ASIM](https://aka.ms/AboutASIM) and supports any built-in or custom source that supports the ASIM WebSession schema (ASIM WebSession Schema)",
        "displayName": "Potential communication with a Domain Generation Algorithm (DGA) based hostname (ASIM Web Session schema)",
        "packageId": "9176b18f-a946-42c6-a2f6-0f6d17cd6a8a",
        "source": {
          "kind": "Community",
          "name": "Standalone"
        },
        "support": {
          "tier": "Community",
          "name": "Community",
          "link": "https://github.com/Azure/Azure-Sentinel/issues"
        },
        "threatAnalysisTactics": [
          "CommandAndControl"
        ],
        "threatAnalyticsTechniques": [
          "T1568"
        ],
        "version": "1.1.2"
      },
      "name": "[concat(parameters('workspace'),'/Microsoft.SecurityInsights/', '9176b18f-a946-42c6-a2f6-0f6d17cd6a8a')]"
    }
  ]
}