{
  "$schema": "https://schema.management.azure.com/schemas/2019-04-01/deploymentTemplate.json#",
  "contentVersion": "1.0.0.0",
  "parameters": {
    "location": {
      "type": "string",
      "minLength": 1,
      "defaultValue": "[resourceGroup().location]",
      "metadata": {
        "description": "Not used, but needed to pass arm-ttk test `Location-Should-Not-Be-Hardcoded`.  We instead use the `workspace-location` which is derived from the LA workspace"
      }
    },
    "workspace-location": {
      "type": "string",
      "defaultValue": "",
      "metadata": {
        "description": "[concat('Region to deploy solution resources -- separate from location selection',parameters('location'))]"
      }
    },
    "workspace": {
      "defaultValue": "",
      "type": "string",
      "metadata": {
        "description": "Workspace name for Log Analytics where Microsoft Sentinel is setup"
      }
    }
  },
  "variables": {},
  "resources": [
    {
      "type": "Microsoft.OperationalInsights/workspaces/providers/packages",
      "location": "[parameters('workspace-location')]",
      "apiVersion": "2022-08-01",
      "properties": {
        "packageKind": "Standalone",
        "packageItems": {
          "resources": [
            {
              "type": "Microsoft.OperationalInsights/workspaces/providers/contentTemplates",
              "name": "[concat(parameters('workspace'),'/Microsoft.SecurityInsights/', '3de523b5-9608-43d5-801e-732c741dd82e')]",
              "location": "[parameters('workspace-location')]",
              "kind": "shared",
              "apiVersion": "2022-08-01",
              "properties": {
                "contentId": "3de523b5-9608-43d5-801e-732c741dd82e",
                "displayName": "Rare User Agent strings",
                "contentKind": "HuntingQuery",
                "mainTemplate": {
                  "$schema": "https://schema.management.azure.com/schemas/2019-04-01/deploymentTemplate.json#",
                  "contentVersion": "1.0.0",
                  "resources": [
                    {
                      "type": "Microsoft.OperationalInsights/savedSearches",
                      "apiVersion": "2020-08-01",
                      "name": "3de523b5-9608-43d5-801e-732c741dd82e",
                      "location": "[parameters('workspace-location')]",
                      "properties": {
                        "eTag": "*",
                        "displayName": "Rare User Agent strings",
                        "category": "Hunting Queries",
                        "query": "\nW3CIISLog\n//Exclude local addresses, using ipv4_is_private operator\n|where ipv4_is_private(cIP) == false and  cIP !startswith \"fe80\" and cIP !startswith \"::\" and cIP !startswith \"127.\"  \n| where isnotempty(csUserAgent) and csUserAgent !in~ (\"-\", \"MSRPC\")\n| extend csUserAgent_size = string_size(csUserAgent)\n| project TimeGenerated, sSiteName, sPort, csUserAgent, csUserAgent_size, csUserName , csMethod, csUriStem, sIP, cIP, scStatus, \nscSubStatus, scWin32Status, csHost \n| join (\n    W3CIISLog\n\t  // The below line can be used to exclude local IPs if these create noise\n    |where ipv4_is_private(cIP) == false and  cIP !startswith \"fe80\" and cIP !startswith \"::\" and cIP !startswith \"127.\"  \n    | where isnotempty(csUserAgent) and csUserAgent !in~ (\"-\", \"MSRPC\") \n    | extend csUserAgent_size = string_size(csUserAgent)\n    | summarize csUserAgent_count = count() by bin(csUserAgent_size, 1)\n    | top 20 by csUserAgent_count asc nulls last \n) on csUserAgent_size\n| project TimeGenerated, sSiteName, sPort, sIP, cIP, csUserAgent, csUserAgent_size, csUserAgent_count, csUserName , csMethod, csUriStem, \nscStatus, scSubStatus, scWin32Status, csHost\n| extend timestamp = TimeGenerated, IPCustomEntity = cIP, HostCustomEntity = csHost, AccountCustomEntity = csUserName \n",
                        "version": 2,
                        "tags": [
                          {
                            "name": "description",
                            "value": "This will check for Rare User Agent strings over the last 3 days.  This can indicate potential probing of your IIS servers."
                          },
                          {
                            "name": "techniques",
                            "value": ""
                          },
                          {
                            "name": "tactics",
                            "value": "InitialAccess"
                          }
                        ]
                      }
                    },
                    {
                      "type": "Microsoft.OperationalInsights/workspaces/providers/metadata",
                      "apiVersion": "2021-03-01-preview",
                      "name": "[concat(parameters('workspace'),'/Microsoft.SecurityInsights/',concat('huntingQuery-', '3de523b5-9608-43d5-801e-732c741dd82e'))]",
                      "properties": {
                        "description": "This will check for Rare User Agent strings over the last 3 days.  This can indicate potential probing of your IIS servers.",
                        "version": "1.0.0",
                        "author": {
                          "name": "Shain"
                        },
                        "support": {
                          "tier": "Community",
                          "name": "Community",
                          "link": "https://github.com/Azure/Azure-Sentinel/issues"
                        },
                        "source": {
                          "kind": "Community",
                          "name": "Standalone"
                        },
                        "threatAnalysisTactics": [
                          "InitialAccess"
                        ],
                        "threatAnalyticsTechniques": [
                          "T1190"
                        ],
                        "contentId": "3de523b5-9608-43d5-801e-732c741dd82e",
                        "parentId": "3de523b5-9608-43d5-801e-732c741dd82e",
                        "kind": "HuntingQuery",
                        "dependencies": {
                          "operator": "AND",
                          "criteria": [
                            {
                              "contentId": "W3CIISLog",
                              "kind": "DataType"
                            }
                          ]
                        }
                      }
                    }
                  ]
                }
              }
            }
          ]
        },
        "author": {
          "name": "Shain"
        },
        "categories": {
          "domains": [
            "Security - Other"
          ]
        },
        "dependencies": {
          "operator": "AND",
          "criteria": [
            {
              "contentId": "3de523b5-9608-43d5-801e-732c741dd82e",
              "kind": "HuntingQuery"
            }
          ]
        },
        "description": "This will check for Rare User Agent strings over the last 3 days.  This can indicate potential probing of your IIS servers.",
        "displayName": "Rare User Agent strings",
        "packageId": "3de523b5-9608-43d5-801e-732c741dd82e",
        "source": {
          "kind": "Community",
          "name": "Standalone"
        },
        "support": {
          "tier": "Community",
          "name": "Community",
          "link": "https://github.com/Azure/Azure-Sentinel/issues"
        },
        "threatAnalysisTactics": [
          "InitialAccess"
        ],
        "threatAnalyticsTechniques": [
          "T1190"
        ],
        "version": "1.0.0"
      },
      "name": "3de523b5-9608-43d5-801e-732c741dd82e"
    }
  ]
}