{
  "$schema": "https://schema.management.azure.com/schemas/2019-04-01/deploymentTemplate.json#",
  "contentVersion": "1.0.0",
  "parameters": {
    "location": {
      "type": "string",
      "minLength": 1,
      "defaultValue": "[resourceGroup().location]",
      "metadata": {
        "description": "Not used, but needed to pass arm-ttk test `Location-Should-Not-Be-Hardcoded`.  We instead use the `workspace-location` which is derived from the LA workspace"
      }
    },
    "workspace": {
      "defaultValue": "",
      "type": "string",
      "metadata": {
        "description": "Workspace name for Log Analytics where Microsoft Sentinel is setup"
      }
    },
    "workspace-location": {
      "type": "string",
      "defaultValue": "",
      "metadata": {
        "description": "[concat('Region to deploy solution resources -- separate from location selection',parameters('location'))]"
      }
    }
  },
  "resources": [
    {
      "type": "Microsoft.OperationalInsights/workspaces/providers/contentTemplates",
      "name": "[concat(parameters('workspace'),'/Microsoft.SecurityInsights/',concat(concat(parameters('workspace'),'-ar-',uniquestring('dfa3ec92-bdae-410f-b675-fe1814e4d43e')),'1.0.0'))]",
      "location": "[parameters('workspace-location')]",
      "apiVersion": "2023-04-01-preview",
      "dependsOn": [
        "[extensionResourceId(resourceId('Microsoft.OperationalInsights/workspaces', parameters('workspace')), 'Microsoft.SecurityInsights/contentPackages', 'arista-networks.awake-security')]"
      ],
      "properties": {
        "contentId": "dfa3ec92-bdae-410f-b675-fe1814e4d43e",
        "displayName": "Awake Security - Model With Multiple Destinations",
        "contentKind": "AnalyticsRule",
        "mainTemplate": {
          "$schema": "https://schema.management.azure.com/schemas/2019-04-01/deploymentTemplate.json#",
          "contentVersion": "1.0.0",
          "parameters": {},
          "variables": {},
          "resources": [
            {
              "type": "Microsoft.SecurityInsights/AlertRuleTemplates",
              "name": "dfa3ec92-bdae-410f-b675-fe1814e4d43e",
              "apiVersion": "2022-04-01-preview",
              "kind": "Scheduled",
              "location": "[parameters('workspace-location')]",
              "properties": {
                "description": "This query searches for devices with multiple possibly malicious destinations.",
                "displayName": "Awake Security - Model With Multiple Destinations",
                "enabled": false,
                "query": "CommonSecurityLog | where DeviceVendor == \"Arista Networks\" and DeviceProduct == \"Awake Security\"\n| summarize StartTime=min(TimeGenerated), EndTime=max(TimeGenerated), Models=make_set(Activity), ASPMatchURLs=make_set(DeviceCustomString2), SourceIPs=make_set(SourceIP),\n  DestinationIPs=make_set(DestinationIP), ModelMatchCount=sum(EventCount), MaxSeverity=max(toint(LogSeverity)) by SourceHostName\n| where array_length(DestinationIPs) > 1\n",
                "queryFrequency": "PT1H",
                "queryPeriod": "PT1H",
                "severity": "Medium",
                "suppressionDuration": "PT1H",
                "suppressionEnabled": false,
                "triggerOperator": "GreaterThan",
                "triggerThreshold": 0,
                "status": "Available",
                "requiredDataConnectors": [
                  {
                    "connectorId": "AristaAwakeSecurity",
                    "dataTypes": [
                      "CommonSecurityLog (AwakeSecurity)"
                    ]
                  }
                ],
                "entityMappings": [
                  {
                    "entityType": "Host",
                    "fieldMappings": [
                      {
                        "identifier": "HostName",
                        "columnName": "SourceHostName"
                      }
                    ]
                  },
                  {
                    "entityType": "IP",
                    "fieldMappings": [
                      {
                        "identifier": "Address",
                        "columnName": "SourceIPs"
                      }
                    ]
                  }
                ],
                "eventGroupingSettings": {
                  "aggregationKind": "AlertPerResult"
                },
                "customDetails": {
                  "Matches_Max_Severity": "MaxSeverity",
                  "Matched_Models": "Models",
                  "Matches_ASP_URLs": "ASPMatchURLs",
                  "Matches_Count": "ModelMatchCount",
                  "Matches_Dest_IPs": "DestinationIPs",
                  "Device": "SourceHostName"
                },
                "alertDetailsOverride": {
                  "alertDescriptionFormat": "Device {{SourceHostName}} communicated with multiple possibly malicious destinations.  The destination IPs were:\n\n{{DestinationIPs}}\n\nThe associated with Awake model(s) were:\n\n{{Models}}\n",
                  "alertDisplayNameFormat": "Awake Security - Model Matches With Multiple Destinations On Device {{SourceHostName}}"
                },
                "incidentConfiguration": {
                  "groupingConfiguration": {
                    "reopenClosedIncident": true,
                    "lookbackDuration": "3d",
                    "groupByEntities": [
                      "Host"
                    ],
                    "groupByCustomDetails": [
                      "Device"
                    ],
                    "enabled": true,
                    "matchingMethod": "Selected"
                  },
                  "createIncident": true
                }
              }
            },
            {
              "type": "Microsoft.OperationalInsights/workspaces/providers/metadata",
              "apiVersion": "2022-01-01-preview",
              "name": "[concat(parameters('workspace'),'/Microsoft.SecurityInsights/',concat('AnalyticsRule-', last(split(resourceId('Microsoft.SecurityInsights/AlertRuleTemplates', 'dfa3ec92-bdae-410f-b675-fe1814e4d43e'),'/'))))]",
              "properties": {
                "description": "AristaAwakeSecurity Analytics Rule 3",
                "parentId": "[resourceId('Microsoft.SecurityInsights/AlertRuleTemplates', 'dfa3ec92-bdae-410f-b675-fe1814e4d43e')]",
                "contentId": "dfa3ec92-bdae-410f-b675-fe1814e4d43e",
                "kind": "AnalyticsRule",
                "version": "1.0.0",
                "source": {
                  "kind": "Solution",
                  "name": "AristaAwakeSecurity",
                  "sourceId": "arista-networks.awake-security"
                },
                "author": {
                  "name": "Arista Networks",
                  "email": "support-security@arista.com"
                },
                "support": {
                  "name": "Arista - Awake Security",
                  "email": "support-security@arista.com",
                  "tier": "Partner",
                  "link": "https://awakesecurity.com/"
                }
              }
            }
          ]
        },
        "packageKind": "Solution",
        "packageVersion": "2.0.2",
        "packageName": "Arista NDR for Microsoft Sentinel",
        "packageId": "arista-networks.awake-security",
        "contentProductId": "arista-networks.awake-security-ar-pajzy2hsazgwi",
        "id": "arista-networks.awake-security-ar-pajzy2hsazgwi",
        "contentSchemaVersion": "3.0.0"
      }
    }
  ]
}