{
  "$schema": "https://schema.management.azure.com/schemas/2019-04-01/deploymentTemplate.json#",
  "contentVersion": "1.0.0",
  "parameters": {
    "location": {
      "type": "string",
      "minLength": 1,
      "defaultValue": "[resourceGroup().location]",
      "metadata": {
        "description": "Not used, but needed to pass arm-ttk test `Location-Should-Not-Be-Hardcoded`.  We instead use the `workspace-location` which is derived from the LA workspace"
      }
    },
    "workspace": {
      "defaultValue": "",
      "type": "string",
      "metadata": {
        "description": "Workspace name for Log Analytics where Microsoft Sentinel is setup"
      }
    },
    "workspace-location": {
      "type": "string",
      "defaultValue": "",
      "metadata": {
        "description": "[concat('Region to deploy solution resources -- separate from location selection',parameters('location'))]"
      }
    }
  },
  "resources": [
    {
      "type": "Microsoft.OperationalInsights/workspaces/providers/contentTemplates",
      "name": "[concat(parameters('workspace'),'/Microsoft.SecurityInsights/',concat(concat(parameters('workspace'),'-ar-',uniquestring('1b047dc3-a879-4f99-949b-d1dc867efc83')),'1.0.0'))]",
      "location": "[parameters('workspace-location')]",
      "apiVersion": "2023-04-01-preview",
      "dependsOn": [
        "[extensionResourceId(resourceId('Microsoft.OperationalInsights/workspaces', parameters('workspace')), 'Microsoft.SecurityInsights/contentPackages', '42crunch1580391915541.42crunch_sentinel_solution')]"
      ],
      "properties": {
        "contentId": "1b047dc3-a879-4f99-949b-d1dc867efc83",
        "displayName": "API - BOLA",
        "contentKind": "AnalyticsRule",
        "mainTemplate": {
          "$schema": "https://schema.management.azure.com/schemas/2019-04-01/deploymentTemplate.json#",
          "contentVersion": "1.0.0",
          "parameters": {},
          "variables": {},
          "resources": [
            {
              "type": "Microsoft.SecurityInsights/AlertRuleTemplates",
              "name": "1b047dc3-a879-4f99-949b-d1dc867efc83",
              "apiVersion": "2022-04-01-preview",
              "kind": "Scheduled",
              "location": "[parameters('workspace-location')]",
              "properties": {
                "description": "42Crunch API protection against BOLA",
                "displayName": "API - BOLA",
                "enabled": false,
                "query": "let loginRec = apifirewall_log_1_CL\n| where TimeGenerated >= ago(5m) \n| project-away Non_blocking_mode_b, Source_Port_d, Destination_Port_d, Query_s, API_ID_g, Request_Header_s, Response_Header_s, Errors_s, Type, UUID_g\n| where Instance_Name_s == \"Instance_5\" and URI_Path_s has \"/api/login\" and Status_d == 200;\nlet ipAddress = toscalar(loginRec\n| top 1 by Timestamp_t desc\n| summarize by Source_IP_s);\nlet listRec = apifirewall_log_1_CL\n| where TimeGenerated >= ago(5m) \n| project-away Non_blocking_mode_b, Source_Port_d, Destination_Port_d, Query_s, API_ID_g, Request_Header_s, Response_Header_s, Errors_s, Type, UUID_g\n| where Instance_Name_s == \"Instance_5\" and URI_Path_s has \"/api/accounts/list\" and Status_d == 200;\nlet listCnt = (toscalar(listRec | count));\nlet accountRec = apifirewall_log_1_CL\n| where TimeGenerated >= ago(5m) \n| project-away Non_blocking_mode_b, Source_Port_d, Destination_Port_d, Query_s, API_ID_g, Request_Header_s, Response_Header_s, Errors_s, Type, UUID_g\n| where Instance_Name_s == \"Instance_5\" and Source_IP_s == ipAddress and URI_Path_s matches regex \"/api/accounts/\\\\d{6}$\";\nlet accountCnt = (toscalar(accountRec | count));\nlet recCount = iff((toscalar(listRec | count) == 0) and (accountCnt > 5), accountCnt, 0);\naccountRec | take recCount\n",
                "queryFrequency": "PT5M",
                "queryPeriod": "PT5M",
                "severity": "Medium",
                "suppressionDuration": "PT1H",
                "suppressionEnabled": false,
                "triggerOperator": "GreaterThan",
                "triggerThreshold": 0,
                "status": "Available",
                "requiredDataConnectors": [
                  {
                    "connectorId": "42CrunchAPIProtection",
                    "dataTypes": [
                      "apifirewall_log_1_CL"
                    ]
                  }
                ],
                "tactics": [
                  "Exfiltration"
                ],
                "entityMappings": [
                  {
                    "fieldMappings": [
                      {
                        "columnName": "Source_IP_s",
                        "identifier": "Address"
                      }
                    ],
                    "entityType": "IP"
                  },
                  {
                    "fieldMappings": [
                      {
                        "columnName": "Hostname_s",
                        "identifier": "HostName"
                      }
                    ],
                    "entityType": "Host"
                  },
                  {
                    "fieldMappings": [
                      {
                        "columnName": "Instance_Name_s",
                        "identifier": "FullName"
                      }
                    ],
                    "entityType": "Account"
                  }
                ],
                "eventGroupingSettings": {
                  "aggregationKind": "SingleAlert"
                }
              }
            },
            {
              "type": "Microsoft.OperationalInsights/workspaces/providers/metadata",
              "apiVersion": "2022-01-01-preview",
              "name": "[concat(parameters('workspace'),'/Microsoft.SecurityInsights/',concat('AnalyticsRule-', last(split(resourceId('Microsoft.SecurityInsights/AlertRuleTemplates', '1b047dc3-a879-4f99-949b-d1dc867efc83'),'/'))))]",
              "properties": {
                "description": "42Crunch API Protection Analytics Rule 4",
                "parentId": "[resourceId('Microsoft.SecurityInsights/AlertRuleTemplates', '1b047dc3-a879-4f99-949b-d1dc867efc83')]",
                "contentId": "1b047dc3-a879-4f99-949b-d1dc867efc83",
                "kind": "AnalyticsRule",
                "version": "1.0.0",
                "source": {
                  "kind": "Solution",
                  "name": "42Crunch API Protection",
                  "sourceId": "42crunch1580391915541.42crunch_sentinel_solution"
                },
                "author": {
                  "name": "42Crunch",
                  "email": "plugins@42crunch.com"
                },
                "support": {
                  "name": "42Crunch API Protection",
                  "email": "support@42crunch.com",
                  "tier": "Partner",
                  "link": "https://42crunch.com/"
                }
              }
            }
          ]
        },
        "packageKind": "Solution",
        "packageVersion": "2.0.3",
        "packageName": "42Crunch Microsoft Sentinel Connector",
        "packageId": "42crunch1580391915541.42crunch_sentinel_solution",
        "contentProductId": "42crunch1580391915541.42crunch_sentinel_solution-ar-mxtlc36yuadcq",
        "id": "42crunch1580391915541.42crunch_sentinel_solution-ar-mxtlc36yuadcq",
        "contentSchemaVersion": "3.0.0"
      }
    }
  ]
}