{
  "$schema": "https://schema.management.azure.com/schemas/2019-04-01/deploymentTemplate.json#",
  "parameters": {
    "location": {
      "type": "string",
      "minLength": 1,
      "defaultValue": "[resourceGroup().location]",
      "metadata": {
        "description": "Not used, but needed to pass arm-ttk test `Location-Should-Not-Be-Hardcoded`.  We instead use the `workspace-location` which is derived from the LA workspace"
      }
    },
    "workspace-location": {
      "type": "string",
      "defaultValue": "",
      "metadata": {
        "description": "[concat('Region to deploy solution resources -- separate from location selection',parameters('location'))]"
      }
    },
    "workspace": {
      "defaultValue": "",
      "type": "string",
      "metadata": {
        "description": "Workspace name for Log Analytics where Microsoft Sentinel is setup"
      }
    }
  },
  "variables": {},
  "resources": [
    {
      "type": "Microsoft.OperationalInsights/workspaces/providers/packages",
      "location": "[parameters('workspace-location')]",
      "apiVersion": "2022-08-01",
      "properties": {
        "packageKind": "Standalone",
        "packageItems": {
          "resources": [
            {
              "type": "Microsoft.OperationalInsights/workspaces/providers/contentTemplates",
              "name": "[concat(parameters('workspace'),'/Microsoft.SecurityInsights/', '2397f77e-e33e-4658-9a81-fe9dbafb810d')]",
              "location": "[parameters('workspace-location')]",
              "kind": "shared",
              "apiVersion": "2022-08-01",
              "properties": {
                "contentId": "2397f77e-e33e-4658-9a81-fe9dbafb810d",
                "displayName": "oracle-webLogic-executing-powershell",
                "contentKind": "HuntingQuery",
                "mainTemplate": {
                  "$schema": "https://schema.management.azure.com/schemas/2019-04-01/deploymentTemplate.json#",
                  "contentVersion": "1.0.0",
                  "resources": [
                    {
                      "type": "Microsoft.OperationalInsights/savedSearches",
                      "apiVersion": "2020-08-01",
                      "name": "2397f77e-e33e-4658-9a81-fe9dbafb810d",
                      "location": "[parameters('workspace-location')]",
                      "properties": {
                        "eTag": "*",
                        "displayName": "oracle-webLogic-executing-powershell",
                        "category": "Hunting Queries",
                        "query": "union DeviceProcessEvents, DeviceFileEvents\n| where InitiatingProcessParentFileName =~ 'wlsvcX64.exe' and InitiatingProcessFileName =~ 'powershell.exe'\n",
                        "version": 2,
                        "tags": [
                          {
                            "name": "description",
                            "value": "This query was originally published in the threat analytics report, Sysrv botnet evolution.\nSysrv is a Go-based botnet that targets both Windows and Linux servers, and steals resources to mine cryptocurrency.\nThe following query finds instances of Oracle WebLogic being exploited to run a PowerShell script that downloads payloads.\n"
                          }
                        ]
                      }
                    },
                    {
                      "type": "Microsoft.OperationalInsights/workspaces/providers/metadata",
                      "apiVersion": "2021-03-01-preview",
                      "name": "[concat(parameters('workspace'),'/Microsoft.SecurityInsights/',concat('huntingQuery-', '2397f77e-e33e-4658-9a81-fe9dbafb810d'))]",
                      "properties": {
                        "description": "This query was originally published in the threat analytics report, Sysrv botnet evolution.\nSysrv is a Go-based botnet that targets both Windows and Linux servers, and steals resources to mine cryptocurrency.\nThe following query finds instances of Oracle WebLogic being exploited to run a PowerShell script that downloads payloads.\n",
                        "contentId": "2397f77e-e33e-4658-9a81-fe9dbafb810d",
                        "version": "1.0.0",
                        "source": {
                          "kind": "Community"
                        },
                        "parentId": "2397f77e-e33e-4658-9a81-fe9dbafb810d",
                        "kind": "HuntingQuery",
                        "dependencies": {
                          "operator": "AND",
                          "criteria": [
                            {
                              "contentId": "DeviceProcessEvents",
                              "kind": "DataType"
                            },
                            {
                              "contentId": "DeviceFileEvents",
                              "kind": "DataType"
                            }
                          ]
                        }
                      }
                    }
                  ]
                }
              }
            }
          ]
        },
        "contentId": "2397f77e-e33e-4658-9a81-fe9dbafb810d",
        "dependencies": {
          "operator": "AND",
          "criteria": [
            {
              "contentId": "2397f77e-e33e-4658-9a81-fe9dbafb810d",
              "kind": "HuntingQuery"
            }
          ]
        },
        "description": "This query was originally published in the threat analytics report, Sysrv botnet evolution.\nSysrv is a Go-based botnet that targets both Windows and Linux servers, and steals resources to mine cryptocurrency.\nThe following query finds instances of Oracle WebLogic being exploited to run a PowerShell script that downloads payloads.\n",
        "displayName": "oracle-webLogic-executing-powershell",
        "source": {
          "kind": "Community"
        },
        "version": "1.0.0"
      },
      "name": "[concat(parameters('workspace'),'/Microsoft.SecurityInsights/', '2397f77e-e33e-4658-9a81-fe9dbafb810d')]"
    }
  ]
}