{
  "$schema": "https://schema.management.azure.com/schemas/2019-04-01/deploymentTemplate.json#",
  "contentVersion": "1.0.0",
  "parameters": {
    "location": {
      "type": "string",
      "minLength": 1,
      "defaultValue": "[resourceGroup().location]",
      "metadata": {
        "description": "Not used, but needed to pass arm-ttk test `Location-Should-Not-Be-Hardcoded`.  We instead use the `workspace-location` which is derived from the LA workspace"
      }
    },
    "workspace": {
      "defaultValue": "",
      "type": "string",
      "metadata": {
        "description": "Workspace name for Log Analytics where Microsoft Sentinel is setup"
      }
    }
  },
  "resources": [
    {
      "type": "Microsoft.OperationalInsights/workspaces/providers/contentTemplates",
      "name": "[concat(parameters('workspace'),'/Microsoft.SecurityInsights/',concat(concat(parameters('workspace'),'-dc-',uniquestring('CyberpionSecurityLogs')),'1.0.0'))]",
      "location": "[parameters('workspace-location')]",
      "apiVersion": "2022-08-01",
      "dependsOn": [
        "[extensionResourceId(resourceId('Microsoft.OperationalInsights/workspaces', parameters('workspace')), 'Microsoft.SecurityInsights/contentPackages', 'cyberpion1597832716616.cyberpion_mss')]"
      ],
      "properties": {
        "contentId": "CyberpionSecurityLogs",
        "displayName": "Cyberpion Security Logs",
        "contentKind": "DataConnector",
        "mainTemplate": {
          "resources": [
            {
              "name": "[concat(parameters('workspace'),'/Microsoft.SecurityInsights/','CyberpionSecurityLogs')]",
              "apiVersion": "2021-03-01-preview",
              "type": "Microsoft.OperationalInsights/workspaces/providers/dataConnectors",
              "location": "[parameters('workspace-location')]",
              "kind": "GenericUI",
              "properties": {
                "connectorUiConfig": {
                  "id": "CyberpionSecurityLogs",
                  "title": "Cyberpion Security Logs",
                  "publisher": "Cyberpion",
                  "descriptionMarkdown": "The Cyberpion Security Logs data connector, ingests logs from the Cyberpion system directly into Sentinel. The connector allows users to visualize their data, create alerts and incidents and improve security investigations.",
                  "graphQueries": [
                    {
                      "metricName": "Total data received",
                      "legend": "CyberpionActionItems_CL",
                      "baseQuery": "CyberpionActionItems_CL"
                    }
                  ],
                  "sampleQueries": [
                    {
                      "description": "Fetch latest Action Items that are currently open",
                      "query": "let lookbackTime = 14d;\nlet maxTimeGeneratedBucket = toscalar(\n   CyberpionActionItems_CL \n   | where TimeGenerated > ago(lookbackTime)\n   | summarize max(bin(TimeGenerated, 1h))\n   );\nCyberpionActionItems_CL\n | where TimeGenerated > ago(lookbackTime) and is_open_b == true\n | where bin(TimeGenerated, 1h) == maxTimeGeneratedBucket\n "
                    }
                  ],
                  "dataTypes": [
                    {
                      "name": "CyberpionActionItems_CL",
                      "lastDataReceivedQuery": "CyberpionActionItems_CL\n            | summarize Time = max(TimeGenerated)\n            | where isnotempty(Time)"
                    }
                  ],
                  "connectivityCriterias": [
                    {
                      "type": "IsConnectedQuery",
                      "value": [
                        "CyberpionActionItems_CL\n            | summarize LastLogReceived = max(TimeGenerated)\n            | project IsConnected = LastLogReceived > ago(30d)"
                      ]
                    }
                  ],
                  "availability": {
                    "status": 1,
                    "isPreview": false
                  },
                  "permissions": {
                    "resourceProvider": [
                      {
                        "provider": "Microsoft.OperationalInsights/workspaces",
                        "permissionsDisplayText": "read and write permissions are required.",
                        "providerDisplayName": "Workspace",
                        "scope": "Workspace",
                        "requiredPermissions": {
                          "write": true,
                          "read": true,
                          "delete": true
                        }
                      },
                      {
                        "provider": "Microsoft.OperationalInsights/workspaces/sharedKeys",
                        "permissionsDisplayText": "read permissions to shared keys for the workspace are required. [See the documentation to learn more about workspace keys](https://docs.microsoft.com/azure/azure-monitor/platform/agent-windows#obtain-workspace-id-and-key).",
                        "providerDisplayName": "Keys",
                        "scope": "Workspace",
                        "requiredPermissions": {
                          "action": true
                        }
                      }
                    ],
                    "customs": [
                      {
                        "name": "Cyberpion Subscription",
                        "description": "a subscription and account is required for cyberpion logs. [One can be acquired here.](https://azuremarketplace.microsoft.com/en/marketplace/apps/cyberpion1597832716616.cyberpion)"
                      }
                    ]
                  },
                  "instructionSteps": [
                    {
                      "description": "Follow the [instructions](https://www.cyberpion.com/resource-center/integrations/azure-sentinel/) to integrate Cyberpion Security Alerts into Sentinel.",
                      "instructions": [
                        {
                          "parameters": {
                            "fillWith": [
                              "WorkspaceId"
                            ],
                            "label": "Workspace ID"
                          },
                          "type": "CopyableLabel"
                        },
                        {
                          "parameters": {
                            "fillWith": [
                              "PrimaryKey"
                            ],
                            "label": "Primary Key"
                          },
                          "type": "CopyableLabel"
                        }
                      ]
                    }
                  ]
                }
              }
            },
            {
              "type": "Microsoft.OperationalInsights/workspaces/providers/metadata",
              "apiVersion": "2022-01-01-preview",
              "name": "[concat(parameters('workspace'),'/Microsoft.SecurityInsights/',concat('DataConnector-', last(split(extensionResourceId(resourceId('Microsoft.OperationalInsights/workspaces', parameters('workspace')), 'Microsoft.SecurityInsights/dataConnectors', 'CyberpionSecurityLogs'),'/'))))]",
              "properties": {
                "parentId": "[extensionResourceId(resourceId('Microsoft.OperationalInsights/workspaces', parameters('workspace')), 'Microsoft.SecurityInsights/dataConnectors', 'CyberpionSecurityLogs')]",
                "contentId": "CyberpionSecurityLogs",
                "kind": "DataConnector",
                "version": "1.0.0",
                "source": {
                  "kind": "Solution",
                  "name": "Cyberpion",
                  "sourceId": "cyberpion1597832716616.cyberpion_mss"
                },
                "author": {
                  "name": "Cyberpion"
                },
                "support": {
                  "name": "Cyberpion",
                  "tier": "Partner",
                  "link": "https://www.cyberpion.com/contact/"
                }
              }
            }
          ]
        },
        "packageKind": "Solution",
        "packageVersion": "2.0.1",
        "packageName": "Cyberpion Security Logs",
        "packageId": "cyberpion1597832716616.cyberpion_mss",
        "contentSchemaVersion": "2.0.0"
      }
    }
  ]
}