{
  "$schema": "https://schema.management.azure.com/schemas/2019-04-01/deploymentTemplate.json#",
  "parameters": {
    "location": {
      "type": "string",
      "minLength": 1,
      "defaultValue": "[resourceGroup().location]",
      "metadata": {
        "description": "Not used, but needed to pass arm-ttk test `Location-Should-Not-Be-Hardcoded`.  We instead use the `workspace-location` which is derived from the LA workspace"
      }
    },
    "workspace-location": {
      "type": "string",
      "defaultValue": "",
      "metadata": {
        "description": "[concat('Region to deploy solution resources -- separate from location selection',parameters('location'))]"
      }
    },
    "workspace": {
      "defaultValue": "",
      "type": "string",
      "metadata": {
        "description": "Workspace name for Log Analytics where Microsoft Sentinel is setup"
      }
    }
  },
  "variables": {},
  "resources": [
    {
      "type": "Microsoft.OperationalInsights/workspaces/providers/packages",
      "location": "[parameters('workspace-location')]",
      "apiVersion": "2022-08-01",
      "properties": {
        "packageKind": "Standalone",
        "packageItems": {
          "resources": [
            {
              "type": "Microsoft.OperationalInsights/workspaces/providers/contentTemplates",
              "name": "[concat(parameters('workspace'),'/Microsoft.SecurityInsights/', '6d7214d9-4a28-44df-aafb-0910b9e6ae3e')]",
              "location": "[parameters('workspace-location')]",
              "apiVersion": "2022-08-01",
              "properties": {
                "contentId": "6d7214d9-4a28-44df-aafb-0910b9e6ae3e",
                "displayName": "New CloudShell User",
                "contentKind": "AnalyticsRule",
                "mainTemplate": {
                  "$schema": "https://schema.management.azure.com/schemas/2019-04-01/deploymentTemplate.json#",
                  "contentVersion": "1.1.0",
                  "resources": [
                    {
                      "type": "Microsoft.OperationalInsights/workspaces/providers/alertRules",
                      "apiVersion": "2022-04-01-preview",
                      "name": "[concat(parameters('workspace'),'/Microsoft.SecurityInsights/', '' )]",
                      "kind": "Scheduled",
                      "location": "[parameters('workspace-location')]",
                      "properties": {
                        "description": "Identifies when a user creates an Azure CloudShell for the first time.\nMonitor this activity to ensure only expected user are using CloudShell",
                        "displayName": "New CloudShell User",
                        "enabled": false,
                        "query": "\nlet match_window = 3m;\nAzureActivity\n| where ResourceGroup has \"cloud-shell\"\n| where (OperationNameValue =~ \"Microsoft.Storage/storageAccounts/listKeys/action\") \n| where ActivityStatusValue == \"Success\"\n| extend TimeKey = bin(TimeGenerated, match_window), AzureIP = CallerIpAddress\n| join kind = inner\n(AzureActivity\n| where ResourceGroup has \"cloud-shell\"\n| where (OperationNameValue =~ \"Microsoft.Storage/storageAccounts/write\") \n| extend TimeKey = bin(TimeGenerated, match_window), UserIP = CallerIpAddress\n) on Caller, TimeKey\n| summarize count() by TimeKey, Caller, ResourceGroup, SubscriptionId, TenantId, AzureIP, UserIP, HTTPRequest, Type, Properties, CategoryValue, OperationList = strcat(OperationNameValue, ' , ', OperationNameValue1)\n",
                        "queryFrequency": "P1D",
                        "queryPeriod": "P1D",
                        "severity": "Low",
                        "suppressionDuration": "PT1H",
                        "suppressionEnabled": false,
                        "triggerOperator": "GreaterThan",
                        "triggerThreshold": 0,
                        "tactics": [
                          "Execution"
                        ],
                        "entityMappings": [
                          {
                            "entityType": "Account",
                            "fieldMappings": [
                              {
                                "columnName": "Caller",
                                "identifier": "FullName"
                              }
                            ]
                          },
                          {
                            "entityType": "IP",
                            "fieldMappings": [
                              {
                                "columnName": "UserIP",
                                "identifier": "Address"
                              }
                            ]
                          }
                        ]
                      }
                    },
                    {
                      "type": "Microsoft.OperationalInsights/workspaces/providers/metadata",
                      "apiVersion": "2021-03-01-preview",
                      "name": "[concat(parameters('workspace'),'/Microsoft.SecurityInsights/', '')]",
                      "properties": {
                        "description": "'Identifies when a user creates an Azure CloudShell for the first time.\nMonitor this activity to ensure only expected user are using CloudShell'\n",
                        "contentId": "6d7214d9-4a28-44df-aafb-0910b9e6ae3e",
                        "version": "1.1.0",
                        "source": {
                          "kind": "Community"
                        },
                        "threatAnalysisTactics": [
                          "Execution"
                        ],
                        "threatAnalyticsTechniques": [
                          "T1059"
                        ],
                        "parentId": "6d7214d9-4a28-44df-aafb-0910b9e6ae3e",
                        "kind": "AnalyticsRule",
                        "dependencies": {
                          "operator": "AND",
                          "criteria": [
                            {
                              "contentId": "AzureActivity",
                              "kind": "DataType"
                            }
                          ]
                        }
                      }
                    }
                  ]
                }
              }
            }
          ]
        },
        "contentId": "6d7214d9-4a28-44df-aafb-0910b9e6ae3e",
        "dependencies": {
          "operator": "AND",
          "criteria": [
            {
              "contentId": "6d7214d9-4a28-44df-aafb-0910b9e6ae3e",
              "kind": "AnalyticsRule"
            }
          ]
        },
        "description": "'Identifies when a user creates an Azure CloudShell for the first time.\nMonitor this activity to ensure only expected user are using CloudShell'\n",
        "displayName": "New CloudShell User",
        "source": {
          "kind": "Community"
        },
        "threatAnalysisTactics": [
          "Execution"
        ],
        "threatAnalyticsTechniques": [
          "T1059"
        ],
        "version": "1.1.0"
      },
      "name": "[concat(parameters('workspace'),'/Microsoft.SecurityInsights/', '6d7214d9-4a28-44df-aafb-0910b9e6ae3e')]"
    }
  ]
}