{
  "$schema": "https://schema.management.azure.com/schemas/2019-04-01/deploymentTemplate.json#",
  "contentVersion": "1.0.0.0",
  "parameters": {
    "location": {
      "type": "string",
      "minLength": 1,
      "defaultValue": "[resourceGroup().location]",
      "metadata": {
        "description": "Not used, but needed to pass arm-ttk test `Location-Should-Not-Be-Hardcoded`.  We instead use the `workspace-location` which is derived from the LA workspace"
      }
    },
    "workspace-location": {
      "type": "string",
      "defaultValue": "",
      "metadata": {
        "description": "[concat('Region to deploy solution resources -- separate from location selection',parameters('location'))]"
      }
    },
    "workspace": {
      "defaultValue": "",
      "type": "string",
      "metadata": {
        "description": "Workspace name for Log Analytics where Microsoft Sentinel is setup"
      }
    }
  },
  "variables": {},
  "resources": [
    {
      "type": "Microsoft.OperationalInsights/workspaces/providers/packages",
      "location": "[parameters('workspace-location')]",
      "apiVersion": "2022-08-01",
      "properties": {
        "packageKind": "Standalone",
        "packageItems": {
          "resources": [
            {
              "type": "Microsoft.OperationalInsights/workspaces/providers/contentTemplates",
              "name": "[concat(parameters('workspace'),'/Microsoft.SecurityInsights/', '473d57e6-f787-435c-a16b-b38b51fa9a4b')]",
              "location": "[parameters('workspace-location')]",
              "apiVersion": "2022-08-01",
              "properties": {
                "contentId": "473d57e6-f787-435c-a16b-b38b51fa9a4b",
                "displayName": "Security Service Registry ACL Modification",
                "contentKind": "AnalyticsRule",
                "mainTemplate": {
                  "$schema": "https://schema.management.azure.com/schemas/2019-04-01/deploymentTemplate.json#",
                  "contentVersion": "1.1.1",
                  "resources": [
                    {
                      "type": "Microsoft.OperationalInsights/workspaces/providers/alertRules",
                      "apiVersion": "2022-04-01-preview",
                      "name": "473d57e6-f787-435c-a16b-b38b51fa9a4b",
                      "kind": "Scheduled",
                      "location": "[parameters('workspace-location')]",
                      "properties": {
                        "description": "Identifies attempts to modify registry ACL to evade security solutions. In the Solorigate attack, the attackers were found modifying registry permissions so services.exe cannot access the relevant registry keys to start the service.\n The detection leverages Security Event as well as MDE data to identify when specific security services registry permissions are modified. \n Only some portions of this detection are related to Solorigate, it also includes coverage for some common tools that perform this activity. \n Reference on guidance for enabling registry auditing:\n - https://docs.microsoft.com/windows/security/threat-protection/auditing/advanced-security-auditing-faq\n - https://docs.microsoft.com/windows/security/threat-protection/auditing/appendix-a-security-monitoring-recommendations-for-many-audit-events\n - https://docs.microsoft.com/windows/security/threat-protection/auditing/audit-registry\n - https://docs.microsoft.com/windows/security/threat-protection/auditing/event-4670\n   - For the event 4670 to be created the audit policy for the registry must have auditing enabled for Write DAC and/or Write Owner\n - https://github.com/OTRF/Set-AuditRule \n - https://docs.microsoft.com/dotnet/api/system.security.accesscontrol.registryrights?view=dotnet-plat-ext-5.0",
                        "displayName": "Security Service Registry ACL Modification",
                        "enabled": false,
                        "query": "\nlet servicelist = dynamic(['Services\\\\HealthService', 'Services\\\\Sense', 'Services\\\\WinDefend', 'Services\\\\MsSecFlt', 'Services\\\\DiagTrack', 'Services\\\\SgrmBroker', 'Services\\\\SgrmAgent', 'Services\\\\AATPSensorUpdater' , 'Services\\\\AATPSensor', 'Services\\\\mpssvc']);\nlet filename = dynamic([\"subinacl.exe\",'SetACL.exe']);\nlet parameters = dynamic (['/deny=SYSTEM', '/deny=S-1-5-18', '/grant=SYSTEM=r', '/grant=S-1-5-18=r', 'n:SYSTEM;p:READ', 'n1:SYSTEM;ta:remtrst;w:dacl']);\nlet FullAccess = dynamic(['A;CI;KA;;;SY', 'A;ID;KA;;;SY', 'A;CIID;KA;;;SY']);\nlet ReadAccess = dynamic(['A;CI;KR;;;SY', 'A;ID;KR;;;SY', 'A;CIID;KR;;;SY']);\nlet DenyAccess = dynamic(['D;CI;KR;;;SY', 'D;ID;KR;;;SY', 'D;CIID;KR;;;SY']);\nlet timeframe = 1d;\n(union isfuzzy=true\n(\nSecurityEvent\n| where TimeGenerated >= ago(timeframe)\n| where EventID == 4670\n| where ObjectType == 'Key'\n| where ObjectName has_any (servicelist)\n| parse EventData with * 'OldSd\">' OldSd \"<\" *\n| parse EventData with * 'NewSd\">' NewSd \"<\" *\n| extend Reason = case( (OldSd has ';;;SY' and NewSd !has ';;;SY'), 'System Account is removed', (OldSd has_any (FullAccess) and NewSd has_any (ReadAccess)) , 'System permission has been changed to read from full access', (OldSd has_any (FullAccess) and NewSd has_any (DenyAccess)), 'System account has been given denied permission', 'None')\n| project TimeGenerated, Computer, Account,  ProcessName, ProcessId, ObjectName, EventData, Activity, HandleId, SubjectLogonId, OldSd, NewSd , Reason\n),\n(\nSecurityEvent\n| where TimeGenerated >= ago(timeframe)\n| where EventID == 4688\n| extend ProcessName = tostring(split(NewProcessName, '\\\\')[-1])\n| where ProcessName in~ (filename) \n| where CommandLine has_any (servicelist) and CommandLine has_any (parameters)\n| project TimeGenerated, Computer, Account, AccountDomain, ProcessName, ProcessNameFullPath = NewProcessName, EventID, Activity, CommandLine, EventSourceName, Type\n),\n(\nWindowsEvent\n| where TimeGenerated >= ago(timeframe)\n| where EventID == 4670 and EventData has_any (servicelist) and EventData has 'Key'\n| extend ObjectType = tostring(EventData.ObjectType)\n| where ObjectType == 'Key'\n| extend ObjectName = tostring(EventData.ObjectName)\n| where ObjectName has_any (servicelist)\n| extend OldSd = tostring(EventData.OldSd)\n| extend NewSd = tostring(EventData.NewSd)\n| extend Reason = case( (OldSd has ';;;SY' and NewSd !has ';;;SY'), 'System Account is removed', (OldSd has_any (FullAccess) and NewSd has_any (ReadAccess)) , 'System permission has been changed to read from full access', (OldSd has_any (FullAccess) and NewSd has_any (DenyAccess)), 'System account has been given denied permission', 'None')\n| extend Account =  strcat(tostring(EventData.SubjectDomainName),\"\\\\\", tostring(EventData.SubjectUserName))\n| extend ProcessName = tostring(EventData.ProcessName)\n| extend ProcessId = tostring(EventData.ProcessId)\n| extend Activity= \"4670 - Permissions on an object were changed.\"\n| extend HandleId = tostring(EventData.HandleId)\n| extend  SubjectLogonId = tostring(EventData.SubjectLogonId)\n| project TimeGenerated, Computer, Account,  ProcessName, ProcessId, ObjectName, EventData, Activity, HandleId, SubjectLogonId, OldSd, NewSd , Reason\n),\n(\nWindowsEvent\n| where TimeGenerated >= ago(timeframe)\n| where EventID == 4688 and EventData has_any (filename) and EventData has_any (servicelist) and EventData has_any (parameters)\n| extend NewProcessName = tostring(EventData.NewProcessName)\n| extend ProcessName = tostring(split(NewProcessName, '\\\\')[-1])\n| where ProcessName in~ (filename) \n| extend CommandLine = tostring(EventData.CommandLine) \n| where CommandLine has_any (servicelist) and CommandLine has_any (parameters)\n| extend  Account =  strcat(tostring(EventData.SubjectDomainName),\"\\\\\", tostring(EventData.SubjectUserName))\n| extend  AccountDomain = tostring(EventData.AccountDomain)\n| extend  Activity=\"4688 - A new process has been created.\"\n| extend  EventSourceName=Provider\n| project TimeGenerated, Computer, Account, AccountDomain, ProcessName, ProcessNameFullPath = NewProcessName, EventID, Activity, CommandLine, EventSourceName, Type\n),\n(\nDeviceProcessEvents\n| where TimeGenerated >= ago(timeframe)\n| where InitiatingProcessFileName in~ (filename) \n| where InitiatingProcessCommandLine has_any(servicelist) and InitiatingProcessCommandLine has_any (parameters)\n| extend Account = iff(isnotempty(InitiatingProcessAccountUpn), InitiatingProcessAccountUpn, InitiatingProcessAccountName), Computer = DeviceName\n| project TimeGenerated, Computer, Account, AccountDomain, ProcessName = InitiatingProcessFileName, ProcessNameFullPath = FolderPath, Activity = ActionType, CommandLine = InitiatingProcessCommandLine, Type, InitiatingProcessParentFileName\n)\n)\n| extend timestamp = TimeGenerated, AccountCustomEntity = Account, HostCustomEntity = Computer\n",
                        "queryFrequency": "P1D",
                        "queryPeriod": "P1D",
                        "severity": "High",
                        "suppressionDuration": "PT1H",
                        "suppressionEnabled": false,
                        "triggerOperator": "GreaterThan",
                        "triggerThreshold": 0,
                        "tactics": [
                          "DefenseEvasion"
                        ],
                        "techniques": [
                          "T1562"
                        ],
                        "entityMappings": [
                          {
                            "entityType": "Account",
                            "fieldMappings": [
                              {
                                "columnName": "AccountCustomEntity",
                                "identifier": "FullName"
                              }
                            ]
                          },
                          {
                            "entityType": "Host",
                            "fieldMappings": [
                              {
                                "columnName": "HostCustomEntity",
                                "identifier": "FullName"
                              }
                            ]
                          }
                        ]
                      }
                    },
                    {
                      "type": "Microsoft.OperationalInsights/workspaces/providers/metadata",
                      "apiVersion": "2021-03-01-preview",
                      "properties": {
                        "description": "'Identifies attempts to modify registry ACL to evade security solutions. In the Solorigate attack, the attackers were found modifying registry permissions so services.exe cannot access the relevant registry keys to start the service.\n The detection leverages Security Event as well as MDE data to identify when specific security services registry permissions are modified. \n Only some portions of this detection are related to Solorigate, it also includes coverage for some common tools that perform this activity. \n Reference on guidance for enabling registry auditing:\n - https://docs.microsoft.com/windows/security/threat-protection/auditing/advanced-security-auditing-faq\n - https://docs.microsoft.com/windows/security/threat-protection/auditing/appendix-a-security-monitoring-recommendations-for-many-audit-events\n - https://docs.microsoft.com/windows/security/threat-protection/auditing/audit-registry\n - https://docs.microsoft.com/windows/security/threat-protection/auditing/event-4670\n   - For the event 4670 to be created the audit policy for the registry must have auditing enabled for Write DAC and/or Write Owner\n - https://github.com/OTRF/Set-AuditRule \n - https://docs.microsoft.com/dotnet/api/system.security.accesscontrol.registryrights?view=dotnet-plat-ext-5.0'\n",
                        "version": "1.1.1",
                        "author": {
                          "name": "Community"
                        },
                        "support": {
                          "name": "Community",
                          "link": "https://github.com/Azure/Azure-Sentinel/issues",
                          "tier": "Community"
                        },
                        "source": {
                          "kind": "Community",
                          "name": "Standalone"
                        },
                        "threatAnalysisTactics": [
                          "DefenseEvasion"
                        ],
                        "threatAnalyticsTechniques": [
                          "T1562"
                        ],
                        "contentId": "473d57e6-f787-435c-a16b-b38b51fa9a4b",
                        "parentId": "473d57e6-f787-435c-a16b-b38b51fa9a4b",
                        "kind": "AnalyticsRule",
                        "dependencies": {
                          "operator": "AND",
                          "criteria": [
                            {
                              "contentId": "SecurityEvent",
                              "kind": "DataType"
                            },
                            {
                              "contentId": "DeviceProcessEvents",
                              "kind": "DataType"
                            },
                            {
                              "contentId": "SecurityEvents",
                              "kind": "DataType"
                            },
                            {
                              "contentId": "WindowsEvent",
                              "kind": "DataType"
                            }
                          ]
                        }
                      }
                    }
                  ]
                }
              }
            }
          ]
        },
        "author": {
          "name": "Community"
        },
        "dependencies": {
          "operator": "AND",
          "criteria": [
            {
              "contentId": "473d57e6-f787-435c-a16b-b38b51fa9a4b",
              "kind": "AnalyticsRule"
            }
          ]
        },
        "description": "'Identifies attempts to modify registry ACL to evade security solutions. In the Solorigate attack, the attackers were found modifying registry permissions so services.exe cannot access the relevant registry keys to start the service.\n The detection leverages Security Event as well as MDE data to identify when specific security services registry permissions are modified. \n Only some portions of this detection are related to Solorigate, it also includes coverage for some common tools that perform this activity. \n Reference on guidance for enabling registry auditing:\n - https://docs.microsoft.com/windows/security/threat-protection/auditing/advanced-security-auditing-faq\n - https://docs.microsoft.com/windows/security/threat-protection/auditing/appendix-a-security-monitoring-recommendations-for-many-audit-events\n - https://docs.microsoft.com/windows/security/threat-protection/auditing/audit-registry\n - https://docs.microsoft.com/windows/security/threat-protection/auditing/event-4670\n   - For the event 4670 to be created the audit policy for the registry must have auditing enabled for Write DAC and/or Write Owner\n - https://github.com/OTRF/Set-AuditRule \n - https://docs.microsoft.com/dotnet/api/system.security.accesscontrol.registryrights?view=dotnet-plat-ext-5.0'\n",
        "displayName": "Security Service Registry ACL Modification",
        "packageId": "473d57e6-f787-435c-a16b-b38b51fa9a4b",
        "source": {
          "kind": "Community",
          "name": "Standalone"
        },
        "support": {
          "name": "Community",
          "link": "https://github.com/Azure/Azure-Sentinel/issues",
          "tier": "Community"
        },
        "threatAnalysisTactics": [
          "DefenseEvasion"
        ],
        "threatAnalyticsTechniques": [
          "T1562"
        ],
        "version": "1.1.1"
      },
      "name": "[concat(parameters('workspace'),'/Microsoft.SecurityInsights/', '473d57e6-f787-435c-a16b-b38b51fa9a4b')]"
    }
  ]
}