{
  "$schema": "https://schema.management.azure.com/schemas/2019-04-01/deploymentTemplate.json#",
  "contentVersion": "1.0.0.0",
  "parameters": {
    "location": {
      "type": "string",
      "minLength": 1,
      "defaultValue": "[resourceGroup().location]",
      "metadata": {
        "description": "Not used, but needed to pass arm-ttk test `Location-Should-Not-Be-Hardcoded`.  We instead use the `workspace-location` which is derived from the LA workspace"
      }
    },
    "workspace-location": {
      "type": "string",
      "defaultValue": "",
      "metadata": {
        "description": "[concat('Region to deploy solution resources -- separate from location selection',parameters('location'))]"
      }
    },
    "workspace": {
      "defaultValue": "",
      "type": "string",
      "metadata": {
        "description": "Workspace name for Log Analytics where Microsoft Sentinel is setup"
      }
    }
  },
  "variables": {},
  "resources": [
    {
      "type": "Microsoft.OperationalInsights/workspaces/providers/packages",
      "location": "[parameters('workspace-location')]",
      "apiVersion": "2022-08-01",
      "properties": {
        "packageKind": "Standalone",
        "packageItems": {
          "resources": [
            {
              "type": "Microsoft.OperationalInsights/workspaces/providers/contentTemplates",
              "name": "[concat(parameters('workspace'),'/Microsoft.SecurityInsights/', '910124df-913c-47e3-a7cd-29e1643fa55e')]",
              "location": "[parameters('workspace-location')]",
              "apiVersion": "2022-08-01",
              "properties": {
                "contentId": "910124df-913c-47e3-a7cd-29e1643fa55e",
                "displayName": "Failed AWS Console logons but success logon to AzureAD",
                "contentKind": "AnalyticsRule",
                "mainTemplate": {
                  "$schema": "https://schema.management.azure.com/schemas/2019-04-01/deploymentTemplate.json#",
                  "contentVersion": "1.0.1",
                  "resources": [
                    {
                      "type": "Microsoft.OperationalInsights/workspaces/providers/alertRules",
                      "apiVersion": "2022-04-01-preview",
                      "name": "910124df-913c-47e3-a7cd-29e1643fa55e",
                      "kind": "Scheduled",
                      "location": "[parameters('workspace-location')]",
                      "properties": {
                        "description": "Identifies a list of IP addresses with a minimum numbe(default of 5) of failed logon attempts to AWS Console.\nUses that list to identify any successful Azure Active Directory logons from these IPs within the same timeframe.",
                        "displayName": "Failed AWS Console logons but success logon to AzureAD",
                        "enabled": false,
                        "query": "\n//Adjust this threshold to fit environment\nlet  signin_threshold = 5; \n//Make a list of IPs with failed AWS console logins\nlet aws_fails = AWSCloudTrail\n| where EventName == \"ConsoleLogin\"\n| extend LoginResult = tostring(parse_json(ResponseElements).ConsoleLogin) \n| where LoginResult != \"Success\"\n| where SourceIpAddress != \"127.0.0.1\"\n| summarize count() by SourceIpAddress\n| where count_ >  signin_threshold\n| summarize make_set(SourceIpAddress);\n//See if any of those IPs have sucessfully logged into Azure AD.\nSigninLogs\n| where ResultType in (\"0\", \"50125\", \"50140\")\n| where IPAddress in (aws_fails) \n| extend Reason = \"Multiple failed AWS Console logins from IP address\"\n| extend timestamp = TimeGenerated, AccountCustomEntity = UserPrincipalName, IPCustomEntity = IPAddress\n",
                        "queryFrequency": "P1D",
                        "queryPeriod": "P1D",
                        "severity": "Medium",
                        "suppressionDuration": "PT1H",
                        "suppressionEnabled": false,
                        "triggerOperator": "GreaterThan",
                        "triggerThreshold": 0,
                        "tactics": [
                          "InitialAccess",
                          "CredentialAccess"
                        ],
                        "techniques": [
                          "T1078",
                          "T1110"
                        ],
                        "entityMappings": [
                          {
                            "entityType": "Account",
                            "fieldMappings": [
                              {
                                "columnName": "AccountCustomEntity",
                                "identifier": "FullName"
                              }
                            ]
                          },
                          {
                            "entityType": "IP",
                            "fieldMappings": [
                              {
                                "columnName": "IPCustomEntity",
                                "identifier": "Address"
                              }
                            ]
                          }
                        ]
                      }
                    },
                    {
                      "type": "Microsoft.OperationalInsights/workspaces/providers/metadata",
                      "apiVersion": "2021-03-01-preview",
                      "properties": {
                        "description": "'Identifies a list of IP addresses with a minimum numbe(default of 5) of failed logon attempts to AWS Console.\nUses that list to identify any successful Azure Active Directory logons from these IPs within the same timeframe.'\n",
                        "version": "1.0.1",
                        "author": {
                          "name": "Community"
                        },
                        "support": {
                          "name": "Community",
                          "link": "https://github.com/Azure/Azure-Sentinel/issues",
                          "tier": "Community"
                        },
                        "source": {
                          "kind": "Community",
                          "name": "Standalone"
                        },
                        "threatAnalysisTactics": [
                          "InitialAccess",
                          "CredentialAccess"
                        ],
                        "threatAnalyticsTechniques": [
                          "T1078",
                          "T1110"
                        ],
                        "contentId": "910124df-913c-47e3-a7cd-29e1643fa55e",
                        "parentId": "910124df-913c-47e3-a7cd-29e1643fa55e",
                        "kind": "AnalyticsRule",
                        "dependencies": {
                          "operator": "AND",
                          "criteria": [
                            {
                              "contentId": "SigninLogs",
                              "kind": "DataType"
                            },
                            {
                              "contentId": "AWSCloudTrail",
                              "kind": "DataType"
                            }
                          ]
                        }
                      }
                    }
                  ]
                }
              }
            }
          ]
        },
        "author": {
          "name": "Community"
        },
        "dependencies": {
          "operator": "AND",
          "criteria": [
            {
              "contentId": "910124df-913c-47e3-a7cd-29e1643fa55e",
              "kind": "AnalyticsRule"
            }
          ]
        },
        "description": "'Identifies a list of IP addresses with a minimum numbe(default of 5) of failed logon attempts to AWS Console.\nUses that list to identify any successful Azure Active Directory logons from these IPs within the same timeframe.'\n",
        "displayName": "Failed AWS Console logons but success logon to AzureAD",
        "packageId": "910124df-913c-47e3-a7cd-29e1643fa55e",
        "source": {
          "kind": "Community",
          "name": "Standalone"
        },
        "support": {
          "name": "Community",
          "link": "https://github.com/Azure/Azure-Sentinel/issues",
          "tier": "Community"
        },
        "threatAnalysisTactics": [
          "InitialAccess",
          "CredentialAccess"
        ],
        "threatAnalyticsTechniques": [
          "T1078",
          "T1110"
        ],
        "version": "1.0.1"
      },
      "name": "[concat(parameters('workspace'),'/Microsoft.SecurityInsights/', '910124df-913c-47e3-a7cd-29e1643fa55e')]"
    }
  ]
}