{
  "$schema": "https://schema.management.azure.com/schemas/2019-04-01/deploymentTemplate.json#",
  "parameters": {
    "location": {
      "type": "string",
      "minLength": 1,
      "defaultValue": "[resourceGroup().location]",
      "metadata": {
        "description": "Not used, but needed to pass arm-ttk test `Location-Should-Not-Be-Hardcoded`.  We instead use the `workspace-location` which is derived from the LA workspace"
      }
    },
    "workspace-location": {
      "type": "string",
      "defaultValue": "",
      "metadata": {
        "description": "[concat('Region to deploy solution resources -- separate from location selection',parameters('location'))]"
      }
    },
    "workspace": {
      "defaultValue": "",
      "type": "string",
      "metadata": {
        "description": "Workspace name for Log Analytics where Microsoft Sentinel is setup"
      }
    }
  },
  "variables": {},
  "resources": [
    {
      "type": "Microsoft.OperationalInsights/workspaces/providers/packages",
      "location": "[parameters('workspace-location')]",
      "apiVersion": "2022-08-01",
      "properties": {
        "packageKind": "Standalone",
        "packageItems": {
          "resources": [
            {
              "type": "Microsoft.OperationalInsights/workspaces/providers/contentTemplates",
              "name": "[concat(parameters('workspace'),'/Microsoft.SecurityInsights/', '13476066-24d0-4b19-8fd5-28fe42ab35f6')]",
              "location": "[parameters('workspace-location')]",
              "kind": "shared",
              "apiVersion": "2022-08-01",
              "properties": {
                "contentId": "13476066-24d0-4b19-8fd5-28fe42ab35f6",
                "displayName": "MultipleLdaps",
                "contentKind": "HuntingQuery",
                "mainTemplate": {
                  "$schema": "https://schema.management.azure.com/schemas/2019-04-01/deploymentTemplate.json#",
                  "contentVersion": "1.0.0",
                  "resources": [
                    {
                      "type": "Microsoft.OperationalInsights/savedSearches",
                      "apiVersion": "2020-08-01",
                      "name": "13476066-24d0-4b19-8fd5-28fe42ab35f6",
                      "location": "[parameters('workspace-location')]",
                      "properties": {
                        "eTag": "*",
                        "displayName": "MultipleLdaps",
                        "category": "Hunting Queries",
                        "query": "let Thershold = 10;\nlet BinTime = 1m;\nIdentityQueryEvents\n| where ActionType == \"LDAP query\"\n| parse Query with * \"Search Scope: \" SearchScope \", Base Object:\" BaseObject \", Search Filter: \" SearchFilter\n| summarize NumberOfLdapQueries = count(), NumberOfDistinctLdapQueries = dcount(SearchFilter) by DeviceName, bin(Timestamp, BinTime)\n| where NumberOfDistinctLdapQueries > Thershold \n",
                        "version": 2,
                        "tags": [
                          {
                            "name": "description",
                            "value": "Detect multiple Active Directory LDAP queries made in bin time\nReplace 10 on line 1 with your desired thershold\nReplace 1m on line 2 with your desired bin time\n"
                          }
                        ]
                      }
                    },
                    {
                      "type": "Microsoft.OperationalInsights/workspaces/providers/metadata",
                      "apiVersion": "2021-03-01-preview",
                      "name": "[concat(parameters('workspace'),'/Microsoft.SecurityInsights/',concat('huntingQuery-', '13476066-24d0-4b19-8fd5-28fe42ab35f6'))]",
                      "properties": {
                        "description": "Detect multiple Active Directory LDAP queries made in bin time\nReplace 10 on line 1 with your desired thershold\nReplace 1m on line 2 with your desired bin time\n",
                        "version": "1.0.0",
                        "source": {
                          "kind": "Community"
                        },
                        "contentId": "13476066-24d0-4b19-8fd5-28fe42ab35f6",
                        "parentId": "13476066-24d0-4b19-8fd5-28fe42ab35f6",
                        "kind": "HuntingQuery",
                        "dependencies": {
                          "operator": "AND",
                          "criteria": [
                            {
                              "contentId": "IdentityQueryEvents",
                              "kind": "DataType"
                            }
                          ]
                        }
                      }
                    }
                  ]
                }
              }
            }
          ]
        },
        "dependencies": {
          "operator": "AND",
          "criteria": [
            {
              "contentId": "13476066-24d0-4b19-8fd5-28fe42ab35f6",
              "kind": "HuntingQuery"
            }
          ]
        },
        "description": "Detect multiple Active Directory LDAP queries made in bin time\nReplace 10 on line 1 with your desired thershold\nReplace 1m on line 2 with your desired bin time\n",
        "displayName": "MultipleLdaps",
        "packageId": "13476066-24d0-4b19-8fd5-28fe42ab35f6",
        "source": {
          "kind": "Community"
        },
        "version": "1.0.0"
      },
      "name": "[concat(parameters('workspace'),'/Microsoft.SecurityInsights/', '13476066-24d0-4b19-8fd5-28fe42ab35f6')]"
    }
  ]
}