{
  "$schema": "https://schema.management.azure.com/schemas/2019-04-01/deploymentTemplate.json#",
  "parameters": {
    "location": {
      "type": "string",
      "minLength": 1,
      "defaultValue": "[resourceGroup().location]",
      "metadata": {
        "description": "Not used, but needed to pass arm-ttk test `Location-Should-Not-Be-Hardcoded`.  We instead use the `workspace-location` which is derived from the LA workspace"
      }
    },
    "workspace-location": {
      "type": "string",
      "defaultValue": "",
      "metadata": {
        "description": "[concat('Region to deploy solution resources -- separate from location selection',parameters('location'))]"
      }
    },
    "workspace": {
      "defaultValue": "",
      "type": "string",
      "metadata": {
        "description": "Workspace name for Log Analytics where Microsoft Sentinel is setup"
      }
    }
  },
  "variables": {},
  "resources": [
    {
      "type": "Microsoft.OperationalInsights/workspaces/providers/packages",
      "location": "[parameters('workspace-location')]",
      "apiVersion": "2022-08-01",
      "properties": {
        "packageKind": "Standalone",
        "packageItems": {
          "resources": [
            {
              "type": "Microsoft.OperationalInsights/workspaces/providers/contentTemplates",
              "name": "[concat(parameters('workspace'),'/Microsoft.SecurityInsights/', '1212ae5c-43cc-4c17-bcbb-d23cf9ad3483')]",
              "location": "[parameters('workspace-location')]",
              "kind": "shared",
              "apiVersion": "2022-08-01",
              "properties": {
                "contentId": "1212ae5c-43cc-4c17-bcbb-d23cf9ad3483",
                "displayName": "Cobalt Strike Lateral Movement",
                "contentKind": "HuntingQuery",
                "mainTemplate": {
                  "$schema": "https://schema.management.azure.com/schemas/2019-04-01/deploymentTemplate.json#",
                  "contentVersion": "1.0.0",
                  "resources": [
                    {
                      "type": "Microsoft.OperationalInsights/savedSearches",
                      "apiVersion": "2020-08-01",
                      "name": "1212ae5c-43cc-4c17-bcbb-d23cf9ad3483",
                      "location": "[parameters('workspace-location')]",
                      "properties": {
                        "eTag": "*",
                        "displayName": "Cobalt Strike Lateral Movement",
                        "category": "Hunting Queries",
                        "query": "AlertInfo\n| where Title in(\"File dropped and launched from remote location\", \"Suspicious transfer of an executable file\")\n// Joining in instances where Cobalt Strike's built-in PsExec is used for lateral movement\n| join AlertEvidence on $left.AlertId == $right.AlertId\n| where FileName matches regex @\"^([a-z0-9]){7}\\.exe$\" and FileName matches regex \"[0-9]{1,5}\"\n",
                        "version": 2,
                        "tags": [
                          {
                            "name": "description",
                            "value": "Microsoft has observed Bazacall using Cobalt Strike in order to move laterally to other machines on the network.\n"
                          },
                          {
                            "name": "tactics",
                            "value": "Lateral movement"
                          }
                        ]
                      }
                    },
                    {
                      "type": "Microsoft.OperationalInsights/workspaces/providers/metadata",
                      "apiVersion": "2021-03-01-preview",
                      "name": "[concat(parameters('workspace'),'/Microsoft.SecurityInsights/',concat('huntingQuery-', '1212ae5c-43cc-4c17-bcbb-d23cf9ad3483'))]",
                      "properties": {
                        "description": "Microsoft has observed Bazacall using Cobalt Strike in order to move laterally to other machines on the network.\n",
                        "contentId": "1212ae5c-43cc-4c17-bcbb-d23cf9ad3483",
                        "version": "1.0.0",
                        "source": {
                          "kind": "Community"
                        },
                        "threatAnalysisTactics": [
                          "Lateral movement"
                        ],
                        "parentId": "1212ae5c-43cc-4c17-bcbb-d23cf9ad3483",
                        "kind": "HuntingQuery",
                        "dependencies": {
                          "operator": "AND",
                          "criteria": [
                            {
                              "contentId": "AlertInfo",
                              "kind": "DataType"
                            },
                            {
                              "contentId": "AlertEvidence",
                              "kind": "DataType"
                            }
                          ]
                        }
                      }
                    }
                  ]
                }
              }
            }
          ]
        },
        "contentId": "1212ae5c-43cc-4c17-bcbb-d23cf9ad3483",
        "dependencies": {
          "operator": "AND",
          "criteria": [
            {
              "contentId": "1212ae5c-43cc-4c17-bcbb-d23cf9ad3483",
              "kind": "HuntingQuery"
            }
          ]
        },
        "description": "Microsoft has observed Bazacall using Cobalt Strike in order to move laterally to other machines on the network.\n",
        "displayName": "Cobalt Strike Lateral Movement",
        "source": {
          "kind": "Community"
        },
        "threatAnalysisTactics": [
          "Lateral movement"
        ],
        "version": "1.0.0"
      },
      "name": "[concat(parameters('workspace'),'/Microsoft.SecurityInsights/', '1212ae5c-43cc-4c17-bcbb-d23cf9ad3483')]"
    }
  ]
}