{
  "$schema": "https://schema.management.azure.com/schemas/2019-04-01/deploymentTemplate.json#",
  "contentVersion": "1.0.0.0",
  "parameters": {
    "location": {
      "type": "string",
      "minLength": 1,
      "defaultValue": "[resourceGroup().location]",
      "metadata": {
        "description": "Not used, but needed to pass arm-ttk test `Location-Should-Not-Be-Hardcoded`.  We instead use the `workspace-location` which is derived from the LA workspace"
      }
    },
    "workspace-location": {
      "type": "string",
      "defaultValue": "",
      "metadata": {
        "description": "[concat('Region to deploy solution resources -- separate from location selection',parameters('location'))]"
      }
    },
    "workspace": {
      "defaultValue": "",
      "type": "string",
      "metadata": {
        "description": "Workspace name for Log Analytics where Microsoft Sentinel is setup"
      }
    }
  },
  "variables": {},
  "resources": [
    {
      "type": "Microsoft.OperationalInsights/workspaces/providers/packages",
      "location": "[parameters('workspace-location')]",
      "apiVersion": "2022-08-01",
      "properties": {
        "packageKind": "Standalone",
        "packageItems": {
          "resources": [
            {
              "type": "Microsoft.OperationalInsights/workspaces/providers/contentTemplates",
              "name": "[concat(parameters('workspace'),'/Microsoft.SecurityInsights/', '8955c0fb-3408-47b0-a3b9-a1faec41e427')]",
              "location": "[parameters('workspace-location')]",
              "apiVersion": "2022-08-01",
              "properties": {
                "contentId": "8955c0fb-3408-47b0-a3b9-a1faec41e427",
                "displayName": "Exchange Server Suspicious File Downloads.",
                "contentKind": "AnalyticsRule",
                "mainTemplate": {
                  "$schema": "https://schema.management.azure.com/schemas/2019-04-01/deploymentTemplate.json#",
                  "contentVersion": "1.0.0",
                  "resources": [
                    {
                      "type": "Microsoft.OperationalInsights/workspaces/providers/alertRules",
                      "apiVersion": "2022-04-01-preview",
                      "name": "8955c0fb-3408-47b0-a3b9-a1faec41e427",
                      "kind": "Scheduled",
                      "location": "[parameters('workspace-location')]",
                      "properties": {
                        "description": "This query looks for messages related to file downloads of suspicious file types on an Exchange Server. This could indicate attempted deployment of webshells. \nThis query uses the Exchange HttpProxy AOBGeneratorLog, you will need to onboard this log as a custom log under the table http_proxy_oab_CL before using this query. \nThis log is commonly found at C:\\Program Files\\Microsoft\\Exchange Server\\V15\\Logging\\OABGeneratorLog on the Exchange server. Details on collecting custom logs into Sentinel\ncan be found here: https://learn.microsoft.com/azure/sentinel/connect-custom-log",
                        "displayName": "Exchange Server Suspicious File Downloads.",
                        "enabled": false,
                        "query": "let scriptExtensions = dynamic([\".php\", \".jsp\", \".js\", \".aspx\", \".asmx\", \".asax\", \".cfm\", \".shtml\"]);\nhttp_proxy_oab_CL\n| where RawData contains \"Download failed and temporary file\"\n| extend File = extract(\"([^\\\\\\\\]*)(\\\\\\\\[^']*)\",2,RawData)\n| extend Extension = strcat(\".\",split(File, \".\")[-1])\n| extend InteractiveFile = iif(Extension in (scriptExtensions), \"Yes\", \"No\")\n// Uncomment the following line to alert only on interactive file download type\n//| where InteractiveFile =~ \"Yes\"\n| extend timestamp = TimeGenerated, HostCustomEntity = Computer\n",
                        "queryFrequency": "P1D",
                        "queryPeriod": "P1D",
                        "severity": "Medium",
                        "suppressionDuration": "PT1H",
                        "suppressionEnabled": false,
                        "triggerOperator": "GreaterThan",
                        "triggerThreshold": 0,
                        "tactics": [
                          "InitialAccess"
                        ],
                        "techniques": [
                          "T1190"
                        ],
                        "entityMappings": [
                          {
                            "entityType": "Host",
                            "fieldMappings": [
                              {
                                "columnName": "HostCustomEntity",
                                "identifier": "FullName"
                              }
                            ]
                          }
                        ]
                      }
                    },
                    {
                      "type": "Microsoft.OperationalInsights/workspaces/providers/metadata",
                      "apiVersion": "2021-03-01-preview",
                      "properties": {
                        "description": "'This query looks for messages related to file downloads of suspicious file types on an Exchange Server. This could indicate attempted deployment of webshells. \nThis query uses the Exchange HttpProxy AOBGeneratorLog, you will need to onboard this log as a custom log under the table http_proxy_oab_CL before using this query. \nThis log is commonly found at C:\\Program Files\\Microsoft\\Exchange Server\\V15\\Logging\\OABGeneratorLog on the Exchange server. Details on collecting custom logs into Sentinel\ncan be found here: https://learn.microsoft.com/azure/sentinel/connect-custom-logs\n",
                        "version": "1.0.0",
                        "author": {
                          "name": "Community"
                        },
                        "support": {
                          "name": "Community",
                          "link": "https://github.com/Azure/Azure-Sentinel/issues",
                          "tier": "Community"
                        },
                        "source": {
                          "kind": "Community",
                          "name": "Standalone"
                        },
                        "threatAnalysisTactics": [
                          "InitialAccess"
                        ],
                        "threatAnalyticsTechniques": [
                          "T1190"
                        ],
                        "contentId": "8955c0fb-3408-47b0-a3b9-a1faec41e427",
                        "parentId": "8955c0fb-3408-47b0-a3b9-a1faec41e427",
                        "kind": "AnalyticsRule"
                      }
                    }
                  ]
                }
              }
            }
          ]
        },
        "author": {
          "name": "Community"
        },
        "dependencies": {
          "operator": "AND",
          "criteria": [
            {
              "contentId": "8955c0fb-3408-47b0-a3b9-a1faec41e427",
              "kind": "AnalyticsRule"
            }
          ]
        },
        "description": "'This query looks for messages related to file downloads of suspicious file types on an Exchange Server. This could indicate attempted deployment of webshells. \nThis query uses the Exchange HttpProxy AOBGeneratorLog, you will need to onboard this log as a custom log under the table http_proxy_oab_CL before using this query. \nThis log is commonly found at C:\\Program Files\\Microsoft\\Exchange Server\\V15\\Logging\\OABGeneratorLog on the Exchange server. Details on collecting custom logs into Sentinel\ncan be found here: https://learn.microsoft.com/azure/sentinel/connect-custom-logs\n",
        "displayName": "Exchange Server Suspicious File Downloads.",
        "packageId": "8955c0fb-3408-47b0-a3b9-a1faec41e427",
        "source": {
          "kind": "Community",
          "name": "Standalone"
        },
        "support": {
          "name": "Community",
          "link": "https://github.com/Azure/Azure-Sentinel/issues",
          "tier": "Community"
        },
        "threatAnalysisTactics": [
          "InitialAccess"
        ],
        "threatAnalyticsTechniques": [
          "T1190"
        ],
        "version": "1.0.0"
      },
      "name": "[concat(parameters('workspace'),'/Microsoft.SecurityInsights/', '8955c0fb-3408-47b0-a3b9-a1faec41e427')]"
    }
  ]
}