{
  "$schema": "https://schema.management.azure.com/schemas/2019-04-01/deploymentTemplate.json#",
  "contentVersion": "1.0.0.0",
  "parameters": {
    "location": {
      "type": "string",
      "minLength": 1,
      "defaultValue": "[resourceGroup().location]",
      "metadata": {
        "description": "Not used, but needed to pass arm-ttk test `Location-Should-Not-Be-Hardcoded`.  We instead use the `workspace-location` which is derived from the LA workspace"
      }
    },
    "workspace-location": {
      "type": "string",
      "defaultValue": "",
      "metadata": {
        "description": "[concat('Region to deploy solution resources -- separate from location selection',parameters('location'))]"
      }
    },
    "workspace": {
      "defaultValue": "",
      "type": "string",
      "metadata": {
        "description": "Workspace name for Log Analytics where Microsoft Sentinel is setup"
      }
    }
  },
  "variables": {},
  "resources": [
    {
      "type": "Microsoft.OperationalInsights/workspaces/providers/packages",
      "location": "[parameters('workspace-location')]",
      "apiVersion": "2022-08-01",
      "properties": {
        "packageKind": "Standalone",
        "packageItems": {
          "resources": [
            {
              "type": "Microsoft.OperationalInsights/workspaces/providers/contentTemplates",
              "name": "[concat(parameters('workspace'),'/Microsoft.SecurityInsights/', 'c094384d-7ea7-4091-83be-18706ecca981')]",
              "location": "[parameters('workspace-location')]",
              "apiVersion": "2022-08-01",
              "properties": {
                "contentId": "c094384d-7ea7-4091-83be-18706ecca981",
                "displayName": "DNS events related to mining pools (ASIM DNS Schema)",
                "contentKind": "AnalyticsRule",
                "mainTemplate": {
                  "$schema": "https://schema.management.azure.com/schemas/2019-04-01/deploymentTemplate.json#",
                  "contentVersion": "1.3.1",
                  "resources": [
                    {
                      "type": "Microsoft.OperationalInsights/workspaces/providers/alertRules",
                      "apiVersion": "2022-04-01-preview",
                      "name": "c094384d-7ea7-4091-83be-18706ecca981",
                      "kind": "Scheduled",
                      "location": "[parameters('workspace-location')]",
                      "properties": {
                        "description": "Identifies IP addresses that may be performing DNS lookups associated with common currency mining pools.\nThis analytic rule uses [ASIM](https://aka.ms/AboutASIM) and supports any built-in or custom source that supports the ASIM DNS schema",
                        "displayName": "DNS events related to mining pools (ASIM DNS Schema)",
                        "enabled": false,
                        "query": "let minersDomains=dynamic([\"monerohash.com\", \"do-dear.com\", \"xmrminerpro.com\", \"secumine.net\", \"xmrpool.com\", \"minexmr.org\", \"hashanywhere.com\", \n\"xmrget.com\", \"mininglottery.eu\", \"minergate.com\", \"moriaxmr.com\", \"multipooler.com\", \"moneropools.com\", \"xmrpool.eu\", \"coolmining.club\", \n\"supportxmr.com\", \"minexmr.com\", \"hashvault.pro\", \"xmrpool.net\", \"crypto-pool.fr\", \"xmr.pt\", \"miner.rocks\", \"walpool.com\", \"herominers.com\", \n\"gntl.co.uk\", \"semipool.com\", \"coinfoundry.org\", \"cryptoknight.cc\", \"fairhash.org\", \"baikalmine.com\", \"tubepool.xyz\", \"fairpool.xyz\", \"asiapool.io\", \n\"coinpoolit.webhop.me\", \"nanopool.org\", \"moneropool.com\", \"miner.center\", \"prohash.net\", \"poolto.be\", \"cryptoescrow.eu\", \"monerominers.net\", \"cryptonotepool.org\", \n\"extrmepool.org\", \"webcoin.me\", \"kippo.eu\", \"hashinvest.ws\", \"monero.farm\", \"supportxmr.com\", \"xmrpool.eu\", \"linux-repository-updates.com\", \"1gh.com\", \n\"dwarfpool.com\", \"hash-to-coins.com\", \"hashvault.pro\", \"pool-proxy.com\", \"hashfor.cash\", \"fairpool.cloud\", \"litecoinpool.org\", \"mineshaft.ml\", \"abcxyz.stream\", \n\"moneropool.ru\", \"cryptonotepool.org.uk\", \"extremepool.org\", \"extremehash.com\", \"hashinvest.net\", \"unipool.pro\", \"crypto-pools.org\", \"monero.net\", \n\"backup-pool.com\", \"mooo.com\", \"freeyy.me\", \"cryptonight.net\", \"shscrypto.net\"]);\n_Im_Dns(domain_has_any=minersDomains)\n| extend timestamp = TimeGenerated, IPCustomEntity = SrcIpAddr, HostCustomEntity = Dvc\n",
                        "queryFrequency": "P1D",
                        "queryPeriod": "P1D",
                        "severity": "Low",
                        "suppressionDuration": "PT1H",
                        "suppressionEnabled": false,
                        "triggerOperator": "GreaterThan",
                        "triggerThreshold": 0,
                        "tactics": [
                          "Impact"
                        ],
                        "techniques": [
                          "T1496"
                        ],
                        "entityMappings": [
                          {
                            "entityType": "Host",
                            "fieldMappings": [
                              {
                                "columnName": "HostCustomEntity",
                                "identifier": "FullName"
                              }
                            ]
                          },
                          {
                            "entityType": "IP",
                            "fieldMappings": [
                              {
                                "columnName": "IPCustomEntity",
                                "identifier": "Address"
                              }
                            ]
                          }
                        ]
                      }
                    },
                    {
                      "type": "Microsoft.OperationalInsights/workspaces/providers/metadata",
                      "apiVersion": "2021-03-01-preview",
                      "properties": {
                        "description": "'Identifies IP addresses that may be performing DNS lookups associated with common currency mining pools.\nThis analytic rule uses [ASIM](https://aka.ms/AboutASIM) and supports any built-in or custom source that supports the ASIM DNS schema'\n",
                        "version": "1.3.1",
                        "author": {
                          "name": "Community"
                        },
                        "support": {
                          "name": "Community",
                          "link": "https://github.com/Azure/Azure-Sentinel/issues",
                          "tier": "Community"
                        },
                        "source": {
                          "kind": "Community",
                          "name": "Standalone"
                        },
                        "threatAnalysisTactics": [
                          "Impact"
                        ],
                        "threatAnalyticsTechniques": [
                          "T1496"
                        ],
                        "contentId": "c094384d-7ea7-4091-83be-18706ecca981",
                        "parentId": "c094384d-7ea7-4091-83be-18706ecca981",
                        "kind": "AnalyticsRule",
                        "dependencies": {
                          "operator": "AND",
                          "criteria": [
                            {
                              "contentId": "WindowsEvent",
                              "kind": "DataType"
                            },
                            {
                              "contentId": "DnsEvents",
                              "kind": "DataType"
                            },
                            {
                              "contentId": "AzureDiagnostics",
                              "kind": "DataType"
                            },
                            {
                              "contentId": "CommonSecurityLog",
                              "kind": "DataType"
                            },
                            {
                              "contentId": "Syslog",
                              "kind": "DataType"
                            },
                            {
                              "contentId": "GCP_DNS_CL",
                              "kind": "DataType"
                            },
                            {
                              "contentId": "NXLog_DNS_Server_CL",
                              "kind": "DataType"
                            },
                            {
                              "contentId": "Cisco_Umbrella_dns_CL",
                              "kind": "DataType"
                            },
                            {
                              "contentId": "Corelight_CL",
                              "kind": "DataType"
                            }
                          ]
                        }
                      }
                    }
                  ]
                }
              }
            }
          ]
        },
        "author": {
          "name": "Community"
        },
        "dependencies": {
          "operator": "AND",
          "criteria": [
            {
              "contentId": "c094384d-7ea7-4091-83be-18706ecca981",
              "kind": "AnalyticsRule"
            }
          ]
        },
        "description": "'Identifies IP addresses that may be performing DNS lookups associated with common currency mining pools.\nThis analytic rule uses [ASIM](https://aka.ms/AboutASIM) and supports any built-in or custom source that supports the ASIM DNS schema'\n",
        "displayName": "DNS events related to mining pools (ASIM DNS Schema)",
        "packageId": "c094384d-7ea7-4091-83be-18706ecca981",
        "source": {
          "kind": "Community",
          "name": "Standalone"
        },
        "support": {
          "name": "Community",
          "link": "https://github.com/Azure/Azure-Sentinel/issues",
          "tier": "Community"
        },
        "threatAnalysisTactics": [
          "Impact"
        ],
        "threatAnalyticsTechniques": [
          "T1496"
        ],
        "version": "1.3.1"
      },
      "name": "[concat(parameters('workspace'),'/Microsoft.SecurityInsights/', 'c094384d-7ea7-4091-83be-18706ecca981')]"
    }
  ]
}