{
  "$schema": "https://schema.management.azure.com/schemas/2019-04-01/deploymentTemplate.json#",
  "parameters": {
    "location": {
      "type": "string",
      "minLength": 1,
      "defaultValue": "[resourceGroup().location]",
      "metadata": {
        "description": "Not used, but needed to pass arm-ttk test `Location-Should-Not-Be-Hardcoded`.  We instead use the `workspace-location` which is derived from the LA workspace"
      }
    },
    "workspace-location": {
      "type": "string",
      "defaultValue": "",
      "metadata": {
        "description": "[concat('Region to deploy solution resources -- separate from location selection',parameters('location'))]"
      }
    },
    "workspace": {
      "defaultValue": "",
      "type": "string",
      "metadata": {
        "description": "Workspace name for Log Analytics where Microsoft Sentinel is setup"
      }
    }
  },
  "variables": {},
  "resources": [
    {
      "type": "Microsoft.OperationalInsights/workspaces/providers/packages",
      "location": "[parameters('workspace-location')]",
      "apiVersion": "2022-08-01",
      "properties": {
        "packageKind": "Standalone",
        "packageItems": {
          "resources": [
            {
              "type": "Microsoft.OperationalInsights/workspaces/providers/contentTemplates",
              "name": "[concat(parameters('workspace'),'/Microsoft.SecurityInsights/', '2f4165a6-c4fb-4e94-861e-37f1b4d6c0e6')]",
              "location": "[parameters('workspace-location')]",
              "apiVersion": "2022-08-01",
              "properties": {
                "contentId": "2f4165a6-c4fb-4e94-861e-37f1b4d6c0e6",
                "displayName": "AD FS Remote Auth Sync Connection",
                "contentKind": "AnalyticsRule",
                "mainTemplate": {
                  "$schema": "https://schema.management.azure.com/schemas/2019-04-01/deploymentTemplate.json#",
                  "contentVersion": "1.0.1",
                  "resources": [
                    {
                      "type": "Microsoft.OperationalInsights/workspaces/providers/alertRules",
                      "apiVersion": "2022-04-01-preview",
                      "name": "[concat(parameters('workspace'),'/Microsoft.SecurityInsights/', '' )]",
                      "kind": "Scheduled",
                      "location": "[parameters('workspace-location')]",
                      "properties": {
                        "description": "This detection uses Security events from the \"AD FS Auditing\" provider to detect suspicious authentication events on an AD FS server. The results then get\ncorrelated with events from the Windows Filtering Platform (WFP) to detect suspicious incoming network traffic on port 80 on the AD FS server.\nThis could be a sign of a threat actor trying to use replication services on the AD FS server to get its configuration settings and extract\nsensitive information such as AD FS certificates.\nIn order to use this query you need to enable AD FS auditing on the AD FS Server.\nReferences: \nhttps://docs.microsoft.com/windows-server/identity/ad-fs/troubleshooting/ad-fs-tshoot-logging\nhttps://twitter.com/OTR_Community/status/1387038995016732672\n",
                        "displayName": "AD FS Remote Auth Sync Connection",
                        "enabled": false,
                        "query": "// Adjust this to use a longer timeframe to identify ADFS servers\n//let lookback = 0d;\n// Adjust this to adjust detection timeframe\n//let timeframe = 1d;\n// SamAccountName of AD FS Service Account. Filter on the use of a specific AD FS user account\n//let adfsuser = 'adfsadmin';\n// Identify ADFS Servers\nlet ADFS_Servers = (\n    SecurityEvent\n    //| where TimeGenerated > ago(timeframe+lookback)\n    | where EventSourceName == 'AD FS Auditing'\n    | distinct Computer\n);\nSecurityEvent\n    //| where TimeGenerated > ago(timeframe)\n    | where Computer in~ (ADFS_Servers)\n    // A token of type 'http://schemas.microsoft.com/ws/2006/05/servicemodel/tokens/SecureConversation'\n    // for relying party '-' was successfully authenticated.\n    | where EventID == 412\n    | extend EventData = parse_xml(EventData).EventData.Data\n    | extend InstanceId = tostring(EventData[0])\n| join kind=inner\n(\n    SecurityEvent\n    //| where TimeGenerated > ago(timeframe)\n    | where Computer in~ (ADFS_Servers)\n    // Events to identify caller identity from event 412\n    | where EventID == 501\n    | extend EventData = parse_xml(EventData).EventData.Data\n    | where tostring(EventData[1]) contains 'identity/claims/name'\n    | extend InstanceId = tostring(EventData[0])\n    | extend ClaimsName = tostring(EventData[2])\n    // Filter on the use of a specific AD FS user account\n    //| where ClaimsName contains adfsuser\n)\non $left.InstanceId == $right.InstanceId\n| join kind=inner\n(\n    SecurityEvent\n    | where EventID == 5156\n    | where Computer in~ (ADFS_Servers)\n    | extend EventData = parse_xml(EventData).EventData.Data\n    | mv-expand bagexpansion=array EventData\n    | evaluate bag_unpack(EventData)\n    | extend Key = tostring(column_ifexists('@Name', \"\")), Value = column_ifexists('#text', \"\")\n    | evaluate pivot(Key, any(Value), TimeGenerated, Computer, EventID)\n    | extend DestPort = column_ifexists(\"DestPort\", \"\"),\n          Direction = column_ifexists(\"Direction\", \"\"),\n          Application = column_ifexists(\"Application\", \"\"),\n          DestAddress = column_ifexists(\"DestAddress\", \"\"),\n          SourceAddress = column_ifexists(\"SourceAddress\", \"\"),\n          SourcePort = column_ifexists(\"SourcePort\", \"\")\n    // Look for inbound connections from endpoints on port 80\n    | where DestPort == 80 and Direction == '%%14592' and Application == 'System'\n    | where DestAddress !in ('::1','0:0:0:0:0:0:0:1') \n)\non $left.Computer == $right.Computer\n| project TimeGenerated, Computer, ClaimsName, SourceAddress, SourcePort\n| extend HostCustomEntity = Computer, AccountCustomEntity = ClaimsName, IPCustomEntity = SourceAddress\n",
                        "queryFrequency": "P1D",
                        "queryPeriod": "P1D",
                        "severity": "Medium",
                        "suppressionDuration": "PT1H",
                        "suppressionEnabled": false,
                        "triggerOperator": "GreaterThan",
                        "triggerThreshold": 0,
                        "tactics": [
                          "Collection"
                        ],
                        "entityMappings": [
                          {
                            "entityType": "Account",
                            "fieldMappings": [
                              {
                                "columnName": "AccountCustomEntity",
                                "identifier": "FullName"
                              }
                            ]
                          },
                          {
                            "entityType": "Host",
                            "fieldMappings": [
                              {
                                "columnName": "HostCustomEntity",
                                "identifier": "FullName"
                              }
                            ]
                          },
                          {
                            "entityType": "IP",
                            "fieldMappings": [
                              {
                                "columnName": "IPCustomEntity",
                                "identifier": "Address"
                              }
                            ]
                          }
                        ]
                      }
                    },
                    {
                      "type": "Microsoft.OperationalInsights/workspaces/providers/metadata",
                      "apiVersion": "2021-03-01-preview",
                      "name": "[concat(parameters('workspace'),'/Microsoft.SecurityInsights/', '')]",
                      "properties": {
                        "description": "'This detection uses Security events from the \"AD FS Auditing\" provider to detect suspicious authentication events on an AD FS server. The results then get\ncorrelated with events from the Windows Filtering Platform (WFP) to detect suspicious incoming network traffic on port 80 on the AD FS server.\nThis could be a sign of a threat actor trying to use replication services on the AD FS server to get its configuration settings and extract\nsensitive information such as AD FS certificates.\nIn order to use this query you need to enable AD FS auditing on the AD FS Server.\nReferences: \nhttps://docs.microsoft.com/windows-server/identity/ad-fs/troubleshooting/ad-fs-tshoot-logging\nhttps://twitter.com/OTR_Community/status/1387038995016732672\n'\n",
                        "contentId": "2f4165a6-c4fb-4e94-861e-37f1b4d6c0e6",
                        "version": "1.0.1",
                        "source": {
                          "kind": "Community"
                        },
                        "threatAnalysisTactics": [
                          "Collection"
                        ],
                        "threatAnalyticsTechniques": [
                          "T1005"
                        ],
                        "parentId": "2f4165a6-c4fb-4e94-861e-37f1b4d6c0e6",
                        "kind": "AnalyticsRule",
                        "dependencies": {
                          "operator": "AND",
                          "criteria": [
                            {
                              "contentId": "SecurityEvent",
                              "kind": "DataType"
                            }
                          ]
                        }
                      }
                    }
                  ]
                }
              }
            }
          ]
        },
        "contentId": "2f4165a6-c4fb-4e94-861e-37f1b4d6c0e6",
        "dependencies": {
          "operator": "AND",
          "criteria": [
            {
              "contentId": "2f4165a6-c4fb-4e94-861e-37f1b4d6c0e6",
              "kind": "AnalyticsRule"
            }
          ]
        },
        "description": "'This detection uses Security events from the \"AD FS Auditing\" provider to detect suspicious authentication events on an AD FS server. The results then get\ncorrelated with events from the Windows Filtering Platform (WFP) to detect suspicious incoming network traffic on port 80 on the AD FS server.\nThis could be a sign of a threat actor trying to use replication services on the AD FS server to get its configuration settings and extract\nsensitive information such as AD FS certificates.\nIn order to use this query you need to enable AD FS auditing on the AD FS Server.\nReferences: \nhttps://docs.microsoft.com/windows-server/identity/ad-fs/troubleshooting/ad-fs-tshoot-logging\nhttps://twitter.com/OTR_Community/status/1387038995016732672\n'\n",
        "displayName": "AD FS Remote Auth Sync Connection",
        "source": {
          "kind": "Community"
        },
        "threatAnalysisTactics": [
          "Collection"
        ],
        "threatAnalyticsTechniques": [
          "T1005"
        ],
        "version": "1.0.1"
      },
      "name": "[concat(parameters('workspace'),'/Microsoft.SecurityInsights/', '2f4165a6-c4fb-4e94-861e-37f1b4d6c0e6')]"
    }
  ]
}