{
  "$schema": "https://schema.management.azure.com/schemas/2019-04-01/deploymentTemplate.json#",
  "parameters": {
    "location": {
      "type": "string",
      "minLength": 1,
      "defaultValue": "[resourceGroup().location]",
      "metadata": {
        "description": "Not used, but needed to pass arm-ttk test `Location-Should-Not-Be-Hardcoded`.  We instead use the `workspace-location` which is derived from the LA workspace"
      }
    },
    "workspace-location": {
      "type": "string",
      "defaultValue": "",
      "metadata": {
        "description": "[concat('Region to deploy solution resources -- separate from location selection',parameters('location'))]"
      }
    },
    "workspace": {
      "defaultValue": "",
      "type": "string",
      "metadata": {
        "description": "Workspace name for Log Analytics where Microsoft Sentinel is setup"
      }
    }
  },
  "variables": {},
  "resources": [
    {
      "type": "Microsoft.OperationalInsights/workspaces/providers/packages",
      "location": "[parameters('workspace-location')]",
      "apiVersion": "2022-08-01",
      "properties": {
        "packageKind": "Standalone",
        "packageItems": {
          "resources": [
            {
              "type": "Microsoft.OperationalInsights/workspaces/providers/contentTemplates",
              "name": "[concat(parameters('workspace'),'/Microsoft.SecurityInsights/', 'f8b3c49c-4087-499b-920f-0dcfaff0cbca')]",
              "location": "[parameters('workspace-location')]",
              "apiVersion": "2022-08-01",
              "properties": {
                "contentId": "f8b3c49c-4087-499b-920f-0dcfaff0cbca",
                "displayName": "Base64 encoded Windows process command-lines (Normalized Process Events)",
                "contentKind": "AnalyticsRule",
                "mainTemplate": {
                  "$schema": "https://schema.management.azure.com/schemas/2019-04-01/deploymentTemplate.json#",
                  "contentVersion": "1.1.1",
                  "resources": [
                    {
                      "type": "Microsoft.OperationalInsights/workspaces/providers/alertRules",
                      "apiVersion": "2022-04-01-preview",
                      "name": "[concat(parameters('workspace'),'/Microsoft.SecurityInsights/', '' )]",
                      "kind": "Scheduled",
                      "location": "[parameters('workspace-location')]",
                      "properties": {
                        "description": "Identifies instances of a base64 encoded PE file header seen in the process command line parameter.\nTo use this analytics rule, make sure you have deployed the [ASIM normalization parsers](https://aka.ms/ASimProcessEvent)",
                        "displayName": "Base64 encoded Windows process command-lines (Normalized Process Events)",
                        "enabled": false,
                        "query": "imProcessCreate\n  | where CommandLine contains \"TVqQAAMAAAAEAAA\"\n  | where isnotempty(Process)\n  | summarize StartTimeUtc = min(TimeGenerated), EndTimeUtc = max(TimeGenerated), count() by Dvc, ActorUsername, Process, CommandLine, ActingProcessName, EventVendor, EventProduct\n  | extend timestamp = StartTimeUtc, AccountCustomEntity = ActorUsername, HostCustomEntity = Dvc\n",
                        "queryFrequency": "P1D",
                        "queryPeriod": "P1D",
                        "severity": "Medium",
                        "suppressionDuration": "PT1H",
                        "suppressionEnabled": false,
                        "triggerOperator": "GreaterThan",
                        "triggerThreshold": 0,
                        "tactics": [
                          "Execution",
                          "DefenseEvasion"
                        ],
                        "entityMappings": [
                          {
                            "entityType": "Account",
                            "fieldMappings": [
                              {
                                "columnName": "AccountCustomEntity",
                                "identifier": "FullName"
                              }
                            ]
                          },
                          {
                            "entityType": "Host",
                            "fieldMappings": [
                              {
                                "columnName": "HostCustomEntity",
                                "identifier": "FullName"
                              }
                            ]
                          }
                        ]
                      }
                    },
                    {
                      "type": "Microsoft.OperationalInsights/workspaces/providers/metadata",
                      "apiVersion": "2021-03-01-preview",
                      "name": "[concat(parameters('workspace'),'/Microsoft.SecurityInsights/', '')]",
                      "properties": {
                        "description": "'Identifies instances of a base64 encoded PE file header seen in the process command line parameter.\nTo use this analytics rule, make sure you have deployed the [ASIM normalization parsers](https://aka.ms/ASimProcessEvent)'\n",
                        "contentId": "f8b3c49c-4087-499b-920f-0dcfaff0cbca",
                        "version": "1.1.1",
                        "source": {
                          "kind": "Community"
                        },
                        "threatAnalysisTactics": [
                          "Execution",
                          "DefenseEvasion"
                        ],
                        "threatAnalyticsTechniques": [
                          "T1059",
                          "T1027",
                          "T1140"
                        ],
                        "parentId": "f8b3c49c-4087-499b-920f-0dcfaff0cbca",
                        "kind": "AnalyticsRule"
                      }
                    }
                  ]
                }
              }
            }
          ]
        },
        "contentId": "f8b3c49c-4087-499b-920f-0dcfaff0cbca",
        "dependencies": {
          "operator": "AND",
          "criteria": [
            {
              "contentId": "f8b3c49c-4087-499b-920f-0dcfaff0cbca",
              "kind": "AnalyticsRule"
            }
          ]
        },
        "description": "'Identifies instances of a base64 encoded PE file header seen in the process command line parameter.\nTo use this analytics rule, make sure you have deployed the [ASIM normalization parsers](https://aka.ms/ASimProcessEvent)'\n",
        "displayName": "Base64 encoded Windows process command-lines (Normalized Process Events)",
        "source": {
          "kind": "Community"
        },
        "threatAnalysisTactics": [
          "Execution",
          "DefenseEvasion"
        ],
        "threatAnalyticsTechniques": [
          "T1059",
          "T1027",
          "T1140"
        ],
        "version": "1.1.1"
      },
      "name": "[concat(parameters('workspace'),'/Microsoft.SecurityInsights/', 'f8b3c49c-4087-499b-920f-0dcfaff0cbca')]"
    }
  ]
}