{
  "$schema": "https://schema.management.azure.com/schemas/2019-04-01/deploymentTemplate.json#",
  "parameters": {
    "location": {
      "type": "string",
      "minLength": 1,
      "defaultValue": "[resourceGroup().location]",
      "metadata": {
        "description": "Not used, but needed to pass arm-ttk test `Location-Should-Not-Be-Hardcoded`.  We instead use the `workspace-location` which is derived from the LA workspace"
      }
    },
    "workspace-location": {
      "type": "string",
      "defaultValue": "",
      "metadata": {
        "description": "[concat('Region to deploy solution resources -- separate from location selection',parameters('location'))]"
      }
    },
    "workspace": {
      "defaultValue": "",
      "type": "string",
      "metadata": {
        "description": "Workspace name for Log Analytics where Microsoft Sentinel is setup"
      }
    }
  },
  "variables": {},
  "resources": [
    {
      "type": "Microsoft.OperationalInsights/workspaces/providers/packages",
      "location": "[parameters('workspace-location')]",
      "apiVersion": "2022-08-01",
      "properties": {
        "packageKind": "Standalone",
        "packageItems": {
          "resources": [
            {
              "type": "Microsoft.OperationalInsights/workspaces/providers/contentTemplates",
              "name": "[concat(parameters('workspace'),'/Microsoft.SecurityInsights/', 'a357535e-f722-4afe-b375-cff362b2b376')]",
              "location": "[parameters('workspace-location')]",
              "apiVersion": "2022-08-01",
              "properties": {
                "contentId": "a357535e-f722-4afe-b375-cff362b2b376",
                "displayName": "Malformed user agent",
                "contentKind": "AnalyticsRule",
                "mainTemplate": {
                  "$schema": "https://schema.management.azure.com/schemas/2019-04-01/deploymentTemplate.json#",
                  "contentVersion": "1.0.0",
                  "resources": [
                    {
                      "type": "Microsoft.OperationalInsights/workspaces/providers/alertRules",
                      "apiVersion": "2022-04-01-preview",
                      "name": "[concat(parameters('workspace'),'/Microsoft.SecurityInsights/', '' )]",
                      "kind": "Scheduled",
                      "location": "[parameters('workspace-location')]",
                      "properties": {
                        "description": "Malware authors will sometimes hardcode user agent string values when writing the network communication component of their malware.\nMalformed user agents can be an indication of such malware.",
                        "displayName": "Malformed user agent",
                        "enabled": false,
                        "query": "\n(union isfuzzy=true\n(OfficeActivity | where UserAgent != \"\"),\n(OfficeActivity\n| where RecordType in (\"AzureActiveDirectory\", \"AzureActiveDirectoryStsLogon\")\n| extend OperationName = Operation\n| parse ExtendedProperties with * 'User-Agent\\\\\":\\\\\"' UserAgent2 '\\\\' *\n| parse ExtendedProperties with * 'UserAgent\",      \"Value\": \"' UserAgent1 '\"' *\n| where isnotempty(UserAgent1) or isnotempty(UserAgent2)\n| extend UserAgent = iff( RecordType == 'AzureActiveDirectoryStsLogon', UserAgent1, UserAgent2)\n| summarize StartTime = min(TimeGenerated), EndTime = max(TimeGenerated) by UserAgent, SourceIP = ClientIP, Account = UserId, Type, RecordType, Operation\n),\n(AzureDiagnostics\n| where ResourceType =~ \"APPLICATIONGATEWAYS\" \n| where OperationName =~ \"ApplicationGatewayAccess\" \n| extend ClientIP = columnifexists(\"clientIP_s\", \"None\"), UserAgent = columnifexists(\"userAgent_s\", \"None\")\n| where UserAgent != '-'\n| summarize StartTime = min(TimeGenerated), EndTime = max(TimeGenerated) by UserAgent, SourceIP = ClientIP,  requestUri_s, httpMethod_s, host_s, requestQuery_s, Type\n),\n(\nW3CIISLog\n| where isnotempty(csUserAgent)\n| summarize StartTime = min(TimeGenerated), EndTime = max(TimeGenerated) by UserAgent = csUserAgent, SourceIP = cIP, Account = csUserName, Type, sSiteName, csMethod, csUriStem\n),\n(\nAWSCloudTrail\n| where isnotempty(UserAgent)\n| summarize StartTime = min(TimeGenerated), EndTime = max(TimeGenerated) by UserAgent, SourceIP = SourceIpAddress, Account = UserIdentityUserName, Type, EventSource, EventName\n),\n(SigninLogs\n| where isnotempty(UserAgent)\n| summarize StartTime = min(TimeGenerated), EndTime = max(TimeGenerated) by UserAgent, SourceIP = IPAddress, Account = UserPrincipalName, Type, OperationName, tostring(LocationDetails), tostring(DeviceDetail), AppDisplayName, ClientAppUsed\n),\n(AADNonInteractiveUserSignInLogs \n| where isnotempty(UserAgent)\n| summarize StartTime = min(TimeGenerated), EndTime = max(TimeGenerated) by UserAgent, SourceIP = IPAddress, Account = UserPrincipalName, Type, OperationName, tostring(LocationDetails), tostring(DeviceDetail), AppDisplayName, ClientAppUsed\n)\n)\n// Likely artefact of hardcoding\n| where UserAgent startswith \"User\" or UserAgent startswith '\\\"'\n// Incorrect casing\nor (UserAgent startswith \"Mozilla\" and not(UserAgent containscs \"Mozilla\"))\n// Incorrect casing\nor UserAgent containscs  \"(Compatible;\"\n// Missing MSIE version\nor UserAgent matches regex @\"MSIE\\s?;\"\n// Incorrect spacing around MSIE version\nor UserAgent matches regex  @\"MSIE(?:\\d|.{1,5}?\\d\\s;)\"\n| extend timestamp = StartTime, IPCustomEntity = SourceIP, AccountCustomEntity = Account\n",
                        "queryFrequency": "P1D",
                        "queryPeriod": "P1D",
                        "severity": "Medium",
                        "suppressionDuration": "PT1H",
                        "suppressionEnabled": false,
                        "triggerOperator": "GreaterThan",
                        "triggerThreshold": 0,
                        "tactics": [
                          "InitialAccess",
                          "CommandAndControl",
                          "Execution"
                        ],
                        "entityMappings": [
                          {
                            "entityType": "Account",
                            "fieldMappings": [
                              {
                                "columnName": "AccountCustomEntity",
                                "identifier": "FullName"
                              }
                            ]
                          },
                          {
                            "entityType": "IP",
                            "fieldMappings": [
                              {
                                "columnName": "IPCustomEntity",
                                "identifier": "Address"
                              }
                            ]
                          }
                        ]
                      }
                    },
                    {
                      "type": "Microsoft.OperationalInsights/workspaces/providers/metadata",
                      "apiVersion": "2021-03-01-preview",
                      "name": "[concat(parameters('workspace'),'/Microsoft.SecurityInsights/', '')]",
                      "properties": {
                        "description": "'Malware authors will sometimes hardcode user agent string values when writing the network communication component of their malware.\nMalformed user agents can be an indication of such malware.'\n",
                        "contentId": "a357535e-f722-4afe-b375-cff362b2b376",
                        "version": "1.0.0",
                        "source": {
                          "kind": "Community"
                        },
                        "threatAnalysisTactics": [
                          "InitialAccess",
                          "CommandAndControl",
                          "Execution"
                        ],
                        "threatAnalyticsTechniques": [
                          "T1189",
                          "T1071",
                          "T1203"
                        ],
                        "parentId": "a357535e-f722-4afe-b375-cff362b2b376",
                        "kind": "AnalyticsRule",
                        "dependencies": {
                          "operator": "AND",
                          "criteria": [
                            {
                              "contentId": "AzureDiagnostics",
                              "kind": "DataType"
                            },
                            {
                              "contentId": "OfficeActivity",
                              "kind": "DataType"
                            },
                            {
                              "contentId": "SigninLogs",
                              "kind": "DataType"
                            },
                            {
                              "contentId": "AADNonInteractiveUserSignInLogs",
                              "kind": "DataType"
                            },
                            {
                              "contentId": "AWSCloudTrail",
                              "kind": "DataType"
                            },
                            {
                              "contentId": "W3CIISLog",
                              "kind": "DataType"
                            }
                          ]
                        }
                      }
                    }
                  ]
                }
              }
            }
          ]
        },
        "contentId": "a357535e-f722-4afe-b375-cff362b2b376",
        "dependencies": {
          "operator": "AND",
          "criteria": [
            {
              "contentId": "a357535e-f722-4afe-b375-cff362b2b376",
              "kind": "AnalyticsRule"
            }
          ]
        },
        "description": "'Malware authors will sometimes hardcode user agent string values when writing the network communication component of their malware.\nMalformed user agents can be an indication of such malware.'\n",
        "displayName": "Malformed user agent",
        "source": {
          "kind": "Community"
        },
        "threatAnalysisTactics": [
          "InitialAccess",
          "CommandAndControl",
          "Execution"
        ],
        "threatAnalyticsTechniques": [
          "T1189",
          "T1071",
          "T1203"
        ],
        "version": "1.0.0"
      },
      "name": "[concat(parameters('workspace'),'/Microsoft.SecurityInsights/', 'a357535e-f722-4afe-b375-cff362b2b376')]"
    }
  ]
}