{
  "$schema": "https://schema.management.azure.com/schemas/2019-04-01/deploymentTemplate.json#",
  "parameters": {
    "location": {
      "type": "string",
      "minLength": 1,
      "defaultValue": "[resourceGroup().location]",
      "metadata": {
        "description": "Not used, but needed to pass arm-ttk test `Location-Should-Not-Be-Hardcoded`.  We instead use the `workspace-location` which is derived from the LA workspace"
      }
    },
    "workspace-location": {
      "type": "string",
      "defaultValue": "",
      "metadata": {
        "description": "[concat('Region to deploy solution resources -- separate from location selection',parameters('location'))]"
      }
    },
    "workspace": {
      "defaultValue": "",
      "type": "string",
      "metadata": {
        "description": "Workspace name for Log Analytics where Microsoft Sentinel is setup"
      }
    }
  },
  "variables": {},
  "resources": [
    {
      "type": "Microsoft.OperationalInsights/workspaces/providers/packages",
      "location": "[parameters('workspace-location')]",
      "apiVersion": "2022-08-01",
      "properties": {
        "packageKind": "Standalone",
        "packageItems": {
          "resources": [
            {
              "type": "Microsoft.OperationalInsights/workspaces/providers/contentTemplates",
              "name": "[concat(parameters('workspace'),'/Microsoft.SecurityInsights/', '5f0d80db-3415-4265-9d52-8466b7372e3a')]",
              "location": "[parameters('workspace-location')]",
              "apiVersion": "2022-08-01",
              "properties": {
                "contentId": "5f0d80db-3415-4265-9d52-8466b7372e3a",
                "displayName": "Azure DevOps PAT used with Browser.",
                "contentKind": "AnalyticsRule",
                "mainTemplate": {
                  "$schema": "https://schema.management.azure.com/schemas/2019-04-01/deploymentTemplate.json#",
                  "contentVersion": "1.0.1",
                  "resources": [
                    {
                      "type": "Microsoft.OperationalInsights/workspaces/providers/alertRules",
                      "apiVersion": "2022-04-01-preview",
                      "name": "[concat(parameters('workspace'),'/Microsoft.SecurityInsights/', '' )]",
                      "kind": "Scheduled",
                      "location": "[parameters('workspace-location')]",
                      "properties": {
                        "description": "Personal Access Tokens (PATs) are used as an alternate password to authenticate into Azure DevOps. PATs are intended for programmatic access use in code or applications. \nThis can be prone to attacker theft if not adequately secured. This query looks for the use of a PAT in authentication but from a User Agent indicating a browser. \nThis should not be normal activity and could be an indicator of an attacker using a stolen PAT.",
                        "displayName": "Azure DevOps PAT used with Browser.",
                        "enabled": false,
                        "query": "AzureDevOpsAuditing\n| where AuthenticationMechanism startswith \"PAT\"\n// Look for useragents that include a redenring engine\n| where UserAgent has_any (\"Gecko\", \"WebKit\", \"Presto\", \"Trident\", \"EdgeHTML\", \"Blink\")\n| extend timestamp = TimeGenerated, AccountCustomEntity = ActorUPN, IPCustomEntity = IpAddress\n",
                        "queryFrequency": "P1D",
                        "queryPeriod": "P1D",
                        "severity": "Medium",
                        "suppressionDuration": "PT1H",
                        "suppressionEnabled": false,
                        "triggerOperator": "GreaterThan",
                        "triggerThreshold": 0,
                        "tactics": [
                          "CredentialAccess"
                        ],
                        "entityMappings": [
                          {
                            "entityType": "Account",
                            "fieldMappings": [
                              {
                                "columnName": "AccountCustomEntity",
                                "identifier": "FullName"
                              }
                            ]
                          },
                          {
                            "entityType": "IP",
                            "fieldMappings": [
                              {
                                "columnName": "IPCustomEntity",
                                "identifier": "Address"
                              }
                            ]
                          }
                        ]
                      }
                    },
                    {
                      "type": "Microsoft.OperationalInsights/workspaces/providers/metadata",
                      "apiVersion": "2021-03-01-preview",
                      "name": "[concat(parameters('workspace'),'/Microsoft.SecurityInsights/', '')]",
                      "properties": {
                        "description": "'Personal Access Tokens (PATs) are used as an alternate password to authenticate into Azure DevOps. PATs are intended for programmatic access use in code or applications. \nThis can be prone to attacker theft if not adequately secured. This query looks for the use of a PAT in authentication but from a User Agent indicating a browser. \nThis should not be normal activity and could be an indicator of an attacker using a stolen PAT.'\n",
                        "contentId": "5f0d80db-3415-4265-9d52-8466b7372e3a",
                        "version": "1.0.1",
                        "source": {
                          "kind": "Community"
                        },
                        "threatAnalysisTactics": [
                          "CredentialAccess"
                        ],
                        "parentId": "5f0d80db-3415-4265-9d52-8466b7372e3a",
                        "kind": "AnalyticsRule"
                      }
                    }
                  ]
                }
              }
            }
          ]
        },
        "contentId": "5f0d80db-3415-4265-9d52-8466b7372e3a",
        "dependencies": {
          "operator": "AND",
          "criteria": [
            {
              "contentId": "5f0d80db-3415-4265-9d52-8466b7372e3a",
              "kind": "AnalyticsRule"
            }
          ]
        },
        "description": "'Personal Access Tokens (PATs) are used as an alternate password to authenticate into Azure DevOps. PATs are intended for programmatic access use in code or applications. \nThis can be prone to attacker theft if not adequately secured. This query looks for the use of a PAT in authentication but from a User Agent indicating a browser. \nThis should not be normal activity and could be an indicator of an attacker using a stolen PAT.'\n",
        "displayName": "Azure DevOps PAT used with Browser.",
        "source": {
          "kind": "Community"
        },
        "threatAnalysisTactics": [
          "CredentialAccess"
        ],
        "version": "1.0.1"
      },
      "name": "[concat(parameters('workspace'),'/Microsoft.SecurityInsights/', '5f0d80db-3415-4265-9d52-8466b7372e3a')]"
    }
  ]
}