{
  "$schema": "https://schema.management.azure.com/schemas/2019-04-01/deploymentTemplate.json#",
  "contentVersion": "1.0.0.0",
  "parameters": {
    "location": {
      "type": "string",
      "minLength": 1,
      "defaultValue": "[resourceGroup().location]",
      "metadata": {
        "description": "Not used, but needed to pass arm-ttk test `Location-Should-Not-Be-Hardcoded`.  We instead use the `workspace-location` which is derived from the LA workspace"
      }
    },
    "workspace-location": {
      "type": "string",
      "defaultValue": "",
      "metadata": {
        "description": "[concat('Region to deploy solution resources -- separate from location selection',parameters('location'))]"
      }
    },
    "workspace": {
      "defaultValue": "",
      "type": "string",
      "metadata": {
        "description": "Workspace name for Log Analytics where Microsoft Sentinel is setup"
      }
    }
  },
  "variables": {},
  "resources": [
    {
      "type": "Microsoft.OperationalInsights/workspaces/providers/packages",
      "location": "[parameters('workspace-location')]",
      "apiVersion": "2022-08-01",
      "properties": {
        "packageKind": "Standalone",
        "packageItems": {
          "resources": [
            {
              "type": "Microsoft.OperationalInsights/workspaces/providers/contentTemplates",
              "name": "[concat(parameters('workspace'),'/Microsoft.SecurityInsights/', '4902eddb-34f7-44a8-ac94-8486366e9494')]",
              "location": "[parameters('workspace-location')]",
              "apiVersion": "2022-08-01",
              "properties": {
                "contentId": "4902eddb-34f7-44a8-ac94-8486366e9494",
                "displayName": "Excessive number of failed connections from a single source (ASIM Network Session schema)",
                "contentKind": "AnalyticsRule",
                "mainTemplate": {
                  "$schema": "https://schema.management.azure.com/schemas/2019-04-01/deploymentTemplate.json#",
                  "contentVersion": "1.2.2",
                  "resources": [
                    {
                      "type": "Microsoft.OperationalInsights/workspaces/providers/alertRules",
                      "apiVersion": "2022-04-01-preview",
                      "name": "4902eddb-34f7-44a8-ac94-8486366e9494",
                      "kind": "Scheduled",
                      "location": "[parameters('workspace-location')]",
                      "properties": {
                        "description": "This rule identifies that a single source generates an excessive amount of failed connections. Modify the threshold to change the sensitivity of the rule: the higher the threshold, the less sensitive is the rule and less incidents will be generated.<br><br>\nThis analytic rule uses [ASIM](https://aka.ms/AboutASIM) and supports any built-in or custom source that supports the ASIM NetworkSession schema",
                        "displayName": "Excessive number of failed connections from a single source (ASIM Network Session schema)",
                        "enabled": false,
                        "query": "let threshold = 5000;\n_Im_NetworkSession(eventresult='Failure')\n| summarize Count=count() by SrcIpAddr, bin(TimeGenerated,5m)\n| where Count > threshold\n| extend timestamp = TimeGenerated, IPCustomEntity = SrcIpAddr, threshold\n",
                        "queryFrequency": "PT1H",
                        "queryPeriod": "PT1H",
                        "severity": "Medium",
                        "suppressionDuration": "PT1H",
                        "suppressionEnabled": false,
                        "triggerOperator": "GreaterThan",
                        "triggerThreshold": 0,
                        "tactics": [
                          "Impact"
                        ],
                        "techniques": [
                          "T1499"
                        ],
                        "entityMappings": [
                          {
                            "entityType": "IP",
                            "fieldMappings": [
                              {
                                "columnName": "IPCustomEntity",
                                "identifier": "Address"
                              }
                            ]
                          }
                        ],
                        "customDetails": {
                          "NumberOfDenies": "Count"
                        },
                        "alertDetailsOverride": {
                          "alertDescriptionFormat": "The client at address {{SrcIpAddr}} generated more than {{threshold}} failures over a 5 minutes time window, which may indicate malicious activity.",
                          "alertDisplayNameFormat": "Excessive number of failed connections from {{SrcIpAddr}}"
                        }
                      }
                    },
                    {
                      "type": "Microsoft.OperationalInsights/workspaces/providers/metadata",
                      "apiVersion": "2021-03-01-preview",
                      "properties": {
                        "description": "'This rule identifies that a single source generates an excessive amount of failed connections. Modify the threshold to change the sensitivity of the rule: the higher the threshold, the less sensitive is the rule and less incidents will be generated.<br><br>\nThis analytic rule uses [ASIM](https://aka.ms/AboutASIM) and supports any built-in or custom source that supports the ASIM NetworkSession schema'\n",
                        "version": "1.2.2",
                        "author": {
                          "name": "Community"
                        },
                        "support": {
                          "name": "Community",
                          "link": "https://github.com/Azure/Azure-Sentinel/issues",
                          "tier": "Community"
                        },
                        "source": {
                          "kind": "Community",
                          "name": "Standalone"
                        },
                        "threatAnalysisTactics": [
                          "Impact"
                        ],
                        "threatAnalyticsTechniques": [
                          "T1499"
                        ],
                        "contentId": "4902eddb-34f7-44a8-ac94-8486366e9494",
                        "parentId": "4902eddb-34f7-44a8-ac94-8486366e9494",
                        "kind": "AnalyticsRule",
                        "dependencies": {
                          "operator": "AND",
                          "criteria": [
                            {
                              "contentId": "AWSVPCFlow",
                              "kind": "DataType"
                            },
                            {
                              "contentId": "DeviceNetworkEvents",
                              "kind": "DataType"
                            },
                            {
                              "contentId": "SecurityEvent",
                              "kind": "DataType"
                            },
                            {
                              "contentId": "WindowsEvent",
                              "kind": "DataType"
                            },
                            {
                              "contentId": "CommonSecurityLog",
                              "kind": "DataType"
                            },
                            {
                              "contentId": "Syslog",
                              "kind": "DataType"
                            },
                            {
                              "contentId": "CommonSecurityLog",
                              "kind": "DataType"
                            },
                            {
                              "contentId": "VMConnection",
                              "kind": "DataType"
                            }
                          ]
                        }
                      }
                    }
                  ]
                }
              }
            }
          ]
        },
        "author": {
          "name": "Community"
        },
        "dependencies": {
          "operator": "AND",
          "criteria": [
            {
              "contentId": "4902eddb-34f7-44a8-ac94-8486366e9494",
              "kind": "AnalyticsRule"
            }
          ]
        },
        "description": "'This rule identifies that a single source generates an excessive amount of failed connections. Modify the threshold to change the sensitivity of the rule: the higher the threshold, the less sensitive is the rule and less incidents will be generated.<br><br>\nThis analytic rule uses [ASIM](https://aka.ms/AboutASIM) and supports any built-in or custom source that supports the ASIM NetworkSession schema'\n",
        "displayName": "Excessive number of failed connections from a single source (ASIM Network Session schema)",
        "packageId": "4902eddb-34f7-44a8-ac94-8486366e9494",
        "source": {
          "kind": "Community",
          "name": "Standalone"
        },
        "support": {
          "name": "Community",
          "link": "https://github.com/Azure/Azure-Sentinel/issues",
          "tier": "Community"
        },
        "threatAnalysisTactics": [
          "Impact"
        ],
        "threatAnalyticsTechniques": [
          "T1499"
        ],
        "version": "1.2.2"
      },
      "name": "[concat(parameters('workspace'),'/Microsoft.SecurityInsights/', '4902eddb-34f7-44a8-ac94-8486366e9494')]"
    }
  ]
}