{
  "$schema": "https://schema.management.azure.com/schemas/2019-04-01/deploymentTemplate.json#",
  "parameters": {
    "location": {
      "type": "string",
      "minLength": 1,
      "defaultValue": "[resourceGroup().location]",
      "metadata": {
        "description": "Not used, but needed to pass arm-ttk test `Location-Should-Not-Be-Hardcoded`.  We instead use the `workspace-location` which is derived from the LA workspace"
      }
    },
    "workspace-location": {
      "type": "string",
      "defaultValue": "",
      "metadata": {
        "description": "[concat('Region to deploy solution resources -- separate from location selection',parameters('location'))]"
      }
    },
    "workspace": {
      "defaultValue": "",
      "type": "string",
      "metadata": {
        "description": "Workspace name for Log Analytics where Microsoft Sentinel is setup"
      }
    }
  },
  "variables": {},
  "resources": [
    {
      "type": "Microsoft.OperationalInsights/workspaces/providers/packages",
      "location": "[parameters('workspace-location')]",
      "apiVersion": "2022-08-01",
      "properties": {
        "packageKind": "Standalone",
        "packageItems": {
          "resources": [
            {
              "type": "Microsoft.OperationalInsights/workspaces/providers/contentTemplates",
              "name": "[concat(parameters('workspace'),'/Microsoft.SecurityInsights/', '1d438d7a-be4b-4bee-a116-fac9a2a621c7')]",
              "location": "[parameters('workspace-location')]",
              "kind": "shared",
              "apiVersion": "2022-08-01",
              "properties": {
                "contentId": "1d438d7a-be4b-4bee-a116-fac9a2a621c7",
                "displayName": "office-apps-launching-wscipt",
                "contentKind": "HuntingQuery",
                "mainTemplate": {
                  "$schema": "https://schema.management.azure.com/schemas/2019-04-01/deploymentTemplate.json#",
                  "contentVersion": "1.0.0",
                  "resources": [
                    {
                      "type": "Microsoft.OperationalInsights/savedSearches",
                      "apiVersion": "2020-08-01",
                      "name": "1d438d7a-be4b-4bee-a116-fac9a2a621c7",
                      "location": "[parameters('workspace-location')]",
                      "properties": {
                        "eTag": "*",
                        "displayName": "office-apps-launching-wscipt",
                        "category": "Hunting Queries",
                        "query": "DeviceProcessEvents \n| where InitiatingProcessFileName in~('winword.exe', 'excel.exe', 'outlook.exe') \n| where FileName =~ \"wscript.exe\" and ProcessCommandLine has \".jse\" \n",
                        "version": 2,
                        "tags": [
                          {
                            "name": "description",
                            "value": "This query was originally published in the threat analytics report, Trickbot: Pervasive & underestimated.\nTrickbot is a very prevalent piece of malware with an array of malicious capabilities. Originally designed to steal banking credentials, it has since evolved into a modular trojan that can deploy other malware, disable security software, and perform command-and-control (C2) operations.\nTrickbot is frequently spread through email. An attacker will send a target a message with an attachment containing a malicious macro. If the target enables the macro, it will write a JScript Encoded (JSE) file to disk (JScript is a Microsoft dialect of ECMAScript). The JSE file will then be launched using wscript.exe to perform a variety of malicious tasks, particularly reconnaissance.\nThe following query detects when Office applications have launched wscript.exe to run a JSE file.\nSee Detect rundll.exe being used for reconnaissance and command-and-control for another query related to Trickbot activity.\nReference - https://attack.mitre.org/software/S0266/\n"
                          },
                          {
                            "name": "tactics",
                            "value": "Lateral movement,Collection,Command and control"
                          }
                        ]
                      }
                    },
                    {
                      "type": "Microsoft.OperationalInsights/workspaces/providers/metadata",
                      "apiVersion": "2021-03-01-preview",
                      "name": "[concat(parameters('workspace'),'/Microsoft.SecurityInsights/',concat('huntingQuery-', '1d438d7a-be4b-4bee-a116-fac9a2a621c7'))]",
                      "properties": {
                        "description": "This query was originally published in the threat analytics report, Trickbot: Pervasive & underestimated.\nTrickbot is a very prevalent piece of malware with an array of malicious capabilities. Originally designed to steal banking credentials, it has since evolved into a modular trojan that can deploy other malware, disable security software, and perform command-and-control (C2) operations.\nTrickbot is frequently spread through email. An attacker will send a target a message with an attachment containing a malicious macro. If the target enables the macro, it will write a JScript Encoded (JSE) file to disk (JScript is a Microsoft dialect of ECMAScript). The JSE file will then be launched using wscript.exe to perform a variety of malicious tasks, particularly reconnaissance.\nThe following query detects when Office applications have launched wscript.exe to run a JSE file.\nSee Detect rundll.exe being used for reconnaissance and command-and-control for another query related to Trickbot activity.\nReference - https://attack.mitre.org/software/S0266/\n",
                        "contentId": "1d438d7a-be4b-4bee-a116-fac9a2a621c7",
                        "version": "1.0.0",
                        "source": {
                          "kind": "Community"
                        },
                        "threatAnalysisTactics": [
                          "Lateral movement",
                          "Collection",
                          "Command and control"
                        ],
                        "parentId": "1d438d7a-be4b-4bee-a116-fac9a2a621c7",
                        "kind": "HuntingQuery",
                        "dependencies": {
                          "operator": "AND",
                          "criteria": [
                            {
                              "contentId": "DeviceProcessEvents",
                              "kind": "DataType"
                            }
                          ]
                        }
                      }
                    }
                  ]
                }
              }
            }
          ]
        },
        "contentId": "1d438d7a-be4b-4bee-a116-fac9a2a621c7",
        "dependencies": {
          "operator": "AND",
          "criteria": [
            {
              "contentId": "1d438d7a-be4b-4bee-a116-fac9a2a621c7",
              "kind": "HuntingQuery"
            }
          ]
        },
        "description": "This query was originally published in the threat analytics report, Trickbot: Pervasive & underestimated.\nTrickbot is a very prevalent piece of malware with an array of malicious capabilities. Originally designed to steal banking credentials, it has since evolved into a modular trojan that can deploy other malware, disable security software, and perform command-and-control (C2) operations.\nTrickbot is frequently spread through email. An attacker will send a target a message with an attachment containing a malicious macro. If the target enables the macro, it will write a JScript Encoded (JSE) file to disk (JScript is a Microsoft dialect of ECMAScript). The JSE file will then be launched using wscript.exe to perform a variety of malicious tasks, particularly reconnaissance.\nThe following query detects when Office applications have launched wscript.exe to run a JSE file.\nSee Detect rundll.exe being used for reconnaissance and command-and-control for another query related to Trickbot activity.\nReference - https://attack.mitre.org/software/S0266/\n",
        "displayName": "office-apps-launching-wscipt",
        "source": {
          "kind": "Community"
        },
        "threatAnalysisTactics": [
          "Lateral movement",
          "Collection",
          "Command and control"
        ],
        "version": "1.0.0"
      },
      "name": "[concat(parameters('workspace'),'/Microsoft.SecurityInsights/', '1d438d7a-be4b-4bee-a116-fac9a2a621c7')]"
    }
  ]
}