{
  "$schema": "https://schema.management.azure.com/schemas/2019-04-01/deploymentTemplate.json#",
  "parameters": {
    "location": {
      "type": "string",
      "minLength": 1,
      "defaultValue": "[resourceGroup().location]",
      "metadata": {
        "description": "Not used, but needed to pass arm-ttk test `Location-Should-Not-Be-Hardcoded`.  We instead use the `workspace-location` which is derived from the LA workspace"
      }
    },
    "workspace-location": {
      "type": "string",
      "defaultValue": "",
      "metadata": {
        "description": "[concat('Region to deploy solution resources -- separate from location selection',parameters('location'))]"
      }
    },
    "workspace": {
      "defaultValue": "",
      "type": "string",
      "metadata": {
        "description": "Workspace name for Log Analytics where Microsoft Sentinel is setup"
      }
    }
  },
  "variables": {},
  "resources": [
    {
      "type": "Microsoft.OperationalInsights/workspaces/providers/packages",
      "location": "[parameters('workspace-location')]",
      "apiVersion": "2022-08-01",
      "properties": {
        "packageKind": "Standalone",
        "packageItems": {
          "resources": [
            {
              "type": "Microsoft.OperationalInsights/workspaces/providers/contentTemplates",
              "name": "[concat(parameters('workspace'),'/Microsoft.SecurityInsights/', '1dd47f50-d42d-4e2f-9c2b-6e6c22147916')]",
              "location": "[parameters('workspace-location')]",
              "kind": "shared",
              "apiVersion": "2022-08-01",
              "properties": {
                "contentId": "1dd47f50-d42d-4e2f-9c2b-6e6c22147916",
                "displayName": "Excel file download domain pattern",
                "contentKind": "HuntingQuery",
                "mainTemplate": {
                  "$schema": "https://schema.management.azure.com/schemas/2019-04-01/deploymentTemplate.json#",
                  "contentVersion": "1.0.0",
                  "resources": [
                    {
                      "type": "Microsoft.OperationalInsights/savedSearches",
                      "apiVersion": "2020-08-01",
                      "name": "1dd47f50-d42d-4e2f-9c2b-6e6c22147916",
                      "location": "[parameters('workspace-location')]",
                      "properties": {
                        "eTag": "*",
                        "displayName": "Excel file download domain pattern",
                        "category": "Hunting Queries",
                        "query": "DeviceNetworkEvents\n| where RemoteUrl matches regex @\".{14}\\.xyz/config\\.php\"\n",
                        "version": 2,
                        "tags": [
                          {
                            "name": "description",
                            "value": "BazaCall is a campaign that manipulate users into calling a customer support center, where they are instructed to download an Excel file to unsubscribe from a phony service. When the user opens the Excel file, they are prompted to enable a malicious macro that infects their device with BazaLoader.\nThis query surfaces connections to the distinctive .xyz domains that the BazaCall campaign uses to host malicious Excel files.\n"
                          },
                          {
                            "name": "tactics",
                            "value": "Initial access"
                          }
                        ]
                      }
                    },
                    {
                      "type": "Microsoft.OperationalInsights/workspaces/providers/metadata",
                      "apiVersion": "2021-03-01-preview",
                      "name": "[concat(parameters('workspace'),'/Microsoft.SecurityInsights/',concat('huntingQuery-', '1dd47f50-d42d-4e2f-9c2b-6e6c22147916'))]",
                      "properties": {
                        "description": "BazaCall is a campaign that manipulate users into calling a customer support center, where they are instructed to download an Excel file to unsubscribe from a phony service. When the user opens the Excel file, they are prompted to enable a malicious macro that infects their device with BazaLoader.\nThis query surfaces connections to the distinctive .xyz domains that the BazaCall campaign uses to host malicious Excel files.\n",
                        "version": "1.0.0",
                        "source": {
                          "kind": "Community"
                        },
                        "threatAnalysisTactics": [
                          "Initial access"
                        ],
                        "contentId": "1dd47f50-d42d-4e2f-9c2b-6e6c22147916",
                        "parentId": "1dd47f50-d42d-4e2f-9c2b-6e6c22147916",
                        "kind": "HuntingQuery",
                        "dependencies": {
                          "operator": "AND",
                          "criteria": [
                            {
                              "contentId": "DeviceNetworkEvents",
                              "kind": "DataType"
                            }
                          ]
                        }
                      }
                    }
                  ]
                }
              }
            }
          ]
        },
        "dependencies": {
          "operator": "AND",
          "criteria": [
            {
              "contentId": "1dd47f50-d42d-4e2f-9c2b-6e6c22147916",
              "kind": "HuntingQuery"
            }
          ]
        },
        "description": "BazaCall is a campaign that manipulate users into calling a customer support center, where they are instructed to download an Excel file to unsubscribe from a phony service. When the user opens the Excel file, they are prompted to enable a malicious macro that infects their device with BazaLoader.\nThis query surfaces connections to the distinctive .xyz domains that the BazaCall campaign uses to host malicious Excel files.\n",
        "displayName": "Excel file download domain pattern",
        "packageId": "1dd47f50-d42d-4e2f-9c2b-6e6c22147916",
        "source": {
          "kind": "Community"
        },
        "threatAnalysisTactics": [
          "Initial access"
        ],
        "version": "1.0.0"
      },
      "name": "[concat(parameters('workspace'),'/Microsoft.SecurityInsights/', '1dd47f50-d42d-4e2f-9c2b-6e6c22147916')]"
    }
  ]
}