{
  "$schema": "https://schema.management.azure.com/schemas/2019-04-01/deploymentTemplate.json#",
  "contentVersion": "1.0.0.0",
  "parameters": {
    "location": {
      "type": "string",
      "minLength": 1,
      "defaultValue": "[resourceGroup().location]",
      "metadata": {
        "description": "Not used, but needed to pass arm-ttk test `Location-Should-Not-Be-Hardcoded`.  We instead use the `workspace-location` which is derived from the LA workspace"
      }
    },
    "workspace-location": {
      "type": "string",
      "defaultValue": "",
      "metadata": {
        "description": "[concat('Region to deploy solution resources -- separate from location selection',parameters('location'))]"
      }
    },
    "workspace": {
      "defaultValue": "",
      "type": "string",
      "metadata": {
        "description": "Workspace name for Log Analytics where Microsoft Sentinel is setup"
      }
    }
  },
  "variables": {},
  "resources": [
    {
      "type": "Microsoft.OperationalInsights/workspaces/providers/packages",
      "location": "[parameters('workspace-location')]",
      "apiVersion": "2022-08-01",
      "properties": {
        "packageKind": "Standalone",
        "packageItems": {
          "resources": [
            {
              "type": "Microsoft.OperationalInsights/workspaces/providers/contentTemplates",
              "name": "[concat(parameters('workspace'),'/Microsoft.SecurityInsights/', '173f8699-6af5-484a-8b06-8c47ba89b380')]",
              "location": "[parameters('workspace-location')]",
              "apiVersion": "2022-08-01",
              "properties": {
                "contentId": "173f8699-6af5-484a-8b06-8c47ba89b380",
                "displayName": "Multiple Teams deleted by a single user",
                "contentKind": "AnalyticsRule",
                "mainTemplate": {
                  "$schema": "https://schema.management.azure.com/schemas/2019-04-01/deploymentTemplate.json#",
                  "contentVersion": "1.0.1",
                  "resources": [
                    {
                      "type": "Microsoft.OperationalInsights/workspaces/providers/alertRules",
                      "apiVersion": "2022-04-01-preview",
                      "name": "173f8699-6af5-484a-8b06-8c47ba89b380",
                      "kind": "Scheduled",
                      "location": "[parameters('workspace-location')]",
                      "properties": {
                        "description": "This detection flags the occurrences of deleting multiple teams within an hour.\nThis data is a part of Office 365 Connector in Microsoft Sentinel.",
                        "displayName": "Multiple Teams deleted by a single user",
                        "enabled": false,
                        "query": "\n// Adjust this value to change how many Teams should be deleted before including\nlet max_delete_count = 3;\n// Adjust this value to change the timewindow the query runs over\n  OfficeActivity\n| where OfficeWorkload =~ \"MicrosoftTeams\" \n| where Operation =~ \"TeamDeleted\"\n| summarize StartTime = min(TimeGenerated), EndTime = max(TimeGenerated), DeletedTeams = make_set(TeamName) by UserId\n| where array_length(DeletedTeams) > max_delete_count\n| extend timestamp = StartTime, AccountCustomEntity = UserId\n",
                        "queryFrequency": "P1D",
                        "queryPeriod": "P1D",
                        "severity": "Low",
                        "suppressionDuration": "PT1H",
                        "suppressionEnabled": false,
                        "triggerOperator": "GreaterThan",
                        "triggerThreshold": 0,
                        "tactics": [
                          "Impact"
                        ],
                        "techniques": [
                          "T1485",
                          "T1489"
                        ],
                        "entityMappings": [
                          {
                            "entityType": "Account",
                            "fieldMappings": [
                              {
                                "columnName": "AccountCustomEntity",
                                "identifier": "FullName"
                              }
                            ]
                          }
                        ]
                      }
                    },
                    {
                      "type": "Microsoft.OperationalInsights/workspaces/providers/metadata",
                      "apiVersion": "2021-03-01-preview",
                      "properties": {
                        "description": "'This detection flags the occurrences of deleting multiple teams within an hour.\nThis data is a part of Office 365 Connector in Microsoft Sentinel.'\n",
                        "version": "1.0.1",
                        "author": {
                          "name": "Community"
                        },
                        "support": {
                          "name": "Community",
                          "link": "https://github.com/Azure/Azure-Sentinel/issues",
                          "tier": "Community"
                        },
                        "source": {
                          "kind": "Community",
                          "name": "Standalone"
                        },
                        "threatAnalysisTactics": [
                          "Impact"
                        ],
                        "threatAnalyticsTechniques": [
                          "T1485",
                          "T1489"
                        ],
                        "contentId": "173f8699-6af5-484a-8b06-8c47ba89b380",
                        "parentId": "173f8699-6af5-484a-8b06-8c47ba89b380",
                        "kind": "AnalyticsRule",
                        "dependencies": {
                          "operator": "AND",
                          "criteria": [
                            {
                              "contentId": "OfficeActivity (Teams)",
                              "kind": "DataType"
                            }
                          ]
                        }
                      }
                    }
                  ]
                }
              }
            }
          ]
        },
        "author": {
          "name": "Community"
        },
        "dependencies": {
          "operator": "AND",
          "criteria": [
            {
              "contentId": "173f8699-6af5-484a-8b06-8c47ba89b380",
              "kind": "AnalyticsRule"
            }
          ]
        },
        "description": "'This detection flags the occurrences of deleting multiple teams within an hour.\nThis data is a part of Office 365 Connector in Microsoft Sentinel.'\n",
        "displayName": "Multiple Teams deleted by a single user",
        "packageId": "173f8699-6af5-484a-8b06-8c47ba89b380",
        "source": {
          "kind": "Community",
          "name": "Standalone"
        },
        "support": {
          "name": "Community",
          "link": "https://github.com/Azure/Azure-Sentinel/issues",
          "tier": "Community"
        },
        "threatAnalysisTactics": [
          "Impact"
        ],
        "threatAnalyticsTechniques": [
          "T1485",
          "T1489"
        ],
        "version": "1.0.1"
      },
      "name": "[concat(parameters('workspace'),'/Microsoft.SecurityInsights/', '173f8699-6af5-484a-8b06-8c47ba89b380')]"
    }
  ]
}