{
  "$schema": "https://schema.management.azure.com/schemas/2019-04-01/deploymentTemplate.json#",
  "parameters": {
    "location": {
      "type": "string",
      "minLength": 1,
      "defaultValue": "[resourceGroup().location]",
      "metadata": {
        "description": "Not used, but needed to pass arm-ttk test `Location-Should-Not-Be-Hardcoded`.  We instead use the `workspace-location` which is derived from the LA workspace"
      }
    },
    "workspace-location": {
      "type": "string",
      "defaultValue": "",
      "metadata": {
        "description": "[concat('Region to deploy solution resources -- separate from location selection',parameters('location'))]"
      }
    },
    "workspace": {
      "defaultValue": "",
      "type": "string",
      "metadata": {
        "description": "Workspace name for Log Analytics where Microsoft Sentinel is setup"
      }
    }
  },
  "variables": {},
  "resources": [
    {
      "type": "Microsoft.OperationalInsights/workspaces/providers/packages",
      "location": "[parameters('workspace-location')]",
      "apiVersion": "2022-08-01",
      "properties": {
        "packageKind": "Standalone",
        "packageItems": {
          "resources": [
            {
              "type": "Microsoft.OperationalInsights/workspaces/providers/contentTemplates",
              "name": "[concat(parameters('workspace'),'/Microsoft.SecurityInsights/', 'dcdf9bfc-c239-4764-a9f9-3612e6dff49c')]",
              "location": "[parameters('workspace-location')]",
              "apiVersion": "2022-08-01",
              "properties": {
                "contentId": "dcdf9bfc-c239-4764-a9f9-3612e6dff49c",
                "displayName": "ADFS Database Named Pipe Connection",
                "contentKind": "AnalyticsRule",
                "mainTemplate": {
                  "$schema": "https://schema.management.azure.com/schemas/2019-04-01/deploymentTemplate.json#",
                  "contentVersion": "1.0.1",
                  "resources": [
                    {
                      "type": "Microsoft.OperationalInsights/workspaces/providers/alertRules",
                      "apiVersion": "2022-04-01-preview",
                      "name": "[concat(parameters('workspace'),'/Microsoft.SecurityInsights/', '' )]",
                      "kind": "Scheduled",
                      "location": "[parameters('workspace-location')]",
                      "properties": {
                        "description": "This detection uses Sysmon telemetry to detect suspicious local connections via a named pipe to the AD FS configuration database (Windows Internal Database).\nIn order to use this query you need to be collecting Sysmon EventIdD 18 (Pipe Connected).\nIf you do not have Sysmon data in your workspace this query will raise an error stating:\nFailed to resolve scalar expression named \"[@Name]\"",
                        "displayName": "ADFS Database Named Pipe Connection",
                        "enabled": false,
                        "query": "// Adjust this to use a longer timeframe to identify ADFS servers\n//let lookback = 6d;\n// Adjust this to adjust the key export detection  timeframe\n//let timeframe = 1d;\n// Start be identifying ADFS servers to reduce FP chance\nlet ADFS_Servers = (\nEvent\n//| where TimeGenerated > ago(timeframe+lookback)\n| where Source == \"Microsoft-Windows-Sysmon\"\n| where EventID == 18\n| extend EventData = parse_xml(EventData).DataItem.EventData.Data\n| mv-expand bagexpansion=array EventData\n| evaluate bag_unpack(EventData)\n| extend Key = tostring(column_ifexists('@Name', \"\")), Value = column_ifexists('#text', \"\")\n| evaluate pivot(Key, any(Value), TimeGenerated, Source, EventLog, Computer, EventLevel, EventLevelName, EventID, UserName, MG, ManagementGroupName, _ResourceId)\n| extend Image = column_ifexists(\"Image\", \"\")\n| extend process = split(Image, '\\\\', -1)[-1]\n| where process =~ \"Microsoft.IdentityServer.ServiceHost.exe\"\n| summarize by Computer);\n// Look for ADFS servers where Named Pipes event are present\nEvent\n//| where TimeGenerated > ago(timeframe)\n| where Source == \"Microsoft-Windows-Sysmon\"\n| where EventID == 18\n| where Computer in~ (ADFS_Servers)\n| extend RenderedDescription = tostring(split(RenderedDescription, \":\")[0])\n| extend EventData = parse_xml(EventData).DataItem.EventData.Data\n| mv-expand bagexpansion=array EventData\n| evaluate bag_unpack(EventData)\n| extend Key = tostring(column_ifexists('@Name', \"\")), Value = column_ifexists('#text', \"\")\n| evaluate pivot(Key, any(Value), TimeGenerated, Source, EventLog, Computer, EventLevel, EventLevelName, EventID, UserName, RenderedDescription, MG, ManagementGroupName, Type, _ResourceId)\n| extend RuleName = column_ifexists(\"RuleName\", \"\"),\n    TechniqueId = column_ifexists(\"TechniqueId\", \"\"),\n    TechniqueName = column_ifexists(\"TechniqueName\", \"\"),\n    Image = column_ifexists(\"Image\", \"\"),\n    PipeName = column_ifexists(\"PipeName\", \"\"),\n    EventType = column_ifexists(\"EventType\", \"\")\n| parse RuleName with * 'technique_id=' TechniqueId ',' * 'technique_name=' TechniqueName\n// Look for Pipe related to querying the WID\n| where PipeName == \"\\\\MICROSOFT##WID\\\\tsql\\\\query\"\n| extend process = split(Image, '\\\\', -1)[-1]\n// Exclude expected processes\n| where process !in (\"Microsoft.IdentityServer.ServiceHost.exe\", \"Microsoft.Identity.Health.Adfs.PshSurrogate.exe\", \"AzureADConnect.exe\", \"Microsoft.Tri.Sensor.exe\", \"wsmprovhost.exe\",\"mmc.exe\", \"sqlservr.exe\")\n| extend Operation = RenderedDescription\n| project-reorder TimeGenerated, EventType, Operation, process, Image, Computer, UserName\n| extend HostCustomEntity = Computer, AccountCustomEntity = UserName\n",
                        "queryFrequency": "P1D",
                        "queryPeriod": "P1D",
                        "severity": "Medium",
                        "suppressionDuration": "PT1H",
                        "suppressionEnabled": false,
                        "triggerOperator": "GreaterThan",
                        "triggerThreshold": 0,
                        "tactics": [
                          "Collection"
                        ],
                        "entityMappings": [
                          {
                            "entityType": "Account",
                            "fieldMappings": [
                              {
                                "columnName": "AccountCustomEntity",
                                "identifier": "FullName"
                              }
                            ]
                          },
                          {
                            "entityType": "Host",
                            "fieldMappings": [
                              {
                                "columnName": "HostCustomEntity",
                                "identifier": "FullName"
                              }
                            ]
                          }
                        ]
                      }
                    },
                    {
                      "type": "Microsoft.OperationalInsights/workspaces/providers/metadata",
                      "apiVersion": "2021-03-01-preview",
                      "name": "[concat(parameters('workspace'),'/Microsoft.SecurityInsights/', '')]",
                      "properties": {
                        "description": "'This detection uses Sysmon telemetry to detect suspicious local connections via a named pipe to the AD FS configuration database (Windows Internal Database).\nIn order to use this query you need to be collecting Sysmon EventIdD 18 (Pipe Connected).\nIf you do not have Sysmon data in your workspace this query will raise an error stating:\nFailed to resolve scalar expression named \"[@Name]\"'\n",
                        "contentId": "dcdf9bfc-c239-4764-a9f9-3612e6dff49c",
                        "version": "1.0.1",
                        "source": {
                          "kind": "Community"
                        },
                        "threatAnalysisTactics": [
                          "Collection"
                        ],
                        "threatAnalyticsTechniques": [
                          "T1005"
                        ],
                        "parentId": "dcdf9bfc-c239-4764-a9f9-3612e6dff49c",
                        "kind": "AnalyticsRule",
                        "dependencies": {
                          "operator": "AND",
                          "criteria": [
                            {
                              "contentId": "SecurityEvent",
                              "kind": "DataType"
                            },
                            {
                              "contentId": "SecurityEvent",
                              "kind": "DataType"
                            }
                          ]
                        }
                      }
                    }
                  ]
                }
              }
            }
          ]
        },
        "contentId": "dcdf9bfc-c239-4764-a9f9-3612e6dff49c",
        "dependencies": {
          "operator": "AND",
          "criteria": [
            {
              "contentId": "dcdf9bfc-c239-4764-a9f9-3612e6dff49c",
              "kind": "AnalyticsRule"
            }
          ]
        },
        "description": "'This detection uses Sysmon telemetry to detect suspicious local connections via a named pipe to the AD FS configuration database (Windows Internal Database).\nIn order to use this query you need to be collecting Sysmon EventIdD 18 (Pipe Connected).\nIf you do not have Sysmon data in your workspace this query will raise an error stating:\nFailed to resolve scalar expression named \"[@Name]\"'\n",
        "displayName": "ADFS Database Named Pipe Connection",
        "source": {
          "kind": "Community"
        },
        "threatAnalysisTactics": [
          "Collection"
        ],
        "threatAnalyticsTechniques": [
          "T1005"
        ],
        "version": "1.0.1"
      },
      "name": "[concat(parameters('workspace'),'/Microsoft.SecurityInsights/', 'dcdf9bfc-c239-4764-a9f9-3612e6dff49c')]"
    }
  ]
}