{
  "$schema": "https://schema.management.azure.com/schemas/2019-04-01/deploymentTemplate.json#",
  "parameters": {
    "location": {
      "type": "string",
      "minLength": 1,
      "defaultValue": "[resourceGroup().location]",
      "metadata": {
        "description": "Not used, but needed to pass arm-ttk test `Location-Should-Not-Be-Hardcoded`.  We instead use the `workspace-location` which is derived from the LA workspace"
      }
    },
    "workspace-location": {
      "type": "string",
      "defaultValue": "",
      "metadata": {
        "description": "[concat('Region to deploy solution resources -- separate from location selection',parameters('location'))]"
      }
    },
    "workspace": {
      "defaultValue": "",
      "type": "string",
      "metadata": {
        "description": "Workspace name for Log Analytics where Microsoft Sentinel is setup"
      }
    }
  },
  "variables": {},
  "resources": [
    {
      "type": "Microsoft.OperationalInsights/workspaces/providers/packages",
      "location": "[parameters('workspace-location')]",
      "apiVersion": "2022-08-01",
      "properties": {
        "packageKind": "Standalone",
        "packageItems": {
          "resources": [
            {
              "type": "Microsoft.OperationalInsights/workspaces/providers/contentTemplates",
              "name": "[concat(parameters('workspace'),'/Microsoft.SecurityInsights/', '24ae555c-5e33-4b5d-827a-44206e39f6b4')]",
              "location": "[parameters('workspace-location')]",
              "kind": "shared",
              "apiVersion": "2022-08-01",
              "properties": {
                "contentId": "24ae555c-5e33-4b5d-827a-44206e39f6b4",
                "displayName": "Potential Impacket Execution",
                "contentKind": "HuntingQuery",
                "mainTemplate": {
                  "$schema": "https://schema.management.azure.com/schemas/2019-04-01/deploymentTemplate.json#",
                  "contentVersion": "1.0.0",
                  "resources": [
                    {
                      "type": "Microsoft.OperationalInsights/savedSearches",
                      "apiVersion": "2020-08-01",
                      "name": "24ae555c-5e33-4b5d-827a-44206e39f6b4",
                      "location": "[parameters('workspace-location')]",
                      "properties": {
                        "eTag": "*",
                        "displayName": "Potential Impacket Execution",
                        "category": "Hunting Queries",
                        "query": "(union isfuzzy=true\n(SecurityEvent\n| where EventID == '5145'\n| where RelativeTargetName has 'SYSTEM32' and RelativeTargetName endswith @\".tmp\"\n| where ShareName has \"\\\\\\\\*\\\\ADMIN$\"\n),\n(WindowsEvent\n| where EventID == '5145' \n| extend RelativeTargetName= tostring(EventData.RelativeTargetName)\n| extend ShareName= tostring(EventData.ShareName)\n| where RelativeTargetName has 'SYSTEM32' and RelativeTargetName endswith @\".tmp\"\n| where ShareName has \"\\\\\\\\*\\\\ADMIN$\"\n| extend Account =  strcat(tostring(EventData.SubjectDomainName),\"\\\\\", tostring(EventData.SubjectUserName))\n)\n)\n| extend timestamp = TimeGenerated, AccountCustomEntity = Account, HostCustomEntity = Computer\n",
                        "version": 2,
                        "tags": [
                          {
                            "name": "description",
                            "value": "'This hunting query identifies execution of Impacket tool. Impacket is a popular tool used by attackers for remote service execution, Kerberos manipulation and Windows credential dumping.\n Refrence: https://twitter.com/SBousseaden/status/1286750095296335883'\n"
                          },
                          {
                            "name": "techniques",
                            "value": ""
                          },
                          {
                            "name": "tactics",
                            "value": "CredentialAccess"
                          }
                        ]
                      }
                    },
                    {
                      "type": "Microsoft.OperationalInsights/workspaces/providers/metadata",
                      "apiVersion": "2021-03-01-preview",
                      "name": "[concat(parameters('workspace'),'/Microsoft.SecurityInsights/',concat('huntingQuery-', '24ae555c-5e33-4b5d-827a-44206e39f6b4'))]",
                      "properties": {
                        "description": "'This hunting query identifies execution of Impacket tool. Impacket is a popular tool used by attackers for remote service execution, Kerberos manipulation and Windows credential dumping.\n Refrence: https://twitter.com/SBousseaden/status/1286750095296335883'\n",
                        "contentId": "24ae555c-5e33-4b5d-827a-44206e39f6b4",
                        "version": "1.0.0",
                        "source": {
                          "kind": "Community"
                        },
                        "threatAnalysisTactics": [
                          "CredentialAccess"
                        ],
                        "threatAnalyticsTechniques": [
                          "T1003"
                        ],
                        "parentId": "24ae555c-5e33-4b5d-827a-44206e39f6b4",
                        "kind": "HuntingQuery",
                        "dependencies": {
                          "operator": "AND",
                          "criteria": [
                            {
                              "contentId": "SecurityEvent",
                              "kind": "DataType"
                            },
                            {
                              "contentId": "SecurityEvent",
                              "kind": "DataType"
                            }
                          ]
                        }
                      }
                    }
                  ]
                }
              }
            }
          ]
        },
        "contentId": "24ae555c-5e33-4b5d-827a-44206e39f6b4",
        "dependencies": {
          "operator": "AND",
          "criteria": [
            {
              "contentId": "24ae555c-5e33-4b5d-827a-44206e39f6b4",
              "kind": "HuntingQuery"
            }
          ]
        },
        "description": "'This hunting query identifies execution of Impacket tool. Impacket is a popular tool used by attackers for remote service execution, Kerberos manipulation and Windows credential dumping.\n Refrence: https://twitter.com/SBousseaden/status/1286750095296335883'\n",
        "displayName": "Potential Impacket Execution",
        "source": {
          "kind": "Community"
        },
        "threatAnalysisTactics": [
          "CredentialAccess"
        ],
        "threatAnalyticsTechniques": [
          "T1003"
        ],
        "version": "1.0.0"
      },
      "name": "[concat(parameters('workspace'),'/Microsoft.SecurityInsights/', '24ae555c-5e33-4b5d-827a-44206e39f6b4')]"
    }
  ]
}