{
  "$schema": "https://schema.management.azure.com/schemas/2019-04-01/deploymentTemplate.json#",
  "parameters": {
    "location": {
      "type": "string",
      "minLength": 1,
      "defaultValue": "[resourceGroup().location]",
      "metadata": {
        "description": "Not used, but needed to pass arm-ttk test `Location-Should-Not-Be-Hardcoded`.  We instead use the `workspace-location` which is derived from the LA workspace"
      }
    },
    "workspace-location": {
      "type": "string",
      "defaultValue": "",
      "metadata": {
        "description": "[concat('Region to deploy solution resources -- separate from location selection',parameters('location'))]"
      }
    },
    "workspace": {
      "defaultValue": "",
      "type": "string",
      "metadata": {
        "description": "Workspace name for Log Analytics where Microsoft Sentinel is setup"
      }
    }
  },
  "variables": {},
  "resources": [
    {
      "type": "Microsoft.OperationalInsights/workspaces/providers/packages",
      "location": "[parameters('workspace-location')]",
      "apiVersion": "2022-08-01",
      "properties": {
        "packageKind": "Standalone",
        "packageItems": {
          "resources": [
            {
              "type": "Microsoft.OperationalInsights/workspaces/providers/contentTemplates",
              "name": "[concat(parameters('workspace'),'/Microsoft.SecurityInsights/', '0ff22697-dc58-4623-b844-a767629840cd')]",
              "location": "[parameters('workspace-location')]",
              "kind": "shared",
              "apiVersion": "2022-08-01",
              "properties": {
                "contentId": "0ff22697-dc58-4623-b844-a767629840cd",
                "displayName": "Rare Process Path",
                "contentKind": "HuntingQuery",
                "mainTemplate": {
                  "$schema": "https://schema.management.azure.com/schemas/2019-04-01/deploymentTemplate.json#",
                  "contentVersion": "1.0.0",
                  "resources": [
                    {
                      "type": "Microsoft.OperationalInsights/savedSearches",
                      "apiVersion": "2020-08-01",
                      "name": "0ff22697-dc58-4623-b844-a767629840cd",
                      "location": "[parameters('workspace-location')]",
                      "properties": {
                        "eTag": "*",
                        "displayName": "Rare Process Path",
                        "category": "Hunting Queries",
                        "query": "\nlet starttime = todatetime('{{StartTimeISO}}');\nlet endtime = todatetime('{{EndTimeISO}}');\nlet lookback = totimespan((endtime-starttime)*7);\nlet processEvents=\nSecurityEvent\n| where TimeGenerated between(ago(lookback)..endtime)\n| where EventID==4688\n// excluding well known processes\n| where NewProcessName !endswith ':\\\\Windows\\\\System32\\\\conhost.exe' and ParentProcessName !endswith ':\\\\Windows\\\\System32\\\\conhost.exe'\n| where ParentProcessName !endswith \":\\\\Windows\\\\System32\\\\wuauclt.exe\" and NewProcessName !startswith \"C:\\\\Windows\\\\SoftwareDistribution\\\\Download\\\\Install\\\\AM_Delta_Patch_\"\n| where NewProcessName !has \":\\\\Windows\\\\WinSxS\\\\amd64_microsoft-windows-servicingstack_\" and ParentProcessName !has \":\\\\Windows\\\\WinSxS\\\\amd64_microsoft-windows-servicingstack_\"\n| where NewProcessName !endswith \":\\\\WindowsAzure\\\\SecAgent\\\\WaSecAgentProv.exe\"\n| where ParentProcessName !has \":\\\\WindowsAzure\\\\GuestAgent_\" and NewProcessName !has \":\\\\WindowsAzure\\\\GuestAgent_\"\n| where ParentProcessName !has \":\\\\WindowsAzure\\\\WindowsAzureNetAgent_\" and NewProcessName !has \":\\\\WindowsAzure\\\\WindowsAzureNetAgent_\"\n| where ParentProcessName !has \":\\\\ProgramData\\\\Microsoft\\\\Windows Defender\\\\platform\\\\\" and ParentProcessName !endswith \"\\\\MpCmdRun.exe\"\n| where NewProcessName !has \":\\\\ProgramData\\\\Microsoft\\\\Windows Defender\\\\platform\\\\\" and NewProcessName !endswith \"\\\\MpCmdRun.exe\"\n| where NewProcessName !has ':\\\\Program Files\\\\Microsoft Monitoring Agent\\\\Agent\\\\'\n// filter out common randomly named paths and files\n| where not(NewProcessName matches regex @\"\\\\TRA[0-9A-Fa-f]{3}\\.tmp\")\n| where not(NewProcessName matches regex @\"\\\\TRA[0-9A-Fa-f]{4}\\.tmp\")\n| where not(NewProcessName matches regex @\"Installer\\\\MSI[0-9A-Fa-f]{3}\\.tmp\")\n| where not(NewProcessName matches regex @\"Installer\\\\MSI[0-9A-Fa-f]{4}\\.tmp\")\n| where not(NewProcessName matches regex @\"\\\\Windows\\\\Temp\\\\[0-9A-Za-z-]*\\\\DismHost\\.exe\")\n| where not(NewProcessName matches regex @\"\\\\Users\\\\[0-9A-Za-z-_~\\.]*\\\\AppData\\\\Local\\\\Temp\\\\[0-9A-Za-z-]*\\\\DismHost\\.exe\")\n| where not(NewProcessName matches regex @\"\\\\Windows\\\\Temp\\\\[0-9A-Za-z-]*\\\\MpSigStub\\.exe\")\n| where not(NewProcessName matches regex @\"\\\\[0-9A-Za-z]*\\\\amd64\\\\setup\\.exe\") and (ParentProcessName !has \":\\\\Windows\\\\SoftwareDistribution\\\\Download\\\\Install\\\\\"\nor ParentProcessName !has \"\\\\AppData\\\\Local\\\\Temp\\\\mpam-\")\n| where not(NewProcessName matches regex @\"\\\\Windows\\\\Microsoft.NET\\\\(Framework|Framework64)\\\\v[0-9].[0-9].[0-9]*\\\\(csc\\.exe|cvtres\\.exe|mscorsvw\\.exe|ngentask\\.exe|ngen\\.exe)\")\n| where not(NewProcessName matches regex @\"\\\\WindowsAzure\\\\GuestAgent_[0-9].[0-9].[0-9]*.[0-9]*_[0-9]*-[0-9]*-[0-9]*_[0-9]*\\\\\")\nand not(ParentProcessName matches regex @\"\\\\WindowsAzure\\\\GuestAgent_[0-9].[0-9].[0-9]*.[0-9]*_[0-9]*-[0-9]*-[0-9]*_[0-9]*\\\\\")\n| where not(NewProcessName matches regex @\"\\\\[0-9A-Za-z]*\\\\epplauncher.exe\")\n| where not(NewProcessName matches regex @\"\\\\Packages\\\\Plugins\\\\Microsoft\\.\")\n| extend path_parts = parse_path(NewProcessName)\n| extend ProcessPath = tostring(path_parts.DirectoryPath)\n;\nlet normalizedProcessPath = processEvents\n| extend NormalizedProcessPath = ProcessPath\n// normalize guids\n| project TimeGenerated, Computer, Account, Process, ProcessPath,\nNormalizedProcessPath = replace(\"[0-9A-Fa-f]{8}[-][0-9A-Fa-f]{4}[-][0-9A-Fa-f]{4}[-][0-9A-Fa-f]{4}[-][0-9A-Fa-f]{12}\", \"<guid>\", NormalizedProcessPath)\n// normalize digits away\n| project TimeGenerated, Computer, Account, Process, ProcessPath, NormalizedProcessPath = replace(@'\\d', '#', NormalizedProcessPath)\n;\nlet freqs = normalizedProcessPath\n| summarize makelist(Computer), makelist(Account), makelist(ProcessPath), frequency=count() by NormalizedProcessPath, Process\n| join kind= leftouter (\nnormalizedProcessPath\n| summarize StartTimeUtc=min(TimeGenerated), EndTimeUtc=max(TimeGenerated) by NormalizedProcessPath, Process\n) on NormalizedProcessPath, Process;\nfreqs\n| where frequency <= toscalar( freqs | serialize | project frequency | summarize percentiles(frequency, 5))\n| order by frequency asc\n| mvexpand Computer = list_Computer, Account = list_Account, ProcessPath = list_ProcessPath\n| project StartTimeUtc, EndTimeUtc, frequency, Process, NormalizedProcessPath, tostring(ProcessPath), tostring(Computer), tostring(Account)\n",
                        "version": 2,
                        "tags": [
                          {
                            "name": "description",
                            "value": "'Identifies when a process is running from a rare path. This could indicate malicious or unexpected activity as attacks\noften try to use common process names running from non-standard locations'\n"
                          },
                          {
                            "name": "tactics",
                            "value": "Execution"
                          }
                        ]
                      }
                    },
                    {
                      "type": "Microsoft.OperationalInsights/workspaces/providers/metadata",
                      "apiVersion": "2021-03-01-preview",
                      "name": "[concat(parameters('workspace'),'/Microsoft.SecurityInsights/',concat('huntingQuery-', '0ff22697-dc58-4623-b844-a767629840cd'))]",
                      "properties": {
                        "description": "'Identifies when a process is running from a rare path. This could indicate malicious or unexpected activity as attacks\noften try to use common process names running from non-standard locations'\n",
                        "contentId": "0ff22697-dc58-4623-b844-a767629840cd",
                        "version": "1.0.0",
                        "source": {
                          "kind": "Community"
                        },
                        "threatAnalysisTactics": [
                          "Execution"
                        ],
                        "parentId": "0ff22697-dc58-4623-b844-a767629840cd",
                        "kind": "HuntingQuery",
                        "dependencies": {
                          "operator": "AND",
                          "criteria": [
                            {
                              "contentId": "SecurityEvent",
                              "kind": "DataType"
                            }
                          ]
                        }
                      }
                    }
                  ]
                }
              }
            }
          ]
        },
        "contentId": "0ff22697-dc58-4623-b844-a767629840cd",
        "dependencies": {
          "operator": "AND",
          "criteria": [
            {
              "contentId": "0ff22697-dc58-4623-b844-a767629840cd",
              "kind": "HuntingQuery"
            }
          ]
        },
        "description": "'Identifies when a process is running from a rare path. This could indicate malicious or unexpected activity as attacks\noften try to use common process names running from non-standard locations'\n",
        "displayName": "Rare Process Path",
        "source": {
          "kind": "Community"
        },
        "threatAnalysisTactics": [
          "Execution"
        ],
        "version": "1.0.0"
      },
      "name": "[concat(parameters('workspace'),'/Microsoft.SecurityInsights/', '0ff22697-dc58-4623-b844-a767629840cd')]"
    }
  ]
}