{
  "$schema": "https://schema.management.azure.com/schemas/2019-04-01/deploymentTemplate.json#",
  "parameters": {
    "location": {
      "type": "string",
      "minLength": 1,
      "defaultValue": "[resourceGroup().location]",
      "metadata": {
        "description": "Not used, but needed to pass arm-ttk test `Location-Should-Not-Be-Hardcoded`.  We instead use the `workspace-location` which is derived from the LA workspace"
      }
    },
    "workspace-location": {
      "type": "string",
      "defaultValue": "",
      "metadata": {
        "description": "[concat('Region to deploy solution resources -- separate from location selection',parameters('location'))]"
      }
    },
    "workspace": {
      "defaultValue": "",
      "type": "string",
      "metadata": {
        "description": "Workspace name for Log Analytics where Microsoft Sentinel is setup"
      }
    }
  },
  "variables": {},
  "resources": [
    {
      "type": "Microsoft.OperationalInsights/workspaces/providers/packages",
      "location": "[parameters('workspace-location')]",
      "apiVersion": "2022-08-01",
      "properties": {
        "packageKind": "Standalone",
        "packageItems": {
          "resources": [
            {
              "type": "Microsoft.OperationalInsights/workspaces/providers/contentTemplates",
              "name": "[concat(parameters('workspace'),'/Microsoft.SecurityInsights/', '2380670e-e168-4a99-9529-6c4d127b3ce6')]",
              "location": "[parameters('workspace-location')]",
              "kind": "shared",
              "apiVersion": "2022-08-01",
              "properties": {
                "contentId": "2380670e-e168-4a99-9529-6c4d127b3ce6",
                "displayName": "Azure DevOps- Guest users access enabled",
                "contentKind": "HuntingQuery",
                "mainTemplate": {
                  "$schema": "https://schema.management.azure.com/schemas/2019-04-01/deploymentTemplate.json#",
                  "contentVersion": "1.0.0",
                  "resources": [
                    {
                      "type": "Microsoft.OperationalInsights/savedSearches",
                      "apiVersion": "2020-08-01",
                      "name": "2380670e-e168-4a99-9529-6c4d127b3ce6",
                      "location": "[parameters('workspace-location')]",
                      "properties": {
                        "eTag": "*",
                        "displayName": "Azure DevOps- Guest users access enabled",
                        "category": "Hunting Queries",
                        "query": "AzureDevOpsAuditing\n| where OperationName ==\"OrganizationPolicy.PolicyValueUpdated\"\n| where Data.PolicyName == \"Policy.DisallowAadGuestUserAccess\"\n| where Data.PolicyValue == \"OFF\"\n| extend timestamp = TimeGenerated, AccountCustomEntity = ActorUPN, IPCustomEntity = IpAddress\n",
                        "version": 2,
                        "tags": [
                          {
                            "name": "description",
                            "value": "'This hunting query identifies Azure DevOps activities where organization Guest Access policy is enabled by the admin'\n"
                          },
                          {
                            "name": "techniques",
                            "value": ""
                          },
                          {
                            "name": "tactics",
                            "value": "Persistence,DefenseEvasion"
                          }
                        ]
                      }
                    },
                    {
                      "type": "Microsoft.OperationalInsights/workspaces/providers/metadata",
                      "apiVersion": "2021-03-01-preview",
                      "name": "[concat(parameters('workspace'),'/Microsoft.SecurityInsights/',concat('huntingQuery-', '2380670e-e168-4a99-9529-6c4d127b3ce6'))]",
                      "properties": {
                        "description": "'This hunting query identifies Azure DevOps activities where organization Guest Access policy is enabled by the admin'\n",
                        "version": "1.0.0",
                        "source": {
                          "kind": "Community"
                        },
                        "threatAnalysisTactics": [
                          "Persistence",
                          "DefenseEvasion"
                        ],
                        "threatAnalyticsTechniques": [
                          "T1098",
                          "T1562"
                        ],
                        "contentId": "2380670e-e168-4a99-9529-6c4d127b3ce6",
                        "parentId": "2380670e-e168-4a99-9529-6c4d127b3ce6",
                        "kind": "HuntingQuery",
                        "dependencies": {
                          "operator": "AND",
                          "criteria": [
                            {
                              "contentId": "AzureDevOpsAuditing",
                              "kind": "DataType"
                            }
                          ]
                        }
                      }
                    }
                  ]
                }
              }
            }
          ]
        },
        "dependencies": {
          "operator": "AND",
          "criteria": [
            {
              "contentId": "2380670e-e168-4a99-9529-6c4d127b3ce6",
              "kind": "HuntingQuery"
            }
          ]
        },
        "description": "'This hunting query identifies Azure DevOps activities where organization Guest Access policy is enabled by the admin'\n",
        "displayName": "Azure DevOps- Guest users access enabled",
        "packageId": "2380670e-e168-4a99-9529-6c4d127b3ce6",
        "source": {
          "kind": "Community"
        },
        "threatAnalysisTactics": [
          "Persistence",
          "DefenseEvasion"
        ],
        "threatAnalyticsTechniques": [
          "T1098",
          "T1562"
        ],
        "version": "1.0.0"
      },
      "name": "[concat(parameters('workspace'),'/Microsoft.SecurityInsights/', '2380670e-e168-4a99-9529-6c4d127b3ce6')]"
    }
  ]
}