{
  "$schema": "https://schema.management.azure.com/schemas/2019-04-01/deploymentTemplate.json#",
  "contentVersion": "1.0.0",
  "parameters": {
    "location": {
      "type": "string",
      "minLength": 1,
      "defaultValue": "[resourceGroup().location]",
      "metadata": {
        "description": "Not used, but needed to pass arm-ttk test `Location-Should-Not-Be-Hardcoded`.  We instead use the `workspace-location` which is derived from the LA workspace"
      }
    },
    "workspace": {
      "defaultValue": "",
      "type": "string",
      "metadata": {
        "description": "Workspace name for Log Analytics where Microsoft Sentinel is setup"
      }
    }
  },
  "resources": [
    {
      "type": "Microsoft.OperationalInsights/workspaces/providers/contentTemplates",
      "name": "[concat(parameters('workspace'),'/Microsoft.SecurityInsights/',concat(concat(parameters('workspace'),'-dc-',uniquestring('ProofpointTAPNativePoller')),'1.0.0'))]",
      "location": "[parameters('workspace-location')]",
      "apiVersion": "2022-08-01",
      "dependsOn": [
        "[extensionResourceId(resourceId('Microsoft.OperationalInsights/workspaces', parameters('workspace')), 'Microsoft.SecurityInsights/contentPackages', 'azuresentinel.azure-sentinel-proofpoint')]"
      ],
      "properties": {
        "contentId": "ProofpointTAPNativePoller",
        "displayName": "Proofpoint TAP",
        "contentKind": "DataConnector",
        "mainTemplate": {
          "resources": [
            {
              "name": "[concat(parameters('workspace'),'/Microsoft.SecurityInsights/','ProofpointTAPNativePoller')]",
              "apiVersion": "2021-03-01-preview",
              "type": "Microsoft.OperationalInsights/workspaces/providers/dataConnectors",
              "location": "[parameters('workspace-location')]",
              "kind": "APIPolling",
              "properties": {
                "connectorUiConfig": {
                  "id": "ProofpointTAPNativePoller",
                  "title": "Proofpoint TAP",
                  "publisher": "Proofpoint",
                  "descriptionMarkdown": "The Proofpoint TAP data connector provides the capability to ingest [Proofpoint TAP events](https://help.proofpoint.com/Threat_Insight_Dashboard/API_Documentation/SIEM_API) into Microsoft Sentinel.",
                  "graphQueriesTableName": "ProofpointTAPNativePoller_CL",
                  "graphQueries": [
                    {
                      "metricName": "Total data received",
                      "legend": "Proofpoint TAP events",
                      "baseQuery": "{{graphQueriesTableName}}"
                    }
                  ],
                  "sampleQueries": [
                    {
                      "description": "All Proofpoint TAP events",
                      "query": "{{graphQueriesTableName}}\n| sort by TimeGenerated desc"
                    }
                  ],
                  "dataTypes": [
                    {
                      "name": "{{graphQueriesTableName}}",
                      "lastDataReceivedQuery": "{{graphQueriesTableName}}\n            | summarize Time = max(TimeGenerated)\n            | where isnotempty(Time)"
                    }
                  ],
                  "connectivityCriteria": [
                    {
                      "type": "SentinelKindsV2",
                      "value": []
                    }
                  ],
                  "availability": {
                    "status": 1,
                    "isPreview": false
                  },
                  "permissions": {
                    "resourceProvider": [
                      {
                        "provider": "Microsoft.OperationalInsights/workspaces",
                        "permissionsDisplayText": "read and write permissions are required.",
                        "providerDisplayName": "Workspace",
                        "scope": "Workspace",
                        "requiredPermissions": {
                          "write": true,
                          "read": true,
                          "delete": true
                        }
                      },
                      {
                        "provider": "Microsoft.OperationalInsights/workspaces/sharedKeys",
                        "permissionsDisplayText": "read permissions to shared keys for the workspace are required. [See the documentation to learn more about workspace keys](https://docs.microsoft.com/azure/azure-monitor/platform/agent-windows#obtain-workspace-id-and-key)",
                        "providerDisplayName": "Keys",
                        "scope": "Workspace",
                        "requiredPermissions": {
                          "action": true
                        }
                      }
                    ],
                    "customs": [
                      {
                        "name": "Proofpoint TAP API credentials",
                        "description": "Proofpoint TAP API username and password are required. [See the documentation to learn more about Proofpoint SIEM API](https://help.proofpoint.com/Threat_Insight_Dashboard/API_Documentation/SIEM_API)."
                      }
                    ]
                  },
                  "instructionSteps": [
                    {
                      "description": "Enable Proofpoint TAP Logs.",
                      "instructions": [
                        {
                          "parameters": {
                            "enable": "true"
                          },
                          "type": "BasicAuth"
                        }
                      ],
                      "title": "Connect Proofpoint TAP to Microsoft Sentinel"
                    }
                  ]
                },
                "pollingConfig": {
                  "auth": {
                    "authType": "Basic"
                  },
                  "request": {
                    "apiEndpoint": "https://tap-api-v2.proofpoint.com/v2/siem/all",
                    "httpMethod": "Get",
                    "queryTimeIntervalAttributeName": "interval",
                    "queryTimeIntervalDelimiter": "/",
                    "queryTimeFormat": "yyyy-MM-ddTHH:mm:ssZ",
                    "queryWindowInMin": 5,
                    "queryParameters": {
                      "format": "json"
                    }
                  },
                  "paging": {
                    "pagingType": "None"
                  },
                  "response": {
                    "eventsJsonPaths": [
                      "$..messagesDelivered",
                      "$..messagesBlocked",
                      "$..clicksPermitted",
                      "$..clicksBlocked"
                    ]
                  }
                }
              }
            },
            {
              "type": "Microsoft.OperationalInsights/workspaces/providers/metadata",
              "apiVersion": "2022-01-01-preview",
              "name": "[concat(parameters('workspace'),'/Microsoft.SecurityInsights/',concat('DataConnector-', last(split(extensionResourceId(resourceId('Microsoft.OperationalInsights/workspaces', parameters('workspace')), 'Microsoft.SecurityInsights/dataConnectors', 'ProofpointTAPNativePoller'),'/'))))]",
              "properties": {
                "parentId": "[extensionResourceId(resourceId('Microsoft.OperationalInsights/workspaces', parameters('workspace')), 'Microsoft.SecurityInsights/dataConnectors', 'ProofpointTAPNativePoller')]",
                "contentId": "ProofpointTAPNativePoller",
                "kind": "DataConnector",
                "version": "1.0.0",
                "source": {
                  "kind": "Solution",
                  "name": "ProofPointTap",
                  "sourceId": "azuresentinel.azure-sentinel-proofpoint"
                },
                "author": {
                  "name": "Microsoft",
                  "email": "support@microsoft.com"
                },
                "support": {
                  "tier": "Microsoft",
                  "name": "Microsoft Corporation",
                  "email": "support@microsoft.com",
                  "link": "https://support.microsoft.com/"
                }
              }
            }
          ]
        },
        "packageKind": "Solution",
        "packageVersion": "2.0.0",
        "packageName": "Proofpoint TAP Solution",
        "packageId": "azuresentinel.azure-sentinel-proofpoint",
        "contentSchemaVersion": "2.0.0"
      }
    }
  ]
}