{
  "$schema": "https://schema.management.azure.com/schemas/2019-04-01/deploymentTemplate.json#",
  "parameters": {
    "location": {
      "type": "string",
      "minLength": 1,
      "defaultValue": "[resourceGroup().location]",
      "metadata": {
        "description": "Not used, but needed to pass arm-ttk test `Location-Should-Not-Be-Hardcoded`.  We instead use the `workspace-location` which is derived from the LA workspace"
      }
    },
    "workspace-location": {
      "type": "string",
      "defaultValue": "",
      "metadata": {
        "description": "[concat('Region to deploy solution resources -- separate from location selection',parameters('location'))]"
      }
    },
    "workspace": {
      "defaultValue": "",
      "type": "string",
      "metadata": {
        "description": "Workspace name for Log Analytics where Microsoft Sentinel is setup"
      }
    }
  },
  "variables": {},
  "resources": [
    {
      "type": "Microsoft.OperationalInsights/workspaces/providers/packages",
      "location": "[parameters('workspace-location')]",
      "apiVersion": "2022-08-01",
      "properties": {
        "packageKind": "Standalone",
        "packageItems": {
          "resources": [
            {
              "type": "Microsoft.OperationalInsights/workspaces/providers/contentTemplates",
              "name": "[concat(parameters('workspace'),'/Microsoft.SecurityInsights/', '11d808a1-32fe-4618-946a-cfd43523347a')]",
              "location": "[parameters('workspace-location')]",
              "kind": "shared",
              "apiVersion": "2022-08-01",
              "properties": {
                "contentId": "11d808a1-32fe-4618-946a-cfd43523347a",
                "displayName": "Alerts related to File",
                "contentKind": "HuntingQuery",
                "mainTemplate": {
                  "$schema": "https://schema.management.azure.com/schemas/2019-04-01/deploymentTemplate.json#",
                  "contentVersion": "1.0.0",
                  "resources": [
                    {
                      "type": "Microsoft.OperationalInsights/savedSearches",
                      "apiVersion": "2020-08-01",
                      "name": "11d808a1-32fe-4618-946a-cfd43523347a",
                      "location": "[parameters('workspace-location')]",
                      "properties": {
                        "eTag": "*",
                        "displayName": "Alerts related to File",
                        "category": "Hunting Queries",
                        "query": "\nlet GetAllAlertsWithFile = (suspiciousEventTime:datetime, v_File:string){\nlet v_StartTime = suspiciousEventTime-1d;\nlet v_EndTime = suspiciousEventTime+1d;\nSecurityAlert\n| where TimeGenerated between (v_StartTime .. v_EndTime)\n| where ExtendedProperties has v_File\n| extend Computer = iff(isnotempty(toupper(tostring(Extprop[\"Compromised Host\"]))), toupper(tostring(Extprop[\"Compromised Host\"])), tostring(parse_json(Entities)[0].HostName))\n| extend Account = iff(isnotempty(tolower(tostring(Extprop[\"User Name\"]))), tolower(tostring(Extprop[\"User Name\"])), tolower(tostring(Extprop[\"user name\"])))\n| extend IpAddress = tostring(parse_json(ExtendedProperties).[\"Client Address\"]) \n| extend timestamp = TimeGenerated, AccountCustomEntity = Account, HostCustomEntity = Computer, IPCustomEntity = IpAddress\n};\n// change datetime value and <filename> value below\nGetAllAlertsWithFile(datetime('2019-01-18T10:36:07Z'), \"<filename>\")\n",
                        "version": 2,
                        "tags": [
                          {
                            "name": "description",
                            "value": "'Any Alerts that fired related to a given File during the range of +6h and -3d'\n"
                          },
                          {
                            "name": "tactics",
                            "value": "Persistence,Discovery,LateralMovement,Collection"
                          }
                        ]
                      }
                    },
                    {
                      "type": "Microsoft.OperationalInsights/workspaces/providers/metadata",
                      "apiVersion": "2021-03-01-preview",
                      "name": "[concat(parameters('workspace'),'/Microsoft.SecurityInsights/',concat('huntingQuery-', '11d808a1-32fe-4618-946a-cfd43523347a'))]",
                      "properties": {
                        "description": "'Any Alerts that fired related to a given File during the range of +6h and -3d'\n",
                        "contentId": "11d808a1-32fe-4618-946a-cfd43523347a",
                        "version": "1.0.0",
                        "source": {
                          "kind": "Community"
                        },
                        "threatAnalysisTactics": [
                          "Persistence",
                          "Discovery",
                          "LateralMovement",
                          "Collection"
                        ],
                        "parentId": "11d808a1-32fe-4618-946a-cfd43523347a",
                        "kind": "HuntingQuery",
                        "dependencies": {
                          "operator": "AND",
                          "criteria": [
                            {
                              "contentId": "SecurityAlert",
                              "kind": "DataType"
                            },
                            {
                              "contentId": "SecurityAlert",
                              "kind": "DataType"
                            }
                          ]
                        }
                      }
                    }
                  ]
                }
              }
            }
          ]
        },
        "contentId": "11d808a1-32fe-4618-946a-cfd43523347a",
        "dependencies": {
          "operator": "AND",
          "criteria": [
            {
              "contentId": "11d808a1-32fe-4618-946a-cfd43523347a",
              "kind": "HuntingQuery"
            }
          ]
        },
        "description": "'Any Alerts that fired related to a given File during the range of +6h and -3d'\n",
        "displayName": "Alerts related to File",
        "source": {
          "kind": "Community"
        },
        "threatAnalysisTactics": [
          "Persistence",
          "Discovery",
          "LateralMovement",
          "Collection"
        ],
        "version": "1.0.0"
      },
      "name": "[concat(parameters('workspace'),'/Microsoft.SecurityInsights/', '11d808a1-32fe-4618-946a-cfd43523347a')]"
    }
  ]
}