{
  "$schema": "https://schema.management.azure.com/schemas/2019-04-01/deploymentTemplate.json#",
  "contentVersion": "1.0.0.0",
  "parameters": {
    "location": {
      "type": "string",
      "minLength": 1,
      "defaultValue": "[resourceGroup().location]",
      "metadata": {
        "description": "Not used, but needed to pass arm-ttk test `Location-Should-Not-Be-Hardcoded`.  We instead use the `workspace-location` which is derived from the LA workspace"
      }
    },
    "workspace-location": {
      "type": "string",
      "defaultValue": "",
      "metadata": {
        "description": "[concat('Region to deploy solution resources -- separate from location selection',parameters('location'))]"
      }
    },
    "workspace": {
      "defaultValue": "",
      "type": "string",
      "metadata": {
        "description": "Workspace name for Log Analytics where Microsoft Sentinel is setup"
      }
    }
  },
  "variables": {},
  "resources": [
    {
      "type": "Microsoft.OperationalInsights/workspaces/providers/packages",
      "location": "[parameters('workspace-location')]",
      "apiVersion": "2022-08-01",
      "properties": {
        "packageKind": "Standalone",
        "packageItems": {
          "resources": [
            {
              "type": "Microsoft.OperationalInsights/workspaces/providers/contentTemplates",
              "name": "[concat(parameters('workspace'),'/Microsoft.SecurityInsights/', '86a036b2-3686-42eb-b417-909fc0867771')]",
              "location": "[parameters('workspace-location')]",
              "apiVersion": "2022-08-01",
              "properties": {
                "contentId": "86a036b2-3686-42eb-b417-909fc0867771",
                "displayName": "Azure Active Directory Hybrid Health AD FS Service Delete",
                "contentKind": "AnalyticsRule",
                "mainTemplate": {
                  "$schema": "https://schema.management.azure.com/schemas/2019-04-01/deploymentTemplate.json#",
                  "contentVersion": "1.0.0",
                  "resources": [
                    {
                      "type": "Microsoft.OperationalInsights/workspaces/providers/alertRules",
                      "apiVersion": "2022-04-01-preview",
                      "name": "86a036b2-3686-42eb-b417-909fc0867771",
                      "kind": "Scheduled",
                      "location": "[parameters('workspace-location')]",
                      "properties": {
                        "description": "This detection uses AzureActivity logs (Administrative category) to identify the deletion of an Azure AD Hybrid health AD FS service instance in a tenant.\nA threat actor can create a new AD Health ADFS service and create a fake server to spoof AD FS signing logs.\nThe health AD FS service can then be deleted after it is not longer needed via HTTP requests to Azure.\nMore information in this blog https://o365blog.com/post/hybridhealthagent/",
                        "displayName": "Azure Active Directory Hybrid Health AD FS Service Delete",
                        "enabled": false,
                        "query": "AzureActivity\n| where CategoryValue == 'Administrative'\n| where ResourceProviderValue =~ 'Microsoft.ADHybridHealthService'\n| where _ResourceId contains 'AdFederationService'\n| where OperationNameValue =~ 'Microsoft.ADHybridHealthService/services/delete'\n| extend claimsJson = parse_json(Claims)\n| extend AppId = tostring(claimsJson.appid)\n| extend AccountName = tostring(claimsJson.name)\n| project-away claimsJson\n| extend timestamp = TimeGenerated, AccountCustomEntity = Caller, IPCustomEntity = CallerIpAddress\n",
                        "queryFrequency": "P1D",
                        "queryPeriod": "P1D",
                        "severity": "Medium",
                        "suppressionDuration": "PT1H",
                        "suppressionEnabled": false,
                        "triggerOperator": "GreaterThan",
                        "triggerThreshold": 0,
                        "tactics": [
                          "DefenseEvasion"
                        ],
                        "techniques": [
                          "T1578.003"
                        ],
                        "entityMappings": [
                          {
                            "entityType": "Account",
                            "fieldMappings": [
                              {
                                "columnName": "AccountCustomEntity",
                                "identifier": "FullName"
                              }
                            ]
                          },
                          {
                            "entityType": "IP",
                            "fieldMappings": [
                              {
                                "columnName": "IPCustomEntity",
                                "identifier": "Address"
                              }
                            ]
                          }
                        ]
                      }
                    },
                    {
                      "type": "Microsoft.OperationalInsights/workspaces/providers/metadata",
                      "apiVersion": "2021-03-01-preview",
                      "properties": {
                        "description": "'This detection uses AzureActivity logs (Administrative category) to identify the deletion of an Azure AD Hybrid health AD FS service instance in a tenant.\nA threat actor can create a new AD Health ADFS service and create a fake server to spoof AD FS signing logs.\nThe health AD FS service can then be deleted after it is not longer needed via HTTP requests to Azure.\nMore information in this blog https://o365blog.com/post/hybridhealthagent/'\n",
                        "version": "1.0.0",
                        "author": {
                          "name": "Community"
                        },
                        "support": {
                          "name": "Community",
                          "link": "https://github.com/Azure/Azure-Sentinel/issues",
                          "tier": "Community"
                        },
                        "source": {
                          "kind": "Community",
                          "name": "Standalone"
                        },
                        "threatAnalysisTactics": [
                          "DefenseEvasion"
                        ],
                        "threatAnalyticsTechniques": [
                          "T1578.003"
                        ],
                        "contentId": "86a036b2-3686-42eb-b417-909fc0867771",
                        "parentId": "86a036b2-3686-42eb-b417-909fc0867771",
                        "kind": "AnalyticsRule",
                        "dependencies": {
                          "operator": "AND",
                          "criteria": [
                            {
                              "contentId": "AzureActivity",
                              "kind": "DataType"
                            }
                          ]
                        }
                      }
                    }
                  ]
                }
              }
            }
          ]
        },
        "author": {
          "name": "Community"
        },
        "dependencies": {
          "operator": "AND",
          "criteria": [
            {
              "contentId": "86a036b2-3686-42eb-b417-909fc0867771",
              "kind": "AnalyticsRule"
            }
          ]
        },
        "description": "'This detection uses AzureActivity logs (Administrative category) to identify the deletion of an Azure AD Hybrid health AD FS service instance in a tenant.\nA threat actor can create a new AD Health ADFS service and create a fake server to spoof AD FS signing logs.\nThe health AD FS service can then be deleted after it is not longer needed via HTTP requests to Azure.\nMore information in this blog https://o365blog.com/post/hybridhealthagent/'\n",
        "displayName": "Azure Active Directory Hybrid Health AD FS Service Delete",
        "packageId": "86a036b2-3686-42eb-b417-909fc0867771",
        "source": {
          "kind": "Community",
          "name": "Standalone"
        },
        "support": {
          "name": "Community",
          "link": "https://github.com/Azure/Azure-Sentinel/issues",
          "tier": "Community"
        },
        "threatAnalysisTactics": [
          "DefenseEvasion"
        ],
        "threatAnalyticsTechniques": [
          "T1578.003"
        ],
        "version": "1.0.0"
      },
      "name": "[concat(parameters('workspace'),'/Microsoft.SecurityInsights/', '86a036b2-3686-42eb-b417-909fc0867771')]"
    }
  ]
}