{
  "$schema": "https://schema.management.azure.com/schemas/2019-04-01/deploymentTemplate.json#",
  "parameters": {
    "location": {
      "type": "string",
      "minLength": 1,
      "defaultValue": "[resourceGroup().location]",
      "metadata": {
        "description": "Not used, but needed to pass arm-ttk test `Location-Should-Not-Be-Hardcoded`.  We instead use the `workspace-location` which is derived from the LA workspace"
      }
    },
    "workspace-location": {
      "type": "string",
      "defaultValue": "",
      "metadata": {
        "description": "[concat('Region to deploy solution resources -- separate from location selection',parameters('location'))]"
      }
    },
    "workspace": {
      "defaultValue": "",
      "type": "string",
      "metadata": {
        "description": "Workspace name for Log Analytics where Microsoft Sentinel is setup"
      }
    }
  },
  "variables": {},
  "resources": [
    {
      "type": "Microsoft.OperationalInsights/workspaces/providers/packages",
      "location": "[parameters('workspace-location')]",
      "apiVersion": "2022-08-01",
      "properties": {
        "packageKind": "Standalone",
        "packageItems": {
          "resources": [
            {
              "type": "Microsoft.OperationalInsights/workspaces/providers/contentTemplates",
              "name": "[concat(parameters('workspace'),'/Microsoft.SecurityInsights/', '2211b57b-7d13-435d-89a9-40f333249605')]",
              "location": "[parameters('workspace-location')]",
              "kind": "shared",
              "apiVersion": "2022-08-01",
              "properties": {
                "contentId": "2211b57b-7d13-435d-89a9-40f333249605",
                "displayName": "localAdminAccountLogon",
                "contentKind": "HuntingQuery",
                "mainTemplate": {
                  "$schema": "https://schema.management.azure.com/schemas/2019-04-01/deploymentTemplate.json#",
                  "contentVersion": "1.0.0",
                  "resources": [
                    {
                      "type": "Microsoft.OperationalInsights/savedSearches",
                      "apiVersion": "2020-08-01",
                      "name": "2211b57b-7d13-435d-89a9-40f333249605",
                      "location": "[parameters('workspace-location')]",
                      "properties": {
                        "eTag": "*",
                        "displayName": "localAdminAccountLogon",
                        "category": "Hunting Queries",
                        "query": "DeviceLogonEvents\n| where IsLocalAdmin == 1\n and AccountDomain == DeviceName\n",
                        "version": 2,
                        "tags": [
                          {
                            "name": "description",
                            "value": "This query looks for local admin account used to logon into the computer.\nThis can help to detect malicious insiders that were able to add a local account to the local admin group offline.\n"
                          }
                        ]
                      }
                    },
                    {
                      "type": "Microsoft.OperationalInsights/workspaces/providers/metadata",
                      "apiVersion": "2021-03-01-preview",
                      "name": "[concat(parameters('workspace'),'/Microsoft.SecurityInsights/',concat('huntingQuery-', '2211b57b-7d13-435d-89a9-40f333249605'))]",
                      "properties": {
                        "description": "This query looks for local admin account used to logon into the computer.\nThis can help to detect malicious insiders that were able to add a local account to the local admin group offline.\n",
                        "version": "1.0.0",
                        "source": {
                          "kind": "Community"
                        },
                        "contentId": "2211b57b-7d13-435d-89a9-40f333249605",
                        "parentId": "2211b57b-7d13-435d-89a9-40f333249605",
                        "kind": "HuntingQuery",
                        "dependencies": {
                          "operator": "AND",
                          "criteria": [
                            {
                              "contentId": "DeviceLogonEvents",
                              "kind": "DataType"
                            }
                          ]
                        }
                      }
                    }
                  ]
                }
              }
            }
          ]
        },
        "dependencies": {
          "operator": "AND",
          "criteria": [
            {
              "contentId": "2211b57b-7d13-435d-89a9-40f333249605",
              "kind": "HuntingQuery"
            }
          ]
        },
        "description": "This query looks for local admin account used to logon into the computer.\nThis can help to detect malicious insiders that were able to add a local account to the local admin group offline.\n",
        "displayName": "localAdminAccountLogon",
        "packageId": "2211b57b-7d13-435d-89a9-40f333249605",
        "source": {
          "kind": "Community"
        },
        "version": "1.0.0"
      },
      "name": "[concat(parameters('workspace'),'/Microsoft.SecurityInsights/', '2211b57b-7d13-435d-89a9-40f333249605')]"
    }
  ]
}