{
  "$schema": "https://schema.management.azure.com/schemas/2019-04-01/deploymentTemplate.json#",
  "contentVersion": "1.0.0.0",
  "parameters": {
    "location": {
      "type": "string",
      "minLength": 1,
      "defaultValue": "[resourceGroup().location]",
      "metadata": {
        "description": "Not used, but needed to pass arm-ttk test `Location-Should-Not-Be-Hardcoded`.  We instead use the `workspace-location` which is derived from the LA workspace"
      }
    },
    "workspace-location": {
      "type": "string",
      "defaultValue": "",
      "metadata": {
        "description": "[concat('Region to deploy solution resources -- separate from location selection',parameters('location'))]"
      }
    },
    "workspace": {
      "defaultValue": "",
      "type": "string",
      "metadata": {
        "description": "Workspace name for Log Analytics where Microsoft Sentinel is setup"
      }
    }
  },
  "variables": {},
  "resources": [
    {
      "type": "Microsoft.OperationalInsights/workspaces/providers/packages",
      "location": "[parameters('workspace-location')]",
      "apiVersion": "2022-08-01",
      "properties": {
        "packageKind": "Standalone",
        "packageItems": {
          "resources": [
            {
              "type": "Microsoft.OperationalInsights/workspaces/providers/contentTemplates",
              "name": "[concat(parameters('workspace'),'/Microsoft.SecurityInsights/', '1ce5e766-26ab-4616-b7c8-3b33ae321e80')]",
              "location": "[parameters('workspace-location')]",
              "apiVersion": "2022-08-01",
              "properties": {
                "contentId": "1ce5e766-26ab-4616-b7c8-3b33ae321e80",
                "displayName": "Failed host logons but success logon to AzureAD",
                "contentKind": "AnalyticsRule",
                "mainTemplate": {
                  "$schema": "https://schema.management.azure.com/schemas/2019-04-01/deploymentTemplate.json#",
                  "contentVersion": "1.1.3",
                  "resources": [
                    {
                      "type": "Microsoft.OperationalInsights/workspaces/providers/alertRules",
                      "apiVersion": "2022-04-01-preview",
                      "name": "1ce5e766-26ab-4616-b7c8-3b33ae321e80",
                      "kind": "Scheduled",
                      "location": "[parameters('workspace-location')]",
                      "properties": {
                        "description": "Identifies a list of IP addresses with a minimum number(default of 5) of failed logon attempts to remote hosts.\nUses that list to identify any successful logons to Azure Active Directory from these IPs within the same timeframe.",
                        "displayName": "Failed host logons but success logon to AzureAD",
                        "enabled": false,
                        "query": "//Adjust this threshold to fit environment\nlet signin_threshold = 5; \n//Make a list of IPs with failed Windows host logins above threshold\nlet win_fails = \nSecurityEvent\n| where EventID == 4625\n| where LogonType in (10, 7, 3)\n| where IpAddress != \"-\"\n| summarize count() by IpAddress\n| where count_ > signin_threshold\n| summarize make_list(IpAddress);\nlet wef_fails =\nWindowsEvent\n| where EventID == 4625\n| extend LogonType = tostring(EventData.LogonType)\n| where LogonType in (10, 7, 3)\n| extend IpAddress = tostring(EventData.IpAddress)\n| where IpAddress != \"-\"\n| summarize count() by IpAddress\n| where count_ > signin_threshold\n| summarize make_list(IpAddress);\n//Make a list of IPs with failed *nix host logins above threshold\nlet nix_fails = \nSyslog\n| where Facility contains 'auth' and ProcessName != 'sudo' and SyslogMessage has 'from' and not(SyslogMessage has_any ('Disconnecting', 'Disconnected', 'Accepted', 'disconnect', @'[preauth]'))\n| extend SourceIP = extract(\"(([0-9]{1,3})\\\\.([0-9]{1,3})\\\\.([0-9]{1,3})\\\\.(([0-9]{1,3})))\",1,SyslogMessage)\n| where SourceIP != \"\" and SourceIP != \"127.0.0.1\"\n| summarize count() by SourceIP\n| where count_ > signin_threshold\n| summarize make_list(SourceIP);\n//See if any of the IPs with failed host logins hve had a sucessful Azure AD login\nlet aadFunc = (tableName:string){\ntable(tableName)\n| where ResultType in (\"0\", \"50125\", \"50140\")\n| where IPAddress in (win_fails) or IPAddress in (nix_fails) or IPAddress in (wef_fails)\n| extend Reason=  \"Multiple failed host logins from IP address with successful Azure AD login\"\n| extend timestamp = TimeGenerated, AccountCustomEntity = UserPrincipalName, IPCustomEntity = IPAddress, Type = Type\n};\nlet aadSignin = aadFunc(\"SigninLogs\");\nlet aadNonInt = aadFunc(\"AADNonInteractiveUserSignInLogs\");\nunion isfuzzy=true aadSignin, aadNonInt\n",
                        "queryFrequency": "P1D",
                        "queryPeriod": "P1D",
                        "severity": "Medium",
                        "status": "Available",
                        "suppressionDuration": "PT1H",
                        "suppressionEnabled": false,
                        "triggerOperator": "GreaterThan",
                        "triggerThreshold": 0,
                        "tactics": [
                          "InitialAccess",
                          "CredentialAccess"
                        ],
                        "techniques": [
                          "T1078",
                          "T1110"
                        ],
                        "entityMappings": [
                          {
                            "entityType": "Account",
                            "fieldMappings": [
                              {
                                "columnName": "AccountCustomEntity",
                                "identifier": "FullName"
                              }
                            ]
                          },
                          {
                            "entityType": "IP",
                            "fieldMappings": [
                              {
                                "columnName": "IPCustomEntity",
                                "identifier": "Address"
                              }
                            ]
                          }
                        ],
                        "requiredDataConnectors": [
                          {
                            "connectorId": "AzureActiveDirectory",
                            "dataTypes": [
                              "SigninLogs"
                            ]
                          },
                          {
                            "connectorId": "AzureActiveDirectory",
                            "dataTypes": [
                              "AADNonInteractiveUserSignInLogs"
                            ]
                          },
                          {
                            "connectorId": "SecurityEvents",
                            "dataTypes": [
                              "SecurityEvent"
                            ]
                          },
                          {
                            "connectorId": "Syslog",
                            "dataTypes": [
                              "Syslog"
                            ]
                          },
                          {
                            "connectorId": "WindowsForwardedEvents",
                            "dataTypes": [
                              "WindowsEvent"
                            ]
                          },
                          {
                            "connectorId": "WindowsSecurityEvents",
                            "dataTypes": [
                              "SecurityEvents"
                            ]
                          }
                        ]
                      }
                    },
                    {
                      "type": "Microsoft.OperationalInsights/workspaces/providers/metadata",
                      "apiVersion": "2021-03-01-preview",
                      "properties": {
                        "description": "Identifies a list of IP addresses with a minimum number(default of 5) of failed logon attempts to remote hosts.\nUses that list to identify any successful logons to Azure Active Directory from these IPs within the same timeframe.",
                        "version": "1.1.3",
                        "author": {
                          "name": "Pete Bryan"
                        },
                        "support": {
                          "tier": "Community",
                          "name": "Community",
                          "link": "https://github.com/Azure/Azure-Sentinel/issues"
                        },
                        "source": {
                          "kind": "Community",
                          "name": "Standalone"
                        },
                        "threatAnalysisTactics": [
                          "InitialAccess",
                          "CredentialAccess"
                        ],
                        "threatAnalyticsTechniques": [
                          "T1078",
                          "T1110"
                        ],
                        "contentId": "1ce5e766-26ab-4616-b7c8-3b33ae321e80",
                        "parentId": "1ce5e766-26ab-4616-b7c8-3b33ae321e80",
                        "kind": "AnalyticsRule",
                        "dependencies": {
                          "operator": "AND",
                          "criteria": [
                            {
                              "contentId": "SigninLogs",
                              "kind": "DataType"
                            },
                            {
                              "contentId": "AADNonInteractiveUserSignInLogs",
                              "kind": "DataType"
                            },
                            {
                              "contentId": "SecurityEvent",
                              "kind": "DataType"
                            },
                            {
                              "contentId": "Syslog",
                              "kind": "DataType"
                            },
                            {
                              "contentId": "SecurityEvents",
                              "kind": "DataType"
                            },
                            {
                              "contentId": "WindowsEvent",
                              "kind": "DataType"
                            }
                          ]
                        }
                      }
                    }
                  ]
                }
              }
            }
          ]
        },
        "author": {
          "name": "Pete Bryan"
        },
        "categories": {
          "domains": [
            "Security - Others",
            "Identity"
          ]
        },
        "dependencies": {
          "operator": "AND",
          "criteria": [
            {
              "contentId": "1ce5e766-26ab-4616-b7c8-3b33ae321e80",
              "kind": "AnalyticsRule"
            }
          ]
        },
        "description": "Identifies a list of IP addresses with a minimum number(default of 5) of failed logon attempts to remote hosts.\nUses that list to identify any successful logons to Azure Active Directory from these IPs within the same timeframe.",
        "displayName": "Failed host logons but success logon to AzureAD",
        "packageId": "1ce5e766-26ab-4616-b7c8-3b33ae321e80",
        "source": {
          "kind": "Community",
          "name": "Standalone"
        },
        "support": {
          "tier": "Community",
          "name": "Community",
          "link": "https://github.com/Azure/Azure-Sentinel/issues"
        },
        "threatAnalysisTactics": [
          "InitialAccess",
          "CredentialAccess"
        ],
        "threatAnalyticsTechniques": [
          "T1078",
          "T1110"
        ],
        "version": "1.1.3"
      },
      "name": "[concat(parameters('workspace'),'/Microsoft.SecurityInsights/', '1ce5e766-26ab-4616-b7c8-3b33ae321e80')]"
    }
  ]
}