{
  "$schema": "https://schema.management.azure.com/schemas/2019-04-01/deploymentTemplate.json#",
  "parameters": {
    "location": {
      "type": "string",
      "minLength": 1,
      "defaultValue": "[resourceGroup().location]",
      "metadata": {
        "description": "Not used, but needed to pass arm-ttk test `Location-Should-Not-Be-Hardcoded`.  We instead use the `workspace-location` which is derived from the LA workspace"
      }
    },
    "workspace-location": {
      "type": "string",
      "defaultValue": "",
      "metadata": {
        "description": "[concat('Region to deploy solution resources -- separate from location selection',parameters('location'))]"
      }
    },
    "workspace": {
      "defaultValue": "",
      "type": "string",
      "metadata": {
        "description": "Workspace name for Log Analytics where Microsoft Sentinel is setup"
      }
    }
  },
  "variables": {},
  "resources": [
    {
      "type": "Microsoft.OperationalInsights/workspaces/providers/packages",
      "location": "[parameters('workspace-location')]",
      "apiVersion": "2022-08-01",
      "properties": {
        "packageKind": "Standalone",
        "packageItems": {
          "resources": [
            {
              "type": "Microsoft.OperationalInsights/workspaces/providers/contentTemplates",
              "name": "[concat(parameters('workspace'),'/Microsoft.SecurityInsights/', '158b565b-411b-4dec-81de-2d2bcaf0c34c')]",
              "location": "[parameters('workspace-location')]",
              "kind": "shared",
              "apiVersion": "2022-08-01",
              "properties": {
                "contentId": "158b565b-411b-4dec-81de-2d2bcaf0c34c",
                "displayName": "Risky Sign-in with ElevateAccess",
                "contentKind": "HuntingQuery",
                "mainTemplate": {
                  "$schema": "https://schema.management.azure.com/schemas/2019-04-01/deploymentTemplate.json#",
                  "contentVersion": "1.0.0",
                  "resources": [
                    {
                      "type": "Microsoft.OperationalInsights/savedSearches",
                      "apiVersion": "2020-08-01",
                      "name": "158b565b-411b-4dec-81de-2d2bcaf0c34c",
                      "location": "[parameters('workspace-location')]",
                      "properties": {
                        "eTag": "*",
                        "displayName": "Risky Sign-in with ElevateAccess",
                        "category": "Hunting Queries",
                        "query": "let riskySignInLookback = 3d;\nlet elevatedUsers =\n( CloudAppEvents\n| where Timestamp > ago(1d)\n| where ApplicationId == 12260 // filter Azure Resource Manager events \n| where ActionType has \"elevateAccess\"\n| project  elevatedOperationTimestamp = Timestamp, AccountObjectId);\nlet hasElevatedUsers = isnotempty(toscalar(elevatedUsers));\nAADSignInEventsBeta\n| where hasElevatedUsers\n| where Timestamp > ago(riskySignInLookback)\n| where ErrorCode == 0\n| where RiskLevelDuringSignIn in (50, 100) //10 - low, 50 - medium, 100 - high)\n| join elevatedUsers on AccountObjectId\n| where elevatedOperationTimestamp > Timestamp\n| project LoginTime = Timestamp, elevatedOperationTimestamp, AccountObjectId, AccountDisplayName, riskScore = RiskLevelDuringSignIn\n",
                        "version": 2,
                        "tags": [
                          {
                            "name": "description",
                            "value": "Looks for users who had a risky sign in (based on AAD Identity Protection risk score) and then performed and ElevateAccess action. ElevateAccess operations can be used by Global Admins to obtain permissions over Azure resources. \n"
                          },
                          {
                            "name": "tactics",
                            "value": "PrivilegeEscalation"
                          }
                        ]
                      }
                    },
                    {
                      "type": "Microsoft.OperationalInsights/workspaces/providers/metadata",
                      "apiVersion": "2021-03-01-preview",
                      "name": "[concat(parameters('workspace'),'/Microsoft.SecurityInsights/',concat('huntingQuery-', '158b565b-411b-4dec-81de-2d2bcaf0c34c'))]",
                      "properties": {
                        "description": "Looks for users who had a risky sign in (based on AAD Identity Protection risk score) and then performed and ElevateAccess action. ElevateAccess operations can be used by Global Admins to obtain permissions over Azure resources. \n",
                        "contentId": "158b565b-411b-4dec-81de-2d2bcaf0c34c",
                        "version": "1.0.0",
                        "source": {
                          "kind": "Community"
                        },
                        "threatAnalysisTactics": [
                          "PrivilegeEscalation"
                        ],
                        "parentId": "158b565b-411b-4dec-81de-2d2bcaf0c34c",
                        "kind": "HuntingQuery",
                        "dependencies": {
                          "operator": "AND",
                          "criteria": [
                            {
                              "contentId": "CloudAppEvents",
                              "kind": "DataType"
                            },
                            {
                              "contentId": "AADSignInEventsBeta",
                              "kind": "DataType"
                            }
                          ]
                        }
                      }
                    }
                  ]
                }
              }
            }
          ]
        },
        "contentId": "158b565b-411b-4dec-81de-2d2bcaf0c34c",
        "dependencies": {
          "operator": "AND",
          "criteria": [
            {
              "contentId": "158b565b-411b-4dec-81de-2d2bcaf0c34c",
              "kind": "HuntingQuery"
            }
          ]
        },
        "description": "Looks for users who had a risky sign in (based on AAD Identity Protection risk score) and then performed and ElevateAccess action. ElevateAccess operations can be used by Global Admins to obtain permissions over Azure resources. \n",
        "displayName": "Risky Sign-in with ElevateAccess",
        "source": {
          "kind": "Community"
        },
        "threatAnalysisTactics": [
          "PrivilegeEscalation"
        ],
        "version": "1.0.0"
      },
      "name": "[concat(parameters('workspace'),'/Microsoft.SecurityInsights/', '158b565b-411b-4dec-81de-2d2bcaf0c34c')]"
    }
  ]
}