{
  "$schema": "https://schema.management.azure.com/schemas/2019-04-01/deploymentTemplate.json#",
  "parameters": {
    "location": {
      "type": "string",
      "minLength": 1,
      "defaultValue": "[resourceGroup().location]",
      "metadata": {
        "description": "Not used, but needed to pass arm-ttk test `Location-Should-Not-Be-Hardcoded`.  We instead use the `workspace-location` which is derived from the LA workspace"
      }
    },
    "workspace-location": {
      "type": "string",
      "defaultValue": "",
      "metadata": {
        "description": "[concat('Region to deploy solution resources -- separate from location selection',parameters('location'))]"
      }
    },
    "workspace": {
      "defaultValue": "",
      "type": "string",
      "metadata": {
        "description": "Workspace name for Log Analytics where Microsoft Sentinel is setup"
      }
    }
  },
  "variables": {},
  "resources": [
    {
      "type": "Microsoft.OperationalInsights/workspaces/providers/packages",
      "location": "[parameters('workspace-location')]",
      "apiVersion": "2022-08-01",
      "properties": {
        "packageKind": "Standalone",
        "packageItems": {
          "resources": [
            {
              "type": "Microsoft.OperationalInsights/workspaces/providers/contentTemplates",
              "name": "[concat(parameters('workspace'),'/Microsoft.SecurityInsights/', '0da142a4-b3ad-4bb6-b01d-03b572743fe9')]",
              "location": "[parameters('workspace-location')]",
              "kind": "shared",
              "apiVersion": "2022-08-01",
              "properties": {
                "contentId": "0da142a4-b3ad-4bb6-b01d-03b572743fe9",
                "displayName": "User Granted Access and associated audit activity",
                "contentKind": "HuntingQuery",
                "mainTemplate": {
                  "$schema": "https://schema.management.azure.com/schemas/2019-04-01/deploymentTemplate.json#",
                  "contentVersion": "1.0.0",
                  "resources": [
                    {
                      "type": "Microsoft.OperationalInsights/savedSearches",
                      "apiVersion": "2020-08-01",
                      "name": "0da142a4-b3ad-4bb6-b01d-03b572743fe9",
                      "location": "[parameters('workspace-location')]",
                      "properties": {
                        "eTag": "*",
                        "displayName": "User Granted Access and associated audit activity",
                        "category": "Hunting Queries",
                        "query": "\nlet starttime = todatetime('{{StartTimeISO}}');\nlet endtime = todatetime('{{EndTimeISO}}');\nlet auditLookback = starttime - 14d;\nlet opName = dynamic([\"Add user\", \"Invite external user\"]);\n// Setting threshold to 3 as a default, change as needed.  Any operation that has been initiated by a user or app more than 3 times in the past 14 days will be excluded\nlet threshold = 3;\n// Helper function to extract relevant fields from AuditLog events\nlet auditLogEvents = view (startTimeSpan:timespan)  {\n    AuditLogs | where TimeGenerated >= auditLookback\n    | extend ModProps = iff(TargetResources.[0].modifiedProperties != \"[]\", TargetResources.[0].modifiedProperties, todynamic(\"NoValues\"))\n    | extend IpAddress = iff(isnotempty(tostring(parse_json(tostring(InitiatedBy.user)).ipAddress)), \n    tostring(parse_json(tostring(InitiatedBy.user)).ipAddress), tostring(parse_json(tostring(InitiatedBy.app)).ipAddress))\n    | extend InitiatedByFull = iff(isnotempty(tostring(parse_json(tostring(InitiatedBy.user)).userPrincipalName)), \n    tostring(parse_json(tostring(InitiatedBy.user)).userPrincipalName), tostring(parse_json(tostring(InitiatedBy.app)).displayName))\n    | extend InitiatedBy = replace(\"_\",\"@\",tostring(split(InitiatedByFull, \"#\")[0]))\n    | extend TargetUserPrincipalName = tostring(TargetResources[0].userPrincipalName)\n    | extend TargetUserName = replace(\"_\",\"@\",tostring(split(TargetUserPrincipalName, \"#\")[0]))\n    | extend TargetResourceName = case(\n    isempty(tostring(TargetResources.[0].displayName)), TargetUserPrincipalName,\n    isnotempty(tostring(TargetResources.[0].displayName)) and tostring(TargetResources.[0].displayName) startswith \"upn:\", tolower(tostring(TargetResources.[0].displayName)),\n    tolower(tostring(TargetResources.[0].displayName))\n    )\n    | extend TargetUserName = replace(\"_\",\"@\",tostring(split(TargetUserPrincipalName, \"#\")[0]))\n    | extend TargetUserName = iff(isempty(TargetUserName), tostring(split(split(TargetResourceName, \",\")[0], \" \")[1]), TargetUserName ) \n    | mvexpand ModProps\n    | extend PropertyName = tostring(ModProps.displayName), newValue = replace('\\\"','',tostring(ModProps.newValue));\n};\nlet HistoricalAdd = auditLogEvents(auditLookback)\n| where OperationName in~ (opName)\n| summarize StartTimeUtc = min(TimeGenerated), EndTimeUtc = max(TimeGenerated), OperationCount = count() \nby Type, InitiatedBy, IpAddress, TargetUserName, TargetResourceName, Category, OperationName, PropertyName, newValue, CorrelationId, Id\n// Remove comment below to only include operations initiated by a user or app that is above the threshold for the last 14 days\n| where OperationCount > threshold\n;\n// Get list of new added users to correlate with all other events\nlet Correlate = HistoricalAdd \n| summarize by InitiatedBy, TargetUserName, CorrelationId;\n// Get all other events related to list of newly added users\nlet allOtherEvents = auditLogEvents(auditLookback);\n// Join the new added user list to get the list of associated events\nlet CorrelatedEvents = Correlate \n| join allOtherEvents on InitiatedBy, TargetUserName\n| summarize StartTimeUtc = min(TimeGenerated), EndTimeUtc = max(TimeGenerated) \nby Type, InitiatedBy, IpAddress, TargetUserName, TargetResourceName, Category, OperationName, PropertyName, newValue, CorrelationId, Id\n;\n// Union the results so we can see when the user was added and any associated events that occurred during the same time.\nlet Results = union isfuzzy=true HistoricalAdd,CorrelatedEvents;\n// newValues that are simple semi-colon separated, make those dynamic for easy viewing and Aggregate into the PropertyUpdate set based on CorrelationId and Id(DirectoryId)\nResults\n| extend newValue = split(newValue, \";\")\n| extend PropertyUpdate = pack(PropertyName, newValue, \"Id\", Id)\n| summarize StartTime = min(StartTimeUtc), EndTime = max(EndTimeUtc), PropertyUpdateSet = make_bag(PropertyUpdate) \nby InitiatedBy, IpAddress, TargetUserName, TargetResourceName, OperationName, CorrelationId\n| extend timestamp = StartTime, AccountCustomEntity = InitiatedBy, IPCustomEntity = IpAddress\n",
                        "version": 2,
                        "tags": [
                          {
                            "name": "description",
                            "value": "'Identifies when a new user is granted access and any subsequent audit related activity.  This can help you identify rogue or malicious user behavior.'\n"
                          },
                          {
                            "name": "techniques",
                            "value": ""
                          },
                          {
                            "name": "tactics",
                            "value": "Persistence,PrivilegeEscalation,Impact"
                          }
                        ]
                      }
                    },
                    {
                      "type": "Microsoft.OperationalInsights/workspaces/providers/metadata",
                      "apiVersion": "2021-03-01-preview",
                      "name": "[concat(parameters('workspace'),'/Microsoft.SecurityInsights/',concat('huntingQuery-', '0da142a4-b3ad-4bb6-b01d-03b572743fe9'))]",
                      "properties": {
                        "description": "'Identifies when a new user is granted access and any subsequent audit related activity.  This can help you identify rogue or malicious user behavior.'\n",
                        "contentId": "0da142a4-b3ad-4bb6-b01d-03b572743fe9",
                        "version": "1.0.0",
                        "source": {
                          "kind": "Community"
                        },
                        "threatAnalysisTactics": [
                          "Persistence",
                          "PrivilegeEscalation",
                          "Impact"
                        ],
                        "threatAnalyticsTechniques": [
                          "T1098",
                          "T1078",
                          "T1496"
                        ],
                        "parentId": "0da142a4-b3ad-4bb6-b01d-03b572743fe9",
                        "kind": "HuntingQuery",
                        "dependencies": {
                          "operator": "AND",
                          "criteria": [
                            {
                              "contentId": "AuditLogs",
                              "kind": "DataType"
                            }
                          ]
                        }
                      }
                    }
                  ]
                }
              }
            }
          ]
        },
        "contentId": "0da142a4-b3ad-4bb6-b01d-03b572743fe9",
        "dependencies": {
          "operator": "AND",
          "criteria": [
            {
              "contentId": "0da142a4-b3ad-4bb6-b01d-03b572743fe9",
              "kind": "HuntingQuery"
            }
          ]
        },
        "description": "'Identifies when a new user is granted access and any subsequent audit related activity.  This can help you identify rogue or malicious user behavior.'\n",
        "displayName": "User Granted Access and associated audit activity",
        "source": {
          "kind": "Community"
        },
        "threatAnalysisTactics": [
          "Persistence",
          "PrivilegeEscalation",
          "Impact"
        ],
        "threatAnalyticsTechniques": [
          "T1098",
          "T1078",
          "T1496"
        ],
        "version": "1.0.0"
      },
      "name": "[concat(parameters('workspace'),'/Microsoft.SecurityInsights/', '0da142a4-b3ad-4bb6-b01d-03b572743fe9')]"
    }
  ]
}