{
  "$schema": "https://schema.management.azure.com/schemas/2019-04-01/deploymentTemplate.json#",
  "contentVersion": "1.0.0.0",
  "parameters": {
    "location": {
      "type": "string",
      "minLength": 1,
      "defaultValue": "[resourceGroup().location]",
      "metadata": {
        "description": "Not used, but needed to pass arm-ttk test `Location-Should-Not-Be-Hardcoded`.  We instead use the `workspace-location` which is derived from the LA workspace"
      }
    },
    "workspace-location": {
      "type": "string",
      "defaultValue": "",
      "metadata": {
        "description": "[concat('Region to deploy solution resources -- separate from location selection',parameters('location'))]"
      }
    },
    "workspace": {
      "defaultValue": "",
      "type": "string",
      "metadata": {
        "description": "Workspace name for Log Analytics where Microsoft Sentinel is setup"
      }
    }
  },
  "variables": {},
  "resources": [
    {
      "type": "Microsoft.OperationalInsights/workspaces/providers/packages",
      "location": "[parameters('workspace-location')]",
      "apiVersion": "2022-08-01",
      "properties": {
        "packageKind": "Standalone",
        "packageItems": {
          "resources": [
            {
              "type": "Microsoft.OperationalInsights/workspaces/providers/contentTemplates",
              "name": "[concat(parameters('workspace'),'/Microsoft.SecurityInsights/', 'ee55dc85-d2da-48c1-a6c0-3eaee62a8d56')]",
              "location": "[parameters('workspace-location')]",
              "apiVersion": "2022-08-01",
              "properties": {
                "contentId": "ee55dc85-d2da-48c1-a6c0-3eaee62a8d56",
                "displayName": "User Account Created Using Incorrect Naming Format",
                "contentKind": "AnalyticsRule",
                "mainTemplate": {
                  "$schema": "https://schema.management.azure.com/schemas/2019-04-01/deploymentTemplate.json#",
                  "contentVersion": "1.0.0",
                  "resources": [
                    {
                      "type": "Microsoft.OperationalInsights/workspaces/providers/alertRules",
                      "apiVersion": "2022-04-01-preview",
                      "name": "ee55dc85-d2da-48c1-a6c0-3eaee62a8d56",
                      "kind": "Scheduled",
                      "location": "[parameters('workspace-location')]",
                      "properties": {
                        "description": "This query looks for accounts being created where the name does not match a defined pattern.\n  Attackers may attempt to add accounts as a means of establishing persistant access to an environment, looking for anomalies in created accounts may help identify illegitimately created accounts.\n  Created accounts should be investigated to ensure they were legitimated created.\n  The user_regex field in the query needs to be populated with the expected pattern for the environment before deployment.\n  Ref: https://docs.microsoft.com/azure/active-directory/fundamentals/security-operations-user-accounts#accounts-not-following-naming-policies",
                        "displayName": "User Account Created Using Incorrect Naming Format",
                        "enabled": false,
                        "query": "// Add the environments expected username format regex below before deploying\n  let user_regex = \"\";\n  AuditLogs\n  | where OperationName =~ \"Add user\"\n  | where Result =~ \"success\"\n  | extend userAgent = tostring(AdditionalDetails[0].value)\n  | extend addingUser = tostring(parse_json(tostring(InitiatedBy.user)).userPrincipalName)\n  | extend addingApp = tostring(parse_json(tostring(InitiatedBy.app)).displayName)\n  | extend AddedBy = iif(isnotempty(addingUser), addingUser, addingApp)\n  | extend ipAddress = tostring(parse_json(tostring(InitiatedBy.user)).ipAddress)\n  | extend AddedUser = tostring(TargetResources[0].userPrincipalName)\n  | where AddedUser matches regex user_regex\n",
                        "queryFrequency": "P1D",
                        "queryPeriod": "P1D",
                        "severity": "Low",
                        "suppressionDuration": "PT1H",
                        "suppressionEnabled": false,
                        "triggerOperator": "GreaterThan",
                        "triggerThreshold": 0,
                        "tactics": [
                          "Persistence"
                        ],
                        "techniques": [
                          "T1136.003"
                        ],
                        "entityMappings": [
                          {
                            "entityType": "Account",
                            "fieldMappings": [
                              {
                                "columnName": "AddedBy",
                                "identifier": "FullName"
                              }
                            ]
                          },
                          {
                            "entityType": "Account",
                            "fieldMappings": [
                              {
                                "columnName": "AddedUser",
                                "identifier": "FullName"
                              }
                            ]
                          }
                        ]
                      }
                    },
                    {
                      "type": "Microsoft.OperationalInsights/workspaces/providers/metadata",
                      "apiVersion": "2021-03-01-preview",
                      "properties": {
                        "description": "'This query looks for accounts being created where the name does not match a defined pattern.\n  Attackers may attempt to add accounts as a means of establishing persistant access to an environment, looking for anomalies in created accounts may help identify illegitimately created accounts.\n  Created accounts should be investigated to ensure they were legitimated created.\n  The user_regex field in the query needs to be populated with the expected pattern for the environment before deployment.\n  Ref: https://docs.microsoft.com/azure/active-directory/fundamentals/security-operations-user-accounts#accounts-not-following-naming-policies'\n",
                        "version": "1.0.0",
                        "author": {
                          "name": "Community"
                        },
                        "support": {
                          "name": "Community",
                          "link": "https://github.com/Azure/Azure-Sentinel/issues",
                          "tier": "Community"
                        },
                        "source": {
                          "kind": "Community",
                          "name": "Standalone"
                        },
                        "threatAnalysisTactics": [
                          "Persistence"
                        ],
                        "threatAnalyticsTechniques": [
                          "T1136.003"
                        ],
                        "contentId": "ee55dc85-d2da-48c1-a6c0-3eaee62a8d56",
                        "parentId": "ee55dc85-d2da-48c1-a6c0-3eaee62a8d56",
                        "kind": "AnalyticsRule",
                        "dependencies": {
                          "operator": "AND",
                          "criteria": [
                            {
                              "contentId": "AuditLogs",
                              "kind": "DataType"
                            }
                          ]
                        }
                      }
                    }
                  ]
                }
              }
            }
          ]
        },
        "author": {
          "name": "Community"
        },
        "dependencies": {
          "operator": "AND",
          "criteria": [
            {
              "contentId": "ee55dc85-d2da-48c1-a6c0-3eaee62a8d56",
              "kind": "AnalyticsRule"
            }
          ]
        },
        "description": "'This query looks for accounts being created where the name does not match a defined pattern.\n  Attackers may attempt to add accounts as a means of establishing persistant access to an environment, looking for anomalies in created accounts may help identify illegitimately created accounts.\n  Created accounts should be investigated to ensure they were legitimated created.\n  The user_regex field in the query needs to be populated with the expected pattern for the environment before deployment.\n  Ref: https://docs.microsoft.com/azure/active-directory/fundamentals/security-operations-user-accounts#accounts-not-following-naming-policies'\n",
        "displayName": "User Account Created Using Incorrect Naming Format",
        "packageId": "ee55dc85-d2da-48c1-a6c0-3eaee62a8d56",
        "source": {
          "kind": "Community",
          "name": "Standalone"
        },
        "support": {
          "name": "Community",
          "link": "https://github.com/Azure/Azure-Sentinel/issues",
          "tier": "Community"
        },
        "threatAnalysisTactics": [
          "Persistence"
        ],
        "threatAnalyticsTechniques": [
          "T1136.003"
        ],
        "version": "1.0.0"
      },
      "name": "[concat(parameters('workspace'),'/Microsoft.SecurityInsights/', 'ee55dc85-d2da-48c1-a6c0-3eaee62a8d56')]"
    }
  ]
}