{
  "$schema": "https://schema.management.azure.com/schemas/2019-04-01/deploymentTemplate.json#",
  "contentVersion": "1.0.0.0",
  "parameters": {
    "location": {
      "type": "string",
      "minLength": 1,
      "defaultValue": "[resourceGroup().location]",
      "metadata": {
        "description": "Not used, but needed to pass arm-ttk test `Location-Should-Not-Be-Hardcoded`.  We instead use the `workspace-location` which is derived from the LA workspace"
      }
    },
    "workspace-location": {
      "type": "string",
      "defaultValue": "",
      "metadata": {
        "description": "[concat('Region to deploy solution resources -- separate from location selection',parameters('location'))]"
      }
    },
    "workspace": {
      "defaultValue": "",
      "type": "string",
      "metadata": {
        "description": "Workspace name for Log Analytics where Microsoft Sentinel is setup"
      }
    }
  },
  "variables": {},
  "resources": [
    {
      "type": "Microsoft.OperationalInsights/workspaces/providers/packages",
      "location": "[parameters('workspace-location')]",
      "apiVersion": "2022-08-01",
      "properties": {
        "packageKind": "Standalone",
        "packageItems": {
          "resources": [
            {
              "type": "Microsoft.OperationalInsights/workspaces/providers/contentTemplates",
              "name": "[concat(parameters('workspace'),'/Microsoft.SecurityInsights/', 'bff058b2-500e-4ae5-bb49-a5b1423cbd5b')]",
              "location": "[parameters('workspace-location')]",
              "apiVersion": "2022-08-01",
              "properties": {
                "contentId": "bff058b2-500e-4ae5-bb49-a5b1423cbd5b",
                "displayName": "Accessed files shared by temporary external user",
                "contentKind": "AnalyticsRule",
                "mainTemplate": {
                  "$schema": "https://schema.management.azure.com/schemas/2019-04-01/deploymentTemplate.json#",
                  "contentVersion": "1.0.0",
                  "resources": [
                    {
                      "type": "Microsoft.OperationalInsights/workspaces/providers/alertRules",
                      "apiVersion": "2022-04-01-preview",
                      "name": "bff058b2-500e-4ae5-bb49-a5b1423cbd5b",
                      "kind": "Scheduled",
                      "location": "[parameters('workspace-location')]",
                      "properties": {
                        "description": "This detection identifies an external user is added to a Team or Teams chat\nand shares a files which is accessed by many users (>10) and the users is removed within short period of time. This might be\nan indicator of suspicious activity.",
                        "displayName": "Accessed files shared by temporary external user",
                        "enabled": false,
                        "query": "let fileAccessThrehold = 10;\nOfficeActivity\n | where OfficeWorkload =~ \"MicrosoftTeams\"\n | where Operation =~ \"MemberAdded\"\n | extend UPN = tostring(parse_json(Members)[0].UPN)\n | where UPN contains (\"#EXT#\")\n | project TimeAdded=TimeGenerated, Operation, UPN, UserWhoAdded = UserId, TeamName\n | join kind = inner(\n                       OfficeActivity\n                       | where OfficeWorkload =~ \"MicrosoftTeams\"\n                       | where Operation =~ \"MemberRemoved\"\n                       | extend UPN = tostring(parse_json(Members)[0].UPN)\n                       | where UPN contains (\"#EXT#\")\n                       | project TimeDeleted=TimeGenerated, Operation, UPN, UserWhoDeleted = UserId, TeamName\n                     ) on UPN\n | where TimeDeleted > TimeAdded\n | join kind=inner \n                   (\n                   OfficeActivity\n                   | where RecordType == \"SharePointFileOperation\"\n                   | where SourceRelativeUrl has \"Microsoft Teams Chat Files\"\n                   | where Operation == \"FileUploaded\"\n                   | join kind = inner \n                                       (\n                                       OfficeActivity\n                                       | where RecordType == \"SharePointFileOperation\"\n                                       | where Operation  == \"FileAccessed\"\n                                       | where SourceRelativeUrl has \"Microsoft Teams Chat Files\"\n                                       | summarize FileAccessCount = count() by OfficeObjectId\n                                       | where FileAccessCount > fileAccessThrehold\n                                       ) on $left.OfficeObjectId == $right.OfficeObjectId\n                   )on $left.UPN == $right.UserId\n | extend timestamp=TimeGenerated, AccountCustomEntity = UserWhoAdded \n",
                        "queryFrequency": "PT1H",
                        "queryPeriod": "PT1H",
                        "severity": "Low",
                        "suppressionDuration": "PT1H",
                        "suppressionEnabled": false,
                        "triggerOperator": "GreaterThan",
                        "triggerThreshold": 0,
                        "tactics": [
                          "InitialAccess"
                        ],
                        "techniques": [
                          "T1566"
                        ],
                        "entityMappings": [
                          {
                            "entityType": "Account",
                            "fieldMappings": [
                              {
                                "columnName": "AccountCustomEntity",
                                "identifier": "FullName"
                              }
                            ]
                          }
                        ]
                      }
                    },
                    {
                      "type": "Microsoft.OperationalInsights/workspaces/providers/metadata",
                      "apiVersion": "2021-03-01-preview",
                      "properties": {
                        "description": "'This detection identifies an external user is added to a Team or Teams chat\nand shares a files which is accessed by many users (>10) and the users is removed within short period of time. This might be\nan indicator of suspicious activity.'\n",
                        "version": "1.0.0",
                        "author": {
                          "name": "Community"
                        },
                        "support": {
                          "name": "Community",
                          "link": "https://github.com/Azure/Azure-Sentinel/issues",
                          "tier": "Community"
                        },
                        "source": {
                          "kind": "Community",
                          "name": "Standalone"
                        },
                        "threatAnalysisTactics": [
                          "InitialAccess"
                        ],
                        "threatAnalyticsTechniques": [
                          "T1566"
                        ],
                        "contentId": "bff058b2-500e-4ae5-bb49-a5b1423cbd5b",
                        "parentId": "bff058b2-500e-4ae5-bb49-a5b1423cbd5b",
                        "kind": "AnalyticsRule",
                        "dependencies": {
                          "operator": "AND",
                          "criteria": [
                            {
                              "contentId": "OfficeActivity (Teams)",
                              "kind": "DataType"
                            }
                          ]
                        }
                      }
                    }
                  ]
                }
              }
            }
          ]
        },
        "author": {
          "name": "Community"
        },
        "dependencies": {
          "operator": "AND",
          "criteria": [
            {
              "contentId": "bff058b2-500e-4ae5-bb49-a5b1423cbd5b",
              "kind": "AnalyticsRule"
            }
          ]
        },
        "description": "'This detection identifies an external user is added to a Team or Teams chat\nand shares a files which is accessed by many users (>10) and the users is removed within short period of time. This might be\nan indicator of suspicious activity.'\n",
        "displayName": "Accessed files shared by temporary external user",
        "packageId": "bff058b2-500e-4ae5-bb49-a5b1423cbd5b",
        "source": {
          "kind": "Community",
          "name": "Standalone"
        },
        "support": {
          "name": "Community",
          "link": "https://github.com/Azure/Azure-Sentinel/issues",
          "tier": "Community"
        },
        "threatAnalysisTactics": [
          "InitialAccess"
        ],
        "threatAnalyticsTechniques": [
          "T1566"
        ],
        "version": "1.0.0"
      },
      "name": "[concat(parameters('workspace'),'/Microsoft.SecurityInsights/', 'bff058b2-500e-4ae5-bb49-a5b1423cbd5b')]"
    }
  ]
}