{
  "$schema": "https://schema.management.azure.com/schemas/2019-04-01/deploymentTemplate.json#",
  "contentVersion": "1.0.0.0",
  "metadata": {},
  "parameters": {
    "location": {
      "type": "string",
      "minLength": 1,
      "defaultValue": "[resourceGroup().location]",
      "metadata": {
        "description": "Not used, but needed to pass arm-ttk test `Location-Should-Not-Be-Hardcoded`.  We instead use the `workspace-location` which is derived from the LA workspace"
      }
    },
    "workspace-location": {
      "type": "string",
      "defaultValue": "",
      "metadata": {
        "description": "[concat('Region to deploy solution resources -- separate from location selection',parameters('location'))]"
      }
    },
    "workspace": {
      "defaultValue": "",
      "type": "string",
      "metadata": {
        "description": "Workspace name for Log Analytics where Microsoft Sentinel is setup"
      }
    }
  },
  "resources": [
    {
      "type": "Microsoft.OperationalInsights/workspaces/providers/contentTemplates",
      "name": "[concat(parameters('workspace'),'/Microsoft.SecurityInsights/', 'a357535e-f722-4afe-b375-cff362b2b376')]",
      "location": "[parameters('workspace-location')]",
      "apiVersion": "2023-04-01-preview",
      "dependsOn": [
        "[extensionResourceId(resourceId('Microsoft.OperationalInsights/workspaces', parameters('workspace')), 'Microsoft.SecurityInsights/contentPackages', 'a357535e-f722-4afe-b375-cff362b2b376')]"
      ],
      "properties": {
        "contentId": "a357535e-f722-4afe-b375-cff362b2b376",
        "displayName": "Malformed user agent",
        "contentKind": "AnalyticsRule",
        "mainTemplate": {
          "$schema": "https://schema.management.azure.com/schemas/2019-04-01/deploymentTemplate.json#",
          "contentVersion": "1.0.2",
          "resources": [
            {
              "type": "Microsoft.OperationalInsights/workspaces/providers/alertRules",
              "apiVersion": "2022-04-01-preview",
              "name": "a357535e-f722-4afe-b375-cff362b2b376",
              "kind": "Scheduled",
              "location": "[parameters('workspace-location')]",
              "properties": {
                "description": "Malware authors will sometimes hardcode user agent string values when writing the network communication component of their malware.\nMalformed user agents can be an indication of such malware.",
                "displayName": "Malformed user agent",
                "enabled": false,
                "query": "(union isfuzzy=true\n(OfficeActivity | where UserAgent != \"\"),\n(OfficeActivity\n| where RecordType in (\"AzureActiveDirectory\", \"AzureActiveDirectoryStsLogon\")\n| extend OperationName = Operation\n| parse ExtendedProperties with * 'User-Agent\\\\\":\\\\\"' UserAgent2 '\\\\' *\n| parse ExtendedProperties with * 'UserAgent\",      \"Value\": \"' UserAgent1 '\"' *\n| where isnotempty(UserAgent1) or isnotempty(UserAgent2)\n| extend UserAgent = iff( RecordType == 'AzureActiveDirectoryStsLogon', UserAgent1, UserAgent2)\n| summarize StartTime = min(TimeGenerated), EndTime = max(TimeGenerated) by UserAgent, SourceIP = ClientIP, Account = UserId, Type, RecordType, Operation\n),\n(AzureDiagnostics\n| where ResourceType =~ \"APPLICATIONGATEWAYS\"\n| where OperationName =~ \"ApplicationGatewayAccess\"\n| extend ClientIP = columnifexists(\"clientIP_s\", \"None\"), UserAgent = columnifexists(\"userAgent_s\", \"None\")\n| where UserAgent != '-'\n| summarize StartTime = min(TimeGenerated), EndTime = max(TimeGenerated) by UserAgent, SourceIP = ClientIP,  requestUri_s, httpMethod_s, host_s, requestQuery_s, Type\n),\n(\nW3CIISLog\n| where isnotempty(csUserAgent)\n| summarize StartTime = min(TimeGenerated), EndTime = max(TimeGenerated) by UserAgent = csUserAgent, SourceIP = cIP, Account = csUserName, Type, sSiteName, csMethod, csUriStem\n),\n(\nAWSCloudTrail\n| where isnotempty(UserAgent)\n| summarize StartTime = min(TimeGenerated), EndTime = max(TimeGenerated) by UserAgent, SourceIP = SourceIpAddress, Account = UserIdentityUserName, Type, EventSource, EventName\n),\n(SigninLogs\n| where isnotempty(UserAgent)\n| summarize StartTime = min(TimeGenerated), EndTime = max(TimeGenerated) by UserAgent, SourceIP = IPAddress, Account = UserPrincipalName, Type, OperationName, tostring(LocationDetails), tostring(DeviceDetail), AppDisplayName, ClientAppUsed\n),\n(AADNonInteractiveUserSignInLogs\n| where isnotempty(UserAgent)\n| summarize StartTime = min(TimeGenerated), EndTime = max(TimeGenerated) by UserAgent, SourceIP = IPAddress, Account = UserPrincipalName, Type, OperationName, tostring(LocationDetails), tostring(DeviceDetail), AppDisplayName, ClientAppUsed\n)\n)\n// Likely artefact of hardcoding\n| where UserAgent startswith \"User\" or UserAgent startswith '\\\"'\n// Incorrect casing\nor (UserAgent startswith \"Mozilla\" and not(UserAgent containscs \"Mozilla\"))\n// Incorrect casing\nor UserAgent containscs  \"(Compatible;\"\n// Missing MSIE version\nor UserAgent matches regex @\"MSIE\\s?;\"\n// Incorrect spacing around MSIE version\nor UserAgent matches regex  @\"MSIE(?:\\d|.{1,5}?\\d\\s;)\"\n| extend timestamp = StartTime, IPCustomEntity = SourceIP, AccountCustomEntity = Account\n",
                "queryFrequency": "P1D",
                "queryPeriod": "P1D",
                "severity": "Medium",
                "status": "Available",
                "suppressionDuration": "PT1H",
                "suppressionEnabled": false,
                "triggerOperator": "GreaterThan",
                "triggerThreshold": 0,
                "tactics": [
                  "InitialAccess",
                  "CommandAndControl",
                  "Execution"
                ],
                "techniques": [
                  "T1189",
                  "T1071",
                  "T1203"
                ],
                "entityMappings": [
                  {
                    "entityType": "Account",
                    "fieldMappings": [
                      {
                        "columnName": "AccountCustomEntity",
                        "identifier": "FullName"
                      }
                    ]
                  },
                  {
                    "entityType": "IP",
                    "fieldMappings": [
                      {
                        "columnName": "IPCustomEntity",
                        "identifier": "Address"
                      }
                    ]
                  }
                ],
                "requiredDataConnectors": [
                  {
                    "connectorId": "AWS",
                    "dataTypes": [
                      "AWSCloudTrail"
                    ]
                  },
                  {
                    "connectorId": "AzureActiveDirectory",
                    "dataTypes": [
                      "SigninLogs"
                    ]
                  },
                  {
                    "connectorId": "AzureActiveDirectory",
                    "dataTypes": [
                      "AADNonInteractiveUserSignInLogs"
                    ]
                  },
                  {
                    "connectorId": "AzureMonitor(IIS)",
                    "dataTypes": [
                      "W3CIISLog"
                    ]
                  },
                  {
                    "connectorId": "Office365",
                    "dataTypes": [
                      "OfficeActivity"
                    ]
                  },
                  {
                    "connectorId": "WAF",
                    "dataTypes": [
                      "AzureDiagnostics"
                    ]
                  }
                ]
              }
            },
            {
              "type": "Microsoft.OperationalInsights/workspaces/providers/metadata",
              "apiVersion": "2021-03-01-preview",
              "properties": {
                "description": "Malware authors will sometimes hardcode user agent string values when writing the network communication component of their malware.\nMalformed user agents can be an indication of such malware.",
                "version": "1.0.2",
                "author": {
                  "name": "timbMSFT"
                },
                "support": {
                  "tier": "Community",
                  "name": "Community",
                  "link": "https://github.com/Azure/Azure-Sentinel/issues"
                },
                "source": {
                  "kind": "Community",
                  "name": "Standalone"
                },
                "threatAnalysisTactics": [
                  "InitialAccess",
                  "CommandAndControl",
                  "Execution"
                ],
                "threatAnalyticsTechniques": [
                  "T1189",
                  "T1071",
                  "T1203"
                ],
                "contentId": "a357535e-f722-4afe-b375-cff362b2b376",
                "parentId": "a357535e-f722-4afe-b375-cff362b2b376",
                "kind": "AnalyticsRule",
                "dependencies": {
                  "operator": "AND",
                  "criteria": [
                    {
                      "contentId": "AzureDiagnostics",
                      "kind": "DataType"
                    },
                    {
                      "contentId": "OfficeActivity",
                      "kind": "DataType"
                    },
                    {
                      "contentId": "SigninLogs",
                      "kind": "DataType"
                    },
                    {
                      "contentId": "AADNonInteractiveUserSignInLogs",
                      "kind": "DataType"
                    },
                    {
                      "contentId": "AWSCloudTrail",
                      "kind": "DataType"
                    },
                    {
                      "contentId": "W3CIISLog",
                      "kind": "DataType"
                    }
                  ]
                }
              }
            }
          ]
        },
        "packageId": "a357535e-f722-4afe-b375-cff362b2b376",
        "packageKind": "Standalone",
        "packageName": "Malformed user agent",
        "contentProductId": "a357535e-f722-4afe-b375-cff362b2b376-ar-zca5vkqmcvm3s",
        "id": "a357535e-f722-4afe-b375-cff362b2b376-ar-zca5vkqmcvm3s",
        "packageVersion": "1.0.2",
        "version": "1.0.2"
      }
    },
    {
      "type": "Microsoft.OperationalInsights/workspaces/providers/contentPackages",
      "name": "[concat(parameters('workspace'),'/Microsoft.SecurityInsights/', 'a357535e-f722-4afe-b375-cff362b2b376')]",
      "location": "[parameters('workspace-location')]",
      "apiVersion": "2023-04-01-preview",
      "properties": {
        "author": {
          "name": "timbMSFT"
        },
        "categories": {
          "domains": [
            "Security - Threat Protection"
          ]
        },
        "dependencies": {
          "operator": "AND",
          "criteria": [
            {
              "contentId": "a357535e-f722-4afe-b375-cff362b2b376",
              "kind": "AnalyticsRule"
            }
          ]
        },
        "description": "Malware authors will sometimes hardcode user agent string values when writing the network communication component of their malware.\nMalformed user agents can be an indication of such malware.",
        "displayName": "Malformed user agent",
        "source": {
          "kind": "Community",
          "name": "Standalone"
        },
        "support": {
          "tier": "Community",
          "name": "Community",
          "link": "https://github.com/Azure/Azure-Sentinel/issues"
        },
        "threatAnalysisTactics": [
          "InitialAccess",
          "CommandAndControl",
          "Execution"
        ],
        "threatAnalyticsTechniques": [
          "T1189",
          "T1071",
          "T1203"
        ],
        "version": "1.0.2",
        "contentSchemaVersion": "3.0.0",
        "contentId": "a357535e-f722-4afe-b375-cff362b2b376",
        "contentKind": "Standalone",
        "contentProductId": "a357535e-f722-4afe-b375-cff362b2b376-sa-o2udyiabskpk2",
        "id": "a357535e-f722-4afe-b375-cff362b2b376-sa-o2udyiabskpk2"
      }
    }
  ],
  "variables": {}
}