{
  "$schema": "https://schema.management.azure.com/schemas/2019-04-01/deploymentTemplate.json#",
  "contentVersion": "1.0.0.0",
  "metadata": {},
  "parameters": {
    "location": {
      "type": "string",
      "minLength": 1,
      "defaultValue": "[resourceGroup().location]",
      "metadata": {
        "description": "Not used, but needed to pass arm-ttk test `Location-Should-Not-Be-Hardcoded`.  We instead use the `workspace-location` which is derived from the LA workspace"
      }
    },
    "workspace-location": {
      "type": "string",
      "defaultValue": "",
      "metadata": {
        "description": "[concat('Region to deploy solution resources -- separate from location selection',parameters('location'))]"
      }
    },
    "workspace": {
      "defaultValue": "",
      "type": "string",
      "metadata": {
        "description": "Workspace name for Log Analytics where Microsoft Sentinel is setup"
      }
    }
  },
  "resources": [
    {
      "type": "Microsoft.OperationalInsights/workspaces/providers/contentTemplates",
      "name": "[concat(parameters('workspace'),'/Microsoft.SecurityInsights/', '2937bc6b-7cda-4fba-b452-ea43ba8e835f')]",
      "location": "[parameters('workspace-location')]",
      "apiVersion": "2023-04-01-preview",
      "dependsOn": [
        "[extensionResourceId(resourceId('Microsoft.OperationalInsights/workspaces', parameters('workspace')), 'Microsoft.SecurityInsights/contentPackages', '2937bc6b-7cda-4fba-b452-ea43ba8e835f')]"
      ],
      "properties": {
        "contentId": "2937bc6b-7cda-4fba-b452-ea43ba8e835f",
        "displayName": "Possible Resource-Based Constrained Delegation Abuse",
        "contentKind": "AnalyticsRule",
        "mainTemplate": {
          "$schema": "https://schema.management.azure.com/schemas/2019-04-01/deploymentTemplate.json#",
          "contentVersion": "1.0.1",
          "resources": [
            {
              "type": "Microsoft.OperationalInsights/workspaces/providers/alertRules",
              "apiVersion": "2022-04-01-preview",
              "name": "2937bc6b-7cda-4fba-b452-ea43ba8e835f",
              "kind": "Scheduled",
              "location": "[parameters('workspace-location')]",
              "properties": {
                "description": "This query identifies Active Directory computer objects modifications that allow an adversary to abuse the Resource-based constrained delegation. \nThis query checks for event id 5136 that the Object Class field is \"computer\" and the LDAP Display Name is \"msDS-AllowedToActOnBehalfOfOtherIdentity\" which is an indicator of Resource-based constrained delegation.\nRef: https://shenaniganslabs.io/2019/01/28/Wagging-the-Dog.html",
                "displayName": "Possible Resource-Based Constrained Delegation Abuse",
                "enabled": false,
                "query": "SecurityEvent\n| where EventID == 5136 \n| parse EventData with * 'ObjectClass\">' ObjectClass \"<\" *\n| parse EventData with * 'AttributeLDAPDisplayName\">' AttributeLDAPDisplayName \"<\" *\n| where ObjectClass == \"computer\" and AttributeLDAPDisplayName == \"msDS-AllowedToActOnBehalfOfOtherIdentity\"\n| parse EventData with * 'ObjectDN\">' ObjectDN \"<\" *\n| summarize StartTime = min(TimeGenerated), EndTime = max(TimeGenerated) by Computer, SubjectAccount, SubjectUserSid, SubjectLogonId, ObjectDN, AttributeLDAPDisplayName\n",
                "queryFrequency": "PT1H",
                "queryPeriod": "PT1H",
                "severity": "Medium",
                "status": "Available",
                "suppressionDuration": "PT1H",
                "suppressionEnabled": false,
                "triggerOperator": "GreaterThan",
                "triggerThreshold": 0,
                "tactics": [
                  "PrivilegeEscalation"
                ],
                "techniques": [
                  "T1134"
                ],
                "entityMappings": [
                  {
                    "entityType": "Account",
                    "fieldMappings": [
                      {
                        "columnName": "SubjectAccount",
                        "identifier": "FullName"
                      }
                    ]
                  },
                  {
                    "entityType": "Host",
                    "fieldMappings": [
                      {
                        "columnName": "Computer",
                        "identifier": "FullName"
                      }
                    ]
                  }
                ],
                "requiredDataConnectors": [
                  {
                    "connectorId": "SecurityEvents",
                    "dataTypes": [
                      "SecurityEvent"
                    ]
                  }
                ]
              }
            },
            {
              "type": "Microsoft.OperationalInsights/workspaces/providers/metadata",
              "apiVersion": "2021-03-01-preview",
              "properties": {
                "description": "This query identifies Active Directory computer objects modifications that allow an adversary to abuse the Resource-based constrained delegation. \nThis query checks for event id 5136 that the Object Class field is \"computer\" and the LDAP Display Name is \"msDS-AllowedToActOnBehalfOfOtherIdentity\" which is an indicator of Resource-based constrained delegation.\nRef: https://shenaniganslabs.io/2019/01/28/Wagging-the-Dog.html",
                "version": "1.0.1",
                "author": {
                  "name": "Vasileios Paschalidis"
                },
                "support": {
                  "tier": "Community",
                  "name": "Community",
                  "link": "https://github.com/Azure/Azure-Sentinel/issues"
                },
                "source": {
                  "kind": "Community",
                  "name": "Standalone"
                },
                "threatAnalysisTactics": [
                  "PrivilegeEscalation"
                ],
                "threatAnalyticsTechniques": [
                  "T1134"
                ],
                "contentId": "2937bc6b-7cda-4fba-b452-ea43ba8e835f",
                "parentId": "2937bc6b-7cda-4fba-b452-ea43ba8e835f",
                "kind": "AnalyticsRule",
                "dependencies": {
                  "operator": "AND",
                  "criteria": [
                    {
                      "contentId": "SecurityEvent",
                      "kind": "DataType"
                    }
                  ]
                }
              }
            }
          ]
        },
        "packageId": "2937bc6b-7cda-4fba-b452-ea43ba8e835f",
        "packageKind": "Standalone",
        "packageName": "Possible Resource-Based Constrained Delegation Abuse",
        "contentProductId": "2937bc6b-7cda-4fba-b452-ea43ba8e835f-ar-sw7rammp7ydco",
        "id": "2937bc6b-7cda-4fba-b452-ea43ba8e835f-ar-sw7rammp7ydco",
        "packageVersion": "1.0.1",
        "version": "1.0.1"
      }
    },
    {
      "type": "Microsoft.OperationalInsights/workspaces/providers/contentPackages",
      "name": "[concat(parameters('workspace'),'/Microsoft.SecurityInsights/', '2937bc6b-7cda-4fba-b452-ea43ba8e835f')]",
      "location": "[parameters('workspace-location')]",
      "apiVersion": "2023-04-01-preview",
      "properties": {
        "author": {
          "name": "Vasileios Paschalidis"
        },
        "categories": {
          "domains": [
            "Security - Others",
            "Identity"
          ]
        },
        "dependencies": {
          "operator": "AND",
          "criteria": [
            {
              "contentId": "2937bc6b-7cda-4fba-b452-ea43ba8e835f",
              "kind": "AnalyticsRule"
            }
          ]
        },
        "description": "This query identifies Active Directory computer objects modifications that allow an adversary to abuse the Resource-based constrained delegation. \nThis query checks for event id 5136 that the Object Class field is \"computer\" and the LDAP Display Name is \"msDS-AllowedToActOnBehalfOfOtherIdentity\" which is an indicator of Resource-based constrained delegation.\nRef: https://shenaniganslabs.io/2019/01/28/Wagging-the-Dog.html",
        "displayName": "Possible Resource-Based Constrained Delegation Abuse",
        "source": {
          "kind": "Community",
          "name": "Standalone"
        },
        "support": {
          "tier": "Community",
          "name": "Community",
          "link": "https://github.com/Azure/Azure-Sentinel/issues"
        },
        "threatAnalysisTactics": [
          "PrivilegeEscalation"
        ],
        "threatAnalyticsTechniques": [
          "T1134"
        ],
        "version": "1.0.1",
        "contentSchemaVersion": "3.0.0",
        "contentId": "2937bc6b-7cda-4fba-b452-ea43ba8e835f",
        "contentKind": "Standalone",
        "contentProductId": "2937bc6b-7cda-4fba-b452-ea43ba8e835f-sa-ag5tb4vckvnfa",
        "id": "2937bc6b-7cda-4fba-b452-ea43ba8e835f-sa-ag5tb4vckvnfa"
      }
    }
  ],
  "variables": {}
}