{
  "$schema": "https://schema.management.azure.com/schemas/2019-04-01/deploymentTemplate.json#",
  "contentVersion": "1.0.0.0",
  "metadata": {},
  "parameters": {
    "location": {
      "type": "string",
      "minLength": 1,
      "defaultValue": "[resourceGroup().location]",
      "metadata": {
        "description": "Not used, but needed to pass arm-ttk test `Location-Should-Not-Be-Hardcoded`.  We instead use the `workspace-location` which is derived from the LA workspace"
      }
    },
    "workspace-location": {
      "type": "string",
      "defaultValue": "",
      "metadata": {
        "description": "[concat('Region to deploy solution resources -- separate from location selection',parameters('location'))]"
      }
    },
    "workspace": {
      "defaultValue": "",
      "type": "string",
      "metadata": {
        "description": "Workspace name for Log Analytics where Microsoft Sentinel is setup"
      }
    }
  },
  "resources": [
    {
      "type": "Microsoft.OperationalInsights/workspaces/providers/contentTemplates",
      "name": "[concat(parameters('workspace'),'/Microsoft.SecurityInsights/', '25a7f951-54b7-4cf5-9862-ebc04306c590')]",
      "location": "[parameters('workspace-location')]",
      "apiVersion": "2023-04-01-preview",
      "dependsOn": [
        "[extensionResourceId(resourceId('Microsoft.OperationalInsights/workspaces', parameters('workspace')), 'Microsoft.SecurityInsights/contentPackages', '25a7f951-54b7-4cf5-9862-ebc04306c590')]"
      ],
      "properties": {
        "contentId": "25a7f951-54b7-4cf5-9862-ebc04306c590",
        "displayName": "Conditional Access Policy Modified by New User",
        "contentKind": "AnalyticsRule",
        "mainTemplate": {
          "$schema": "https://schema.management.azure.com/schemas/2019-04-01/deploymentTemplate.json#",
          "contentVersion": "1.0.2",
          "resources": [
            {
              "type": "Microsoft.OperationalInsights/workspaces/providers/alertRules",
              "apiVersion": "2022-04-01-preview",
              "name": "25a7f951-54b7-4cf5-9862-ebc04306c590",
              "kind": "Scheduled",
              "location": "[parameters('workspace-location')]",
              "properties": {
                "description": "Detects a Conditional Access Policy being modified by a user who has not modified a policy in the last 14 days.\n  A threat actor may try to modify policies to weaken the security controls in place.\n  Investigate any change to ensure they are approved.\n  Ref: https://docs.microsoft.com/azure/active-directory/fundamentals/security-operations-infrastructure#conditional-access",
                "displayName": "Conditional Access Policy Modified by New User",
                "enabled": false,
                "query": "let known_users = (AuditLogs\n  | where TimeGenerated between(ago(14d)..ago(1d))\n  | where OperationName has \"conditional access policy\"\n  | where Result =~ \"success\"\n  | extend userPrincipalName = tostring(parse_json(tostring(InitiatedBy.user)).userPrincipalName)\n  | summarize by userPrincipalName);\n  AuditLogs\n  | where TimeGenerated > ago(1d)\n  | where OperationName has \"conditional access policy\"\n  | where Result =~ \"success\"\n  | extend userPrincipalName = tostring(parse_json(tostring(InitiatedBy.user)).userPrincipalName)\n  | extend CAPolicyName = tostring(TargetResources[0].displayName)\n  | extend ipAddress = tostring(parse_json(tostring(InitiatedBy.user)).ipAddress)\n  | where userPrincipalName !in (known_users)\n  | extend NewPolicyValues = TargetResources[0].modifiedProperties[0].newValue\n  | extend OldPolicyValues = TargetResources[0].modifiedProperties[0].oldValue\n  | project-reorder TimeGenerated, OperationName, CAPolicyName, userPrincipalName, ipAddress, NewPolicyValues, OldPolicyValues\n",
                "queryFrequency": "P1D",
                "queryPeriod": "P14D",
                "severity": "Medium",
                "status": "Available",
                "suppressionDuration": "PT1H",
                "suppressionEnabled": false,
                "triggerOperator": "GreaterThan",
                "triggerThreshold": 0,
                "tactics": [
                  "DefenseEvasion"
                ],
                "techniques": [
                  "T1078"
                ],
                "entityMappings": [
                  {
                    "entityType": "Account",
                    "fieldMappings": [
                      {
                        "columnName": "userPrincipalName",
                        "identifier": "FullName"
                      }
                    ]
                  },
                  {
                    "entityType": "IP",
                    "fieldMappings": [
                      {
                        "columnName": "ipAddress",
                        "identifier": "Address"
                      }
                    ]
                  }
                ],
                "requiredDataConnectors": [
                  {
                    "connectorId": "AzureActiveDirectory",
                    "dataTypes": [
                      "AuditLogs"
                    ]
                  }
                ]
              }
            },
            {
              "type": "Microsoft.OperationalInsights/workspaces/providers/metadata",
              "apiVersion": "2021-03-01-preview",
              "properties": {
                "description": "Detects a Conditional Access Policy being modified by a user who has not modified a policy in the last 14 days.\n  A threat actor may try to modify policies to weaken the security controls in place.\n  Investigate any change to ensure they are approved.\n  Ref: https://docs.microsoft.com/azure/active-directory/fundamentals/security-operations-infrastructure#conditional-access",
                "version": "1.0.2",
                "author": {
                  "name": "Pete Bryan"
                },
                "support": {
                  "tier": "Community",
                  "name": "Community",
                  "link": "https://github.com/Azure/Azure-Sentinel/issues"
                },
                "source": {
                  "kind": "Community",
                  "name": "Standalone"
                },
                "threatAnalysisTactics": [
                  "DefenseEvasion"
                ],
                "threatAnalyticsTechniques": [
                  "T1078.004"
                ],
                "contentId": "25a7f951-54b7-4cf5-9862-ebc04306c590",
                "parentId": "25a7f951-54b7-4cf5-9862-ebc04306c590",
                "kind": "AnalyticsRule",
                "dependencies": {
                  "operator": "AND",
                  "criteria": [
                    {
                      "contentId": "AuditLogs",
                      "kind": "DataType"
                    }
                  ]
                }
              }
            }
          ]
        },
        "packageId": "25a7f951-54b7-4cf5-9862-ebc04306c590",
        "packageKind": "Standalone",
        "packageName": "Conditional Access Policy Modified by New User",
        "contentProductId": "25a7f951-54b7-4cf5-9862-ebc04306c590-ar-ebnpa4graydds",
        "id": "25a7f951-54b7-4cf5-9862-ebc04306c590-ar-ebnpa4graydds",
        "packageVersion": "1.0.2",
        "version": "1.0.2"
      }
    },
    {
      "type": "Microsoft.OperationalInsights/workspaces/providers/contentPackages",
      "name": "[concat(parameters('workspace'),'/Microsoft.SecurityInsights/', '25a7f951-54b7-4cf5-9862-ebc04306c590')]",
      "location": "[parameters('workspace-location')]",
      "apiVersion": "2023-04-01-preview",
      "properties": {
        "author": {
          "name": "Pete Bryan"
        },
        "categories": {
          "domains": [
            "Security - Others"
          ]
        },
        "dependencies": {
          "operator": "AND",
          "criteria": [
            {
              "contentId": "25a7f951-54b7-4cf5-9862-ebc04306c590",
              "kind": "AnalyticsRule"
            }
          ]
        },
        "description": "Detects a Conditional Access Policy being modified by a user who has not modified a policy in the last 14 days.\n  A threat actor may try to modify policies to weaken the security controls in place.\n  Investigate any change to ensure they are approved.\n  Ref: https://docs.microsoft.com/azure/active-directory/fundamentals/security-operations-infrastructure#conditional-access",
        "displayName": "Conditional Access Policy Modified by New User",
        "source": {
          "kind": "Community",
          "name": "Standalone"
        },
        "support": {
          "tier": "Community",
          "name": "Community",
          "link": "https://github.com/Azure/Azure-Sentinel/issues"
        },
        "threatAnalysisTactics": [
          "DefenseEvasion"
        ],
        "threatAnalyticsTechniques": [
          "T1078.004"
        ],
        "version": "1.0.2",
        "contentSchemaVersion": "3.0.0",
        "contentId": "25a7f951-54b7-4cf5-9862-ebc04306c590",
        "contentKind": "Standalone",
        "contentProductId": "25a7f951-54b7-4cf5-9862-ebc04306c590-sa-zmgvnbjn4ujey",
        "id": "25a7f951-54b7-4cf5-9862-ebc04306c590-sa-zmgvnbjn4ujey"
      }
    }
  ],
  "variables": {}
}