{
  "$schema": "https://schema.management.azure.com/schemas/2019-04-01/deploymentTemplate.json#",
  "contentVersion": "1.0.0.0",
  "metadata": {},
  "parameters": {
    "location": {
      "type": "string",
      "minLength": 1,
      "defaultValue": "[resourceGroup().location]",
      "metadata": {
        "description": "Not used, but needed to pass arm-ttk test `Location-Should-Not-Be-Hardcoded`.  We instead use the `workspace-location` which is derived from the LA workspace"
      }
    },
    "workspace-location": {
      "type": "string",
      "defaultValue": "",
      "metadata": {
        "description": "[concat('Region to deploy solution resources -- separate from location selection',parameters('location'))]"
      }
    },
    "workspace": {
      "defaultValue": "",
      "type": "string",
      "metadata": {
        "description": "Workspace name for Log Analytics where Microsoft Sentinel is setup"
      }
    }
  },
  "resources": [
    {
      "type": "Microsoft.OperationalInsights/workspaces/providers/contentTemplates",
      "name": "[concat(parameters('workspace'),'/Microsoft.SecurityInsights/', 'b725d62c-eb77-42ff-96f6-bdc6745fc6e0')]",
      "location": "[parameters('workspace-location')]",
      "apiVersion": "2023-04-01-preview",
      "dependsOn": [
        "[extensionResourceId(resourceId('Microsoft.OperationalInsights/workspaces', parameters('workspace')), 'Microsoft.SecurityInsights/contentPackages', 'b725d62c-eb77-42ff-96f6-bdc6745fc6e0')]"
      ],
      "properties": {
        "contentId": "b725d62c-eb77-42ff-96f6-bdc6745fc6e0",
        "displayName": "New UserAgent observed in last 24 hours",
        "contentKind": "AnalyticsRule",
        "mainTemplate": {
          "$schema": "https://schema.management.azure.com/schemas/2019-04-01/deploymentTemplate.json#",
          "contentVersion": "1.0.1",
          "resources": [
            {
              "type": "Microsoft.OperationalInsights/workspaces/providers/alertRules",
              "apiVersion": "2022-04-01-preview",
              "name": "b725d62c-eb77-42ff-96f6-bdc6745fc6e0",
              "kind": "Scheduled",
              "location": "[parameters('workspace-location')]",
              "properties": {
                "description": "Identifies new UserAgents observed in the last 24 hours versus the previous 14 days. This detection\nextracts words from user agents to build the baseline and determine rareity rather than perform a\ndirect comparison. This avoids FPs caused by version numbers and other high entropy user agent components.\nThese new UserAgents could be benign. However, in normally stable environments,\nthese new UserAgents could provide a starting point for investigating malicious activity.\nNote: W3CIISLog can be noisy depending on the environment, however OfficeActivity and AWSCloudTrail are\nusually stable with low numbers of detections.",
                "displayName": "New UserAgent observed in last 24 hours",
                "enabled": false,
                "query": "\nlet starttime = 14d;\nlet endtime = 1d;\nlet UserAgentAll =\n(union isfuzzy=true\n(OfficeActivity\n| where TimeGenerated >= ago(starttime)\n| where isnotempty(UserAgent)\n| summarize StartTime = min(TimeGenerated), EndTime = max(TimeGenerated) by UserAgent, SourceIP = ClientIP, Account = UserId, Type, RecordType, Operation\n),\n(\nW3CIISLog\n| where TimeGenerated >= ago(starttime)\n| where isnotempty(csUserAgent)\n| summarize StartTime = min(TimeGenerated), EndTime = max(TimeGenerated) by UserAgent = csUserAgent, SourceIP = cIP, Account = csUserName, Type, sSiteName, csMethod, csUriStem\n),\n(\nAWSCloudTrail\n| where TimeGenerated >= ago(starttime)\n| where isnotempty(UserAgent)\n| summarize StartTime = min(TimeGenerated), EndTime = max(TimeGenerated) by UserAgent, SourceIP = SourceIpAddress, Account = UserIdentityUserName, Type, EventSource, EventName\n))\n// remove wordSize blocks of non-numeric hex characters prior to word extraction\n| extend UserAgentNoHexAlphas = replace(\"([A-Fa-f]{4,})\", \"x\", UserAgent)\n// once blocks of hex chars are removed, extract wordSize blocks of a-z\n| extend Tokens = extract_all(\"([A-Za-z]{4,})\", UserAgentNoHexAlphas)\n// concatenate extracted words to create a summarized user agent for baseline and comparison\n| extend NormalizedUserAgent = strcat_array(Tokens, \"|\")\n| project-away UserAgentNoHexAlphas, Tokens;\nUserAgentAll\n| where StartTime >= ago(endtime)\n| summarize StartTime = min(StartTime), EndTime = max(EndTime), count() by UserAgent, NormalizedUserAgent, SourceIP, Account, Type, RecordType, Operation, EventSource, EventName, sSiteName, csMethod, csUriStem\n| join kind=leftanti\n(\nUserAgentAll\n| where StartTime < ago(endtime)\n| summarize by NormalizedUserAgent, SourceIP, Account, Type, RecordType, Operation, EventSource, EventName, sSiteName, csMethod, csUriStem\n)\non NormalizedUserAgent\n| extend timestamp = StartTime, IPCustomEntity = SourceIP, AccountCustomEntity = Account\n",
                "queryFrequency": "P1D",
                "queryPeriod": "P14D",
                "severity": "Low",
                "status": "Available",
                "suppressionDuration": "PT1H",
                "suppressionEnabled": false,
                "triggerOperator": "GreaterThan",
                "triggerThreshold": 0,
                "tactics": [
                  "InitialAccess",
                  "CommandAndControl",
                  "Execution"
                ],
                "techniques": [
                  "T1189",
                  "T1071",
                  "T1203"
                ],
                "entityMappings": [
                  {
                    "entityType": "Account",
                    "fieldMappings": {
                      "columnName": "AccountCustomEntity",
                      "identifier": "FullName"
                    }
                  },
                  {
                    "entityType": "IP",
                    "fieldMappings": {
                      "columnName": "IPCustomEntity",
                      "identifier": "Address"
                    }
                  }
                ],
                "requiredDataConnectors": [
                  {
                    "connectorId": "AWS",
                    "dataTypes": [
                      "AWSCloudTrail"
                    ]
                  },
                  {
                    "connectorId": "AzureMonitor(IIS)",
                    "dataTypes": [
                      "W3CIISLog"
                    ]
                  },
                  {
                    "connectorId": "Office365",
                    "dataTypes": [
                      "OfficeActivity"
                    ]
                  }
                ]
              }
            },
            {
              "type": "Microsoft.OperationalInsights/workspaces/providers/metadata",
              "apiVersion": "2021-03-01-preview",
              "properties": {
                "description": "Identifies new UserAgents observed in the last 24 hours versus the previous 14 days. This detection\nextracts words from user agents to build the baseline and determine rareity rather than perform a\ndirect comparison. This avoids FPs caused by version numbers and other high entropy user agent components.\nThese new UserAgents could be benign. However, in normally stable environments,\nthese new UserAgents could provide a starting point for investigating malicious activity.\nNote: W3CIISLog can be noisy depending on the environment, however OfficeActivity and AWSCloudTrail are\nusually stable with low numbers of detections.",
                "version": "1.0.1",
                "author": {
                  "name": "Shain"
                },
                "support": {
                  "tier": "Community",
                  "name": "Community",
                  "link": "https://github.com/Azure/Azure-Sentinel/issues"
                },
                "source": {
                  "kind": "Community",
                  "name": "Standalone"
                },
                "threatAnalysisTactics": [
                  "InitialAccess",
                  "CommandAndControl",
                  "Execution"
                ],
                "threatAnalyticsTechniques": [
                  "T1189",
                  "T1071",
                  "T1203"
                ],
                "contentId": "b725d62c-eb77-42ff-96f6-bdc6745fc6e0",
                "parentId": "b725d62c-eb77-42ff-96f6-bdc6745fc6e0",
                "kind": "AnalyticsRule",
                "dependencies": {
                  "operator": "AND",
                  "criteria": [
                    {
                      "contentId": "AWSCloudTrail",
                      "kind": "DataType"
                    },
                    {
                      "contentId": "OfficeActivity",
                      "kind": "DataType"
                    },
                    {
                      "contentId": "W3CIISLog",
                      "kind": "DataType"
                    }
                  ]
                }
              }
            }
          ]
        },
        "packageId": "b725d62c-eb77-42ff-96f6-bdc6745fc6e0",
        "packageKind": "Standalone",
        "packageName": "New UserAgent observed in last 24 hours",
        "contentProductId": "b725d62c-eb77-42ff-96f6-bdc6745fc6e0-ar-q77r7jt6mx7os",
        "id": "b725d62c-eb77-42ff-96f6-bdc6745fc6e0-ar-q77r7jt6mx7os",
        "packageVersion": "1.0.1",
        "version": "1.0.1"
      }
    },
    {
      "type": "Microsoft.OperationalInsights/workspaces/providers/contentPackages",
      "name": "[concat(parameters('workspace'),'/Microsoft.SecurityInsights/', 'b725d62c-eb77-42ff-96f6-bdc6745fc6e0')]",
      "location": "[parameters('workspace-location')]",
      "apiVersion": "2023-04-01-preview",
      "properties": {
        "author": {
          "name": "Shain"
        },
        "categories": {
          "domains": [
            "Security - Others"
          ]
        },
        "dependencies": {
          "operator": "AND",
          "criteria": [
            {
              "contentId": "b725d62c-eb77-42ff-96f6-bdc6745fc6e0",
              "kind": "AnalyticsRule"
            }
          ]
        },
        "description": "Identifies new UserAgents observed in the last 24 hours versus the previous 14 days. This detection\nextracts words from user agents to build the baseline and determine rareity rather than perform a\ndirect comparison. This avoids FPs caused by version numbers and other high entropy user agent components.\nThese new UserAgents could be benign. However, in normally stable environments,\nthese new UserAgents could provide a starting point for investigating malicious activity.\nNote: W3CIISLog can be noisy depending on the environment, however OfficeActivity and AWSCloudTrail are\nusually stable with low numbers of detections.",
        "displayName": "New UserAgent observed in last 24 hours",
        "source": {
          "kind": "Community",
          "name": "Standalone"
        },
        "support": {
          "tier": "Community",
          "name": "Community",
          "link": "https://github.com/Azure/Azure-Sentinel/issues"
        },
        "threatAnalysisTactics": [
          "InitialAccess",
          "CommandAndControl",
          "Execution"
        ],
        "threatAnalyticsTechniques": [
          "T1189",
          "T1071",
          "T1203"
        ],
        "version": "1.0.1",
        "contentSchemaVersion": "3.0.0",
        "contentId": "b725d62c-eb77-42ff-96f6-bdc6745fc6e0",
        "contentKind": "Standalone",
        "contentProductId": "b725d62c-eb77-42ff-96f6-bdc6745fc6e0-sa-as7gskk24a4da",
        "id": "b725d62c-eb77-42ff-96f6-bdc6745fc6e0-sa-as7gskk24a4da"
      }
    }
  ],
  "variables": {}
}