{
  "$schema": "https://schema.management.azure.com/schemas/2019-04-01/deploymentTemplate.json#",
  "contentVersion": "1.0.0.0",
  "metadata": {},
  "parameters": {
    "location": {
      "type": "string",
      "minLength": 1,
      "defaultValue": "[resourceGroup().location]",
      "metadata": {
        "description": "Not used, but needed to pass arm-ttk test `Location-Should-Not-Be-Hardcoded`.  We instead use the `workspace-location` which is derived from the LA workspace"
      }
    },
    "workspace-location": {
      "type": "string",
      "defaultValue": "",
      "metadata": {
        "description": "[concat('Region to deploy solution resources -- separate from location selection',parameters('location'))]"
      }
    },
    "workspace": {
      "defaultValue": "",
      "type": "string",
      "metadata": {
        "description": "Workspace name for Log Analytics where Microsoft Sentinel is setup"
      }
    }
  },
  "resources": [
    {
      "type": "Microsoft.OperationalInsights/workspaces/providers/contentTemplates",
      "name": "[concat(parameters('workspace'),'/Microsoft.SecurityInsights/', '06bbf969-fcbe-43fa-bac2-b2fa131d113a')]",
      "location": "[parameters('workspace-location')]",
      "apiVersion": "2023-04-01-preview",
      "dependsOn": [
        "[extensionResourceId(resourceId('Microsoft.OperationalInsights/workspaces', parameters('workspace')), 'Microsoft.SecurityInsights/contentPackages', '06bbf969-fcbe-43fa-bac2-b2fa131d113a')]"
      ],
      "properties": {
        "contentId": "06bbf969-fcbe-43fa-bac2-b2fa131d113a",
        "displayName": "Azure AD Health Service Agents Registry Keys Access",
        "contentKind": "AnalyticsRule",
        "mainTemplate": {
          "$schema": "https://schema.management.azure.com/schemas/2019-04-01/deploymentTemplate.json#",
          "contentVersion": "1.1.2",
          "resources": [
            {
              "type": "Microsoft.OperationalInsights/workspaces/providers/alertRules",
              "apiVersion": "2022-04-01-preview",
              "name": "06bbf969-fcbe-43fa-bac2-b2fa131d113a",
              "kind": "Scheduled",
              "location": "[parameters('workspace-location')]",
              "properties": {
                "description": "This detection uses Windows security events to detect suspicious access attempts to the registry key values and sub-keys of Azure AD Health service agents (e.g AD FS).\nInformation from AD Health service agents can be used to potentially abuse some of the features provided by those services in the cloud (e.g. Federation).\nThis detection requires an access control entry (ACE) on the system access control list (SACL) of the following securable object: HKLM:\\SOFTWARE\\Microsoft\\ADHealthAgent.\nMake sure you set the SACL to propagate to its sub-keys. You can find more information in here https://github.com/OTRF/Set-AuditRule/blob/master/rules/registry/aad_connect_health_service_agent.yml\n",
                "displayName": "Azure AD Health Service Agents Registry Keys Access",
                "enabled": false,
                "query": "// ADHealth Monitoring Agent Registry Key\nlet aadHealthMonAgentRegKey = \"\\\\REGISTRY\\\\MACHINE\\\\SOFTWARE\\\\Microsoft\\\\MicrosoftOnline\\\\Reporting\\\\MonitoringAgent\";\n// Filter out known processes\nlet aadConnectHealthProcs = dynamic ([\n    'Microsoft.Identity.Health.Adfs.DiagnosticsAgent.exe',\n    'Microsoft.Identity.Health.Adfs.InsightsService.exe',\n    'Microsoft.Identity.Health.Adfs.MonitoringAgent.Startup.exe',\n    'Microsoft.Identity.Health.Adfs.PshSurrogate.exe',\n    'Microsoft.Identity.Health.Common.Clients.ResourceMonitor.exe',\n    'Microsoft.Identity.Health.AadSync.MonitoringAgent.Startup.exe',\n    'Microsoft.Identity.AadConnect.Health.AadSync.Host.exe',\n    'Microsoft.Azure.ActiveDirectory.Synchronization.Upgrader.exe',\n    'miiserver.exe'\n]);\n(union isfuzzy=true\n(\nSecurityEvent\n| where EventID == '4656'\n| where EventData has aadHealthMonAgentRegKey\n| extend EventData = parse_xml(EventData).EventData.Data\n| mv-expand bagexpansion=array EventData\n| evaluate bag_unpack(EventData)\n| extend Key = tostring(column_ifexists('@Name', \"\")), Value = column_ifexists('#text', \"\")\n| evaluate pivot(Key, any(Value), TimeGenerated, Computer, EventID)\n| extend ObjectName = column_ifexists(\"ObjectName\", \"\"),\n    ObjectType = column_ifexists(\"ObjectType\", \"\")\n| where ObjectType == 'Key'\n| where ObjectName == aadHealthMonAgentRegKey\n| extend SubjectUserName = column_ifexists(\"SubjectUserName\", \"\"),\n    SubjectDomainName = column_ifexists(\"SubjectDomainName\", \"\"),\n    ProcessName = column_ifexists(\"ProcessName\", \"\")\n| extend Process = split(ProcessName, '\\\\', -1)[-1],\n    Account = strcat(SubjectDomainName, \"\\\\\", SubjectUserName)\n| where Process !in (aadConnectHealthProcs)\n| summarize StartTime = max(TimeGenerated), EndTime = min(TimeGenerated), count() by EventID, Account, Computer, Process, SubjectUserName, SubjectDomainName, ObjectName, ObjectType, ProcessName\n),\n  ( WindowsEvent\n| where EventID == '4656' and EventData has aadHealthMonAgentRegKey\n| extend ObjectType = tostring(EventData.ObjectType)\n| where ObjectType == 'Key'\n| extend ObjectName = tostring(EventData.ObjectName)\n| where ObjectName == aadHealthMonAgentRegKey\n| extend ProcessName = tostring(EventData.ProcessName)\n| extend Process = tostring(split(ProcessName, '\\\\')[-1])\n| where Process !in (aadConnectHealthProcs)\n| extend Account =  strcat(tostring(EventData.SubjectDomainName),\"\\\\\", tostring(EventData.SubjectUserName))\n| extend SubjectUserName = tostring(EventData.SubjectUserName)\n| extend SubjectDomainName = tostring(EventData.SubjectDomainName)\n| summarize StartTime = max(TimeGenerated), EndTime = min(TimeGenerated), count() by EventID, Account, Computer, Process, SubjectUserName, SubjectDomainName, ObjectName, ObjectType, ProcessName\n),\n(\nSecurityEvent\n| where EventID == '4663'\n| where ObjectType == 'Key'\n| where ObjectName == aadHealthMonAgentRegKey\n| extend Process = tostring(split(ProcessName, '\\\\', -1)[-1])\n| where Process !in (aadConnectHealthProcs)\n| summarize StartTime = max(TimeGenerated), EndTime = min(TimeGenerated), count() by EventID, Account, Computer, Process, SubjectUserName, SubjectDomainName, ObjectName, ObjectType, ProcessName\n),\n( WindowsEvent\n| where EventID == '4663' and EventData has aadHealthMonAgentRegKey\n| extend ObjectType = tostring(EventData.ObjectType)\n| where ObjectType == 'Key'\n| extend ObjectName = tostring(EventData.ObjectName)\n| where ObjectName == aadHealthMonAgentRegKey\n| extend ProcessName = tostring(EventData.ProcessName)\n| extend Process = tostring(split(ProcessName, '\\\\')[-1])\n| where Process !in (aadConnectHealthProcs)\n| extend Account =  strcat(tostring(EventData.SubjectDomainName),\"\\\\\", tostring(EventData.SubjectUserName))\n| extend SubjectUserName = tostring(EventData.SubjectUserName)\n| extend SubjectDomainName = tostring(EventData.SubjectDomainName)\n| summarize StartTime = max(TimeGenerated), EndTime = min(TimeGenerated), count() by EventID, Account, Computer, Process, SubjectUserName, SubjectDomainName, ObjectName, ObjectType, ProcessName\n)\n)\n// You can filter out potential machine accounts\n//| where AccountType != 'Machine'\n| extend timestamp = StartTime, AccountCustomEntity = Account, HostCustomEntity = Computer\n",
                "queryFrequency": "P1D",
                "queryPeriod": "P1D",
                "severity": "Medium",
                "status": "Available",
                "suppressionDuration": "PT1H",
                "suppressionEnabled": false,
                "triggerOperator": "GreaterThan",
                "triggerThreshold": 0,
                "tactics": [
                  "Collection"
                ],
                "techniques": [
                  "T1005"
                ],
                "entityMappings": [
                  {
                    "entityType": "Account",
                    "fieldMappings": [
                      {
                        "columnName": "AccountCustomEntity",
                        "identifier": "FullName"
                      }
                    ]
                  },
                  {
                    "entityType": "Host",
                    "fieldMappings": [
                      {
                        "columnName": "HostCustomEntity",
                        "identifier": "FullName"
                      }
                    ]
                  }
                ],
                "requiredDataConnectors": [
                  {
                    "connectorId": "SecurityEvents",
                    "dataTypes": [
                      "SecurityEvent"
                    ]
                  },
                  {
                    "connectorId": "WindowsForwardedEvents",
                    "dataTypes": [
                      "WindowsEvent"
                    ]
                  },
                  {
                    "connectorId": "WindowsSecurityEvents",
                    "dataTypes": [
                      "SecurityEvents"
                    ]
                  }
                ]
              }
            },
            {
              "type": "Microsoft.OperationalInsights/workspaces/providers/metadata",
              "apiVersion": "2021-03-01-preview",
              "properties": {
                "description": "This detection uses Windows security events to detect suspicious access attempts to the registry key values and sub-keys of Azure AD Health service agents (e.g AD FS).\nInformation from AD Health service agents can be used to potentially abuse some of the features provided by those services in the cloud (e.g. Federation).\nThis detection requires an access control entry (ACE) on the system access control list (SACL) of the following securable object: HKLM:\\SOFTWARE\\Microsoft\\ADHealthAgent.\nMake sure you set the SACL to propagate to its sub-keys. You can find more information in here https://github.com/OTRF/Set-AuditRule/blob/master/rules/registry/aad_connect_health_service_agent.yml\n",
                "version": "1.1.2",
                "author": {
                  "name": "Roberto Rodriguez"
                },
                "support": {
                  "tier": "Community",
                  "name": "Community",
                  "link": "https://github.com/Azure/Azure-Sentinel/issues"
                },
                "source": {
                  "kind": "Community",
                  "name": "Standalone"
                },
                "threatAnalysisTactics": [
                  "Collection"
                ],
                "threatAnalyticsTechniques": [
                  "T1005"
                ],
                "contentId": "06bbf969-fcbe-43fa-bac2-b2fa131d113a",
                "parentId": "06bbf969-fcbe-43fa-bac2-b2fa131d113a",
                "kind": "AnalyticsRule",
                "dependencies": {
                  "operator": "AND",
                  "criteria": [
                    {
                      "contentId": "SecurityEvent",
                      "kind": "DataType"
                    },
                    {
                      "contentId": "SecurityEvents",
                      "kind": "DataType"
                    },
                    {
                      "contentId": "WindowsEvent",
                      "kind": "DataType"
                    }
                  ]
                }
              }
            }
          ]
        },
        "packageId": "06bbf969-fcbe-43fa-bac2-b2fa131d113a",
        "packageKind": "Standalone",
        "packageName": "Azure AD Health Service Agents Registry Keys Access",
        "contentProductId": "06bbf969-fcbe-43fa-bac2-b2fa131d113a-ar-rnxsacuehsicy",
        "id": "06bbf969-fcbe-43fa-bac2-b2fa131d113a-ar-rnxsacuehsicy",
        "packageVersion": "1.1.2",
        "version": "1.1.2"
      }
    },
    {
      "type": "Microsoft.OperationalInsights/workspaces/providers/contentPackages",
      "name": "[concat(parameters('workspace'),'/Microsoft.SecurityInsights/', '06bbf969-fcbe-43fa-bac2-b2fa131d113a')]",
      "location": "[parameters('workspace-location')]",
      "apiVersion": "2023-04-01-preview",
      "properties": {
        "author": {
          "name": "Roberto Rodriguez"
        },
        "categories": {
          "domains": [
            "Security - Others",
            "Identity"
          ]
        },
        "dependencies": {
          "operator": "AND",
          "criteria": [
            {
              "contentId": "06bbf969-fcbe-43fa-bac2-b2fa131d113a",
              "kind": "AnalyticsRule"
            }
          ]
        },
        "description": "This detection uses Windows security events to detect suspicious access attempts to the registry key values and sub-keys of Azure AD Health service agents (e.g AD FS).\nInformation from AD Health service agents can be used to potentially abuse some of the features provided by those services in the cloud (e.g. Federation).\nThis detection requires an access control entry (ACE) on the system access control list (SACL) of the following securable object: HKLM:\\SOFTWARE\\Microsoft\\ADHealthAgent.\nMake sure you set the SACL to propagate to its sub-keys. You can find more information in here https://github.com/OTRF/Set-AuditRule/blob/master/rules/registry/aad_connect_health_service_agent.yml\n",
        "displayName": "Azure AD Health Service Agents Registry Keys Access",
        "source": {
          "kind": "Community",
          "name": "Standalone"
        },
        "support": {
          "tier": "Community",
          "name": "Community",
          "link": "https://github.com/Azure/Azure-Sentinel/issues"
        },
        "threatAnalysisTactics": [
          "Collection"
        ],
        "threatAnalyticsTechniques": [
          "T1005"
        ],
        "version": "1.1.2",
        "contentSchemaVersion": "3.0.0",
        "contentId": "06bbf969-fcbe-43fa-bac2-b2fa131d113a",
        "contentKind": "Standalone",
        "contentProductId": "06bbf969-fcbe-43fa-bac2-b2fa131d113a-sa-66tc5iplca62m",
        "id": "06bbf969-fcbe-43fa-bac2-b2fa131d113a-sa-66tc5iplca62m"
      }
    }
  ],
  "variables": {}
}