{
  "$schema": "https://schema.management.azure.com/schemas/2019-04-01/deploymentTemplate.json#",
  "contentVersion": "1.0.0.0",
  "metadata": {},
  "parameters": {
    "location": {
      "type": "string",
      "minLength": 1,
      "defaultValue": "[resourceGroup().location]",
      "metadata": {
        "description": "Not used, but needed to pass arm-ttk test `Location-Should-Not-Be-Hardcoded`.  We instead use the `workspace-location` which is derived from the LA workspace"
      }
    },
    "workspace-location": {
      "type": "string",
      "defaultValue": "",
      "metadata": {
        "description": "[concat('Region to deploy solution resources -- separate from location selection',parameters('location'))]"
      }
    },
    "workspace": {
      "defaultValue": "",
      "type": "string",
      "metadata": {
        "description": "Workspace name for Log Analytics where Microsoft Sentinel is setup"
      }
    }
  },
  "resources": [
    {
      "type": "Microsoft.OperationalInsights/workspaces/providers/contentTemplates",
      "name": "[concat(parameters('workspace'),'/Microsoft.SecurityInsights/', '572e75ef-5147-49d9-9d65-13f2ed1e3a86')]",
      "location": "[parameters('workspace-location')]",
      "apiVersion": "2023-04-01-preview",
      "dependsOn": [
        "[extensionResourceId(resourceId('Microsoft.OperationalInsights/workspaces', parameters('workspace')), 'Microsoft.SecurityInsights/contentPackages', '572e75ef-5147-49d9-9d65-13f2ed1e3a86')]"
      ],
      "properties": {
        "contentId": "572e75ef-5147-49d9-9d65-13f2ed1e3a86",
        "displayName": "Guest Users Invited to Tenant by New Inviters",
        "contentKind": "AnalyticsRule",
        "mainTemplate": {
          "$schema": "https://schema.management.azure.com/schemas/2019-04-01/deploymentTemplate.json#",
          "contentVersion": "1.0.1",
          "resources": [
            {
              "type": "Microsoft.OperationalInsights/workspaces/providers/alertRules",
              "apiVersion": "2022-04-01-preview",
              "name": "572e75ef-5147-49d9-9d65-13f2ed1e3a86",
              "kind": "Scheduled",
              "location": "[parameters('workspace-location')]",
              "properties": {
                "description": "Detects when a Guest User is added by a user account that has not been seen adding a guest in the previous 14 days.\n  Monitoring guest accounts and the access they are provided is important to detect potential account abuse.\n  Accounts added should be investigated to ensure the activity was legitimate.\n  Ref: https://docs.microsoft.com/azure/active-directory/fundamentals/security-operations-user-accounts#monitoring-for-failed-unusual-sign-ins",
                "displayName": "Guest Users Invited to Tenant by New Inviters",
                "enabled": false,
                "query": "let inviting_users = (AuditLogs\n  | where TimeGenerated between(ago(14d)..ago(1d))\n  | where OperationName =~ \"Invite external user\"\n  | where Result =~ \"success\"\n  | extend invitingUser = tostring(parse_json(tostring(InitiatedBy.user)).userPrincipalName)\n  | where isnotempty(invitingUser)\n  | summarize by invitingUser);\n  AuditLogs\n  | where TimeGenerated > ago(1d)\n  | where OperationName =~ \"Invite external user\"\n  | where Result =~ \"success\"\n  | extend invitingUser = tostring(parse_json(tostring(InitiatedBy.user)).userPrincipalName)\n  | where isnotempty(invitingUser) and invitingUser !in (inviting_users)\n  | extend invitedUserPrincipalName = tostring(TargetResources[0].userPrincipalName)\n  | extend ipAddress = tostring(parse_json(tostring(InitiatedBy.user)).ipAddress)\n",
                "queryFrequency": "P1D",
                "queryPeriod": "P14D",
                "severity": "Medium",
                "status": "Available",
                "suppressionDuration": "PT1H",
                "suppressionEnabled": false,
                "triggerOperator": "GreaterThan",
                "triggerThreshold": 0,
                "tactics": [
                  "Persistence"
                ],
                "techniques": [
                  "T1078"
                ],
                "entityMappings": [
                  {
                    "entityType": "Account",
                    "fieldMappings": [
                      {
                        "columnName": "invitingUser",
                        "identifier": "FullName"
                      }
                    ]
                  },
                  {
                    "entityType": "Account",
                    "fieldMappings": [
                      {
                        "columnName": "invitedUserPrincipalName",
                        "identifier": "FullName"
                      }
                    ]
                  },
                  {
                    "entityType": "IP",
                    "fieldMappings": [
                      {
                        "columnName": "ipAddress",
                        "identifier": "Address"
                      }
                    ]
                  }
                ],
                "requiredDataConnectors": [
                  {
                    "connectorId": "AzureActiveDirectory",
                    "dataTypes": [
                      "AuditLogs"
                    ]
                  }
                ]
              }
            },
            {
              "type": "Microsoft.OperationalInsights/workspaces/providers/metadata",
              "apiVersion": "2021-03-01-preview",
              "properties": {
                "description": "Detects when a Guest User is added by a user account that has not been seen adding a guest in the previous 14 days.\n  Monitoring guest accounts and the access they are provided is important to detect potential account abuse.\n  Accounts added should be investigated to ensure the activity was legitimate.\n  Ref: https://docs.microsoft.com/azure/active-directory/fundamentals/security-operations-user-accounts#monitoring-for-failed-unusual-sign-ins",
                "version": "1.0.1",
                "author": {
                  "name": "Pete Bryan"
                },
                "support": {
                  "tier": "Community",
                  "name": "Community",
                  "link": "https://github.com/Azure/Azure-Sentinel/issues"
                },
                "source": {
                  "kind": "Community",
                  "name": "Standalone"
                },
                "threatAnalysisTactics": [
                  "Persistence"
                ],
                "threatAnalyticsTechniques": [
                  "T1078.004"
                ],
                "contentId": "572e75ef-5147-49d9-9d65-13f2ed1e3a86",
                "parentId": "572e75ef-5147-49d9-9d65-13f2ed1e3a86",
                "kind": "AnalyticsRule",
                "dependencies": {
                  "operator": "AND",
                  "criteria": [
                    {
                      "contentId": "AuditLogs",
                      "kind": "DataType"
                    }
                  ]
                }
              }
            }
          ]
        },
        "packageId": "572e75ef-5147-49d9-9d65-13f2ed1e3a86",
        "packageKind": "Standalone",
        "packageName": "Guest Users Invited to Tenant by New Inviters",
        "contentProductId": "572e75ef-5147-49d9-9d65-13f2ed1e3a86-ar-dsn7fmtid6m32",
        "id": "572e75ef-5147-49d9-9d65-13f2ed1e3a86-ar-dsn7fmtid6m32",
        "packageVersion": "1.0.1",
        "version": "1.0.1"
      }
    },
    {
      "type": "Microsoft.OperationalInsights/workspaces/providers/contentPackages",
      "name": "[concat(parameters('workspace'),'/Microsoft.SecurityInsights/', '572e75ef-5147-49d9-9d65-13f2ed1e3a86')]",
      "location": "[parameters('workspace-location')]",
      "apiVersion": "2023-04-01-preview",
      "properties": {
        "author": {
          "name": "Pete Bryan"
        },
        "categories": {
          "domains": [
            "Security - Others",
            "Identity"
          ]
        },
        "dependencies": {
          "operator": "AND",
          "criteria": [
            {
              "contentId": "572e75ef-5147-49d9-9d65-13f2ed1e3a86",
              "kind": "AnalyticsRule"
            }
          ]
        },
        "description": "Detects when a Guest User is added by a user account that has not been seen adding a guest in the previous 14 days.\n  Monitoring guest accounts and the access they are provided is important to detect potential account abuse.\n  Accounts added should be investigated to ensure the activity was legitimate.\n  Ref: https://docs.microsoft.com/azure/active-directory/fundamentals/security-operations-user-accounts#monitoring-for-failed-unusual-sign-ins",
        "displayName": "Guest Users Invited to Tenant by New Inviters",
        "source": {
          "kind": "Community",
          "name": "Standalone"
        },
        "support": {
          "tier": "Community",
          "name": "Community",
          "link": "https://github.com/Azure/Azure-Sentinel/issues"
        },
        "threatAnalysisTactics": [
          "Persistence"
        ],
        "threatAnalyticsTechniques": [
          "T1078.004"
        ],
        "version": "1.0.1",
        "contentSchemaVersion": "3.0.0",
        "contentId": "572e75ef-5147-49d9-9d65-13f2ed1e3a86",
        "contentKind": "Standalone",
        "contentProductId": "572e75ef-5147-49d9-9d65-13f2ed1e3a86-sa-ymxfmr2h5kc3m",
        "id": "572e75ef-5147-49d9-9d65-13f2ed1e3a86-sa-ymxfmr2h5kc3m"
      }
    }
  ],
  "variables": {}
}