{
  "$schema": "https://schema.management.azure.com/schemas/2019-04-01/deploymentTemplate.json#",
  "contentVersion": "1.0.0.0",
  "metadata": {},
  "parameters": {
    "location": {
      "type": "string",
      "minLength": 1,
      "defaultValue": "[resourceGroup().location]",
      "metadata": {
        "description": "Not used, but needed to pass arm-ttk test `Location-Should-Not-Be-Hardcoded`.  We instead use the `workspace-location` which is derived from the LA workspace"
      }
    },
    "workspace-location": {
      "type": "string",
      "defaultValue": "",
      "metadata": {
        "description": "[concat('Region to deploy solution resources -- separate from location selection',parameters('location'))]"
      }
    },
    "workspace": {
      "defaultValue": "",
      "type": "string",
      "metadata": {
        "description": "Workspace name for Log Analytics where Microsoft Sentinel is setup"
      }
    }
  },
  "resources": [
    {
      "type": "Microsoft.OperationalInsights/workspaces/providers/contentTemplates",
      "name": "[concat(parameters('workspace'),'/Microsoft.SecurityInsights/', '09ec8fa2-b25f-4696-bfae-05a7b85d7b9e')]",
      "location": "[parameters('workspace-location')]",
      "apiVersion": "2023-04-01-preview",
      "dependsOn": [
        "[extensionResourceId(resourceId('Microsoft.OperationalInsights/workspaces', parameters('workspace')), 'Microsoft.SecurityInsights/contentPackages', '09ec8fa2-b25f-4696-bfae-05a7b85d7b9e')]"
      ],
      "properties": {
        "contentId": "09ec8fa2-b25f-4696-bfae-05a7b85d7b9e",
        "displayName": "User login from different countries within 3 hours (Uses Authentication Normalization)",
        "contentKind": "AnalyticsRule",
        "mainTemplate": {
          "$schema": "https://schema.management.azure.com/schemas/2019-04-01/deploymentTemplate.json#",
          "contentVersion": "1.2.2",
          "resources": [
            {
              "type": "Microsoft.OperationalInsights/workspaces/providers/alertRules",
              "apiVersion": "2022-04-01-preview",
              "name": "09ec8fa2-b25f-4696-bfae-05a7b85d7b9e",
              "kind": "Scheduled",
              "location": "[parameters('workspace-location')]",
              "properties": {
                "description": "This query searches for successful user logins from different countries within 3 hours.\n To use this analytics rule, make sure you have deployed the [ASIM normalization parsers](https://aka.ms/ASimAuthentication)",
                "displayName": "User login from different countries within 3 hours (Uses Authentication Normalization)",
                "enabled": false,
                "query": "let timeframe = ago(3h);\nlet threshold = 2;\nimAuthentication\n| where TimeGenerated > timeframe\n| where EventType=='Logon' and EventResult=='Success'\n| where isnotempty(SrcGeoCountry)\n| summarize StartTime = min(TimeGenerated), EndTime = max(TimeGenerated), Vendors=make_set(EventVendor), Products=make_set(EventProduct)\n  , NumOfCountries = dcount(SrcGeoCountry)\n  by TargetUserId, TargetUsername, TargetUserType\n| where NumOfCountries >= threshold\n| extend timestamp = StartTime, AccountCustomEntity = TargetUsername\n",
                "queryFrequency": "PT3H",
                "queryPeriod": "PT3H",
                "severity": "High",
                "status": "Available",
                "suppressionDuration": "PT1H",
                "suppressionEnabled": false,
                "triggerOperator": "GreaterThan",
                "triggerThreshold": 0,
                "tactics": [
                  "InitialAccess"
                ],
                "techniques": [
                  "T1078"
                ],
                "entityMappings": [
                  {
                    "entityType": "Account",
                    "fieldMappings": [
                      {
                        "columnName": "AccountCustomEntity",
                        "identifier": "FullName"
                      }
                    ]
                  }
                ]
              }
            },
            {
              "type": "Microsoft.OperationalInsights/workspaces/providers/metadata",
              "apiVersion": "2021-03-01-preview",
              "properties": {
                "description": "This query searches for successful user logins from different countries within 3 hours.\n To use this analytics rule, make sure you have deployed the [ASIM normalization parsers](https://aka.ms/ASimAuthentication)",
                "version": "1.2.2",
                "author": {
                  "name": "Ofer Shezaf"
                },
                "support": {
                  "tier": "Community",
                  "name": "Community",
                  "link": "https://github.com/Azure/Azure-Sentinel/issues"
                },
                "source": {
                  "kind": "Community",
                  "name": "Standalone"
                },
                "threatAnalysisTactics": [
                  "InitialAccess"
                ],
                "threatAnalyticsTechniques": [
                  "T1078"
                ],
                "contentId": "09ec8fa2-b25f-4696-bfae-05a7b85d7b9e",
                "parentId": "09ec8fa2-b25f-4696-bfae-05a7b85d7b9e",
                "kind": "AnalyticsRule"
              }
            }
          ]
        },
        "packageId": "09ec8fa2-b25f-4696-bfae-05a7b85d7b9e",
        "packageKind": "Standalone",
        "packageName": "User login from different countries within 3 hours (Uses Authentication Normalization)",
        "contentProductId": "09ec8fa2-b25f-4696-bfae-05a7b85d7b9e-ar-t5cy6cuocchbu",
        "id": "09ec8fa2-b25f-4696-bfae-05a7b85d7b9e-ar-t5cy6cuocchbu",
        "packageVersion": "1.2.2",
        "version": "1.2.2"
      }
    },
    {
      "type": "Microsoft.OperationalInsights/workspaces/providers/contentPackages",
      "name": "[concat(parameters('workspace'),'/Microsoft.SecurityInsights/', '09ec8fa2-b25f-4696-bfae-05a7b85d7b9e')]",
      "location": "[parameters('workspace-location')]",
      "apiVersion": "2023-04-01-preview",
      "properties": {
        "author": {
          "name": "Ofer Shezaf"
        },
        "categories": {
          "domains": [
            "Security - Network"
          ]
        },
        "dependencies": {
          "operator": "AND",
          "criteria": [
            {
              "contentId": "09ec8fa2-b25f-4696-bfae-05a7b85d7b9e",
              "kind": "AnalyticsRule"
            }
          ]
        },
        "description": "This query searches for successful user logins from different countries within 3 hours.\n To use this analytics rule, make sure you have deployed the [ASIM normalization parsers](https://aka.ms/ASimAuthentication)",
        "displayName": "User login from different countries within 3 hours (Uses Authentication Normalization)",
        "source": {
          "kind": "Community",
          "name": "Standalone"
        },
        "support": {
          "tier": "Community",
          "name": "Community",
          "link": "https://github.com/Azure/Azure-Sentinel/issues"
        },
        "threatAnalysisTactics": [
          "InitialAccess"
        ],
        "threatAnalyticsTechniques": [
          "T1078"
        ],
        "version": "1.2.2",
        "contentSchemaVersion": "3.0.0",
        "contentId": "09ec8fa2-b25f-4696-bfae-05a7b85d7b9e",
        "contentKind": "Standalone",
        "contentProductId": "09ec8fa2-b25f-4696-bfae-05a7b85d7b9e-sa-d2oomwbhngbee",
        "id": "09ec8fa2-b25f-4696-bfae-05a7b85d7b9e-sa-d2oomwbhngbee"
      }
    }
  ],
  "variables": {}
}