{
  "$schema": "https://schema.management.azure.com/schemas/2019-04-01/deploymentTemplate.json#",
  "contentVersion": "1.0.0.0",
  "metadata": {},
  "parameters": {
    "location": {
      "type": "string",
      "minLength": 1,
      "defaultValue": "[resourceGroup().location]",
      "metadata": {
        "description": "Not used, but needed to pass arm-ttk test `Location-Should-Not-Be-Hardcoded`.  We instead use the `workspace-location` which is derived from the LA workspace"
      }
    },
    "workspace-location": {
      "type": "string",
      "defaultValue": "",
      "metadata": {
        "description": "[concat('Region to deploy solution resources -- separate from location selection',parameters('location'))]"
      }
    },
    "workspace": {
      "defaultValue": "",
      "type": "string",
      "metadata": {
        "description": "Workspace name for Log Analytics where Microsoft Sentinel is setup"
      }
    }
  },
  "resources": [
    {
      "type": "Microsoft.OperationalInsights/workspaces/providers/contentTemplates",
      "name": "[concat(parameters('workspace'),'/Microsoft.SecurityInsights/', 'defe4855-0d33-4362-9557-009237623976')]",
      "location": "[parameters('workspace-location')]",
      "apiVersion": "2023-04-01-preview",
      "dependsOn": [
        "[extensionResourceId(resourceId('Microsoft.OperationalInsights/workspaces', parameters('workspace')), 'Microsoft.SecurityInsights/contentPackages', 'defe4855-0d33-4362-9557-009237623976')]"
      ],
      "properties": {
        "contentId": "defe4855-0d33-4362-9557-009237623976",
        "displayName": "Suspicious Login from deleted guest account",
        "contentKind": "AnalyticsRule",
        "mainTemplate": {
          "$schema": "https://schema.management.azure.com/schemas/2019-04-01/deploymentTemplate.json#",
          "contentVersion": "1.0.1",
          "resources": [
            {
              "type": "Microsoft.OperationalInsights/workspaces/providers/alertRules",
              "apiVersion": "2022-04-01-preview",
              "name": "defe4855-0d33-4362-9557-009237623976",
              "kind": "Scheduled",
              "location": "[parameters('workspace-location')]",
              "properties": {
                "description": " This query will detect logins from guest account which was recently deleted. \nFor any successful logins from deleted identities should be investigated further if any existing user accounts have been altered or linked to such identity prior deletion",
                "displayName": "Suspicious Login from deleted guest account",
                "enabled": false,
                "query": "let lookback = 1d;\nlet DeleteExtUsers = AuditLogs\n| where TimeGenerated > ago(lookback)\n| where Category =~ \"UserManagement\"\n| where OperationName =~ \"Delete external user\"\n| where Result =~ \"success\"\n| extend InviteInitiator = tostring(InitiatedBy.[\"user\"].[\"userPrincipalName\"])\n| extend Target = tostring(TargetResources[0].[\"displayName\"])\n| extend TargetUPN = tostring(extract(@\"UPN\\:\\s(.+)\\,\\sEmail\",1,Target)) , DeleteUserTime = TimeGenerated;\nDeleteExtUsers\n| join kind=inner (\nSigninLogs\n| where TimeGenerated > ago(lookback)\n| extend LoginTime = TimeGenerated\n) on $left.TargetUPN == $right.UserPrincipalName\n| where DeleteUserTime > LoginTime\n",
                "queryFrequency": "P1D",
                "queryPeriod": "P1D",
                "severity": "Medium",
                "status": "Available",
                "suppressionDuration": "PT1H",
                "suppressionEnabled": false,
                "triggerOperator": "GreaterThan",
                "triggerThreshold": 0,
                "tactics": [
                  "PrivilegeEscalation"
                ],
                "techniques": [
                  "T1078"
                ],
                "entityMappings": [
                  {
                    "entityType": "Account",
                    "fieldMappings": [
                      {
                        "columnName": "InviteInitiator",
                        "identifier": "FullName"
                      }
                    ]
                  },
                  {
                    "entityType": "IP",
                    "fieldMappings": [
                      {
                        "columnName": "IPAddress",
                        "identifier": "Address"
                      }
                    ]
                  }
                ],
                "requiredDataConnectors": [
                  {
                    "connectorId": "AzureActiveDirectory",
                    "dataTypes": [
                      "AuditLogs"
                    ]
                  },
                  {
                    "connectorId": "AzureActiveDirectory",
                    "dataTypes": [
                      "SigninLogs"
                    ]
                  }
                ]
              }
            },
            {
              "type": "Microsoft.OperationalInsights/workspaces/providers/metadata",
              "apiVersion": "2021-03-01-preview",
              "properties": {
                "description": " This query will detect logins from guest account which was recently deleted. \nFor any successful logins from deleted identities should be investigated further if any existing user accounts have been altered or linked to such identity prior deletion",
                "version": "1.0.1",
                "author": {
                  "name": "Ashwin Patil"
                },
                "support": {
                  "tier": "Community",
                  "name": "Community",
                  "link": "https://github.com/Azure/Azure-Sentinel/issues"
                },
                "source": {
                  "kind": "Community",
                  "name": "Standalone"
                },
                "threatAnalysisTactics": [
                  "PrivilegeEscalation"
                ],
                "threatAnalyticsTechniques": [
                  "T1078.004"
                ],
                "contentId": "defe4855-0d33-4362-9557-009237623976",
                "parentId": "defe4855-0d33-4362-9557-009237623976",
                "kind": "AnalyticsRule",
                "dependencies": {
                  "operator": "AND",
                  "criteria": [
                    {
                      "contentId": "AuditLogs",
                      "kind": "DataType"
                    },
                    {
                      "contentId": "SigninLogs",
                      "kind": "DataType"
                    }
                  ]
                }
              }
            }
          ]
        },
        "packageId": "defe4855-0d33-4362-9557-009237623976",
        "packageKind": "Standalone",
        "packageName": "Suspicious Login from deleted guest account",
        "contentProductId": "defe4855-0d33-4362-9557-009237623976-ar-ae3hd7p52n4t4",
        "id": "defe4855-0d33-4362-9557-009237623976-ar-ae3hd7p52n4t4",
        "packageVersion": "1.0.1",
        "version": "1.0.1"
      }
    },
    {
      "type": "Microsoft.OperationalInsights/workspaces/providers/contentPackages",
      "name": "[concat(parameters('workspace'),'/Microsoft.SecurityInsights/', 'defe4855-0d33-4362-9557-009237623976')]",
      "location": "[parameters('workspace-location')]",
      "apiVersion": "2023-04-01-preview",
      "properties": {
        "author": {
          "name": "Ashwin Patil"
        },
        "categories": {
          "domains": [
            "Security - Others",
            "Identity"
          ]
        },
        "dependencies": {
          "operator": "AND",
          "criteria": [
            {
              "contentId": "defe4855-0d33-4362-9557-009237623976",
              "kind": "AnalyticsRule"
            }
          ]
        },
        "description": " This query will detect logins from guest account which was recently deleted. \nFor any successful logins from deleted identities should be investigated further if any existing user accounts have been altered or linked to such identity prior deletion",
        "displayName": "Suspicious Login from deleted guest account",
        "source": {
          "kind": "Community",
          "name": "Standalone"
        },
        "support": {
          "tier": "Community",
          "name": "Community",
          "link": "https://github.com/Azure/Azure-Sentinel/issues"
        },
        "threatAnalysisTactics": [
          "PrivilegeEscalation"
        ],
        "threatAnalyticsTechniques": [
          "T1078.004"
        ],
        "version": "1.0.1",
        "contentSchemaVersion": "3.0.0",
        "contentId": "defe4855-0d33-4362-9557-009237623976",
        "contentKind": "Standalone",
        "contentProductId": "defe4855-0d33-4362-9557-009237623976-sa-rq2wdijjdxfy6",
        "id": "defe4855-0d33-4362-9557-009237623976-sa-rq2wdijjdxfy6"
      }
    }
  ],
  "variables": {}
}