{
  "$schema": "https://schema.management.azure.com/schemas/2019-04-01/deploymentTemplate.json#",
  "contentVersion": "1.0.0.0",
  "metadata": {},
  "parameters": {
    "location": {
      "type": "string",
      "minLength": 1,
      "defaultValue": "[resourceGroup().location]",
      "metadata": {
        "description": "Not used, but needed to pass arm-ttk test `Location-Should-Not-Be-Hardcoded`.  We instead use the `workspace-location` which is derived from the LA workspace"
      }
    },
    "workspace-location": {
      "type": "string",
      "defaultValue": "",
      "metadata": {
        "description": "[concat('Region to deploy solution resources -- separate from location selection',parameters('location'))]"
      }
    },
    "workspace": {
      "defaultValue": "",
      "type": "string",
      "metadata": {
        "description": "Workspace name for Log Analytics where Microsoft Sentinel is setup"
      }
    }
  },
  "resources": [
    {
      "type": "Microsoft.OperationalInsights/workspaces/providers/contentTemplates",
      "name": "[concat(parameters('workspace'),'/Microsoft.SecurityInsights/', '2790795b-7dba-483e-853f-44aa0bc9c985')]",
      "location": "[parameters('workspace-location')]",
      "apiVersion": "2023-04-01-preview",
      "dependsOn": [
        "[extensionResourceId(resourceId('Microsoft.OperationalInsights/workspaces', parameters('workspace')), 'Microsoft.SecurityInsights/contentPackages', '2790795b-7dba-483e-853f-44aa0bc9c985')]"
      ],
      "properties": {
        "contentId": "2790795b-7dba-483e-853f-44aa0bc9c985",
        "displayName": "Wazuh - Large Number of Web errors from an IP",
        "contentKind": "AnalyticsRule",
        "mainTemplate": {
          "$schema": "https://schema.management.azure.com/schemas/2019-04-01/deploymentTemplate.json#",
          "contentVersion": "1.0.2",
          "resources": [
            {
              "type": "Microsoft.OperationalInsights/workspaces/providers/alertRules",
              "apiVersion": "2022-04-01-preview",
              "name": "2790795b-7dba-483e-853f-44aa0bc9c985",
              "kind": "Scheduled",
              "location": "[parameters('workspace-location')]",
              "properties": {
                "description": "Identifies instances where Wazuh logged over 400 '403' Web Errors from one IP Address. To onboard Wazuh data into Sentinel please view: https://github.com/wazuh/wazuh-documentation/blob/master/source/azure/monitoring%20activity.rst",
                "displayName": "Wazuh - Large Number of Web errors from an IP",
                "enabled": false,
                "query": "CommonSecurityLog\n| where DeviceProduct =~ \"Wazuh\"\n| where Activity has \"Web server 400 error code.\"\n| where Message has \"403\"\n| extend HostName=substring(split(DeviceCustomString1,\")\")[0],1)\n| summarize StartTime = min(TimeGenerated), EndTime = max(TimeGenerated), NumberOfErrors = dcount(SourceIP) by HostName, SourceIP\n| where NumberOfErrors > 400\n| sort by NumberOfErrors desc\n| extend timestamp = StartTime, HostCustomEntity = HostName, IPCustomEntity = SourceIP\n",
                "queryFrequency": "P1D",
                "queryPeriod": "P1D",
                "severity": "Low",
                "status": "Available",
                "suppressionDuration": "PT1H",
                "suppressionEnabled": false,
                "triggerOperator": "GreaterThan",
                "triggerThreshold": 0,
                "tactics": [
                  "Persistence"
                ],
                "entityMappings": [
                  {
                    "entityType": "Host",
                    "fieldMappings": [
                      {
                        "columnName": "HostCustomEntity",
                        "identifier": "FullName"
                      }
                    ]
                  },
                  {
                    "entityType": "IP",
                    "fieldMappings": [
                      {
                        "columnName": "IPCustomEntity",
                        "identifier": "Address"
                      }
                    ]
                  }
                ]
              }
            },
            {
              "type": "Microsoft.OperationalInsights/workspaces/providers/metadata",
              "apiVersion": "2021-03-01-preview",
              "properties": {
                "description": "Identifies instances where Wazuh logged over 400 '403' Web Errors from one IP Address. To onboard Wazuh data into Sentinel please view: https://github.com/wazuh/wazuh-documentation/blob/master/source/azure/monitoring%20activity.rst",
                "version": "1.0.2",
                "author": {
                  "name": "Jordan Ross"
                },
                "support": {
                  "tier": "Community",
                  "name": "Community",
                  "link": "https://github.com/Azure/Azure-Sentinel/issues"
                },
                "source": {
                  "kind": "Community",
                  "name": "Standalone"
                },
                "threatAnalysisTactics": [
                  "Persistence"
                ],
                "contentId": "2790795b-7dba-483e-853f-44aa0bc9c985",
                "parentId": "2790795b-7dba-483e-853f-44aa0bc9c985",
                "kind": "AnalyticsRule"
              }
            }
          ]
        },
        "packageId": "2790795b-7dba-483e-853f-44aa0bc9c985",
        "packageKind": "Standalone",
        "packageName": "Wazuh - Large Number of Web errors from an IP",
        "contentProductId": "2790795b-7dba-483e-853f-44aa0bc9c985-ar-leixruq4h2kik",
        "id": "2790795b-7dba-483e-853f-44aa0bc9c985-ar-leixruq4h2kik",
        "packageVersion": "1.0.2",
        "version": "1.0.2"
      }
    },
    {
      "type": "Microsoft.OperationalInsights/workspaces/providers/contentPackages",
      "name": "[concat(parameters('workspace'),'/Microsoft.SecurityInsights/', '2790795b-7dba-483e-853f-44aa0bc9c985')]",
      "location": "[parameters('workspace-location')]",
      "apiVersion": "2023-04-01-preview",
      "properties": {
        "author": {
          "name": "Jordan Ross"
        },
        "categories": {
          "domains": [
            "Security - Others",
            "Networking"
          ]
        },
        "dependencies": {
          "operator": "AND",
          "criteria": [
            {
              "contentId": "2790795b-7dba-483e-853f-44aa0bc9c985",
              "kind": "AnalyticsRule"
            }
          ]
        },
        "description": "Identifies instances where Wazuh logged over 400 '403' Web Errors from one IP Address. To onboard Wazuh data into Sentinel please view: https://github.com/wazuh/wazuh-documentation/blob/master/source/azure/monitoring%20activity.rst",
        "displayName": "Wazuh - Large Number of Web errors from an IP",
        "source": {
          "kind": "Community",
          "name": "Standalone"
        },
        "support": {
          "tier": "Community",
          "name": "Community",
          "link": "https://github.com/Azure/Azure-Sentinel/issues"
        },
        "threatAnalysisTactics": [
          "Persistence"
        ],
        "version": "1.0.2",
        "contentSchemaVersion": "3.0.0",
        "contentId": "2790795b-7dba-483e-853f-44aa0bc9c985",
        "contentKind": "Standalone",
        "contentProductId": "2790795b-7dba-483e-853f-44aa0bc9c985-sa-yiffpdssvkqwy",
        "id": "2790795b-7dba-483e-853f-44aa0bc9c985-sa-yiffpdssvkqwy"
      }
    }
  ],
  "variables": {}
}