{
  "$schema": "https://schema.management.azure.com/schemas/2019-04-01/deploymentTemplate.json#",
  "contentVersion": "1.0.0.0",
  "metadata": {},
  "parameters": {
    "location": {
      "type": "string",
      "minLength": 1,
      "defaultValue": "[resourceGroup().location]",
      "metadata": {
        "description": "Not used, but needed to pass arm-ttk test `Location-Should-Not-Be-Hardcoded`.  We instead use the `workspace-location` which is derived from the LA workspace"
      }
    },
    "workspace-location": {
      "type": "string",
      "defaultValue": "",
      "metadata": {
        "description": "[concat('Region to deploy solution resources -- separate from location selection',parameters('location'))]"
      }
    },
    "workspace": {
      "defaultValue": "",
      "type": "string",
      "metadata": {
        "description": "Workspace name for Log Analytics where Microsoft Sentinel is setup"
      }
    }
  },
  "resources": [
    {
      "type": "Microsoft.OperationalInsights/workspaces/providers/contentTemplates",
      "name": "[concat(parameters('workspace'),'/Microsoft.SecurityInsights/', '1399664f-9434-497c-9cde-42e4d74ae20e')]",
      "location": "[parameters('workspace-location')]",
      "apiVersion": "2023-04-01-preview",
      "dependsOn": [
        "[extensionResourceId(resourceId('Microsoft.OperationalInsights/workspaces', parameters('workspace')), 'Microsoft.SecurityInsights/contentPackages', '1399664f-9434-497c-9cde-42e4d74ae20e')]"
      ],
      "properties": {
        "contentId": "1399664f-9434-497c-9cde-42e4d74ae20e",
        "displayName": "Detecting Impossible travel with mailbox permission tampering & Privilege Escalation attempt",
        "contentKind": "AnalyticsRule",
        "mainTemplate": {
          "$schema": "https://schema.management.azure.com/schemas/2019-04-01/deploymentTemplate.json#",
          "contentVersion": "1.0.1",
          "resources": [
            {
              "type": "Microsoft.OperationalInsights/workspaces/providers/alertRules",
              "apiVersion": "2022-04-01-preview",
              "name": "1399664f-9434-497c-9cde-42e4d74ae20e",
              "kind": "Scheduled",
              "location": "[parameters('workspace-location')]",
              "properties": {
                "description": "This hunting query will alert on any Impossible travel activity in correlation with mailbox permission tampering followed by account being added to a PIM managed privileged group.\nEnsure this impossible travel incident with increase of privileges is legitimate in your environment.",
                "displayName": "Detecting Impossible travel with mailbox permission tampering & Privilege Escalation attempt",
                "enabled": false,
                "query": "SecurityAlert \n| where AlertName == \"Impossible travel activity\"\n| extend Extprop = parsejson(Entities)\n| mv-expand Extprop\n| extend Extprop = parsejson(Extprop)\n| extend CmdLine = iff(Extprop['Type']==\"process\", Extprop['CommandLine'], '')\n| extend File = iff(Extprop['Type']==\"file\", Extprop['Name'], '')\n| extend Account = Extprop['Name']\n| extend Domain = Extprop['UPNSuffix']\n| extend Account = iif(isnotempty(Domain) and Extprop['Type']==\"account\", tolower(strcat(Account, \"@\", Domain)), iif(Extprop['Type']==\"account\", tolower(Account), \"\"))\n| extend IpAddress = iff(Extprop[\"Type\"] == \"ip\",Extprop['Address'], '')\n| extend Process = iff(isnotempty(CmdLine), CmdLine, File)\n| project TimeGenerated,Account,IpAddress,CompromisedEntity,Description,ProviderName,ResourceId\n| join kind=inner\n(\nOfficeActivity\n| where Operation =~ \"Add-MailboxPermission\"\n| extend value = tostring(parse_json(Parameters)[3].Value)\n| where value contains \"FullAccess\"\n| where ResultStatus == \"True\"\n| project Parameters,TimeGenerated,value,RecordType,Operation,OrganizationId,UserType,UserKey,OfficeWorkload,ResultStatus,OfficeObjectId,UserId,ClientIP,ExternalAccess,OriginatingServer,OrganizationName,TenantId,ElevationTime,SourceSystem,OfficeId,OfficeTenantId,Type,SourceRecordId\n) on $left.Account == $right.UserId\n| join kind=inner\n(\nAuditLogs\n| where ActivityDisplayName =~ \"Add eligible member to role in PIM requested (timebound)\"\n| where AADOperationType =~ \"CreateRequestEligibleRole\"\n| where TargetResources has_any (\"-PRIV\", \"Administrator\", \"Security\")\n| extend BuiltinRole = tostring(parse_json(TargetResources[0].displayName))\n| extend CustomGroup = tostring(parse_json(TargetResources[3].displayName))\n| extend TargetAccount = tostring(parse_json(TargetResources[2].displayName))\n| extend Initiatedby = Identity\n| project TimeGenerated, ActivityDisplayName, AADOperationType, Initiatedby, TargetAccount, BuiltinRole, CustomGroup, LoggedByService, Result, ResourceId, Id\n| sort by TimeGenerated desc\n) on $left.UserId == $right.Initiatedby\n| project AADOperationType, ActivityDisplayName,AccountCustomEntity=Initiatedby, Id,ResourceId,IPCustomEntity=IpAddress\n",
                "queryFrequency": "P1D",
                "queryPeriod": "P1D",
                "severity": "Medium",
                "status": "Available",
                "suppressionDuration": "PT1H",
                "suppressionEnabled": false,
                "triggerOperator": "GreaterThan",
                "triggerThreshold": 0,
                "tactics": [
                  "InitialAccess",
                  "PrivilegeEscalation"
                ],
                "techniques": [
                  "T1078",
                  "T1548"
                ],
                "entityMappings": [
                  {
                    "entityType": "Account",
                    "fieldMappings": [
                      {
                        "columnName": "AccountCustomEntity",
                        "identifier": "FullName"
                      }
                    ]
                  },
                  {
                    "entityType": "IP",
                    "fieldMappings": [
                      {
                        "columnName": "IPCustomEntity",
                        "identifier": "Address"
                      }
                    ]
                  }
                ],
                "requiredDataConnectors": [
                  {
                    "connectorId": "AzureActiveDirectory",
                    "dataTypes": [
                      "AuditLogs"
                    ]
                  },
                  {
                    "connectorId": "AzureActivity",
                    "dataTypes": [
                      "AzureActivity"
                    ]
                  },
                  {
                    "connectorId": "AzureSecurityCenter",
                    "dataTypes": [
                      "SecurityAlert (ASC)"
                    ]
                  },
                  {
                    "connectorId": "Office365",
                    "dataTypes": [
                      "OfficeActivity"
                    ]
                  }
                ]
              }
            },
            {
              "type": "Microsoft.OperationalInsights/workspaces/providers/metadata",
              "apiVersion": "2021-03-01-preview",
              "properties": {
                "description": "This hunting query will alert on any Impossible travel activity in correlation with mailbox permission tampering followed by account being added to a PIM managed privileged group.\nEnsure this impossible travel incident with increase of privileges is legitimate in your environment.",
                "version": "1.0.1",
                "author": {
                  "name": "Pete Bryan"
                },
                "support": {
                  "tier": "Community",
                  "name": "Community",
                  "link": "https://github.com/Azure/Azure-Sentinel/issues"
                },
                "source": {
                  "kind": "Community",
                  "name": "Standalone"
                },
                "threatAnalysisTactics": [
                  "InitialAccess",
                  "PrivilegeEscalation"
                ],
                "threatAnalyticsTechniques": [
                  "T1078",
                  "T1548"
                ],
                "contentId": "1399664f-9434-497c-9cde-42e4d74ae20e",
                "parentId": "1399664f-9434-497c-9cde-42e4d74ae20e",
                "kind": "AnalyticsRule",
                "dependencies": {
                  "operator": "AND",
                  "criteria": [
                    {
                      "contentId": "SecurityAlert (ASC)",
                      "kind": "DataType"
                    },
                    {
                      "contentId": "OfficeActivity",
                      "kind": "DataType"
                    },
                    {
                      "contentId": "AzureActivity",
                      "kind": "DataType"
                    },
                    {
                      "contentId": "AuditLogs",
                      "kind": "DataType"
                    }
                  ]
                }
              }
            }
          ]
        },
        "packageId": "1399664f-9434-497c-9cde-42e4d74ae20e",
        "packageKind": "Standalone",
        "packageName": "Detecting Impossible travel with mailbox permission tampering & Privilege Escalation attempt",
        "contentProductId": "1399664f-9434-497c-9cde-42e4d74ae20e-ar-cxvafc6wjaeg2",
        "id": "1399664f-9434-497c-9cde-42e4d74ae20e-ar-cxvafc6wjaeg2",
        "packageVersion": "1.0.1",
        "version": "1.0.1"
      }
    },
    {
      "type": "Microsoft.OperationalInsights/workspaces/providers/contentPackages",
      "name": "[concat(parameters('workspace'),'/Microsoft.SecurityInsights/', '1399664f-9434-497c-9cde-42e4d74ae20e')]",
      "location": "[parameters('workspace-location')]",
      "apiVersion": "2023-04-01-preview",
      "properties": {
        "author": {
          "name": "Pete Bryan"
        },
        "categories": {
          "domains": [
            "Security - Others",
            "Identity"
          ]
        },
        "dependencies": {
          "operator": "AND",
          "criteria": [
            {
              "contentId": "1399664f-9434-497c-9cde-42e4d74ae20e",
              "kind": "AnalyticsRule"
            }
          ]
        },
        "description": "This hunting query will alert on any Impossible travel activity in correlation with mailbox permission tampering followed by account being added to a PIM managed privileged group.\nEnsure this impossible travel incident with increase of privileges is legitimate in your environment.",
        "displayName": "Detecting Impossible travel with mailbox permission tampering & Privilege Escalation attempt",
        "source": {
          "kind": "Community",
          "name": "Standalone"
        },
        "support": {
          "tier": "Community",
          "name": "Community",
          "link": "https://github.com/Azure/Azure-Sentinel/issues"
        },
        "threatAnalysisTactics": [
          "InitialAccess",
          "PrivilegeEscalation"
        ],
        "threatAnalyticsTechniques": [
          "T1078",
          "T1548"
        ],
        "version": "1.0.1",
        "contentSchemaVersion": "3.0.0",
        "contentId": "1399664f-9434-497c-9cde-42e4d74ae20e",
        "contentKind": "Standalone",
        "contentProductId": "1399664f-9434-497c-9cde-42e4d74ae20e-sa-twxyck7fx5vcu",
        "id": "1399664f-9434-497c-9cde-42e4d74ae20e-sa-twxyck7fx5vcu"
      }
    }
  ],
  "variables": {}
}