{
  "$schema": "https://schema.management.azure.com/schemas/2019-04-01/deploymentTemplate.json#",
  "contentVersion": "1.0.0.0",
  "metadata": {},
  "parameters": {
    "location": {
      "type": "string",
      "minLength": 1,
      "defaultValue": "[resourceGroup().location]",
      "metadata": {
        "description": "Not used, but needed to pass arm-ttk test `Location-Should-Not-Be-Hardcoded`.  We instead use the `workspace-location` which is derived from the LA workspace"
      }
    },
    "workspace-location": {
      "type": "string",
      "defaultValue": "",
      "metadata": {
        "description": "[concat('Region to deploy solution resources -- separate from location selection',parameters('location'))]"
      }
    },
    "workspace": {
      "defaultValue": "",
      "type": "string",
      "metadata": {
        "description": "Workspace name for Log Analytics where Microsoft Sentinel is setup"
      }
    }
  },
  "resources": [
    {
      "type": "Microsoft.OperationalInsights/workspaces/providers/contentTemplates",
      "name": "[concat(parameters('workspace'),'/Microsoft.SecurityInsights/', '186970ee-5001-41c1-8c73-3178f75ce96a')]",
      "location": "[parameters('workspace-location')]",
      "apiVersion": "2023-04-01-preview",
      "dependsOn": [
        "[extensionResourceId(resourceId('Microsoft.OperationalInsights/workspaces', parameters('workspace')), 'Microsoft.SecurityInsights/contentPackages', '186970ee-5001-41c1-8c73-3178f75ce96a')]"
      ],
      "properties": {
        "contentId": "186970ee-5001-41c1-8c73-3178f75ce96a",
        "displayName": "AV detections related to Europium actors",
        "contentKind": "AnalyticsRule",
        "mainTemplate": {
          "$schema": "https://schema.management.azure.com/schemas/2019-04-01/deploymentTemplate.json#",
          "contentVersion": "1.0.1",
          "resources": [
            {
              "type": "Microsoft.OperationalInsights/workspaces/providers/alertRules",
              "apiVersion": "2022-04-01-preview",
              "name": "186970ee-5001-41c1-8c73-3178f75ce96a",
              "kind": "Scheduled",
              "location": "[parameters('workspace-location')]",
              "properties": {
                "description": "This query looks for Microsoft Defender AV detections related to  Europium actor. In Microsoft Sentinel the SecurityAlerts table includes only the Device Name of the affected device, \n this query joins the DeviceInfo table to clearly connect other information such as Device group, ip, etc. This would allow the Microsoft Sentinel analyst to have more context related to the alert, if available.\n Reference: https://www.microsoft.com/security/blog/2022/09/08/microsoft-investigates-iranian-attacks-against-the-albanian-government ",
                "displayName": "AV detections related to Europium actors",
                "enabled": false,
                "query": "let Europium_threats = dynamic([\"TrojanDropper:ASP/WebShell!MSR\", \"Trojan:Win32/BatRunGoXml\", \"DoS:Win64/WprJooblash\", \"Ransom:Win32/Eagle!MSR\", \"Trojan:Win32/Debitom.A\"]);\nDeviceInfo\n| extend DeviceName = tolower(DeviceName)\n| join kind=inner ( SecurityAlert\n| where ProviderName == \"MDATP\"\n| extend ThreatName = tostring(parse_json(ExtendedProperties).ThreatName)\n| extend ThreatFamilyName = tostring(parse_json(ExtendedProperties).ThreatFamilyName)\n| where ThreatName in~ (Europium_threats) or ThreatFamilyName in~ (Europium_threats)\n| extend CompromisedEntity = tolower(CompromisedEntity)\n) on $left.DeviceName == $right.CompromisedEntity\n| summarize by DisplayName, ThreatName, ThreatFamilyName, PublicIP, AlertSeverity, Description, tostring(LoggedOnUsers), DeviceId, TenantId , bin(TimeGenerated, 1d), CompromisedEntity, tostring(LoggedOnUsers), ProductName, Entities\n",
                "queryFrequency": "P1D",
                "queryPeriod": "P1D",
                "severity": "High",
                "status": "Available",
                "suppressionDuration": "PT1H",
                "suppressionEnabled": false,
                "triggerOperator": "GreaterThan",
                "triggerThreshold": 0,
                "tactics": [
                  "Impact"
                ],
                "techniques": [
                  "T1486"
                ],
                "entityMappings": [
                  {
                    "entityType": "Host",
                    "fieldMappings": [
                      {
                        "columnName": "CompromisedEntity",
                        "identifier": "FullName"
                      }
                    ]
                  },
                  {
                    "entityType": "IP",
                    "fieldMappings": [
                      {
                        "columnName": "PublicIP",
                        "identifier": "Address"
                      }
                    ]
                  }
                ],
                "requiredDataConnectors": [
                  {
                    "connectorId": "MicrosoftThreatProtection",
                    "dataTypes": [
                      "SecurityAlert",
                      "DeviceInfo"
                    ]
                  }
                ]
              }
            },
            {
              "type": "Microsoft.OperationalInsights/workspaces/providers/metadata",
              "apiVersion": "2021-03-01-preview",
              "properties": {
                "description": "This query looks for Microsoft Defender AV detections related to  Europium actor. In Microsoft Sentinel the SecurityAlerts table includes only the Device Name of the affected device, \n this query joins the DeviceInfo table to clearly connect other information such as Device group, ip, etc. This would allow the Microsoft Sentinel analyst to have more context related to the alert, if available.\n Reference: https://www.microsoft.com/security/blog/2022/09/08/microsoft-investigates-iranian-attacks-against-the-albanian-government ",
                "version": "1.0.1",
                "author": {
                  "name": "Ajeet Prakash"
                },
                "support": {
                  "tier": "Community",
                  "name": "Community",
                  "link": "https://github.com/Azure/Azure-Sentinel/issues"
                },
                "source": {
                  "kind": "Community",
                  "name": "Standalone"
                },
                "threatAnalysisTactics": [
                  "Impact"
                ],
                "threatAnalyticsTechniques": [
                  "T1486"
                ],
                "contentId": "186970ee-5001-41c1-8c73-3178f75ce96a",
                "parentId": "186970ee-5001-41c1-8c73-3178f75ce96a",
                "kind": "AnalyticsRule",
                "dependencies": {
                  "operator": "AND",
                  "criteria": [
                    {
                      "contentId": "SecurityAlert",
                      "kind": "DataType"
                    },
                    {
                      "contentId": "DeviceInfo",
                      "kind": "DataType"
                    }
                  ]
                }
              }
            }
          ]
        },
        "packageId": "186970ee-5001-41c1-8c73-3178f75ce96a",
        "packageKind": "Standalone",
        "packageName": "AV detections related to Europium actors",
        "contentProductId": "186970ee-5001-41c1-8c73-3178f75ce96a-ar-7mcjpmislj2ey",
        "id": "186970ee-5001-41c1-8c73-3178f75ce96a-ar-7mcjpmislj2ey",
        "packageVersion": "1.0.1",
        "version": "1.0.1"
      }
    },
    {
      "type": "Microsoft.OperationalInsights/workspaces/providers/contentPackages",
      "name": "[concat(parameters('workspace'),'/Microsoft.SecurityInsights/', '186970ee-5001-41c1-8c73-3178f75ce96a')]",
      "location": "[parameters('workspace-location')]",
      "apiVersion": "2023-04-01-preview",
      "properties": {
        "author": {
          "name": "Ajeet Prakash"
        },
        "categories": {
          "domains": [
            "Security - Threat Intelligence"
          ]
        },
        "dependencies": {
          "operator": "AND",
          "criteria": [
            {
              "contentId": "186970ee-5001-41c1-8c73-3178f75ce96a",
              "kind": "AnalyticsRule"
            }
          ]
        },
        "description": "This query looks for Microsoft Defender AV detections related to  Europium actor. In Microsoft Sentinel the SecurityAlerts table includes only the Device Name of the affected device, \n this query joins the DeviceInfo table to clearly connect other information such as Device group, ip, etc. This would allow the Microsoft Sentinel analyst to have more context related to the alert, if available.\n Reference: https://www.microsoft.com/security/blog/2022/09/08/microsoft-investigates-iranian-attacks-against-the-albanian-government ",
        "displayName": "AV detections related to Europium actors",
        "source": {
          "kind": "Community",
          "name": "Standalone"
        },
        "support": {
          "tier": "Community",
          "name": "Community",
          "link": "https://github.com/Azure/Azure-Sentinel/issues"
        },
        "threatAnalysisTactics": [
          "Impact"
        ],
        "threatAnalyticsTechniques": [
          "T1486"
        ],
        "version": "1.0.1",
        "contentSchemaVersion": "3.0.0",
        "contentId": "186970ee-5001-41c1-8c73-3178f75ce96a",
        "contentKind": "Standalone",
        "contentProductId": "186970ee-5001-41c1-8c73-3178f75ce96a-sa-b6ffygtqgjlvo",
        "id": "186970ee-5001-41c1-8c73-3178f75ce96a-sa-b6ffygtqgjlvo"
      }
    }
  ],
  "variables": {}
}