{
  "$schema": "https://schema.management.azure.com/schemas/2019-04-01/deploymentTemplate.json#",
  "contentVersion": "1.0.0.0",
  "metadata": {},
  "parameters": {
    "location": {
      "type": "string",
      "minLength": 1,
      "defaultValue": "[resourceGroup().location]",
      "metadata": {
        "description": "Not used, but needed to pass arm-ttk test `Location-Should-Not-Be-Hardcoded`.  We instead use the `workspace-location` which is derived from the LA workspace"
      }
    },
    "workspace-location": {
      "type": "string",
      "defaultValue": "",
      "metadata": {
        "description": "[concat('Region to deploy solution resources -- separate from location selection',parameters('location'))]"
      }
    },
    "workspace": {
      "defaultValue": "",
      "type": "string",
      "metadata": {
        "description": "Workspace name for Log Analytics where Microsoft Sentinel is setup"
      }
    }
  },
  "resources": [
    {
      "type": "Microsoft.OperationalInsights/workspaces/providers/contentTemplates",
      "name": "[concat(parameters('workspace'),'/Microsoft.SecurityInsights/', 'f845881e-2500-44dc-8ed7-b372af3e1e25')]",
      "location": "[parameters('workspace-location')]",
      "apiVersion": "2023-04-01-preview",
      "dependsOn": [
        "[extensionResourceId(resourceId('Microsoft.OperationalInsights/workspaces', parameters('workspace')), 'Microsoft.SecurityInsights/contentPackages', 'f845881e-2500-44dc-8ed7-b372af3e1e25')]"
      ],
      "properties": {
        "contentId": "f845881e-2500-44dc-8ed7-b372af3e1e25",
        "displayName": "Anomalous User Agent connection attempt",
        "contentKind": "AnalyticsRule",
        "mainTemplate": {
          "$schema": "https://schema.management.azure.com/schemas/2019-04-01/deploymentTemplate.json#",
          "contentVersion": "1.0.2",
          "resources": [
            {
              "type": "Microsoft.OperationalInsights/workspaces/providers/alertRules",
              "apiVersion": "2022-04-01-preview",
              "name": "f845881e-2500-44dc-8ed7-b372af3e1e25",
              "kind": "Scheduled",
              "location": "[parameters('workspace-location')]",
              "properties": {
                "description": "Identifies connection attempts (success or fail) from clients with very short or very long User Agent strings and with less than 100 connection attempts.",
                "displayName": "Anomalous User Agent connection attempt",
                "enabled": false,
                "query": "let short_uaLength = 5;\nlet long_uaLength = 1000;\nlet c_threshold = 100;\nW3CIISLog\n// Exclude local IPs as these create noise\n| where cIP !startswith \"192.168.\" and cIP != \"::1\"\n| where isnotempty(csUserAgent) and csUserAgent !in~ (\"-\", \"MSRPC\") and (string_size(csUserAgent) <= short_uaLength or string_size(csUserAgent) >= long_uaLength)\n| extend csUserAgent_size = string_size(csUserAgent)\n| summarize StartTimeUtc = min(TimeGenerated), EndTimeUtc = max(TimeGenerated), ConnectionCount = count() by Computer, sSiteName, sPort, csUserAgent, csUserAgent_size, csUserName , csMethod, csUriStem, sIP, cIP, scStatus, scSubStatus, scWin32Status\n| where ConnectionCount < c_threshold\n| extend timestamp = StartTimeUtc, AccountCustomEntity = csUserName, HostCustomEntity = Computer, IPCustomEntity = cIP\n",
                "queryFrequency": "P1D",
                "queryPeriod": "P1D",
                "severity": "Low",
                "status": "Available",
                "suppressionDuration": "PT1H",
                "suppressionEnabled": false,
                "triggerOperator": "GreaterThan",
                "triggerThreshold": 0,
                "tactics": [
                  "InitialAccess"
                ],
                "techniques": [
                  "T1190"
                ],
                "entityMappings": [
                  {
                    "entityType": "Account",
                    "fieldMappings": [
                      {
                        "columnName": "AccountCustomEntity",
                        "identifier": "FullName"
                      }
                    ]
                  },
                  {
                    "entityType": "Host",
                    "fieldMappings": [
                      {
                        "columnName": "HostCustomEntity",
                        "identifier": "FullName"
                      }
                    ]
                  },
                  {
                    "entityType": "IP",
                    "fieldMappings": [
                      {
                        "columnName": "IPCustomEntity",
                        "identifier": "Address"
                      }
                    ]
                  }
                ],
                "requiredDataConnectors": [
                  {
                    "connectorId": "AzureMonitor(IIS)",
                    "dataTypes": [
                      "W3CIISLog"
                    ]
                  }
                ]
              }
            },
            {
              "type": "Microsoft.OperationalInsights/workspaces/providers/metadata",
              "apiVersion": "2021-03-01-preview",
              "properties": {
                "description": "Identifies connection attempts (success or fail) from clients with very short or very long User Agent strings and with less than 100 connection attempts.",
                "version": "1.0.2",
                "author": {
                  "name": "Shain"
                },
                "support": {
                  "tier": "Community",
                  "name": "Community",
                  "link": "https://github.com/Azure/Azure-Sentinel/issues"
                },
                "source": {
                  "kind": "Community",
                  "name": "Standalone"
                },
                "threatAnalysisTactics": [
                  "InitialAccess"
                ],
                "threatAnalyticsTechniques": [
                  "T1190"
                ],
                "contentId": "f845881e-2500-44dc-8ed7-b372af3e1e25",
                "parentId": "f845881e-2500-44dc-8ed7-b372af3e1e25",
                "kind": "AnalyticsRule",
                "dependencies": {
                  "operator": "AND",
                  "criteria": [
                    {
                      "contentId": "W3CIISLog",
                      "kind": "DataType"
                    }
                  ]
                }
              }
            }
          ]
        },
        "packageId": "f845881e-2500-44dc-8ed7-b372af3e1e25",
        "packageKind": "Standalone",
        "packageName": "Anomalous User Agent connection attempt",
        "contentProductId": "f845881e-2500-44dc-8ed7-b372af3e1e25-ar-ezxm2iykmuaeq",
        "id": "f845881e-2500-44dc-8ed7-b372af3e1e25-ar-ezxm2iykmuaeq",
        "packageVersion": "1.0.2",
        "version": "1.0.2"
      }
    },
    {
      "type": "Microsoft.OperationalInsights/workspaces/providers/contentPackages",
      "name": "[concat(parameters('workspace'),'/Microsoft.SecurityInsights/', 'f845881e-2500-44dc-8ed7-b372af3e1e25')]",
      "location": "[parameters('workspace-location')]",
      "apiVersion": "2023-04-01-preview",
      "properties": {
        "author": {
          "name": "Shain"
        },
        "categories": {
          "domains": [
            "Security - Threat Protection"
          ]
        },
        "dependencies": {
          "operator": "AND",
          "criteria": [
            {
              "contentId": "f845881e-2500-44dc-8ed7-b372af3e1e25",
              "kind": "AnalyticsRule"
            }
          ]
        },
        "description": "Identifies connection attempts (success or fail) from clients with very short or very long User Agent strings and with less than 100 connection attempts.",
        "displayName": "Anomalous User Agent connection attempt",
        "source": {
          "kind": "Community",
          "name": "Standalone"
        },
        "support": {
          "tier": "Community",
          "name": "Community",
          "link": "https://github.com/Azure/Azure-Sentinel/issues"
        },
        "threatAnalysisTactics": [
          "InitialAccess"
        ],
        "threatAnalyticsTechniques": [
          "T1190"
        ],
        "version": "1.0.2",
        "contentSchemaVersion": "3.0.0",
        "contentId": "f845881e-2500-44dc-8ed7-b372af3e1e25",
        "contentKind": "Standalone",
        "contentProductId": "f845881e-2500-44dc-8ed7-b372af3e1e25-sa-w45g76ewra7tm",
        "id": "f845881e-2500-44dc-8ed7-b372af3e1e25-sa-w45g76ewra7tm"
      }
    }
  ],
  "variables": {}
}