{
  "$schema": "https://schema.management.azure.com/schemas/2019-04-01/deploymentTemplate.json#",
  "contentVersion": "1.0.0.0",
  "metadata": {},
  "parameters": {
    "location": {
      "type": "string",
      "minLength": 1,
      "defaultValue": "[resourceGroup().location]",
      "metadata": {
        "description": "Not used, but needed to pass arm-ttk test `Location-Should-Not-Be-Hardcoded`.  We instead use the `workspace-location` which is derived from the LA workspace"
      }
    },
    "workspace-location": {
      "type": "string",
      "defaultValue": "",
      "metadata": {
        "description": "[concat('Region to deploy solution resources -- separate from location selection',parameters('location'))]"
      }
    },
    "workspace": {
      "defaultValue": "",
      "type": "string",
      "metadata": {
        "description": "Workspace name for Log Analytics where Microsoft Sentinel is setup"
      }
    }
  },
  "resources": [
    {
      "type": "Microsoft.OperationalInsights/workspaces/providers/contentTemplates",
      "name": "[concat(parameters('workspace'),'/Microsoft.SecurityInsights/', '58fc0170-0877-4ea8-a9ff-d805e361cfae')]",
      "location": "[parameters('workspace-location')]",
      "apiVersion": "2023-04-01-preview",
      "dependsOn": [
        "[extensionResourceId(resourceId('Microsoft.OperationalInsights/workspaces', parameters('workspace')), 'Microsoft.SecurityInsights/contentPackages', '58fc0170-0877-4ea8-a9ff-d805e361cfae')]"
      ],
      "properties": {
        "contentId": "58fc0170-0877-4ea8-a9ff-d805e361cfae",
        "displayName": "User joining Zoom meeting from suspicious timezone",
        "contentKind": "AnalyticsRule",
        "mainTemplate": {
          "$schema": "https://schema.management.azure.com/schemas/2019-04-01/deploymentTemplate.json#",
          "contentVersion": "1.0.3",
          "resources": [
            {
              "type": "Microsoft.OperationalInsights/workspaces/providers/alertRules",
              "apiVersion": "2022-04-01-preview",
              "name": "58fc0170-0877-4ea8-a9ff-d805e361cfae",
              "kind": "Scheduled",
              "location": "[parameters('workspace-location')]",
              "properties": {
                "description": "The alert shows users that join a Zoom meeting from a time zone other than the one the meeting was created in.\nYou can also whitelist known good time zones in the tz_whitelist value using the tz database name format https://en.wikipedia.org/wiki/List_of_tz_database_time_zones",
                "displayName": "User joining Zoom meeting from suspicious timezone",
                "enabled": false,
                "query": "let schedule_lookback = 14d;\nlet join_lookback = 1d;\n// If you want to whitelist specific timezones include them in a list here\nlet tz_whitelist = dynamic([]);\nlet meetings = (\nZoomLogs\n| where TimeGenerated >= ago(schedule_lookback)\n| where Event =~ \"meeting.created\"\n| extend MeetingId = tostring(parse_json(MeetingEvents).MeetingId)\n| extend SchedTimezone = tostring(parse_json(MeetingEvents).Timezone));\nZoomLogs\n| where TimeGenerated >= ago(join_lookback)\n| where Event =~ \"meeting.participant_joined\"\n| extend JoinedTimeZone = tostring(parse_json(MeetingEvents).Timezone)\n| extend MeetingName = tostring(parse_json(MeetingEvents).MeetingName)\n| extend MeetingId = tostring(parse_json(MeetingEvents).MeetingId)\n| where JoinedTimeZone !in (tz_whitelist)\n| join (meetings) on MeetingId\n| where SchedTimezone != JoinedTimeZone\n| project TimeGenerated, MeetingName, JoiningUser=payload_object_participant_user_name_s, JoinedTimeZone, SchedTimezone, MeetingScheduler=User1\n| extend timestamp = TimeGenerated, AccountCustomEntity = JoiningUser\n",
                "queryFrequency": "P1D",
                "queryPeriod": "P14D",
                "severity": "Low",
                "status": "Available",
                "suppressionDuration": "PT1H",
                "suppressionEnabled": false,
                "triggerOperator": "GreaterThan",
                "triggerThreshold": 0,
                "tactics": [
                  "InitialAccess",
                  "PrivilegeEscalation"
                ],
                "techniques": [
                  "T1078"
                ],
                "entityMappings": [
                  {
                    "entityType": "Account",
                    "fieldMappings": [
                      {
                        "columnName": "AccountCustomEntity",
                        "identifier": "FullName"
                      }
                    ]
                  }
                ]
              }
            },
            {
              "type": "Microsoft.OperationalInsights/workspaces/providers/metadata",
              "apiVersion": "2021-03-01-preview",
              "properties": {
                "description": "The alert shows users that join a Zoom meeting from a time zone other than the one the meeting was created in.\nYou can also whitelist known good time zones in the tz_whitelist value using the tz database name format https://en.wikipedia.org/wiki/List_of_tz_database_time_zones",
                "version": "1.0.3",
                "author": {
                  "name": "Pete Bryan"
                },
                "support": {
                  "tier": "Community",
                  "name": "Community",
                  "link": "https://github.com/Azure/Azure-Sentinel/issues"
                },
                "source": {
                  "kind": "Community",
                  "name": "Standalone"
                },
                "threatAnalysisTactics": [
                  "InitialAccess",
                  "PrivilegeEscalation"
                ],
                "threatAnalyticsTechniques": [
                  "T1078"
                ],
                "contentId": "58fc0170-0877-4ea8-a9ff-d805e361cfae",
                "parentId": "58fc0170-0877-4ea8-a9ff-d805e361cfae",
                "kind": "AnalyticsRule"
              }
            }
          ]
        },
        "packageId": "58fc0170-0877-4ea8-a9ff-d805e361cfae",
        "packageKind": "Standalone",
        "packageName": "User joining Zoom meeting from suspicious timezone",
        "contentProductId": "58fc0170-0877-4ea8-a9ff-d805e361cfae-ar-bh7mpz3sitp52",
        "id": "58fc0170-0877-4ea8-a9ff-d805e361cfae-ar-bh7mpz3sitp52",
        "packageVersion": "1.0.3",
        "version": "1.0.3"
      }
    },
    {
      "type": "Microsoft.OperationalInsights/workspaces/providers/contentPackages",
      "name": "[concat(parameters('workspace'),'/Microsoft.SecurityInsights/', '58fc0170-0877-4ea8-a9ff-d805e361cfae')]",
      "location": "[parameters('workspace-location')]",
      "apiVersion": "2023-04-01-preview",
      "properties": {
        "author": {
          "name": "Pete Bryan"
        },
        "categories": {
          "domains": [
            "Security - Others"
          ]
        },
        "dependencies": {
          "operator": "AND",
          "criteria": [
            {
              "contentId": "58fc0170-0877-4ea8-a9ff-d805e361cfae",
              "kind": "AnalyticsRule"
            }
          ]
        },
        "description": "The alert shows users that join a Zoom meeting from a time zone other than the one the meeting was created in.\nYou can also whitelist known good time zones in the tz_whitelist value using the tz database name format https://en.wikipedia.org/wiki/List_of_tz_database_time_zones",
        "displayName": "User joining Zoom meeting from suspicious timezone",
        "source": {
          "kind": "Community",
          "name": "Standalone"
        },
        "support": {
          "tier": "Community",
          "name": "Community",
          "link": "https://github.com/Azure/Azure-Sentinel/issues"
        },
        "threatAnalysisTactics": [
          "InitialAccess",
          "PrivilegeEscalation"
        ],
        "threatAnalyticsTechniques": [
          "T1078"
        ],
        "version": "1.0.3",
        "contentSchemaVersion": "3.0.0",
        "contentId": "58fc0170-0877-4ea8-a9ff-d805e361cfae",
        "contentKind": "Standalone",
        "contentProductId": "58fc0170-0877-4ea8-a9ff-d805e361cfae-sa-zwf4nsokzr2ve",
        "id": "58fc0170-0877-4ea8-a9ff-d805e361cfae-sa-zwf4nsokzr2ve"
      }
    }
  ],
  "variables": {}
}