{
  "$schema": "https://schema.management.azure.com/schemas/2019-04-01/deploymentTemplate.json#",
  "contentVersion": "1.0.0.0",
  "metadata": {},
  "parameters": {
    "location": {
      "type": "string",
      "minLength": 1,
      "defaultValue": "[resourceGroup().location]",
      "metadata": {
        "description": "Not used, but needed to pass arm-ttk test `Location-Should-Not-Be-Hardcoded`.  We instead use the `workspace-location` which is derived from the LA workspace"
      }
    },
    "workspace-location": {
      "type": "string",
      "defaultValue": "",
      "metadata": {
        "description": "[concat('Region to deploy solution resources -- separate from location selection',parameters('location'))]"
      }
    },
    "workspace": {
      "defaultValue": "",
      "type": "string",
      "metadata": {
        "description": "Workspace name for Log Analytics where Microsoft Sentinel is setup"
      }
    }
  },
  "resources": [
    {
      "type": "Microsoft.OperationalInsights/workspaces/providers/contentTemplates",
      "name": "[concat(parameters('workspace'),'/Microsoft.SecurityInsights/', '7efc75ce-e2a4-400f-a8b1-283d3b0f2c60')]",
      "location": "[parameters('workspace-location')]",
      "apiVersion": "2023-04-01-preview",
      "dependsOn": [
        "[extensionResourceId(resourceId('Microsoft.OperationalInsights/workspaces', parameters('workspace')), 'Microsoft.SecurityInsights/contentPackages', '7efc75ce-e2a4-400f-a8b1-283d3b0f2c60')]"
      ],
      "properties": {
        "contentId": "7efc75ce-e2a4-400f-a8b1-283d3b0f2c60",
        "displayName": "Account added and removed from privileged groups",
        "contentKind": "AnalyticsRule",
        "mainTemplate": {
          "$schema": "https://schema.management.azure.com/schemas/2019-04-01/deploymentTemplate.json#",
          "contentVersion": "1.1.2",
          "resources": [
            {
              "type": "Microsoft.OperationalInsights/workspaces/providers/alertRules",
              "apiVersion": "2022-04-01-preview",
              "name": "7efc75ce-e2a4-400f-a8b1-283d3b0f2c60",
              "kind": "Scheduled",
              "location": "[parameters('workspace-location')]",
              "properties": {
                "description": "Identifies accounts that are added to privileged group and then quickly removed, which could be a sign of compromise.",
                "displayName": "Account added and removed from privileged groups",
                "enabled": false,
                "query": "\nlet WellKnownLocalSID = \"S-1-5-32-5[0-9][0-9]$\";\nlet WellKnownGroupSID = \"S-1-5-21-[0-9]*-[0-9]*-[0-9]*-5[0-9][0-9]$|S-1-5-21-[0-9]*-[0-9]*-[0-9]*-1102$|S-1-5-21-[0-9]*-[0-9]*-[0-9]*-1103$|S-1-5-21-[0-9]*-[0-9]*-[0-9]*-498$|S-1-5-21-[0-9]*-[0-9]*-[0-9]*-1000$\";\nlet AC_Add = \n(union isfuzzy=true \n(SecurityEvent\n// Event ID related to member addition.\n| where EventID in (4728, 4732,4756) \n| where TargetSid matches regex WellKnownLocalSID or TargetSid matches regex WellKnownGroupSID  \n| parse EventData with * '\"MemberName\">' * '=' AccountAdded \",OU\" *\n| where isnotempty(AccountAdded)\n| extend GroupAddedTo = TargetUserName, AddingAccount = Account \n| extend  AccountAdded_GroupAddedTo_AddingAccount = strcat(AccountAdded, \"||\", GroupAddedTo, \"||\", AddingAccount )\n| project AccountAdded_GroupAddedTo_AddingAccount, AccountAddedTime = TimeGenerated\n),\n(WindowsEvent\n// Event ID related to member addition.\n| where EventID in (4728, 4732,4756) \n| extend TargetSid = tostring(EventData.TargetSid)\n| where TargetSid matches regex WellKnownLocalSID or TargetSid matches regex WellKnownGroupSID  \n| parse EventData.MemberName with * '\"MemberName\">' * '=' AccountAdded \",OU\" *\n| where isnotempty(AccountAdded)\n| extend TargetUserName = tostring(EventData.TargetUserName)\n| extend AddingAccount =  strcat(tostring(EventData.SubjectDomainName),\"\\\\\", tostring(EventData.SubjectUserName))\n| extend GroupAddedTo = TargetUserName\n| extend  AccountAdded_GroupAddedTo_AddingAccount = strcat(AccountAdded, \"||\", GroupAddedTo, \"||\", AddingAccount )\n| project AccountAdded_GroupAddedTo_AddingAccount, AccountAddedTime = TimeGenerated\n)\n);\nlet AC_Remove = \n( union isfuzzy=true \n(SecurityEvent\n// Event IDs related to member removal.\n| where EventID in (4729,4733,4757)\n| where TargetSid matches regex WellKnownLocalSID or TargetSid matches regex WellKnownGroupSID \n| parse EventData with * '\"MemberName\">' * '=' AccountRemoved \",OU\" * \n| where isnotempty(AccountRemoved)\n| extend GroupRemovedFrom = TargetUserName, RemovingAccount = Account\n| extend AccountRemoved_GroupRemovedFrom_RemovingAccount = strcat(AccountRemoved, \"||\", GroupRemovedFrom, \"||\", RemovingAccount)\n| project AccountRemoved_GroupRemovedFrom_RemovingAccount, AccountRemovedTime = TimeGenerated, Computer, RemovedAccountId = tolower(AccountRemoved), \nRemovedByUser = SubjectUserName, RemovedByUserLogonId = SubjectLogonId,  GroupRemovedFrom = TargetUserName, TargetDomainName\n),\n(WindowsEvent\n// Event IDs related to member removal.\n| where EventID in (4729,4733,4757)\n| extend TargetSid = tostring(EventData.TargetSid)\n| where TargetSid matches regex WellKnownLocalSID or TargetSid matches regex WellKnownGroupSID \n| parse EventData.MemberName with * '\"MemberName\">' * '=' AccountRemoved \",OU\" * \n| where isnotempty(AccountRemoved)\n| extend TargetUserName = tostring(EventData.TargetUserName)\n| extend RemovingAccount =  strcat(tostring(EventData.SubjectDomainName),\"\\\\\", tostring(EventData.SubjectUserName))\n| extend GroupRemovedFrom = TargetUserName\n| extend AccountRemoved_GroupRemovedFrom_RemovingAccount = strcat(AccountRemoved, \"||\", GroupRemovedFrom, \"||\", RemovingAccount)\n| extend SubjectUserName = tostring(EventData.SubjectUserName)\n| extend SubjectLogonId = tostring(EventData.SubjectLogonId)\n| extend TargetDomainName = tostring(EventData.TargetDomainName)\n| project AccountRemoved_GroupRemovedFrom_RemovingAccount, AccountRemovedTime = TimeGenerated, Computer, RemovedAccountId = tolower(AccountRemoved), \nRemovedByUser = SubjectUserName, RemovedByUserLogonId = SubjectLogonId,  GroupRemovedFrom = TargetUserName, TargetDomainName\n)); \nAC_Add \n| join kind= inner AC_Remove on $left.AccountAdded_GroupAddedTo_AddingAccount == $right.AccountRemoved_GroupRemovedFrom_RemovingAccount \n| extend DurationinSecondAfter_Removed = datetime_diff ('second', AccountRemovedTime, AccountAddedTime)\n| where DurationinSecondAfter_Removed > 0\n| project-away AccountRemoved_GroupRemovedFrom_RemovingAccount\n| extend timestamp = AccountAddedTime, AccountCustomEntity = RemovedAccountId, HostCustomEntity = Computer\n",
                "queryFrequency": "P1D",
                "queryPeriod": "P1D",
                "severity": "Low",
                "status": "Available",
                "suppressionDuration": "PT1H",
                "suppressionEnabled": false,
                "triggerOperator": "GreaterThan",
                "triggerThreshold": 0,
                "tactics": [
                  "Persistence",
                  "PrivilegeEscalation"
                ],
                "techniques": [
                  "T1098",
                  "T1078"
                ],
                "entityMappings": [
                  {
                    "entityType": "Account",
                    "fieldMappings": [
                      {
                        "columnName": "AccountCustomEntity",
                        "identifier": "FullName"
                      }
                    ]
                  },
                  {
                    "entityType": "Host",
                    "fieldMappings": [
                      {
                        "columnName": "HostCustomEntity",
                        "identifier": "FullName"
                      }
                    ]
                  }
                ],
                "requiredDataConnectors": [
                  {
                    "connectorId": "SecurityEvents",
                    "dataTypes": [
                      "SecurityEvent"
                    ]
                  },
                  {
                    "connectorId": "WindowsForwardedEvents",
                    "dataTypes": [
                      "WindowsEvent"
                    ]
                  },
                  {
                    "connectorId": "WindowsSecurityEvents",
                    "dataTypes": [
                      "SecurityEvent"
                    ]
                  }
                ]
              }
            },
            {
              "type": "Microsoft.OperationalInsights/workspaces/providers/metadata",
              "apiVersion": "2021-03-01-preview",
              "properties": {
                "description": "Identifies accounts that are added to privileged group and then quickly removed, which could be a sign of compromise.",
                "version": "1.1.2",
                "author": {
                  "name": "Ajeet Prakash"
                },
                "support": {
                  "tier": "Community",
                  "name": "Community",
                  "link": "https://github.com/Azure/Azure-Sentinel/issues"
                },
                "source": {
                  "kind": "Community",
                  "name": "Standalone"
                },
                "threatAnalysisTactics": [
                  "Persistence",
                  "PrivilegeEscalation"
                ],
                "threatAnalyticsTechniques": [
                  "T1098",
                  "T1078"
                ],
                "contentId": "7efc75ce-e2a4-400f-a8b1-283d3b0f2c60",
                "parentId": "7efc75ce-e2a4-400f-a8b1-283d3b0f2c60",
                "kind": "AnalyticsRule",
                "dependencies": {
                  "operator": "AND",
                  "criteria": [
                    {
                      "contentId": "SecurityEvent",
                      "kind": "DataType"
                    },
                    {
                      "contentId": "SecurityEvent",
                      "kind": "DataType"
                    },
                    {
                      "contentId": "WindowsEvent",
                      "kind": "DataType"
                    }
                  ]
                }
              }
            }
          ]
        },
        "packageId": "7efc75ce-e2a4-400f-a8b1-283d3b0f2c60",
        "packageKind": "Standalone",
        "packageName": "Account added and removed from privileged groups",
        "contentProductId": "7efc75ce-e2a4-400f-a8b1-283d3b0f2c60-ar-kdurmtwltr2bk",
        "id": "7efc75ce-e2a4-400f-a8b1-283d3b0f2c60-ar-kdurmtwltr2bk",
        "packageVersion": "1.1.2",
        "version": "1.1.2"
      }
    },
    {
      "type": "Microsoft.OperationalInsights/workspaces/providers/contentPackages",
      "name": "[concat(parameters('workspace'),'/Microsoft.SecurityInsights/', '7efc75ce-e2a4-400f-a8b1-283d3b0f2c60')]",
      "location": "[parameters('workspace-location')]",
      "apiVersion": "2023-04-01-preview",
      "properties": {
        "author": {
          "name": "Ajeet Prakash"
        },
        "categories": {
          "domains": [
            "Security - Others",
            "Identity"
          ]
        },
        "dependencies": {
          "operator": "AND",
          "criteria": [
            {
              "contentId": "7efc75ce-e2a4-400f-a8b1-283d3b0f2c60",
              "kind": "AnalyticsRule"
            }
          ]
        },
        "description": "Identifies accounts that are added to privileged group and then quickly removed, which could be a sign of compromise.",
        "displayName": "Account added and removed from privileged groups",
        "source": {
          "kind": "Community",
          "name": "Standalone"
        },
        "support": {
          "tier": "Community",
          "name": "Community",
          "link": "https://github.com/Azure/Azure-Sentinel/issues"
        },
        "threatAnalysisTactics": [
          "Persistence",
          "PrivilegeEscalation"
        ],
        "threatAnalyticsTechniques": [
          "T1098",
          "T1078"
        ],
        "version": "1.1.2",
        "contentSchemaVersion": "3.0.0",
        "contentId": "7efc75ce-e2a4-400f-a8b1-283d3b0f2c60",
        "contentKind": "Standalone",
        "contentProductId": "7efc75ce-e2a4-400f-a8b1-283d3b0f2c60-sa-l6pnr4v3pqqjq",
        "id": "7efc75ce-e2a4-400f-a8b1-283d3b0f2c60-sa-l6pnr4v3pqqjq"
      }
    }
  ],
  "variables": {}
}