{
  "$schema": "https://schema.management.azure.com/schemas/2019-04-01/deploymentTemplate.json#",
  "contentVersion": "1.0.0.0",
  "metadata": {},
  "parameters": {
    "location": {
      "type": "string",
      "minLength": 1,
      "defaultValue": "[resourceGroup().location]",
      "metadata": {
        "description": "Not used, but needed to pass arm-ttk test `Location-Should-Not-Be-Hardcoded`.  We instead use the `workspace-location` which is derived from the LA workspace"
      }
    },
    "workspace-location": {
      "type": "string",
      "defaultValue": "",
      "metadata": {
        "description": "[concat('Region to deploy solution resources -- separate from location selection',parameters('location'))]"
      }
    },
    "workspace": {
      "defaultValue": "",
      "type": "string",
      "metadata": {
        "description": "Workspace name for Log Analytics where Microsoft Sentinel is setup"
      }
    }
  },
  "resources": [
    {
      "type": "Microsoft.OperationalInsights/workspaces/providers/contentTemplates",
      "name": "[concat(parameters('workspace'),'/Microsoft.SecurityInsights/', 'a35f2c18-1b97-458f-ad26-e033af18eb99')]",
      "location": "[parameters('workspace-location')]",
      "apiVersion": "2023-04-01-preview",
      "dependsOn": [
        "[extensionResourceId(resourceId('Microsoft.OperationalInsights/workspaces', parameters('workspace')), 'Microsoft.SecurityInsights/contentPackages', 'a35f2c18-1b97-458f-ad26-e033af18eb99')]"
      ],
      "properties": {
        "contentId": "a35f2c18-1b97-458f-ad26-e033af18eb99",
        "displayName": "User account added to built in domain local or global group",
        "contentKind": "AnalyticsRule",
        "mainTemplate": {
          "$schema": "https://schema.management.azure.com/schemas/2019-04-01/deploymentTemplate.json#",
          "contentVersion": "1.3.4",
          "resources": [
            {
              "type": "Microsoft.OperationalInsights/workspaces/providers/alertRules",
              "apiVersion": "2022-04-01-preview",
              "name": "a35f2c18-1b97-458f-ad26-e033af18eb99",
              "kind": "Scheduled",
              "location": "[parameters('workspace-location')]",
              "properties": {
                "description": "Identifies when a user account has been added to a privileged built in domain local group or global group \nsuch as the Enterprise Admins, Cert Publishers or DnsAdmins. Be sure to verify this is an expected addition.",
                "displayName": "User account added to built in domain local or global group",
                "enabled": false,
                "query": "\n// For AD SID mappings - https://docs.microsoft.com/windows/security/identity-protection/access-control/active-directory-security-groups\nlet WellKnownLocalSID = \"S-1-5-32-5[0-9][0-9]$\";\nlet WellKnownGroupSID = \"S-1-5-21-[0-9]*-[0-9]*-[0-9]*-5[0-9][0-9]$|S-1-5-21-[0-9]*-[0-9]*-[0-9]*-1102$|S-1-5-21-[0-9]*-[0-9]*-[0-9]*-1103$|S-1-5-21-[0-9]*-[0-9]*-[0-9]*-498$|S-1-5-21-[0-9]*-[0-9]*-[0-9]*-1000$\";\nunion isfuzzy=true \n(\nSecurityEvent\n// 4728 - A member was added to a security-enabled global group\n// 4732 - A member was added to a security-enabled local group\n// 4756 - A member was added to a security-enabled universal group\n| where EventID in (4728, 4732, 4756)\n| where AccountType == \"User\"\n| where TargetSid matches regex WellKnownLocalSID or TargetSid matches regex WellKnownGroupSID\n// Exclude Remote Desktop Users group: S-1-5-32-555\n| where TargetSid !in (\"S-1-5-32-555\")\n| extend SimpleMemberName = substring(MemberName, 3, indexof_regex(MemberName, @\",OU|,CN\") - 3)\n| project TimeGenerated, EventID, Activity, Computer, SimpleMemberName, MemberName, MemberSid, TargetUserName, TargetDomainName, TargetSid, UserPrincipalName, SubjectUserName, SubjectUserSid\n),\n(\nWindowsEvent \n// 4728 - A member was added to a security-enabled global group\n// 4732 - A member was added to a security-enabled local group\n// 4756 - A member was added to a security-enabled universal group\n| where EventID in (4728, 4732, 4756) and not(EventData has \"S-1-5-32-555\")\n| extend SubjectUserSid = tostring(EventData.SubjectUserSid)\n| extend Account =  strcat(tostring(EventData.SubjectDomainName),\"\\\\\", tostring(EventData.SubjectUserName))\n| extend AccountType=case(Account endswith \"$\" or SubjectUserSid in (\"S-1-5-18\", \"S-1-5-19\", \"S-1-5-20\"), \"Machine\", isempty(SubjectUserSid), \"\", \"User\")\n| extend MemberName = tostring(EventData.MemberName)\n| where AccountType == \"User\"\n| extend TargetSid = tostring(EventData.TargetSid)\n| where TargetSid matches regex WellKnownLocalSID or TargetSid matches regex WellKnownGroupSID\n// Exclude Remote Desktop Users group: S-1-5-32-555\n| where TargetSid !in (\"S-1-5-32-555\")\n| extend SimpleMemberName = substring(MemberName, 3, indexof_regex(MemberName, @\",OU|,CN\") - 3)\n| extend MemberSid = tostring(EventData.MemberSid)\n| extend TargetUserName = tostring(EventData.TargetUserName)\n| extend TargetDomainName = tostring(EventData.TargetDomainName)\n| extend UserPrincipalName = tostring(EventData.UserPrincipalName)\n| extend SubjectUserName = tostring(EventData.SubjectUserName)\n| project TimeGenerated, EventID, Computer, SimpleMemberName, MemberName, MemberSid, TargetUserName, TargetDomainName, TargetSid, UserPrincipalName, SubjectUserName, SubjectUserSid\n)\n",
                "queryFrequency": "P1D",
                "queryPeriod": "P1D",
                "severity": "Low",
                "status": "Available",
                "suppressionDuration": "PT1H",
                "suppressionEnabled": false,
                "triggerOperator": "GreaterThan",
                "triggerThreshold": 0,
                "tactics": [
                  "Persistence",
                  "PrivilegeEscalation"
                ],
                "techniques": [
                  "T1098",
                  "T1078"
                ],
                "entityMappings": [
                  {
                    "entityType": "Account",
                    "fieldMappings": [
                      {
                        "columnName": "SimpleMemberName",
                        "identifier": "FullName"
                      }
                    ]
                  },
                  {
                    "entityType": "Host",
                    "fieldMappings": [
                      {
                        "columnName": "Computer",
                        "identifier": "FullName"
                      }
                    ]
                  }
                ],
                "requiredDataConnectors": [
                  {
                    "connectorId": "SecurityEvents",
                    "dataTypes": [
                      "SecurityEvent"
                    ]
                  },
                  {
                    "connectorId": "WindowsForwardedEvents",
                    "dataTypes": [
                      "WindowsEvent"
                    ]
                  },
                  {
                    "connectorId": "WindowsSecurityEvents",
                    "dataTypes": [
                      "SecurityEvent"
                    ]
                  }
                ]
              }
            },
            {
              "type": "Microsoft.OperationalInsights/workspaces/providers/metadata",
              "apiVersion": "2021-03-01-preview",
              "properties": {
                "description": "Identifies when a user account has been added to a privileged built in domain local group or global group \nsuch as the Enterprise Admins, Cert Publishers or DnsAdmins. Be sure to verify this is an expected addition.",
                "version": "1.3.4",
                "author": {
                  "name": "Shain"
                },
                "support": {
                  "tier": "Community",
                  "name": "Community",
                  "link": "https://github.com/Azure/Azure-Sentinel/issues"
                },
                "source": {
                  "kind": "Community",
                  "name": "Standalone"
                },
                "threatAnalysisTactics": [
                  "Persistence",
                  "PrivilegeEscalation"
                ],
                "threatAnalyticsTechniques": [
                  "T1098",
                  "T1078"
                ],
                "contentId": "a35f2c18-1b97-458f-ad26-e033af18eb99",
                "parentId": "a35f2c18-1b97-458f-ad26-e033af18eb99",
                "kind": "AnalyticsRule",
                "dependencies": {
                  "operator": "AND",
                  "criteria": [
                    {
                      "contentId": "SecurityEvent",
                      "kind": "DataType"
                    },
                    {
                      "contentId": "SecurityEvent",
                      "kind": "DataType"
                    },
                    {
                      "contentId": "WindowsEvent",
                      "kind": "DataType"
                    }
                  ]
                }
              }
            }
          ]
        },
        "packageId": "a35f2c18-1b97-458f-ad26-e033af18eb99",
        "packageKind": "Standalone",
        "packageName": "User account added to built in domain local or global group",
        "contentProductId": "a35f2c18-1b97-458f-ad26-e033af18eb99-ar-3kabmb7slyouu",
        "id": "a35f2c18-1b97-458f-ad26-e033af18eb99-ar-3kabmb7slyouu",
        "packageVersion": "1.3.4",
        "version": "1.3.4"
      }
    },
    {
      "type": "Microsoft.OperationalInsights/workspaces/providers/contentPackages",
      "name": "[concat(parameters('workspace'),'/Microsoft.SecurityInsights/', 'a35f2c18-1b97-458f-ad26-e033af18eb99')]",
      "location": "[parameters('workspace-location')]",
      "apiVersion": "2023-04-01-preview",
      "properties": {
        "author": {
          "name": "Shain"
        },
        "categories": {
          "domains": [
            "Security - Others",
            "Identity"
          ]
        },
        "dependencies": {
          "operator": "AND",
          "criteria": [
            {
              "contentId": "a35f2c18-1b97-458f-ad26-e033af18eb99",
              "kind": "AnalyticsRule"
            }
          ]
        },
        "description": "Identifies when a user account has been added to a privileged built in domain local group or global group \nsuch as the Enterprise Admins, Cert Publishers or DnsAdmins. Be sure to verify this is an expected addition.",
        "displayName": "User account added to built in domain local or global group",
        "source": {
          "kind": "Community",
          "name": "Standalone"
        },
        "support": {
          "tier": "Community",
          "name": "Community",
          "link": "https://github.com/Azure/Azure-Sentinel/issues"
        },
        "threatAnalysisTactics": [
          "Persistence",
          "PrivilegeEscalation"
        ],
        "threatAnalyticsTechniques": [
          "T1098",
          "T1078"
        ],
        "version": "1.3.4",
        "contentSchemaVersion": "3.0.0",
        "contentId": "a35f2c18-1b97-458f-ad26-e033af18eb99",
        "contentKind": "Standalone",
        "contentProductId": "a35f2c18-1b97-458f-ad26-e033af18eb99-sa-liirviuzbmxj4",
        "id": "a35f2c18-1b97-458f-ad26-e033af18eb99-sa-liirviuzbmxj4"
      }
    }
  ],
  "variables": {}
}