{
  "$schema": "https://schema.management.azure.com/schemas/2019-04-01/deploymentTemplate.json#",
  "contentVersion": "1.0.0.0",
  "metadata": {},
  "parameters": {
    "location": {
      "type": "string",
      "minLength": 1,
      "defaultValue": "[resourceGroup().location]",
      "metadata": {
        "description": "Not used, but needed to pass arm-ttk test `Location-Should-Not-Be-Hardcoded`.  We instead use the `workspace-location` which is derived from the LA workspace"
      }
    },
    "workspace-location": {
      "type": "string",
      "defaultValue": "",
      "metadata": {
        "description": "[concat('Region to deploy solution resources -- separate from location selection',parameters('location'))]"
      }
    },
    "workspace": {
      "defaultValue": "",
      "type": "string",
      "metadata": {
        "description": "Workspace name for Log Analytics where Microsoft Sentinel is setup"
      }
    }
  },
  "resources": [
    {
      "type": "Microsoft.OperationalInsights/workspaces/providers/contentTemplates",
      "name": "[concat(parameters('workspace'),'/Microsoft.SecurityInsights/', '4acd3a04-2fad-4efc-8a4b-51476594cec4')]",
      "location": "[parameters('workspace-location')]",
      "apiVersion": "2023-04-01-preview",
      "dependsOn": [
        "[extensionResourceId(resourceId('Microsoft.OperationalInsights/workspaces', parameters('workspace')), 'Microsoft.SecurityInsights/contentPackages', '4acd3a04-2fad-4efc-8a4b-51476594cec4')]"
      ],
      "properties": {
        "contentId": "4acd3a04-2fad-4efc-8a4b-51476594cec4",
        "displayName": "Possible contact with a domain generated by a DGA",
        "contentKind": "AnalyticsRule",
        "mainTemplate": {
          "$schema": "https://schema.management.azure.com/schemas/2019-04-01/deploymentTemplate.json#",
          "contentVersion": "1.0.2",
          "resources": [
            {
              "type": "Microsoft.OperationalInsights/workspaces/providers/alertRules",
              "apiVersion": "2022-04-01-preview",
              "name": "4acd3a04-2fad-4efc-8a4b-51476594cec4",
              "kind": "Scheduled",
              "location": "[parameters('workspace-location')]",
              "properties": {
                "description": "Identifies contacts with domains names in CommonSecurityLog that might have been generated by a Domain Generation Algorithm (DGA). DGAs can be used\nby malware to generate rendezvous points that are difficult to predict in advance. This detection uses the Alexa Top 1 million domain names to build a model\nof what normal domains look like. It uses this to identify domains that may have been randomly generated by an algorithm.\nThe triThreshold is set to 500 - increase this to report on domains that are less likely to have been randomly generated, decrease it for more likely.\nThe start time and end time look back over 6 hours of data and the dgaLengthThreshold is set to 8 - meaning domains whose length is 8 or more are reported.",
                "displayName": "Possible contact with a domain generated by a DGA",
                "enabled": false,
                "query": "let triThreshold = 500;\nlet startTime = 6h;\nlet dgaLengthThreshold = 8;\n// fetch the alexa top 1M domains\nlet top1M =  (externaldata (Position:int, Domain:string)   [@\"http://s3-us-west-1.amazonaws.com/umbrella-static/top-1m.csv.zip\"]  with (format=\"csv\", zipPattern=\"*.csv\"));\n// extract tri grams that are above our threshold - i.e. are common\nlet triBaseline =   top1M\n| extend Domain = tolower(extract(\"([^.]*).{0,7}$\", 1, Domain))\n| extend AllTriGrams = array_concat(extract_all(\"(...)\", Domain), extract_all(\"(...)\", substring(Domain, 1)), extract_all(\"(...)\", substring(Domain, 2)))\n| mvexpand Trigram=AllTriGrams\n| summarize triCount=count() by tostring(Trigram)\n| sort by triCount desc\n| where triCount > triThreshold\n| distinct Trigram;\n// collect domain information from common security log, filter and extract the DGA candidate and its trigrams\nlet allDataSummarized =   CommonSecurityLog\n| where TimeGenerated > ago(startTime)\n| where isnotempty(DestinationHostName)\n| extend Name = tolower(DestinationHostName)\n| distinct Name\n| where Name has \".\"\n| where Name !endswith \".home\" and Name !endswith \".lan\"\n// extract DGA candidate\n| extend DGADomain = extract(\"([^.]*).{0,7}$\", 1, Name)\n| where strlen(DGADomain) > dgaLengthThreshold\n// throw out domains with number in them\n| where DGADomain matches regex \"^[A-Za-z]{0,}$\"\n// extract the tri grams from summarized data\n| extend AllTriGrams = array_concat(extract_all(\"(...)\", DGADomain), extract_all(\"(...)\", substring(DGADomain, 1)), extract_all(\"(...)\", substring(DGADomain, 2)));\n// throw out domains that have repeating tri's and/or >=3 repeating letters\nlet nonRepeatingTris =  allDataSummarized\n| join kind=leftanti\n(\n    allDataSummarized\n    | mvexpand AllTriGrams\n    | summarize count() by tostring(AllTriGrams), DGADomain\n    | where count_ > 1\n    | distinct DGADomain\n)\non DGADomain;\n// find domains that do not have a common tri in the baseline\nlet dataWithRareTris =  nonRepeatingTris\n| join kind=leftanti\n(\n    nonRepeatingTris\n    | mvexpand AllTriGrams\n    | extend Trigram = tostring(AllTriGrams)\n    | distinct Trigram, DGADomain\n    | join kind=inner\n    (\n        triBaseline\n    )\n    on Trigram\n    | distinct DGADomain\n)\non DGADomain;\ndataWithRareTris\n// join DGAs back on connection data\n| join kind=inner\n(\n    CommonSecurityLog\n    | where TimeGenerated > ago(startTime)\n    | where isnotempty(DestinationHostName)\n    | extend DestinationHostName = tolower(DestinationHostName)\n    | project-rename Name=DestinationHostName, DataSource=DeviceVendor\n    | summarize StartTime=min(TimeGenerated), EndTime=max(TimeGenerated) by Name, SourceIP, DestinationIP, DataSource\n)\non Name\n| project StartTime, EndTime, Name, DGADomain, SourceIP, DestinationIP, DataSource\n| extend timestamp=StartTime, IPCustomEntity=SourceIP\n",
                "queryFrequency": "PT6H",
                "queryPeriod": "PT6H",
                "severity": "Medium",
                "status": "Available",
                "suppressionDuration": "PT1H",
                "suppressionEnabled": false,
                "triggerOperator": "GreaterThan",
                "triggerThreshold": 0,
                "tactics": [
                  "CommandAndControl"
                ],
                "techniques": [
                  "T1568"
                ],
                "entityMappings": [
                  {
                    "entityType": "DNS",
                    "fieldMappings": [
                      {
                        "columnName": "Name",
                        "identifier": "DomainName"
                      }
                    ]
                  },
                  {
                    "entityType": "IP",
                    "fieldMappings": [
                      {
                        "columnName": "IPCustomEntity",
                        "identifier": "Address"
                      }
                    ]
                  }
                ],
                "requiredDataConnectors": [
                  {
                    "connectorId": "Barracuda",
                    "dataTypes": [
                      "CommonSecurityLog"
                    ]
                  },
                  {
                    "connectorId": "CEF",
                    "dataTypes": [
                      "CommonSecurityLog"
                    ]
                  },
                  {
                    "connectorId": "CheckPoint",
                    "dataTypes": [
                      "CommonSecurityLog"
                    ]
                  },
                  {
                    "connectorId": "CiscoASA",
                    "dataTypes": [
                      "CommonSecurityLog"
                    ]
                  },
                  {
                    "connectorId": "F5",
                    "dataTypes": [
                      "CommonSecurityLog"
                    ]
                  },
                  {
                    "connectorId": "Fortinet",
                    "dataTypes": [
                      "CommonSecurityLog"
                    ]
                  },
                  {
                    "connectorId": "PaloAltoNetworks",
                    "dataTypes": [
                      "CommonSecurityLog"
                    ]
                  },
                  {
                    "connectorId": "Zscaler",
                    "dataTypes": [
                      "CommonSecurityLog"
                    ]
                  }
                ]
              }
            },
            {
              "type": "Microsoft.OperationalInsights/workspaces/providers/metadata",
              "apiVersion": "2021-03-01-preview",
              "properties": {
                "description": "Identifies contacts with domains names in CommonSecurityLog that might have been generated by a Domain Generation Algorithm (DGA). DGAs can be used\nby malware to generate rendezvous points that are difficult to predict in advance. This detection uses the Alexa Top 1 million domain names to build a model\nof what normal domains look like. It uses this to identify domains that may have been randomly generated by an algorithm.\nThe triThreshold is set to 500 - increase this to report on domains that are less likely to have been randomly generated, decrease it for more likely.\nThe start time and end time look back over 6 hours of data and the dgaLengthThreshold is set to 8 - meaning domains whose length is 8 or more are reported.",
                "version": "1.0.2",
                "author": {
                  "name": "robMSFT"
                },
                "support": {
                  "tier": "Community",
                  "name": "Community",
                  "link": "https://github.com/Azure/Azure-Sentinel/issues"
                },
                "source": {
                  "kind": "Community",
                  "name": "Standalone"
                },
                "threatAnalysisTactics": [
                  "CommandAndControl"
                ],
                "threatAnalyticsTechniques": [
                  "T1568"
                ],
                "contentId": "4acd3a04-2fad-4efc-8a4b-51476594cec4",
                "parentId": "4acd3a04-2fad-4efc-8a4b-51476594cec4",
                "kind": "AnalyticsRule",
                "dependencies": {
                  "operator": "AND",
                  "criteria": [
                    {
                      "contentId": "CommonSecurityLog",
                      "kind": "DataType"
                    },
                    {
                      "contentId": "CommonSecurityLog",
                      "kind": "DataType"
                    },
                    {
                      "contentId": "CommonSecurityLog",
                      "kind": "DataType"
                    },
                    {
                      "contentId": "CommonSecurityLog",
                      "kind": "DataType"
                    },
                    {
                      "contentId": "CommonSecurityLog",
                      "kind": "DataType"
                    },
                    {
                      "contentId": "CommonSecurityLog",
                      "kind": "DataType"
                    },
                    {
                      "contentId": "CommonSecurityLog",
                      "kind": "DataType"
                    },
                    {
                      "contentId": "CommonSecurityLog",
                      "kind": "DataType"
                    }
                  ]
                }
              }
            }
          ]
        },
        "packageId": "4acd3a04-2fad-4efc-8a4b-51476594cec4",
        "packageKind": "Standalone",
        "packageName": "Possible contact with a domain generated by a DGA",
        "contentProductId": "4acd3a04-2fad-4efc-8a4b-51476594cec4-ar-l7cocsm4ccwku",
        "id": "4acd3a04-2fad-4efc-8a4b-51476594cec4-ar-l7cocsm4ccwku",
        "packageVersion": "1.0.2",
        "version": "1.0.2"
      }
    },
    {
      "type": "Microsoft.OperationalInsights/workspaces/providers/contentPackages",
      "name": "[concat(parameters('workspace'),'/Microsoft.SecurityInsights/', '4acd3a04-2fad-4efc-8a4b-51476594cec4')]",
      "location": "[parameters('workspace-location')]",
      "apiVersion": "2023-04-01-preview",
      "properties": {
        "author": {
          "name": "robMSFT"
        },
        "categories": {
          "domains": [
            "Security - Others"
          ]
        },
        "dependencies": {
          "operator": "AND",
          "criteria": [
            {
              "contentId": "4acd3a04-2fad-4efc-8a4b-51476594cec4",
              "kind": "AnalyticsRule"
            }
          ]
        },
        "description": "Identifies contacts with domains names in CommonSecurityLog that might have been generated by a Domain Generation Algorithm (DGA). DGAs can be used\nby malware to generate rendezvous points that are difficult to predict in advance. This detection uses the Alexa Top 1 million domain names to build a model\nof what normal domains look like. It uses this to identify domains that may have been randomly generated by an algorithm.\nThe triThreshold is set to 500 - increase this to report on domains that are less likely to have been randomly generated, decrease it for more likely.\nThe start time and end time look back over 6 hours of data and the dgaLengthThreshold is set to 8 - meaning domains whose length is 8 or more are reported.",
        "displayName": "Possible contact with a domain generated by a DGA",
        "source": {
          "kind": "Community",
          "name": "Standalone"
        },
        "support": {
          "tier": "Community",
          "name": "Community",
          "link": "https://github.com/Azure/Azure-Sentinel/issues"
        },
        "threatAnalysisTactics": [
          "CommandAndControl"
        ],
        "threatAnalyticsTechniques": [
          "T1568"
        ],
        "version": "1.0.2",
        "contentSchemaVersion": "3.0.0",
        "contentId": "4acd3a04-2fad-4efc-8a4b-51476594cec4",
        "contentKind": "Standalone",
        "contentProductId": "4acd3a04-2fad-4efc-8a4b-51476594cec4-sa-77okg5l2afls2",
        "id": "4acd3a04-2fad-4efc-8a4b-51476594cec4-sa-77okg5l2afls2"
      }
    }
  ],
  "variables": {}
}