{
  "$schema": "https://schema.management.azure.com/schemas/2019-04-01/deploymentTemplate.json#",
  "contentVersion": "1.0.0.0",
  "metadata": {},
  "parameters": {
    "location": {
      "type": "string",
      "minLength": 1,
      "defaultValue": "[resourceGroup().location]",
      "metadata": {
        "description": "Not used, but needed to pass arm-ttk test `Location-Should-Not-Be-Hardcoded`.  We instead use the `workspace-location` which is derived from the LA workspace"
      }
    },
    "workspace-location": {
      "type": "string",
      "defaultValue": "",
      "metadata": {
        "description": "[concat('Region to deploy solution resources -- separate from location selection',parameters('location'))]"
      }
    },
    "workspace": {
      "defaultValue": "",
      "type": "string",
      "metadata": {
        "description": "Workspace name for Log Analytics where Microsoft Sentinel is setup"
      }
    }
  },
  "resources": [
    {
      "type": "Microsoft.OperationalInsights/workspaces/providers/contentTemplates",
      "name": "[concat(parameters('workspace'),'/Microsoft.SecurityInsights/', '9fb2ee72-959f-4c2b-bc38-483affc539e4')]",
      "location": "[parameters('workspace-location')]",
      "apiVersion": "2023-04-01-preview",
      "dependsOn": [
        "[extensionResourceId(resourceId('Microsoft.OperationalInsights/workspaces', parameters('workspace')), 'Microsoft.SecurityInsights/contentPackages', '9fb2ee72-959f-4c2b-bc38-483affc539e4')]"
      ],
      "properties": {
        "contentId": "9fb2ee72-959f-4c2b-bc38-483affc539e4",
        "displayName": "Application ID URI Changed",
        "contentKind": "AnalyticsRule",
        "mainTemplate": {
          "$schema": "https://schema.management.azure.com/schemas/2019-04-01/deploymentTemplate.json#",
          "contentVersion": "1.0.1",
          "resources": [
            {
              "type": "Microsoft.OperationalInsights/workspaces/providers/alertRules",
              "apiVersion": "2022-04-01-preview",
              "name": "9fb2ee72-959f-4c2b-bc38-483affc539e4",
              "kind": "Scheduled",
              "location": "[parameters('workspace-location')]",
              "properties": {
                "description": "Detects changes to an Application ID URI.\n  Monitor these changes to make sure that they were authorized.\n  Ref: https://docs.microsoft.com/azure/active-directory/fundamentals/security-operations-applications#appid-uri-added-modified-or-removed",
                "displayName": "Application ID URI Changed",
                "enabled": false,
                "query": "AuditLogs\n  | where Category == \"ApplicationManagement\"\n  | where OperationName has_any (\"Update Application\", \"Update Service principal\")\n  | extend appName = tostring(parse_json(tostring(InitiatedBy.app)).displayName)\n  | extend UPN = tostring(parse_json(tostring(InitiatedBy.user)).userPrincipalName)\n  | extend UpdatedBy = iif(isnotempty(appName), appName, UPN)\n  | extend mod_props = TargetResources[0].modifiedProperties\n  | extend AppName = tostring(TargetResources[0].displayName)\n  | mv-expand mod_props\n  | where mod_props.displayName has \"AppIdentifierUri\"\n  | extend OldURI = tostring(mod_props.oldValue)\n  | extend NewURI = tostring(mod_props.newValue)\n  | project-reorder TimeGenerated, OperationName, AppName, OldURI, NewURI, UpdatedBy\n",
                "queryFrequency": "P1D",
                "queryPeriod": "P1D",
                "severity": "Medium",
                "status": "Available",
                "suppressionDuration": "PT1H",
                "suppressionEnabled": false,
                "triggerOperator": "GreaterThan",
                "triggerThreshold": 0,
                "tactics": [
                  "Persistence",
                  "PrivilegeEscalation"
                ],
                "techniques": [
                  "T1078"
                ],
                "entityMappings": [
                  {
                    "entityType": "Account",
                    "fieldMappings": [
                      {
                        "columnName": "UpdatedBy",
                        "identifier": "FullName"
                      }
                    ]
                  },
                  {
                    "entityType": "URL",
                    "fieldMappings": [
                      {
                        "columnName": "NewURI",
                        "identifier": "Url"
                      }
                    ]
                  }
                ],
                "requiredDataConnectors": [
                  {
                    "connectorId": "AzureActiveDirectory",
                    "dataTypes": [
                      "AuditLogs"
                    ]
                  }
                ]
              }
            },
            {
              "type": "Microsoft.OperationalInsights/workspaces/providers/metadata",
              "apiVersion": "2021-03-01-preview",
              "properties": {
                "description": "Detects changes to an Application ID URI.\n  Monitor these changes to make sure that they were authorized.\n  Ref: https://docs.microsoft.com/azure/active-directory/fundamentals/security-operations-applications#appid-uri-added-modified-or-removed",
                "version": "1.0.1",
                "author": {
                  "name": "Pete Bryan"
                },
                "support": {
                  "tier": "Community",
                  "name": "Community",
                  "link": "https://github.com/Azure/Azure-Sentinel/issues"
                },
                "source": {
                  "kind": "Community",
                  "name": "Standalone"
                },
                "threatAnalysisTactics": [
                  "Persistence",
                  "PrivilegeEscalation"
                ],
                "threatAnalyticsTechniques": [
                  "T1078.004"
                ],
                "contentId": "9fb2ee72-959f-4c2b-bc38-483affc539e4",
                "parentId": "9fb2ee72-959f-4c2b-bc38-483affc539e4",
                "kind": "AnalyticsRule",
                "dependencies": {
                  "operator": "AND",
                  "criteria": [
                    {
                      "contentId": "AuditLogs",
                      "kind": "DataType"
                    }
                  ]
                }
              }
            }
          ]
        },
        "packageId": "9fb2ee72-959f-4c2b-bc38-483affc539e4",
        "packageKind": "Standalone",
        "packageName": "Application ID URI Changed",
        "contentProductId": "9fb2ee72-959f-4c2b-bc38-483affc539e4-ar-7yiyuxqcj4ep2",
        "id": "9fb2ee72-959f-4c2b-bc38-483affc539e4-ar-7yiyuxqcj4ep2",
        "packageVersion": "1.0.1",
        "version": "1.0.1"
      }
    },
    {
      "type": "Microsoft.OperationalInsights/workspaces/providers/contentPackages",
      "name": "[concat(parameters('workspace'),'/Microsoft.SecurityInsights/', '9fb2ee72-959f-4c2b-bc38-483affc539e4')]",
      "location": "[parameters('workspace-location')]",
      "apiVersion": "2023-04-01-preview",
      "properties": {
        "author": {
          "name": "Pete Bryan"
        },
        "categories": {
          "domains": [
            "Security - Others"
          ]
        },
        "dependencies": {
          "operator": "AND",
          "criteria": [
            {
              "contentId": "9fb2ee72-959f-4c2b-bc38-483affc539e4",
              "kind": "AnalyticsRule"
            }
          ]
        },
        "description": "Detects changes to an Application ID URI.\n  Monitor these changes to make sure that they were authorized.\n  Ref: https://docs.microsoft.com/azure/active-directory/fundamentals/security-operations-applications#appid-uri-added-modified-or-removed",
        "displayName": "Application ID URI Changed",
        "source": {
          "kind": "Community",
          "name": "Standalone"
        },
        "support": {
          "tier": "Community",
          "name": "Community",
          "link": "https://github.com/Azure/Azure-Sentinel/issues"
        },
        "threatAnalysisTactics": [
          "Persistence",
          "PrivilegeEscalation"
        ],
        "threatAnalyticsTechniques": [
          "T1078.004"
        ],
        "version": "1.0.1",
        "contentSchemaVersion": "3.0.0",
        "contentId": "9fb2ee72-959f-4c2b-bc38-483affc539e4",
        "contentKind": "Standalone",
        "contentProductId": "9fb2ee72-959f-4c2b-bc38-483affc539e4-sa-yakifs3xbgj2o",
        "id": "9fb2ee72-959f-4c2b-bc38-483affc539e4-sa-yakifs3xbgj2o"
      }
    }
  ],
  "variables": {}
}