{
  "$schema": "https://schema.management.azure.com/schemas/2019-04-01/deploymentTemplate.json#",
  "contentVersion": "1.0.0.0",
  "metadata": {},
  "parameters": {
    "location": {
      "type": "string",
      "minLength": 1,
      "defaultValue": "[resourceGroup().location]",
      "metadata": {
        "description": "Not used, but needed to pass arm-ttk test `Location-Should-Not-Be-Hardcoded`.  We instead use the `workspace-location` which is derived from the LA workspace"
      }
    },
    "workspace-location": {
      "type": "string",
      "defaultValue": "",
      "metadata": {
        "description": "[concat('Region to deploy solution resources -- separate from location selection',parameters('location'))]"
      }
    },
    "workspace": {
      "defaultValue": "",
      "type": "string",
      "metadata": {
        "description": "Workspace name for Log Analytics where Microsoft Sentinel is setup"
      }
    }
  },
  "resources": [
    {
      "type": "Microsoft.OperationalInsights/workspaces/providers/contentTemplates",
      "name": "[concat(parameters('workspace'),'/Microsoft.SecurityInsights/', '2f561e20-d97b-4b13-b02d-18b34af6e87c')]",
      "location": "[parameters('workspace-location')]",
      "apiVersion": "2023-04-01-preview",
      "dependsOn": [
        "[extensionResourceId(resourceId('Microsoft.OperationalInsights/workspaces', parameters('workspace')), 'Microsoft.SecurityInsights/contentPackages', '2f561e20-d97b-4b13-b02d-18b34af6e87c')]"
      ],
      "properties": {
        "contentId": "2f561e20-d97b-4b13-b02d-18b34af6e87c",
        "displayName": "Email access via active sync",
        "contentKind": "AnalyticsRule",
        "mainTemplate": {
          "$schema": "https://schema.management.azure.com/schemas/2019-04-01/deploymentTemplate.json#",
          "contentVersion": "1.1.2",
          "resources": [
            {
              "type": "Microsoft.OperationalInsights/workspaces/providers/alertRules",
              "apiVersion": "2022-04-01-preview",
              "name": "2f561e20-d97b-4b13-b02d-18b34af6e87c",
              "kind": "Scheduled",
              "location": "[parameters('workspace-location')]",
              "properties": {
                "description": "This query detects attempts to add attacker devices as allowed IDs for active sync using the Set-CASMailbox command.\nThis technique was seen in relation to Solorigate attack but the results can indicate potential malicious activity used in different attacks.\n- Note that this query can be changed to use the KQL \"has_all\" operator, which hasn't yet been documented officially, but will be soon.\n  In short, \"has_all\" will only match when the referenced field has all strings in the list.\n- Refer to Set-CASMailbox syntax: https://docs.microsoft.com/powershell/module/exchange/set-casmailbox?view=exchange-ps",
                "displayName": "Email access via active sync",
                "enabled": false,
                "query": "let timeframe = 1d;\nlet cmdList = dynamic([\"Set-CASMailbox\",\"ActiveSyncAllowedDeviceIDs\",\"add\"]);\n(union isfuzzy=true\n(\nSecurityEvent\n| where TimeGenerated >= ago(timeframe)\n| where EventID == 4688\n| where CommandLine has_all (cmdList)\n| project Type, TimeGenerated, Computer, Account, SubjectDomainName, SubjectUserName, Process, ParentProcessName, CommandLine\n| extend timestamp = TimeGenerated, AccountCustomEntity = Account, HostCustomEntity = Computer\n),\n( WindowsEvent\n| where TimeGenerated >= ago(timeframe)\n| where EventID == 4688\n| where EventData has_all (cmdList)\n| extend CommandLine = tostring(EventData.CommandLine) \n| where CommandLine has_all (cmdList)\n| extend Account =  strcat(tostring(EventData.SubjectDomainName),\"\\\\\", tostring(EventData.SubjectUserName))\n| extend SubjectUserName = tostring(EventData.SubjectUserName)\n| extend SubjectDomainName = tostring(EventData.SubjectDomainName)\n| extend NewProcessName = tostring(EventData.NewProcessName)\n| extend Process=tostring(split(NewProcessName, '\\\\')[-1])\n| extend ParentProcessName = tostring(EventData.ParentProcessName)\n| project Type, TimeGenerated, Computer, Account, SubjectDomainName, SubjectUserName, Process, ParentProcessName, CommandLine\n| extend timestamp = TimeGenerated, AccountCustomEntity = Account, HostCustomEntity = Computer\n),\n(\nDeviceProcessEvents\n| where TimeGenerated >= ago(timeframe)\n| where InitiatingProcessCommandLine has_all (cmdList)\n| project Type, TimeGenerated, DeviceName, AccountName, InitiatingProcessAccountDomain, InitiatingProcessAccountName, InitiatingProcessFileName, InitiatingProcessParentFileName,  InitiatingProcessCommandLine\n| extend timestamp = TimeGenerated, AccountCustomEntity = AccountName, HostCustomEntity = DeviceName\n),\n(\nEvent\n| where TimeGenerated > ago(timeframe)\n| where Source == \"Microsoft-Windows-Sysmon\"\n| where EventID == 1\n| extend EventData = parse_xml(EventData).DataItem.EventData.Data\n| mv-expand bagexpansion=array EventData\n| evaluate bag_unpack(EventData)\n| extend Key=tostring(['@Name']), Value=['#text']\n| evaluate pivot(Key, any(Value), TimeGenerated, Source, EventLog, Computer, EventLevel, EventLevelName, EventID, UserName, RenderedDescription, MG, ManagementGroupName, Type, _ResourceId)\n| where TimeGenerated >= ago(timeframe)\n| where CommandLine has_all (cmdList)\n| extend Type = strcat(Type, \": \", Source)\n| project Type, TimeGenerated, Computer, User, Process, ParentImage, CommandLine\n| extend timestamp = TimeGenerated, AccountCustomEntity = User, HostCustomEntity = Computer\n)\n)\n",
                "queryFrequency": "P1D",
                "queryPeriod": "P1D",
                "severity": "Medium",
                "status": "Available",
                "suppressionDuration": "PT1H",
                "suppressionEnabled": false,
                "triggerOperator": "GreaterThan",
                "triggerThreshold": 0,
                "tactics": [
                  "PrivilegeEscalation"
                ],
                "techniques": [
                  "T1068",
                  "T1078"
                ],
                "entityMappings": [
                  {
                    "entityType": "Account",
                    "fieldMappings": [
                      {
                        "columnName": "AccountCustomEntity",
                        "identifier": "FullName"
                      }
                    ]
                  },
                  {
                    "entityType": "Host",
                    "fieldMappings": [
                      {
                        "columnName": "HostCustomEntity",
                        "identifier": "FullName"
                      }
                    ]
                  }
                ],
                "requiredDataConnectors": [
                  {
                    "connectorId": "MicrosoftThreatProtection",
                    "dataTypes": [
                      "DeviceProcessEvents"
                    ]
                  },
                  {
                    "connectorId": "SecurityEvents",
                    "dataTypes": [
                      "SecurityEvent"
                    ]
                  },
                  {
                    "connectorId": "WindowsForwardedEvents",
                    "dataTypes": [
                      "WindowsEvent"
                    ]
                  },
                  {
                    "connectorId": "WindowsSecurityEvents",
                    "dataTypes": [
                      "SecurityEvents"
                    ]
                  }
                ]
              }
            },
            {
              "type": "Microsoft.OperationalInsights/workspaces/providers/metadata",
              "apiVersion": "2021-03-01-preview",
              "properties": {
                "description": "This query detects attempts to add attacker devices as allowed IDs for active sync using the Set-CASMailbox command.\nThis technique was seen in relation to Solorigate attack but the results can indicate potential malicious activity used in different attacks.\n- Note that this query can be changed to use the KQL \"has_all\" operator, which hasn't yet been documented officially, but will be soon.\n  In short, \"has_all\" will only match when the referenced field has all strings in the list.\n- Refer to Set-CASMailbox syntax: https://docs.microsoft.com/powershell/module/exchange/set-casmailbox?view=exchange-ps",
                "version": "1.1.2",
                "author": {
                  "name": "jannieli"
                },
                "support": {
                  "tier": "Community",
                  "name": "Community",
                  "link": "https://github.com/Azure/Azure-Sentinel/issues"
                },
                "source": {
                  "kind": "Community",
                  "name": "Standalone"
                },
                "threatAnalysisTactics": [
                  "PrivilegeEscalation"
                ],
                "threatAnalyticsTechniques": [
                  "T1068",
                  "T1078"
                ],
                "contentId": "2f561e20-d97b-4b13-b02d-18b34af6e87c",
                "parentId": "2f561e20-d97b-4b13-b02d-18b34af6e87c",
                "kind": "AnalyticsRule",
                "dependencies": {
                  "operator": "AND",
                  "criteria": [
                    {
                      "contentId": "SecurityEvent",
                      "kind": "DataType"
                    },
                    {
                      "contentId": "DeviceProcessEvents",
                      "kind": "DataType"
                    },
                    {
                      "contentId": "SecurityEvents",
                      "kind": "DataType"
                    },
                    {
                      "contentId": "WindowsEvent",
                      "kind": "DataType"
                    }
                  ]
                }
              }
            }
          ]
        },
        "packageId": "2f561e20-d97b-4b13-b02d-18b34af6e87c",
        "packageKind": "Standalone",
        "packageName": "Email access via active sync",
        "contentProductId": "2f561e20-d97b-4b13-b02d-18b34af6e87c-ar-4rcbuvhftgwc4",
        "id": "2f561e20-d97b-4b13-b02d-18b34af6e87c-ar-4rcbuvhftgwc4",
        "packageVersion": "1.1.2",
        "version": "1.1.2"
      }
    },
    {
      "type": "Microsoft.OperationalInsights/workspaces/providers/contentPackages",
      "name": "[concat(parameters('workspace'),'/Microsoft.SecurityInsights/', '2f561e20-d97b-4b13-b02d-18b34af6e87c')]",
      "location": "[parameters('workspace-location')]",
      "apiVersion": "2023-04-01-preview",
      "properties": {
        "author": {
          "name": "jannieli"
        },
        "categories": {
          "domains": [
            "Security - Threat Protection"
          ]
        },
        "dependencies": {
          "operator": "AND",
          "criteria": [
            {
              "contentId": "2f561e20-d97b-4b13-b02d-18b34af6e87c",
              "kind": "AnalyticsRule"
            }
          ]
        },
        "description": "This query detects attempts to add attacker devices as allowed IDs for active sync using the Set-CASMailbox command.\nThis technique was seen in relation to Solorigate attack but the results can indicate potential malicious activity used in different attacks.\n- Note that this query can be changed to use the KQL \"has_all\" operator, which hasn't yet been documented officially, but will be soon.\n  In short, \"has_all\" will only match when the referenced field has all strings in the list.\n- Refer to Set-CASMailbox syntax: https://docs.microsoft.com/powershell/module/exchange/set-casmailbox?view=exchange-ps",
        "displayName": "Email access via active sync",
        "source": {
          "kind": "Community",
          "name": "Standalone"
        },
        "support": {
          "tier": "Community",
          "name": "Community",
          "link": "https://github.com/Azure/Azure-Sentinel/issues"
        },
        "threatAnalysisTactics": [
          "PrivilegeEscalation"
        ],
        "threatAnalyticsTechniques": [
          "T1068",
          "T1078"
        ],
        "version": "1.1.2",
        "contentSchemaVersion": "3.0.0",
        "contentId": "2f561e20-d97b-4b13-b02d-18b34af6e87c",
        "contentKind": "Standalone",
        "contentProductId": "2f561e20-d97b-4b13-b02d-18b34af6e87c-sa-gfrcr3zssaphq",
        "id": "2f561e20-d97b-4b13-b02d-18b34af6e87c-sa-gfrcr3zssaphq"
      }
    }
  ],
  "variables": {}
}