{
  "$schema": "https://schema.management.azure.com/schemas/2019-04-01/deploymentTemplate.json#",
  "contentVersion": "1.0.0.0",
  "metadata": {},
  "parameters": {
    "location": {
      "type": "string",
      "minLength": 1,
      "defaultValue": "[resourceGroup().location]",
      "metadata": {
        "description": "Not used, but needed to pass arm-ttk test `Location-Should-Not-Be-Hardcoded`.  We instead use the `workspace-location` which is derived from the LA workspace"
      }
    },
    "workspace-location": {
      "type": "string",
      "defaultValue": "",
      "metadata": {
        "description": "[concat('Region to deploy solution resources -- separate from location selection',parameters('location'))]"
      }
    },
    "workspace": {
      "defaultValue": "",
      "type": "string",
      "metadata": {
        "description": "Workspace name for Log Analytics where Microsoft Sentinel is setup"
      }
    }
  },
  "resources": [
    {
      "type": "Microsoft.OperationalInsights/workspaces/providers/contentTemplates",
      "name": "[concat(parameters('workspace'),'/Microsoft.SecurityInsights/', '910124df-913c-47e3-a7cd-29e1643fa55e')]",
      "location": "[parameters('workspace-location')]",
      "apiVersion": "2023-04-01-preview",
      "dependsOn": [
        "[extensionResourceId(resourceId('Microsoft.OperationalInsights/workspaces', parameters('workspace')), 'Microsoft.SecurityInsights/contentPackages', '910124df-913c-47e3-a7cd-29e1643fa55e')]"
      ],
      "properties": {
        "contentId": "910124df-913c-47e3-a7cd-29e1643fa55e",
        "displayName": "Failed AWS Console logons but success logon to AzureAD",
        "contentKind": "AnalyticsRule",
        "mainTemplate": {
          "$schema": "https://schema.management.azure.com/schemas/2019-04-01/deploymentTemplate.json#",
          "contentVersion": "1.0.2",
          "resources": [
            {
              "type": "Microsoft.OperationalInsights/workspaces/providers/alertRules",
              "apiVersion": "2022-04-01-preview",
              "name": "910124df-913c-47e3-a7cd-29e1643fa55e",
              "kind": "Scheduled",
              "location": "[parameters('workspace-location')]",
              "properties": {
                "description": "Identifies a list of IP addresses with a minimum numbe(default of 5) of failed logon attempts to AWS Console.\nUses that list to identify any successful Azure Active Directory logons from these IPs within the same timeframe.",
                "displayName": "Failed AWS Console logons but success logon to AzureAD",
                "enabled": false,
                "query": "\n//Adjust this threshold to fit environment\nlet  signin_threshold = 5; \n//Make a list of IPs with failed AWS console logins\nlet aws_fails = AWSCloudTrail\n| where EventName == \"ConsoleLogin\"\n| extend LoginResult = tostring(parse_json(ResponseElements).ConsoleLogin) \n| where LoginResult != \"Success\"\n| where SourceIpAddress != \"127.0.0.1\"\n| summarize count() by SourceIpAddress\n| where count_ >  signin_threshold\n| summarize make_set(SourceIpAddress);\n//See if any of those IPs have sucessfully logged into Azure AD.\nSigninLogs\n| where ResultType in (\"0\", \"50125\", \"50140\")\n| where IPAddress in (aws_fails) \n| extend Reason = \"Multiple failed AWS Console logins from IP address\"\n| extend timestamp = TimeGenerated, AccountCustomEntity = UserPrincipalName, IPCustomEntity = IPAddress\n",
                "queryFrequency": "P1D",
                "queryPeriod": "P1D",
                "severity": "Medium",
                "status": "Available",
                "suppressionDuration": "PT1H",
                "suppressionEnabled": false,
                "triggerOperator": "GreaterThan",
                "triggerThreshold": 0,
                "tactics": [
                  "InitialAccess",
                  "CredentialAccess"
                ],
                "techniques": [
                  "T1078",
                  "T1110"
                ],
                "entityMappings": [
                  {
                    "entityType": "Account",
                    "fieldMappings": [
                      {
                        "columnName": "AccountCustomEntity",
                        "identifier": "FullName"
                      }
                    ]
                  },
                  {
                    "entityType": "IP",
                    "fieldMappings": [
                      {
                        "columnName": "IPCustomEntity",
                        "identifier": "Address"
                      }
                    ]
                  }
                ],
                "requiredDataConnectors": [
                  {
                    "connectorId": "AWS",
                    "dataTypes": [
                      "AWSCloudTrail"
                    ]
                  },
                  {
                    "connectorId": "AzureActiveDirectory",
                    "dataTypes": [
                      "SigninLogs"
                    ]
                  }
                ]
              }
            },
            {
              "type": "Microsoft.OperationalInsights/workspaces/providers/metadata",
              "apiVersion": "2021-03-01-preview",
              "properties": {
                "description": "Identifies a list of IP addresses with a minimum numbe(default of 5) of failed logon attempts to AWS Console.\nUses that list to identify any successful Azure Active Directory logons from these IPs within the same timeframe.",
                "version": "1.0.2",
                "author": {
                  "name": "Pete Bryan"
                },
                "support": {
                  "tier": "Community",
                  "name": "Community",
                  "link": "https://github.com/Azure/Azure-Sentinel/issues"
                },
                "source": {
                  "kind": "Community",
                  "name": "Standalone"
                },
                "threatAnalysisTactics": [
                  "InitialAccess",
                  "CredentialAccess"
                ],
                "threatAnalyticsTechniques": [
                  "T1078",
                  "T1110"
                ],
                "contentId": "910124df-913c-47e3-a7cd-29e1643fa55e",
                "parentId": "910124df-913c-47e3-a7cd-29e1643fa55e",
                "kind": "AnalyticsRule",
                "dependencies": {
                  "operator": "AND",
                  "criteria": [
                    {
                      "contentId": "SigninLogs",
                      "kind": "DataType"
                    },
                    {
                      "contentId": "AWSCloudTrail",
                      "kind": "DataType"
                    }
                  ]
                }
              }
            }
          ]
        },
        "packageId": "910124df-913c-47e3-a7cd-29e1643fa55e",
        "packageKind": "Standalone",
        "packageName": "Failed AWS Console logons but success logon to AzureAD",
        "contentProductId": "910124df-913c-47e3-a7cd-29e1643fa55e-ar-2tcaozs2kh72c",
        "id": "910124df-913c-47e3-a7cd-29e1643fa55e-ar-2tcaozs2kh72c",
        "packageVersion": "1.0.2",
        "version": "1.0.2"
      }
    },
    {
      "type": "Microsoft.OperationalInsights/workspaces/providers/contentPackages",
      "name": "[concat(parameters('workspace'),'/Microsoft.SecurityInsights/', '910124df-913c-47e3-a7cd-29e1643fa55e')]",
      "location": "[parameters('workspace-location')]",
      "apiVersion": "2023-04-01-preview",
      "properties": {
        "author": {
          "name": "Pete Bryan"
        },
        "categories": {
          "domains": [
            "Security - Others",
            "Identity"
          ]
        },
        "dependencies": {
          "operator": "AND",
          "criteria": [
            {
              "contentId": "910124df-913c-47e3-a7cd-29e1643fa55e",
              "kind": "AnalyticsRule"
            }
          ]
        },
        "description": "Identifies a list of IP addresses with a minimum numbe(default of 5) of failed logon attempts to AWS Console.\nUses that list to identify any successful Azure Active Directory logons from these IPs within the same timeframe.",
        "displayName": "Failed AWS Console logons but success logon to AzureAD",
        "source": {
          "kind": "Community",
          "name": "Standalone"
        },
        "support": {
          "tier": "Community",
          "name": "Community",
          "link": "https://github.com/Azure/Azure-Sentinel/issues"
        },
        "threatAnalysisTactics": [
          "InitialAccess",
          "CredentialAccess"
        ],
        "threatAnalyticsTechniques": [
          "T1078",
          "T1110"
        ],
        "version": "1.0.2",
        "contentSchemaVersion": "3.0.0",
        "contentId": "910124df-913c-47e3-a7cd-29e1643fa55e",
        "contentKind": "Standalone",
        "contentProductId": "910124df-913c-47e3-a7cd-29e1643fa55e-sa-5fa47j3xqdubc",
        "id": "910124df-913c-47e3-a7cd-29e1643fa55e-sa-5fa47j3xqdubc"
      }
    }
  ],
  "variables": {}
}