{
  "$schema": "https://schema.management.azure.com/schemas/2019-04-01/deploymentTemplate.json#",
  "contentVersion": "1.0.0.0",
  "metadata": {},
  "parameters": {
    "location": {
      "type": "string",
      "minLength": 1,
      "defaultValue": "[resourceGroup().location]",
      "metadata": {
        "description": "Not used, but needed to pass arm-ttk test `Location-Should-Not-Be-Hardcoded`.  We instead use the `workspace-location` which is derived from the LA workspace"
      }
    },
    "workspace-location": {
      "type": "string",
      "defaultValue": "",
      "metadata": {
        "description": "[concat('Region to deploy solution resources -- separate from location selection',parameters('location'))]"
      }
    },
    "workspace": {
      "defaultValue": "",
      "type": "string",
      "metadata": {
        "description": "Workspace name for Log Analytics where Microsoft Sentinel is setup"
      }
    }
  },
  "resources": [
    {
      "type": "Microsoft.OperationalInsights/workspaces/providers/contentTemplates",
      "name": "[concat(parameters('workspace'),'/Microsoft.SecurityInsights/', '5ef06767-b37c-4818-b035-47de950d0046')]",
      "location": "[parameters('workspace-location')]",
      "apiVersion": "2023-04-01-preview",
      "dependsOn": [
        "[extensionResourceId(resourceId('Microsoft.OperationalInsights/workspaces', parameters('workspace')), 'Microsoft.SecurityInsights/contentPackages', '5ef06767-b37c-4818-b035-47de950d0046')]"
      ],
      "properties": {
        "contentId": "5ef06767-b37c-4818-b035-47de950d0046",
        "displayName": "Potential Build Process Compromise",
        "contentKind": "AnalyticsRule",
        "mainTemplate": {
          "$schema": "https://schema.management.azure.com/schemas/2019-04-01/deploymentTemplate.json#",
          "contentVersion": "1.1.2",
          "resources": [
            {
              "type": "Microsoft.OperationalInsights/workspaces/providers/alertRules",
              "apiVersion": "2022-04-01-preview",
              "name": "5ef06767-b37c-4818-b035-47de950d0046",
              "kind": "Scheduled",
              "location": "[parameters('workspace-location')]",
              "properties": {
                "description": "The query looks for source code files being modified immediately after a build process is started. The purpose of this is to look for malicious code injection during the build process.\nMore details: https://techcommunity.microsoft.com/t5/azure-sentinel/monitoring-the-software-supply-chain-with-azure-sentinel/ba-p/2176463",
                "displayName": "Potential Build Process Compromise",
                "enabled": false,
                "query": "// How far back to look for events from\nlet timeframe = 1d;\n// How close together build events and file modifications should occur to alert (make this smaller to reduce FPs)\nlet time_window = 5m;\n// Edit this to include build processes used\nlet build_processes = dynamic([\"MSBuild.exe\", \"dotnet.exe\", \"VBCSCompiler.exe\"]);\n// Include any processes that you want to allow to edit files during/around the build process\nlet allow_list = dynamic([\"\"]);\n(union isfuzzy=true\n(SecurityEvent\n| where TimeGenerated > ago(timeframe)\n// Look for build process starts\n| where EventID == 4688\n| where Process has_any (build_processes)\n| summarize by BuildParentProcess=ParentProcessName, BuildProcess=Process, BuildAccount = Account, Computer, BuildCommand=CommandLine, timekey= bin(TimeGenerated, time_window), BuildProcessTime=TimeGenerated\n| join kind=inner(\nSecurityEvent\n| where TimeGenerated > ago(timeframe)\n// Look for file modifications to code file\n| where EventID == 4663\n| where Process !in (allow_list)\n// Look for code files, edit this to include file extensions used in build.\n| where ObjectName endswith \".cs\" or ObjectName endswith \".cpp\"\n// 0x6 and 0x4 for file append, 0x100 for file replacements\n| where AccessMask == \"0x6\"  or AccessMask == \"0x4\" or AccessMask == \"0X100\"\n| summarize by FileEditParentProcess=ParentProcessName, FileEditAccount = Account, Computer, FileEdited=ObjectName, FileEditProcess=ProcessName, timekey= bin(TimeGenerated, time_window), FileEditTime=TimeGenerated)\n// join where build processes and file modifications seen at same time on same host\non timekey, Computer\n// Limit to only where the file edit happens after the build process starts\n| where BuildProcessTime <= FileEditTime\n| summarize make_set(FileEdited), make_set(FileEditProcess), make_set(FileEditAccount) by timekey, Computer, BuildParentProcess, BuildProcess\n| extend HostCustomEntity=Computer, timestamp=timekey\n),\n(WindowsEvent\n| where TimeGenerated > ago(timeframe)\n// Look for build process starts\n| where EventID == 4688 and EventData has_any (build_processes)\n| extend NewProcessName = tostring(EventData.NewProcessName)\n| extend Process=tostring(split(NewProcessName, '\\\\')[-1])\n| where Process has_any (build_processes)\n| extend ParentProcessName = tostring(EventData.ParentProcessName)\n| extend Account =  strcat(tostring(EventData.SubjectDomainName),\"\\\\\", tostring(EventData.SubjectUserName))\n| extend CommandLine = tostring(EventData.CommandLine) \n| summarize by BuildParentProcess=ParentProcessName, BuildProcess=Process, BuildAccount = Account, Computer, BuildCommand=CommandLine, timekey= bin(TimeGenerated, time_window), BuildProcessTime=TimeGenerated\n| join kind=inner(\nWindowsEvent\n| where TimeGenerated > ago(timeframe)\n// Look for file modifications to code file\n| where EventID == 4663 and EventData has_any (\"0x6\", \"0x4\", \"0X100\") and EventData has_any (\".cs\", \".cpp\")\n| extend NewProcessName = tostring(EventData.NewProcessName)\n| extend Process=tostring(split(NewProcessName, '\\\\')[-1])\n| where Process !in (allow_list)\n// Look for code files, edit this to include file extensions used in build.\n| extend ObjectName = tostring(EventData.ObjectName)\n| where ObjectName endswith \".cs\" or ObjectName endswith \".cpp\"\n// 0x6 and 0x4 for file append, 0x100 for file replacements\n| extend AccessMask = tostring(EventData.AccessMask)  \n| where AccessMask == \"0x6\"  or AccessMask == \"0x4\" or AccessMask == \"0X100\"\n| extend ParentProcessName = tostring(EventData.ParentProcessName)\n| extend Account =  strcat(tostring(EventData.SubjectDomainName),\"\\\\\", tostring(EventData.SubjectUserName))\n| extend ProcessName = tostring(EventData.ProcessName)\n| summarize by FileEditParentProcess=ParentProcessName, FileEditAccount = Account, Computer, FileEdited=ObjectName, FileEditProcess=ProcessName, timekey= bin(TimeGenerated, time_window), FileEditTime=TimeGenerated)\n// join where build processes and file modifications seen at same time on same host\non timekey, Computer\n// Limit to only where the file edit happens after the build process starts\n| where BuildProcessTime <= FileEditTime\n| summarize make_set(FileEdited), make_set(FileEditProcess), make_set(FileEditAccount) by timekey, Computer, BuildParentProcess, BuildProcess\n| extend HostCustomEntity=Computer, timestamp=timekey\n))\n",
                "queryFrequency": "P1D",
                "queryPeriod": "P1D",
                "severity": "Medium",
                "status": "Available",
                "suppressionDuration": "PT1H",
                "suppressionEnabled": false,
                "triggerOperator": "GreaterThan",
                "triggerThreshold": 0,
                "tactics": [
                  "Persistence"
                ],
                "techniques": [
                  "T1554"
                ],
                "entityMappings": [
                  {
                    "entityType": "Host",
                    "fieldMappings": [
                      {
                        "columnName": "HostCustomEntity",
                        "identifier": "FullName"
                      }
                    ]
                  }
                ],
                "requiredDataConnectors": [
                  {
                    "connectorId": "SecurityEvents",
                    "dataTypes": [
                      "SecurityEvent"
                    ]
                  },
                  {
                    "connectorId": "WindowsForwardedEvents",
                    "dataTypes": [
                      "WindowsEvent"
                    ]
                  },
                  {
                    "connectorId": "WindowsSecurityEvents",
                    "dataTypes": [
                      "SecurityEvent"
                    ]
                  },
                  {
                    "connectorId": "WindowsSecurityEvents",
                    "dataTypes": [
                      "SecurityEvents"
                    ]
                  }
                ]
              }
            },
            {
              "type": "Microsoft.OperationalInsights/workspaces/providers/metadata",
              "apiVersion": "2021-03-01-preview",
              "properties": {
                "description": "The query looks for source code files being modified immediately after a build process is started. The purpose of this is to look for malicious code injection during the build process.\nMore details: https://techcommunity.microsoft.com/t5/azure-sentinel/monitoring-the-software-supply-chain-with-azure-sentinel/ba-p/2176463",
                "version": "1.1.2",
                "author": {
                  "name": "Pete Bryan"
                },
                "support": {
                  "tier": "Community",
                  "name": "Community",
                  "link": "https://github.com/Azure/Azure-Sentinel/issues"
                },
                "source": {
                  "kind": "Community",
                  "name": "Standalone"
                },
                "threatAnalysisTactics": [
                  "Persistence"
                ],
                "threatAnalyticsTechniques": [
                  "T1554"
                ],
                "contentId": "5ef06767-b37c-4818-b035-47de950d0046",
                "parentId": "5ef06767-b37c-4818-b035-47de950d0046",
                "kind": "AnalyticsRule",
                "dependencies": {
                  "operator": "AND",
                  "criteria": [
                    {
                      "contentId": "SecurityEvent",
                      "kind": "DataType"
                    },
                    {
                      "contentId": "SecurityEvent",
                      "kind": "DataType"
                    },
                    {
                      "contentId": "SecurityEvents",
                      "kind": "DataType"
                    },
                    {
                      "contentId": "WindowsEvent",
                      "kind": "DataType"
                    }
                  ]
                }
              }
            }
          ]
        },
        "packageId": "5ef06767-b37c-4818-b035-47de950d0046",
        "packageKind": "Standalone",
        "packageName": "Potential Build Process Compromise",
        "contentProductId": "5ef06767-b37c-4818-b035-47de950d0046-ar-mtjv2ahdq6az4",
        "id": "5ef06767-b37c-4818-b035-47de950d0046-ar-mtjv2ahdq6az4",
        "packageVersion": "1.1.2",
        "version": "1.1.2"
      }
    },
    {
      "type": "Microsoft.OperationalInsights/workspaces/providers/contentPackages",
      "name": "[concat(parameters('workspace'),'/Microsoft.SecurityInsights/', '5ef06767-b37c-4818-b035-47de950d0046')]",
      "location": "[parameters('workspace-location')]",
      "apiVersion": "2023-04-01-preview",
      "properties": {
        "author": {
          "name": "Pete Bryan"
        },
        "categories": {
          "domains": [
            "Security - Others"
          ]
        },
        "dependencies": {
          "operator": "AND",
          "criteria": [
            {
              "contentId": "5ef06767-b37c-4818-b035-47de950d0046",
              "kind": "AnalyticsRule"
            }
          ]
        },
        "description": "The query looks for source code files being modified immediately after a build process is started. The purpose of this is to look for malicious code injection during the build process.\nMore details: https://techcommunity.microsoft.com/t5/azure-sentinel/monitoring-the-software-supply-chain-with-azure-sentinel/ba-p/2176463",
        "displayName": "Potential Build Process Compromise",
        "source": {
          "kind": "Community",
          "name": "Standalone"
        },
        "support": {
          "tier": "Community",
          "name": "Community",
          "link": "https://github.com/Azure/Azure-Sentinel/issues"
        },
        "threatAnalysisTactics": [
          "Persistence"
        ],
        "threatAnalyticsTechniques": [
          "T1554"
        ],
        "version": "1.1.2",
        "contentSchemaVersion": "3.0.0",
        "contentId": "5ef06767-b37c-4818-b035-47de950d0046",
        "contentKind": "Standalone",
        "contentProductId": "5ef06767-b37c-4818-b035-47de950d0046-sa-lxcsgqefrdhz6",
        "id": "5ef06767-b37c-4818-b035-47de950d0046-sa-lxcsgqefrdhz6"
      }
    }
  ],
  "variables": {}
}