{
  "$schema": "https://schema.management.azure.com/schemas/2019-04-01/deploymentTemplate.json#",
  "contentVersion": "1.0.0.0",
  "metadata": {},
  "parameters": {
    "location": {
      "type": "string",
      "minLength": 1,
      "defaultValue": "[resourceGroup().location]",
      "metadata": {
        "description": "Not used, but needed to pass arm-ttk test `Location-Should-Not-Be-Hardcoded`.  We instead use the `workspace-location` which is derived from the LA workspace"
      }
    },
    "workspace-location": {
      "type": "string",
      "defaultValue": "",
      "metadata": {
        "description": "[concat('Region to deploy solution resources -- separate from location selection',parameters('location'))]"
      }
    },
    "workspace": {
      "defaultValue": "",
      "type": "string",
      "metadata": {
        "description": "Workspace name for Log Analytics where Microsoft Sentinel is setup"
      }
    }
  },
  "resources": [
    {
      "type": "Microsoft.OperationalInsights/workspaces/providers/contentTemplates",
      "name": "[concat(parameters('workspace'),'/Microsoft.SecurityInsights/', 'be52662c-3b23-435a-a6fa-f39bdfc849e6')]",
      "location": "[parameters('workspace-location')]",
      "apiVersion": "2023-04-01-preview",
      "dependsOn": [
        "[extensionResourceId(resourceId('Microsoft.OperationalInsights/workspaces', parameters('workspace')), 'Microsoft.SecurityInsights/contentPackages', 'be52662c-3b23-435a-a6fa-f39bdfc849e6')]"
      ],
      "properties": {
        "contentId": "be52662c-3b23-435a-a6fa-f39bdfc849e6",
        "displayName": "High Number of Urgent Vulnerabilities Detected",
        "contentKind": "AnalyticsRule",
        "mainTemplate": {
          "$schema": "https://schema.management.azure.com/schemas/2019-04-01/deploymentTemplate.json#",
          "contentVersion": "1.0.1",
          "resources": [
            {
              "type": "Microsoft.OperationalInsights/workspaces/providers/alertRules",
              "apiVersion": "2022-04-01-preview",
              "name": "be52662c-3b23-435a-a6fa-f39bdfc849e6",
              "kind": "Scheduled",
              "location": "[parameters('workspace-location')]",
              "properties": {
                "description": "This Creates an incident when a host has a high number of Urgent, severity 5, vulnerabilities detected.",
                "displayName": "High Number of Urgent Vulnerabilities Detected",
                "enabled": false,
                "query": "\nlet threshold = 10;\nQualysHostDetection_CL\n| mv-expand todynamic(Detections_s)\n| where Detections_s.Severity == \"5\"\n| summarize StartTime = min(TimeGenerated), EndTime = max(TimeGenerated), count() by NetBios_s, IPAddress\n| where count_ >= threshold\n| extend timestamp = StartTime, HostCustomEntity = NetBios_s, IPCustomEntity = IPAddress\n",
                "queryFrequency": "PT1H",
                "queryPeriod": "PT1H",
                "severity": "Medium",
                "status": "Available",
                "suppressionDuration": "PT1H",
                "suppressionEnabled": false,
                "triggerOperator": "GreaterThan",
                "triggerThreshold": 0,
                "tactics": [
                  "InitialAccess"
                ],
                "techniques": [
                  "T1190"
                ],
                "entityMappings": [
                  {
                    "entityType": "Host",
                    "fieldMappings": [
                      {
                        "columnName": "HostCustomEntity",
                        "identifier": "FullName"
                      }
                    ]
                  },
                  {
                    "entityType": "IP",
                    "fieldMappings": [
                      {
                        "columnName": "IPCustomEntity",
                        "identifier": "Address"
                      }
                    ]
                  }
                ],
                "requiredDataConnectors": [
                  {
                    "connectorId": "QualysVulnerabilityManagement",
                    "dataTypes": [
                      "QualysHostDetection_CL"
                    ]
                  }
                ]
              }
            },
            {
              "type": "Microsoft.OperationalInsights/workspaces/providers/metadata",
              "apiVersion": "2021-03-01-preview",
              "properties": {
                "description": "This Creates an incident when a host has a high number of Urgent, severity 5, vulnerabilities detected.",
                "version": "1.0.1",
                "author": {
                  "name": "chicduong"
                },
                "support": {
                  "tier": "Community",
                  "name": "Community",
                  "link": "https://github.com/Azure/Azure-Sentinel/issues"
                },
                "source": {
                  "kind": "Community",
                  "name": "Standalone"
                },
                "threatAnalysisTactics": [
                  "InitialAccess"
                ],
                "threatAnalyticsTechniques": [
                  "T1190"
                ],
                "contentId": "be52662c-3b23-435a-a6fa-f39bdfc849e6",
                "parentId": "be52662c-3b23-435a-a6fa-f39bdfc849e6",
                "kind": "AnalyticsRule",
                "dependencies": {
                  "operator": "AND",
                  "criteria": [
                    {
                      "contentId": "QualysHostDetection_CL",
                      "kind": "DataType"
                    }
                  ]
                }
              }
            }
          ]
        },
        "packageId": "be52662c-3b23-435a-a6fa-f39bdfc849e6",
        "packageKind": "Standalone",
        "packageName": "High Number of Urgent Vulnerabilities Detected",
        "contentProductId": "be52662c-3b23-435a-a6fa-f39bdfc849e6-ar-xqui7skwngcaw",
        "id": "be52662c-3b23-435a-a6fa-f39bdfc849e6-ar-xqui7skwngcaw",
        "packageVersion": "1.0.1",
        "version": "1.0.1"
      }
    },
    {
      "type": "Microsoft.OperationalInsights/workspaces/providers/contentPackages",
      "name": "[concat(parameters('workspace'),'/Microsoft.SecurityInsights/', 'be52662c-3b23-435a-a6fa-f39bdfc849e6')]",
      "location": "[parameters('workspace-location')]",
      "apiVersion": "2023-04-01-preview",
      "properties": {
        "author": {
          "name": "chicduong"
        },
        "categories": {
          "domains": [
            "Security - Threat Intelligence"
          ]
        },
        "dependencies": {
          "operator": "AND",
          "criteria": [
            {
              "contentId": "be52662c-3b23-435a-a6fa-f39bdfc849e6",
              "kind": "AnalyticsRule"
            }
          ]
        },
        "description": "This Creates an incident when a host has a high number of Urgent, severity 5, vulnerabilities detected.",
        "displayName": "High Number of Urgent Vulnerabilities Detected",
        "source": {
          "kind": "Community",
          "name": "Standalone"
        },
        "support": {
          "tier": "Community",
          "name": "Community",
          "link": "https://github.com/Azure/Azure-Sentinel/issues"
        },
        "threatAnalysisTactics": [
          "InitialAccess"
        ],
        "threatAnalyticsTechniques": [
          "T1190"
        ],
        "version": "1.0.1",
        "contentSchemaVersion": "3.0.0",
        "contentId": "be52662c-3b23-435a-a6fa-f39bdfc849e6",
        "contentKind": "Standalone",
        "contentProductId": "be52662c-3b23-435a-a6fa-f39bdfc849e6-sa-v6posrlwtf46i",
        "id": "be52662c-3b23-435a-a6fa-f39bdfc849e6-sa-v6posrlwtf46i"
      }
    }
  ],
  "variables": {}
}