{
  "$schema": "https://schema.management.azure.com/schemas/2019-04-01/deploymentTemplate.json#",
  "contentVersion": "1.0.0.0",
  "metadata": {},
  "parameters": {
    "location": {
      "type": "string",
      "minLength": 1,
      "defaultValue": "[resourceGroup().location]",
      "metadata": {
        "description": "Not used, but needed to pass arm-ttk test `Location-Should-Not-Be-Hardcoded`.  We instead use the `workspace-location` which is derived from the LA workspace"
      }
    },
    "workspace-location": {
      "type": "string",
      "defaultValue": "",
      "metadata": {
        "description": "[concat('Region to deploy solution resources -- separate from location selection',parameters('location'))]"
      }
    },
    "workspace": {
      "defaultValue": "",
      "type": "string",
      "metadata": {
        "description": "Workspace name for Log Analytics where Microsoft Sentinel is setup"
      }
    }
  },
  "resources": [
    {
      "type": "Microsoft.OperationalInsights/workspaces/providers/contentTemplates",
      "name": "[concat(parameters('workspace'),'/Microsoft.SecurityInsights/', '8e267e91-6bda-4b3c-bf68-9f5cbdd103a3')]",
      "location": "[parameters('workspace-location')]",
      "apiVersion": "2023-04-01-preview",
      "dependsOn": [
        "[extensionResourceId(resourceId('Microsoft.OperationalInsights/workspaces', parameters('workspace')), 'Microsoft.SecurityInsights/contentPackages', '8e267e91-6bda-4b3c-bf68-9f5cbdd103a3')]"
      ],
      "properties": {
        "contentId": "8e267e91-6bda-4b3c-bf68-9f5cbdd103a3",
        "displayName": "External User Access Enabled",
        "contentKind": "AnalyticsRule",
        "mainTemplate": {
          "$schema": "https://schema.management.azure.com/schemas/2019-04-01/deploymentTemplate.json#",
          "contentVersion": "1.0.2",
          "resources": [
            {
              "type": "Microsoft.OperationalInsights/workspaces/providers/alertRules",
              "apiVersion": "2022-04-01-preview",
              "name": "8e267e91-6bda-4b3c-bf68-9f5cbdd103a3",
              "kind": "Scheduled",
              "location": "[parameters('workspace-location')]",
              "properties": {
                "description": "This alerts when the account setting is changed to allow either external domain access or anonymous access to meetings.",
                "displayName": "External User Access Enabled",
                "enabled": false,
                "query": "\nZoomLogs\n| where Event =~ \"account.settings_updated\" \n| extend EnforceLogin = columnifexists(\"payload_object_settings_schedule_meeting_enfore_login_b\", \"\") \n| extend EnforceLoginDomain = columnifexists(\"payload_object_settings_schedule_meeting_enfore_login_b\", \"\") \n| extend GuestAlerts = columnifexists(\"payload_object_settings_in_meeting_alert_guest_join_b\", \"\") \n| where EnforceLogin == 'false' or EnforceLoginDomain == 'false' or GuestAlerts == 'false' \n| extend SettingChanged = case(EnforceLogin == 'false' and EnforceLoginDomain == 'false' and GuestAlerts == 'false', \"All settings changed\", \n                            EnforceLogin == 'false' and EnforceLoginDomain == 'false', \"Enforced Logons and Restricted Domains Changed\", \n                            EnforceLoginDomain == 'false' and GuestAlerts == 'false', \"Enforced Domains Changed\", \n                            EnforceLoginDomain == 'false', \"Enfored Domains Changed\", \n                            GuestAlerts == 'false', \"Guest Join Alerts Changed\", \n                            EnforceLogin == 'false', \"Enforced Logins Changed\", \n                            \"No Changes\")\n| extend timestamp = TimeGenerated, AccountCustomEntity = User\n",
                "queryFrequency": "P1D",
                "queryPeriod": "P1D",
                "severity": "Low",
                "status": "Available",
                "suppressionDuration": "PT1H",
                "suppressionEnabled": false,
                "triggerOperator": "GreaterThan",
                "triggerThreshold": 0,
                "tactics": [
                  "CredentialAccess",
                  "Persistence"
                ],
                "techniques": [
                  "T1098",
                  "T1556"
                ],
                "entityMappings": [
                  {
                    "entityType": "Account",
                    "fieldMappings": [
                      {
                        "columnName": "AccountCustomEntity",
                        "identifier": "FullName"
                      }
                    ]
                  }
                ]
              }
            },
            {
              "type": "Microsoft.OperationalInsights/workspaces/providers/metadata",
              "apiVersion": "2021-03-01-preview",
              "properties": {
                "description": "This alerts when the account setting is changed to allow either external domain access or anonymous access to meetings.",
                "version": "1.0.2",
                "author": {
                  "name": "Pete Bryan"
                },
                "support": {
                  "tier": "Community",
                  "name": "Community",
                  "link": "https://github.com/Azure/Azure-Sentinel/issues"
                },
                "source": {
                  "kind": "Community",
                  "name": "Standalone"
                },
                "threatAnalysisTactics": [
                  "CredentialAccess",
                  "Persistence"
                ],
                "threatAnalyticsTechniques": [
                  "T1098",
                  "T1556"
                ],
                "contentId": "8e267e91-6bda-4b3c-bf68-9f5cbdd103a3",
                "parentId": "8e267e91-6bda-4b3c-bf68-9f5cbdd103a3",
                "kind": "AnalyticsRule"
              }
            }
          ]
        },
        "packageId": "8e267e91-6bda-4b3c-bf68-9f5cbdd103a3",
        "packageKind": "Standalone",
        "packageName": "External User Access Enabled",
        "contentProductId": "8e267e91-6bda-4b3c-bf68-9f5cbdd103a3-ar-gnt2rpysfwrew",
        "id": "8e267e91-6bda-4b3c-bf68-9f5cbdd103a3-ar-gnt2rpysfwrew",
        "packageVersion": "1.0.2",
        "version": "1.0.2"
      }
    },
    {
      "type": "Microsoft.OperationalInsights/workspaces/providers/contentPackages",
      "name": "[concat(parameters('workspace'),'/Microsoft.SecurityInsights/', '8e267e91-6bda-4b3c-bf68-9f5cbdd103a3')]",
      "location": "[parameters('workspace-location')]",
      "apiVersion": "2023-04-01-preview",
      "properties": {
        "author": {
          "name": "Pete Bryan"
        },
        "categories": {
          "domains": [
            "Security - Others",
            "Identity"
          ]
        },
        "dependencies": {
          "operator": "AND",
          "criteria": [
            {
              "contentId": "8e267e91-6bda-4b3c-bf68-9f5cbdd103a3",
              "kind": "AnalyticsRule"
            }
          ]
        },
        "description": "This alerts when the account setting is changed to allow either external domain access or anonymous access to meetings.",
        "displayName": "External User Access Enabled",
        "source": {
          "kind": "Community",
          "name": "Standalone"
        },
        "support": {
          "tier": "Community",
          "name": "Community",
          "link": "https://github.com/Azure/Azure-Sentinel/issues"
        },
        "threatAnalysisTactics": [
          "CredentialAccess",
          "Persistence"
        ],
        "threatAnalyticsTechniques": [
          "T1098",
          "T1556"
        ],
        "version": "1.0.2",
        "contentSchemaVersion": "3.0.0",
        "contentId": "8e267e91-6bda-4b3c-bf68-9f5cbdd103a3",
        "contentKind": "Standalone",
        "contentProductId": "8e267e91-6bda-4b3c-bf68-9f5cbdd103a3-sa-ef5mliwodgcdy",
        "id": "8e267e91-6bda-4b3c-bf68-9f5cbdd103a3-sa-ef5mliwodgcdy"
      }
    }
  ],
  "variables": {}
}