{
  "$schema": "https://schema.management.azure.com/schemas/2019-04-01/deploymentTemplate.json#",
  "contentVersion": "1.0.0.0",
  "metadata": {},
  "parameters": {
    "location": {
      "type": "string",
      "minLength": 1,
      "defaultValue": "[resourceGroup().location]",
      "metadata": {
        "description": "Not used, but needed to pass arm-ttk test `Location-Should-Not-Be-Hardcoded`.  We instead use the `workspace-location` which is derived from the LA workspace"
      }
    },
    "workspace-location": {
      "type": "string",
      "defaultValue": "",
      "metadata": {
        "description": "[concat('Region to deploy solution resources -- separate from location selection',parameters('location'))]"
      }
    },
    "workspace": {
      "defaultValue": "",
      "type": "string",
      "metadata": {
        "description": "Workspace name for Log Analytics where Microsoft Sentinel is setup"
      }
    }
  },
  "resources": [
    {
      "type": "Microsoft.OperationalInsights/workspaces/providers/contentTemplates",
      "name": "[concat(parameters('workspace'),'/Microsoft.SecurityInsights/', '0625fcce-6d52-491e-8c68-1d9b801d25b9')]",
      "location": "[parameters('workspace-location')]",
      "apiVersion": "2023-04-01-preview",
      "dependsOn": [
        "[extensionResourceId(resourceId('Microsoft.OperationalInsights/workspaces', parameters('workspace')), 'Microsoft.SecurityInsights/contentPackages', '0625fcce-6d52-491e-8c68-1d9b801d25b9')]"
      ],
      "properties": {
        "contentId": "0625fcce-6d52-491e-8c68-1d9b801d25b9",
        "displayName": "HAFNIUM Suspicious UM Service Error",
        "contentKind": "AnalyticsRule",
        "mainTemplate": {
          "$schema": "https://schema.management.azure.com/schemas/2019-04-01/deploymentTemplate.json#",
          "contentVersion": "1.0.1",
          "resources": [
            {
              "type": "Microsoft.OperationalInsights/workspaces/providers/alertRules",
              "apiVersion": "2022-04-01-preview",
              "name": "0625fcce-6d52-491e-8c68-1d9b801d25b9",
              "kind": "Scheduled",
              "location": "[parameters('workspace-location')]",
              "properties": {
                "description": "This query looks for errors that may indicate that an attacker is attempting to exploit a vulnerability in the service. \nReference: https://www.microsoft.com/security/blog/2021/03/02/hafnium-targeting-exchange-servers/",
                "displayName": "HAFNIUM Suspicious UM Service Error",
                "enabled": false,
                "query": "Event\n| where EventLog =~ \"Application\"\n| where Source startswith \"MSExchange\"\n| where EventLevelName =~ \"error\"\n| where (RenderedDescription startswith \"Watson report\" and RenderedDescription contains \"umworkerprocess\" and RenderedDescription contains \"TextFormattingRunProperties\") or RenderedDescription startswith \"An unhandled exception occurred in a UM worker process\" or RenderedDescription startswith \"The Microsoft Exchange Unified Messaging service\" or RenderedDescription contains \"MSExchange Unified Messaging\"\n| where RenderedDescription !contains \"System.OutOfMemoryException\"\n| extend timestamp = TimeGenerated, HostCustomEntity = Computer\n",
                "queryFrequency": "P1D",
                "queryPeriod": "P1D",
                "severity": "Low",
                "status": "Available",
                "suppressionDuration": "PT1H",
                "suppressionEnabled": false,
                "triggerOperator": "GreaterThan",
                "triggerThreshold": 0,
                "tactics": [
                  "InitialAccess"
                ],
                "techniques": [
                  "T1190"
                ],
                "entityMappings": [
                  {
                    "entityType": "Host",
                    "fieldMappings": [
                      {
                        "columnName": "HostCustomEntity",
                        "identifier": "FullName"
                      }
                    ]
                  }
                ]
              }
            },
            {
              "type": "Microsoft.OperationalInsights/workspaces/providers/metadata",
              "apiVersion": "2021-03-01-preview",
              "properties": {
                "description": "This query looks for errors that may indicate that an attacker is attempting to exploit a vulnerability in the service. \nReference: https://www.microsoft.com/security/blog/2021/03/02/hafnium-targeting-exchange-servers/",
                "version": "1.0.1",
                "author": {
                  "name": "Pete Bryan"
                },
                "support": {
                  "tier": "Community",
                  "name": "Community",
                  "link": "https://github.com/Azure/Azure-Sentinel/issues"
                },
                "source": {
                  "kind": "Community",
                  "name": "Standalone"
                },
                "threatAnalysisTactics": [
                  "InitialAccess"
                ],
                "threatAnalyticsTechniques": [
                  "T1190"
                ],
                "contentId": "0625fcce-6d52-491e-8c68-1d9b801d25b9",
                "parentId": "0625fcce-6d52-491e-8c68-1d9b801d25b9",
                "kind": "AnalyticsRule"
              }
            }
          ]
        },
        "packageId": "0625fcce-6d52-491e-8c68-1d9b801d25b9",
        "packageKind": "Standalone",
        "packageName": "HAFNIUM Suspicious UM Service Error",
        "contentProductId": "0625fcce-6d52-491e-8c68-1d9b801d25b9-ar-is4k3es66i6we",
        "id": "0625fcce-6d52-491e-8c68-1d9b801d25b9-ar-is4k3es66i6we",
        "packageVersion": "1.0.1",
        "version": "1.0.1"
      }
    },
    {
      "type": "Microsoft.OperationalInsights/workspaces/providers/contentPackages",
      "name": "[concat(parameters('workspace'),'/Microsoft.SecurityInsights/', '0625fcce-6d52-491e-8c68-1d9b801d25b9')]",
      "location": "[parameters('workspace-location')]",
      "apiVersion": "2023-04-01-preview",
      "properties": {
        "author": {
          "name": "Pete Bryan"
        },
        "categories": {
          "domains": [
            "Security - Threat Intelligence"
          ]
        },
        "dependencies": {
          "operator": "AND",
          "criteria": [
            {
              "contentId": "0625fcce-6d52-491e-8c68-1d9b801d25b9",
              "kind": "AnalyticsRule"
            }
          ]
        },
        "description": "This query looks for errors that may indicate that an attacker is attempting to exploit a vulnerability in the service. \nReference: https://www.microsoft.com/security/blog/2021/03/02/hafnium-targeting-exchange-servers/",
        "displayName": "HAFNIUM Suspicious UM Service Error",
        "source": {
          "kind": "Community",
          "name": "Standalone"
        },
        "support": {
          "tier": "Community",
          "name": "Community",
          "link": "https://github.com/Azure/Azure-Sentinel/issues"
        },
        "threatAnalysisTactics": [
          "InitialAccess"
        ],
        "threatAnalyticsTechniques": [
          "T1190"
        ],
        "version": "1.0.1",
        "contentSchemaVersion": "3.0.0",
        "contentId": "0625fcce-6d52-491e-8c68-1d9b801d25b9",
        "contentKind": "Standalone",
        "contentProductId": "0625fcce-6d52-491e-8c68-1d9b801d25b9-sa-2444j22go2jaa",
        "id": "0625fcce-6d52-491e-8c68-1d9b801d25b9-sa-2444j22go2jaa"
      }
    }
  ],
  "variables": {}
}