{
  "$schema": "https://schema.management.azure.com/schemas/2019-04-01/deploymentTemplate.json#",
  "contentVersion": "1.0.0.0",
  "metadata": {},
  "parameters": {
    "location": {
      "type": "string",
      "minLength": 1,
      "defaultValue": "[resourceGroup().location]",
      "metadata": {
        "description": "Not used, but needed to pass arm-ttk test `Location-Should-Not-Be-Hardcoded`.  We instead use the `workspace-location` which is derived from the LA workspace"
      }
    },
    "workspace-location": {
      "type": "string",
      "defaultValue": "",
      "metadata": {
        "description": "[concat('Region to deploy solution resources -- separate from location selection',parameters('location'))]"
      }
    },
    "workspace": {
      "defaultValue": "",
      "type": "string",
      "metadata": {
        "description": "Workspace name for Log Analytics where Microsoft Sentinel is setup"
      }
    }
  },
  "resources": [
    {
      "type": "Microsoft.OperationalInsights/workspaces/providers/contentTemplates",
      "name": "[concat(parameters('workspace'),'/Microsoft.SecurityInsights/', '157c0cfc-d76d-463b-8755-c781608cdc1a')]",
      "location": "[parameters('workspace-location')]",
      "apiVersion": "2023-04-01-preview",
      "dependsOn": [
        "[extensionResourceId(resourceId('Microsoft.OperationalInsights/workspaces', parameters('workspace')), 'Microsoft.SecurityInsights/contentPackages', '157c0cfc-d76d-463b-8755-c781608cdc1a')]"
      ],
      "properties": {
        "contentId": "157c0cfc-d76d-463b-8755-c781608cdc1a",
        "displayName": "Cisco - firewall block but success logon to Azure AD",
        "contentKind": "AnalyticsRule",
        "mainTemplate": {
          "$schema": "https://schema.management.azure.com/schemas/2019-04-01/deploymentTemplate.json#",
          "contentVersion": "1.0.2",
          "resources": [
            {
              "type": "Microsoft.OperationalInsights/workspaces/providers/alertRules",
              "apiVersion": "2022-04-01-preview",
              "name": "157c0cfc-d76d-463b-8755-c781608cdc1a",
              "kind": "Scheduled",
              "location": "[parameters('workspace-location')]",
              "properties": {
                "description": "Correlate IPs blocked by a Cisco firewall appliance with successful Azure Active Directory signins. \nBecause the IP was blocked by the firewall, that same IP logging on successfully to AAD is potentially suspect\nand could indicate credential compromise for the user account.",
                "displayName": "Cisco - firewall block but success logon to Azure AD",
                "enabled": false,
                "query": "\nlet aadFunc = (tableName:string){\nCommonSecurityLog\n| where DeviceVendor =~ \"Cisco\"\n| where DeviceAction =~ \"denied\"\n| where ipv4_is_private(SourceIP) == false\n| summarize count() by SourceIP\n| join (\n    // Successful signins from IPs blocked by the firewall solution are suspect\n    // Include fully successful sign-ins, but also ones that failed only at MFA stage\n    // as that supposes the password was sucessfully guessed.\n  table(tableName)\n  | where ResultType in (\"0\", \"50074\", \"50076\") \n) on $left.SourceIP == $right.IPAddress\n| extend timestamp = TimeGenerated, IPCustomEntity = SourceIP, AccountCustomEntity = UserPrincipalName\n};\nlet aadSignin = aadFunc(\"SigninLogs\");\nlet aadNonInt = aadFunc(\"AADNonInteractiveUserSignInLogs\");\nunion isfuzzy=true aadSignin, aadNonInt\n",
                "queryFrequency": "P1D",
                "queryPeriod": "P1D",
                "severity": "Medium",
                "status": "Available",
                "suppressionDuration": "PT1H",
                "suppressionEnabled": false,
                "triggerOperator": "GreaterThan",
                "triggerThreshold": 0,
                "tactics": [
                  "InitialAccess"
                ],
                "techniques": [
                  "T1078"
                ],
                "entityMappings": [
                  {
                    "entityType": "Account",
                    "fieldMappings": [
                      {
                        "columnName": "AccountCustomEntity",
                        "identifier": "FullName"
                      }
                    ]
                  },
                  {
                    "entityType": "IP",
                    "fieldMappings": [
                      {
                        "columnName": "IPCustomEntity",
                        "identifier": "Address"
                      }
                    ]
                  }
                ],
                "requiredDataConnectors": [
                  {
                    "connectorId": "AzureActiveDirectory",
                    "dataTypes": [
                      "SigninLogs"
                    ]
                  },
                  {
                    "connectorId": "AzureActiveDirectory",
                    "dataTypes": [
                      "AADNonInteractiveUserSignInLogs"
                    ]
                  },
                  {
                    "connectorId": "CiscoASA",
                    "dataTypes": [
                      "CommonSecurityLog"
                    ]
                  }
                ]
              }
            },
            {
              "type": "Microsoft.OperationalInsights/workspaces/providers/metadata",
              "apiVersion": "2021-03-01-preview",
              "properties": {
                "description": "Correlate IPs blocked by a Cisco firewall appliance with successful Azure Active Directory signins. \nBecause the IP was blocked by the firewall, that same IP logging on successfully to AAD is potentially suspect\nand could indicate credential compromise for the user account.",
                "version": "1.0.2",
                "author": {
                  "name": "timbMSFT"
                },
                "support": {
                  "tier": "Community",
                  "name": "Community",
                  "link": "https://github.com/Azure/Azure-Sentinel/issues"
                },
                "source": {
                  "kind": "Community",
                  "name": "Standalone"
                },
                "threatAnalysisTactics": [
                  "InitialAccess"
                ],
                "threatAnalyticsTechniques": [
                  "T1078"
                ],
                "contentId": "157c0cfc-d76d-463b-8755-c781608cdc1a",
                "parentId": "157c0cfc-d76d-463b-8755-c781608cdc1a",
                "kind": "AnalyticsRule",
                "dependencies": {
                  "operator": "AND",
                  "criteria": [
                    {
                      "contentId": "CommonSecurityLog",
                      "kind": "DataType"
                    },
                    {
                      "contentId": "SigninLogs",
                      "kind": "DataType"
                    },
                    {
                      "contentId": "AADNonInteractiveUserSignInLogs",
                      "kind": "DataType"
                    }
                  ]
                }
              }
            }
          ]
        },
        "packageId": "157c0cfc-d76d-463b-8755-c781608cdc1a",
        "packageKind": "Standalone",
        "packageName": "Cisco - firewall block but success logon to Azure AD",
        "contentProductId": "157c0cfc-d76d-463b-8755-c781608cdc1a-ar-d5j275tgch6dg",
        "id": "157c0cfc-d76d-463b-8755-c781608cdc1a-ar-d5j275tgch6dg",
        "packageVersion": "1.0.2",
        "version": "1.0.2"
      }
    },
    {
      "type": "Microsoft.OperationalInsights/workspaces/providers/contentPackages",
      "name": "[concat(parameters('workspace'),'/Microsoft.SecurityInsights/', '157c0cfc-d76d-463b-8755-c781608cdc1a')]",
      "location": "[parameters('workspace-location')]",
      "apiVersion": "2023-04-01-preview",
      "properties": {
        "author": {
          "name": "timbMSFT"
        },
        "categories": {
          "domains": [
            "Security - Network"
          ]
        },
        "dependencies": {
          "operator": "AND",
          "criteria": [
            {
              "contentId": "157c0cfc-d76d-463b-8755-c781608cdc1a",
              "kind": "AnalyticsRule"
            }
          ]
        },
        "description": "Correlate IPs blocked by a Cisco firewall appliance with successful Azure Active Directory signins. \nBecause the IP was blocked by the firewall, that same IP logging on successfully to AAD is potentially suspect\nand could indicate credential compromise for the user account.",
        "displayName": "Cisco - firewall block but success logon to Azure AD",
        "source": {
          "kind": "Community",
          "name": "Standalone"
        },
        "support": {
          "tier": "Community",
          "name": "Community",
          "link": "https://github.com/Azure/Azure-Sentinel/issues"
        },
        "threatAnalysisTactics": [
          "InitialAccess"
        ],
        "threatAnalyticsTechniques": [
          "T1078"
        ],
        "version": "1.0.2",
        "contentSchemaVersion": "3.0.0",
        "contentId": "157c0cfc-d76d-463b-8755-c781608cdc1a",
        "contentKind": "Standalone",
        "contentProductId": "157c0cfc-d76d-463b-8755-c781608cdc1a-sa-uvhxgjqky5fzm",
        "id": "157c0cfc-d76d-463b-8755-c781608cdc1a-sa-uvhxgjqky5fzm"
      }
    }
  ],
  "variables": {}
}