{
  "$schema": "https://schema.management.azure.com/schemas/2019-04-01/deploymentTemplate.json#",
  "contentVersion": "1.0.0.0",
  "metadata": {},
  "parameters": {
    "location": {
      "type": "string",
      "minLength": 1,
      "defaultValue": "[resourceGroup().location]",
      "metadata": {
        "description": "Not used, but needed to pass arm-ttk test `Location-Should-Not-Be-Hardcoded`.  We instead use the `workspace-location` which is derived from the LA workspace"
      }
    },
    "workspace-location": {
      "type": "string",
      "defaultValue": "",
      "metadata": {
        "description": "[concat('Region to deploy solution resources -- separate from location selection',parameters('location'))]"
      }
    },
    "workspace": {
      "defaultValue": "",
      "type": "string",
      "metadata": {
        "description": "Workspace name for Log Analytics where Microsoft Sentinel is setup"
      }
    }
  },
  "resources": [
    {
      "type": "Microsoft.OperationalInsights/workspaces/providers/contentTemplates",
      "name": "[concat(parameters('workspace'),'/Microsoft.SecurityInsights/', 'd714ef62-1a56-4779-804f-91c4158e528d')]",
      "location": "[parameters('workspace-location')]",
      "apiVersion": "2023-04-01-preview",
      "dependsOn": [
        "[extensionResourceId(resourceId('Microsoft.OperationalInsights/workspaces', parameters('workspace')), 'Microsoft.SecurityInsights/contentPackages', 'd714ef62-1a56-4779-804f-91c4158e528d')]"
      ],
      "properties": {
        "contentId": "d714ef62-1a56-4779-804f-91c4158e528d",
        "displayName": "Modification of Accessibility Features",
        "contentKind": "AnalyticsRule",
        "mainTemplate": {
          "$schema": "https://schema.management.azure.com/schemas/2019-04-01/deploymentTemplate.json#",
          "contentVersion": "1.0.1",
          "resources": [
            {
              "type": "Microsoft.OperationalInsights/workspaces/providers/alertRules",
              "apiVersion": "2022-04-01-preview",
              "name": "d714ef62-1a56-4779-804f-91c4158e528d",
              "kind": "Scheduled",
              "location": "[parameters('workspace-location')]",
              "properties": {
                "description": "Adversaries may establish persistence and/or elevate privileges by executing malicious content triggered by accessibility features. Windows contains accessibility features that may be launched with a key combination before a user has logged in (ex: when the user is on the Windows logon screen). An adversary can modify the way these programs are launched to get a command prompt or backdoor without logging in to the system.\n Two common accessibility programs are C:\\Windows\\System32\\sethc.exe, launched when the shift key is pressed five times and C:\\Windows\\System32\\utilman.exe, launched when the Windows + U key combination is pressed. The sethc.exe program is often referred to as \"sticky keys\", and has been used by adversaries for unauthenticated access through a remote desktop login screen. [1]\nRef: https://attack.mitre.org/techniques/T1546/008/",
                "displayName": "Modification of Accessibility Features",
                "enabled": false,
                "query": "let ImagesList = dynamic ([\"sethc.exe\",\"utilman.exe\",\"osk.exe\",\"Magnify.exe\",\"Narrator.exe\",\"DisplaySwitch.exe\",\"AtBroker.exe\"]); \nlet OriginalFileNameList = dynamic ([\"sethc.exe\",\"utilman.exe\",\"osk.exe\",\"Magnify.exe\",\"Narrator.exe\",\"DisplaySwitch.exe\",\"AtBroker.exe\",\"SR.exe\",\"utilman2.exe\",\"ScreenMagnifier.exe\"]); \nEvent\n| where EventLog == \"Microsoft-Windows-Sysmon/Operational\" and EventID==1\n| parse EventData with * 'Image\">' Image \"<\" * 'OriginalFileName\">' OriginalFileName \"<\" *\n| where Image has_any (ImagesList) and not (OriginalFileName has_any (OriginalFileNameList))\n| parse EventData with * 'ProcessGuid\">' ProcessGuid \"<\" * 'Description\">' Description \"<\" * 'CommandLine\">' CommandLine \"<\" * 'CurrentDirectory\">' CurrentDirectory \"<\" * 'User\">' User \"<\" * 'LogonGuid\">' LogonGuid \"<\" * 'Hashes\">' Hashes \"<\" * 'ParentProcessGuid\">' ParentProcessGuid \"<\" * 'ParentImage\">' ParentImage \"<\" * 'ParentCommandLine\">' ParentCommandLine \"<\" * 'ParentUser\">' ParentUser \"<\" *\n| summarize StartTime = min(TimeGenerated), EndTime = max(TimeGenerated) by EventID, Computer, User, ParentImage, ParentProcessGuid, ParentCommandLine, ParentUser, Image, ProcessGuid, CommandLine, Description, OriginalFileName, CurrentDirectory, Hashes\n",
                "queryFrequency": "PT1H",
                "queryPeriod": "PT1H",
                "severity": "Medium",
                "status": "Available",
                "suppressionDuration": "PT1H",
                "suppressionEnabled": false,
                "triggerOperator": "GreaterThan",
                "triggerThreshold": 0,
                "tactics": [
                  "Persistence"
                ],
                "techniques": [
                  "T1546"
                ],
                "entityMappings": [
                  {
                    "entityType": "Host",
                    "fieldMappings": [
                      {
                        "columnName": "Computer",
                        "identifier": "FullName"
                      }
                    ]
                  },
                  {
                    "entityType": "Process",
                    "fieldMappings": [
                      {
                        "columnName": "CommandLine",
                        "identifier": "CommandLine"
                      }
                    ]
                  }
                ],
                "requiredDataConnectors": [
                  {
                    "connectorId": "SecurityEvents",
                    "dataTypes": [
                      "SecurityEvent"
                    ]
                  }
                ]
              }
            },
            {
              "type": "Microsoft.OperationalInsights/workspaces/providers/metadata",
              "apiVersion": "2021-03-01-preview",
              "properties": {
                "description": "Adversaries may establish persistence and/or elevate privileges by executing malicious content triggered by accessibility features. Windows contains accessibility features that may be launched with a key combination before a user has logged in (ex: when the user is on the Windows logon screen). An adversary can modify the way these programs are launched to get a command prompt or backdoor without logging in to the system.\n Two common accessibility programs are C:\\Windows\\System32\\sethc.exe, launched when the shift key is pressed five times and C:\\Windows\\System32\\utilman.exe, launched when the Windows + U key combination is pressed. The sethc.exe program is often referred to as \"sticky keys\", and has been used by adversaries for unauthenticated access through a remote desktop login screen. [1]\nRef: https://attack.mitre.org/techniques/T1546/008/",
                "version": "1.0.1",
                "author": {
                  "name": "Vasileios Paschalidis"
                },
                "support": {
                  "tier": "Community",
                  "name": "Community",
                  "link": "https://github.com/Azure/Azure-Sentinel/issues"
                },
                "source": {
                  "kind": "Community",
                  "name": "Standalone"
                },
                "threatAnalysisTactics": [
                  "Persistence"
                ],
                "threatAnalyticsTechniques": [
                  "T1546.008"
                ],
                "contentId": "d714ef62-1a56-4779-804f-91c4158e528d",
                "parentId": "d714ef62-1a56-4779-804f-91c4158e528d",
                "kind": "AnalyticsRule",
                "dependencies": {
                  "operator": "AND",
                  "criteria": [
                    {
                      "contentId": "SecurityEvent",
                      "kind": "DataType"
                    }
                  ]
                }
              }
            }
          ]
        },
        "packageId": "d714ef62-1a56-4779-804f-91c4158e528d",
        "packageKind": "Standalone",
        "packageName": "Modification of Accessibility Features",
        "contentProductId": "d714ef62-1a56-4779-804f-91c4158e528d-ar-tlwauv6f7mqv4",
        "id": "d714ef62-1a56-4779-804f-91c4158e528d-ar-tlwauv6f7mqv4",
        "packageVersion": "1.0.1",
        "version": "1.0.1"
      }
    },
    {
      "type": "Microsoft.OperationalInsights/workspaces/providers/contentPackages",
      "name": "[concat(parameters('workspace'),'/Microsoft.SecurityInsights/', 'd714ef62-1a56-4779-804f-91c4158e528d')]",
      "location": "[parameters('workspace-location')]",
      "apiVersion": "2023-04-01-preview",
      "properties": {
        "author": {
          "name": "Vasileios Paschalidis"
        },
        "categories": {
          "domains": [
            "Security - Others"
          ]
        },
        "dependencies": {
          "operator": "AND",
          "criteria": [
            {
              "contentId": "d714ef62-1a56-4779-804f-91c4158e528d",
              "kind": "AnalyticsRule"
            }
          ]
        },
        "description": "Adversaries may establish persistence and/or elevate privileges by executing malicious content triggered by accessibility features. Windows contains accessibility features that may be launched with a key combination before a user has logged in (ex: when the user is on the Windows logon screen). An adversary can modify the way these programs are launched to get a command prompt or backdoor without logging in to the system.\n Two common accessibility programs are C:\\Windows\\System32\\sethc.exe, launched when the shift key is pressed five times and C:\\Windows\\System32\\utilman.exe, launched when the Windows + U key combination is pressed. The sethc.exe program is often referred to as \"sticky keys\", and has been used by adversaries for unauthenticated access through a remote desktop login screen. [1]\nRef: https://attack.mitre.org/techniques/T1546/008/",
        "displayName": "Modification of Accessibility Features",
        "source": {
          "kind": "Community",
          "name": "Standalone"
        },
        "support": {
          "tier": "Community",
          "name": "Community",
          "link": "https://github.com/Azure/Azure-Sentinel/issues"
        },
        "threatAnalysisTactics": [
          "Persistence"
        ],
        "threatAnalyticsTechniques": [
          "T1546.008"
        ],
        "version": "1.0.1",
        "contentSchemaVersion": "3.0.0",
        "contentId": "d714ef62-1a56-4779-804f-91c4158e528d",
        "contentKind": "Standalone",
        "contentProductId": "d714ef62-1a56-4779-804f-91c4158e528d-sa-ak4m33li7wd3m",
        "id": "d714ef62-1a56-4779-804f-91c4158e528d-sa-ak4m33li7wd3m"
      }
    }
  ],
  "variables": {}
}