{
  "$schema": "https://schema.management.azure.com/schemas/2019-04-01/deploymentTemplate.json#",
  "contentVersion": "1.0.0.0",
  "metadata": {},
  "parameters": {
    "location": {
      "type": "string",
      "minLength": 1,
      "defaultValue": "[resourceGroup().location]",
      "metadata": {
        "description": "Not used, but needed to pass arm-ttk test `Location-Should-Not-Be-Hardcoded`.  We instead use the `workspace-location` which is derived from the LA workspace"
      }
    },
    "workspace-location": {
      "type": "string",
      "defaultValue": "",
      "metadata": {
        "description": "[concat('Region to deploy solution resources -- separate from location selection',parameters('location'))]"
      }
    },
    "workspace": {
      "defaultValue": "",
      "type": "string",
      "metadata": {
        "description": "Workspace name for Log Analytics where Microsoft Sentinel is setup"
      }
    }
  },
  "resources": [
    {
      "type": "Microsoft.OperationalInsights/workspaces/providers/contentTemplates",
      "name": "[concat(parameters('workspace'),'/Microsoft.SecurityInsights/', '6c360107-f3ee-4b91-9f43-f4cfd90441cf')]",
      "location": "[parameters('workspace-location')]",
      "apiVersion": "2023-04-01-preview",
      "dependsOn": [
        "[extensionResourceId(resourceId('Microsoft.OperationalInsights/workspaces', parameters('workspace')), 'Microsoft.SecurityInsights/contentPackages', '6c360107-f3ee-4b91-9f43-f4cfd90441cf')]"
      ],
      "properties": {
        "contentId": "6c360107-f3ee-4b91-9f43-f4cfd90441cf",
        "displayName": "AD account with Don't Expire Password",
        "contentKind": "AnalyticsRule",
        "mainTemplate": {
          "$schema": "https://schema.management.azure.com/schemas/2019-04-01/deploymentTemplate.json#",
          "contentVersion": "1.1.2",
          "resources": [
            {
              "type": "Microsoft.OperationalInsights/workspaces/providers/alertRules",
              "apiVersion": "2022-04-01-preview",
              "name": "6c360107-f3ee-4b91-9f43-f4cfd90441cf",
              "kind": "Scheduled",
              "location": "[parameters('workspace-location')]",
              "properties": {
                "description": "Identifies whenever a user account has the setting \"Password Never Expires\" in the user account properties selected.\nThis is indicated in Security event 4738 in the EventData item labeled UserAccountControl with an included value of %%2089.\n%%2089 resolves to \"Don't Expire Password - Enabled\".",
                "displayName": "AD account with Don't Expire Password",
                "enabled": false,
                "query": "\nunion isfuzzy=true \n(\n SecurityEvent\n | where EventID == 4738\n // 2089 value indicates the Don't Expire Password value has been set\n | where UserAccountControl has \"%%2089\" \n | extend Value_2089 = iff(UserAccountControl has \"%%2089\",\"'Don't Expire Password' - Enabled\", \"Not Changed\")\n // 2050 indicates that the Password Not Required value is NOT set, this often shows up at the same time as a 2089 and is the recommended value.  This value may not be in the event. \n | extend Value_2050 = iff(UserAccountControl has \"%%2050\",\"'Password Not Required' - Disabled\", \"Not Changed\")\n // If value %%2082 is present in the 4738 event, this indicates the account has been configured to logon WITHOUT a password. Generally you should only see this value when an account is created and only in Event 4720: Account Creation Event.  \n | extend Value_2082 = iff(UserAccountControl has \"%%2082\",\"'Password Not Required' - Enabled\", \"Not Changed\")\n | project StartTime = TimeGenerated, EventID, Activity, Computer, TargetAccount, TargetSid, AccountType, UserAccountControl, Value_2089, Value_2050, Value_2082, SubjectAccount\n | extend timestamp = StartTime, AccountCustomEntity = TargetAccount, HostCustomEntity = Computer\n ),\n (\n WindowsEvent\n | where EventID == 4738 and EventData has '2089'\n // 2089 value indicates the Don't Expire Password value has been set\n | extend UserAccountControl = tostring(EventData.UserAccountControl)\n | where UserAccountControl has \"%%2089\" \n | extend Value_2089 = iff(UserAccountControl has \"%%2089\",\"'Don't Expire Password' - Enabled\", \"Not Changed\")\n // 2050 indicates that the Password Not Required value is NOT set, this often shows up at the same time as a 2089 and is the recommended value.  This value may not be in the event. \n | extend Value_2050 = iff(UserAccountControl has \"%%2050\",\"'Password Not Required' - Disabled\", \"Not Changed\")\n // If value %%2082 is present in the 4738 event, this indicates the account has been configured to logon WITHOUT a password. Generally you should only see this value when an account is created and only in Event 4720: Account Creation Event.  \n | extend Value_2082 = iff(UserAccountControl has \"%%2082\",\"'Password Not Required' - Enabled\", \"Not Changed\")\n | extend Activity=\"4738 - A user account was changed.\"\n | extend TargetAccount = strcat(EventData.TargetDomainName,\"\\\\\", EventData.TargetUserName)\n | extend TargetSid = tostring(EventData.TargetSid)\n | extend SubjectAccount = strcat(EventData.SubjectDomainName,\"\\\\\", EventData.SubjectUserName)\n | extend SubjectUserSid = tostring(EventData.SubjectUserSid)\n | extend AccountType=case(SubjectAccount endswith \"$\" or SubjectUserSid in (\"S-1-5-18\", \"S-1-5-19\", \"S-1-5-20\"), \"Machine\", isempty(SubjectUserSid), \"\", \"User\")\n | project StartTime = TimeGenerated, EventID, Activity, Computer, TargetAccount, TargetSid, AccountType, UserAccountControl, Value_2089, Value_2050, Value_2082, SubjectAccount\n | extend timestamp = StartTime, AccountCustomEntity = TargetAccount, HostCustomEntity = Computer\n )\n",
                "queryFrequency": "P1D",
                "queryPeriod": "P1D",
                "severity": "Low",
                "status": "Available",
                "suppressionDuration": "PT1H",
                "suppressionEnabled": false,
                "triggerOperator": "GreaterThan",
                "triggerThreshold": 0,
                "tactics": [
                  "Persistence"
                ],
                "techniques": [
                  "T1098"
                ],
                "entityMappings": [
                  {
                    "entityType": "Account",
                    "fieldMappings": [
                      {
                        "columnName": "AccountCustomEntity",
                        "identifier": "FullName"
                      },
                      {
                        "columnName": "TargetSid",
                        "identifier": "Sid"
                      }
                    ]
                  },
                  {
                    "entityType": "Host",
                    "fieldMappings": [
                      {
                        "columnName": "HostCustomEntity",
                        "identifier": "FullName"
                      }
                    ]
                  }
                ],
                "requiredDataConnectors": [
                  {
                    "connectorId": "SecurityEvents",
                    "dataTypes": [
                      "SecurityEvent"
                    ]
                  },
                  {
                    "connectorId": "WindowsForwardedEvents",
                    "dataTypes": [
                      "WindowsEvent"
                    ]
                  },
                  {
                    "connectorId": "WindowsSecurityEvents",
                    "dataTypes": [
                      "SecurityEvent"
                    ]
                  }
                ]
              }
            },
            {
              "type": "Microsoft.OperationalInsights/workspaces/providers/metadata",
              "apiVersion": "2021-03-01-preview",
              "properties": {
                "description": "Identifies whenever a user account has the setting \"Password Never Expires\" in the user account properties selected.\nThis is indicated in Security event 4738 in the EventData item labeled UserAccountControl with an included value of %%2089.\n%%2089 resolves to \"Don't Expire Password - Enabled\".",
                "version": "1.1.2",
                "author": {
                  "name": "Shain"
                },
                "support": {
                  "tier": "Community",
                  "name": "Community",
                  "link": "https://github.com/Azure/Azure-Sentinel/issues"
                },
                "source": {
                  "kind": "Community",
                  "name": "Standalone"
                },
                "threatAnalysisTactics": [
                  "Persistence"
                ],
                "threatAnalyticsTechniques": [
                  "T1098"
                ],
                "contentId": "6c360107-f3ee-4b91-9f43-f4cfd90441cf",
                "parentId": "6c360107-f3ee-4b91-9f43-f4cfd90441cf",
                "kind": "AnalyticsRule",
                "dependencies": {
                  "operator": "AND",
                  "criteria": [
                    {
                      "contentId": "SecurityEvent",
                      "kind": "DataType"
                    },
                    {
                      "contentId": "SecurityEvent",
                      "kind": "DataType"
                    },
                    {
                      "contentId": "WindowsEvent",
                      "kind": "DataType"
                    }
                  ]
                }
              }
            }
          ]
        },
        "packageId": "6c360107-f3ee-4b91-9f43-f4cfd90441cf",
        "packageKind": "Standalone",
        "packageName": "AD account with Don't Expire Password",
        "contentProductId": "6c360107-f3ee-4b91-9f43-f4cfd90441cf-ar-oru3s2ku4ijio",
        "id": "6c360107-f3ee-4b91-9f43-f4cfd90441cf-ar-oru3s2ku4ijio",
        "packageVersion": "1.1.2",
        "version": "1.1.2"
      }
    },
    {
      "type": "Microsoft.OperationalInsights/workspaces/providers/contentPackages",
      "name": "[concat(parameters('workspace'),'/Microsoft.SecurityInsights/', '6c360107-f3ee-4b91-9f43-f4cfd90441cf')]",
      "location": "[parameters('workspace-location')]",
      "apiVersion": "2023-04-01-preview",
      "properties": {
        "author": {
          "name": "Shain"
        },
        "categories": {
          "domains": [
            "Security - Others",
            "Identity"
          ]
        },
        "dependencies": {
          "operator": "AND",
          "criteria": [
            {
              "contentId": "6c360107-f3ee-4b91-9f43-f4cfd90441cf",
              "kind": "AnalyticsRule"
            }
          ]
        },
        "description": "Identifies whenever a user account has the setting \"Password Never Expires\" in the user account properties selected.\nThis is indicated in Security event 4738 in the EventData item labeled UserAccountControl with an included value of %%2089.\n%%2089 resolves to \"Don't Expire Password - Enabled\".",
        "displayName": "AD account with Don't Expire Password",
        "source": {
          "kind": "Community",
          "name": "Standalone"
        },
        "support": {
          "tier": "Community",
          "name": "Community",
          "link": "https://github.com/Azure/Azure-Sentinel/issues"
        },
        "threatAnalysisTactics": [
          "Persistence"
        ],
        "threatAnalyticsTechniques": [
          "T1098"
        ],
        "version": "1.1.2",
        "contentSchemaVersion": "3.0.0",
        "contentId": "6c360107-f3ee-4b91-9f43-f4cfd90441cf",
        "contentKind": "Standalone",
        "contentProductId": "6c360107-f3ee-4b91-9f43-f4cfd90441cf-sa-m3szwuanvdhy2",
        "id": "6c360107-f3ee-4b91-9f43-f4cfd90441cf-sa-m3szwuanvdhy2"
      }
    }
  ],
  "variables": {}
}