{
  "$schema": "https://schema.management.azure.com/schemas/2019-04-01/deploymentTemplate.json#",
  "contentVersion": "1.0.0.0",
  "metadata": {},
  "parameters": {
    "location": {
      "type": "string",
      "minLength": 1,
      "defaultValue": "[resourceGroup().location]",
      "metadata": {
        "description": "Not used, but needed to pass arm-ttk test `Location-Should-Not-Be-Hardcoded`.  We instead use the `workspace-location` which is derived from the LA workspace"
      }
    },
    "workspace-location": {
      "type": "string",
      "defaultValue": "",
      "metadata": {
        "description": "[concat('Region to deploy solution resources -- separate from location selection',parameters('location'))]"
      }
    },
    "workspace": {
      "defaultValue": "",
      "type": "string",
      "metadata": {
        "description": "Workspace name for Log Analytics where Microsoft Sentinel is setup"
      }
    }
  },
  "resources": [
    {
      "type": "Microsoft.OperationalInsights/workspaces/providers/contentTemplates",
      "name": "[concat(parameters('workspace'),'/Microsoft.SecurityInsights/', 'd0255b5f-2a3c-4112-8744-e6757af3283a')]",
      "location": "[parameters('workspace-location')]",
      "apiVersion": "2023-04-01-preview",
      "dependsOn": [
        "[extensionResourceId(resourceId('Microsoft.OperationalInsights/workspaces', parameters('workspace')), 'Microsoft.SecurityInsights/contentPackages', 'd0255b5f-2a3c-4112-8744-e6757af3283a')]"
      ],
      "properties": {
        "contentId": "d0255b5f-2a3c-4112-8744-e6757af3283a",
        "displayName": "Unusual Anomaly",
        "contentKind": "AnalyticsRule",
        "mainTemplate": {
          "$schema": "https://schema.management.azure.com/schemas/2019-04-01/deploymentTemplate.json#",
          "contentVersion": "1.0.1",
          "resources": [
            {
              "type": "Microsoft.OperationalInsights/workspaces/providers/alertRules",
              "apiVersion": "2022-04-01-preview",
              "name": "d0255b5f-2a3c-4112-8744-e6757af3283a",
              "kind": "Scheduled",
              "location": "[parameters('workspace-location')]",
              "properties": {
                "description": "Anomaly Rules generate events in the Anomalies table. This scheduled rule tries to detect Anomalies that are not usual, they could be a type of Anomaly that has recently been activated, or an infrequent type. The detected Anomaly should be reviewed, if it is relevant enough, eventually a separate scheduled Analytics Rule could be created specifically for that Anomaly Type, so an alert and/or incident is generated everytime that type of Anomaly happens.",
                "displayName": "Unusual Anomaly",
                "enabled": false,
                "query": "// You can leave out Anomalies that are already monitored through other Analytics Rules\n//let _MonitoredRules = dynamic([\"TestAlertName\"]);\nlet query_frequency = 1h;\nlet query_lookback = 3d;\nAnomalies\n| where TimeGenerated > ago(query_frequency)\n//| where not(RuleName has_any (_MonitoredRules))\n| join kind = leftanti (\n    Anomalies\n    | where TimeGenerated between (ago(query_frequency + query_lookback)..ago(query_frequency))\n    | distinct RuleName\n) on RuleName\n",
                "queryFrequency": "PT1H",
                "queryPeriod": "P4D",
                "severity": "Medium",
                "status": "Available",
                "suppressionDuration": "PT1H",
                "suppressionEnabled": false,
                "triggerOperator": "GreaterThan",
                "triggerThreshold": 0,
                "eventGroupingSettings": {
                  "aggregationKind": "AlertPerResult"
                },
                "alertDetailsOverride": {
                  "alertDisplayNameFormat": "Unusual Anomaly - {{RuleName}}",
                  "alertTacticsColumnName": "Tactics"
                },
                "incidentConfiguration": {
                  "createIncident": true,
                  "groupingConfiguration": {
                    "lookbackDuration": "1h",
                    "matchingMethod": "Selected",
                    "groupByAlertDetails": [
                      "DisplayName"
                    ],
                    "groupByCustomDetails": [],
                    "groupByEntities": [],
                    "reopenClosedIncident": false,
                    "enabled": true
                  }
                },
                "sentinelEntitiesMappings": [
                  {
                    "columnName": "Entities"
                  }
                ]
              }
            },
            {
              "type": "Microsoft.OperationalInsights/workspaces/providers/metadata",
              "apiVersion": "2021-03-01-preview",
              "properties": {
                "description": "Anomaly Rules generate events in the Anomalies table. This scheduled rule tries to detect Anomalies that are not usual, they could be a type of Anomaly that has recently been activated, or an infrequent type. The detected Anomaly should be reviewed, if it is relevant enough, eventually a separate scheduled Analytics Rule could be created specifically for that Anomaly Type, so an alert and/or incident is generated everytime that type of Anomaly happens.",
                "version": "1.0.1",
                "author": {
                  "name": "Jose Sebastian Canos"
                },
                "support": {
                  "tier": "Community",
                  "name": "Community",
                  "link": "https://github.com/Azure/Azure-Sentinel/issues"
                },
                "source": {
                  "kind": "Community",
                  "name": "Standalone"
                },
                "threatAnalysisTactics": [],
                "contentId": "d0255b5f-2a3c-4112-8744-e6757af3283a",
                "parentId": "d0255b5f-2a3c-4112-8744-e6757af3283a",
                "kind": "AnalyticsRule"
              }
            }
          ]
        },
        "packageId": "d0255b5f-2a3c-4112-8744-e6757af3283a",
        "packageKind": "Standalone",
        "packageName": "Unusual Anomaly",
        "contentProductId": "d0255b5f-2a3c-4112-8744-e6757af3283a-ar-lkrndwxyil5vc",
        "id": "d0255b5f-2a3c-4112-8744-e6757af3283a-ar-lkrndwxyil5vc",
        "packageVersion": "1.0.1",
        "version": "1.0.1"
      }
    },
    {
      "type": "Microsoft.OperationalInsights/workspaces/providers/contentPackages",
      "name": "[concat(parameters('workspace'),'/Microsoft.SecurityInsights/', 'd0255b5f-2a3c-4112-8744-e6757af3283a')]",
      "location": "[parameters('workspace-location')]",
      "apiVersion": "2023-04-01-preview",
      "properties": {
        "author": {
          "name": "Jose Sebastian Canos"
        },
        "categories": {
          "domains": [
            "Security - Others"
          ]
        },
        "dependencies": {
          "operator": "AND",
          "criteria": [
            {
              "contentId": "d0255b5f-2a3c-4112-8744-e6757af3283a",
              "kind": "AnalyticsRule"
            }
          ]
        },
        "description": "Anomaly Rules generate events in the Anomalies table. This scheduled rule tries to detect Anomalies that are not usual, they could be a type of Anomaly that has recently been activated, or an infrequent type. The detected Anomaly should be reviewed, if it is relevant enough, eventually a separate scheduled Analytics Rule could be created specifically for that Anomaly Type, so an alert and/or incident is generated everytime that type of Anomaly happens.",
        "displayName": "Unusual Anomaly",
        "source": {
          "kind": "Community",
          "name": "Standalone"
        },
        "support": {
          "tier": "Community",
          "name": "Community",
          "link": "https://github.com/Azure/Azure-Sentinel/issues"
        },
        "threatAnalysisTactics": [],
        "version": "1.0.1",
        "contentSchemaVersion": "3.0.0",
        "contentId": "d0255b5f-2a3c-4112-8744-e6757af3283a",
        "contentKind": "Standalone",
        "contentProductId": "d0255b5f-2a3c-4112-8744-e6757af3283a-sa-7pwvemccfjgz6",
        "id": "d0255b5f-2a3c-4112-8744-e6757af3283a-sa-7pwvemccfjgz6"
      }
    }
  ],
  "variables": {}
}