{
  "$schema": "https://schema.management.azure.com/schemas/2019-04-01/deploymentTemplate.json#",
  "contentVersion": "1.0.0.0",
  "metadata": {},
  "parameters": {
    "location": {
      "type": "string",
      "minLength": 1,
      "defaultValue": "[resourceGroup().location]",
      "metadata": {
        "description": "Not used, but needed to pass arm-ttk test `Location-Should-Not-Be-Hardcoded`.  We instead use the `workspace-location` which is derived from the LA workspace"
      }
    },
    "workspace-location": {
      "type": "string",
      "defaultValue": "",
      "metadata": {
        "description": "[concat('Region to deploy solution resources -- separate from location selection',parameters('location'))]"
      }
    },
    "workspace": {
      "defaultValue": "",
      "type": "string",
      "metadata": {
        "description": "Workspace name for Log Analytics where Microsoft Sentinel is setup"
      }
    }
  },
  "resources": [
    {
      "type": "Microsoft.OperationalInsights/workspaces/providers/contentTemplates",
      "name": "[concat(parameters('workspace'),'/Microsoft.SecurityInsights/', '45076281-35ae-45e0-b443-c32aa0baf965')]",
      "location": "[parameters('workspace-location')]",
      "apiVersion": "2023-04-01-preview",
      "dependsOn": [
        "[extensionResourceId(resourceId('Microsoft.OperationalInsights/workspaces', parameters('workspace')), 'Microsoft.SecurityInsights/contentPackages', '45076281-35ae-45e0-b443-c32aa0baf965')]"
      ],
      "properties": {
        "contentId": "45076281-35ae-45e0-b443-c32aa0baf965",
        "displayName": "Probable AdFind Recon Tool Usage (Normalized Process Events)",
        "contentKind": "AnalyticsRule",
        "mainTemplate": {
          "$schema": "https://schema.management.azure.com/schemas/2019-04-01/deploymentTemplate.json#",
          "contentVersion": "1.1.3",
          "resources": [
            {
              "type": "Microsoft.OperationalInsights/workspaces/providers/alertRules",
              "apiVersion": "2022-04-01-preview",
              "name": "45076281-35ae-45e0-b443-c32aa0baf965",
              "kind": "Scheduled",
              "location": "[parameters('workspace-location')]",
              "properties": {
                "description": "Identifies the host and account that executed AdFind by hash and filename in addition to common and unique flags that are used by many threat actors in discovery.\nTo use this analytics rule, make sure you have deployed the [ASIM normalization parsers](https://aka.ms/ASimProcessEvent)",
                "displayName": "Probable AdFind Recon Tool Usage (Normalized Process Events)",
                "enabled": false,
                "query": "let args = dynamic([\"objectcategory\",\"domainlist\",\"dcmodes\",\"adinfo\",\"trustdmp\",\"computers_pwdnotreqd\",\"Domain Admins\", \"objectcategory=person\", \"objectcategory=computer\", \"objectcategory=*\",\"dclist\"]);\nlet parentProcesses = dynamic([\"pwsh.exe\",\"powershell.exe\",\"cmd.exe\"]);\nimProcessCreate\n//looks for execution from a shell\n| where ActingProcessName has_any (parentProcesses)\n| extend ActingProcessFileName = tostring(split(ActingProcessName, '\\\\')[-1])\n| where ActingProcessFileName in~ (parentProcesses)\n// main filter\n| where Process hassuffix \"AdFind.exe\" or TargetProcessSHA256 == \"c92c158d7c37fea795114fa6491fe5f145ad2f8c08776b18ae79db811e8e36a3\"\n    // AdFind common Flags to check for from various threat actor TTPs\n    or CommandLine has_any (args)\n| extend AccountCustomEntity = User, HostCustomEntity = Dvc, ProcessCustomEntity = ActingProcessName, CommandLineCustomEntity = CommandLine, AlgorithmCustomEntity = \"SHA256\", FileHashCustomEntity = TargetProcessSHA256\n",
                "queryFrequency": "PT1H",
                "queryPeriod": "PT1H",
                "severity": "High",
                "status": "Available",
                "suppressionDuration": "PT1H",
                "suppressionEnabled": false,
                "triggerOperator": "GreaterThan",
                "triggerThreshold": 0,
                "tactics": [
                  "Discovery"
                ],
                "techniques": [
                  "T1018"
                ],
                "entityMappings": [
                  {
                    "entityType": "Account",
                    "fieldMappings": [
                      {
                        "columnName": "AccountCustomEntity",
                        "identifier": "FullName"
                      }
                    ]
                  },
                  {
                    "entityType": "FileHash",
                    "fieldMappings": [
                      {
                        "columnName": "AlgorithmCustomEntity",
                        "identifier": "Algorithm"
                      },
                      {
                        "columnName": "FileHashCustomEntity",
                        "identifier": "Value"
                      }
                    ]
                  },
                  {
                    "entityType": "Host",
                    "fieldMappings": [
                      {
                        "columnName": "HostCustomEntity",
                        "identifier": "HostName"
                      }
                    ]
                  },
                  {
                    "entityType": "Process",
                    "fieldMappings": [
                      {
                        "columnName": "CommandLineCustomEntity",
                        "identifier": "CommandLine"
                      },
                      {
                        "columnName": "ProcessCustomEntity",
                        "identifier": "ProcessId"
                      }
                    ]
                  }
                ]
              }
            },
            {
              "type": "Microsoft.OperationalInsights/workspaces/providers/metadata",
              "apiVersion": "2021-03-01-preview",
              "properties": {
                "description": "Identifies the host and account that executed AdFind by hash and filename in addition to common and unique flags that are used by many threat actors in discovery.\nTo use this analytics rule, make sure you have deployed the [ASIM normalization parsers](https://aka.ms/ASimProcessEvent)",
                "version": "1.1.3",
                "author": {
                  "name": "Yuval Naor"
                },
                "support": {
                  "tier": "Community",
                  "name": "Community",
                  "link": "https://github.com/Azure/Azure-Sentinel/issues"
                },
                "source": {
                  "kind": "Community",
                  "name": "Standalone"
                },
                "threatAnalysisTactics": [
                  "Discovery"
                ],
                "threatAnalyticsTechniques": [
                  "T1018"
                ],
                "contentId": "45076281-35ae-45e0-b443-c32aa0baf965",
                "parentId": "45076281-35ae-45e0-b443-c32aa0baf965",
                "kind": "AnalyticsRule"
              }
            }
          ]
        },
        "packageId": "45076281-35ae-45e0-b443-c32aa0baf965",
        "packageKind": "Standalone",
        "packageName": "Probable AdFind Recon Tool Usage (Normalized Process Events)",
        "contentProductId": "45076281-35ae-45e0-b443-c32aa0baf965-ar-ajtbvbhsblbn2",
        "id": "45076281-35ae-45e0-b443-c32aa0baf965-ar-ajtbvbhsblbn2",
        "packageVersion": "1.1.3",
        "version": "1.1.3"
      }
    },
    {
      "type": "Microsoft.OperationalInsights/workspaces/providers/contentPackages",
      "name": "[concat(parameters('workspace'),'/Microsoft.SecurityInsights/', '45076281-35ae-45e0-b443-c32aa0baf965')]",
      "location": "[parameters('workspace-location')]",
      "apiVersion": "2023-04-01-preview",
      "properties": {
        "author": {
          "name": "Yuval Naor"
        },
        "categories": {
          "domains": [
            "Security - Threat Intelligence"
          ]
        },
        "dependencies": {
          "operator": "AND",
          "criteria": [
            {
              "contentId": "45076281-35ae-45e0-b443-c32aa0baf965",
              "kind": "AnalyticsRule"
            }
          ]
        },
        "description": "Identifies the host and account that executed AdFind by hash and filename in addition to common and unique flags that are used by many threat actors in discovery.\nTo use this analytics rule, make sure you have deployed the [ASIM normalization parsers](https://aka.ms/ASimProcessEvent)",
        "displayName": "Probable AdFind Recon Tool Usage (Normalized Process Events)",
        "source": {
          "kind": "Community",
          "name": "Standalone"
        },
        "support": {
          "tier": "Community",
          "name": "Community",
          "link": "https://github.com/Azure/Azure-Sentinel/issues"
        },
        "threatAnalysisTactics": [
          "Discovery"
        ],
        "threatAnalyticsTechniques": [
          "T1018"
        ],
        "version": "1.1.3",
        "contentSchemaVersion": "3.0.0",
        "contentId": "45076281-35ae-45e0-b443-c32aa0baf965",
        "contentKind": "Standalone",
        "contentProductId": "45076281-35ae-45e0-b443-c32aa0baf965-sa-rzhvuf5ui2mz4",
        "id": "45076281-35ae-45e0-b443-c32aa0baf965-sa-rzhvuf5ui2mz4"
      }
    }
  ],
  "variables": {}
}