{
  "$schema": "https://schema.management.azure.com/schemas/2019-04-01/deploymentTemplate.json#",
  "contentVersion": "1.0.0.0",
  "metadata": {},
  "parameters": {
    "location": {
      "type": "string",
      "minLength": 1,
      "defaultValue": "[resourceGroup().location]",
      "metadata": {
        "description": "Not used, but needed to pass arm-ttk test `Location-Should-Not-Be-Hardcoded`.  We instead use the `workspace-location` which is derived from the LA workspace"
      }
    },
    "workspace-location": {
      "type": "string",
      "defaultValue": "",
      "metadata": {
        "description": "[concat('Region to deploy solution resources -- separate from location selection',parameters('location'))]"
      }
    },
    "workspace": {
      "defaultValue": "",
      "type": "string",
      "metadata": {
        "description": "Workspace name for Log Analytics where Microsoft Sentinel is setup"
      }
    }
  },
  "resources": [
    {
      "type": "Microsoft.OperationalInsights/workspaces/providers/contentTemplates",
      "name": "[concat(parameters('workspace'),'/Microsoft.SecurityInsights/', '3b443f22-9be9-4c35-ac70-a94757748439')]",
      "location": "[parameters('workspace-location')]",
      "apiVersion": "2023-04-01-preview",
      "dependsOn": [
        "[extensionResourceId(resourceId('Microsoft.OperationalInsights/workspaces', parameters('workspace')), 'Microsoft.SecurityInsights/contentPackages', '3b443f22-9be9-4c35-ac70-a94757748439')]"
      ],
      "properties": {
        "contentId": "3b443f22-9be9-4c35-ac70-a94757748439",
        "displayName": "Dev-0228 File Path Hashes November 2021",
        "contentKind": "AnalyticsRule",
        "mainTemplate": {
          "$schema": "https://schema.management.azure.com/schemas/2019-04-01/deploymentTemplate.json#",
          "contentVersion": "1.0.2",
          "resources": [
            {
              "type": "Microsoft.OperationalInsights/workspaces/providers/alertRules",
              "apiVersion": "2022-04-01-preview",
              "name": "3b443f22-9be9-4c35-ac70-a94757748439",
              "kind": "Scheduled",
              "location": "[parameters('workspace-location')]",
              "properties": {
                "description": "This hunting query looks for file paths/hashes related to observed activity by Dev-0228. The actor is known to use custom version of popular tool like PsExec, Procdump etc. to carry its activity.\n The risk score associated with each result is based on a number of factors, hosts with higher risk events should be investigated first.",
                "displayName": "Dev-0228 File Path Hashes November 2021",
                "enabled": false,
                "query": "let files1 = dynamic([\"C:\\\\Windows\\\\TAPI\\\\lsa.exe\", \"C:\\\\Windows\\\\TAPI\\\\pa.exe\", \"C:\\\\Windows\\\\TAPI\\\\pc.exe\", \"C:\\\\Windows\\\\TAPI\\\\Rar.exe\"]);\nlet files2 = dynamic([\"svchost.exe\",\"wdmsvc.exe\"]);\nlet FileHash1 = dynamic([\"43109fbe8b752f7a9076eaafa417d9ae5c6e827cd5374b866672263fdebd5ec3\", \"ab50d8d707b97712178a92bbac74ccc2a5699eb41c17aa77f713ff3e568dcedb\", \"010e32be0f86545e116a8bc3381a8428933eb8789f32c261c81fd5e7857d4a77\",         \"56cd102b9fc7f3523dad01d632525ff673259dbc9a091be0feff333c931574f7\"]);\nlet FileHash2 = dynamic([\"2a1044e9e6e87a032f80c6d9ea6ae61bbbb053c0a21b186ecb3b812b49eb03b7\", \"9ab7e99ed84f94a7b6409b87e56dc6e1143b05034a5e4455e8c555dbbcd0d2dd\", \"18a072ccfab239e140d8f682e2874e8ff19d94311fc8bb9564043d3e0deda54b\"]);\nDeviceProcessEvents\n| where ( FolderPath has_any (files1) and SHA256 has_any (FileHash1)) or (FolderPath has_any (files2) and SHA256 has_any (FileHash2))\n| extend DvcId = DeviceId\n| join kind=leftouter (SecurityAlert\n| where ProviderName =~ \"MDATP\"\n| extend ThreatName = tostring(parse_json(ExtendedProperties).ThreatName)\n| mv-expand todynamic(Entities)\n| extend DvcId = tostring(parse_json(Entities).MdatpDeviceId)\n| where isnotempty(DvcId)\n// Higher risk score are for Defender alerts related to threat actor\n| extend AlertRiskScore = iif(ThreatName has_any (\"Backdoor:MSIL/ShellClient.A\", \"Backdoor:MSIL/ShellClient.A!dll\", \"Trojan:MSIL/Mimikatz.BA!MTB\"), 1.0, 0.5)\n| project DvcId, AlertRiskScore) on DvcId\n| extend AlertRiskScore = iif(isempty(AlertRiskScore), 0.0, AlertRiskScore)\n| extend timestamp = TimeGenerated, HostCustomEntity = DeviceName, AccountCustomEntity = AccountName\n",
                "queryFrequency": "PT6H",
                "queryPeriod": "PT6H",
                "severity": "High",
                "status": "Available",
                "suppressionDuration": "PT1H",
                "suppressionEnabled": false,
                "triggerOperator": "GreaterThan",
                "triggerThreshold": 0,
                "tactics": [
                  "CredentialAccess",
                  "Execution"
                ],
                "techniques": [
                  "T1569",
                  "T1003"
                ],
                "entityMappings": [
                  {
                    "entityType": "Account",
                    "fieldMappings": [
                      {
                        "columnName": "AccountCustomEntity",
                        "identifier": "Name"
                      }
                    ]
                  },
                  {
                    "entityType": "File",
                    "fieldMappings": [
                      {
                        "columnName": "FileName",
                        "identifier": "Name"
                      }
                    ]
                  },
                  {
                    "entityType": "Host",
                    "fieldMappings": [
                      {
                        "columnName": "HostCustomEntity",
                        "identifier": "FullName"
                      }
                    ]
                  }
                ],
                "requiredDataConnectors": [
                  {
                    "connectorId": "MicrosoftDefenderAdvancedThreatProtection",
                    "dataTypes": [
                      "SecurityAlert (MDATP)"
                    ]
                  },
                  {
                    "connectorId": "MicrosoftThreatProtection",
                    "dataTypes": [
                      "DeviceProcessEvents"
                    ]
                  }
                ]
              }
            },
            {
              "type": "Microsoft.OperationalInsights/workspaces/providers/metadata",
              "apiVersion": "2021-03-01-preview",
              "properties": {
                "description": "This hunting query looks for file paths/hashes related to observed activity by Dev-0228. The actor is known to use custom version of popular tool like PsExec, Procdump etc. to carry its activity.\n The risk score associated with each result is based on a number of factors, hosts with higher risk events should be investigated first.",
                "version": "1.0.2",
                "author": {
                  "name": "Ajeet Prakash"
                },
                "support": {
                  "tier": "Community",
                  "name": "Community",
                  "link": "https://github.com/Azure/Azure-Sentinel/issues"
                },
                "source": {
                  "kind": "Community",
                  "name": "Standalone"
                },
                "threatAnalysisTactics": [
                  "CredentialAccess",
                  "Execution"
                ],
                "threatAnalyticsTechniques": [
                  "T1569",
                  "T1003"
                ],
                "contentId": "3b443f22-9be9-4c35-ac70-a94757748439",
                "parentId": "3b443f22-9be9-4c35-ac70-a94757748439",
                "kind": "AnalyticsRule",
                "dependencies": {
                  "operator": "AND",
                  "criteria": [
                    {
                      "contentId": "SecurityAlert (MDATP)",
                      "kind": "DataType"
                    },
                    {
                      "contentId": "DeviceProcessEvents",
                      "kind": "DataType"
                    }
                  ]
                }
              }
            }
          ]
        },
        "packageId": "3b443f22-9be9-4c35-ac70-a94757748439",
        "packageKind": "Standalone",
        "packageName": "Dev-0228 File Path Hashes November 2021",
        "contentProductId": "3b443f22-9be9-4c35-ac70-a94757748439-ar-szv4llruml52k",
        "id": "3b443f22-9be9-4c35-ac70-a94757748439-ar-szv4llruml52k",
        "packageVersion": "1.0.2",
        "version": "1.0.2"
      }
    },
    {
      "type": "Microsoft.OperationalInsights/workspaces/providers/contentPackages",
      "name": "[concat(parameters('workspace'),'/Microsoft.SecurityInsights/', '3b443f22-9be9-4c35-ac70-a94757748439')]",
      "location": "[parameters('workspace-location')]",
      "apiVersion": "2023-04-01-preview",
      "properties": {
        "author": {
          "name": "Ajeet Prakash"
        },
        "categories": {
          "domains": [
            "Security - 0-day Vulnerability"
          ]
        },
        "dependencies": {
          "operator": "AND",
          "criteria": [
            {
              "contentId": "3b443f22-9be9-4c35-ac70-a94757748439",
              "kind": "AnalyticsRule"
            }
          ]
        },
        "description": "This hunting query looks for file paths/hashes related to observed activity by Dev-0228. The actor is known to use custom version of popular tool like PsExec, Procdump etc. to carry its activity.\n The risk score associated with each result is based on a number of factors, hosts with higher risk events should be investigated first.",
        "displayName": "Dev-0228 File Path Hashes November 2021",
        "source": {
          "kind": "Community",
          "name": "Standalone"
        },
        "support": {
          "tier": "Community",
          "name": "Community",
          "link": "https://github.com/Azure/Azure-Sentinel/issues"
        },
        "threatAnalysisTactics": [
          "CredentialAccess",
          "Execution"
        ],
        "threatAnalyticsTechniques": [
          "T1569",
          "T1003"
        ],
        "version": "1.0.2",
        "contentSchemaVersion": "3.0.0",
        "contentId": "3b443f22-9be9-4c35-ac70-a94757748439",
        "contentKind": "Standalone",
        "contentProductId": "3b443f22-9be9-4c35-ac70-a94757748439-sa-tbtpbcrs2vmey",
        "id": "3b443f22-9be9-4c35-ac70-a94757748439-sa-tbtpbcrs2vmey"
      }
    }
  ],
  "variables": {}
}