{
  "$schema": "https://schema.management.azure.com/schemas/2019-04-01/deploymentTemplate.json#",
  "contentVersion": "1.0.0.0",
  "metadata": {},
  "parameters": {
    "location": {
      "type": "string",
      "minLength": 1,
      "defaultValue": "[resourceGroup().location]",
      "metadata": {
        "description": "Not used, but needed to pass arm-ttk test `Location-Should-Not-Be-Hardcoded`.  We instead use the `workspace-location` which is derived from the LA workspace"
      }
    },
    "workspace-location": {
      "type": "string",
      "defaultValue": "",
      "metadata": {
        "description": "[concat('Region to deploy solution resources -- separate from location selection',parameters('location'))]"
      }
    },
    "workspace": {
      "defaultValue": "",
      "type": "string",
      "metadata": {
        "description": "Workspace name for Log Analytics where Microsoft Sentinel is setup"
      }
    }
  },
  "resources": [
    {
      "type": "Microsoft.OperationalInsights/workspaces/providers/contentTemplates",
      "name": "[concat(parameters('workspace'),'/Microsoft.SecurityInsights/', '23005e87-2d3a-482b-b03d-edbebd1ae151')]",
      "location": "[parameters('workspace-location')]",
      "apiVersion": "2023-04-01-preview",
      "dependsOn": [
        "[extensionResourceId(resourceId('Microsoft.OperationalInsights/workspaces', parameters('workspace')), 'Microsoft.SecurityInsights/contentPackages', '23005e87-2d3a-482b-b03d-edbebd1ae151')]"
      ],
      "properties": {
        "contentId": "23005e87-2d3a-482b-b03d-edbebd1ae151",
        "displayName": "HAFNIUM Suspicious Exchange Request",
        "contentKind": "AnalyticsRule",
        "mainTemplate": {
          "$schema": "https://schema.management.azure.com/schemas/2019-04-01/deploymentTemplate.json#",
          "contentVersion": "1.0.1",
          "resources": [
            {
              "type": "Microsoft.OperationalInsights/workspaces/providers/alertRules",
              "apiVersion": "2022-04-01-preview",
              "name": "23005e87-2d3a-482b-b03d-edbebd1ae151",
              "kind": "Scheduled",
              "location": "[parameters('workspace-location')]",
              "properties": {
                "description": "This query looks for suspicious request patterns to Exchange servers that fit a pattern observed by HAFNIUM actors.\nThe same query can be run on HTTPProxy logs from on-premise hosted Exchange servers.\nReference: https://www.microsoft.com/security/blog/2021/03/02/hafnium-targeting-exchange-servers/",
                "displayName": "HAFNIUM Suspicious Exchange Request",
                "enabled": false,
                "query": "let exchange_servers = (\nW3CIISLog\n| where TimeGenerated > ago(14d)\n| where sSiteName =~ \"Exchange Back End\"\n| summarize by Computer);\nW3CIISLog\n| where TimeGenerated > ago(1d)\n| where Computer in (exchange_servers)\n| where csUriQuery startswith \"t=\"\n| project-reorder TimeGenerated, Computer, csUriStem, csUriQuery, csUserName, csUserAgent, cIP\n| extend timestamp = TimeGenerated, AccountCustomEntity = csUserName, HostCustomEntity = Computer, IPCustomEntity = cIP\n",
                "queryFrequency": "P1D",
                "queryPeriod": "P14D",
                "severity": "Medium",
                "status": "Available",
                "suppressionDuration": "PT1H",
                "suppressionEnabled": false,
                "triggerOperator": "GreaterThan",
                "triggerThreshold": 0,
                "tactics": [
                  "InitialAccess"
                ],
                "techniques": [
                  "T1190"
                ],
                "entityMappings": [
                  {
                    "entityType": "Account",
                    "fieldMappings": [
                      {
                        "columnName": "AccountCustomEntity",
                        "identifier": "FullName"
                      }
                    ]
                  },
                  {
                    "entityType": "Host",
                    "fieldMappings": [
                      {
                        "columnName": "HostCustomEntity",
                        "identifier": "FullName"
                      }
                    ]
                  },
                  {
                    "entityType": "IP",
                    "fieldMappings": [
                      {
                        "columnName": "IPCustomEntity",
                        "identifier": "Address"
                      }
                    ]
                  }
                ],
                "requiredDataConnectors": [
                  {
                    "connectorId": "AzureMonitor(IIS)",
                    "dataTypes": [
                      "W3CIISLog"
                    ]
                  }
                ]
              }
            },
            {
              "type": "Microsoft.OperationalInsights/workspaces/providers/metadata",
              "apiVersion": "2021-03-01-preview",
              "properties": {
                "description": "This query looks for suspicious request patterns to Exchange servers that fit a pattern observed by HAFNIUM actors.\nThe same query can be run on HTTPProxy logs from on-premise hosted Exchange servers.\nReference: https://www.microsoft.com/security/blog/2021/03/02/hafnium-targeting-exchange-servers/",
                "version": "1.0.1",
                "author": {
                  "name": "Pete Bryan"
                },
                "support": {
                  "tier": "Community",
                  "name": "Community",
                  "link": "https://github.com/Azure/Azure-Sentinel/issues"
                },
                "source": {
                  "kind": "Community",
                  "name": "Standalone"
                },
                "threatAnalysisTactics": [
                  "InitialAccess"
                ],
                "threatAnalyticsTechniques": [
                  "T1190"
                ],
                "contentId": "23005e87-2d3a-482b-b03d-edbebd1ae151",
                "parentId": "23005e87-2d3a-482b-b03d-edbebd1ae151",
                "kind": "AnalyticsRule",
                "dependencies": {
                  "operator": "AND",
                  "criteria": [
                    {
                      "contentId": "W3CIISLog",
                      "kind": "DataType"
                    }
                  ]
                }
              }
            }
          ]
        },
        "packageId": "23005e87-2d3a-482b-b03d-edbebd1ae151",
        "packageKind": "Standalone",
        "packageName": "HAFNIUM Suspicious Exchange Request",
        "contentProductId": "23005e87-2d3a-482b-b03d-edbebd1ae151-ar-wimxsspha2eu2",
        "id": "23005e87-2d3a-482b-b03d-edbebd1ae151-ar-wimxsspha2eu2",
        "packageVersion": "1.0.1",
        "version": "1.0.1"
      }
    },
    {
      "type": "Microsoft.OperationalInsights/workspaces/providers/contentPackages",
      "name": "[concat(parameters('workspace'),'/Microsoft.SecurityInsights/', '23005e87-2d3a-482b-b03d-edbebd1ae151')]",
      "location": "[parameters('workspace-location')]",
      "apiVersion": "2023-04-01-preview",
      "properties": {
        "author": {
          "name": "Pete Bryan"
        },
        "categories": {
          "domains": [
            "Security - Threat Intelligence"
          ]
        },
        "dependencies": {
          "operator": "AND",
          "criteria": [
            {
              "contentId": "23005e87-2d3a-482b-b03d-edbebd1ae151",
              "kind": "AnalyticsRule"
            }
          ]
        },
        "description": "This query looks for suspicious request patterns to Exchange servers that fit a pattern observed by HAFNIUM actors.\nThe same query can be run on HTTPProxy logs from on-premise hosted Exchange servers.\nReference: https://www.microsoft.com/security/blog/2021/03/02/hafnium-targeting-exchange-servers/",
        "displayName": "HAFNIUM Suspicious Exchange Request",
        "source": {
          "kind": "Community",
          "name": "Standalone"
        },
        "support": {
          "tier": "Community",
          "name": "Community",
          "link": "https://github.com/Azure/Azure-Sentinel/issues"
        },
        "threatAnalysisTactics": [
          "InitialAccess"
        ],
        "threatAnalyticsTechniques": [
          "T1190"
        ],
        "version": "1.0.1",
        "contentSchemaVersion": "3.0.0",
        "contentId": "23005e87-2d3a-482b-b03d-edbebd1ae151",
        "contentKind": "Standalone",
        "contentProductId": "23005e87-2d3a-482b-b03d-edbebd1ae151-sa-d72gsxpeomjds",
        "id": "23005e87-2d3a-482b-b03d-edbebd1ae151-sa-d72gsxpeomjds"
      }
    }
  ],
  "variables": {}
}