{
  "$schema": "https://schema.management.azure.com/schemas/2019-04-01/deploymentTemplate.json#",
  "contentVersion": "1.0.0.0",
  "metadata": {},
  "parameters": {
    "location": {
      "type": "string",
      "minLength": 1,
      "defaultValue": "[resourceGroup().location]",
      "metadata": {
        "description": "Not used, but needed to pass arm-ttk test `Location-Should-Not-Be-Hardcoded`.  We instead use the `workspace-location` which is derived from the LA workspace"
      }
    },
    "workspace-location": {
      "type": "string",
      "defaultValue": "",
      "metadata": {
        "description": "[concat('Region to deploy solution resources -- separate from location selection',parameters('location'))]"
      }
    },
    "workspace": {
      "defaultValue": "",
      "type": "string",
      "metadata": {
        "description": "Workspace name for Log Analytics where Microsoft Sentinel is setup"
      }
    }
  },
  "resources": [
    {
      "type": "Microsoft.OperationalInsights/workspaces/providers/contentTemplates",
      "name": "[concat(parameters('workspace'),'/Microsoft.SecurityInsights/', '78422ef2-62bf-48ca-9bab-72c69818a425')]",
      "location": "[parameters('workspace-location')]",
      "apiVersion": "2023-04-01-preview",
      "dependsOn": [
        "[extensionResourceId(resourceId('Microsoft.OperationalInsights/workspaces', parameters('workspace')), 'Microsoft.SecurityInsights/contentPackages', '78422ef2-62bf-48ca-9bab-72c69818a425')]"
      ],
      "properties": {
        "contentId": "78422ef2-62bf-48ca-9bab-72c69818a425",
        "displayName": "Multiple RDP connections from Single System",
        "contentKind": "AnalyticsRule",
        "mainTemplate": {
          "$schema": "https://schema.management.azure.com/schemas/2019-04-01/deploymentTemplate.json#",
          "contentVersion": "1.2.3",
          "resources": [
            {
              "type": "Microsoft.OperationalInsights/workspaces/providers/alertRules",
              "apiVersion": "2022-04-01-preview",
              "name": "78422ef2-62bf-48ca-9bab-72c69818a425",
              "kind": "Scheduled",
              "location": "[parameters('workspace-location')]",
              "properties": {
                "description": "Identifies when an RDP connection is made to multiple systems and above the normal for the previous 7 days.\nConnections from the same system with the same account within the same day.\nRDP connections are indicated by the EventID 4624 with LogonType = 10",
                "displayName": "Multiple RDP connections from Single System",
                "enabled": false,
                "query": "let endtime = 1d;\nlet starttime = 8d;\nlet threshold = 2.0;\n(union isfuzzy=true\n(SecurityEvent\n| where TimeGenerated >= ago(endtime)\n| where EventID == 4624 and LogonType == 10\n| summarize StartTimeUtc = min(TimeGenerated), EndTimeUtc = max(TimeGenerated), ComputerCountToday = dcount(Computer), ComputerSet = makeset(Computer), ProcessSet = makeset(ProcessName)\nby Account, IpAddress, AccountType, Activity, LogonTypeName),\n(WindowsEvent\n| where TimeGenerated >= ago(endtime)\n| where EventID == 4624\n| extend LogonType = tostring(EventData.LogonType)\n| where  LogonType == 10\n| extend ProcessName = tostring(EventData.ProcessName)\n| extend Account = strcat(tostring(EventData.TargetDomainName),\"\\\\\", tostring(EventData.TargetUserName))\n| extend IpAddress = tostring(EventData.IpAddress)\n| extend TargetUserSid = tostring(EventData.TargetUserSid)\n| extend AccountType=case(Account endswith \"$\" or TargetUserSid in (\"S-1-5-18\", \"S-1-5-19\", \"S-1-5-20\"), \"Machine\", isempty(TargetUserSid), \"\", \"User\")\n| extend Activity=\"4624 - An account was successfully logged on.\"\n| extend LogonTypeName=\"10 - RemoteInteractive\"\n| summarize StartTimeUtc = min(TimeGenerated), EndTimeUtc = max(TimeGenerated), ComputerCountToday = dcount(Computer), ComputerSet = makeset(Computer), ProcessSet = makeset(ProcessName)\nby Account, IpAddress, AccountType, Activity, LogonTypeName)\n)\n| join kind=inner (\n(union isfuzzy=true\n(SecurityEvent\n| where TimeGenerated >= ago(starttime) and TimeGenerated < ago(endtime)\n| where EventID == 4624 and LogonType == 10\n| summarize ComputerCountPrev7Days = dcount(Computer) by Account = tolower(Account), IpAddress\n),\n( WindowsEvent\n| where TimeGenerated >= ago(starttime) and TimeGenerated < ago(endtime)\n| where EventID == 4624  and EventData has (\"10\")\n| extend LogonType = toint(EventData.LogonType)\n| where  LogonType == 10\n| extend Account = strcat(tostring(EventData.TargetDomainName),\"\\\\\", tostring(EventData.TargetUserName))\n| extend IpAddress = tostring(EventData.IpAddress)\n| summarize ComputerCountPrev7Days = dcount(Computer) by Account = tolower(Account), IpAddress)\n)\n) on Account, IpAddress\n| extend Ratio = iff(isempty(ComputerCountPrev7Days), toreal(ComputerCountToday), ComputerCountToday / (ComputerCountPrev7Days * 1.0))\n// Where the ratio of today to previous 7 days is more than double.\n| where Ratio > threshold\n| project StartTimeUtc, EndTimeUtc, Account, IpAddress, ComputerSet, ComputerCountToday, ComputerCountPrev7Days, Ratio, AccountType, Activity, LogonTypeName, ProcessSet\n| extend timestamp = StartTimeUtc, AccountCustomEntity = Account, IPCustomEntity = IpAddress\n",
                "queryFrequency": "P1D",
                "queryPeriod": "P8D",
                "severity": "Low",
                "status": "Available",
                "suppressionDuration": "PT1H",
                "suppressionEnabled": false,
                "triggerOperator": "GreaterThan",
                "triggerThreshold": 0,
                "tactics": [
                  "LateralMovement"
                ],
                "techniques": [
                  "T1021"
                ],
                "entityMappings": [
                  {
                    "entityType": "Account",
                    "fieldMappings": [
                      {
                        "columnName": "AccountCustomEntity",
                        "identifier": "FullName"
                      }
                    ]
                  },
                  {
                    "entityType": "IP",
                    "fieldMappings": [
                      {
                        "columnName": "IPCustomEntity",
                        "identifier": "Address"
                      }
                    ]
                  }
                ],
                "requiredDataConnectors": [
                  {
                    "connectorId": "SecurityEvents",
                    "dataTypes": [
                      "SecurityEvent"
                    ]
                  },
                  {
                    "connectorId": "WindowsForwardedEvents",
                    "dataTypes": [
                      "WindowsEvent"
                    ]
                  },
                  {
                    "connectorId": "WindowsSecurityEvents",
                    "dataTypes": [
                      "SecurityEvent"
                    ]
                  }
                ]
              }
            },
            {
              "type": "Microsoft.OperationalInsights/workspaces/providers/metadata",
              "apiVersion": "2021-03-01-preview",
              "properties": {
                "description": "Identifies when an RDP connection is made to multiple systems and above the normal for the previous 7 days.\nConnections from the same system with the same account within the same day.\nRDP connections are indicated by the EventID 4624 with LogonType = 10",
                "version": "1.2.3",
                "author": {
                  "name": "Shain"
                },
                "support": {
                  "tier": "Community",
                  "name": "Community",
                  "link": "https://github.com/Azure/Azure-Sentinel/issues"
                },
                "source": {
                  "kind": "Community",
                  "name": "Standalone"
                },
                "threatAnalysisTactics": [
                  "LateralMovement"
                ],
                "threatAnalyticsTechniques": [
                  "T1021"
                ],
                "contentId": "78422ef2-62bf-48ca-9bab-72c69818a425",
                "parentId": "78422ef2-62bf-48ca-9bab-72c69818a425",
                "kind": "AnalyticsRule",
                "dependencies": {
                  "operator": "AND",
                  "criteria": [
                    {
                      "contentId": "SecurityEvent",
                      "kind": "DataType"
                    },
                    {
                      "contentId": "SecurityEvent",
                      "kind": "DataType"
                    },
                    {
                      "contentId": "WindowsEvent",
                      "kind": "DataType"
                    }
                  ]
                }
              }
            }
          ]
        },
        "packageId": "78422ef2-62bf-48ca-9bab-72c69818a425",
        "packageKind": "Standalone",
        "packageName": "Multiple RDP connections from Single System",
        "contentProductId": "78422ef2-62bf-48ca-9bab-72c69818a425-ar-f47lcn3p4yyle",
        "id": "78422ef2-62bf-48ca-9bab-72c69818a425-ar-f47lcn3p4yyle",
        "packageVersion": "1.2.3",
        "version": "1.2.3"
      }
    },
    {
      "type": "Microsoft.OperationalInsights/workspaces/providers/contentPackages",
      "name": "[concat(parameters('workspace'),'/Microsoft.SecurityInsights/', '78422ef2-62bf-48ca-9bab-72c69818a425')]",
      "location": "[parameters('workspace-location')]",
      "apiVersion": "2023-04-01-preview",
      "properties": {
        "author": {
          "name": "Shain"
        },
        "categories": {
          "domains": [
            "Security - Threat Protection"
          ]
        },
        "dependencies": {
          "operator": "AND",
          "criteria": [
            {
              "contentId": "78422ef2-62bf-48ca-9bab-72c69818a425",
              "kind": "AnalyticsRule"
            }
          ]
        },
        "description": "Identifies when an RDP connection is made to multiple systems and above the normal for the previous 7 days.\nConnections from the same system with the same account within the same day.\nRDP connections are indicated by the EventID 4624 with LogonType = 10",
        "displayName": "Multiple RDP connections from Single System",
        "source": {
          "kind": "Community",
          "name": "Standalone"
        },
        "support": {
          "tier": "Community",
          "name": "Community",
          "link": "https://github.com/Azure/Azure-Sentinel/issues"
        },
        "threatAnalysisTactics": [
          "LateralMovement"
        ],
        "threatAnalyticsTechniques": [
          "T1021"
        ],
        "version": "1.2.3",
        "contentSchemaVersion": "3.0.0",
        "contentId": "78422ef2-62bf-48ca-9bab-72c69818a425",
        "contentKind": "Standalone",
        "contentProductId": "78422ef2-62bf-48ca-9bab-72c69818a425-sa-qznqst3cnutzi",
        "id": "78422ef2-62bf-48ca-9bab-72c69818a425-sa-qznqst3cnutzi"
      }
    }
  ],
  "variables": {}
}