{
  "$schema": "https://schema.management.azure.com/schemas/2019-04-01/deploymentTemplate.json#",
  "contentVersion": "1.0.0.0",
  "metadata": {},
  "parameters": {
    "location": {
      "type": "string",
      "minLength": 1,
      "defaultValue": "[resourceGroup().location]",
      "metadata": {
        "description": "Not used, but needed to pass arm-ttk test `Location-Should-Not-Be-Hardcoded`.  We instead use the `workspace-location` which is derived from the LA workspace"
      }
    },
    "workspace-location": {
      "type": "string",
      "defaultValue": "",
      "metadata": {
        "description": "[concat('Region to deploy solution resources -- separate from location selection',parameters('location'))]"
      }
    },
    "workspace": {
      "defaultValue": "",
      "type": "string",
      "metadata": {
        "description": "Workspace name for Log Analytics where Microsoft Sentinel is setup"
      }
    }
  },
  "resources": [
    {
      "type": "Microsoft.OperationalInsights/workspaces/providers/contentTemplates",
      "name": "[concat(parameters('workspace'),'/Microsoft.SecurityInsights/', '6e95aef3-a1e0-4063-8e74-cd59aa59f245')]",
      "location": "[parameters('workspace-location')]",
      "apiVersion": "2023-04-01-preview",
      "dependsOn": [
        "[extensionResourceId(resourceId('Microsoft.OperationalInsights/workspaces', parameters('workspace')), 'Microsoft.SecurityInsights/contentPackages', '6e95aef3-a1e0-4063-8e74-cd59aa59f245')]"
      ],
      "properties": {
        "contentId": "6e95aef3-a1e0-4063-8e74-cd59aa59f245",
        "displayName": "Azure Diagnostic settings removed from a resource",
        "contentKind": "AnalyticsRule",
        "mainTemplate": {
          "$schema": "https://schema.management.azure.com/schemas/2019-04-01/deploymentTemplate.json#",
          "contentVersion": "1.0.1",
          "resources": [
            {
              "type": "Microsoft.OperationalInsights/workspaces/providers/alertRules",
              "apiVersion": "2022-04-01-preview",
              "name": "6e95aef3-a1e0-4063-8e74-cd59aa59f245",
              "kind": "Scheduled",
              "location": "[parameters('workspace-location')]",
              "properties": {
                "description": "This query looks for diagnostic settings that are removed from a resource.\nThis could indicate an attacker or malicious internal trying to evade detection before malicious act is performed.\nIf the diagnostic settings are being deleted as part of a parent resource deletion, the event is ignores.",
                "displayName": "Azure Diagnostic settings removed from a resource",
                "enabled": false,
                "query": "AzureActivity\n  | where OperationNameValue == 'MICROSOFT.INSIGHTS/DIAGNOSTICSETTINGS/DELETE' and ActivityStatusValue == \"Start\"\n  | extend ParentResource_a = split(_ResourceId,\"/\")\n  | extend ParentResourceLength = array_length(ParentResource_a)-4\n  | extend ParentResourceSplit = array_split(ParentResource_a,ParentResourceLength)\n  | extend resource = strcat_array(ParentResourceSplit[0],\"/\")\n  | project Diagdelete = TimeGenerated, Caller, ResourceProviderValue, _ResourceId, SubscriptionId, ResourceGroup, OperationNameValue, ActivityStatusValue, ActivitySubstatusValue, Start=TimeGenerated, resource, CallerIpAddress\n  | join kind=leftanti  ( AzureActivity\n  | where OperationNameValue != 'MICROSOFT.INSIGHTS/DIAGNOSTICSETTINGS/DELETE' and OperationNameValue endswith \"/DELETE\"\n  | where ActivityStatusValue == 'Start'\n  | project Caller, ResourceProviderValue, resource = tostring(parse_json(Properties).resource), SubscriptionId, ResourceGroup, OperationNameValue, ActivityStatusValue, ActivitySubstatusValue, Start=TimeGenerated) on $left.resource == $right.resource\n  | project Caller, ResourceProviderValue, resource, SubscriptionId, ResourceGroup, OperationNameValue, ActivityStatusValue, ActivitySubstatusValue, Start, CallerIpAddress\n",
                "queryFrequency": "PT1H",
                "queryPeriod": "PT2H",
                "severity": "Medium",
                "status": "Available",
                "suppressionDuration": "PT1H",
                "suppressionEnabled": false,
                "triggerOperator": "GreaterThan",
                "triggerThreshold": 0,
                "tactics": [
                  "DefenseEvasion"
                ],
                "techniques": [
                  "T1562"
                ],
                "entityMappings": [
                  {
                    "entityType": "Account",
                    "fieldMappings": [
                      {
                        "columnName": "Caller",
                        "identifier": "Name"
                      }
                    ]
                  },
                  {
                    "entityType": "IP",
                    "fieldMappings": [
                      {
                        "columnName": "CallerIpAddress",
                        "identifier": "Address"
                      }
                    ]
                  }
                ],
                "requiredDataConnectors": [
                  {
                    "connectorId": "AzureActivity",
                    "dataTypes": [
                      "AzureActivity"
                    ]
                  }
                ]
              }
            },
            {
              "type": "Microsoft.OperationalInsights/workspaces/providers/metadata",
              "apiVersion": "2021-03-01-preview",
              "properties": {
                "description": "This query looks for diagnostic settings that are removed from a resource.\nThis could indicate an attacker or malicious internal trying to evade detection before malicious act is performed.\nIf the diagnostic settings are being deleted as part of a parent resource deletion, the event is ignores.",
                "version": "1.0.1",
                "author": {
                  "name": "KennethMLdk"
                },
                "support": {
                  "tier": "Community",
                  "name": "Community",
                  "link": "https://github.com/Azure/Azure-Sentinel/issues"
                },
                "source": {
                  "kind": "Community",
                  "name": "Standalone"
                },
                "threatAnalysisTactics": [
                  "DefenseEvasion"
                ],
                "threatAnalyticsTechniques": [
                  "T1562.008"
                ],
                "contentId": "6e95aef3-a1e0-4063-8e74-cd59aa59f245",
                "parentId": "6e95aef3-a1e0-4063-8e74-cd59aa59f245",
                "kind": "AnalyticsRule",
                "dependencies": {
                  "operator": "AND",
                  "criteria": [
                    {
                      "contentId": "AzureActivity",
                      "kind": "DataType"
                    }
                  ]
                }
              }
            }
          ]
        },
        "packageId": "6e95aef3-a1e0-4063-8e74-cd59aa59f245",
        "packageKind": "Standalone",
        "packageName": "Azure Diagnostic settings removed from a resource",
        "contentProductId": "6e95aef3-a1e0-4063-8e74-cd59aa59f245-ar-vvxeicbzzgang",
        "id": "6e95aef3-a1e0-4063-8e74-cd59aa59f245-ar-vvxeicbzzgang",
        "packageVersion": "1.0.1",
        "version": "1.0.1"
      }
    },
    {
      "type": "Microsoft.OperationalInsights/workspaces/providers/contentPackages",
      "name": "[concat(parameters('workspace'),'/Microsoft.SecurityInsights/', '6e95aef3-a1e0-4063-8e74-cd59aa59f245')]",
      "location": "[parameters('workspace-location')]",
      "apiVersion": "2023-04-01-preview",
      "properties": {
        "author": {
          "name": "KennethMLdk"
        },
        "categories": {
          "domains": [
            "Security - Others",
            "Platform"
          ]
        },
        "dependencies": {
          "operator": "AND",
          "criteria": [
            {
              "contentId": "6e95aef3-a1e0-4063-8e74-cd59aa59f245",
              "kind": "AnalyticsRule"
            }
          ]
        },
        "description": "This query looks for diagnostic settings that are removed from a resource.\nThis could indicate an attacker or malicious internal trying to evade detection before malicious act is performed.\nIf the diagnostic settings are being deleted as part of a parent resource deletion, the event is ignores.",
        "displayName": "Azure Diagnostic settings removed from a resource",
        "source": {
          "kind": "Community",
          "name": "Standalone"
        },
        "support": {
          "tier": "Community",
          "name": "Community",
          "link": "https://github.com/Azure/Azure-Sentinel/issues"
        },
        "threatAnalysisTactics": [
          "DefenseEvasion"
        ],
        "threatAnalyticsTechniques": [
          "T1562.008"
        ],
        "version": "1.0.1",
        "contentSchemaVersion": "3.0.0",
        "contentId": "6e95aef3-a1e0-4063-8e74-cd59aa59f245",
        "contentKind": "Standalone",
        "contentProductId": "6e95aef3-a1e0-4063-8e74-cd59aa59f245-sa-c7psjeu76xoa2",
        "id": "6e95aef3-a1e0-4063-8e74-cd59aa59f245-sa-c7psjeu76xoa2"
      }
    }
  ],
  "variables": {}
}