{
  "$schema": "https://schema.management.azure.com/schemas/2019-04-01/deploymentTemplate.json#",
  "contentVersion": "1.0.0.0",
  "metadata": {},
  "parameters": {
    "location": {
      "type": "string",
      "minLength": 1,
      "defaultValue": "[resourceGroup().location]",
      "metadata": {
        "description": "Not used, but needed to pass arm-ttk test `Location-Should-Not-Be-Hardcoded`.  We instead use the `workspace-location` which is derived from the LA workspace"
      }
    },
    "workspace-location": {
      "type": "string",
      "defaultValue": "",
      "metadata": {
        "description": "[concat('Region to deploy solution resources -- separate from location selection',parameters('location'))]"
      }
    },
    "workspace": {
      "defaultValue": "",
      "type": "string",
      "metadata": {
        "description": "Workspace name for Log Analytics where Microsoft Sentinel is setup"
      }
    }
  },
  "resources": [
    {
      "type": "Microsoft.OperationalInsights/workspaces/providers/contentTemplates",
      "name": "[concat(parameters('workspace'),'/Microsoft.SecurityInsights/', '9d0295ee-cb75-4f2c-9952-e5acfbb67036')]",
      "location": "[parameters('workspace-location')]",
      "apiVersion": "2023-04-01-preview",
      "dependsOn": [
        "[extensionResourceId(resourceId('Microsoft.OperationalInsights/workspaces', parameters('workspace')), 'Microsoft.SecurityInsights/contentPackages', '9d0295ee-cb75-4f2c-9952-e5acfbb67036')]"
      ],
      "properties": {
        "contentId": "9d0295ee-cb75-4f2c-9952-e5acfbb67036",
        "displayName": "AppServices AV Scan with Infected Files",
        "contentKind": "AnalyticsRule",
        "mainTemplate": {
          "$schema": "https://schema.management.azure.com/schemas/2019-04-01/deploymentTemplate.json#",
          "contentVersion": "1.0.2",
          "resources": [
            {
              "type": "Microsoft.OperationalInsights/workspaces/providers/alertRules",
              "apiVersion": "2022-04-01-preview",
              "name": "9d0295ee-cb75-4f2c-9952-e5acfbb67036",
              "kind": "Scheduled",
              "location": "[parameters('workspace-location')]",
              "properties": {
                "description": "Identifies if an AV scan finds infected files in Azure App Services.",
                "displayName": "AppServices AV Scan with Infected Files",
                "enabled": false,
                "query": "let timeframe = ago(1d);\nAppServiceAntivirusScanAuditLogs\n| where NumberOfInfectedFiles > 0\n| extend HostCustomEntity = _ResourceId, timestamp = TimeGenerated\n",
                "queryFrequency": "P1D",
                "queryPeriod": "P1D",
                "severity": "Informational",
                "status": "Available",
                "suppressionDuration": "PT1H",
                "suppressionEnabled": false,
                "triggerOperator": "GreaterThan",
                "triggerThreshold": 1,
                "entityMappings": [
                  {
                    "entityType": "Host",
                    "fieldMappings": [
                      {
                        "columnName": "HostCustomEntity",
                        "identifier": "FullName"
                      }
                    ]
                  }
                ]
              }
            },
            {
              "type": "Microsoft.OperationalInsights/workspaces/providers/metadata",
              "apiVersion": "2021-03-01-preview",
              "properties": {
                "description": "Identifies if an AV scan finds infected files in Azure App Services.",
                "version": "1.0.2",
                "author": {
                  "name": "SecurityJedi"
                },
                "support": {
                  "tier": "Community",
                  "name": "Community",
                  "link": "https://github.com/Azure/Azure-Sentinel/issues"
                },
                "source": {
                  "kind": "Community",
                  "name": "Standalone"
                },
                "contentId": "9d0295ee-cb75-4f2c-9952-e5acfbb67036",
                "parentId": "9d0295ee-cb75-4f2c-9952-e5acfbb67036",
                "kind": "AnalyticsRule"
              }
            }
          ]
        },
        "packageId": "9d0295ee-cb75-4f2c-9952-e5acfbb67036",
        "packageKind": "Standalone",
        "packageName": "AppServices AV Scan with Infected Files",
        "contentProductId": "9d0295ee-cb75-4f2c-9952-e5acfbb67036-ar-dch37ktrleem2",
        "id": "9d0295ee-cb75-4f2c-9952-e5acfbb67036-ar-dch37ktrleem2",
        "packageVersion": "1.0.2",
        "version": "1.0.2"
      }
    },
    {
      "type": "Microsoft.OperationalInsights/workspaces/providers/contentPackages",
      "name": "[concat(parameters('workspace'),'/Microsoft.SecurityInsights/', '9d0295ee-cb75-4f2c-9952-e5acfbb67036')]",
      "location": "[parameters('workspace-location')]",
      "apiVersion": "2023-04-01-preview",
      "properties": {
        "author": {
          "name": "SecurityJedi"
        },
        "categories": {
          "domains": [
            "Security - Others",
            "Platform"
          ]
        },
        "dependencies": {
          "operator": "AND",
          "criteria": [
            {
              "contentId": "9d0295ee-cb75-4f2c-9952-e5acfbb67036",
              "kind": "AnalyticsRule"
            }
          ]
        },
        "description": "Identifies if an AV scan finds infected files in Azure App Services.",
        "displayName": "AppServices AV Scan with Infected Files",
        "source": {
          "kind": "Community",
          "name": "Standalone"
        },
        "support": {
          "tier": "Community",
          "name": "Community",
          "link": "https://github.com/Azure/Azure-Sentinel/issues"
        },
        "version": "1.0.2",
        "contentSchemaVersion": "3.0.0",
        "contentId": "9d0295ee-cb75-4f2c-9952-e5acfbb67036",
        "contentKind": "Standalone",
        "contentProductId": "9d0295ee-cb75-4f2c-9952-e5acfbb67036-sa-cr2gosywcvimy",
        "id": "9d0295ee-cb75-4f2c-9952-e5acfbb67036-sa-cr2gosywcvimy"
      }
    }
  ],
  "variables": {}
}