{
  "$schema": "https://schema.management.azure.com/schemas/2019-04-01/deploymentTemplate.json#",
  "contentVersion": "1.0.0.0",
  "metadata": {},
  "parameters": {
    "location": {
      "type": "string",
      "minLength": 1,
      "defaultValue": "[resourceGroup().location]",
      "metadata": {
        "description": "Not used, but needed to pass arm-ttk test `Location-Should-Not-Be-Hardcoded`.  We instead use the `workspace-location` which is derived from the LA workspace"
      }
    },
    "workspace-location": {
      "type": "string",
      "defaultValue": "",
      "metadata": {
        "description": "[concat('Region to deploy solution resources -- separate from location selection',parameters('location'))]"
      }
    },
    "workspace": {
      "defaultValue": "",
      "type": "string",
      "metadata": {
        "description": "Workspace name for Log Analytics where Microsoft Sentinel is setup"
      }
    }
  },
  "resources": [
    {
      "type": "Microsoft.OperationalInsights/workspaces/providers/contentTemplates",
      "name": "[concat(parameters('workspace'),'/Microsoft.SecurityInsights/', '3255ec41-6bd6-4f35-84b1-c032b18bbfcb')]",
      "location": "[parameters('workspace-location')]",
      "apiVersion": "2023-04-01-preview",
      "dependsOn": [
        "[extensionResourceId(resourceId('Microsoft.OperationalInsights/workspaces', parameters('workspace')), 'Microsoft.SecurityInsights/contentPackages', '3255ec41-6bd6-4f35-84b1-c032b18bbfcb')]"
      ],
      "properties": {
        "contentId": "3255ec41-6bd6-4f35-84b1-c032b18bbfcb",
        "displayName": "Fortinet - Beacon pattern detected",
        "contentKind": "AnalyticsRule",
        "mainTemplate": {
          "$schema": "https://schema.management.azure.com/schemas/2019-04-01/deploymentTemplate.json#",
          "contentVersion": "1.0.3",
          "resources": [
            {
              "type": "Microsoft.OperationalInsights/workspaces/providers/alertRules",
              "apiVersion": "2022-04-01-preview",
              "name": "3255ec41-6bd6-4f35-84b1-c032b18bbfcb",
              "kind": "Scheduled",
              "location": "[parameters('workspace-location')]",
              "properties": {
                "description": "Identifies patterns in the time deltas of contacts between internal and external IPs in Fortinet network data that are consistent with beaconing.\n Accounts for randomness (jitter) and seasonality such as working hours that may have been introduced into the beacon pattern.\n The lookback is set to 1d, the minimum granularity in time deltas is set to 60 seconds and the minimum number of beacons required to emit a\n detection is set to 4.\n Increase the lookback period to capture beacons with larger periodicities.\n The jitter tolerance is set to 0.2 - This means we account for an overall 20% deviation from the infered beacon periodicity. Seasonality is dealt with\n automatically using series_outliers.\n Note: In large environments it may be necessary to reduce the lookback period to get fast query times.",
                "displayName": "Fortinet - Beacon pattern detected",
                "enabled": false,
                "query": "let starttime = 1d;\nlet TimeDeltaThresholdInSeconds = 60; // we ignore beacons diffs that fall below this threshold\nlet TotalBeaconsThreshold = 4; // minimum number of beacons required in a session to surface a row\nlet JitterTolerance = 0.2; // tolerance to jitter, e.g. - 0.2 = 20% jitter is tolerated either side of the periodicity\nCommonSecurityLog\n| where DeviceVendor == \"Fortinet\"\n| where TimeGenerated > ago(starttime)\n// eliminate bad data\n| where isnotempty(SourceIP) and isnotempty(DestinationIP) and SourceIP != \"0.0.0.0\"\n// filter out deny, close, rst and SNMP to reduce data volume\n| where DeviceAction !in (\"close\", \"client-rst\", \"server-rst\", \"deny\") and DestinationPort != 161\n// map input fields\n| project TimeGenerated , SourceIP, DestinationIP, DestinationPort, ReceivedBytes, SentBytes, DeviceAction\n// where destination IPs are public\n| where ipv4_is_private(DestinationIP) == false\n// sort into source->destination 'sessions'\n| sort by SourceIP asc, DestinationIP asc, DestinationPort asc, TimeGenerated asc\n| serialize\n// time diff the contact times between source and destination to get a list of deltas\n| extend nextTimeGenerated = next(TimeGenerated, 1), nextSourceIP = next(SourceIP, 1), nextDestIP = next(DestinationIP, 1), nextDestPort = next(DestinationPort, 1)\n| extend TimeDeltainSeconds = datetime_diff(\"second\",nextTimeGenerated,TimeGenerated)\n| where SourceIP == nextSourceIP and DestinationIP == nextDestIP and DestinationPort == nextDestPort\n// remove small time deltas below the set threshold\n| where TimeDeltainSeconds > TimeDeltaThresholdInSeconds\n// summarize the deltas by source->destination\n| summarize count(), StartTime=min(TimeGenerated), EndTime=max(TimeGenerated), sum(ReceivedBytes), sum(SentBytes), makelist(TimeDeltainSeconds), makeset(DeviceAction) by SourceIP, DestinationIP, DestinationPort\n// get some statistical properties of the delta distribution and smooth any outliers (e.g. laptop shut overnight, working hours)\n| extend series_stats(list_TimeDeltainSeconds), outliers=series_outliers(list_TimeDeltainSeconds)\n// expand the deltas and the outliers\n| mvexpand list_TimeDeltainSeconds to typeof(double), outliers to typeof(double)\n// replace outliers with the average of the distribution\n| extend list_TimeDeltainSeconds_normalized=iff(outliers > 1.5 or outliers < -1.5, series_stats_list_TimeDeltainSeconds_avg , list_TimeDeltainSeconds)\n// summarize with the smoothed distribution\n| summarize BeaconCount=count(), makelist(list_TimeDeltainSeconds), list_TimeDeltainSeconds_normalized=makelist(list_TimeDeltainSeconds_normalized), makeset(set_DeviceAction) by StartTime, EndTime, SourceIP, DestinationIP, DestinationPort, sum_ReceivedBytes, sum_SentBytes\n// get stats on the smoothed distribution\n| extend series_stats(list_TimeDeltainSeconds_normalized)\n// match jitter tolerance on smoothed distrib\n| extend MaxJitter = (series_stats_list_TimeDeltainSeconds_normalized_avg*JitterTolerance)\n| where series_stats_list_TimeDeltainSeconds_normalized_stdev < MaxJitter\n// where the minimum beacon threshold is satisfied and there was some data transfer\n| where BeaconCount > TotalBeaconsThreshold and (sum_SentBytes > 0 or sum_ReceivedBytes > 0)\n// final projection\n| project StartTime, EndTime, SourceIP, DestinationIP, DestinationPort, BeaconCount, TimeDeltasInSeconds=list_list_TimeDeltainSeconds, Periodicity=series_stats_list_TimeDeltainSeconds_normalized_avg, ReceivedBytes=sum_ReceivedBytes, SentBytes=sum_SentBytes, Actions=set_set_DeviceAction\n// where periodicity is order of magnitude larger than time delta threshold (eliminates FPs whose periodicity is close to the values we ignored)\n| where Periodicity >= (10*TimeDeltaThresholdInSeconds)\n| extend timestamp = StartTime, IPCustomEntity = DestinationIP\n",
                "queryFrequency": "P1D",
                "queryPeriod": "P1D",
                "severity": "Low",
                "status": "Available",
                "suppressionDuration": "PT1H",
                "suppressionEnabled": false,
                "triggerOperator": "GreaterThan",
                "triggerThreshold": 0,
                "tactics": [
                  "CommandAndControl"
                ],
                "techniques": [
                  "T1071",
                  "T1571"
                ],
                "entityMappings": [
                  {
                    "entityType": "IP",
                    "fieldMappings": [
                      {
                        "columnName": "IPCustomEntity",
                        "identifier": "Address"
                      }
                    ]
                  }
                ],
                "requiredDataConnectors": [
                  {
                    "connectorId": "Fortinet",
                    "dataTypes": [
                      "CommonSecurityLog"
                    ]
                  }
                ]
              }
            },
            {
              "type": "Microsoft.OperationalInsights/workspaces/providers/metadata",
              "apiVersion": "2021-03-01-preview",
              "properties": {
                "description": "Identifies patterns in the time deltas of contacts between internal and external IPs in Fortinet network data that are consistent with beaconing.\n Accounts for randomness (jitter) and seasonality such as working hours that may have been introduced into the beacon pattern.\n The lookback is set to 1d, the minimum granularity in time deltas is set to 60 seconds and the minimum number of beacons required to emit a\n detection is set to 4.\n Increase the lookback period to capture beacons with larger periodicities.\n The jitter tolerance is set to 0.2 - This means we account for an overall 20% deviation from the infered beacon periodicity. Seasonality is dealt with\n automatically using series_outliers.\n Note: In large environments it may be necessary to reduce the lookback period to get fast query times.",
                "version": "1.0.3",
                "author": {
                  "name": "robMSFT"
                },
                "support": {
                  "tier": "Community",
                  "name": "Community",
                  "link": "https://github.com/Azure/Azure-Sentinel/issues"
                },
                "source": {
                  "kind": "Community",
                  "name": "Standalone"
                },
                "threatAnalysisTactics": [
                  "CommandAndControl"
                ],
                "threatAnalyticsTechniques": [
                  "T1071",
                  "T1571"
                ],
                "contentId": "3255ec41-6bd6-4f35-84b1-c032b18bbfcb",
                "parentId": "3255ec41-6bd6-4f35-84b1-c032b18bbfcb",
                "kind": "AnalyticsRule",
                "dependencies": {
                  "operator": "AND",
                  "criteria": [
                    {
                      "contentId": "CommonSecurityLog",
                      "kind": "DataType"
                    }
                  ]
                }
              }
            }
          ]
        },
        "packageId": "3255ec41-6bd6-4f35-84b1-c032b18bbfcb",
        "packageKind": "Standalone",
        "packageName": "Fortinet - Beacon pattern detected",
        "contentProductId": "3255ec41-6bd6-4f35-84b1-c032b18bbfcb-ar-esuo6bljscz5w",
        "id": "3255ec41-6bd6-4f35-84b1-c032b18bbfcb-ar-esuo6bljscz5w",
        "packageVersion": "1.0.3",
        "version": "1.0.3"
      }
    },
    {
      "type": "Microsoft.OperationalInsights/workspaces/providers/contentPackages",
      "name": "[concat(parameters('workspace'),'/Microsoft.SecurityInsights/', '3255ec41-6bd6-4f35-84b1-c032b18bbfcb')]",
      "location": "[parameters('workspace-location')]",
      "apiVersion": "2023-04-01-preview",
      "properties": {
        "author": {
          "name": "robMSFT"
        },
        "categories": {
          "domains": [
            "Security - Network"
          ]
        },
        "dependencies": {
          "operator": "AND",
          "criteria": [
            {
              "contentId": "3255ec41-6bd6-4f35-84b1-c032b18bbfcb",
              "kind": "AnalyticsRule"
            }
          ]
        },
        "description": "Identifies patterns in the time deltas of contacts between internal and external IPs in Fortinet network data that are consistent with beaconing.\n Accounts for randomness (jitter) and seasonality such as working hours that may have been introduced into the beacon pattern.\n The lookback is set to 1d, the minimum granularity in time deltas is set to 60 seconds and the minimum number of beacons required to emit a\n detection is set to 4.\n Increase the lookback period to capture beacons with larger periodicities.\n The jitter tolerance is set to 0.2 - This means we account for an overall 20% deviation from the infered beacon periodicity. Seasonality is dealt with\n automatically using series_outliers.\n Note: In large environments it may be necessary to reduce the lookback period to get fast query times.",
        "displayName": "Fortinet - Beacon pattern detected",
        "source": {
          "kind": "Community",
          "name": "Standalone"
        },
        "support": {
          "tier": "Community",
          "name": "Community",
          "link": "https://github.com/Azure/Azure-Sentinel/issues"
        },
        "threatAnalysisTactics": [
          "CommandAndControl"
        ],
        "threatAnalyticsTechniques": [
          "T1071",
          "T1571"
        ],
        "version": "1.0.3",
        "contentSchemaVersion": "3.0.0",
        "contentId": "3255ec41-6bd6-4f35-84b1-c032b18bbfcb",
        "contentKind": "Standalone",
        "contentProductId": "3255ec41-6bd6-4f35-84b1-c032b18bbfcb-sa-jtmbtja7vzgdk",
        "id": "3255ec41-6bd6-4f35-84b1-c032b18bbfcb-sa-jtmbtja7vzgdk"
      }
    }
  ],
  "variables": {}
}