{
  "$schema": "https://schema.management.azure.com/schemas/2019-04-01/deploymentTemplate.json#",
  "contentVersion": "1.0.0.0",
  "metadata": {},
  "parameters": {
    "location": {
      "type": "string",
      "minLength": 1,
      "defaultValue": "[resourceGroup().location]",
      "metadata": {
        "description": "Not used, but needed to pass arm-ttk test `Location-Should-Not-Be-Hardcoded`.  We instead use the `workspace-location` which is derived from the LA workspace"
      }
    },
    "workspace-location": {
      "type": "string",
      "defaultValue": "",
      "metadata": {
        "description": "[concat('Region to deploy solution resources -- separate from location selection',parameters('location'))]"
      }
    },
    "workspace": {
      "defaultValue": "",
      "type": "string",
      "metadata": {
        "description": "Workspace name for Log Analytics where Microsoft Sentinel is setup"
      }
    }
  },
  "resources": [
    {
      "type": "Microsoft.OperationalInsights/workspaces/providers/contentTemplates",
      "name": "[concat(parameters('workspace'),'/Microsoft.SecurityInsights/', 'c3b11fb2-9201-4844-b7b9-6b7bf6d9b851')]",
      "location": "[parameters('workspace-location')]",
      "apiVersion": "2023-04-01-preview",
      "dependsOn": [
        "[extensionResourceId(resourceId('Microsoft.OperationalInsights/workspaces', parameters('workspace')), 'Microsoft.SecurityInsights/contentPackages', 'c3b11fb2-9201-4844-b7b9-6b7bf6d9b851')]"
      ],
      "properties": {
        "contentId": "c3b11fb2-9201-4844-b7b9-6b7bf6d9b851",
        "displayName": "Excessive NXDOMAIN DNS Queries (ASIM DNS Schema)",
        "contentKind": "AnalyticsRule",
        "mainTemplate": {
          "$schema": "https://schema.management.azure.com/schemas/2019-04-01/deploymentTemplate.json#",
          "contentVersion": "1.3.2",
          "resources": [
            {
              "type": "Microsoft.OperationalInsights/workspaces/providers/alertRules",
              "apiVersion": "2022-04-01-preview",
              "name": "c3b11fb2-9201-4844-b7b9-6b7bf6d9b851",
              "kind": "Scheduled",
              "location": "[parameters('workspace-location')]",
              "properties": {
                "description": "This creates an incident in the event a client generates excessive amounts of DNS queries for non-existent domains. \nThis analytic rule uses [ASIM](https://aka.ms/AboutASIM) and supports any built-in or custom source that supports the ASIM DNS schema",
                "displayName": "Excessive NXDOMAIN DNS Queries (ASIM DNS Schema)",
                "enabled": false,
                "query": "let threshold = 200;\n_Im_Dns(responsecodename='NXDOMAIN')\n| where isnotempty(DnsResponseCodeName)\n//| where DnsResponseCodeName =~ \"NXDOMAIN\"\n| summarize count() by SrcIpAddr, bin(TimeGenerated,15m)\n| where count_ > threshold\n| join kind=inner (_Im_Dns(responsecodename='NXDOMAIN')\n    ) on SrcIpAddr\n| extend timestamp = TimeGenerated, IPCustomEntity = SrcIpAddr\n",
                "queryFrequency": "PT1H",
                "queryPeriod": "PT1H",
                "severity": "Medium",
                "status": "Available",
                "suppressionDuration": "PT1H",
                "suppressionEnabled": false,
                "triggerOperator": "GreaterThan",
                "triggerThreshold": 0,
                "tactics": [
                  "CommandAndControl"
                ],
                "techniques": [
                  "T1568",
                  "T1008"
                ],
                "entityMappings": [
                  {
                    "entityType": "IP",
                    "fieldMappings": [
                      {
                        "identifier": "Address",
                        "columnName": "IPCustomEntity"
                      }
                    ]
                  }
                ],
                "requiredDataConnectors": [
                  {
                    "connectorId": "DNS",
                    "dataTypes": [
                      "DnsEvents"
                    ]
                  },
                  {
                    "connectorId": "AzureFirewall",
                    "dataTypes": [
                      "AzureDiagnostics"
                    ]
                  },
                  {
                    "connectorId": "Zscaler",
                    "dataTypes": [
                      "CommonSecurityLog"
                    ]
                  },
                  {
                    "connectorId": "InfobloxNIOS",
                    "dataTypes": [
                      "Syslog"
                    ]
                  },
                  {
                    "connectorId": "GCPDNSDataConnector",
                    "dataTypes": [
                      "GCP_DNS_CL"
                    ]
                  },
                  {
                    "connectorId": "NXLogDnsLogs",
                    "dataTypes": [
                      "NXLog_DNS_Server_CL"
                    ]
                  },
                  {
                    "connectorId": "CiscoUmbrellaDataConnector",
                    "dataTypes": [
                      "Cisco_Umbrella_dns_CL"
                    ]
                  },
                  {
                    "connectorId": "Corelight",
                    "dataTypes": [
                      "Corelight_CL"
                    ]
                  }
                ]
              }
            },
            {
              "type": "Microsoft.OperationalInsights/workspaces/providers/metadata",
              "apiVersion": "2021-03-01-preview",
              "properties": {
                "description": "This creates an incident in the event a client generates excessive amounts of DNS queries for non-existent domains. \nThis analytic rule uses [ASIM](https://aka.ms/AboutASIM) and supports any built-in or custom source that supports the ASIM DNS schema",
                "version": "1.3.2",
                "author": {
                  "name": "Community"
                },
                "support": {
                  "name": "Community",
                  "link": "https://github.com/Azure/Azure-Sentinel/issues",
                  "tier": "Community"
                },
                "source": {
                  "kind": "Community",
                  "name": "Standalone"
                },
                "threatAnalysisTactics": [
                  "CommandAndControl"
                ],
                "threatAnalyticsTechniques": [
                  "T1568",
                  "T1008"
                ],
                "contentId": "c3b11fb2-9201-4844-b7b9-6b7bf6d9b851",
                "parentId": "c3b11fb2-9201-4844-b7b9-6b7bf6d9b851",
                "kind": "AnalyticsRule",
                "dependencies": {
                  "operator": "AND",
                  "criteria": [
                    {
                      "contentId": "DnsEvents",
                      "kind": "DataType"
                    },
                    {
                      "contentId": "AzureDiagnostics",
                      "kind": "DataType"
                    },
                    {
                      "contentId": "CommonSecurityLog",
                      "kind": "DataType"
                    },
                    {
                      "contentId": "Syslog",
                      "kind": "DataType"
                    },
                    {
                      "contentId": "GCP_DNS_CL",
                      "kind": "DataType"
                    },
                    {
                      "contentId": "NXLog_DNS_Server_CL",
                      "kind": "DataType"
                    },
                    {
                      "contentId": "Cisco_Umbrella_dns_CL",
                      "kind": "DataType"
                    },
                    {
                      "contentId": "Corelight_CL",
                      "kind": "DataType"
                    }
                  ]
                }
              }
            }
          ]
        },
        "packageId": "c3b11fb2-9201-4844-b7b9-6b7bf6d9b851",
        "packageKind": "Standalone",
        "packageName": "Excessive NXDOMAIN DNS Queries (ASIM DNS Schema)",
        "contentProductId": "c3b11fb2-9201-4844-b7b9-6b7bf6d9b851-ar-znqtghxu6ck2y",
        "id": "c3b11fb2-9201-4844-b7b9-6b7bf6d9b851-ar-znqtghxu6ck2y",
        "packageVersion": "1.3.2",
        "version": "1.3.2"
      }
    },
    {
      "type": "Microsoft.OperationalInsights/workspaces/providers/contentPackages",
      "name": "[concat(parameters('workspace'),'/Microsoft.SecurityInsights/', 'c3b11fb2-9201-4844-b7b9-6b7bf6d9b851')]",
      "location": "[parameters('workspace-location')]",
      "apiVersion": "2023-04-01-preview",
      "properties": {
        "author": {
          "name": "Community"
        },
        "dependencies": {
          "operator": "AND",
          "criteria": [
            {
              "contentId": "c3b11fb2-9201-4844-b7b9-6b7bf6d9b851",
              "kind": "AnalyticsRule"
            }
          ]
        },
        "description": "This creates an incident in the event a client generates excessive amounts of DNS queries for non-existent domains. \nThis analytic rule uses [ASIM](https://aka.ms/AboutASIM) and supports any built-in or custom source that supports the ASIM DNS schema",
        "displayName": "Excessive NXDOMAIN DNS Queries (ASIM DNS Schema)",
        "source": {
          "kind": "Community",
          "name": "Standalone"
        },
        "support": {
          "name": "Community",
          "link": "https://github.com/Azure/Azure-Sentinel/issues",
          "tier": "Community"
        },
        "threatAnalysisTactics": [
          "CommandAndControl"
        ],
        "threatAnalyticsTechniques": [
          "T1568",
          "T1008"
        ],
        "version": "1.3.2",
        "contentSchemaVersion": "3.0.0",
        "contentId": "c3b11fb2-9201-4844-b7b9-6b7bf6d9b851",
        "contentKind": "Standalone",
        "contentProductId": "c3b11fb2-9201-4844-b7b9-6b7bf6d9b851-sa-hhgpkouzwr73y",
        "id": "c3b11fb2-9201-4844-b7b9-6b7bf6d9b851-sa-hhgpkouzwr73y"
      }
    }
  ],
  "variables": {}
}