{
  "$schema": "https://schema.management.azure.com/schemas/2019-04-01/deploymentTemplate.json#",
  "contentVersion": "1.0.0.0",
  "metadata": {},
  "parameters": {
    "location": {
      "type": "string",
      "minLength": 1,
      "defaultValue": "[resourceGroup().location]",
      "metadata": {
        "description": "Not used, but needed to pass arm-ttk test `Location-Should-Not-Be-Hardcoded`.  We instead use the `workspace-location` which is derived from the LA workspace"
      }
    },
    "workspace-location": {
      "type": "string",
      "defaultValue": "",
      "metadata": {
        "description": "[concat('Region to deploy solution resources -- separate from location selection',parameters('location'))]"
      }
    },
    "workspace": {
      "defaultValue": "",
      "type": "string",
      "metadata": {
        "description": "Workspace name for Log Analytics where Microsoft Sentinel is setup"
      }
    }
  },
  "resources": [
    {
      "type": "Microsoft.OperationalInsights/workspaces/providers/contentTemplates",
      "name": "[concat(parameters('workspace'),'/Microsoft.SecurityInsights/', '09c49590-4e9d-4da9-a34d-17222d0c9e7e')]",
      "location": "[parameters('workspace-location')]",
      "apiVersion": "2023-04-01-preview",
      "dependsOn": [
        "[extensionResourceId(resourceId('Microsoft.OperationalInsights/workspaces', parameters('workspace')), 'Microsoft.SecurityInsights/contentPackages', '09c49590-4e9d-4da9-a34d-17222d0c9e7e')]"
      ],
      "properties": {
        "contentId": "09c49590-4e9d-4da9-a34d-17222d0c9e7e",
        "displayName": "A client made a web request to a potentially harmful file (ASIM Web Session schema)",
        "contentKind": "AnalyticsRule",
        "mainTemplate": {
          "$schema": "https://schema.management.azure.com/schemas/2019-04-01/deploymentTemplate.json#",
          "contentVersion": "1.1.1",
          "resources": [
            {
              "type": "Microsoft.OperationalInsights/workspaces/providers/alertRules",
              "apiVersion": "2022-04-01-preview",
              "name": "09c49590-4e9d-4da9-a34d-17222d0c9e7e",
              "kind": "Scheduled",
              "location": "[parameters('workspace-location')]",
              "properties": {
                "description": "This rule identifies a web request to a URL that holds a file type, including .ps1, .bat, .vbs, and .scr that can be harmful if downloaded. This rule uses the [Advanced Security Information Model (ASIM)](https://aka.ms/AboutASIM) and supports any web session source that complies with ASIM. To use this Analytics Rule, deploy the Advanced Security Information Model (ASIM).\n This analytic rule uses [ASIM](https://aka.ms/AboutASIM) and supports any built-in or custom source that supports the ASIM WebSession schema (ASIM WebSession Schema)",
                "displayName": "A client made a web request to a potentially harmful file (ASIM Web Session schema)",
                "enabled": false,
                "query": "let default_file_ext_blocklist = dynamic(['.ps1', '.vbs', '.bat', '.scr']);\nlet custom_file_ext_blocklist=toscalar(_GetWatchlist('RiskyFileTypes') | extend Extension=column_ifexists(\"Extension\",\"\") | where isnotempty(Extension) | summarize make_set(Extension));\nlet file_ext_blocklist = array_concat(default_file_ext_blocklist, custom_file_ext_blocklist);\n_Im_WebSession(url_has_any=file_ext_blocklist, eventresult='Success')\n| extend requestedFileName=tostring(split(tostring(parse_url(Url)[\"Path\"]),'/')[-1])\n| extend requestedFileExt=extract(@(\\.\\w+)$,1,requestedFileName, typeof(string))\n| where requestedFileExtension in (file_ext_blocklist)\n| summarize LastAttemptTime=max(TimeGenerated), NumFailedAttempts=count() by SrcIpAddr, requestedFileName, Url\n| extend IPCustomEntity = SrcIpAddr, UrlCustomEntity=Url\n",
                "queryFrequency": "PT10M",
                "queryPeriod": "PT10M",
                "severity": "Medium",
                "status": "Available",
                "suppressionDuration": "PT1H",
                "suppressionEnabled": false,
                "triggerOperator": "GreaterThan",
                "triggerThreshold": 0,
                "tactics": [
                  "InitialAccess"
                ],
                "entityMappings": [
                  {
                    "entityType": "IP",
                    "fieldMappings": [
                      {
                        "columnName": "IPCustomEntity",
                        "identifier": "Address"
                      }
                    ]
                  },
                  {
                    "entityType": "URL",
                    "fieldMappings": [
                      {
                        "columnName": "UrlCustomEntity",
                        "identifier": "Url"
                      }
                    ]
                  }
                ],
                "eventGroupingSettings": {
                  "aggregationKind": "AlertPerResult"
                },
                "customDetails": {
                  "requestedFileExt": "requestedFileExt",
                  "requestedFileName": "requestedFileName",
                  "Username": "SrcUsername"
                },
                "alertDetailsOverride": {
                  "alertDescriptionFormat": "The client at address {{SrcIpAddr}} accessed the URL {{Url}} that has the extension {{requestedFileExt}}. Downloading a file with this extension may be harmful and may indicate malicious activity.",
                  "alertDisplayNameFormat": "Client {{SrcIpAddr}} accessed a URL with potentially harmful extension {{requestedFileExt}}"
                },
                "requiredDataConnectors": [
                  {
                    "connectorId": "SquidProxy",
                    "dataTypes": [
                      "SquidProxy_CL"
                    ]
                  },
                  {
                    "connectorId": "Zscaler",
                    "dataTypes": [
                      "CommonSecurityLog"
                    ]
                  }
                ]
              }
            },
            {
              "type": "Microsoft.OperationalInsights/workspaces/providers/metadata",
              "apiVersion": "2021-03-01-preview",
              "properties": {
                "description": "This rule identifies a web request to a URL that holds a file type, including .ps1, .bat, .vbs, and .scr that can be harmful if downloaded. This rule uses the [Advanced Security Information Model (ASIM)](https://aka.ms/AboutASIM) and supports any web session source that complies with ASIM. To use this Analytics Rule, deploy the Advanced Security Information Model (ASIM).\n This analytic rule uses [ASIM](https://aka.ms/AboutASIM) and supports any built-in or custom source that supports the ASIM WebSession schema (ASIM WebSession Schema)",
                "version": "1.1.1",
                "author": {
                  "name": "Yaron"
                },
                "support": {
                  "tier": "Community",
                  "name": "Community",
                  "link": "https://github.com/Azure/Azure-Sentinel/issues"
                },
                "source": {
                  "kind": "Community",
                  "name": "Standalone"
                },
                "threatAnalysisTactics": [
                  "InitialAccess"
                ],
                "contentId": "09c49590-4e9d-4da9-a34d-17222d0c9e7e",
                "parentId": "09c49590-4e9d-4da9-a34d-17222d0c9e7e",
                "kind": "AnalyticsRule",
                "dependencies": {
                  "operator": "AND",
                  "criteria": [
                    {
                      "contentId": "SquidProxy_CL",
                      "kind": "DataType"
                    },
                    {
                      "contentId": "CommonSecurityLog",
                      "kind": "DataType"
                    }
                  ]
                }
              }
            }
          ]
        },
        "packageId": "09c49590-4e9d-4da9-a34d-17222d0c9e7e",
        "packageKind": "Standalone",
        "packageName": "A client made a web request to a potentially harmful file (ASIM Web Session schema)",
        "contentProductId": "09c49590-4e9d-4da9-a34d-17222d0c9e7e-ar-qyqyj7idmlhla",
        "id": "09c49590-4e9d-4da9-a34d-17222d0c9e7e-ar-qyqyj7idmlhla",
        "packageVersion": "1.1.1",
        "version": "1.1.1"
      }
    },
    {
      "type": "Microsoft.OperationalInsights/workspaces/providers/contentPackages",
      "name": "[concat(parameters('workspace'),'/Microsoft.SecurityInsights/', '09c49590-4e9d-4da9-a34d-17222d0c9e7e')]",
      "location": "[parameters('workspace-location')]",
      "apiVersion": "2023-04-01-preview",
      "properties": {
        "author": {
          "name": "Yaron"
        },
        "categories": {
          "domains": [
            "Security - Others"
          ]
        },
        "dependencies": {
          "operator": "AND",
          "criteria": [
            {
              "contentId": "09c49590-4e9d-4da9-a34d-17222d0c9e7e",
              "kind": "AnalyticsRule"
            }
          ]
        },
        "description": "This rule identifies a web request to a URL that holds a file type, including .ps1, .bat, .vbs, and .scr that can be harmful if downloaded. This rule uses the [Advanced Security Information Model (ASIM)](https://aka.ms/AboutASIM) and supports any web session source that complies with ASIM. To use this Analytics Rule, deploy the Advanced Security Information Model (ASIM).\n This analytic rule uses [ASIM](https://aka.ms/AboutASIM) and supports any built-in or custom source that supports the ASIM WebSession schema (ASIM WebSession Schema)",
        "displayName": "A client made a web request to a potentially harmful file (ASIM Web Session schema)",
        "source": {
          "kind": "Community",
          "name": "Standalone"
        },
        "support": {
          "tier": "Community",
          "name": "Community",
          "link": "https://github.com/Azure/Azure-Sentinel/issues"
        },
        "threatAnalysisTactics": [
          "InitialAccess"
        ],
        "version": "1.1.1",
        "contentSchemaVersion": "3.0.0",
        "contentId": "09c49590-4e9d-4da9-a34d-17222d0c9e7e",
        "contentKind": "Standalone",
        "contentProductId": "09c49590-4e9d-4da9-a34d-17222d0c9e7e-sa-66pn73ecd54lg",
        "id": "09c49590-4e9d-4da9-a34d-17222d0c9e7e-sa-66pn73ecd54lg"
      }
    }
  ],
  "variables": {}
}