{
  "$schema": "https://schema.management.azure.com/schemas/2019-04-01/deploymentTemplate.json#",
  "contentVersion": "1.0.0.0",
  "metadata": {},
  "parameters": {
    "location": {
      "type": "string",
      "minLength": 1,
      "defaultValue": "[resourceGroup().location]",
      "metadata": {
        "description": "Not used, but needed to pass arm-ttk test `Location-Should-Not-Be-Hardcoded`.  We instead use the `workspace-location` which is derived from the LA workspace"
      }
    },
    "workspace-location": {
      "type": "string",
      "defaultValue": "",
      "metadata": {
        "description": "[concat('Region to deploy solution resources -- separate from location selection',parameters('location'))]"
      }
    },
    "workspace": {
      "defaultValue": "",
      "type": "string",
      "metadata": {
        "description": "Workspace name for Log Analytics where Microsoft Sentinel is setup"
      }
    }
  },
  "resources": [
    {
      "type": "Microsoft.OperationalInsights/workspaces/providers/contentTemplates",
      "name": "[concat(parameters('workspace'),'/Microsoft.SecurityInsights/', 'cc5780ce-3245-4bba-8bc1-e9048c2257ce')]",
      "location": "[parameters('workspace-location')]",
      "apiVersion": "2023-04-01-preview",
      "dependsOn": [
        "[extensionResourceId(resourceId('Microsoft.OperationalInsights/workspaces', parameters('workspace')), 'Microsoft.SecurityInsights/contentPackages', 'cc5780ce-3245-4bba-8bc1-e9048c2257ce')]"
      ],
      "properties": {
        "contentId": "cc5780ce-3245-4bba-8bc1-e9048c2257ce",
        "displayName": "Changes to Application Ownership",
        "contentKind": "AnalyticsRule",
        "mainTemplate": {
          "$schema": "https://schema.management.azure.com/schemas/2019-04-01/deploymentTemplate.json#",
          "contentVersion": "1.0.1",
          "resources": [
            {
              "type": "Microsoft.OperationalInsights/workspaces/providers/alertRules",
              "apiVersion": "2022-04-01-preview",
              "name": "cc5780ce-3245-4bba-8bc1-e9048c2257ce",
              "kind": "Scheduled",
              "location": "[parameters('workspace-location')]",
              "properties": {
                "description": "Detects changes to the ownership of an appplicaiton.\n  Monitor these changes to make sure that they were authorized.\n  Ref: https://docs.microsoft.com/azure/active-directory/fundamentals/security-operations-applications#new-owner",
                "displayName": "Changes to Application Ownership",
                "enabled": false,
                "query": "AuditLogs\n  | where Category =~ \"ApplicationManagement\"\n  | where OperationName =~ \"Add owner to application\"\n  | extend appName = tostring(parse_json(tostring(InitiatedBy.app)).displayName)\n  | extend UPN = tostring(parse_json(tostring(InitiatedBy.user)).userPrincipalName)\n  | extend UpdatedBy = iif(isnotempty(appName), appName, UPN)\n  | extend mod_props = TargetResources[0].modifiedProperties\n  | extend AddedUser = TargetResources[0].userPrincipalName\n  | mv-expand mod_props\n  | where mod_props.displayName =~ \"Application.DisplayName\"\n  | extend AppName = tostring(parse_json(tostring(mod_props.newValue)))\n  | project-reorder TimeGenerated, OperationName, AppName, AddedUser, UpdatedBy\n",
                "queryFrequency": "P1D",
                "queryPeriod": "P1D",
                "severity": "Medium",
                "status": "Available",
                "suppressionDuration": "PT1H",
                "suppressionEnabled": false,
                "triggerOperator": "GreaterThan",
                "triggerThreshold": 0,
                "tactics": [
                  "Persistence",
                  "PrivilegeEscalation"
                ],
                "techniques": [
                  "T1078"
                ],
                "entityMappings": [
                  {
                    "entityType": "Account",
                    "fieldMappings": [
                      {
                        "columnName": "UpdatedBy",
                        "identifier": "FullName"
                      }
                    ]
                  },
                  {
                    "entityType": "Account",
                    "fieldMappings": [
                      {
                        "columnName": "AddedUser",
                        "identifier": "FullName"
                      }
                    ]
                  }
                ],
                "requiredDataConnectors": [
                  {
                    "connectorId": "AzureActiveDirectory",
                    "dataTypes": [
                      "AuditLogs"
                    ]
                  }
                ]
              }
            },
            {
              "type": "Microsoft.OperationalInsights/workspaces/providers/metadata",
              "apiVersion": "2021-03-01-preview",
              "properties": {
                "description": "Detects changes to the ownership of an appplicaiton.\n  Monitor these changes to make sure that they were authorized.\n  Ref: https://docs.microsoft.com/azure/active-directory/fundamentals/security-operations-applications#new-owner",
                "version": "1.0.1",
                "author": {
                  "name": "Pete Bryan"
                },
                "support": {
                  "tier": "Community",
                  "name": "Community",
                  "link": "https://github.com/Azure/Azure-Sentinel/issues"
                },
                "source": {
                  "kind": "Community",
                  "name": "Standalone"
                },
                "threatAnalysisTactics": [
                  "Persistence",
                  "PrivilegeEscalation"
                ],
                "threatAnalyticsTechniques": [
                  "T1078.004"
                ],
                "contentId": "cc5780ce-3245-4bba-8bc1-e9048c2257ce",
                "parentId": "cc5780ce-3245-4bba-8bc1-e9048c2257ce",
                "kind": "AnalyticsRule",
                "dependencies": {
                  "operator": "AND",
                  "criteria": [
                    {
                      "contentId": "AuditLogs",
                      "kind": "DataType"
                    }
                  ]
                }
              }
            }
          ]
        },
        "packageId": "cc5780ce-3245-4bba-8bc1-e9048c2257ce",
        "packageKind": "Standalone",
        "packageName": "Changes to Application Ownership",
        "contentProductId": "cc5780ce-3245-4bba-8bc1-e9048c2257ce-ar-ztb5zhthd6kju",
        "id": "cc5780ce-3245-4bba-8bc1-e9048c2257ce-ar-ztb5zhthd6kju",
        "packageVersion": "1.0.1",
        "version": "1.0.1"
      }
    },
    {
      "type": "Microsoft.OperationalInsights/workspaces/providers/contentPackages",
      "name": "[concat(parameters('workspace'),'/Microsoft.SecurityInsights/', 'cc5780ce-3245-4bba-8bc1-e9048c2257ce')]",
      "location": "[parameters('workspace-location')]",
      "apiVersion": "2023-04-01-preview",
      "properties": {
        "author": {
          "name": "Pete Bryan"
        },
        "categories": {
          "domains": [
            "Security - Others"
          ]
        },
        "dependencies": {
          "operator": "AND",
          "criteria": [
            {
              "contentId": "cc5780ce-3245-4bba-8bc1-e9048c2257ce",
              "kind": "AnalyticsRule"
            }
          ]
        },
        "description": "Detects changes to the ownership of an appplicaiton.\n  Monitor these changes to make sure that they were authorized.\n  Ref: https://docs.microsoft.com/azure/active-directory/fundamentals/security-operations-applications#new-owner",
        "displayName": "Changes to Application Ownership",
        "source": {
          "kind": "Community",
          "name": "Standalone"
        },
        "support": {
          "tier": "Community",
          "name": "Community",
          "link": "https://github.com/Azure/Azure-Sentinel/issues"
        },
        "threatAnalysisTactics": [
          "Persistence",
          "PrivilegeEscalation"
        ],
        "threatAnalyticsTechniques": [
          "T1078.004"
        ],
        "version": "1.0.1",
        "contentSchemaVersion": "3.0.0",
        "contentId": "cc5780ce-3245-4bba-8bc1-e9048c2257ce",
        "contentKind": "Standalone",
        "contentProductId": "cc5780ce-3245-4bba-8bc1-e9048c2257ce-sa-aailjxvxndgnc",
        "id": "cc5780ce-3245-4bba-8bc1-e9048c2257ce-sa-aailjxvxndgnc"
      }
    }
  ],
  "variables": {}
}