{
  "$schema": "https://schema.management.azure.com/schemas/2019-04-01/deploymentTemplate.json#",
  "contentVersion": "1.0.0.0",
  "metadata": {},
  "parameters": {
    "location": {
      "type": "string",
      "minLength": 1,
      "defaultValue": "[resourceGroup().location]",
      "metadata": {
        "description": "Not used, but needed to pass arm-ttk test `Location-Should-Not-Be-Hardcoded`.  We instead use the `workspace-location` which is derived from the LA workspace"
      }
    },
    "workspace-location": {
      "type": "string",
      "defaultValue": "",
      "metadata": {
        "description": "[concat('Region to deploy solution resources -- separate from location selection',parameters('location'))]"
      }
    },
    "workspace": {
      "defaultValue": "",
      "type": "string",
      "metadata": {
        "description": "Workspace name for Log Analytics where Microsoft Sentinel is setup"
      }
    }
  },
  "resources": [
    {
      "type": "Microsoft.OperationalInsights/workspaces/providers/contentTemplates",
      "name": "[concat(parameters('workspace'),'/Microsoft.SecurityInsights/', '528c1708-a67e-4e2f-b76d-d5e5e88a22aa')]",
      "location": "[parameters('workspace-location')]",
      "apiVersion": "2023-04-01-preview",
      "dependsOn": [
        "[extensionResourceId(resourceId('Microsoft.OperationalInsights/workspaces', parameters('workspace')), 'Microsoft.SecurityInsights/contentPackages', '528c1708-a67e-4e2f-b76d-d5e5e88a22aa')]"
      ],
      "properties": {
        "contentId": "528c1708-a67e-4e2f-b76d-d5e5e88a22aa",
        "displayName": "Login spike with increase failure rate",
        "contentKind": "HuntingQuery",
        "mainTemplate": {
          "$schema": "https://schema.management.azure.com/schemas/2019-04-01/deploymentTemplate.json#",
          "contentVersion": "1.0.0",
          "resources": [
            {
              "type": "Microsoft.OperationalInsights/savedSearches",
              "apiVersion": "2020-08-01",
              "name": "528c1708-a67e-4e2f-b76d-d5e5e88a22aa",
              "location": "[parameters('workspace-location')]",
              "properties": {
                "eTag": "*",
                "displayName": "Login spike with increase failure rate",
                "category": "Hunting Queries",
                "query": "\nlet starttime = todatetime('{{StartTimeISO}}');\nlet endtime = todatetime('{{EndTimeISO}}');\nlet lookback = starttime - 14d;\nlet failureThreshold = 15;\nlet percentageChangeThreshold = 50;\nSigninLogs\n//Collect number of users logging in for each hour\n| where TimeGenerated >= lookback\n| summarize dcount(UserPrincipalName) by bin(TimeGenerated, 1h)\n| extend hour = datetime_part(\"Hour\",TimeGenerated)\n| extend day = dayofweek(TimeGenerated)\n//Exclude Saturday and Sunday as they skew the data, change depending on your weekend days\n| where day != 6d and day != 7d\n| order by TimeGenerated asc\n//Summarise users trying to authenticate by each hour of the day\n| summarize make_list(dcount_UserPrincipalName), make_list(TimeGenerated), avg(dcount_UserPrincipalName), make_list(day) by hour\n//Find outlier hours where the number of users trying to authenticate spikes, expand and then keep only anomalous rows\n| extend series_decompose_anomalies(list_dcount_UserPrincipalName)\n| mv-expand list_dcount_UserPrincipalName, series_decompose_anomalies_list_dcount_UserPrincipalName_ad_flag, list_TimeGenerated, list_day\n| where series_decompose_anomalies_list_dcount_UserPrincipalName_ad_flag == 1\n//Calculate the percentage change between the spike and the average users authenticating\n| project TimeGenerated=todatetime(list_TimeGenerated), Hour=hour, WeekDay=list_day, AccountsAuthenticating=list_dcount_UserPrincipalName, AverageAccountsAuthenticatin=round(avg_dcount_UserPrincipalName, 0), PercentageChange = round  ((list_dcount_UserPrincipalName - avg_dcount_UserPrincipalName) / avg_dcount_UserPrincipalName * 100,   2)\n| order by PercentageChange desc\n//As an additional feature we collect successful and unsuccessful logins during the 1h windows with anomalies\n| join kind=inner(\nSigninLogs\n| where TimeGenerated >= lookback\n| where ResultType == \"0\"\n| summarize Success=dcount(UserPrincipalName), SuccessAccounts=make_set(UserPrincipalName) by bin(TimeGenerated, 1h)\n| join kind=inner(\n    SigninLogs\n    | where TimeGenerated >= lookback\n    //Failed sign-ins based on failed username/password combos or failed MFA\n    | where ResultType in (\"50126\", \"50074\", \"50057\", \"51004\")\n    | summarize Failed=dcount(UserPrincipalName), FailedAccounts=make_set(UserPrincipalName) by bin(TimeGenerated, 1h)\n) on TimeGenerated\n| project-away TimeGenerated1\n| extend Total = Failed + Success\n| project TimeGenerated, SuccessRate = round((toreal(Success) / toreal(Total)) *100) , round(FailureRate = (toreal(Failed) / toreal(Total)) *100), SuccessAccounts, FailedAccounts\n) on TimeGenerated\n| order by PercentageChange\n| project-away TimeGenerated1\n//Thresholds, 15% account authentication failure rate at a 50% increase in accounts attempting to authenticate by default\n//Comment out line below to see all anomalous results\n| where FailureRate >= failureThreshold and PercentageChange >= percentageChangeThreshold\n| extend timestamp = TimeGenerated\n",
                "version": 2,
                "tags": [
                  {
                    "name": "description",
                    "value": "This query over SiginLogs will summarise the total number of login attempts for each hour of the day on week days, this can be edited.\nThe query then uses Kusto anomaly detection to find login spikes for each hour across all days. The query will then calculate the\npercentage change between the anomalous period and the average logins for that period. Finally the query will determine the success\nand failure rate for logins for the given 1 hour period, if a specified % change in logins is detected alongside a specified failure rate\na result is presented."
                  },
                  {
                    "name": "techniques",
                    "value": ""
                  },
                  {
                    "name": "tactics",
                    "value": "InitialAccess"
                  }
                ]
              }
            },
            {
              "type": "Microsoft.OperationalInsights/workspaces/providers/metadata",
              "apiVersion": "2021-03-01-preview",
              "name": "[concat(parameters('workspace'),'/Microsoft.SecurityInsights/',concat('huntingQuery-', '528c1708-a67e-4e2f-b76d-d5e5e88a22aa'))]",
              "properties": {
                "description": "This query over SiginLogs will summarise the total number of login attempts for each hour of the day on week days, this can be edited.\nThe query then uses Kusto anomaly detection to find login spikes for each hour across all days. The query will then calculate the\npercentage change between the anomalous period and the average logins for that period. Finally the query will determine the success\nand failure rate for logins for the given 1 hour period, if a specified % change in logins is detected alongside a specified failure rate\na result is presented.",
                "version": "1.0.0",
                "author": {
                  "name": "Shain"
                },
                "support": {
                  "tier": "Community",
                  "name": "Community",
                  "link": "https://github.com/Azure/Azure-Sentinel/issues"
                },
                "source": {
                  "kind": "Community",
                  "name": "Standalone"
                },
                "threatAnalysisTactics": [
                  "InitialAccess"
                ],
                "threatAnalyticsTechniques": [
                  "T1078"
                ],
                "contentId": "528c1708-a67e-4e2f-b76d-d5e5e88a22aa",
                "parentId": "528c1708-a67e-4e2f-b76d-d5e5e88a22aa",
                "kind": "HuntingQuery",
                "dependencies": {
                  "operator": "AND",
                  "criteria": [
                    {
                      "contentId": "SigninLogs",
                      "kind": "DataType"
                    }
                  ]
                }
              }
            }
          ]
        },
        "packageId": "528c1708-a67e-4e2f-b76d-d5e5e88a22aa",
        "packageKind": "Standalone",
        "packageName": "Login spike with increase failure rate",
        "contentProductId": "528c1708-a67e-4e2f-b76d-d5e5e88a22aa-hq-n2dc2io3x3kv2",
        "id": "528c1708-a67e-4e2f-b76d-d5e5e88a22aa-hq-n2dc2io3x3kv2",
        "packageVersion": "1.0.0",
        "version": "1.0.0"
      }
    },
    {
      "type": "Microsoft.OperationalInsights/workspaces/providers/contentPackages",
      "name": "[concat(parameters('workspace'),'/Microsoft.SecurityInsights/', '528c1708-a67e-4e2f-b76d-d5e5e88a22aa')]",
      "location": "[parameters('workspace-location')]",
      "apiVersion": "2023-04-01-preview",
      "properties": {
        "author": {
          "name": "Shain"
        },
        "categories": {
          "domains": [
            "Security - Other",
            "Identity"
          ]
        },
        "dependencies": {
          "operator": "AND",
          "criteria": [
            {
              "contentId": "528c1708-a67e-4e2f-b76d-d5e5e88a22aa",
              "kind": "HuntingQuery"
            }
          ]
        },
        "description": "This query over SiginLogs will summarise the total number of login attempts for each hour of the day on week days, this can be edited.\nThe query then uses Kusto anomaly detection to find login spikes for each hour across all days. The query will then calculate the\npercentage change between the anomalous period and the average logins for that period. Finally the query will determine the success\nand failure rate for logins for the given 1 hour period, if a specified % change in logins is detected alongside a specified failure rate\na result is presented.",
        "displayName": "Login spike with increase failure rate",
        "source": {
          "kind": "Community",
          "name": "Standalone"
        },
        "support": {
          "tier": "Community",
          "name": "Community",
          "link": "https://github.com/Azure/Azure-Sentinel/issues"
        },
        "threatAnalysisTactics": [
          "InitialAccess"
        ],
        "threatAnalyticsTechniques": [
          "T1078"
        ],
        "version": "1.0.0",
        "contentSchemaVersion": "3.0.0",
        "contentId": "528c1708-a67e-4e2f-b76d-d5e5e88a22aa",
        "contentKind": "Standalone",
        "contentProductId": "528c1708-a67e-4e2f-b76d-d5e5e88a22aa-sa-fqghojubm44ww",
        "id": "528c1708-a67e-4e2f-b76d-d5e5e88a22aa-sa-fqghojubm44ww"
      }
    }
  ],
  "variables": {}
}