{
  "$schema": "https://schema.management.azure.com/schemas/2019-04-01/deploymentTemplate.json#",
  "contentVersion": "1.0.0.0",
  "metadata": {},
  "parameters": {
    "location": {
      "type": "string",
      "minLength": 1,
      "defaultValue": "[resourceGroup().location]",
      "metadata": {
        "description": "Not used, but needed to pass arm-ttk test `Location-Should-Not-Be-Hardcoded`.  We instead use the `workspace-location` which is derived from the LA workspace"
      }
    },
    "workspace-location": {
      "type": "string",
      "defaultValue": "",
      "metadata": {
        "description": "[concat('Region to deploy solution resources -- separate from location selection',parameters('location'))]"
      }
    },
    "workspace": {
      "defaultValue": "",
      "type": "string",
      "metadata": {
        "description": "Workspace name for Log Analytics where Microsoft Sentinel is setup"
      }
    }
  },
  "resources": [
    {
      "type": "Microsoft.OperationalInsights/workspaces/providers/contentTemplates",
      "name": "[concat(parameters('workspace'),'/Microsoft.SecurityInsights/', 'ea107ccc-2b80-410e-96e1-be6607ce293b')]",
      "location": "[parameters('workspace-location')]",
      "apiVersion": "2023-04-01-preview",
      "dependsOn": [
        "[extensionResourceId(resourceId('Microsoft.OperationalInsights/workspaces', parameters('workspace')), 'Microsoft.SecurityInsights/contentPackages', 'ea107ccc-2b80-410e-96e1-be6607ce293b')]"
      ],
      "properties": {
        "contentId": "ea107ccc-2b80-410e-96e1-be6607ce293b",
        "displayName": "Rare Audit activity initiated by User",
        "contentKind": "HuntingQuery",
        "mainTemplate": {
          "$schema": "https://schema.management.azure.com/schemas/2019-04-01/deploymentTemplate.json#",
          "contentVersion": "1.0.0",
          "resources": [
            {
              "type": "Microsoft.OperationalInsights/savedSearches",
              "apiVersion": "2020-08-01",
              "name": "ea107ccc-2b80-410e-96e1-be6607ce293b",
              "location": "[parameters('workspace-location')]",
              "properties": {
                "eTag": "*",
                "displayName": "Rare Audit activity initiated by User",
                "category": "Hunting Queries",
                "query": "\nlet starttime = todatetime('{{StartTimeISO}}');\nlet endtime = todatetime('{{EndTimeISO}}');\nlet auditLookback = starttime - 14d;\nlet propertyIgnoreList = dynamic([\"TargetId.UserType\", \"StsRefreshTokensValidFrom\", \"LastDirSyncTime\", \"DeviceOSVersion\", \"CloudDeviceOSVersion\", \"DeviceObjectVersion\"]);\nlet AuditTrail = AuditLogs \n| where TimeGenerated >= auditLookback and TimeGenerated < starttime\n| where isnotempty(tostring(parse_json(tostring(InitiatedBy.user)).userPrincipalName))\n| extend InitiatedByUser = tostring(parse_json(tostring(InitiatedBy.user)).userPrincipalName)\n| extend InitiatedByIPAddress = tostring(parse_json(tostring(InitiatedBy.user)).ipAddress)\n| extend ModProps = TargetResources.[0].modifiedProperties\n| extend TargetUserPrincipalName = tolower(tostring(TargetResources.[0].userPrincipalName))\n| extend TargetResourceName = tolower(tostring(TargetResources.[0].displayName))\n| mv-expand ModProps\n| extend PropertyName = tostring(ModProps.displayName), newValue = tostring(parse_json(tostring(ModProps.newValue))[0])\n| where PropertyName !in~ (propertyIgnoreList) and (PropertyName !~ \"Action Client Name\" and newValue !~ \"DirectorySync\") and (PropertyName !~ \"Included Updated Properties\" and newValue !~ \"LastDirSyncTime\")\n| summarize count() by OperationName, InitiatedByUser, InitiatedByIPAddress, TargetUserPrincipalName, PropertyName, TargetResourceName;\nlet AccountMods = AuditLogs \n| where TimeGenerated >= starttime\n| where isnotempty(tostring(parse_json(tostring(InitiatedBy.user)).userPrincipalName))\n| extend InitiatedByUser = tostring(parse_json(tostring(InitiatedBy.user)).userPrincipalName)\n| extend InitiatedByIPAddress = tostring(parse_json(tostring(InitiatedBy.user)).ipAddress)\n| extend ModProps = TargetResources.[0].modifiedProperties\n| extend TargetUserPrincipalName = tolower(tostring(TargetResources.[0].userPrincipalName))\n| extend TargetResourceName = tolower(tostring(TargetResources.[0].displayName))\n| mv-expand ModProps\n| extend PropertyName = tostring(ModProps.displayName), newValue = tostring(parse_json(tostring(ModProps.newValue))[0])\n| where PropertyName !in~ (propertyIgnoreList) and (PropertyName !~ \"Action Client Name\" and newValue !~ \"DirectorySync\") and (PropertyName !~ \"Included Updated Properties\" and newValue !~ \"LastDirSyncTime\")\n| extend ModifiedProps = pack(\"PropertyName\",PropertyName,\"newValue\",newValue, \"Id\", Id, \"CorrelationId\", CorrelationId) \n| summarize StartTimeUtc = min(TimeGenerated), EndTimeUtc = max(TimeGenerated), Activity = make_bag(ModifiedProps) by Type, InitiatedByUser, InitiatedByIPAddress, TargetUserPrincipalName, Category, OperationName, PropertyName, TargetResourceName;\nlet RareAudits = AccountMods | join kind= leftanti (\n   AuditTrail \n) on OperationName, InitiatedByUser, InitiatedByIPAddress;//, TargetUserPrincipalName, PropertyName; //uncomment if you want to see Rare Property changes to a given TargetUserPrincipalName.\nRareAudits \n| summarize StartTime = min(StartTimeUtc), EndTime = max(EndTimeUtc), make_set(Activity), make_set(PropertyName) by Type, InitiatedByUser, InitiatedByIPAddress, OperationName, TargetUserPrincipalName, TargetResourceName\n| order by InitiatedByUser asc, StartTime asc\n| extend timestamp = StartTime, AccountCustomEntity = InitiatedByUser, HostCustomEntity = iff(set_PropertyName has_any ('DeviceOSType', 'CloudDeviceOSType'), TargetResourceName, ''), IPCustomEntity = InitiatedByIPAddress\n",
                "version": 2,
                "tags": [
                  {
                    "name": "description",
                    "value": "Compares the current day to the last 14 days of audits to identify new audit activities by \nOperationName, InitiatedByUser, UserPrincipalName, PropertyName, newValue\nThis can be useful when attempting to track down malicious activity related to additions of \nnew users, additions to groups, removal from groups by specific users."
                  },
                  {
                    "name": "techniques",
                    "value": ""
                  },
                  {
                    "name": "tactics",
                    "value": "Persistence,LateralMovement"
                  }
                ]
              }
            },
            {
              "type": "Microsoft.OperationalInsights/workspaces/providers/metadata",
              "apiVersion": "2021-03-01-preview",
              "name": "[concat(parameters('workspace'),'/Microsoft.SecurityInsights/',concat('huntingQuery-', 'ea107ccc-2b80-410e-96e1-be6607ce293b'))]",
              "properties": {
                "description": "Compares the current day to the last 14 days of audits to identify new audit activities by \nOperationName, InitiatedByUser, UserPrincipalName, PropertyName, newValue\nThis can be useful when attempting to track down malicious activity related to additions of \nnew users, additions to groups, removal from groups by specific users.",
                "version": "1.0.0",
                "author": {
                  "name": "Shain"
                },
                "support": {
                  "tier": "Community",
                  "name": "Community",
                  "link": "https://github.com/Azure/Azure-Sentinel/issues"
                },
                "source": {
                  "kind": "Community",
                  "name": "Standalone"
                },
                "threatAnalysisTactics": [
                  "Persistence",
                  "LateralMovement"
                ],
                "threatAnalyticsTechniques": [
                  "T1136"
                ],
                "contentId": "ea107ccc-2b80-410e-96e1-be6607ce293b",
                "parentId": "ea107ccc-2b80-410e-96e1-be6607ce293b",
                "kind": "HuntingQuery",
                "dependencies": {
                  "operator": "AND",
                  "criteria": [
                    {
                      "contentId": "AuditLogs",
                      "kind": "DataType"
                    }
                  ]
                }
              }
            }
          ]
        },
        "packageId": "ea107ccc-2b80-410e-96e1-be6607ce293b",
        "packageKind": "Standalone",
        "packageName": "Rare Audit activity initiated by User",
        "contentProductId": "ea107ccc-2b80-410e-96e1-be6607ce293b-hq-2gchfqfdxqxoc",
        "id": "ea107ccc-2b80-410e-96e1-be6607ce293b-hq-2gchfqfdxqxoc",
        "packageVersion": "1.0.0",
        "version": "1.0.0"
      }
    },
    {
      "type": "Microsoft.OperationalInsights/workspaces/providers/contentPackages",
      "name": "[concat(parameters('workspace'),'/Microsoft.SecurityInsights/', 'ea107ccc-2b80-410e-96e1-be6607ce293b')]",
      "location": "[parameters('workspace-location')]",
      "apiVersion": "2023-04-01-preview",
      "properties": {
        "author": {
          "name": "Shain"
        },
        "categories": {
          "domains": [
            "Security - Other"
          ]
        },
        "dependencies": {
          "operator": "AND",
          "criteria": [
            {
              "contentId": "ea107ccc-2b80-410e-96e1-be6607ce293b",
              "kind": "HuntingQuery"
            }
          ]
        },
        "description": "Compares the current day to the last 14 days of audits to identify new audit activities by \nOperationName, InitiatedByUser, UserPrincipalName, PropertyName, newValue\nThis can be useful when attempting to track down malicious activity related to additions of \nnew users, additions to groups, removal from groups by specific users.",
        "displayName": "Rare Audit activity initiated by User",
        "source": {
          "kind": "Community",
          "name": "Standalone"
        },
        "support": {
          "tier": "Community",
          "name": "Community",
          "link": "https://github.com/Azure/Azure-Sentinel/issues"
        },
        "threatAnalysisTactics": [
          "Persistence",
          "LateralMovement"
        ],
        "threatAnalyticsTechniques": [
          "T1136"
        ],
        "version": "1.0.0",
        "contentSchemaVersion": "3.0.0",
        "contentId": "ea107ccc-2b80-410e-96e1-be6607ce293b",
        "contentKind": "Standalone",
        "contentProductId": "ea107ccc-2b80-410e-96e1-be6607ce293b-sa-i2l2cnv7bwzgy",
        "id": "ea107ccc-2b80-410e-96e1-be6607ce293b-sa-i2l2cnv7bwzgy"
      }
    }
  ],
  "variables": {}
}