{
  "$schema": "https://schema.management.azure.com/schemas/2019-04-01/deploymentTemplate.json#",
  "contentVersion": "1.0.0.0",
  "metadata": {},
  "parameters": {
    "location": {
      "type": "string",
      "minLength": 1,
      "defaultValue": "[resourceGroup().location]",
      "metadata": {
        "description": "Not used, but needed to pass arm-ttk test `Location-Should-Not-Be-Hardcoded`.  We instead use the `workspace-location` which is derived from the LA workspace"
      }
    },
    "workspace-location": {
      "type": "string",
      "defaultValue": "",
      "metadata": {
        "description": "[concat('Region to deploy solution resources -- separate from location selection',parameters('location'))]"
      }
    },
    "workspace": {
      "defaultValue": "",
      "type": "string",
      "metadata": {
        "description": "Workspace name for Log Analytics where Microsoft Sentinel is setup"
      }
    }
  },
  "resources": [
    {
      "type": "Microsoft.OperationalInsights/workspaces/providers/contentTemplates",
      "name": "[concat(parameters('workspace'),'/Microsoft.SecurityInsights/', 'b8b7574f-1cd6-4308-822a-ab07256106f8')]",
      "location": "[parameters('workspace-location')]",
      "apiVersion": "2023-04-01-preview",
      "dependsOn": [
        "[extensionResourceId(resourceId('Microsoft.OperationalInsights/workspaces', parameters('workspace')), 'Microsoft.SecurityInsights/contentPackages', 'b8b7574f-1cd6-4308-822a-ab07256106f8')]"
      ],
      "properties": {
        "contentId": "b8b7574f-1cd6-4308-822a-ab07256106f8",
        "displayName": "Retrospective hunt for STRONTIUM IP IOCs",
        "contentKind": "HuntingQuery",
        "mainTemplate": {
          "$schema": "https://schema.management.azure.com/schemas/2019-04-01/deploymentTemplate.json#",
          "contentVersion": "1.0.0",
          "resources": [
            {
              "type": "Microsoft.OperationalInsights/savedSearches",
              "apiVersion": "2020-08-01",
              "name": "b8b7574f-1cd6-4308-822a-ab07256106f8",
              "location": "[parameters('workspace-location')]",
              "properties": {
                "eTag": "*",
                "displayName": "Retrospective hunt for STRONTIUM IP IOCs",
                "category": "Hunting Queries",
                "query": "\nlet STRONTIUM_IPS = dynamic([\"82.118.242.171\" , \"167.114.153.55\" , \"94.237.37.28\", \"31.220.61.251\" , \"128.199.199.187\" ]);\n(union isfuzzy=true\n(CommonSecurityLog\n| where TimeGenerated between (startofday(datetime(2019-02-01)) .. endofday(datetime(2019-08-05)))\n| where SourceIP in (STRONTIUM_IPS) or DestinationIP in (STRONTIUM_IPS)\n| extend IPCustomEntity = SourceIP\n),\n(SecurityAlert\n| where TimeGenerated between (startofday(datetime(2019-02-01)) .. endofday(datetime(2019-08-05)))\n| extend RemoteAddress = iff(ExtendedProperties has \"RemoteAddress\", tostring(parse_json(ExtendedProperties)[\"RemoteAddress\"]), \"None\")\n| where RemoteAddress != \"None\"\n| where RemoteAddress in (STRONTIUM_IPS)\n| extend IPCustomEntity = RemoteAddress\n) \n)\n| extend timestamp = TimeGenerated\n",
                "version": 2,
                "tags": [
                  {
                    "name": "description",
                    "value": "Matches domain name IOCs related to Strontium group activity with CommonSecurityLog and SecurityAlert dataTypes.\nThe query is scoped in the time window that these IOCs were active.\nReferences: https://blogs.microsoft.com/on-the-issues/2019/07/17/new-cyberthreats-require-new-ways-to-protect-democracy."
                  },
                  {
                    "name": "techniques",
                    "value": ""
                  },
                  {
                    "name": "tactics",
                    "value": "CommandAndControl"
                  }
                ]
              }
            },
            {
              "type": "Microsoft.OperationalInsights/workspaces/providers/metadata",
              "apiVersion": "2021-03-01-preview",
              "name": "[concat(parameters('workspace'),'/Microsoft.SecurityInsights/',concat('huntingQuery-', 'b8b7574f-1cd6-4308-822a-ab07256106f8'))]",
              "properties": {
                "description": "Matches domain name IOCs related to Strontium group activity with CommonSecurityLog and SecurityAlert dataTypes.\nThe query is scoped in the time window that these IOCs were active.\nReferences: https://blogs.microsoft.com/on-the-issues/2019/07/17/new-cyberthreats-require-new-ways-to-protect-democracy.",
                "version": "1.0.0",
                "author": {
                  "name": "Pete Bryan"
                },
                "support": {
                  "tier": "Community",
                  "name": "Community",
                  "link": "https://github.com/Azure/Azure-Sentinel/issues"
                },
                "source": {
                  "kind": "Community",
                  "name": "Standalone"
                },
                "threatAnalysisTactics": [
                  "CommandAndControl"
                ],
                "threatAnalyticsTechniques": [
                  "T1071"
                ],
                "contentId": "b8b7574f-1cd6-4308-822a-ab07256106f8",
                "parentId": "b8b7574f-1cd6-4308-822a-ab07256106f8",
                "kind": "HuntingQuery",
                "dependencies": {
                  "operator": "AND",
                  "criteria": [
                    {
                      "contentId": "CommonSecurityLog",
                      "kind": "DataType"
                    },
                    {
                      "contentId": "CommonSecurityLog",
                      "kind": "DataType"
                    },
                    {
                      "contentId": "SecurityAlert",
                      "kind": "DataType"
                    }
                  ]
                }
              }
            }
          ]
        },
        "packageId": "b8b7574f-1cd6-4308-822a-ab07256106f8",
        "packageKind": "Standalone",
        "packageName": "Retrospective hunt for STRONTIUM IP IOCs",
        "contentProductId": "b8b7574f-1cd6-4308-822a-ab07256106f8-hq-suc66jsa5ztzk",
        "id": "b8b7574f-1cd6-4308-822a-ab07256106f8-hq-suc66jsa5ztzk",
        "packageVersion": "1.0.0",
        "version": "1.0.0"
      }
    },
    {
      "type": "Microsoft.OperationalInsights/workspaces/providers/contentPackages",
      "name": "b8b7574f-1cd6-4308-822a-ab07256106f8",
      "location": "[parameters('workspace-location')]",
      "apiVersion": "2023-04-01-preview",
      "properties": {
        "author": {
          "name": "Pete Bryan"
        },
        "categories": {
          "domains": [
            "Security - Threat Intelligence"
          ]
        },
        "dependencies": {
          "operator": "AND",
          "criteria": [
            {
              "contentId": "b8b7574f-1cd6-4308-822a-ab07256106f8",
              "kind": "HuntingQuery"
            }
          ]
        },
        "description": "Matches domain name IOCs related to Strontium group activity with CommonSecurityLog and SecurityAlert dataTypes.\nThe query is scoped in the time window that these IOCs were active.\nReferences: https://blogs.microsoft.com/on-the-issues/2019/07/17/new-cyberthreats-require-new-ways-to-protect-democracy.",
        "displayName": "Retrospective hunt for STRONTIUM IP IOCs",
        "source": {
          "kind": "Community",
          "name": "Standalone"
        },
        "support": {
          "tier": "Community",
          "name": "Community",
          "link": "https://github.com/Azure/Azure-Sentinel/issues"
        },
        "threatAnalysisTactics": [
          "CommandAndControl"
        ],
        "threatAnalyticsTechniques": [
          "T1071"
        ],
        "version": "1.0.0",
        "contentSchemaVersion": "3.0.0",
        "contentId": "b8b7574f-1cd6-4308-822a-ab07256106f8",
        "contentKind": "Standalone",
        "contentProductId": "b8b7574f-1cd6-4308-822a-ab07256106f8-sa-k4iiorop3mune",
        "id": "b8b7574f-1cd6-4308-822a-ab07256106f8-sa-k4iiorop3mune"
      }
    }
  ],
  "variables": {}
}