{
  "$schema": "https://schema.management.azure.com/schemas/2019-04-01/deploymentTemplate.json#",
  "contentVersion": "1.0.0.0",
  "metadata": {},
  "parameters": {
    "location": {
      "type": "string",
      "minLength": 1,
      "defaultValue": "[resourceGroup().location]",
      "metadata": {
        "description": "Not used, but needed to pass arm-ttk test `Location-Should-Not-Be-Hardcoded`.  We instead use the `workspace-location` which is derived from the LA workspace"
      }
    },
    "workspace-location": {
      "type": "string",
      "defaultValue": "",
      "metadata": {
        "description": "[concat('Region to deploy solution resources -- separate from location selection',parameters('location'))]"
      }
    },
    "workspace": {
      "defaultValue": "",
      "type": "string",
      "metadata": {
        "description": "Workspace name for Log Analytics where Microsoft Sentinel is setup"
      }
    }
  },
  "resources": [
    {
      "type": "Microsoft.OperationalInsights/workspaces/providers/contentTemplates",
      "name": "[concat(parameters('workspace'),'/Microsoft.SecurityInsights/', '4edbb420-2df7-4089-9906-c335f065803e')]",
      "location": "[parameters('workspace-location')]",
      "apiVersion": "2023-04-01-preview",
      "dependsOn": [
        "[extensionResourceId(resourceId('Microsoft.OperationalInsights/workspaces', parameters('workspace')), 'Microsoft.SecurityInsights/contentPackages', '4edbb420-2df7-4089-9906-c335f065803e')]"
      ],
      "properties": {
        "contentId": "4edbb420-2df7-4089-9906-c335f065803e",
        "displayName": "Same IP address with multiple csUserAgent",
        "contentKind": "HuntingQuery",
        "mainTemplate": {
          "$schema": "https://schema.management.azure.com/schemas/2019-04-01/deploymentTemplate.json#",
          "contentVersion": "1.0.0",
          "resources": [
            {
              "type": "Microsoft.OperationalInsights/savedSearches",
              "apiVersion": "2020-08-01",
              "name": "4edbb420-2df7-4089-9906-c335f065803e",
              "location": "[parameters('workspace-location')]",
              "properties": {
                "eTag": "*",
                "displayName": "Same IP address with multiple csUserAgent",
                "category": "Hunting Queries",
                "query": "\nW3CIISLog\n| where scStatus !startswith \"20\" and scStatus !startswith \"30\" and cIP !startswith \"192.168.\" and cIP != sIP and cIP != \"::1\"\n//Exclude local addresses, using ipv4_is_private operator\n|where ipv4_is_private(cIP) == false and  cIP !startswith \"fe80\" and cIP !startswith \"::\" and cIP !startswith \"127.\"\n| summarize StartTime = min(TimeGenerated), EndTime = max(TimeGenerated), makeset(csUserAgent), ConnectionCount = count() \nby Computer, sSiteName, sIP, sPort, cIP, csMethod\n| extend csUserAgentPerIPCount = arraylength(set_csUserAgent)\n| where  csUserAgentPerIPCount between ( 2 .. 15 ) and ConnectionCount <=50\n| extend timestamp = StartTime, IPCustomEntity = cIP, HostCustomEntity = Computer\n",
                "version": 2,
                "tags": [
                  {
                    "name": "description",
                    "value": "This alerts when the same client IP (cIP) is connecting with more than 1 but less than 15 different useragent string (csUserAgent) in less than 1 hour.\nWe limit to 50 or less connections to avoid high traffic sites. This may indicate malicious activity as this is a method of probing an environment\nReferences: Status code mappings for your convenience\nIIS status code mapping - https://support.microsoft.com/help/943891/the-http-status-code-in-iis-7-0-iis-7-5-and-iis-8-0\nWin32 Status code mapping - https://msdn.microsoft.com/library/cc231199.aspx"
                  },
                  {
                    "name": "techniques",
                    "value": ""
                  },
                  {
                    "name": "tactics",
                    "value": "InitialAccess"
                  }
                ]
              }
            },
            {
              "type": "Microsoft.OperationalInsights/workspaces/providers/metadata",
              "apiVersion": "2021-03-01-preview",
              "name": "[concat(parameters('workspace'),'/Microsoft.SecurityInsights/',concat('huntingQuery-', '4edbb420-2df7-4089-9906-c335f065803e'))]",
              "properties": {
                "description": "This alerts when the same client IP (cIP) is connecting with more than 1 but less than 15 different useragent string (csUserAgent) in less than 1 hour.\nWe limit to 50 or less connections to avoid high traffic sites. This may indicate malicious activity as this is a method of probing an environment\nReferences: Status code mappings for your convenience\nIIS status code mapping - https://support.microsoft.com/help/943891/the-http-status-code-in-iis-7-0-iis-7-5-and-iis-8-0\nWin32 Status code mapping - https://msdn.microsoft.com/library/cc231199.aspx",
                "version": "1.0.0",
                "author": {
                  "name": "Shain"
                },
                "support": {
                  "tier": "Community",
                  "name": "Community",
                  "link": "https://github.com/Azure/Azure-Sentinel/issues"
                },
                "source": {
                  "kind": "Community",
                  "name": "Standalone"
                },
                "threatAnalysisTactics": [
                  "InitialAccess"
                ],
                "threatAnalyticsTechniques": [
                  "T1190"
                ],
                "contentId": "4edbb420-2df7-4089-9906-c335f065803e",
                "parentId": "4edbb420-2df7-4089-9906-c335f065803e",
                "kind": "HuntingQuery",
                "dependencies": {
                  "operator": "AND",
                  "criteria": [
                    {
                      "contentId": "W3CIISLog",
                      "kind": "DataType"
                    }
                  ]
                }
              }
            }
          ]
        },
        "packageId": "4edbb420-2df7-4089-9906-c335f065803e",
        "packageKind": "Standalone",
        "packageName": "Same IP address with multiple csUserAgent",
        "contentProductId": "4edbb420-2df7-4089-9906-c335f065803e-hq-uuxyhqdr3ga6i",
        "id": "4edbb420-2df7-4089-9906-c335f065803e-hq-uuxyhqdr3ga6i",
        "packageVersion": "1.0.0",
        "version": "1.0.0"
      }
    },
    {
      "type": "Microsoft.OperationalInsights/workspaces/providers/contentPackages",
      "name": "[concat(parameters('workspace'),'/Microsoft.SecurityInsights/', '4edbb420-2df7-4089-9906-c335f065803e')]",
      "location": "[parameters('workspace-location')]",
      "apiVersion": "2023-04-01-preview",
      "properties": {
        "author": {
          "name": "Shain"
        },
        "categories": {
          "domains": [
            "Security - Network"
          ]
        },
        "dependencies": {
          "operator": "AND",
          "criteria": [
            {
              "contentId": "4edbb420-2df7-4089-9906-c335f065803e",
              "kind": "HuntingQuery"
            }
          ]
        },
        "description": "This alerts when the same client IP (cIP) is connecting with more than 1 but less than 15 different useragent string (csUserAgent) in less than 1 hour.\nWe limit to 50 or less connections to avoid high traffic sites. This may indicate malicious activity as this is a method of probing an environment\nReferences: Status code mappings for your convenience\nIIS status code mapping - https://support.microsoft.com/help/943891/the-http-status-code-in-iis-7-0-iis-7-5-and-iis-8-0\nWin32 Status code mapping - https://msdn.microsoft.com/library/cc231199.aspx",
        "displayName": "Same IP address with multiple csUserAgent",
        "source": {
          "kind": "Community",
          "name": "Standalone"
        },
        "support": {
          "tier": "Community",
          "name": "Community",
          "link": "https://github.com/Azure/Azure-Sentinel/issues"
        },
        "threatAnalysisTactics": [
          "InitialAccess"
        ],
        "threatAnalyticsTechniques": [
          "T1190"
        ],
        "version": "1.0.0",
        "contentSchemaVersion": "3.0.0",
        "contentId": "4edbb420-2df7-4089-9906-c335f065803e",
        "contentKind": "Standalone",
        "contentProductId": "4edbb420-2df7-4089-9906-c335f065803e-sa-eizwdcmqorryu",
        "id": "4edbb420-2df7-4089-9906-c335f065803e-sa-eizwdcmqorryu"
      }
    }
  ],
  "variables": {}
}