{
  "$schema": "https://schema.management.azure.com/schemas/2019-04-01/deploymentTemplate.json#",
  "contentVersion": "1.0.0.0",
  "metadata": {},
  "parameters": {
    "location": {
      "type": "string",
      "minLength": 1,
      "defaultValue": "[resourceGroup().location]",
      "metadata": {
        "description": "Not used, but needed to pass arm-ttk test `Location-Should-Not-Be-Hardcoded`.  We instead use the `workspace-location` which is derived from the LA workspace"
      }
    },
    "workspace-location": {
      "type": "string",
      "defaultValue": "",
      "metadata": {
        "description": "[concat('Region to deploy solution resources -- separate from location selection',parameters('location'))]"
      }
    },
    "workspace": {
      "defaultValue": "",
      "type": "string",
      "metadata": {
        "description": "Workspace name for Log Analytics where Microsoft Sentinel is setup"
      }
    }
  },
  "resources": [
    {
      "type": "Microsoft.OperationalInsights/workspaces/providers/contentTemplates",
      "name": "[concat(parameters('workspace'),'/Microsoft.SecurityInsights/', '42831fb3-f61d-41e9-95d9-f08797479a0e')]",
      "location": "[parameters('workspace-location')]",
      "apiVersion": "2023-04-01-preview",
      "dependsOn": [
        "[extensionResourceId(resourceId('Microsoft.OperationalInsights/workspaces', parameters('workspace')), 'Microsoft.SecurityInsights/contentPackages', '42831fb3-f61d-41e9-95d9-f08797479a0e')]"
      ],
      "properties": {
        "contentId": "42831fb3-f61d-41e9-95d9-f08797479a0e",
        "displayName": "Azure CloudShell Usage",
        "contentKind": "HuntingQuery",
        "mainTemplate": {
          "$schema": "https://schema.management.azure.com/schemas/2019-04-01/deploymentTemplate.json#",
          "contentVersion": "1.0.0",
          "resources": [
            {
              "type": "Microsoft.OperationalInsights/savedSearches",
              "apiVersion": "2020-08-01",
              "name": "42831fb3-f61d-41e9-95d9-f08797479a0e",
              "location": "[parameters('workspace-location')]",
              "properties": {
                "eTag": "*",
                "displayName": "Azure CloudShell Usage",
                "category": "Hunting Queries",
                "query": "\nAzureActivity\n   | where ActivityStatusValue == \"Succeeded\"\n   | where ResourceGroup has \"cloud-shell-storage\"\n   | where OperationNameValue == \"Microsoft.Storage/storageAccounts/listKeys/action\"\n   // Change the timekey scope below to get activity for a longer window \n   | summarize by Caller, timekey= bin(TimeGenerated, 1h)\n   | join (AzureActivity | where TimeGenerated >= ago(1d)\n   | where OperationNameValue != \"Microsoft.Storage/storageAccounts/listKeys/action\"\n   | where isnotempty(OperationName)\n    // Change the timekey scope below to get activity for a longer window \n   | summarize make_set(OperationName) by Caller, timekey=bin(TimeGenerated, 1h)) on Caller, timekey\n   | extend timestamp = timekey, AccountCustomEntity = Caller\n",
                "version": 2,
                "tags": [
                  {
                    "name": "description",
                    "value": "This query look for users starting an Azure CloudShell session and summarizes the Azure Activity from that\nuser account during that timeframe (by default 1 hour). This can be used to help identify abuse of the CloudShell\nto modify Azure resources."
                  },
                  {
                    "name": "techniques",
                    "value": ""
                  },
                  {
                    "name": "tactics",
                    "value": "Execution"
                  }
                ]
              }
            },
            {
              "type": "Microsoft.OperationalInsights/workspaces/providers/metadata",
              "apiVersion": "2021-03-01-preview",
              "name": "[concat(parameters('workspace'),'/Microsoft.SecurityInsights/',concat('huntingQuery-', '42831fb3-f61d-41e9-95d9-f08797479a0e'))]",
              "properties": {
                "description": "This query look for users starting an Azure CloudShell session and summarizes the Azure Activity from that\nuser account during that timeframe (by default 1 hour). This can be used to help identify abuse of the CloudShell\nto modify Azure resources.",
                "version": "1.0.0",
                "author": {
                  "name": "Pete Bryan"
                },
                "support": {
                  "tier": "Community",
                  "name": "Community",
                  "link": "https://github.com/Azure/Azure-Sentinel/issues"
                },
                "source": {
                  "kind": "Community",
                  "name": "Standalone"
                },
                "threatAnalysisTactics": [
                  "Execution"
                ],
                "threatAnalyticsTechniques": [
                  "T1059"
                ],
                "contentId": "42831fb3-f61d-41e9-95d9-f08797479a0e",
                "parentId": "42831fb3-f61d-41e9-95d9-f08797479a0e",
                "kind": "HuntingQuery",
                "dependencies": {
                  "operator": "AND",
                  "criteria": [
                    {
                      "contentId": "AuditLogs",
                      "kind": "DataType"
                    }
                  ]
                }
              }
            }
          ]
        },
        "packageId": "42831fb3-f61d-41e9-95d9-f08797479a0e",
        "packageKind": "Standalone",
        "packageName": "Azure CloudShell Usage",
        "contentProductId": "42831fb3-f61d-41e9-95d9-f08797479a0e-hq-x63exbxemp5na",
        "id": "42831fb3-f61d-41e9-95d9-f08797479a0e-hq-x63exbxemp5na",
        "packageVersion": "1.0.0",
        "version": "1.0.0"
      }
    },
    {
      "type": "Microsoft.OperationalInsights/workspaces/providers/contentPackages",
      "name": "[concat(parameters('workspace'),'/Microsoft.SecurityInsights/', '42831fb3-f61d-41e9-95d9-f08797479a0e')]",
      "location": "[parameters('workspace-location')]",
      "apiVersion": "2023-04-01-preview",
      "properties": {
        "author": {
          "name": "Pete Bryan"
        },
        "categories": {
          "domains": [
            "Security - Other"
          ]
        },
        "dependencies": {
          "operator": "AND",
          "criteria": [
            {
              "contentId": "42831fb3-f61d-41e9-95d9-f08797479a0e",
              "kind": "HuntingQuery"
            }
          ]
        },
        "description": "This query look for users starting an Azure CloudShell session and summarizes the Azure Activity from that\nuser account during that timeframe (by default 1 hour). This can be used to help identify abuse of the CloudShell\nto modify Azure resources.",
        "displayName": "Azure CloudShell Usage",
        "source": {
          "kind": "Community",
          "name": "Standalone"
        },
        "support": {
          "tier": "Community",
          "name": "Community",
          "link": "https://github.com/Azure/Azure-Sentinel/issues"
        },
        "threatAnalysisTactics": [
          "Execution"
        ],
        "threatAnalyticsTechniques": [
          "T1059"
        ],
        "version": "1.0.0",
        "contentSchemaVersion": "3.0.0",
        "contentId": "42831fb3-f61d-41e9-95d9-f08797479a0e",
        "contentKind": "Standalone",
        "contentProductId": "42831fb3-f61d-41e9-95d9-f08797479a0e-sa-thxumitn7owl6",
        "id": "42831fb3-f61d-41e9-95d9-f08797479a0e-sa-thxumitn7owl6"
      }
    }
  ],
  "variables": {}
}