{
  "$schema": "https://schema.management.azure.com/schemas/2019-04-01/deploymentTemplate.json#",
  "contentVersion": "1.0.0.0",
  "metadata": {},
  "parameters": {
    "location": {
      "type": "string",
      "minLength": 1,
      "defaultValue": "[resourceGroup().location]",
      "metadata": {
        "description": "Not used, but needed to pass arm-ttk test `Location-Should-Not-Be-Hardcoded`.  We instead use the `workspace-location` which is derived from the LA workspace"
      }
    },
    "workspace-location": {
      "type": "string",
      "defaultValue": "",
      "metadata": {
        "description": "[concat('Region to deploy solution resources -- separate from location selection',parameters('location'))]"
      }
    },
    "workspace": {
      "defaultValue": "",
      "type": "string",
      "metadata": {
        "description": "Workspace name for Log Analytics where Microsoft Sentinel is setup"
      }
    }
  },
  "resources": [
    {
      "type": "Microsoft.OperationalInsights/workspaces/providers/contentTemplates",
      "name": "[concat(parameters('workspace'),'/Microsoft.SecurityInsights/', '278592b5-612b-48a4-bb38-4c01ff8ee2a5')]",
      "location": "[parameters('workspace-location')]",
      "apiVersion": "2023-04-01-preview",
      "dependsOn": [
        "[extensionResourceId(resourceId('Microsoft.OperationalInsights/workspaces', parameters('workspace')), 'Microsoft.SecurityInsights/contentPackages', '278592b5-612b-48a4-bb38-4c01ff8ee2a5')]"
      ],
      "properties": {
        "contentId": "278592b5-612b-48a4-bb38-4c01ff8ee2a5",
        "displayName": "SolarWinds Inventory",
        "contentKind": "HuntingQuery",
        "mainTemplate": {
          "$schema": "https://schema.management.azure.com/schemas/2019-04-01/deploymentTemplate.json#",
          "contentVersion": "1.0.0",
          "resources": [
            {
              "type": "Microsoft.OperationalInsights/savedSearches",
              "apiVersion": "2020-08-01",
              "name": "278592b5-612b-48a4-bb38-4c01ff8ee2a5",
              "location": "[parameters('workspace-location')]",
              "properties": {
                "eTag": "*",
                "displayName": "SolarWinds Inventory",
                "category": "Hunting Queries",
                "query": "\n(union isfuzzy=true \n( \nSecurityEvent  \n| where EventID == '4688' \n| where tolower(NewProcessName) has 'solarwinds' \n| extend MachineName = Computer , Process = NewProcessName\n| summarize StartTime = min(TimeGenerated), EndTime = max(TimeGenerated), MachineCount = dcount(MachineName), AccountCount = dcount(Account), MachineNames = make_set(MachineName), Accounts = make_set(Account) by Process, Type\n), \n( \nWindowsEvent  \n| where EventID == '4688' and EventData has \"solarwinds\"\n| extend NewProcessName = tostring(EventData.NewProcessName)\n| where tolower(NewProcessName) has 'solarwinds' \n| extend MachineName = Computer , Process = NewProcessName\n| extend Account =  strcat(tostring(EventData.SubjectDomainName),\"\\\\\", tostring(EventData.SubjectUserName))\n| summarize StartTime = min(TimeGenerated), EndTime = max(TimeGenerated), MachineCount = dcount(MachineName), AccountCount = dcount(Account), MachineNames = make_set(MachineName), Accounts = make_set(Account) by Process, Type\n), \n( \nDeviceProcessEvents \n| where tolower(InitiatingProcessFolderPath) has 'solarwinds' \n| extend MachineName = DeviceName , Process = InitiatingProcessFolderPath, Account = AccountName\n| summarize StartTime = min(TimeGenerated), EndTime = max(TimeGenerated), MachineCount = dcount(MachineName), AccountCount = dcount(Account), MachineNames = make_set(MachineName), Accounts = make_set(Account)  by Process, Type\n), \n( \nEvent \n| where Source == \"Microsoft-Windows-Sysmon\" \n| where EventID == 1 \n| extend Image = EventDetail.[4].[\"#text\"] \n| where tolower(Image) has 'solarwinds' \n| extend MachineName = Computer , Process = Image, Account = UserName\n| summarize StartTime = min(TimeGenerated), EndTime = max(TimeGenerated), MachineCount = dcount(MachineName), AccountCount = dcount(Account), MachineNames = make_set(MachineName), Accounts = make_set(Account)  by Process, Type\n) \n) \n",
                "version": 2,
                "tags": [
                  {
                    "name": "description",
                    "value": "Beyond your internal software management systems, it is possible you may not have visibility into your entire footprint of SolarWinds installations.  This is intended to help use process exection information to discovery any systems that have SolarWinds processes"
                  },
                  {
                    "name": "techniques",
                    "value": ""
                  },
                  {
                    "name": "tactics",
                    "value": "Execution"
                  }
                ]
              }
            },
            {
              "type": "Microsoft.OperationalInsights/workspaces/providers/metadata",
              "apiVersion": "2021-03-01-preview",
              "name": "[concat(parameters('workspace'),'/Microsoft.SecurityInsights/',concat('huntingQuery-', '278592b5-612b-48a4-bb38-4c01ff8ee2a5'))]",
              "properties": {
                "description": "Beyond your internal software management systems, it is possible you may not have visibility into your entire footprint of SolarWinds installations.  This is intended to help use process exection information to discovery any systems that have SolarWinds processes",
                "version": "1.0.0",
                "author": {
                  "name": "Shain"
                },
                "support": {
                  "tier": "Community",
                  "name": "Community",
                  "link": "https://github.com/Azure/Azure-Sentinel/issues"
                },
                "source": {
                  "kind": "Community",
                  "name": "Standalone"
                },
                "threatAnalysisTactics": [
                  "Execution"
                ],
                "threatAnalyticsTechniques": [
                  "T1072"
                ],
                "contentId": "278592b5-612b-48a4-bb38-4c01ff8ee2a5",
                "parentId": "278592b5-612b-48a4-bb38-4c01ff8ee2a5",
                "kind": "HuntingQuery",
                "dependencies": {
                  "operator": "AND",
                  "criteria": [
                    {
                      "contentId": "SecurityEvent",
                      "kind": "DataType"
                    },
                    {
                      "contentId": "DeviceProcessEvents",
                      "kind": "DataType"
                    },
                    {
                      "contentId": "SecurityEvents",
                      "kind": "DataType"
                    },
                    {
                      "contentId": "WindowsEvent",
                      "kind": "DataType"
                    }
                  ]
                }
              }
            }
          ]
        },
        "packageId": "278592b5-612b-48a4-bb38-4c01ff8ee2a5",
        "packageKind": "Standalone",
        "packageName": "SolarWinds Inventory",
        "contentProductId": "278592b5-612b-48a4-bb38-4c01ff8ee2a5-hq-kempgeepzf3ni",
        "id": "278592b5-612b-48a4-bb38-4c01ff8ee2a5-hq-kempgeepzf3ni",
        "packageVersion": "1.0.0",
        "version": "1.0.0"
      }
    },
    {
      "type": "Microsoft.OperationalInsights/workspaces/providers/contentPackages",
      "name": "278592b5-612b-48a4-bb38-4c01ff8ee2a5",
      "location": "[parameters('workspace-location')]",
      "apiVersion": "2023-04-01-preview",
      "properties": {
        "author": {
          "name": "Shain"
        },
        "categories": {
          "domains": [
            "Security - 0-day Vulnerability"
          ]
        },
        "dependencies": {
          "operator": "AND",
          "criteria": [
            {
              "contentId": "278592b5-612b-48a4-bb38-4c01ff8ee2a5",
              "kind": "HuntingQuery"
            }
          ]
        },
        "description": "Beyond your internal software management systems, it is possible you may not have visibility into your entire footprint of SolarWinds installations.  This is intended to help use process exection information to discovery any systems that have SolarWinds processes",
        "displayName": "SolarWinds Inventory",
        "source": {
          "kind": "Community",
          "name": "Standalone"
        },
        "support": {
          "tier": "Community",
          "name": "Community",
          "link": "https://github.com/Azure/Azure-Sentinel/issues"
        },
        "threatAnalysisTactics": [
          "Execution"
        ],
        "threatAnalyticsTechniques": [
          "T1072"
        ],
        "version": "1.0.0",
        "contentSchemaVersion": "3.0.0",
        "contentId": "278592b5-612b-48a4-bb38-4c01ff8ee2a5",
        "contentKind": "Standalone",
        "contentProductId": "278592b5-612b-48a4-bb38-4c01ff8ee2a5-sa-pfva6mjnx2vx4",
        "id": "278592b5-612b-48a4-bb38-4c01ff8ee2a5-sa-pfva6mjnx2vx4"
      }
    }
  ],
  "variables": {}
}