{
  "$schema": "https://schema.management.azure.com/schemas/2019-04-01/deploymentTemplate.json#",
  "contentVersion": "1.0.0.0",
  "metadata": {},
  "parameters": {
    "location": {
      "type": "string",
      "minLength": 1,
      "defaultValue": "[resourceGroup().location]",
      "metadata": {
        "description": "Not used, but needed to pass arm-ttk test `Location-Should-Not-Be-Hardcoded`.  We instead use the `workspace-location` which is derived from the LA workspace"
      }
    },
    "workspace-location": {
      "type": "string",
      "defaultValue": "",
      "metadata": {
        "description": "[concat('Region to deploy solution resources -- separate from location selection',parameters('location'))]"
      }
    },
    "workspace": {
      "defaultValue": "",
      "type": "string",
      "metadata": {
        "description": "Workspace name for Log Analytics where Microsoft Sentinel is setup"
      }
    }
  },
  "resources": [
    {
      "type": "Microsoft.OperationalInsights/workspaces/providers/contentTemplates",
      "name": "[concat(parameters('workspace'),'/Microsoft.SecurityInsights/', '472e83d6-ccec-47b8-b1cd-75500f936981')]",
      "location": "[parameters('workspace-location')]",
      "apiVersion": "2023-04-01-preview",
      "dependsOn": [
        "[extensionResourceId(resourceId('Microsoft.OperationalInsights/workspaces', parameters('workspace')), 'Microsoft.SecurityInsights/contentPackages', '472e83d6-ccec-47b8-b1cd-75500f936981')]"
      ],
      "properties": {
        "contentId": "472e83d6-ccec-47b8-b1cd-75500f936981",
        "displayName": "Permutations on logon attempts by UserPrincipalNames indicating potential brute force",
        "contentKind": "HuntingQuery",
        "mainTemplate": {
          "$schema": "https://schema.management.azure.com/schemas/2019-04-01/deploymentTemplate.json#",
          "contentVersion": "1.0.0",
          "resources": [
            {
              "type": "Microsoft.OperationalInsights/savedSearches",
              "apiVersion": "2020-08-01",
              "name": "472e83d6-ccec-47b8-b1cd-75500f936981",
              "location": "[parameters('workspace-location')]",
              "properties": {
                "eTag": "*",
                "displayName": "Permutations on logon attempts by UserPrincipalNames indicating potential brute force",
                "category": "Hunting Queries",
                "query": "\nlet fl_Min = 3;\nlet un_MatchMin = 2;\nlet upnFunc = (tableName:string){\ntable(tableName) \n| extend Operation = columnifexists(\"Operation\", \"Sign-in activity\")\n| where Operation == \"UserLoginFailed\" or Operation == \"Sign-in activity\"\n| extend Result = columnifexists(\"ResultType\", \"tempValue\")\n| extend Result = iff(Result == \"tempValue\", columnifexists(\"ResultStatus\", Result), Result)\n| extend ResultValue = case(Result == \"0\", \"Success\", Result == \"Success\" or Result == \"Succeeded\", \"Success\", Result)\n| where ResultValue != \"Success\"\n| extend UserPrincipalName = columnifexists(\"UserPrincipalName\", \"tempValue\") \n| extend UserPrincipalName = iff(tableName == \"OfficeActivity\", tolower(UserId), tolower(UserPrincipalName))\n| extend UPN = split(UserPrincipalName, \"@\")\n| extend UserNameOnly = tostring(UPN[0]), DomainOnly = tostring(UPN[1])\n| where UserNameOnly contains \".\" or UserPrincipalName contains \"-\" or UserPrincipalName contains \"_\"\n// Verify we only get accounts without other separators, it would be difficult to identify multi-level separators\n// Count of any that are not alphanumeric\n| extend charcount = countof(UserNameOnly, '[^0-9A-Za-z]', \"regex\")\n// Drop any that have non-alphanumeric characters still included\n| where charcount < 2\n// Creating array of name pairs that include the separators we are interested in, this can be added to if needed.\n| extend unoArray = case(\nUserNameOnly contains \".\", split(UserNameOnly, \".\"),\nUserNameOnly contains \"-\", split(UserNameOnly, \"-\"),\nUserNameOnly contains \"_\", split(UserNameOnly, \"_\"),\nUserNameOnly)\n| extend First = iff(isnotempty(tostring(parse_json(unoArray)[0])), tostring(parse_json(unoArray)[0]),tostring(unoArray))\n| extend Last = tostring(parse_json(unoArray)[1])\n| extend First4char = iff(countof(substring(First, 0,4), '[0-9A-Za-z]', \"regex\") >= 4, substring(First, 0,4), \"LessThan4\"),\nFirst6char = iff(countof(substring(First, 0,6), '[0-9A-Za-z]', \"regex\") >= 6, substring(First, 0,6), \"LessThan6\"),\nFirst8char = iff(countof(substring(First, 0,8), '[0-9A-Za-z]', \"regex\") >= 8, substring(First, 0,8), \"LessThan8\"),\nLast4char = iff(countof(substring(Last, 0,4), '[0-9A-Za-z]', \"regex\") >= 4, substring(Last, 0,4), \"LessThan4\"),\nLast6char = iff(countof(substring(Last, 0,6), '[0-9A-Za-z]', \"regex\") >= 6, substring(Last, 0,6), \"LessThan6\"),\nLast8char = iff(countof(substring(Last, 0,8), '[0-9A-Za-z]', \"regex\") >= 8, substring(Last, 0,8), \"LessThan8\")\n| where First != Last\n| summarize UserNames = makeset(UserNameOnly),\nfl_Count = count() by bin(TimeGenerated, 10m), First4char, First6char, First8char, Last4char, Last6char, Last8char, Type\n};\nlet SigninList = upnFunc(\"SigninLogs\");\nlet OffActList = upnFunc(\"OfficeActivity\");\nlet UserNameList = (union isfuzzy=true SigninList, OffActList);\nlet Char4List = UserNameList\n| project TimeGenerated, First4char, Last4char, UserNames, fl_Count, Type\n| where First4char != \"LessThan4\" and Last4char != \"LessThan4\";\n// Break out first and last so we can then join and see where a first and last match.\nlet First4charList = Char4List | where isnotempty(First4char)\n| summarize un_MatchOnFirst = makeset(UserNames),\nfl_CountForFirst = sum(fl_Count) by TimeGenerated, CharSet = First4char, Type\n| project TimeGenerated, CharSet, un_MatchOnFirst, un_MatchOnFirstCount = array_length(un_MatchOnFirst), fl_CountForFirst, Type;\nlet Last4charList = Char4List | where isnotempty(Last4char) \n| summarize un_MatchOnLast = makeset(UserNames), fl_CountForLast = sum(fl_Count) by TimeGenerated, CharSet = Last4char, Type\n| project TimeGenerated, CharSet, un_MatchOnLast, un_MatchOnLastCount = array_length(un_MatchOnLast), fl_CountForLast, Type;\nlet char4 = First4charList | join Last4charList on CharSet and TimeGenerated\n| project-away TimeGenerated1, CharSet1\n// Make sure that we get more than a single match for First or Last\n| where un_MatchOnFirstCount >= un_MatchMin or un_MatchOnLastCount >= un_MatchMin\n| where fl_CountForFirst >= fl_Min or fl_CountForLast >= fl_Min;\nlet Char6List = UserNameList\n| project TimeGenerated, First6char, Last6char, UserNames, fl_Count, Type\n| where First6char != \"LessThan6\" and Last6char != \"LessThan6\";\n// Break out first and last so we can then join and see where a first and last match.\nlet First6charList = Char6List | where isnotempty(First6char)\n| summarize un_MatchOnFirst = makeset(UserNames), fl_CountForFirst = sum(fl_Count) by TimeGenerated, CharSet = First6char, Type\n| project TimeGenerated, CharSet, un_MatchOnFirst, un_MatchOnFirstCount = array_length(un_MatchOnFirst), fl_CountForFirst, Type;\nlet Last6charList = Char6List | where isnotempty(Last6char)\n| summarize un_MatchOnLast = makeset(UserNames), fl_CountForLast = sum(fl_Count) by TimeGenerated, CharSet = Last6char, Type\n| project TimeGenerated, CharSet, un_MatchOnLast, un_MatchOnLastCount = array_length(un_MatchOnLast), fl_CountForLast, Type;\nlet char6 = First6charList | join Last6charList on CharSet and TimeGenerated\n| project-away TimeGenerated1, CharSet1\n// Make sure that we get more than a single match for First or Last\n| where un_MatchOnFirstCount >= un_MatchMin or un_MatchOnLastCount >= un_MatchMin\n| where fl_CountForFirst >= fl_Min or fl_CountForLast >= fl_Min;\nlet Char8List = UserNameList\n| project TimeGenerated, First8char, Last8char, UserNames, fl_Count, Type\n| where First8char != \"LessThan8\" and Last8char != \"LessThan8\";\n// Break out first and last so we can then join and see where a first and last match.\nlet First8charList = Char8List | where isnotempty(First8char)\n| summarize un_MatchOnFirst = makeset(UserNames), fl_CountForFirst = sum(fl_Count) by TimeGenerated, CharSet = First8char, Type\n| project TimeGenerated, CharSet, un_MatchOnFirst, un_MatchOnFirstCount = array_length(un_MatchOnFirst), fl_CountForFirst, Type; \nlet Last8charList = Char8List | where isnotempty(Last8char)\n| summarize un_MatchOnLast = makeset(UserNames), fl_CountForLast = sum(fl_Count) by TimeGenerated, CharSet = Last8char, Type\n| project TimeGenerated, CharSet, un_MatchOnLast, un_MatchOnLastCount = array_length(un_MatchOnLast), fl_CountForLast, Type;\nlet char8 = First8charList | join Last8charList on CharSet and TimeGenerated\n| project-away TimeGenerated1, CharSet1\n// Make sure that we get more than a single match for First or Last\n| where un_MatchOnFirstCount >= un_MatchMin or un_MatchOnLastCount >= un_MatchMin\n| where fl_CountForFirst >= fl_Min or fl_CountForLast >= fl_Min;\n(union isfuzzy=true char4, char6, char8)\n| project Type, TimeGenerated, CharSet, UserNameMatchOnFirst = un_MatchOnFirst, UserNameMatchOnFirstCount = un_MatchOnFirstCount,\nFailedLogonCountForFirst = fl_CountForFirst, UserNameMatchOnLast = un_MatchOnLast, UserNameMatchOnLastCount = un_MatchOnLastCount,\nFailedLogonCountForLast = fl_CountForLast\n| sort by UserNameMatchOnFirstCount desc, UserNameMatchOnLastCount desc\n| extend timestamp = TimeGenerated\n",
                "version": 2,
                "tags": [
                  {
                    "name": "description",
                    "value": "Attackers sometimes try variations on account logon names, this will identify failed attempts on logging in using permutations \nbased on known first and last name within 10m time windows, for UserPrincipalNames that separated by hyphen(-), underscore(_) and dot(.).\nIf there is iteration through these separators or order changes in the logon name it may indicate potential Brute Force logon attempts.\nFor example, attempts with first.last@example.com, last.first@example.com, first_last@example.com and so on."
                  },
                  {
                    "name": "techniques",
                    "value": ""
                  },
                  {
                    "name": "tactics",
                    "value": "CredentialAccess"
                  }
                ]
              }
            },
            {
              "type": "Microsoft.OperationalInsights/workspaces/providers/metadata",
              "apiVersion": "2021-03-01-preview",
              "name": "[concat(parameters('workspace'),'/Microsoft.SecurityInsights/',concat('huntingQuery-', '472e83d6-ccec-47b8-b1cd-75500f936981'))]",
              "properties": {
                "description": "Attackers sometimes try variations on account logon names, this will identify failed attempts on logging in using permutations \nbased on known first and last name within 10m time windows, for UserPrincipalNames that separated by hyphen(-), underscore(_) and dot(.).\nIf there is iteration through these separators or order changes in the logon name it may indicate potential Brute Force logon attempts.\nFor example, attempts with first.last@example.com, last.first@example.com, first_last@example.com and so on.",
                "version": "1.0.0",
                "author": {
                  "name": "Shain"
                },
                "support": {
                  "tier": "Community",
                  "name": "Community",
                  "link": "https://github.com/Azure/Azure-Sentinel/issues"
                },
                "source": {
                  "kind": "Community",
                  "name": "Standalone"
                },
                "threatAnalysisTactics": [
                  "CredentialAccess"
                ],
                "threatAnalyticsTechniques": [
                  "T1110"
                ],
                "contentId": "472e83d6-ccec-47b8-b1cd-75500f936981",
                "parentId": "472e83d6-ccec-47b8-b1cd-75500f936981",
                "kind": "HuntingQuery",
                "dependencies": {
                  "operator": "AND",
                  "criteria": [
                    {
                      "contentId": "SigninLogs",
                      "kind": "DataType"
                    },
                    {
                      "contentId": "OfficeActivity",
                      "kind": "DataType"
                    }
                  ]
                }
              }
            }
          ]
        },
        "packageId": "472e83d6-ccec-47b8-b1cd-75500f936981",
        "packageKind": "Standalone",
        "packageName": "Permutations on logon attempts by UserPrincipalNames indicating potential brute force",
        "contentProductId": "472e83d6-ccec-47b8-b1cd-75500f936981-hq-d7h4bz5556ilu",
        "id": "472e83d6-ccec-47b8-b1cd-75500f936981-hq-d7h4bz5556ilu",
        "packageVersion": "1.0.0",
        "version": "1.0.0"
      }
    },
    {
      "type": "Microsoft.OperationalInsights/workspaces/providers/contentPackages",
      "name": "[concat(parameters('workspace'),'/Microsoft.SecurityInsights/', '472e83d6-ccec-47b8-b1cd-75500f936981')]",
      "location": "[parameters('workspace-location')]",
      "apiVersion": "2023-04-01-preview",
      "properties": {
        "author": {
          "name": "Shain"
        },
        "categories": {
          "domains": [
            "Security - Other",
            "Identity"
          ]
        },
        "dependencies": {
          "operator": "AND",
          "criteria": [
            {
              "contentId": "472e83d6-ccec-47b8-b1cd-75500f936981",
              "kind": "HuntingQuery"
            }
          ]
        },
        "description": "Attackers sometimes try variations on account logon names, this will identify failed attempts on logging in using permutations \nbased on known first and last name within 10m time windows, for UserPrincipalNames that separated by hyphen(-), underscore(_) and dot(.).\nIf there is iteration through these separators or order changes in the logon name it may indicate potential Brute Force logon attempts.\nFor example, attempts with first.last@example.com, last.first@example.com, first_last@example.com and so on.",
        "displayName": "Permutations on logon attempts by UserPrincipalNames indicating potential brute force",
        "source": {
          "kind": "Community",
          "name": "Standalone"
        },
        "support": {
          "tier": "Community",
          "name": "Community",
          "link": "https://github.com/Azure/Azure-Sentinel/issues"
        },
        "threatAnalysisTactics": [
          "CredentialAccess"
        ],
        "threatAnalyticsTechniques": [
          "T1110"
        ],
        "version": "1.0.0",
        "contentSchemaVersion": "3.0.0",
        "contentId": "472e83d6-ccec-47b8-b1cd-75500f936981",
        "contentKind": "Standalone",
        "contentProductId": "472e83d6-ccec-47b8-b1cd-75500f936981-sa-iip7f2nua5dwi",
        "id": "472e83d6-ccec-47b8-b1cd-75500f936981-sa-iip7f2nua5dwi"
      }
    }
  ],
  "variables": {}
}