{
  "$schema": "https://schema.management.azure.com/schemas/2019-04-01/deploymentTemplate.json#",
  "contentVersion": "1.0.0.0",
  "metadata": {},
  "parameters": {
    "location": {
      "type": "string",
      "minLength": 1,
      "defaultValue": "[resourceGroup().location]",
      "metadata": {
        "description": "Not used, but needed to pass arm-ttk test `Location-Should-Not-Be-Hardcoded`.  We instead use the `workspace-location` which is derived from the LA workspace"
      }
    },
    "workspace-location": {
      "type": "string",
      "defaultValue": "",
      "metadata": {
        "description": "[concat('Region to deploy solution resources -- separate from location selection',parameters('location'))]"
      }
    },
    "workspace": {
      "defaultValue": "",
      "type": "string",
      "metadata": {
        "description": "Workspace name for Log Analytics where Microsoft Sentinel is setup"
      }
    }
  },
  "resources": [
    {
      "type": "Microsoft.OperationalInsights/workspaces/providers/contentTemplates",
      "name": "[concat(parameters('workspace'),'/Microsoft.SecurityInsights/', '562900b1-39c4-4baf-a050-9cad1641db35')]",
      "location": "[parameters('workspace-location')]",
      "apiVersion": "2023-04-01-preview",
      "dependsOn": [
        "[extensionResourceId(resourceId('Microsoft.OperationalInsights/workspaces', parameters('workspace')), 'Microsoft.SecurityInsights/contentPackages', '562900b1-39c4-4baf-a050-9cad1641db35')]"
      ],
      "properties": {
        "contentId": "562900b1-39c4-4baf-a050-9cad1641db35",
        "displayName": "Failed Login Attempt by Expired account",
        "contentKind": "HuntingQuery",
        "mainTemplate": {
          "$schema": "https://schema.management.azure.com/schemas/2019-04-01/deploymentTemplate.json#",
          "contentVersion": "1.0.0",
          "resources": [
            {
              "type": "Microsoft.OperationalInsights/savedSearches",
              "apiVersion": "2020-08-01",
              "name": "562900b1-39c4-4baf-a050-9cad1641db35",
              "location": "[parameters('workspace-location')]",
              "properties": {
                "eTag": "*",
                "displayName": "Failed Login Attempt by Expired account",
                "category": "Hunting Queries",
                "query": "\n(union isfuzzy=true\n(SecurityEvent \n| where EventID == 4625\n//4625: An account failed to log on\n| where AccountType == 'User' \n| where SubStatus == '0xc0000193' \n| extend Reason = \ncase\n( SubStatus == '0xc0000193', 'Windows EventID (4625) - Account has expired', \"Unknown\")\n| project Computer, Account,  Reason , TimeGenerated\n),\n(\nSecurityEvent \n| where EventID == 4769\n//4769: A Kerberos service ticket was requested ( Kerberos Auth)\n| parse EventData with * 'Status\">' Status \"<\" *\n| parse EventData with * 'TargetUserName\">' TargetUserName \"<\" *\n| where Status == '0x12'\n| where TargetUserName !has \"$\" and isnotempty(TargetUserName)\n| extend Reason = \ncase(\nStatus == '0x12', 'Windows EventID (4769) - Account disabled, expired, locked out',\n'Unknown'), Account = TargetUserName \n| project Computer, Account, Reason , TimeGenerated\n),\n(\nSecurityEvent\n| where EventID == 4776 \n// 4776: The domain controller attempted to validate the credentials for an account ( NTLM Auth)\n| where Status == \"0xc0000193\"\n| extend Reason = \ncase(\nErrorCode == '0xc0000193', 'Windows EventID (4776) - Account has expired',\n'Unknown'), Account = TargetAccount \n| parse EventData with * 'Workstation\">' Workstation \"<\" *\n| extend Workstation = trim_start(@\"[\\\\]*\", Workstation)\n| extend Computer = iff(isnotempty(Workstation), Workstation, Computer ) \n| project Computer, Account, Reason , TimeGenerated\n) ,\n(\nSigninLogs \n| where ResultType == \"50057\" \n| extend Reason = \ncase(\nResultType == '50057', 'SigninLogs( Result Code- 50057) - User account is disabled. The account has been disabled by an administrator.',\n'Unknown'), Account = UserPrincipalName \n| project Computer, Account, Reason , TimeGenerated\n) )\n| summarize StartTimeUtc = min(TimeGenerated), EndTImeUtc = max(TimeGenerated), EventCount = count() by Computer, Account, Reason\n| extend timestamp = StartTimeUtc, AccountCustomEntity = Account, HostCustomEntity = Computer\n| order by EventCount desc \n",
                "version": 2,
                "tags": [
                  {
                    "name": "description",
                    "value": "This query looks at Account Logon events found through Windows Event Id's as well as SigninLogs to discover \nlogin attempts by accounts that have expired."
                  },
                  {
                    "name": "techniques",
                    "value": ""
                  },
                  {
                    "name": "tactics",
                    "value": "InitialAccess"
                  }
                ]
              }
            },
            {
              "type": "Microsoft.OperationalInsights/workspaces/providers/metadata",
              "apiVersion": "2021-03-01-preview",
              "name": "[concat(parameters('workspace'),'/Microsoft.SecurityInsights/',concat('huntingQuery-', '562900b1-39c4-4baf-a050-9cad1641db35'))]",
              "properties": {
                "description": "This query looks at Account Logon events found through Windows Event Id's as well as SigninLogs to discover \nlogin attempts by accounts that have expired.",
                "version": "1.0.0",
                "author": {
                  "name": "Shain"
                },
                "support": {
                  "tier": "Community",
                  "name": "Community",
                  "link": "https://github.com/Azure/Azure-Sentinel/issues"
                },
                "source": {
                  "kind": "Community",
                  "name": "Standalone"
                },
                "threatAnalysisTactics": [
                  "InitialAccess"
                ],
                "threatAnalyticsTechniques": [
                  "T1078"
                ],
                "contentId": "562900b1-39c4-4baf-a050-9cad1641db35",
                "parentId": "562900b1-39c4-4baf-a050-9cad1641db35",
                "kind": "HuntingQuery",
                "dependencies": {
                  "operator": "AND",
                  "criteria": [
                    {
                      "contentId": "SigninLogs",
                      "kind": "DataType"
                    },
                    {
                      "contentId": "SecurityEvent",
                      "kind": "DataType"
                    }
                  ]
                }
              }
            }
          ]
        },
        "packageId": "562900b1-39c4-4baf-a050-9cad1641db35",
        "packageKind": "Standalone",
        "packageName": "Failed Login Attempt by Expired account",
        "contentProductId": "562900b1-39c4-4baf-a050-9cad1641db35-hq-mmdf52tv6opxu",
        "id": "562900b1-39c4-4baf-a050-9cad1641db35-hq-mmdf52tv6opxu",
        "packageVersion": "1.0.0",
        "version": "1.0.0"
      }
    },
    {
      "type": "Microsoft.OperationalInsights/workspaces/providers/contentPackages",
      "name": "[concat(parameters('workspace'),'/Microsoft.SecurityInsights/', '562900b1-39c4-4baf-a050-9cad1641db35')]",
      "location": "[parameters('workspace-location')]",
      "apiVersion": "2023-04-01-preview",
      "properties": {
        "author": {
          "name": "Shain"
        },
        "categories": {
          "domains": [
            "Security - Other",
            "Identity"
          ]
        },
        "dependencies": {
          "operator": "AND",
          "criteria": [
            {
              "contentId": "562900b1-39c4-4baf-a050-9cad1641db35",
              "kind": "HuntingQuery"
            }
          ]
        },
        "description": "This query looks at Account Logon events found through Windows Event Id's as well as SigninLogs to discover \nlogin attempts by accounts that have expired.",
        "displayName": "Failed Login Attempt by Expired account",
        "source": {
          "kind": "Community",
          "name": "Standalone"
        },
        "support": {
          "tier": "Community",
          "name": "Community",
          "link": "https://github.com/Azure/Azure-Sentinel/issues"
        },
        "threatAnalysisTactics": [
          "InitialAccess"
        ],
        "threatAnalyticsTechniques": [
          "T1078"
        ],
        "version": "1.0.0",
        "contentSchemaVersion": "3.0.0",
        "contentId": "562900b1-39c4-4baf-a050-9cad1641db35",
        "contentKind": "Standalone",
        "contentProductId": "562900b1-39c4-4baf-a050-9cad1641db35-sa-mghm3izdpeary",
        "id": "562900b1-39c4-4baf-a050-9cad1641db35-sa-mghm3izdpeary"
      }
    }
  ],
  "variables": {}
}