{
  "$schema": "https://schema.management.azure.com/schemas/2019-04-01/deploymentTemplate.json#",
  "contentVersion": "1.0.0.0",
  "metadata": {},
  "parameters": {
    "location": {
      "type": "string",
      "minLength": 1,
      "defaultValue": "[resourceGroup().location]",
      "metadata": {
        "description": "Not used, but needed to pass arm-ttk test `Location-Should-Not-Be-Hardcoded`.  We instead use the `workspace-location` which is derived from the LA workspace"
      }
    },
    "workspace-location": {
      "type": "string",
      "defaultValue": "",
      "metadata": {
        "description": "[concat('Region to deploy solution resources -- separate from location selection',parameters('location'))]"
      }
    },
    "workspace": {
      "defaultValue": "",
      "type": "string",
      "metadata": {
        "description": "Workspace name for Log Analytics where Microsoft Sentinel is setup"
      }
    }
  },
  "resources": [
    {
      "type": "Microsoft.OperationalInsights/workspaces/providers/contentTemplates",
      "name": "[concat(parameters('workspace'),'/Microsoft.SecurityInsights/', 'a787a819-40df-4c9f-a5ae-850d5a2a0cf6')]",
      "location": "[parameters('workspace-location')]",
      "apiVersion": "2023-04-01-preview",
      "dependsOn": [
        "[extensionResourceId(resourceId('Microsoft.OperationalInsights/workspaces', parameters('workspace')), 'Microsoft.SecurityInsights/contentPackages', 'a787a819-40df-4c9f-a5ae-850d5a2a0cf6')]"
      ],
      "properties": {
        "contentId": "a787a819-40df-4c9f-a5ae-850d5a2a0cf6",
        "displayName": "URI requests from single client",
        "contentKind": "HuntingQuery",
        "mainTemplate": {
          "$schema": "https://schema.management.azure.com/schemas/2019-04-01/deploymentTemplate.json#",
          "contentVersion": "1.0.0",
          "resources": [
            {
              "type": "Microsoft.OperationalInsights/savedSearches",
              "apiVersion": "2020-08-01",
              "name": "a787a819-40df-4c9f-a5ae-850d5a2a0cf6",
              "location": "[parameters('workspace-location')]",
              "properties": {
                "eTag": "*",
                "displayName": "URI requests from single client",
                "category": "Hunting Queries",
                "query": "\n\nlet clientThreshold = 1;\nlet scriptExtensions = dynamic([\".php\", \".aspx\", \".asp\", \".cfml\"]);\nlet data = W3CIISLog\n| where csUriStem has_any(scriptExtensions)\n// find sucessfull connection \n|where scStatus == 200\n//Exclude local addresses, needs editing to match your network configuration using ipv4_is_private operator\n|where ipv4_is_private(cIP) == false and  cIP !startswith \"fe80\" and cIP !startswith \"::\" and cIP !startswith \"127.\"\n// excluded internal web page \n|where ipv4_is_private(sIP) == false   \n| summarize StartTime = min(TimeGenerated), EndTime = max(TimeGenerated), makelist(cIP), count(TimeGenerated) by csUriStem, sSiteName, csUserAgent;\ndata\n| mvexpand list_cIP\n| distinct StartTime, EndTime, tostring(list_cIP), csUriStem, sSiteName, csUserAgent\n| summarize StartTime = min(StartTime), EndTime = max(StartTime), dcount(list_cIP), makelist(list_cIP), makelist(sSiteName) by csUriStem, csUserAgent\n| where dcount_list_cIP == clientThreshold \n//Selects user agent strings that are probably browsers, comment out to see all\n| where csUserAgent startswith \"Mozilla\"\n| extend timestamp = StartTime, UserAgentCustomEntity = csUserAgent\n",
                "version": 2,
                "tags": [
                  {
                    "name": "description",
                    "value": "This will look for connections to files on the server that are requested by only a single client. \nThis analytic will be effective where an actor is utilising relatively static operational IP addresses. The threshold can be modified. \nThe larger the execution window for this query the more reliable the results returned."
                  },
                  {
                    "name": "techniques",
                    "value": ""
                  },
                  {
                    "name": "tactics",
                    "value": "InitialAccess"
                  }
                ]
              }
            },
            {
              "type": "Microsoft.OperationalInsights/workspaces/providers/metadata",
              "apiVersion": "2021-03-01-preview",
              "name": "[concat(parameters('workspace'),'/Microsoft.SecurityInsights/',concat('huntingQuery-', 'a787a819-40df-4c9f-a5ae-850d5a2a0cf6'))]",
              "properties": {
                "description": "This will look for connections to files on the server that are requested by only a single client. \nThis analytic will be effective where an actor is utilising relatively static operational IP addresses. The threshold can be modified. \nThe larger the execution window for this query the more reliable the results returned.",
                "version": "1.0.0",
                "author": {
                  "name": "Thomas McElroy"
                },
                "support": {
                  "tier": "Community",
                  "name": "Community",
                  "link": "https://github.com/Azure/Azure-Sentinel/issues"
                },
                "source": {
                  "kind": "Community",
                  "name": "Standalone"
                },
                "threatAnalysisTactics": [
                  "InitialAccess"
                ],
                "threatAnalyticsTechniques": [
                  "T1190"
                ],
                "contentId": "a787a819-40df-4c9f-a5ae-850d5a2a0cf6",
                "parentId": "a787a819-40df-4c9f-a5ae-850d5a2a0cf6",
                "kind": "HuntingQuery",
                "dependencies": {
                  "operator": "AND",
                  "criteria": [
                    {
                      "contentId": "W3CIISLog",
                      "kind": "DataType"
                    }
                  ]
                }
              }
            }
          ]
        },
        "packageId": "a787a819-40df-4c9f-a5ae-850d5a2a0cf6",
        "packageKind": "Standalone",
        "packageName": "URI requests from single client",
        "contentProductId": "a787a819-40df-4c9f-a5ae-850d5a2a0cf6-hq-bu7fsdjjde7aq",
        "id": "a787a819-40df-4c9f-a5ae-850d5a2a0cf6-hq-bu7fsdjjde7aq",
        "packageVersion": "1.0.0",
        "version": "1.0.0"
      }
    },
    {
      "type": "Microsoft.OperationalInsights/workspaces/providers/contentPackages",
      "name": "[concat(parameters('workspace'),'/Microsoft.SecurityInsights/', 'a787a819-40df-4c9f-a5ae-850d5a2a0cf6')]",
      "location": "[parameters('workspace-location')]",
      "apiVersion": "2023-04-01-preview",
      "properties": {
        "author": {
          "name": "Thomas McElroy"
        },
        "categories": {
          "domains": [
            "Security - Other"
          ]
        },
        "dependencies": {
          "operator": "AND",
          "criteria": [
            {
              "contentId": "a787a819-40df-4c9f-a5ae-850d5a2a0cf6",
              "kind": "HuntingQuery"
            }
          ]
        },
        "description": "This will look for connections to files on the server that are requested by only a single client. \nThis analytic will be effective where an actor is utilising relatively static operational IP addresses. The threshold can be modified. \nThe larger the execution window for this query the more reliable the results returned.",
        "displayName": "URI requests from single client",
        "source": {
          "kind": "Community",
          "name": "Standalone"
        },
        "support": {
          "tier": "Community",
          "name": "Community",
          "link": "https://github.com/Azure/Azure-Sentinel/issues"
        },
        "threatAnalysisTactics": [
          "InitialAccess"
        ],
        "threatAnalyticsTechniques": [
          "T1190"
        ],
        "version": "1.0.0",
        "contentSchemaVersion": "3.0.0",
        "contentId": "a787a819-40df-4c9f-a5ae-850d5a2a0cf6",
        "contentKind": "Standalone",
        "contentProductId": "a787a819-40df-4c9f-a5ae-850d5a2a0cf6-sa-tkkjomhbtmww4",
        "id": "a787a819-40df-4c9f-a5ae-850d5a2a0cf6-sa-tkkjomhbtmww4"
      }
    }
  ],
  "variables": {}
}