{
  "$schema": "https://schema.management.azure.com/schemas/2019-04-01/deploymentTemplate.json#",
  "contentVersion": "1.0.0.0",
  "metadata": {},
  "parameters": {
    "location": {
      "type": "string",
      "minLength": 1,
      "defaultValue": "[resourceGroup().location]",
      "metadata": {
        "description": "Not used, but needed to pass arm-ttk test `Location-Should-Not-Be-Hardcoded`.  We instead use the `workspace-location` which is derived from the LA workspace"
      }
    },
    "workspace-location": {
      "type": "string",
      "defaultValue": "",
      "metadata": {
        "description": "[concat('Region to deploy solution resources -- separate from location selection',parameters('location'))]"
      }
    },
    "workspace": {
      "defaultValue": "",
      "type": "string",
      "metadata": {
        "description": "Workspace name for Log Analytics where Microsoft Sentinel is setup"
      }
    }
  },
  "resources": [
    {
      "type": "Microsoft.OperationalInsights/workspaces/providers/contentTemplates",
      "name": "[concat(parameters('workspace'),'/Microsoft.SecurityInsights/', 'd0a3cb7b-375e-402d-9827-adafe0ce386d')]",
      "location": "[parameters('workspace-location')]",
      "apiVersion": "2023-04-01-preview",
      "dependsOn": [
        "[extensionResourceId(resourceId('Microsoft.OperationalInsights/workspaces', parameters('workspace')), 'Microsoft.SecurityInsights/contentPackages', 'd0a3cb7b-375e-402d-9827-adafe0ce386d')]"
      ],
      "properties": {
        "contentId": "d0a3cb7b-375e-402d-9827-adafe0ce386d",
        "displayName": "Web shell file alert enrichment",
        "contentKind": "HuntingQuery",
        "mainTemplate": {
          "$schema": "https://schema.management.azure.com/schemas/2019-04-01/deploymentTemplate.json#",
          "contentVersion": "1.0.0",
          "resources": [
            {
              "type": "Microsoft.OperationalInsights/savedSearches",
              "apiVersion": "2020-08-01",
              "name": "d0a3cb7b-375e-402d-9827-adafe0ce386d",
              "location": "[parameters('workspace-location')]",
              "properties": {
                "eTag": "*",
                "displayName": "Web shell file alert enrichment",
                "category": "Hunting Queries",
                "query": "let scriptExtensions = dynamic([\".php\", \".jsp\", \".js\", \".aspx\", \".asmx\", \".asax\", \".cfm\", \".shtml\"]);  \nSecurityAlert   \n| where ProviderName =~ \"MDATP\" \n| extend alertData = parse_json(Entities)  \n| mvexpand alertData  \n// Get only the file type from the JSON, this gives us the file name\n| where alertData.Type =~ \"file\"  \n// This can be expanded to include other script extensions \n| where alertData.Name has_any(scriptExtensions)\n| extend FileName = alertData.Name \n| project TimeGenerated, tostring(FileName), alertData.Directory \n| join (  \nW3CIISLog    \n| where csUriStem has_any(scriptExtensions) \n| extend splitUriStem = split(csUriStem, \"/\")  \n| extend FileName = splitUriStem[-1] \n| summarize StartTime=min(TimeGenerated), EndTime=max(TimeGenerated) by AttackerIP=cIP, AttackerUserAgent=csUserAgent, SiteName=sSiteName, ShellLocation=csUriStem, tostring(FileName)  \n) on FileName \n| project StartTime, EndTime, AttackerIP, AttackerUserAgent, SiteName, ShellLocation\n| extend timestamp = StartTime, IPCustomEntity = AttackerIP  \n",
                "version": 2,
                "tags": [
                  {
                    "name": "description",
                    "value": "Extracts MDATP Alert for a web shell being placed on the server and then enriches this event with information from W3CIISLog to idnetigy the Attacker that placed the shell"
                  },
                  {
                    "name": "tactics",
                    "value": "PrivilegeEscalation,Persistence"
                  }
                ]
              }
            },
            {
              "type": "Microsoft.OperationalInsights/workspaces/providers/metadata",
              "apiVersion": "2021-03-01-preview",
              "name": "[concat(parameters('workspace'),'/Microsoft.SecurityInsights/',concat('huntingQuery-', 'd0a3cb7b-375e-402d-9827-adafe0ce386d'))]",
              "properties": {
                "description": "Extracts MDATP Alert for a web shell being placed on the server and then enriches this event with information from W3CIISLog to idnetigy the Attacker that placed the shell",
                "version": "1.0.0",
                "author": {
                  "name": "Thomas McElroy"
                },
                "support": {
                  "tier": "Community",
                  "name": "Community",
                  "link": "https://github.com/Azure/Azure-Sentinel/issues"
                },
                "source": {
                  "kind": "Community",
                  "name": "Standalone"
                },
                "threatAnalysisTactics": [
                  "PrivilegeEscalation",
                  "Persistence"
                ],
                "contentId": "d0a3cb7b-375e-402d-9827-adafe0ce386d",
                "parentId": "d0a3cb7b-375e-402d-9827-adafe0ce386d",
                "kind": "HuntingQuery",
                "dependencies": {
                  "operator": "AND",
                  "criteria": [
                    {
                      "contentId": "SecurityAlert",
                      "kind": "DataType"
                    },
                    {
                      "contentId": "W3CIISLog",
                      "kind": "DataType"
                    }
                  ]
                }
              }
            }
          ]
        },
        "packageId": "d0a3cb7b-375e-402d-9827-adafe0ce386d",
        "packageKind": "Standalone",
        "packageName": "Web shell file alert enrichment",
        "contentProductId": "d0a3cb7b-375e-402d-9827-adafe0ce386d-hq-7gq3tsgqw34oo",
        "id": "d0a3cb7b-375e-402d-9827-adafe0ce386d-hq-7gq3tsgqw34oo",
        "packageVersion": "1.0.0",
        "version": "1.0.0"
      }
    },
    {
      "type": "Microsoft.OperationalInsights/workspaces/providers/contentPackages",
      "name": "[concat(parameters('workspace'),'/Microsoft.SecurityInsights/', 'd0a3cb7b-375e-402d-9827-adafe0ce386d')]",
      "location": "[parameters('workspace-location')]",
      "apiVersion": "2023-04-01-preview",
      "properties": {
        "author": {
          "name": "Thomas McElroy"
        },
        "categories": {
          "domains": [
            "Security - Threat Protection"
          ]
        },
        "dependencies": {
          "operator": "AND",
          "criteria": [
            {
              "contentId": "d0a3cb7b-375e-402d-9827-adafe0ce386d",
              "kind": "HuntingQuery"
            }
          ]
        },
        "description": "Extracts MDATP Alert for a web shell being placed on the server and then enriches this event with information from W3CIISLog to idnetigy the Attacker that placed the shell",
        "displayName": "Web shell file alert enrichment",
        "source": {
          "kind": "Community",
          "name": "Standalone"
        },
        "support": {
          "tier": "Community",
          "name": "Community",
          "link": "https://github.com/Azure/Azure-Sentinel/issues"
        },
        "threatAnalysisTactics": [
          "PrivilegeEscalation",
          "Persistence"
        ],
        "version": "1.0.0",
        "contentSchemaVersion": "3.0.0",
        "contentId": "d0a3cb7b-375e-402d-9827-adafe0ce386d",
        "contentKind": "Standalone",
        "contentProductId": "d0a3cb7b-375e-402d-9827-adafe0ce386d-sa-ofg35l55ayk7k",
        "id": "d0a3cb7b-375e-402d-9827-adafe0ce386d-sa-ofg35l55ayk7k"
      }
    }
  ],
  "variables": {}
}