{
  "$schema": "https://schema.management.azure.com/schemas/2019-04-01/deploymentTemplate.json#",
  "contentVersion": "1.0.0.0",
  "metadata": {},
  "parameters": {
    "location": {
      "type": "string",
      "minLength": 1,
      "defaultValue": "[resourceGroup().location]",
      "metadata": {
        "description": "Not used, but needed to pass arm-ttk test `Location-Should-Not-Be-Hardcoded`.  We instead use the `workspace-location` which is derived from the LA workspace"
      }
    },
    "workspace-location": {
      "type": "string",
      "defaultValue": "",
      "metadata": {
        "description": "[concat('Region to deploy solution resources -- separate from location selection',parameters('location'))]"
      }
    },
    "workspace": {
      "defaultValue": "",
      "type": "string",
      "metadata": {
        "description": "Workspace name for Log Analytics where Microsoft Sentinel is setup"
      }
    }
  },
  "resources": [
    {
      "type": "Microsoft.OperationalInsights/workspaces/providers/contentTemplates",
      "name": "[concat(parameters('workspace'),'/Microsoft.SecurityInsights/', '98e4df23-7bd2-480d-814a-a03f77efc670')]",
      "location": "[parameters('workspace-location')]",
      "apiVersion": "2023-04-01-preview",
      "dependsOn": [
        "[extensionResourceId(resourceId('Microsoft.OperationalInsights/workspaces', parameters('workspace')), 'Microsoft.SecurityInsights/contentPackages', '98e4df23-7bd2-480d-814a-a03f77efc670')]"
      ],
      "properties": {
        "contentId": "98e4df23-7bd2-480d-814a-a03f77efc670",
        "displayName": "New ServicePrincipal running queries",
        "contentKind": "HuntingQuery",
        "mainTemplate": {
          "$schema": "https://schema.management.azure.com/schemas/2019-04-01/deploymentTemplate.json#",
          "contentVersion": "1.0.0",
          "resources": [
            {
              "type": "Microsoft.OperationalInsights/savedSearches",
              "apiVersion": "2020-08-01",
              "name": "98e4df23-7bd2-480d-814a-a03f77efc670",
              "location": "[parameters('workspace-location')]",
              "properties": {
                "eTag": "*",
                "displayName": "New ServicePrincipal running queries",
                "category": "Hunting Queries",
                "query": "\nlet starttime = todatetime('{{StartTimeISO}}');\nlet endtime = todatetime('{{EndTimeISO}}');\nlet lookback = totimespan((endtime-starttime)*7);\nLAQueryLogs\n| where TimeGenerated between (ago(lookback)..starttime)\n| where ResponseCode == 200 and RequestClientApp != \"AppAnalytics\" and AADEmail !contains \"@\"\n| distinct AADClientId\n| join kind=rightanti(\nLAQueryLogs\n| where TimeGenerated between(starttime..endtime)\n| where ResponseCode == 200 and RequestClientApp != \"AppAnalytics\" and AADEmail !contains \"@\"\n)\non AADClientId\n| extend timestamp = TimeGenerated, AccountCustomEntity = AADEmail\n",
                "version": 2,
                "tags": [
                  {
                    "name": "description",
                    "value": "This hunting query looks for new Service Principals running queries that have not previously been seen running queries."
                  },
                  {
                    "name": "techniques",
                    "value": ""
                  },
                  {
                    "name": "tactics",
                    "value": "Collection,Exfiltration"
                  }
                ]
              }
            },
            {
              "type": "Microsoft.OperationalInsights/workspaces/providers/metadata",
              "apiVersion": "2021-03-01-preview",
              "name": "[concat(parameters('workspace'),'/Microsoft.SecurityInsights/',concat('huntingQuery-', '98e4df23-7bd2-480d-814a-a03f77efc670'))]",
              "properties": {
                "description": "This hunting query looks for new Service Principals running queries that have not previously been seen running queries.",
                "version": "1.0.0",
                "author": {
                  "name": "Pete Bryan"
                },
                "support": {
                  "tier": "Microsoft",
                  "name": "Microsoft",
                  "email": "support@microsoft.com",
                  "link": "https://support.microsoft.com"
                },
                "source": {
                  "kind": "Community",
                  "name": "Standalone"
                },
                "threatAnalysisTactics": [
                  "Collection",
                  "Exfiltration"
                ],
                "threatAnalyticsTechniques": [
                  "T1530",
                  "T1213",
                  "T1020"
                ],
                "contentId": "98e4df23-7bd2-480d-814a-a03f77efc670",
                "parentId": "98e4df23-7bd2-480d-814a-a03f77efc670",
                "kind": "HuntingQuery",
                "dependencies": {
                  "operator": "AND",
                  "criteria": [
                    {
                      "contentId": "LAQueryLogs",
                      "kind": "DataType"
                    }
                  ]
                }
              }
            }
          ]
        },
        "packageId": "98e4df23-7bd2-480d-814a-a03f77efc670",
        "packageKind": "Standalone",
        "packageName": "New ServicePrincipal running queries",
        "contentProductId": "98e4df23-7bd2-480d-814a-a03f77efc670-hq-pl32w622uisv2",
        "id": "98e4df23-7bd2-480d-814a-a03f77efc670-hq-pl32w622uisv2",
        "packageVersion": "1.0.0",
        "version": "1.0.0"
      }
    },
    {
      "type": "Microsoft.OperationalInsights/workspaces/providers/contentPackages",
      "name": "[concat(parameters('workspace'),'/Microsoft.SecurityInsights/', '98e4df23-7bd2-480d-814a-a03f77efc670')]",
      "location": "[parameters('workspace-location')]",
      "apiVersion": "2023-04-01-preview",
      "properties": {
        "author": {
          "name": "Pete Bryan"
        },
        "categories": {
          "domains": [
            "Security - Threat Protection"
          ]
        },
        "dependencies": {
          "operator": "AND",
          "criteria": [
            {
              "contentId": "98e4df23-7bd2-480d-814a-a03f77efc670",
              "kind": "HuntingQuery"
            }
          ]
        },
        "description": "This hunting query looks for new Service Principals running queries that have not previously been seen running queries.",
        "displayName": "New ServicePrincipal running queries",
        "source": {
          "kind": "Community",
          "name": "Standalone"
        },
        "support": {
          "tier": "Microsoft",
          "name": "Microsoft",
          "email": "support@microsoft.com",
          "link": "https://support.microsoft.com"
        },
        "threatAnalysisTactics": [
          "Collection",
          "Exfiltration"
        ],
        "threatAnalyticsTechniques": [
          "T1530",
          "T1213",
          "T1020"
        ],
        "version": "1.0.0",
        "contentSchemaVersion": "3.0.0",
        "contentId": "98e4df23-7bd2-480d-814a-a03f77efc670",
        "contentKind": "Standalone",
        "contentProductId": "98e4df23-7bd2-480d-814a-a03f77efc670-sa-43kam7yanmpao",
        "id": "98e4df23-7bd2-480d-814a-a03f77efc670-sa-43kam7yanmpao"
      }
    }
  ],
  "variables": {}
}