{
  "$schema": "https://schema.management.azure.com/schemas/2019-04-01/deploymentTemplate.json#",
  "contentVersion": "1.0.0.0",
  "metadata": {},
  "parameters": {
    "location": {
      "type": "string",
      "minLength": 1,
      "defaultValue": "[resourceGroup().location]",
      "metadata": {
        "description": "Not used, but needed to pass arm-ttk test `Location-Should-Not-Be-Hardcoded`.  We instead use the `workspace-location` which is derived from the LA workspace"
      }
    },
    "workspace-location": {
      "type": "string",
      "defaultValue": "",
      "metadata": {
        "description": "[concat('Region to deploy solution resources -- separate from location selection',parameters('location'))]"
      }
    },
    "workspace": {
      "defaultValue": "",
      "type": "string",
      "metadata": {
        "description": "Workspace name for Log Analytics where Microsoft Sentinel is setup"
      }
    }
  },
  "resources": [
    {
      "type": "Microsoft.OperationalInsights/workspaces/providers/contentTemplates",
      "name": "[concat(parameters('workspace'),'/Microsoft.SecurityInsights/', '0ef8dee1-eb94-44c8-b59b-2eb096a4b983')]",
      "location": "[parameters('workspace-location')]",
      "apiVersion": "2023-04-01-preview",
      "dependsOn": [
        "[extensionResourceId(resourceId('Microsoft.OperationalInsights/workspaces', parameters('workspace')), 'Microsoft.SecurityInsights/contentPackages', '0ef8dee1-eb94-44c8-b59b-2eb096a4b983')]"
      ],
      "properties": {
        "contentId": "0ef8dee1-eb94-44c8-b59b-2eb096a4b983",
        "displayName": "S3 Bucket outbound Data transfer anomaly",
        "contentKind": "HuntingQuery",
        "mainTemplate": {
          "$schema": "https://schema.management.azure.com/schemas/2019-04-01/deploymentTemplate.json#",
          "contentVersion": "1.0.0",
          "resources": [
            {
              "type": "Microsoft.OperationalInsights/savedSearches",
              "apiVersion": "2020-08-01",
              "name": "0ef8dee1-eb94-44c8-b59b-2eb096a4b983",
              "location": "[parameters('workspace-location')]",
              "properties": {
                "eTag": "*",
                "displayName": "S3 Bucket outbound Data transfer anomaly",
                "category": "Hunting Queries",
                "query": "\nlet starttime = todatetime('{{StartTimeISO}}');\nlet endtime = todatetime('{{EndTimeISO}}');\nlet lookback = starttime - 14d;\nlet timeframe = 1h;\nlet scorethreshold = 1.5;\n// Preparing the time series data aggregated on BytesTransferredOut column in the form of multi-value array so that it can be used with time series anomaly function.\nlet TimeSeriesData=\nAwsBucketAPILogs_CL\n| where EventTime between (lookback..endtime)\n| where EventName == \"GetObject\"\n| make-series Total=sum(BytesTransferredOut) on EventTime from startofday(starttime) to startofday(endtime) step timeframe;\n// Use the time series data prepared in previous step with time series aomaly function to generate baseline pattern and flag the outlier based on scorethreshold value.\nlet TimeSeriesAlerts = TimeSeriesData\n| extend (anomalies, score, baseline) = series_decompose_anomalies(Total, scorethreshold, -1, 'linefit')\n| mv-expand Total to typeof(double), EventTime to typeof(datetime), anomalies to typeof(double), score to typeof(double), baseline to typeof(long)\n| where anomalies > 0\n| project EventTime, Total, baseline, anomalies, score;\n// Joining the flagged outlier from the previous step with the original dataset to present contextual information during the anomalyhour to analysts to conduct investigation or informed decistions.\nTimeSeriesAlerts\n| join\n(\n  AWSS3BucketAPILogParsed\n  | where EventTime between (startofday(lookback)..endofday(endtime))\n  | where EventName == \"GetObject\"\n  | summarize Total = sum(BytesTransferredOut), Files= makeset(Key) , max(EventTime) by bin(EventTime, 1h), EventSource,EventName, SourceIPAddress, UserIdentityType, UserIdentityArn, UserIdentityUserName, BucketName, Host, AuthenticationMethod, SessionMfaAuthenticated, SessionUserName\n) on EventTime\n| project AnomalyTime = max_EventTime, SourceIPAddress, UserIdentityType,UserIdentityUserName,SessionUserName, BucketName, Host, AuthenticationMethod, Files, Total, baseline, anomalies, score\n| extend timestamp = AnomalyTime, AccountCustomEntity = SessionUserName , HostCustomEntity = Host, IPCustomEntity = SourceIPAddress\n",
                "version": 2,
                "tags": [
                  {
                    "name": "description",
                    "value": "Identifies when an anomalous spike occur in data transfer from an S3 bucket based on GetObject API call and the BytesTransferredOut field.\nThe query leverages KQL built-in anomaly detection algorithms to find large deviations from baseline patterns.\nSudden increases in execution frequency of sensitive actions should be further investigated for malicious activity.\nManually change scorethreshold from 1.5 to 3 or higher to reduce the noise based on outliers flagged from the query criteria.\nRead more about ingest custom logs using Logstash at https://github.com/Azure/Azure-Sentinel/wiki/Ingest-Custom-Logs-LogStash\nAWS S3 API GetObject at https://docs.aws.amazon.com/AmazonS3/latest/API/API_GetObject.html\nS3 LogStash Config: https://github.com/Azure/Azure-Sentinel/blob/master/Parsers/Logstash/input-aws_s3-output-loganalytics.conf\nS3 KQL Parser: https://github.com/Azure/Azure-Sentinel/blob/master/Parsers/AwsS3BucketAPILogsParser.txt"
                  },
                  {
                    "name": "techniques",
                    "value": ""
                  },
                  {
                    "name": "tactics",
                    "value": "Exfiltration"
                  }
                ]
              }
            },
            {
              "type": "Microsoft.OperationalInsights/workspaces/providers/metadata",
              "apiVersion": "2021-03-01-preview",
              "name": "[concat(parameters('workspace'),'/Microsoft.SecurityInsights/',concat('huntingQuery-', '0ef8dee1-eb94-44c8-b59b-2eb096a4b983'))]",
              "properties": {
                "description": "Identifies when an anomalous spike occur in data transfer from an S3 bucket based on GetObject API call and the BytesTransferredOut field.\nThe query leverages KQL built-in anomaly detection algorithms to find large deviations from baseline patterns.\nSudden increases in execution frequency of sensitive actions should be further investigated for malicious activity.\nManually change scorethreshold from 1.5 to 3 or higher to reduce the noise based on outliers flagged from the query criteria.\nRead more about ingest custom logs using Logstash at https://github.com/Azure/Azure-Sentinel/wiki/Ingest-Custom-Logs-LogStash\nAWS S3 API GetObject at https://docs.aws.amazon.com/AmazonS3/latest/API/API_GetObject.html\nS3 LogStash Config: https://github.com/Azure/Azure-Sentinel/blob/master/Parsers/Logstash/input-aws_s3-output-loganalytics.conf\nS3 KQL Parser: https://github.com/Azure/Azure-Sentinel/blob/master/Parsers/AwsS3BucketAPILogsParser.txt",
                "version": "1.0.0",
                "author": {
                  "name": "Ashwin Patil"
                },
                "support": {
                  "tier": "Community",
                  "name": "Community",
                  "link": "https://github.com/Azure/Azure-Sentinel/issues"
                },
                "source": {
                  "kind": "Community",
                  "name": "Standalone"
                },
                "threatAnalysisTactics": [
                  "Exfiltration"
                ],
                "threatAnalyticsTechniques": [
                  "T1020"
                ],
                "contentId": "0ef8dee1-eb94-44c8-b59b-2eb096a4b983",
                "parentId": "0ef8dee1-eb94-44c8-b59b-2eb096a4b983",
                "kind": "HuntingQuery"
              }
            }
          ]
        },
        "packageId": "0ef8dee1-eb94-44c8-b59b-2eb096a4b983",
        "packageKind": "Standalone",
        "packageName": "S3 Bucket outbound Data transfer anomaly",
        "contentProductId": "0ef8dee1-eb94-44c8-b59b-2eb096a4b983-hq-toysadvgszu6g",
        "id": "0ef8dee1-eb94-44c8-b59b-2eb096a4b983-hq-toysadvgszu6g",
        "packageVersion": "1.0.0",
        "version": "1.0.0"
      }
    },
    {
      "type": "Microsoft.OperationalInsights/workspaces/providers/contentPackages",
      "name": "[concat(parameters('workspace'),'/Microsoft.SecurityInsights/', '0ef8dee1-eb94-44c8-b59b-2eb096a4b983')]",
      "location": "[parameters('workspace-location')]",
      "apiVersion": "2023-04-01-preview",
      "properties": {
        "author": {
          "name": "Ashwin Patil"
        },
        "categories": {
          "domains": [
            "Security - Threat Protection",
            "Cloud Provider"
          ]
        },
        "dependencies": {
          "operator": "AND",
          "criteria": [
            {
              "contentId": "0ef8dee1-eb94-44c8-b59b-2eb096a4b983",
              "kind": "HuntingQuery"
            }
          ]
        },
        "description": "Identifies when an anomalous spike occur in data transfer from an S3 bucket based on GetObject API call and the BytesTransferredOut field.\nThe query leverages KQL built-in anomaly detection algorithms to find large deviations from baseline patterns.\nSudden increases in execution frequency of sensitive actions should be further investigated for malicious activity.\nManually change scorethreshold from 1.5 to 3 or higher to reduce the noise based on outliers flagged from the query criteria.\nRead more about ingest custom logs using Logstash at https://github.com/Azure/Azure-Sentinel/wiki/Ingest-Custom-Logs-LogStash\nAWS S3 API GetObject at https://docs.aws.amazon.com/AmazonS3/latest/API/API_GetObject.html\nS3 LogStash Config: https://github.com/Azure/Azure-Sentinel/blob/master/Parsers/Logstash/input-aws_s3-output-loganalytics.conf\nS3 KQL Parser: https://github.com/Azure/Azure-Sentinel/blob/master/Parsers/AwsS3BucketAPILogsParser.txt",
        "displayName": "S3 Bucket outbound Data transfer anomaly",
        "source": {
          "kind": "Community",
          "name": "Standalone"
        },
        "support": {
          "tier": "Community",
          "name": "Community",
          "link": "https://github.com/Azure/Azure-Sentinel/issues"
        },
        "threatAnalysisTactics": [
          "Exfiltration"
        ],
        "threatAnalyticsTechniques": [
          "T1020"
        ],
        "version": "1.0.0",
        "contentSchemaVersion": "3.0.0",
        "contentId": "0ef8dee1-eb94-44c8-b59b-2eb096a4b983",
        "contentKind": "Standalone",
        "contentProductId": "0ef8dee1-eb94-44c8-b59b-2eb096a4b983-sa-yn6a7iaugt2ig",
        "id": "0ef8dee1-eb94-44c8-b59b-2eb096a4b983-sa-yn6a7iaugt2ig"
      }
    }
  ],
  "variables": {}
}