{
  "$schema": "https://schema.management.azure.com/schemas/2019-04-01/deploymentTemplate.json#",
  "contentVersion": "1.0.0.0",
  "metadata": {},
  "parameters": {
    "location": {
      "type": "string",
      "minLength": 1,
      "defaultValue": "[resourceGroup().location]",
      "metadata": {
        "description": "Not used, but needed to pass arm-ttk test `Location-Should-Not-Be-Hardcoded`.  We instead use the `workspace-location` which is derived from the LA workspace"
      }
    },
    "workspace-location": {
      "type": "string",
      "defaultValue": "",
      "metadata": {
        "description": "[concat('Region to deploy solution resources -- separate from location selection',parameters('location'))]"
      }
    },
    "workspace": {
      "defaultValue": "",
      "type": "string",
      "metadata": {
        "description": "Workspace name for Log Analytics where Microsoft Sentinel is setup"
      }
    }
  },
  "resources": [
    {
      "type": "Microsoft.OperationalInsights/workspaces/providers/contentTemplates",
      "name": "[concat(parameters('workspace'),'/Microsoft.SecurityInsights/', '29752996-e85d-4905-a0e1-a7dcdfcda283')]",
      "location": "[parameters('workspace-location')]",
      "apiVersion": "2023-04-01-preview",
      "dependsOn": [
        "[extensionResourceId(resourceId('Microsoft.OperationalInsights/workspaces', parameters('workspace')), 'Microsoft.SecurityInsights/contentPackages', '29752996-e85d-4905-a0e1-a7dcdfcda283')]"
      ],
      "properties": {
        "contentId": "29752996-e85d-4905-a0e1-a7dcdfcda283",
        "displayName": "New domain added to Whitelist",
        "contentKind": "HuntingQuery",
        "mainTemplate": {
          "$schema": "https://schema.management.azure.com/schemas/2019-04-01/deploymentTemplate.json#",
          "contentVersion": "1.0.0",
          "resources": [
            {
              "type": "Microsoft.OperationalInsights/savedSearches",
              "apiVersion": "2020-08-01",
              "name": "29752996-e85d-4905-a0e1-a7dcdfcda283",
              "location": "[parameters('workspace-location')]",
              "properties": {
                "eTag": "*",
                "displayName": "New domain added to Whitelist",
                "category": "Hunting Queries",
                "query": "\nZoomLogs \n| where Event =~ \"account.settings_updated\"\n| extend NewDomains = columnifexists(\"payload_object_enforce_logon_domains\", \"\")\n| where isnotempty(NewDomains)\n| project TimeGenerated, Event, User, NewDomains\n| extend timestamp = TimeGenerated, AccountCustomEntity = User\n",
                "version": 2,
                "tags": [
                  {
                    "name": "description",
                    "value": "This hunting query identifies new domains added to the domain login whitelist in Zoom."
                  },
                  {
                    "name": "techniques",
                    "value": ""
                  },
                  {
                    "name": "tactics",
                    "value": "Persistence"
                  }
                ]
              }
            },
            {
              "type": "Microsoft.OperationalInsights/workspaces/providers/metadata",
              "apiVersion": "2021-03-01-preview",
              "name": "[concat(parameters('workspace'),'/Microsoft.SecurityInsights/',concat('huntingQuery-', '29752996-e85d-4905-a0e1-a7dcdfcda283'))]",
              "properties": {
                "description": "This hunting query identifies new domains added to the domain login whitelist in Zoom.",
                "version": "1.0.0",
                "author": {
                  "name": "Pete Bryan"
                },
                "support": {
                  "tier": "Community",
                  "name": "Community",
                  "link": "https://github.com/Azure/Azure-Sentinel/issues"
                },
                "source": {
                  "kind": "Community",
                  "name": "Standalone"
                },
                "threatAnalysisTactics": [
                  "Persistence"
                ],
                "threatAnalyticsTechniques": [
                  "T1098"
                ],
                "contentId": "29752996-e85d-4905-a0e1-a7dcdfcda283",
                "parentId": "29752996-e85d-4905-a0e1-a7dcdfcda283",
                "kind": "HuntingQuery"
              }
            }
          ]
        },
        "packageId": "29752996-e85d-4905-a0e1-a7dcdfcda283",
        "packageKind": "Standalone",
        "packageName": "New domain added to Whitelist",
        "contentProductId": "29752996-e85d-4905-a0e1-a7dcdfcda283-hq-6f7vmkdkj732o",
        "id": "29752996-e85d-4905-a0e1-a7dcdfcda283-hq-6f7vmkdkj732o",
        "packageVersion": "1.0.0",
        "version": "1.0.0"
      }
    },
    {
      "type": "Microsoft.OperationalInsights/workspaces/providers/contentPackages",
      "name": "[concat(parameters('workspace'),'/Microsoft.SecurityInsights/', '29752996-e85d-4905-a0e1-a7dcdfcda283')]",
      "location": "[parameters('workspace-location')]",
      "apiVersion": "2023-04-01-preview",
      "properties": {
        "author": {
          "name": "Pete Bryan"
        },
        "categories": {
          "domains": [
            "Security - Other"
          ]
        },
        "dependencies": {
          "operator": "AND",
          "criteria": [
            {
              "contentId": "29752996-e85d-4905-a0e1-a7dcdfcda283",
              "kind": "HuntingQuery"
            }
          ]
        },
        "description": "This hunting query identifies new domains added to the domain login whitelist in Zoom.",
        "displayName": "New domain added to Whitelist",
        "source": {
          "kind": "Community",
          "name": "Standalone"
        },
        "support": {
          "tier": "Community",
          "name": "Community",
          "link": "https://github.com/Azure/Azure-Sentinel/issues"
        },
        "threatAnalysisTactics": [
          "Persistence"
        ],
        "threatAnalyticsTechniques": [
          "T1098"
        ],
        "version": "1.0.0",
        "contentSchemaVersion": "3.0.0",
        "contentId": "29752996-e85d-4905-a0e1-a7dcdfcda283",
        "contentKind": "Standalone",
        "contentProductId": "29752996-e85d-4905-a0e1-a7dcdfcda283-sa-xkpsnwfcqivqc",
        "id": "29752996-e85d-4905-a0e1-a7dcdfcda283-sa-xkpsnwfcqivqc"
      }
    }
  ],
  "variables": {}
}