{
  "$schema": "https://schema.management.azure.com/schemas/2019-04-01/deploymentTemplate.json#",
  "contentVersion": "1.0.0.0",
  "metadata": {},
  "parameters": {
    "location": {
      "type": "string",
      "minLength": 1,
      "defaultValue": "[resourceGroup().location]",
      "metadata": {
        "description": "Not used, but needed to pass arm-ttk test `Location-Should-Not-Be-Hardcoded`.  We instead use the `workspace-location` which is derived from the LA workspace"
      }
    },
    "workspace-location": {
      "type": "string",
      "defaultValue": "",
      "metadata": {
        "description": "[concat('Region to deploy solution resources -- separate from location selection',parameters('location'))]"
      }
    },
    "workspace": {
      "defaultValue": "",
      "type": "string",
      "metadata": {
        "description": "Workspace name for Log Analytics where Microsoft Sentinel is setup"
      }
    }
  },
  "resources": [
    {
      "type": "Microsoft.OperationalInsights/workspaces/providers/contentTemplates",
      "name": "[concat(parameters('workspace'),'/Microsoft.SecurityInsights/', '0cd51b2e-d3b2-4001-8e3f-5cbb604f69b2')]",
      "location": "[parameters('workspace-location')]",
      "apiVersion": "2023-04-01-preview",
      "dependsOn": [
        "[extensionResourceId(resourceId('Microsoft.OperationalInsights/workspaces', parameters('workspace')), 'Microsoft.SecurityInsights/contentPackages', '0cd51b2e-d3b2-4001-8e3f-5cbb604f69b2')]"
      ],
      "properties": {
        "contentId": "0cd51b2e-d3b2-4001-8e3f-5cbb604f69b2",
        "displayName": "Attempts to sign in to disabled accounts by IP address",
        "contentKind": "HuntingQuery",
        "mainTemplate": {
          "$schema": "https://schema.management.azure.com/schemas/2019-04-01/deploymentTemplate.json#",
          "contentVersion": "1.0.0",
          "resources": [
            {
              "type": "Microsoft.OperationalInsights/savedSearches",
              "apiVersion": "2020-08-01",
              "name": "0cd51b2e-d3b2-4001-8e3f-5cbb604f69b2",
              "location": "[parameters('workspace-location')]",
              "properties": {
                "eTag": "*",
                "displayName": "Attempts to sign in to disabled accounts by IP address",
                "category": "Hunting Queries",
                "query": "\nSigninLogs \n| where ResultType == \"50057\" \n| where ResultDescription == \"User account is disabled. The account has been disabled by an administrator.\" \n| summarize StartTime = min(TimeGenerated), EndTime = max(TimeGenerated), numberAccountsTargeted = dcount(UserPrincipalName), \nnumberApplicationsTargeted = dcount(AppDisplayName), accountSet = makeset(UserPrincipalName), applicationSet=makeset(AppDisplayName), \nnumberLoginAttempts = count() by IPAddress\n| extend timestamp = StartTime, IPCustomEntity = IPAddress\n| order by numberLoginAttempts desc\n",
                "version": 2,
                "tags": [
                  {
                    "name": "description",
                    "value": "Failed attempts to sign in to disabled accounts summarized by the IP address from from the sign-in attempts originate"
                  },
                  {
                    "name": "techniques",
                    "value": ""
                  },
                  {
                    "name": "tactics",
                    "value": "InitialAccess"
                  }
                ]
              }
            },
            {
              "type": "Microsoft.OperationalInsights/workspaces/providers/metadata",
              "apiVersion": "2021-03-01-preview",
              "name": "[concat(parameters('workspace'),'/Microsoft.SecurityInsights/',concat('huntingQuery-', '0cd51b2e-d3b2-4001-8e3f-5cbb604f69b2'))]",
              "properties": {
                "description": "Failed attempts to sign in to disabled accounts summarized by the IP address from from the sign-in attempts originate",
                "version": "1.0.0",
                "author": {
                  "name": "Shain"
                },
                "support": {
                  "tier": "Community",
                  "name": "Community",
                  "link": "https://github.com/Azure/Azure-Sentinel/issues"
                },
                "source": {
                  "kind": "Community",
                  "name": "Standalone"
                },
                "threatAnalysisTactics": [
                  "InitialAccess"
                ],
                "threatAnalyticsTechniques": [
                  "T1078"
                ],
                "contentId": "0cd51b2e-d3b2-4001-8e3f-5cbb604f69b2",
                "parentId": "0cd51b2e-d3b2-4001-8e3f-5cbb604f69b2",
                "kind": "HuntingQuery",
                "dependencies": {
                  "operator": "AND",
                  "criteria": [
                    {
                      "contentId": "SigninLogs",
                      "kind": "DataType"
                    }
                  ]
                }
              }
            }
          ]
        },
        "packageId": "0cd51b2e-d3b2-4001-8e3f-5cbb604f69b2",
        "packageKind": "Standalone",
        "packageName": "Attempts to sign in to disabled accounts by IP address",
        "contentProductId": "0cd51b2e-d3b2-4001-8e3f-5cbb604f69b2-hq-nbwrckefhwn52",
        "id": "0cd51b2e-d3b2-4001-8e3f-5cbb604f69b2-hq-nbwrckefhwn52",
        "packageVersion": "1.0.0",
        "version": "1.0.0"
      }
    },
    {
      "type": "Microsoft.OperationalInsights/workspaces/providers/contentPackages",
      "name": "0cd51b2e-d3b2-4001-8e3f-5cbb604f69b2",
      "location": "[parameters('workspace-location')]",
      "apiVersion": "2023-04-01-preview",
      "properties": {
        "author": {
          "name": "Shain"
        },
        "categories": {
          "domains": [
            "Security - Other",
            "Identity"
          ]
        },
        "dependencies": {
          "operator": "AND",
          "criteria": [
            {
              "contentId": "0cd51b2e-d3b2-4001-8e3f-5cbb604f69b2",
              "kind": "HuntingQuery"
            }
          ]
        },
        "description": "Failed attempts to sign in to disabled accounts summarized by the IP address from from the sign-in attempts originate",
        "displayName": "Attempts to sign in to disabled accounts by IP address",
        "source": {
          "kind": "Community",
          "name": "Standalone"
        },
        "support": {
          "tier": "Community",
          "name": "Community",
          "link": "https://github.com/Azure/Azure-Sentinel/issues"
        },
        "threatAnalysisTactics": [
          "InitialAccess"
        ],
        "threatAnalyticsTechniques": [
          "T1078"
        ],
        "version": "1.0.0",
        "contentSchemaVersion": "3.0.0",
        "contentId": "0cd51b2e-d3b2-4001-8e3f-5cbb604f69b2",
        "contentKind": "Standalone",
        "contentProductId": "0cd51b2e-d3b2-4001-8e3f-5cbb604f69b2-sa-46sr7x4gph73q",
        "id": "0cd51b2e-d3b2-4001-8e3f-5cbb604f69b2-sa-46sr7x4gph73q"
      }
    }
  ],
  "variables": {}
}