{
  "$schema": "https://schema.management.azure.com/schemas/2019-04-01/deploymentTemplate.json#",
  "contentVersion": "1.0.0.0",
  "metadata": {},
  "parameters": {
    "location": {
      "type": "string",
      "minLength": 1,
      "defaultValue": "[resourceGroup().location]",
      "metadata": {
        "description": "Not used, but needed to pass arm-ttk test `Location-Should-Not-Be-Hardcoded`.  We instead use the `workspace-location` which is derived from the LA workspace"
      }
    },
    "workspace-location": {
      "type": "string",
      "defaultValue": "",
      "metadata": {
        "description": "[concat('Region to deploy solution resources -- separate from location selection',parameters('location'))]"
      }
    },
    "workspace": {
      "defaultValue": "",
      "type": "string",
      "metadata": {
        "description": "Workspace name for Log Analytics where Microsoft Sentinel is setup"
      }
    }
  },
  "resources": [
    {
      "type": "Microsoft.OperationalInsights/workspaces/providers/contentTemplates",
      "name": "[concat(parameters('workspace'),'/Microsoft.SecurityInsights/', '8f18c6ea-fcd0-4d9a-a8fd-19a6aaa1660c')]",
      "location": "[parameters('workspace-location')]",
      "apiVersion": "2023-04-01-preview",
      "dependsOn": [
        "[extensionResourceId(resourceId('Microsoft.OperationalInsights/workspaces', parameters('workspace')), 'Microsoft.SecurityInsights/contentPackages', '8f18c6ea-fcd0-4d9a-a8fd-19a6aaa1660c')]"
      ],
      "properties": {
        "contentId": "8f18c6ea-fcd0-4d9a-a8fd-19a6aaa1660c",
        "displayName": "Cross workspace query anomolies",
        "contentKind": "HuntingQuery",
        "mainTemplate": {
          "$schema": "https://schema.management.azure.com/schemas/2019-04-01/deploymentTemplate.json#",
          "contentVersion": "1.0.0",
          "resources": [
            {
              "type": "Microsoft.OperationalInsights/savedSearches",
              "apiVersion": "2020-08-01",
              "name": "8f18c6ea-fcd0-4d9a-a8fd-19a6aaa1660c",
              "location": "[parameters('workspace-location')]",
              "properties": {
                "eTag": "*",
                "displayName": "Cross workspace query anomolies",
                "category": "Hunting Queries",
                "query": "\nlet starttime = todatetime('{{StartTimeISO}}');\nlet endtime = todatetime('{{EndTimeISO}}');\nlet lookback = starttime - 30d;\nlet threshold = 0;\nLAQueryLogs\n| where TimeGenerated between (lookback..starttime)\n| mv-expand(RequestContext)\n| extend RequestContextExtended = split(RequestTarget, \"/\")\n| extend Subscription = tostring(RequestContextExtended[2]), ResourceGroups = tostring(RequestContextExtended[4]), Workspace = tostring(RequestContextExtended[8])\n| summarize count(), HistWorkspaceCount=dcount(Workspace) by AADEmail\n| join (\nLAQueryLogs\n| where TimeGenerated between(starttime..endtime)\n| mv-expand(RequestContext)\n| extend RequestContextExtended = split(RequestTarget, \"/\")\n| extend Subscription = tostring(RequestContextExtended[2]), ResourceGroups = tostring(RequestContextExtended[4]), Workspace = tostring(RequestContextExtended[8])\n| summarize make_set(Workspace), count(), CurrWorkspaceCount=dcount(Workspace) by AADEmail\n) on AADEmail\n| where CurrWorkspaceCount > HistWorkspaceCount\n// Uncomment follow rows to see queries made by these users\n//| join (\n//LAQueryLogs\n//| where TimeGenerated between(starttime..endtime)\n//on AADEmail\n//| extend timestamp = TimeGenerated, AccountCustomEntity = AADEmail\n",
                "version": 2,
                "tags": [
                  {
                    "name": "description",
                    "value": "This hunting query looks for increases in the number of workspaces queried by a user."
                  },
                  {
                    "name": "techniques",
                    "value": ""
                  },
                  {
                    "name": "tactics",
                    "value": "Collection,Exfiltration"
                  }
                ]
              }
            },
            {
              "type": "Microsoft.OperationalInsights/workspaces/providers/metadata",
              "apiVersion": "2021-03-01-preview",
              "name": "[concat(parameters('workspace'),'/Microsoft.SecurityInsights/',concat('huntingQuery-', '8f18c6ea-fcd0-4d9a-a8fd-19a6aaa1660c'))]",
              "properties": {
                "description": "This hunting query looks for increases in the number of workspaces queried by a user.",
                "version": "1.0.0",
                "author": {
                  "name": "Pete Bryan"
                },
                "support": {
                  "tier": "Microsoft",
                  "name": "Microsoft",
                  "email": "support@microsoft.com",
                  "link": "https://support.microsoft.com"
                },
                "source": {
                  "kind": "Community",
                  "name": "Standalone"
                },
                "threatAnalysisTactics": [
                  "Collection",
                  "Exfiltration"
                ],
                "threatAnalyticsTechniques": [
                  "T1530",
                  "T1213",
                  "T1020"
                ],
                "contentId": "8f18c6ea-fcd0-4d9a-a8fd-19a6aaa1660c",
                "parentId": "8f18c6ea-fcd0-4d9a-a8fd-19a6aaa1660c",
                "kind": "HuntingQuery",
                "dependencies": {
                  "operator": "AND",
                  "criteria": [
                    {
                      "contentId": "LAQueryLogs",
                      "kind": "DataType"
                    }
                  ]
                }
              }
            }
          ]
        },
        "packageId": "8f18c6ea-fcd0-4d9a-a8fd-19a6aaa1660c",
        "packageKind": "Standalone",
        "packageName": "Cross workspace query anomolies",
        "contentProductId": "8f18c6ea-fcd0-4d9a-a8fd-19a6aaa1660c-hq-p62e3cjbtlubg",
        "id": "8f18c6ea-fcd0-4d9a-a8fd-19a6aaa1660c-hq-p62e3cjbtlubg",
        "packageVersion": "1.0.0",
        "version": "1.0.0"
      }
    },
    {
      "type": "Microsoft.OperationalInsights/workspaces/providers/contentPackages",
      "name": "[concat(parameters('workspace'),'/Microsoft.SecurityInsights/', '8f18c6ea-fcd0-4d9a-a8fd-19a6aaa1660c')]",
      "location": "[parameters('workspace-location')]",
      "apiVersion": "2023-04-01-preview",
      "properties": {
        "author": {
          "name": "Pete Bryan"
        },
        "categories": {
          "domains": [
            "Security - Threat Protection"
          ]
        },
        "dependencies": {
          "operator": "AND",
          "criteria": [
            {
              "contentId": "8f18c6ea-fcd0-4d9a-a8fd-19a6aaa1660c",
              "kind": "HuntingQuery"
            }
          ]
        },
        "description": "This hunting query looks for increases in the number of workspaces queried by a user.",
        "displayName": "Cross workspace query anomolies",
        "source": {
          "kind": "Community",
          "name": "Standalone"
        },
        "support": {
          "tier": "Microsoft",
          "name": "Microsoft",
          "email": "support@microsoft.com",
          "link": "https://support.microsoft.com"
        },
        "threatAnalysisTactics": [
          "Collection",
          "Exfiltration"
        ],
        "threatAnalyticsTechniques": [
          "T1530",
          "T1213",
          "T1020"
        ],
        "version": "1.0.0",
        "contentSchemaVersion": "3.0.0",
        "contentId": "8f18c6ea-fcd0-4d9a-a8fd-19a6aaa1660c",
        "contentKind": "Standalone",
        "contentProductId": "8f18c6ea-fcd0-4d9a-a8fd-19a6aaa1660c-sa-wwggs3ej3ohbk",
        "id": "8f18c6ea-fcd0-4d9a-a8fd-19a6aaa1660c-sa-wwggs3ej3ohbk"
      }
    }
  ],
  "variables": {}
}