{
  "$schema": "https://schema.management.azure.com/schemas/2019-04-01/deploymentTemplate.json#",
  "contentVersion": "1.0.0.0",
  "metadata": {},
  "parameters": {
    "location": {
      "type": "string",
      "minLength": 1,
      "defaultValue": "[resourceGroup().location]",
      "metadata": {
        "description": "Not used, but needed to pass arm-ttk test `Location-Should-Not-Be-Hardcoded`.  We instead use the `workspace-location` which is derived from the LA workspace"
      }
    },
    "workspace-location": {
      "type": "string",
      "defaultValue": "",
      "metadata": {
        "description": "[concat('Region to deploy solution resources -- separate from location selection',parameters('location'))]"
      }
    },
    "workspace": {
      "defaultValue": "",
      "type": "string",
      "metadata": {
        "description": "Workspace name for Log Analytics where Microsoft Sentinel is setup"
      }
    }
  },
  "resources": [
    {
      "type": "Microsoft.OperationalInsights/workspaces/providers/contentTemplates",
      "name": "[concat(parameters('workspace'),'/Microsoft.SecurityInsights/', '5c799718-b361-4a91-9cb2-0c291e602707')]",
      "location": "[parameters('workspace-location')]",
      "apiVersion": "2023-04-01-preview",
      "dependsOn": [
        "[extensionResourceId(resourceId('Microsoft.OperationalInsights/workspaces', parameters('workspace')), 'Microsoft.SecurityInsights/contentPackages', '5c799718-b361-4a91-9cb2-0c291e602707')]"
      ],
      "properties": {
        "contentId": "5c799718-b361-4a91-9cb2-0c291e602707",
        "displayName": "Rare Audit activity initiated by App",
        "contentKind": "HuntingQuery",
        "mainTemplate": {
          "$schema": "https://schema.management.azure.com/schemas/2019-04-01/deploymentTemplate.json#",
          "contentVersion": "1.0.0",
          "resources": [
            {
              "type": "Microsoft.OperationalInsights/savedSearches",
              "apiVersion": "2020-08-01",
              "name": "5c799718-b361-4a91-9cb2-0c291e602707",
              "location": "[parameters('workspace-location')]",
              "properties": {
                "eTag": "*",
                "displayName": "Rare Audit activity initiated by App",
                "category": "Hunting Queries",
                "query": "\nlet starttime = todatetime('{{StartTimeISO}}');\nlet endtime = todatetime('{{EndTimeISO}}');\nlet auditLookback = starttime - 14d;\nlet propertyIgnoreList = dynamic([\"TargetId.UserType\", \"StsRefreshTokensValidFrom\", \"LastDirSyncTime\", \"DeviceOSVersion\", \"CloudDeviceOSVersion\", \"DeviceObjectVersion\"]);\nlet appIgnoreList = dynamic([\"Microsoft Azure AD Group-Based Licensing\"]);\nlet AuditTrail = AuditLogs\n| where TimeGenerated between(auditLookback..starttime)\n| where isnotempty(tostring(parse_json(tostring(InitiatedBy.app)).displayName))\n| extend InitiatedByApp = tostring(parse_json(tostring(InitiatedBy.app)).displayName)\n| extend ModProps = TargetResources.[0].modifiedProperties\n| extend InitiatedByIpAddress = tostring(parse_json(tostring(InitiatedBy.app)).ipAddress)\n| extend TargetUserPrincipalName = tolower(tostring(TargetResources.[0].userPrincipalName))\n| extend TargetResourceName = tolower(tostring(TargetResources.[0].displayName))\n| mv-expand ModProps\n| where isnotempty(tostring(parse_json(tostring(ModProps.newValue))[0]))\n| extend PropertyName = tostring(ModProps.displayName), newValue = tostring(parse_json(tostring(ModProps.newValue))[0])\n| where PropertyName !in~ (propertyIgnoreList) and (PropertyName !~ \"Action Client Name\" and newValue !~ \"DirectorySync\") and (PropertyName !~ \"Included Updated Properties\" and newValue !~ \"LastDirSyncTime\")\n| where InitiatedByApp !in~ (appIgnoreList) and OperationName !~ \"Change user license\"\n| summarize by OperationName, InitiatedByApp, TargetUserPrincipalName, InitiatedByIpAddress, TargetResourceName, PropertyName;\nlet AccountMods = AuditLogs\n| where TimeGenerated >= starttime\n| where isnotempty(tostring(parse_json(tostring(InitiatedBy.app)).displayName))\n| extend InitiatedByApp = tostring(parse_json(tostring(InitiatedBy.app)).displayName)\n| extend ModProps = TargetResources.[0].modifiedProperties\n| extend InitiatedByIpAddress = tostring(parse_json(tostring(InitiatedBy.app)).ipAddress)\n| extend TargetUserPrincipalName = tolower(tostring(TargetResources.[0].userPrincipalName))\n| extend TargetResourceName = tolower(tostring(TargetResources.[0].displayName))\n| mv-expand ModProps\n| where isnotempty(tostring(parse_json(tostring(ModProps.newValue))[0]))\n| extend PropertyName = tostring(ModProps.displayName), newValue = tostring(parse_json(tostring(ModProps.newValue))[0])\n| where PropertyName !in~ (propertyIgnoreList) and (PropertyName !~ \"Action Client Name\" and newValue !~ \"DirectorySync\") and (PropertyName !~ \"Included Updated Properties\" and newValue !~ \"LastDirSyncTime\")\n| where InitiatedByApp !in~ (appIgnoreList) and OperationName !~ \"Change user license\"\n| extend ModifiedProps = pack(\"PropertyName\",PropertyName,\"newValue\",newValue, \"Id\", Id, \"CorrelationId\", CorrelationId)\n| summarize StartTimeUtc = min(TimeGenerated), EndTimeUtc = max(TimeGenerated), Activity = make_bag(ModifiedProps) by Type, InitiatedByApp, TargetUserPrincipalName, InitiatedByIpAddress, TargetResourceName, Category, OperationName, PropertyName;\nlet RareAudits = AccountMods | join kind= leftanti (\n   AuditTrail\n) on OperationName, InitiatedByApp, InitiatedByIpAddress, TargetUserPrincipalName;//, PropertyName; //uncomment if you want to see Rare Property changes.\nRareAudits\n| summarize StartTime = min(StartTimeUtc), EndTime = max(EndTimeUtc), make_set(Activity), make_set(PropertyName) by InitiatedByApp, OperationName, TargetUserPrincipalName, InitiatedByIpAddress, TargetResourceName\n| order by TargetUserPrincipalName asc, StartTime asc\n| extend timestamp = StartTime, AccountCustomEntity = TargetUserPrincipalName, HostCustomEntity = iff(set_PropertyName has_any ('DeviceOSType', 'CloudDeviceOSType'), TargetResourceName, ''), IPCustomEntity = InitiatedByIpAddress\n",
                "version": 2,
                "tags": [
                  {
                    "name": "description",
                    "value": "Compares the current day to the last 14 days of audits to identify new audit activities by\nOperationName, InitiatedByApp, UserPrincipalName, PropertyName, newValue\nThis can be useful when attempting to track down malicious activity related to additions of new users,\nadditions to groups, removal from groups by Azure Apps and automated approvals."
                  },
                  {
                    "name": "techniques",
                    "value": ""
                  },
                  {
                    "name": "tactics",
                    "value": "Persistence,LateralMovement"
                  }
                ]
              }
            },
            {
              "type": "Microsoft.OperationalInsights/workspaces/providers/metadata",
              "apiVersion": "2021-03-01-preview",
              "name": "[concat(parameters('workspace'),'/Microsoft.SecurityInsights/',concat('huntingQuery-', '5c799718-b361-4a91-9cb2-0c291e602707'))]",
              "properties": {
                "description": "Compares the current day to the last 14 days of audits to identify new audit activities by\nOperationName, InitiatedByApp, UserPrincipalName, PropertyName, newValue\nThis can be useful when attempting to track down malicious activity related to additions of new users,\nadditions to groups, removal from groups by Azure Apps and automated approvals.",
                "version": "1.0.0",
                "author": {
                  "name": "Shain"
                },
                "support": {
                  "tier": "Community",
                  "name": "Community",
                  "link": "https://github.com/Azure/Azure-Sentinel/issues"
                },
                "source": {
                  "kind": "Community",
                  "name": "Standalone"
                },
                "threatAnalysisTactics": [
                  "Persistence",
                  "LateralMovement"
                ],
                "threatAnalyticsTechniques": [
                  "T1136"
                ],
                "contentId": "5c799718-b361-4a91-9cb2-0c291e602707",
                "parentId": "5c799718-b361-4a91-9cb2-0c291e602707",
                "kind": "HuntingQuery",
                "dependencies": {
                  "operator": "AND",
                  "criteria": [
                    {
                      "contentId": "AuditLogs",
                      "kind": "DataType"
                    }
                  ]
                }
              }
            }
          ]
        },
        "packageId": "5c799718-b361-4a91-9cb2-0c291e602707",
        "packageKind": "Standalone",
        "packageName": "Rare Audit activity initiated by App",
        "contentProductId": "5c799718-b361-4a91-9cb2-0c291e602707-hq-wtnajtpmbrr2a",
        "id": "5c799718-b361-4a91-9cb2-0c291e602707-hq-wtnajtpmbrr2a",
        "packageVersion": "1.0.0",
        "version": "1.0.0"
      }
    },
    {
      "type": "Microsoft.OperationalInsights/workspaces/providers/contentPackages",
      "name": "[concat(parameters('workspace'),'/Microsoft.SecurityInsights/', '5c799718-b361-4a91-9cb2-0c291e602707')]",
      "location": "[parameters('workspace-location')]",
      "apiVersion": "2023-04-01-preview",
      "properties": {
        "author": {
          "name": "Shain"
        },
        "categories": {
          "domains": [
            "Security - Other"
          ]
        },
        "dependencies": {
          "operator": "AND",
          "criteria": [
            {
              "contentId": "5c799718-b361-4a91-9cb2-0c291e602707",
              "kind": "HuntingQuery"
            }
          ]
        },
        "description": "Compares the current day to the last 14 days of audits to identify new audit activities by\nOperationName, InitiatedByApp, UserPrincipalName, PropertyName, newValue\nThis can be useful when attempting to track down malicious activity related to additions of new users,\nadditions to groups, removal from groups by Azure Apps and automated approvals.",
        "displayName": "Rare Audit activity initiated by App",
        "source": {
          "kind": "Community",
          "name": "Standalone"
        },
        "support": {
          "tier": "Community",
          "name": "Community",
          "link": "https://github.com/Azure/Azure-Sentinel/issues"
        },
        "threatAnalysisTactics": [
          "Persistence",
          "LateralMovement"
        ],
        "threatAnalyticsTechniques": [
          "T1136"
        ],
        "version": "1.0.0",
        "contentSchemaVersion": "3.0.0",
        "contentId": "5c799718-b361-4a91-9cb2-0c291e602707",
        "contentKind": "Standalone",
        "contentProductId": "5c799718-b361-4a91-9cb2-0c291e602707-sa-auaumcuuthvx6",
        "id": "5c799718-b361-4a91-9cb2-0c291e602707-sa-auaumcuuthvx6"
      }
    }
  ],
  "variables": {}
}