{
  "$schema": "https://schema.management.azure.com/schemas/2019-04-01/deploymentTemplate.json#",
  "contentVersion": "1.0.0.0",
  "metadata": {},
  "parameters": {
    "location": {
      "type": "string",
      "minLength": 1,
      "defaultValue": "[resourceGroup().location]",
      "metadata": {
        "description": "Not used, but needed to pass arm-ttk test `Location-Should-Not-Be-Hardcoded`.  We instead use the `workspace-location` which is derived from the LA workspace"
      }
    },
    "workspace-location": {
      "type": "string",
      "defaultValue": "",
      "metadata": {
        "description": "[concat('Region to deploy solution resources -- separate from location selection',parameters('location'))]"
      }
    },
    "workspace": {
      "defaultValue": "",
      "type": "string",
      "metadata": {
        "description": "Workspace name for Log Analytics where Microsoft Sentinel is setup"
      }
    }
  },
  "resources": [
    {
      "type": "Microsoft.OperationalInsights/workspaces/providers/contentTemplates",
      "name": "[concat(parameters('workspace'),'/Microsoft.SecurityInsights/', '959fe0f0-7ac0-467c-944f-5b8c6fdc9e72')]",
      "location": "[parameters('workspace-location')]",
      "apiVersion": "2023-04-01-preview",
      "dependsOn": [
        "[extensionResourceId(resourceId('Microsoft.OperationalInsights/workspaces', parameters('workspace')), 'Microsoft.SecurityInsights/contentPackages', '959fe0f0-7ac0-467c-944f-5b8c6fdc9e72')]"
      ],
      "properties": {
        "contentId": "959fe0f0-7ac0-467c-944f-5b8c6fdc9e72",
        "displayName": "Disabled accounts using Squid proxy",
        "contentKind": "HuntingQuery",
        "mainTemplate": {
          "$schema": "https://schema.management.azure.com/schemas/2019-04-01/deploymentTemplate.json#",
          "contentVersion": "1.0.0",
          "resources": [
            {
              "type": "Microsoft.OperationalInsights/savedSearches",
              "apiVersion": "2020-08-01",
              "name": "959fe0f0-7ac0-467c-944f-5b8c6fdc9e72",
              "location": "[parameters('workspace-location')]",
              "properties": {
                "eTag": "*",
                "displayName": "Disabled accounts using Squid proxy",
                "category": "Hunting Queries",
                "query": "\nlet starttime = todatetime('{{StartTimeISO}}');\nlet endtime = todatetime('{{EndTimeISO}}');\nlet lookback = starttime - 14d;\nlet disabledAccounts = (){\nSigninLogs\n| where TimeGenerated between(lookback..starttime)\n| where ResultType == 50057\n| where ResultDescription =~ \"User account is disabled. The account has been disabled by an administrator.\"\n};\nlet proxyEvents = (){\nSyslog\n| where TimeGenerated between(starttime..endtime)\n| where ProcessName contains \"squid\"\n| extend URL = extract(\"(([A-Z]+ [a-z]{4,5}:\\\\/\\\\/)|[A-Z]+ )([^ :]*)\",3,SyslogMessage),\n         SourceIP = extract(\"([0-9]+ )(([0-9]{1,3})\\\\.([0-9]{1,3})\\\\.([0-9]{1,3})\\\\.([0-9]{1,3}))\",2,SyslogMessage),\n         Status = extract(\"(TCP_(([A-Z]+)(_[A-Z]+)*)|UDP_(([A-Z]+)(_[A-Z]+)*))\",1,SyslogMessage),\n         HTTP_Status_Code = extract(\"(TCP_(([A-Z]+)(_[A-Z]+)*)|UDP_(([A-Z]+)(_[A-Z]+)*))/([0-9]{3})\",8,SyslogMessage),\n         User = extract(\"(CONNECT |GET )([^ ]* )([^ ]+)\",3,SyslogMessage),\n         RemotePort = extract(\"(CONNECT |GET )([^ ]*)(:)([0-9]*)\",4,SyslogMessage),\n         Domain = extract(\"(([A-Z]+ [a-z]{4,5}:\\\\/\\\\/)|[A-Z]+ )([^ :\\\\/]*)\",3,SyslogMessage),\n         Bytes = toint(extract(\"([A-Z]+\\\\/[0-9]{3} )([0-9]+)\",2,SyslogMessage)),\n         contentType = extract(\"([a-z/]+$)\",1,SyslogMessage)\n| extend TLD = extract(\"\\\\.[a-z]*$\",0,Domain)\n};\nproxyEvents\n| where Status !contains 'DENIED'\n| join kind=inner disabledAccounts on $left.User == $right.UserPrincipalName\n| extend timestamp = TimeGenerated, AccountCustomEntity = UserPrincipalName, URLCustomEntity = URL\n",
                "version": 2,
                "tags": [
                  {
                    "name": "description",
                    "value": "Look for accounts that have a been recorded as disabled by AD in the previous time period but are still using the proxy during\nthe current time period. This query presumes the default squid log format is being used. http://www.squid-cache.org/Doc/config/access_log/"
                  },
                  {
                    "name": "techniques",
                    "value": ""
                  },
                  {
                    "name": "tactics",
                    "value": "CredentialAccess"
                  }
                ]
              }
            },
            {
              "type": "Microsoft.OperationalInsights/workspaces/providers/metadata",
              "apiVersion": "2021-03-01-preview",
              "name": "[concat(parameters('workspace'),'/Microsoft.SecurityInsights/',concat('huntingQuery-', '959fe0f0-7ac0-467c-944f-5b8c6fdc9e72'))]",
              "properties": {
                "description": "Look for accounts that have a been recorded as disabled by AD in the previous time period but are still using the proxy during\nthe current time period. This query presumes the default squid log format is being used. http://www.squid-cache.org/Doc/config/access_log/",
                "version": "1.0.0",
                "author": {
                  "name": "Shain"
                },
                "support": {
                  "tier": "Community",
                  "name": "Community",
                  "link": "https://github.com/Azure/Azure-Sentinel/issues"
                },
                "source": {
                  "kind": "Community",
                  "name": "Standalone"
                },
                "threatAnalysisTactics": [
                  "CredentialAccess"
                ],
                "threatAnalyticsTechniques": [
                  "T1110"
                ],
                "contentId": "959fe0f0-7ac0-467c-944f-5b8c6fdc9e72",
                "parentId": "959fe0f0-7ac0-467c-944f-5b8c6fdc9e72",
                "kind": "HuntingQuery",
                "dependencies": {
                  "operator": "AND",
                  "criteria": [
                    {
                      "contentId": "Syslog",
                      "kind": "DataType"
                    }
                  ]
                }
              }
            }
          ]
        },
        "packageId": "959fe0f0-7ac0-467c-944f-5b8c6fdc9e72",
        "packageKind": "Standalone",
        "packageName": "Disabled accounts using Squid proxy",
        "contentProductId": "959fe0f0-7ac0-467c-944f-5b8c6fdc9e72-hq-cmdev56rhasp6",
        "id": "959fe0f0-7ac0-467c-944f-5b8c6fdc9e72-hq-cmdev56rhasp6",
        "packageVersion": "1.0.0",
        "version": "1.0.0"
      }
    },
    {
      "type": "Microsoft.OperationalInsights/workspaces/providers/contentPackages",
      "name": "[concat(parameters('workspace'),'/Microsoft.SecurityInsights/', '959fe0f0-7ac0-467c-944f-5b8c6fdc9e72')]",
      "location": "[parameters('workspace-location')]",
      "apiVersion": "2023-04-01-preview",
      "properties": {
        "author": {
          "name": "Shain"
        },
        "categories": {
          "domains": [
            "Security - Network"
          ]
        },
        "dependencies": {
          "operator": "AND",
          "criteria": [
            {
              "contentId": "959fe0f0-7ac0-467c-944f-5b8c6fdc9e72",
              "kind": "HuntingQuery"
            }
          ]
        },
        "description": "Look for accounts that have a been recorded as disabled by AD in the previous time period but are still using the proxy during\nthe current time period. This query presumes the default squid log format is being used. http://www.squid-cache.org/Doc/config/access_log/",
        "displayName": "Disabled accounts using Squid proxy",
        "source": {
          "kind": "Community",
          "name": "Standalone"
        },
        "support": {
          "tier": "Community",
          "name": "Community",
          "link": "https://github.com/Azure/Azure-Sentinel/issues"
        },
        "threatAnalysisTactics": [
          "CredentialAccess"
        ],
        "threatAnalyticsTechniques": [
          "T1110"
        ],
        "version": "1.0.0",
        "contentSchemaVersion": "3.0.0",
        "contentId": "959fe0f0-7ac0-467c-944f-5b8c6fdc9e72",
        "contentKind": "Standalone",
        "contentProductId": "959fe0f0-7ac0-467c-944f-5b8c6fdc9e72-sa-7xrnq4co3nlic",
        "id": "959fe0f0-7ac0-467c-944f-5b8c6fdc9e72-sa-7xrnq4co3nlic"
      }
    }
  ],
  "variables": {}
}