{
  "$schema": "https://schema.management.azure.com/schemas/2019-04-01/deploymentTemplate.json#",
  "contentVersion": "1.0.0.0",
  "metadata": {},
  "parameters": {
    "location": {
      "type": "string",
      "minLength": 1,
      "defaultValue": "[resourceGroup().location]",
      "metadata": {
        "description": "Not used, but needed to pass arm-ttk test `Location-Should-Not-Be-Hardcoded`.  We instead use the `workspace-location` which is derived from the LA workspace"
      }
    },
    "workspace-location": {
      "type": "string",
      "defaultValue": "",
      "metadata": {
        "description": "[concat('Region to deploy solution resources -- separate from location selection',parameters('location'))]"
      }
    },
    "workspace": {
      "defaultValue": "",
      "type": "string",
      "metadata": {
        "description": "Workspace name for Log Analytics where Microsoft Sentinel is setup"
      }
    }
  },
  "resources": [
    {
      "type": "Microsoft.OperationalInsights/workspaces/providers/contentTemplates",
      "name": "[concat(parameters('workspace'),'/Microsoft.SecurityInsights/', '0ea22925-998d-42ea-9ff6-0c32af4ff835')]",
      "location": "[parameters('workspace-location')]",
      "apiVersion": "2023-04-01-preview",
      "dependsOn": [
        "[extensionResourceId(resourceId('Microsoft.OperationalInsights/workspaces', parameters('workspace')), 'Microsoft.SecurityInsights/contentPackages', '0ea22925-998d-42ea-9ff6-0c32af4ff835')]"
      ],
      "properties": {
        "contentId": "0ea22925-998d-42ea-9ff6-0c32af4ff835",
        "displayName": "Dynamics 365 Activity After Failed Logons",
        "contentKind": "HuntingQuery",
        "mainTemplate": {
          "$schema": "https://schema.management.azure.com/schemas/2019-04-01/deploymentTemplate.json#",
          "contentVersion": "1.0.0",
          "resources": [
            {
              "type": "Microsoft.OperationalInsights/savedSearches",
              "apiVersion": "2020-08-01",
              "name": "0ea22925-998d-42ea-9ff6-0c32af4ff835",
              "location": "[parameters('workspace-location')]",
              "properties": {
                "eTag": "*",
                "displayName": "Dynamics 365 Activity After Failed Logons",
                "category": "Hunting Queries",
                "query": "let threshold = 10;\nSigninLogs\n| where ResultType in (\"50125\", \"50140\", \"70043\", \"70044\")\n| summarize count() by IPAddress\n| where count_ >= threshold\n| join (Dynamics365Activity\n| extend IPAddress = tostring(split(ClientIP, \":\")[0]))\non IPAddress\n| project-rename FailedLogonCount = count_\n| extend timestamp = TimeGenerated, AccountCustomEntity = UserId, IPCustomEntity = IPAddress\n",
                "version": 2,
                "tags": [
                  {
                    "name": "description",
                    "value": "This hunting query looks for users conducting Dynamics 365 activity shortly after a number of failed logons. Use this to look for potential post brute force activity. Adjust the threshold figure based on false positive rate."
                  },
                  {
                    "name": "techniques",
                    "value": ""
                  },
                  {
                    "name": "tactics",
                    "value": "InitialAccess"
                  }
                ]
              }
            },
            {
              "type": "Microsoft.OperationalInsights/workspaces/providers/metadata",
              "apiVersion": "2021-03-01-preview",
              "name": "[concat(parameters('workspace'),'/Microsoft.SecurityInsights/',concat('huntingQuery-', '0ea22925-998d-42ea-9ff6-0c32af4ff835'))]",
              "properties": {
                "description": "This hunting query looks for users conducting Dynamics 365 activity shortly after a number of failed logons. Use this to look for potential post brute force activity. Adjust the threshold figure based on false positive rate.",
                "version": "1.0.0",
                "author": {
                  "name": "Microsoft"
                },
                "support": {
                  "tier": "Microsoft",
                  "name": "Microsoft",
                  "email": "support@microsoft.com",
                  "link": "https://support.microsoft.com"
                },
                "source": {
                  "kind": "Community",
                  "name": "Standalone"
                },
                "threatAnalysisTactics": [
                  "InitialAccess"
                ],
                "threatAnalyticsTechniques": [
                  "T1078"
                ],
                "contentId": "0ea22925-998d-42ea-9ff6-0c32af4ff835",
                "parentId": "0ea22925-998d-42ea-9ff6-0c32af4ff835",
                "kind": "HuntingQuery",
                "dependencies": {
                  "operator": "AND",
                  "criteria": [
                    {
                      "contentId": "Dynamics365Activity",
                      "kind": "DataType"
                    }
                  ]
                }
              }
            }
          ]
        },
        "packageId": "0ea22925-998d-42ea-9ff6-0c32af4ff835",
        "packageKind": "Standalone",
        "packageName": "Dynamics 365 Activity After Failed Logons",
        "contentProductId": "0ea22925-998d-42ea-9ff6-0c32af4ff835-hq-wncdvdd3sqfj6",
        "id": "0ea22925-998d-42ea-9ff6-0c32af4ff835-hq-wncdvdd3sqfj6",
        "packageVersion": "1.0.0",
        "version": "1.0.0"
      }
    },
    {
      "type": "Microsoft.OperationalInsights/workspaces/providers/contentPackages",
      "name": "0ea22925-998d-42ea-9ff6-0c32af4ff835",
      "location": "[parameters('workspace-location')]",
      "apiVersion": "2023-04-01-preview",
      "properties": {
        "author": {
          "name": "Microsoft"
        },
        "categories": {
          "domains": [
            "Cloud Provider",
            "IT Operations",
            "Storage"
          ]
        },
        "dependencies": {
          "operator": "AND",
          "criteria": [
            {
              "contentId": "0ea22925-998d-42ea-9ff6-0c32af4ff835",
              "kind": "HuntingQuery"
            }
          ]
        },
        "description": "This hunting query looks for users conducting Dynamics 365 activity shortly after a number of failed logons. Use this to look for potential post brute force activity. Adjust the threshold figure based on false positive rate.",
        "displayName": "Dynamics 365 Activity After Failed Logons",
        "source": {
          "kind": "Community",
          "name": "Standalone"
        },
        "support": {
          "tier": "Microsoft",
          "name": "Microsoft",
          "email": "support@microsoft.com",
          "link": "https://support.microsoft.com"
        },
        "threatAnalysisTactics": [
          "InitialAccess"
        ],
        "threatAnalyticsTechniques": [
          "T1078"
        ],
        "version": "1.0.0",
        "contentSchemaVersion": "3.0.0",
        "contentId": "0ea22925-998d-42ea-9ff6-0c32af4ff835",
        "contentKind": "Standalone",
        "contentProductId": "0ea22925-998d-42ea-9ff6-0c32af4ff835-sa-ntjii3zwvcrn2",
        "id": "0ea22925-998d-42ea-9ff6-0c32af4ff835-sa-ntjii3zwvcrn2"
      }
    }
  ],
  "variables": {}
}