{
  "$schema": "https://schema.management.azure.com/schemas/2019-04-01/deploymentTemplate.json#",
  "contentVersion": "1.0.0.0",
  "metadata": {},
  "parameters": {
    "location": {
      "type": "string",
      "minLength": 1,
      "defaultValue": "[resourceGroup().location]",
      "metadata": {
        "description": "Not used, but needed to pass arm-ttk test `Location-Should-Not-Be-Hardcoded`.  We instead use the `workspace-location` which is derived from the LA workspace"
      }
    },
    "workspace-location": {
      "type": "string",
      "defaultValue": "",
      "metadata": {
        "description": "[concat('Region to deploy solution resources -- separate from location selection',parameters('location'))]"
      }
    },
    "workspace": {
      "defaultValue": "",
      "type": "string",
      "metadata": {
        "description": "Workspace name for Log Analytics where Microsoft Sentinel is setup"
      }
    }
  },
  "resources": [
    {
      "type": "Microsoft.OperationalInsights/workspaces/providers/contentTemplates",
      "name": "[concat(parameters('workspace'),'/Microsoft.SecurityInsights/', '8159c663-6724-41b8-9ae8-b328aa8d0c4c')]",
      "location": "[parameters('workspace-location')]",
      "apiVersion": "2023-04-01-preview",
      "dependsOn": [
        "[extensionResourceId(resourceId('Microsoft.OperationalInsights/workspaces', parameters('workspace')), 'Microsoft.SecurityInsights/contentPackages', '8159c663-6724-41b8-9ae8-b328aa8d0c4c')]"
      ],
      "properties": {
        "contentId": "8159c663-6724-41b8-9ae8-b328aa8d0c4c",
        "displayName": "Anomalous sign-in location by user account and authenticating application",
        "contentKind": "HuntingQuery",
        "mainTemplate": {
          "$schema": "https://schema.management.azure.com/schemas/2019-04-01/deploymentTemplate.json#",
          "contentVersion": "1.0.0",
          "resources": [
            {
              "type": "Microsoft.OperationalInsights/savedSearches",
              "apiVersion": "2020-08-01",
              "name": "8159c663-6724-41b8-9ae8-b328aa8d0c4c",
              "location": "[parameters('workspace-location')]",
              "properties": {
                "eTag": "*",
                "displayName": "Anomalous sign-in location by user account and authenticating application",
                "category": "Hunting Queries",
                "query": "\nSigninLogs \n// Forces Log Analytics to recognize that the query should be run over full time range\n| extend  locationString= strcat(tostring(LocationDetails[\"countryOrRegion\"]), \"/\", \ntostring(LocationDetails[\"state\"]), \"/\", tostring(LocationDetails[\"city\"]), \";\") \n| project TimeGenerated, AppDisplayName, UserPrincipalName, locationString \n// Create time series \n| make-series dLocationCount = dcount(locationString) on TimeGenerated step 1d\nby UserPrincipalName, AppDisplayName \n// Compute best fit line for each entry \n| extend (RSquare, Slope, Variance, RVariance, Interception, LineFit) = series_fit_line(dLocationCount) \n// Chart the 3 most interesting lines  \n// A 0-value slope corresponds to an account being completely stable over time for a given Azure Active Directory application\n| top 3 by Slope desc\n| extend timestamp = TimeGenerated, AccountCustomEntity = UserPrincipalName \n| render timechart\n",
                "version": 2,
                "tags": [
                  {
                    "name": "description",
                    "value": "This query over Azure Active Directory sign-in considers all user sign-ins for each Azure Active \nDirectory application and picks out the most anomalous change in location profile for a user within an \nindividual application. The intent is to hunt for user account compromise, possibly via a specific application\nvector."
                  },
                  {
                    "name": "techniques",
                    "value": ""
                  },
                  {
                    "name": "tactics",
                    "value": "InitialAccess"
                  }
                ]
              }
            },
            {
              "type": "Microsoft.OperationalInsights/workspaces/providers/metadata",
              "apiVersion": "2021-03-01-preview",
              "name": "[concat(parameters('workspace'),'/Microsoft.SecurityInsights/',concat('huntingQuery-', '8159c663-6724-41b8-9ae8-b328aa8d0c4c'))]",
              "properties": {
                "description": "This query over Azure Active Directory sign-in considers all user sign-ins for each Azure Active \nDirectory application and picks out the most anomalous change in location profile for a user within an \nindividual application. The intent is to hunt for user account compromise, possibly via a specific application\nvector.",
                "version": "1.0.0",
                "author": {
                  "name": "Shain"
                },
                "support": {
                  "tier": "Community",
                  "name": "Community",
                  "link": "https://github.com/Azure/Azure-Sentinel/issues"
                },
                "source": {
                  "kind": "Community",
                  "name": "Standalone"
                },
                "threatAnalysisTactics": [
                  "InitialAccess"
                ],
                "threatAnalyticsTechniques": [
                  "T1078"
                ],
                "contentId": "8159c663-6724-41b8-9ae8-b328aa8d0c4c",
                "parentId": "8159c663-6724-41b8-9ae8-b328aa8d0c4c",
                "kind": "HuntingQuery",
                "dependencies": {
                  "operator": "AND",
                  "criteria": [
                    {
                      "contentId": "SigninLogs",
                      "kind": "DataType"
                    }
                  ]
                }
              }
            }
          ]
        },
        "packageId": "8159c663-6724-41b8-9ae8-b328aa8d0c4c",
        "packageKind": "Standalone",
        "packageName": "Anomalous sign-in location by user account and authenticating application",
        "contentProductId": "8159c663-6724-41b8-9ae8-b328aa8d0c4c-hq-kguqrjuads7bs",
        "id": "8159c663-6724-41b8-9ae8-b328aa8d0c4c-hq-kguqrjuads7bs",
        "packageVersion": "1.0.0",
        "version": "1.0.0"
      }
    },
    {
      "type": "Microsoft.OperationalInsights/workspaces/providers/contentPackages",
      "name": "[concat(parameters('workspace'),'/Microsoft.SecurityInsights/', '8159c663-6724-41b8-9ae8-b328aa8d0c4c')]",
      "location": "[parameters('workspace-location')]",
      "apiVersion": "2023-04-01-preview",
      "properties": {
        "author": {
          "name": "Shain"
        },
        "categories": {
          "domains": [
            "Security - Other",
            "Identity"
          ]
        },
        "dependencies": {
          "operator": "AND",
          "criteria": [
            {
              "contentId": "8159c663-6724-41b8-9ae8-b328aa8d0c4c",
              "kind": "HuntingQuery"
            }
          ]
        },
        "description": "This query over Azure Active Directory sign-in considers all user sign-ins for each Azure Active \nDirectory application and picks out the most anomalous change in location profile for a user within an \nindividual application. The intent is to hunt for user account compromise, possibly via a specific application\nvector.",
        "displayName": "Anomalous sign-in location by user account and authenticating application",
        "source": {
          "kind": "Community",
          "name": "Standalone"
        },
        "support": {
          "tier": "Community",
          "name": "Community",
          "link": "https://github.com/Azure/Azure-Sentinel/issues"
        },
        "threatAnalysisTactics": [
          "InitialAccess"
        ],
        "threatAnalyticsTechniques": [
          "T1078"
        ],
        "version": "1.0.0",
        "contentSchemaVersion": "3.0.0",
        "contentId": "8159c663-6724-41b8-9ae8-b328aa8d0c4c",
        "contentKind": "Standalone",
        "contentProductId": "8159c663-6724-41b8-9ae8-b328aa8d0c4c-sa-nhq64bha6kfkq",
        "id": "8159c663-6724-41b8-9ae8-b328aa8d0c4c-sa-nhq64bha6kfkq"
      }
    }
  ],
  "variables": {}
}