{
  "$schema": "https://schema.management.azure.com/schemas/2019-04-01/deploymentTemplate.json#",
  "contentVersion": "1.0.0.0",
  "metadata": {},
  "parameters": {
    "location": {
      "type": "string",
      "minLength": 1,
      "defaultValue": "[resourceGroup().location]",
      "metadata": {
        "description": "Not used, but needed to pass arm-ttk test `Location-Should-Not-Be-Hardcoded`.  We instead use the `workspace-location` which is derived from the LA workspace"
      }
    },
    "workspace-location": {
      "type": "string",
      "defaultValue": "",
      "metadata": {
        "description": "[concat('Region to deploy solution resources -- separate from location selection',parameters('location'))]"
      }
    },
    "workspace": {
      "defaultValue": "",
      "type": "string",
      "metadata": {
        "description": "Workspace name for Log Analytics where Microsoft Sentinel is setup"
      }
    }
  },
  "resources": [
    {
      "type": "Microsoft.OperationalInsights/workspaces/providers/contentTemplates",
      "name": "[concat(parameters('workspace'),'/Microsoft.SecurityInsights/', 'df75ac6c-7b0b-40d2-82e4-191c012f1a07')]",
      "location": "[parameters('workspace-location')]",
      "apiVersion": "2023-04-01-preview",
      "dependsOn": [
        "[extensionResourceId(resourceId('Microsoft.OperationalInsights/workspaces', parameters('workspace')), 'Microsoft.SecurityInsights/contentPackages', 'df75ac6c-7b0b-40d2-82e4-191c012f1a07')]"
      ],
      "properties": {
        "contentId": "df75ac6c-7b0b-40d2-82e4-191c012f1a07",
        "displayName": "Exploit and Pentest Framework User Agent",
        "contentKind": "HuntingQuery",
        "mainTemplate": {
          "$schema": "https://schema.management.azure.com/schemas/2019-04-01/deploymentTemplate.json#",
          "contentVersion": "1.0.0",
          "resources": [
            {
              "type": "Microsoft.OperationalInsights/savedSearches",
              "apiVersion": "2020-08-01",
              "name": "df75ac6c-7b0b-40d2-82e4-191c012f1a07",
              "location": "[parameters('workspace-location')]",
              "properties": {
                "eTag": "*",
                "displayName": "Exploit and Pentest Framework User Agent",
                "category": "Hunting Queries",
                "query": "\nlet UserAgentList = \"Internet Explorer |Mozilla/4\\\\.0 \\\\(compatible; MSIE 6\\\\.0; Windows NT 5\\\\.1; SV1; InfoPath\\\\.2\\\\)|Mozilla/5\\\\.0 \\\\(Windows NT 10\\\\.0; Win32; x32; rv:60\\\\.0\\\\)|Mozilla/4\\\\.0 \\\\(compatible; Metasploit RSPEC\\\\)|Mozilla/4\\\\.0 \\\\(compatible; MSIE 6\\\\.1; Windows NT\\\\)|Mozilla/4\\\\.0 \\\\(compatible; MSIE 6\\\\.0; Windows NT 5\\\\.1\\\\)|Mozilla/4\\\\.0 \\\\(compatible; MSIE 8\\\\.0; Windows NT 6\\\\.0; Trident/4\\\\.0\\\\)|Mozilla/4\\\\.0 \\\\(compatible; MSIE 7\\\\.0; Windows NT 6\\\\.0; Trident/4\\\\.0; SIMBAR={7DB0F6DE-8DE7-4841-9084-28FA914B0F2E}; SLCC1; \\\\.N|Mozilla/5\\\\.0 \\\\(Windows; U; Windows NT 5\\\\.1; en-US\\\\) AppleWebKit/525\\\\.13 \\\\(KHTML, like Gecko\\\\) Chrome/4\\\\.0\\\\.221\\\\.6 Safari/525\\\\.13|Mozilla/5\\\\.0 \\\\(compatible; MSIE 9\\\\.0; Windows NT 6\\\\.1; WOW64; Trident/5\\\\.0; MAAU\\\\)|Mozilla/5\\\\.0[^\\\\s]|Mozilla/4\\\\.0 \\\\(compatible; SPIPE/1\\\\.0|Mozilla/5\\\\.0 \\\\(Windows NT 6\\\\.3; rv:39\\\\.0\\\\) Gecko/20100101 Firefox/35\\\\.0|Sametime Community Agent|X-FORWARDED-FOR|DotDotPwn v2\\\\.1|SIPDROID|wordpress hash grabber|exploit|okhttp/\";\n// Excluding for IIS, as the main malicious usage for okhttp that we have seen was in the OfficeActivity logs and this can create noise for IIS.\nlet ExcludeIIS = \"okhttp/\";\n(union isfuzzy=true\n(OfficeActivity\n| where ExtendedProperties has \"UserAgent\"\n| extend UserAgent = extractjson(\"$[0].Value\", ExtendedProperties, typeof(string))\n| where UserAgent matches regex UserAgentList\n| project TimeGenerated, Type, UserAgent, SourceIP\n| extend IPCustomEntity = SourceIP\n),\n(\nW3CIISLog\n| extend UserAgent = replace('\\\\+', ' ', csUserAgent) \n| where UserAgent matches regex UserAgentList\n| where UserAgent !startswith ExcludeIIS\n| extend SourceIP = cIP\n| project TimeGenerated, Type, UserAgent, SourceIP\n| extend IPCustomEntity = SourceIP\n),\n(\nAWSCloudTrail\n| where UserAgent matches regex UserAgentList\n| extend SourceIP = SourceIpAddress\n| project TimeGenerated, Type, UserAgent, SourceIP\n))\n| summarize min(TimeGenerated), max(TimeGenerated), count() by Type, UserAgent, SourceIP\n| extend timestamp = min_TimeGenerated, IPCustomEntity = SourceIP\n",
                "version": 2,
                "tags": [
                  {
                    "name": "description",
                    "value": "There are several exploit and pen test frameworks that are being used by pen testers as well as attackers to \ncompromise an environment and achieve their objective. The query tries to detect suspicious user agent strings \nused by these frameworks in some of the data sources that contain UserAgent field. \nThis is based out of sigma rules described in references.\nReferences: https://github.com/Neo23x0/sigma/blob/master/rules/proxy/proxy_ua_frameworks.yml"
                  },
                  {
                    "name": "techniques",
                    "value": ""
                  },
                  {
                    "name": "tactics",
                    "value": "InitialAccess,CommandAndControl,Execution"
                  }
                ]
              }
            },
            {
              "type": "Microsoft.OperationalInsights/workspaces/providers/metadata",
              "apiVersion": "2021-03-01-preview",
              "name": "[concat(parameters('workspace'),'/Microsoft.SecurityInsights/',concat('huntingQuery-', 'df75ac6c-7b0b-40d2-82e4-191c012f1a07'))]",
              "properties": {
                "description": "There are several exploit and pen test frameworks that are being used by pen testers as well as attackers to \ncompromise an environment and achieve their objective. The query tries to detect suspicious user agent strings \nused by these frameworks in some of the data sources that contain UserAgent field. \nThis is based out of sigma rules described in references.\nReferences: https://github.com/Neo23x0/sigma/blob/master/rules/proxy/proxy_ua_frameworks.yml",
                "version": "1.0.0",
                "author": {
                  "name": "Shain"
                },
                "support": {
                  "tier": "Community",
                  "name": "Community",
                  "link": "https://github.com/Azure/Azure-Sentinel/issues"
                },
                "source": {
                  "kind": "Community",
                  "name": "Standalone"
                },
                "threatAnalysisTactics": [
                  "InitialAccess",
                  "CommandAndControl",
                  "Execution"
                ],
                "threatAnalyticsTechniques": [
                  "T1189",
                  "T1071",
                  "T1203"
                ],
                "contentId": "df75ac6c-7b0b-40d2-82e4-191c012f1a07",
                "parentId": "df75ac6c-7b0b-40d2-82e4-191c012f1a07",
                "kind": "HuntingQuery",
                "dependencies": {
                  "operator": "AND",
                  "criteria": [
                    {
                      "contentId": "OfficeActivity",
                      "kind": "DataType"
                    },
                    {
                      "contentId": "AWSCloudTrail",
                      "kind": "DataType"
                    },
                    {
                      "contentId": "W3CIISLog",
                      "kind": "DataType"
                    }
                  ]
                }
              }
            }
          ]
        },
        "packageId": "df75ac6c-7b0b-40d2-82e4-191c012f1a07",
        "packageKind": "Standalone",
        "packageName": "Exploit and Pentest Framework User Agent",
        "contentProductId": "df75ac6c-7b0b-40d2-82e4-191c012f1a07-hq-wkqn4nym4mxoe",
        "id": "df75ac6c-7b0b-40d2-82e4-191c012f1a07-hq-wkqn4nym4mxoe",
        "packageVersion": "1.0.0",
        "version": "1.0.0"
      }
    },
    {
      "type": "Microsoft.OperationalInsights/workspaces/providers/contentPackages",
      "name": "df75ac6c-7b0b-40d2-82e4-191c012f1a07",
      "location": "[parameters('workspace-location')]",
      "apiVersion": "2023-04-01-preview",
      "properties": {
        "author": {
          "name": "Shain"
        },
        "categories": {
          "domains": [
            "Security - Threat Protection"
          ]
        },
        "dependencies": {
          "operator": "AND",
          "criteria": [
            {
              "contentId": "df75ac6c-7b0b-40d2-82e4-191c012f1a07",
              "kind": "HuntingQuery"
            }
          ]
        },
        "description": "There are several exploit and pen test frameworks that are being used by pen testers as well as attackers to \ncompromise an environment and achieve their objective. The query tries to detect suspicious user agent strings \nused by these frameworks in some of the data sources that contain UserAgent field. \nThis is based out of sigma rules described in references.\nReferences: https://github.com/Neo23x0/sigma/blob/master/rules/proxy/proxy_ua_frameworks.yml",
        "displayName": "Exploit and Pentest Framework User Agent",
        "source": {
          "kind": "Community",
          "name": "Standalone"
        },
        "support": {
          "tier": "Community",
          "name": "Community",
          "link": "https://github.com/Azure/Azure-Sentinel/issues"
        },
        "threatAnalysisTactics": [
          "InitialAccess",
          "CommandAndControl",
          "Execution"
        ],
        "threatAnalyticsTechniques": [
          "T1189",
          "T1071",
          "T1203"
        ],
        "version": "1.0.0",
        "contentSchemaVersion": "3.0.0",
        "contentId": "df75ac6c-7b0b-40d2-82e4-191c012f1a07",
        "contentKind": "Standalone",
        "contentProductId": "df75ac6c-7b0b-40d2-82e4-191c012f1a07-sa-h6fp56xulc2r4",
        "id": "df75ac6c-7b0b-40d2-82e4-191c012f1a07-sa-h6fp56xulc2r4"
      }
    }
  ],
  "variables": {}
}