{
  "$schema": "https://schema.management.azure.com/schemas/2019-04-01/deploymentTemplate.json#",
  "contentVersion": "1.0.0.0",
  "metadata": {},
  "parameters": {
    "location": {
      "type": "string",
      "minLength": 1,
      "defaultValue": "[resourceGroup().location]",
      "metadata": {
        "description": "Not used, but needed to pass arm-ttk test `Location-Should-Not-Be-Hardcoded`.  We instead use the `workspace-location` which is derived from the LA workspace"
      }
    },
    "workspace-location": {
      "type": "string",
      "defaultValue": "",
      "metadata": {
        "description": "[concat('Region to deploy solution resources -- separate from location selection',parameters('location'))]"
      }
    },
    "workspace": {
      "defaultValue": "",
      "type": "string",
      "metadata": {
        "description": "Workspace name for Log Analytics where Microsoft Sentinel is setup"
      }
    }
  },
  "resources": [
    {
      "type": "Microsoft.OperationalInsights/workspaces/providers/contentTemplates",
      "name": "[concat(parameters('workspace'),'/Microsoft.SecurityInsights/', 'cd11d6a1-e2ad-47fa-9a9f-4c70b143d4fd')]",
      "location": "[parameters('workspace-location')]",
      "apiVersion": "2023-04-01-preview",
      "dependsOn": [
        "[extensionResourceId(resourceId('Microsoft.OperationalInsights/workspaces', parameters('workspace')), 'Microsoft.SecurityInsights/contentPackages', 'cd11d6a1-e2ad-47fa-9a9f-4c70b143d4fd')]"
      ],
      "properties": {
        "contentId": "cd11d6a1-e2ad-47fa-9a9f-4c70b143d4fd",
        "displayName": "Multiple large queries made by user",
        "contentKind": "HuntingQuery",
        "mainTemplate": {
          "$schema": "https://schema.management.azure.com/schemas/2019-04-01/deploymentTemplate.json#",
          "contentVersion": "1.0.0",
          "resources": [
            {
              "type": "Microsoft.OperationalInsights/savedSearches",
              "apiVersion": "2020-08-01",
              "name": "cd11d6a1-e2ad-47fa-9a9f-4c70b143d4fd",
              "location": "[parameters('workspace-location')]",
              "properties": {
                "eTag": "*",
                "displayName": "Multiple large queries made by user",
                "category": "Hunting Queries",
                "query": "\nlet UI_apps = dynamic(['ASI_Portal','AzureMonitorLogsConnector','AppAnalytics']);\nlet threshold = 3;\nLAQueryLogs\n| where (ResponseRowCount == 10001 and RequestClientApp in(UI_apps)) or (ResponseRowCount > 10001 and RequestClientApp !in(UI_apps))\n| summarize count() by AADEmail\n| where count_ > threshold\n| join kind=rightsemi (\nLAQueryLogs\n| where (ResponseRowCount == 10001 and RequestClientApp in(UI_apps)) or (ResponseRowCount > 10001 and RequestClientApp !in(UI_apps)))\non AADEmail\n| extend timestamp = TimeGenerated, AccountCustomEntity = AADEmail\n",
                "version": 2,
                "tags": [
                  {
                    "name": "description",
                    "value": "This hunting query looks for users who are running multiple queries that return either a very large\namount of data or the maximum amount allowed by the query method."
                  },
                  {
                    "name": "techniques",
                    "value": ""
                  },
                  {
                    "name": "tactics",
                    "value": "Exfiltration"
                  }
                ]
              }
            },
            {
              "type": "Microsoft.OperationalInsights/workspaces/providers/metadata",
              "apiVersion": "2021-03-01-preview",
              "name": "[concat(parameters('workspace'),'/Microsoft.SecurityInsights/',concat('huntingQuery-', 'cd11d6a1-e2ad-47fa-9a9f-4c70b143d4fd'))]",
              "properties": {
                "description": "This hunting query looks for users who are running multiple queries that return either a very large\namount of data or the maximum amount allowed by the query method.",
                "version": "1.0.0",
                "author": {
                  "name": "Pete Bryan"
                },
                "support": {
                  "tier": "Microsoft",
                  "name": "Microsoft",
                  "email": "support@microsoft.com",
                  "link": "https://support.microsoft.com"
                },
                "source": {
                  "kind": "Community",
                  "name": "Standalone"
                },
                "threatAnalysisTactics": [
                  "Exfiltration"
                ],
                "threatAnalyticsTechniques": [
                  "T1030"
                ],
                "contentId": "cd11d6a1-e2ad-47fa-9a9f-4c70b143d4fd",
                "parentId": "cd11d6a1-e2ad-47fa-9a9f-4c70b143d4fd",
                "kind": "HuntingQuery",
                "dependencies": {
                  "operator": "AND",
                  "criteria": [
                    {
                      "contentId": "LAQueryLogs",
                      "kind": "DataType"
                    }
                  ]
                }
              }
            }
          ]
        },
        "packageId": "cd11d6a1-e2ad-47fa-9a9f-4c70b143d4fd",
        "packageKind": "Standalone",
        "packageName": "Multiple large queries made by user",
        "contentProductId": "cd11d6a1-e2ad-47fa-9a9f-4c70b143d4fd-hq-wcokrrcoc43xm",
        "id": "cd11d6a1-e2ad-47fa-9a9f-4c70b143d4fd-hq-wcokrrcoc43xm",
        "packageVersion": "1.0.0",
        "version": "1.0.0"
      }
    },
    {
      "type": "Microsoft.OperationalInsights/workspaces/providers/contentPackages",
      "name": "[concat(parameters('workspace'),'/Microsoft.SecurityInsights/', 'cd11d6a1-e2ad-47fa-9a9f-4c70b143d4fd')]",
      "location": "[parameters('workspace-location')]",
      "apiVersion": "2023-04-01-preview",
      "properties": {
        "author": {
          "name": "Pete Bryan"
        },
        "categories": {
          "domains": [
            "Security - Threat Protection"
          ]
        },
        "dependencies": {
          "operator": "AND",
          "criteria": [
            {
              "contentId": "cd11d6a1-e2ad-47fa-9a9f-4c70b143d4fd",
              "kind": "HuntingQuery"
            }
          ]
        },
        "description": "This hunting query looks for users who are running multiple queries that return either a very large\namount of data or the maximum amount allowed by the query method.",
        "displayName": "Multiple large queries made by user",
        "source": {
          "kind": "Community",
          "name": "Standalone"
        },
        "support": {
          "tier": "Microsoft",
          "name": "Microsoft",
          "email": "support@microsoft.com",
          "link": "https://support.microsoft.com"
        },
        "threatAnalysisTactics": [
          "Exfiltration"
        ],
        "threatAnalyticsTechniques": [
          "T1030"
        ],
        "version": "1.0.0",
        "contentSchemaVersion": "3.0.0",
        "contentId": "cd11d6a1-e2ad-47fa-9a9f-4c70b143d4fd",
        "contentKind": "Standalone",
        "contentProductId": "cd11d6a1-e2ad-47fa-9a9f-4c70b143d4fd-sa-sw5u6lbrpdqsq",
        "id": "cd11d6a1-e2ad-47fa-9a9f-4c70b143d4fd-sa-sw5u6lbrpdqsq"
      }
    }
  ],
  "variables": {}
}