{
  "$schema": "https://schema.management.azure.com/schemas/2019-04-01/deploymentTemplate.json#",
  "contentVersion": "1.0.0.0",
  "metadata": {},
  "parameters": {
    "location": {
      "type": "string",
      "minLength": 1,
      "defaultValue": "[resourceGroup().location]",
      "metadata": {
        "description": "Not used, but needed to pass arm-ttk test `Location-Should-Not-Be-Hardcoded`.  We instead use the `workspace-location` which is derived from the LA workspace"
      }
    },
    "workspace-location": {
      "type": "string",
      "defaultValue": "",
      "metadata": {
        "description": "[concat('Region to deploy solution resources -- separate from location selection',parameters('location'))]"
      }
    },
    "workspace": {
      "defaultValue": "",
      "type": "string",
      "metadata": {
        "description": "Workspace name for Log Analytics where Microsoft Sentinel is setup"
      }
    }
  },
  "resources": [
    {
      "type": "Microsoft.OperationalInsights/workspaces/providers/contentTemplates",
      "name": "[concat(parameters('workspace'),'/Microsoft.SecurityInsights/', '4eb6d052-9873-4092-b989-66eae780e203')]",
      "location": "[parameters('workspace-location')]",
      "apiVersion": "2023-04-01-preview",
      "dependsOn": [
        "[extensionResourceId(resourceId('Microsoft.OperationalInsights/workspaces', parameters('workspace')), 'Microsoft.SecurityInsights/contentPackages', '4eb6d052-9873-4092-b989-66eae780e203')]"
      ],
      "properties": {
        "contentId": "4eb6d052-9873-4092-b989-66eae780e203",
        "displayName": "Signin Logs with expanded Conditional Access Policies",
        "contentKind": "HuntingQuery",
        "mainTemplate": {
          "$schema": "https://schema.management.azure.com/schemas/2019-04-01/deploymentTemplate.json#",
          "contentVersion": "1.0.0",
          "resources": [
            {
              "type": "Microsoft.OperationalInsights/savedSearches",
              "apiVersion": "2020-08-01",
              "name": "4eb6d052-9873-4092-b989-66eae780e203",
              "location": "[parameters('workspace-location')]",
              "properties": {
                "eTag": "*",
                "displayName": "Signin Logs with expanded Conditional Access Policies",
                "category": "Hunting Queries",
                "query": "\nSigninLogs \n| extend OS = DeviceDetail.operatingSystem, Browser = DeviceDetail.browser\n| extend ConditionalAccessPol0Name = tostring(ConditionalAccessPolicies[0].displayName), ConditionalAccessPol0Result = tostring(ConditionalAccessPolicies[0].result)\n| extend ConditionalAccessPol1Name = tostring(ConditionalAccessPolicies[1].displayName), ConditionalAccessPol1Result = tostring(ConditionalAccessPolicies[1].result)\n| extend ConditionalAccessPol2Name = tostring(ConditionalAccessPolicies[2].displayName), ConditionalAccessPol2Result = tostring(ConditionalAccessPolicies[2].result)\n| extend StatusCode = tostring(Status.errorCode), StatusDetails = tostring(Status.additionalDetails)\n| extend State = tostring(LocationDetails.state), City = tostring(LocationDetails.city)\n| extend Date = startofday(TimeGenerated), Hour = datetime_part(\"Hour\", TimeGenerated)\n| summarize count() by Date, Identity, UserDisplayName, UserPrincipalName, IPAddress, ResultType, ResultDescription, StatusCode, StatusDetails, \nConditionalAccessPol0Name, ConditionalAccessPol0Result, ConditionalAccessPol1Name, ConditionalAccessPol1Result, ConditionalAccessPol2Name, ConditionalAccessPol2Result, \nLocation, State, City\n| extend timestamp = Date, AccountCustomEntity = UserPrincipalName, IPCustomEntity = IPAddress\n| sort by Date \n",
                "version": 2,
                "tags": [
                  {
                    "name": "description",
                    "value": "Example query for SigninLogs showing how to break out packed fields.  In this case extending conditional access Policies "
                  },
                  {
                    "name": "tactics",
                    "value": "Impact"
                  }
                ]
              }
            },
            {
              "type": "Microsoft.OperationalInsights/workspaces/providers/metadata",
              "apiVersion": "2021-03-01-preview",
              "name": "[concat(parameters('workspace'),'/Microsoft.SecurityInsights/',concat('huntingQuery-', '4eb6d052-9873-4092-b989-66eae780e203'))]",
              "properties": {
                "description": "Example query for SigninLogs showing how to break out packed fields.  In this case extending conditional access Policies ",
                "version": "1.0.0",
                "author": {
                  "name": "Shain"
                },
                "support": {
                  "tier": "Community",
                  "name": "Community",
                  "link": "https://github.com/Azure/Azure-Sentinel/issues"
                },
                "source": {
                  "kind": "Community",
                  "name": "Standalone"
                },
                "threatAnalysisTactics": [
                  "Impact"
                ],
                "contentId": "4eb6d052-9873-4092-b989-66eae780e203",
                "parentId": "4eb6d052-9873-4092-b989-66eae780e203",
                "kind": "HuntingQuery",
                "dependencies": {
                  "operator": "AND",
                  "criteria": [
                    {
                      "contentId": "SigninLogs",
                      "kind": "DataType"
                    }
                  ]
                }
              }
            }
          ]
        },
        "packageId": "4eb6d052-9873-4092-b989-66eae780e203",
        "packageKind": "Standalone",
        "packageName": "Signin Logs with expanded Conditional Access Policies",
        "contentProductId": "4eb6d052-9873-4092-b989-66eae780e203-hq-2vkayvokgciso",
        "id": "4eb6d052-9873-4092-b989-66eae780e203-hq-2vkayvokgciso",
        "packageVersion": "1.0.0",
        "version": "1.0.0"
      }
    },
    {
      "type": "Microsoft.OperationalInsights/workspaces/providers/contentPackages",
      "name": "[concat(parameters('workspace'),'/Microsoft.SecurityInsights/', '4eb6d052-9873-4092-b989-66eae780e203')]",
      "location": "[parameters('workspace-location')]",
      "apiVersion": "2023-04-01-preview",
      "properties": {
        "author": {
          "name": "Shain"
        },
        "categories": {
          "domains": [
            "Security - Other",
            "Identity"
          ]
        },
        "dependencies": {
          "operator": "AND",
          "criteria": [
            {
              "contentId": "4eb6d052-9873-4092-b989-66eae780e203",
              "kind": "HuntingQuery"
            }
          ]
        },
        "description": "Example query for SigninLogs showing how to break out packed fields.  In this case extending conditional access Policies ",
        "displayName": "Signin Logs with expanded Conditional Access Policies",
        "source": {
          "kind": "Community",
          "name": "Standalone"
        },
        "support": {
          "tier": "Community",
          "name": "Community",
          "link": "https://github.com/Azure/Azure-Sentinel/issues"
        },
        "threatAnalysisTactics": [
          "Impact"
        ],
        "version": "1.0.0",
        "contentSchemaVersion": "3.0.0",
        "contentId": "4eb6d052-9873-4092-b989-66eae780e203",
        "contentKind": "Standalone",
        "contentProductId": "4eb6d052-9873-4092-b989-66eae780e203-sa-3mb3mwjfvqzos",
        "id": "4eb6d052-9873-4092-b989-66eae780e203-sa-3mb3mwjfvqzos"
      }
    }
  ],
  "variables": {}
}