{
  "$schema": "https://schema.management.azure.com/schemas/2019-04-01/deploymentTemplate.json#",
  "contentVersion": "1.0.0.0",
  "metadata": {},
  "parameters": {
    "location": {
      "type": "string",
      "minLength": 1,
      "defaultValue": "[resourceGroup().location]",
      "metadata": {
        "description": "Not used, but needed to pass arm-ttk test `Location-Should-Not-Be-Hardcoded`.  We instead use the `workspace-location` which is derived from the LA workspace"
      }
    },
    "workspace-location": {
      "type": "string",
      "defaultValue": "",
      "metadata": {
        "description": "[concat('Region to deploy solution resources -- separate from location selection',parameters('location'))]"
      }
    },
    "workspace": {
      "defaultValue": "",
      "type": "string",
      "metadata": {
        "description": "Workspace name for Log Analytics where Microsoft Sentinel is setup"
      }
    }
  },
  "resources": [
    {
      "type": "Microsoft.OperationalInsights/workspaces/providers/contentTemplates",
      "name": "[concat(parameters('workspace'),'/Microsoft.SecurityInsights/', 'Create-AzureDevOpsTask-incident-trigger')]",
      "location": "[parameters('workspace-location')]",
      "apiVersion": "2023-04-01-preview",
      "dependsOn": [
        "[extensionResourceId(resourceId('Microsoft.OperationalInsights/workspaces', parameters('workspace')), 'Microsoft.SecurityInsights/contentPackages', 'Create-AzureDevOpsTask-incident-trigger')]"
      ],
      "properties": {
        "contentId": "Create-AzureDevOpsTask-incident-trigger",
        "displayName": "Create-AzureDevOpsTask-incident-trigger",
        "contentKind": "Playbook",
        "mainTemplate": {
          "$schema": "https://schema.management.azure.com/schemas/2019-04-01/deploymentTemplate.json#",
          "contentVersion": "1.0.0.0",
          "metadata": {
            "title": "Create-AzureDevOpsTask-incident-trigger",
            "version": "1.0.0",
            "description": "This playbook will create the Azure DevOps task filled with the Microsoft Sentinel incident details.  ",
            "prerequisites": [
              "None"
            ],
            "lastUpdateTime": "2022-07-25T00:00:00Z",
            "entities": [],
            "tags": [
              "Sync"
            ],
            "support": {
              "tier": "Community"
            },
            "categories": {
              "domains": [
                "Security - Automation (SOAR)"
              ]
            },
            "author": {
              "name": "Nicholas DiCola"
            },
            "releaseNotes": [
              {
                "version": "1.0.0",
                "title": "Create AzureDevOpsTask Incident Trigger",
                "notes": [
                  "Initial version"
                ]
              }
            ],
            "source": {
              "kind": "Community"
            }
          },
          "parameters": {
            "PlaybookName": {
              "defaultValue": "Create-AzureDevOpsTask-incident-trigger",
              "type": "string"
            }
          },
          "variables": {
            "AzureSentinelConnectionName": "[[concat('azuresentinel-', parameters('PlaybookName'))]",
            "AzureDevOpsConnectionName": "[[concat('azuredevops-', parameters('PlaybookName'))]"
          },
          "resources": [
            {
              "type": "Microsoft.Web/connections",
              "apiVersion": "2016-06-01",
              "name": "[[variables('AzureSentinelConnectionName')]",
              "location": "[[resourceGroup().location]",
              "kind": "V1",
              "properties": {
                "displayName": "[[variables('AzureSentinelConnectionName')]",
                "customParameterValues": {},
                "parameterValueType": "Alternative",
                "api": {
                  "id": "[[concat('/subscriptions/', subscription().subscriptionId, '/providers/Microsoft.Web/locations/', resourceGroup().location, '/managedApis/azuresentinel')]"
                }
              }
            },
            {
              "type": "Microsoft.Web/connections",
              "apiVersion": "2016-06-01",
              "name": "[[variables('AzureDevOpsConnectionName')]",
              "location": "[[resourceGroup().location]",
              "properties": {
                "displayName": "[[variables('AzureDevOpsConnectionName')]",
                "customParameterValues": {},
                "api": {
                  "id": "[[concat('/subscriptions/', subscription().subscriptionId, '/providers/Microsoft.Web/locations/', resourceGroup().location, '/managedApis/visualstudioteamservices')]"
                }
              }
            },
            {
              "type": "Microsoft.Logic/workflows",
              "apiVersion": "2017-07-01",
              "name": "[[parameters('PlaybookName')]",
              "location": "[[resourceGroup().location]",
              "tags": {
                "hidden-SentinelTemplateName": "Create-AzureDevOpsTask",
                "hidden-SentinelTemplateVersion": "1.0"
              },
              "identity": {
                "type": "SystemAssigned"
              },
              "dependsOn": [
                "[[resourceId('Microsoft.Web/connections', variables('AzureSentinelConnectionName'))]",
                "[[resourceId('Microsoft.Web/connections', variables('AzureDevOpsConnectionName'))]"
              ],
              "properties": {
                "state": "Enabled",
                "definition": {
                  "$schema": "https://schema.management.azure.com/providers/Microsoft.Logic/schemas/2016-06-01/workflowdefinition.json#",
                  "actions": {
                    "Add_comment_to_incident_(V3)": {
                      "inputs": {
                        "body": {
                          "incidentArmId": "@triggerBody()?['object']?['id']",
                          "message": "<p>Azure DevOps Task created: @{body('Create_a_work_item')?['url']}</p>"
                        },
                        "host": {
                          "connection": {
                            "name": "@parameters('$connections')['azuresentinel']['connectionId']"
                          }
                        },
                        "method": "post",
                        "path": "/Incidents/Comment"
                      },
                      "runAfter": {
                        "Create_a_work_item": [
                          "Succeeded"
                        ]
                      },
                      "type": "ApiConnection"
                    },
                    "Create_a_work_item": {
                      "inputs": {
                        "body": {
                          "description": "Incident Description: @{triggerBody()?['object']?['properties']?['description']}\nIncident Severity: @{triggerBody()?['object']?['properties']?['severity']}\nIncident URL: @{triggerBody()?['object']?['properties']?['incidentUrl']}\n",
                          "title": "New Microsoft Sentinel Incident: @{triggerBody()?['object']?['properties']?['title']}"
                        },
                        "host": {
                          "connection": {
                            "name": "@parameters('$connections')['visualstudioteamservices']['connectionId']"
                          }
                        },
                        "method": "patch",
                        "path": "/@{encodeURIComponent('test')}/_apis/wit/workitems/$@{encodeURIComponent('Task')}",
                        "queries": {
                          "account": "test"
                        }
                      },
                      "runAfter": {},
                      "type": "ApiConnection"
                    }
                  },
                  "contentVersion": "1.0.0.0",
                  "outputs": {},
                  "parameters": {
                    "$connections": {
                      "defaultValue": {},
                      "type": "Object"
                    }
                  },
                  "triggers": {
                    "Microsoft_Sentinel_incident": {
                      "inputs": {
                        "body": {
                          "callback_url": "@{listCallbackUrl()}"
                        },
                        "host": {
                          "connection": {
                            "name": "@parameters('$connections')['azuresentinel']['connectionId']"
                          }
                        },
                        "path": "/incident-creation"
                      },
                      "type": "ApiConnectionWebhook"
                    }
                  }
                },
                "parameters": {
                  "$connections": {
                    "value": {
                      "azuresentinel": {
                        "connectionId": "[[resourceId('Microsoft.Web/connections', variables('AzureSentinelConnectionName'))]",
                        "connectionName": "[[variables('AzureSentinelConnectionName')]",
                        "id": "[[concat('/subscriptions/', subscription().subscriptionId, '/providers/Microsoft.Web/locations/', resourceGroup().location, '/managedApis/azuresentinel')]",
                        "connectionProperties": {
                          "authentication": {
                            "type": "ManagedServiceIdentity"
                          }
                        }
                      },
                      "visualstudioteamservices": {
                        "connectionId": "[[resourceId('Microsoft.Web/connections', variables('AzureDevOpsConnectionName'))]",
                        "connectionName": "[[variables('AzureDevOpsConnectionName')]",
                        "id": "[[concat('/subscriptions/', subscription().subscriptionId, '/providers/Microsoft.Web/locations/', resourceGroup().location, '/managedApis/visualstudioteamservices')]"
                      }
                    }
                  }
                }
              }
            },
            {
              "type": "Microsoft.OperationalInsights/workspaces/providers/metadata",
              "apiVersion": "2021-03-01-preview",
              "name": "[[concat(parameters('workspace'),'/Microsoft.SecurityInsights/', 'Create-AzureDevOpsTask-incident-trigger')]",
              "properties": {
                "description": "This playbook will create the Azure DevOps task filled with the Microsoft Sentinel incident details.  ",
                "version": "1.0.0",
                "author": {
                  "name": "Nicholas DiCola"
                },
                "support": {
                  "tier": "Community",
                  "name": "Community",
                  "link": "https://github.com/Azure/Azure-Sentinel/issues"
                },
                "source": {
                  "kind": "Community",
                  "name": "Standalone"
                },
                "contentId": "Create-AzureDevOpsTask-incident-trigger",
                "parentId": "Create-AzureDevOpsTask-incident-trigger",
                "kind": "Playbook"
              }
            }
          ]
        },
        "packageId": "Create-AzureDevOpsTask-incident-trigger",
        "packageKind": "Standalone",
        "packageName": "Create-AzureDevOpsTask-incident-trigger",
        "contentProductId": "Create-AzureDevOpsTask-incident-trigger-pl-6zmabkurcai6q",
        "id": "Create-AzureDevOpsTask-incident-trigger-pl-6zmabkurcai6q",
        "packageVersion": "1.0.0.0",
        "version": "1.0.0.0"
      }
    },
    {
      "type": "Microsoft.OperationalInsights/workspaces/providers/contentPackages",
      "name": "[concat(parameters('workspace'),'/Microsoft.SecurityInsights/', 'Create-AzureDevOpsTask-incident-trigger')]",
      "location": "[parameters('workspace-location')]",
      "apiVersion": "2023-04-01-preview",
      "properties": {
        "author": {
          "name": "Nicholas DiCola"
        },
        "categories": {
          "domains": [
            "Security - Automation (SOAR)"
          ]
        },
        "dependencies": {
          "operator": "AND",
          "criteria": [
            {
              "contentId": "Create-AzureDevOpsTask-incident-trigger",
              "kind": "Playbook"
            }
          ]
        },
        "description": "This playbook will create the Azure DevOps task filled with the Microsoft Sentinel incident details.  ",
        "displayName": "Create-AzureDevOpsTask-incident-trigger",
        "source": {
          "kind": "Community",
          "name": "Standalone"
        },
        "support": {
          "tier": "Community",
          "name": "Community",
          "link": "https://github.com/Azure/Azure-Sentinel/issues"
        },
        "version": "1.0.0",
        "contentSchemaVersion": "3.0.0",
        "contentId": "Create-AzureDevOpsTask-incident-trigger",
        "contentKind": "Standalone",
        "contentProductId": "Create-AzureDevOpsTask-incident-trigger-sa-6eesqzmbbw7xi",
        "id": "Create-AzureDevOpsTask-incident-trigger-sa-6eesqzmbbw7xi"
      }
    }
  ],
  "variables": {}
}