{
  "$schema": "https://schema.management.azure.com/schemas/2019-04-01/deploymentTemplate.json#",
  "contentVersion": "2.0.2",
  "parameters": {
    "location": {
      "type": "string",
      "minLength": 1,
      "defaultValue": "[resourceGroup().location]",
      "metadata": {
        "description": "Not used, but needed to pass arm-ttk test `Location-Should-Not-Be-Hardcoded`.  We instead use the `workspace-location` which is derived from the LA workspace"
      }
    },
    "workspace": {
      "defaultValue": "",
      "type": "string",
      "metadata": {
        "description": "Workspace name for Log Analytics where Microsoft Sentinel is setup"
      }
    },
    "workspace-location": {
      "type": "string",
      "defaultValue": "",
      "metadata": {
        "description": "[concat('Region to deploy solution resources -- separate from location selection',parameters('location'))]"
      }
    }
  },
  "resources": [
    {
      "type": "Microsoft.OperationalInsights/workspaces/providers/contentTemplates",
      "name": "[concat(parameters('workspace'),'/Microsoft.SecurityInsights/',concat(concat(parameters('workspace'),'-ar-',uniquestring('9fb57e58-3ed8-4b89-afcf-c8e786508b1c')),'2.0.2'))]",
      "location": "[parameters('workspace-location')]",
      "apiVersion": "2023-04-01-preview",
      "dependsOn": [
        "[extensionResourceId(resourceId('Microsoft.OperationalInsights/workspaces', parameters('workspace')), 'Microsoft.SecurityInsights/contentPackages', 'azuresentinel.azure-sentinel-solution-azureactivity')]"
      ],
      "properties": {
        "contentId": "9fb57e58-3ed8-4b89-afcf-c8e786508b1c",
        "displayName": "Suspicious Resource deployment",
        "contentKind": "AnalyticsRule",
        "mainTemplate": {
          "$schema": "https://schema.management.azure.com/schemas/2019-04-01/deploymentTemplate.json#",
          "contentVersion": "2.0.2",
          "parameters": {},
          "variables": {},
          "resources": [
            {
              "type": "Microsoft.SecurityInsights/AlertRuleTemplates",
              "name": "9fb57e58-3ed8-4b89-afcf-c8e786508b1c",
              "apiVersion": "2022-04-01-preview",
              "kind": "Scheduled",
              "location": "[parameters('workspace-location')]",
              "properties": {
                "description": "Identifies when a rare Resource and ResourceGroup deployment occurs by a previously unseen caller.",
                "displayName": "Suspicious Resource deployment",
                "enabled": false,
                "query": "// Add or remove operation names below as per your requirements. For operations lists, please refer to https://learn.microsoft.com/en-us/Azure/role-based-access-control/resource-provider-operations#all\nlet szOperationNames = dynamic([\"Microsoft.Compute/virtualMachines/write\", \"Microsoft.Resources/deployments/write\", \"Microsoft.Resources/subscriptions/resourceGroups/write\"]);\nlet starttime = 14d;\nlet endtime = 1d;\nlet RareCaller = AzureActivity\n| where TimeGenerated between (ago(starttime) .. ago(endtime))\n| where OperationNameValue in~ (szOperationNames)\n| summarize count() by CallerIpAddress, Caller, OperationNameValue, bin(TimeGenerated,1d)\n// Returns all the records from the right side that don't have matches from the left.\n| join kind=rightantisemi (\nAzureActivity\n| where TimeGenerated > ago(endtime)\n| where OperationNameValue in~ (szOperationNames)\n| summarize StartTimeUtc = min(TimeGenerated), EndTimeUtc = max(TimeGenerated), ActivityTimeStamp = make_set(TimeGenerated,100), ActivityStatusValue = make_set(ActivityStatusValue,100), CorrelationIds = make_set(CorrelationId,100), ResourceGroups = make_set(ResourceGroup,100), ResourceIds = make_set(_ResourceId,100), ActivityCountByCallerIPAddress = count()\nby CallerIpAddress, Caller, OperationNameValue) on CallerIpAddress, Caller, OperationNameValue;\nRareCaller\n| extend Name = iif(Caller has '@',tostring(split(Caller,'@',0)[0]),\"\")\n| extend UPNSuffix = iif(Caller has '@',tostring(split(Caller,'@',1)[0]),\"\")\n| extend AadUserId = iif(Caller !has '@',Caller,\"\")\n",
                "queryFrequency": "P1D",
                "queryPeriod": "P14D",
                "severity": "Low",
                "suppressionDuration": "PT1H",
                "suppressionEnabled": false,
                "triggerOperator": "GreaterThan",
                "triggerThreshold": 0,
                "status": "Available",
                "requiredDataConnectors": [
                  {
                    "dataTypes": [
                      "AzureActivity"
                    ],
                    "connectorId": "AzureActivity"
                  }
                ],
                "tactics": [
                  "Impact"
                ],
                "techniques": [
                  "T1496"
                ],
                "entityMappings": [
                  {
                    "entityType": "Account",
                    "fieldMappings": [
                      {
                        "identifier": "Name",
                        "columnName": "Name"
                      },
                      {
                        "identifier": "UPNSuffix",
                        "columnName": "UPNSuffix"
                      },
                      {
                        "identifier": "AadUserId",
                        "columnName": "AadUserId"
                      }
                    ]
                  },
                  {
                    "entityType": "IP",
                    "fieldMappings": [
                      {
                        "identifier": "Address",
                        "columnName": "CallerIpAddress"
                      }
                    ]
                  }
                ]
              }
            },
            {
              "type": "Microsoft.OperationalInsights/workspaces/providers/metadata",
              "apiVersion": "2022-01-01-preview",
              "name": "[concat(parameters('workspace'),'/Microsoft.SecurityInsights/',concat('AnalyticsRule-', last(split(resourceId('Microsoft.SecurityInsights/AlertRuleTemplates', '9fb57e58-3ed8-4b89-afcf-c8e786508b1c'),'/'))))]",
              "properties": {
                "description": "Azure Activity Analytics Rule 10",
                "parentId": "[resourceId('Microsoft.SecurityInsights/AlertRuleTemplates', '9fb57e58-3ed8-4b89-afcf-c8e786508b1c')]",
                "contentId": "9fb57e58-3ed8-4b89-afcf-c8e786508b1c",
                "kind": "AnalyticsRule",
                "version": "2.0.2",
                "source": {
                  "kind": "Solution",
                  "name": "Azure Activity",
                  "sourceId": "azuresentinel.azure-sentinel-solution-azureactivity"
                },
                "author": {
                  "name": "Microsoft",
                  "email": "support@microsoft.com"
                },
                "support": {
                  "tier": "Microsoft",
                  "name": "Microsoft Corporation",
                  "email": "support@microsoft.com",
                  "link": "https://support.microsoft.com/"
                }
              }
            }
          ]
        },
        "packageKind": "Solution",
        "packageVersion": "2.0.5",
        "packageName": "Azure Activity solution for Sentinel",
        "packageId": "azuresentinel.azure-sentinel-solution-azureactivity",
        "contentProductId": "azuresentinel.azure-sentinel-solution-azureactivit-ar-nssisbsn7sbvi",
        "id": "azuresentinel.azure-sentinel-solution-azureactivit-ar-nssisbsn7sbvi",
        "contentSchemaVersion": "3.0.0",
        "version": "2.0.2"
      }
    }
  ]
}