{
  "$schema": "https://schema.management.azure.com/schemas/2019-04-01/deploymentTemplate.json#",
  "contentVersion": "1.0.5",
  "parameters": {
    "location": {
      "type": "string",
      "minLength": 1,
      "defaultValue": "[resourceGroup().location]",
      "metadata": {
        "description": "Not used, but needed to pass arm-ttk test `Location-Should-Not-Be-Hardcoded`.  We instead use the `workspace-location` which is derived from the LA workspace"
      }
    },
    "workspace": {
      "defaultValue": "",
      "type": "string",
      "metadata": {
        "description": "Workspace name for Log Analytics where Microsoft Sentinel is setup"
      }
    },
    "workspace-location": {
      "type": "string",
      "defaultValue": "",
      "metadata": {
        "description": "[concat('Region to deploy solution resources -- separate from location selection',parameters('location'))]"
      }
    }
  },
  "resources": [
    {
      "type": "Microsoft.OperationalInsights/workspaces/providers/contentTemplates",
      "name": "[concat(parameters('workspace'),'/Microsoft.SecurityInsights/',concat(concat(parameters('workspace'),'-ar-',uniquestring('a3df4a32-4805-4c6d-8699-f3c888af2f67')),'1.0.5'))]",
      "location": "[parameters('workspace-location')]",
      "apiVersion": "2023-04-01-preview",
      "dependsOn": [
        "[extensionResourceId(resourceId('Microsoft.OperationalInsights/workspaces', parameters('workspace')), 'Microsoft.SecurityInsights/contentPackages', 'azuresentinel.azure-sentinel-solution-azureactivedirectoryip')]"
      ],
      "properties": {
        "contentId": "a3df4a32-4805-4c6d-8699-f3c888af2f67",
        "displayName": "Correlate Unfamiliar sign-in properties & atypical travel alerts",
        "contentKind": "AnalyticsRule",
        "mainTemplate": {
          "$schema": "https://schema.management.azure.com/schemas/2019-04-01/deploymentTemplate.json#",
          "contentVersion": "1.0.5",
          "parameters": {},
          "variables": {},
          "resources": [
            {
              "type": "Microsoft.SecurityInsights/AlertRuleTemplates",
              "name": "a3df4a32-4805-4c6d-8699-f3c888af2f67",
              "apiVersion": "2022-04-01-preview",
              "kind": "Scheduled",
              "location": "[parameters('workspace-location')]",
              "properties": {
                "description": "The combination of an Unfamiliar sign-in properties alert and an Atypical travel alert about the same user within a +10m or -10m window is considered a high severity incident.",
                "displayName": "Correlate Unfamiliar sign-in properties & atypical travel alerts",
                "enabled": false,
                "query": "// We can use this configuration TimeDeltaInMinutes if you want to chnage the time window that we try to match the alerts\nlet TimeDeltaInMinutes = 10;\nlet Alert_UnfamiliarSignInProps = \nSecurityAlert\n| where TimeGenerated > ago(1d)\n| where ProductName =~ \"Azure Active Directory Identity Protection\"\n| where AlertName =~ \"Unfamiliar sign-in properties\"\n| mv-expand Entity = todynamic(Entities)\n| where Entity.Type =~ \"account\"\n| extend AadTenantId = tostring(Entity.AadTenantId)\n| extend AadUserId = tostring(Entity.AadUserId)\n| join kind=inner (\nIdentityInfo\n| distinct AccountTenantId, AccountObjectId, AccountUPN, AccountDisplayName\n| extend UserName = AccountDisplayName\n| extend UserAccount = AccountUPN\n| where isnotempty(AccountDisplayName) and isnotempty(UserAccount)\n| project AccountTenantId, AccountObjectId, UserAccount, UserName\n)\non\n$left.AadTenantId == $right.AccountTenantId,\n$left.AadUserId == $right.AccountObjectId\n| extend CompromisedEntity = iff(CompromisedEntity == \"N/A\" or isempty(CompromisedEntity), UserAccount, CompromisedEntity)\n| extend Alert_UnfamiliarSignInProps_Time = TimeGenerated\n| extend Alert_UnfamiliarSignInProps_Name = AlertName\n| extend Alert_UnfamiliarSignInProps_Severity = AlertSeverity\n| project AadTenantId, AadUserId, AccountTenantId, AccountObjectId, Alert_UnfamiliarSignInProps_Name, Alert_UnfamiliarSignInProps_Severity, Alert_UnfamiliarSignInProps_Time, UserAccount, UserName\n;\nlet Alert_AtypicalTravels = \nSecurityAlert\n| where TimeGenerated > ago(1d)\n| where ProductName =~ \"Azure Active Directory Identity Protection\"\n| where AlertName =~ \"Atypical travel\"\n| mv-expand Entity = todynamic(Entities)\n| where Entity.Type =~ \"account\"\n| extend AadTenantId = tostring(Entity.AadTenantId)\n| extend AadUserId = tostring(Entity.AadUserId)\n| join kind=inner (\nIdentityInfo\n| distinct AccountTenantId, AccountObjectId, AccountUPN, AccountDisplayName\n| extend UserName = AccountDisplayName\n| extend UserAccount = AccountUPN\n| where isnotempty(AccountDisplayName) and isnotempty(UserAccount)\n| project AccountTenantId, AccountObjectId, UserAccount, UserName\n)\non\n$left.AadTenantId == $right.AccountTenantId,\n$left.AadUserId == $right.AccountObjectId\n| extend CompromisedEntity = iff(CompromisedEntity == \"N/A\" or isempty(CompromisedEntity), UserAccount, CompromisedEntity)\n| extend Alert_AtypicalTravels_Time = TimeGenerated\n| extend Alert_AtypicalTravels_Name = AlertName\n| extend Alert_AtypicalTravels_Severity = AlertSeverity\n| extend ExtendedProperties_json= parse_json(ExtendedProperties)\n| extend CurrentLocation = tostring(ExtendedProperties_json.[\"Current Location\"])\n| extend PreviousLocation = tostring(ExtendedProperties_json.[\"Previous Location\"])\n| extend CurrentIPAddress = tostring(ExtendedProperties_json.[\"Current IP Address\"])\n| extend PreviousIPAddress = tostring(ExtendedProperties_json.[\"Previous IP Address\"])\n| project AadTenantId, AadUserId, AccountTenantId, AccountObjectId, Alert_AtypicalTravels_Name, Alert_AtypicalTravels_Severity, Alert_AtypicalTravels_Time, CurrentIPAddress, PreviousIPAddress, CurrentLocation, PreviousLocation, UserAccount, UserName, CompromisedEntity\n;\nAlert_UnfamiliarSignInProps\n| join kind=inner Alert_AtypicalTravels on UserAccount\n| where abs(datetime_diff('minute', Alert_UnfamiliarSignInProps_Time, Alert_AtypicalTravels_Time)) <= TimeDeltaInMinutes\n| extend TimeDelta = Alert_UnfamiliarSignInProps_Time - Alert_AtypicalTravels_Time\n| project UserAccount, Alert_UnfamiliarSignInProps_Name, Alert_UnfamiliarSignInProps_Severity, Alert_UnfamiliarSignInProps_Time, Alert_AtypicalTravels_Name, Alert_AtypicalTravels_Severity, Alert_AtypicalTravels_Time, TimeDelta, CurrentLocation, PreviousLocation, CurrentIPAddress, PreviousIPAddress, UserName\n| extend UserEmailName = split(UserAccount,'@')[0], UPNSuffix = split(UserAccount,'@')[1]\n",
                "queryFrequency": "P1D",
                "queryPeriod": "P14D",
                "severity": "High",
                "suppressionDuration": "PT1H",
                "suppressionEnabled": false,
                "triggerOperator": "GreaterThan",
                "triggerThreshold": 0,
                "status": "Available",
                "requiredDataConnectors": [
                  {
                    "dataTypes": [
                      "SecurityAlert (IPC)"
                    ],
                    "connectorId": "AzureActiveDirectoryIdentityProtection"
                  },
                  {
                    "dataTypes": [
                      "IdentityInfo"
                    ],
                    "connectorId": "BehaviorAnalytics"
                  }
                ],
                "tactics": [
                  "InitialAccess"
                ],
                "techniques": [
                  "T1078"
                ],
                "entityMappings": [
                  {
                    "fieldMappings": [
                      {
                        "identifier": "UPNSuffix",
                        "columnName": "UPNSuffix"
                      },
                      {
                        "identifier": "Name",
                        "columnName": "UserEmailName"
                      }
                    ],
                    "entityType": "Account"
                  },
                  {
                    "fieldMappings": [
                      {
                        "identifier": "Address",
                        "columnName": "CurrentIPAddress"
                      }
                    ],
                    "entityType": "IP"
                  },
                  {
                    "fieldMappings": [
                      {
                        "identifier": "Address",
                        "columnName": "PreviousIPAddress"
                      }
                    ],
                    "entityType": "IP"
                  }
                ],
                "customDetails": {
                  "PreviousLocation": "PreviousLocation",
                  "Alert_AtypicalTravels_Time": "Alert_AtypicalTravels_Time",
                  "CurrentIPAddress": "CurrentIPAddress",
                  "CurrentLocation": "CurrentLocation",
                  "Alert_UnfamiliarSignInProps_Time": "Alert_UnfamiliarSignInProps_Time",
                  "Alert_AtypicalTravels_Severity": "Alert_AtypicalTravels_Severity",
                  "Alert_UnfamiliarSignInProps_Severity": "Alert_UnfamiliarSignInProps_Severity",
                  "Alert_UnfamiliarSignInProps_Name": "Alert_UnfamiliarSignInProps_Name",
                  "PreviousIPAddress": "PreviousIPAddress",
                  "Alert_AtypicalTravels_Name": "Alert_AtypicalTravels_Name",
                  "TimeDelta": "TimeDelta"
                }
              }
            },
            {
              "type": "Microsoft.OperationalInsights/workspaces/providers/metadata",
              "apiVersion": "2022-01-01-preview",
              "name": "[concat(parameters('workspace'),'/Microsoft.SecurityInsights/',concat('AnalyticsRule-', last(split(resourceId('Microsoft.SecurityInsights/AlertRuleTemplates', 'a3df4a32-4805-4c6d-8699-f3c888af2f67'),'/'))))]",
              "properties": {
                "description": "Azure Active Directory Identity Protection Analytics Rule 1",
                "parentId": "[resourceId('Microsoft.SecurityInsights/AlertRuleTemplates', 'a3df4a32-4805-4c6d-8699-f3c888af2f67')]",
                "contentId": "a3df4a32-4805-4c6d-8699-f3c888af2f67",
                "kind": "AnalyticsRule",
                "version": "1.0.5",
                "source": {
                  "kind": "Solution",
                  "name": "Azure Active Directory Identity Protection",
                  "sourceId": "azuresentinel.azure-sentinel-solution-azureactivedirectoryip"
                },
                "author": {
                  "name": "Microsoft",
                  "email": "support@microsoft.com"
                },
                "support": {
                  "tier": "Microsoft",
                  "name": "Microsoft Corporation",
                  "email": "support@microsoft.com",
                  "link": "https://support.microsoft.com/"
                }
              }
            }
          ]
        },
        "packageKind": "Solution",
        "packageVersion": "2.0.6",
        "packageName": "Azure Active Directory Identity Protection",
        "packageId": "azuresentinel.azure-sentinel-solution-azureactivedirectoryip",
        "contentProductId": "azuresentinel.azure-sentinel-solution-azureactived-ar-ogfoywly6r4vk",
        "id": "azuresentinel.azure-sentinel-solution-azureactived-ar-ogfoywly6r4vk",
        "contentSchemaVersion": "3.0.0"
      }
    }
  ]
}