{
  "$schema": "https://schema.management.azure.com/schemas/2019-04-01/deploymentTemplate.json#",
  "contentVersion": "1.0.1",
  "parameters": {
    "location": {
      "type": "string",
      "minLength": 1,
      "defaultValue": "[resourceGroup().location]",
      "metadata": {
        "description": "Not used, but needed to pass arm-ttk test `Location-Should-Not-Be-Hardcoded`.  We instead use the `workspace-location` which is derived from the LA workspace"
      }
    },
    "workspace": {
      "defaultValue": "",
      "type": "string",
      "metadata": {
        "description": "Workspace name for Log Analytics where Microsoft Sentinel is setup"
      }
    },
    "workspace-location": {
      "type": "string",
      "defaultValue": "",
      "metadata": {
        "description": "[concat('Region to deploy solution resources -- separate from location selection',parameters('location'))]"
      }
    }
  },
  "resources": [
    {
      "type": "Microsoft.OperationalInsights/workspaces/providers/contentTemplates",
      "name": "[concat(parameters('workspace'),'/Microsoft.SecurityInsights/',concat(concat(parameters('workspace'),'-ar-',uniquestring('0101e08d-99cd-4a97-a9e0-27649c4369ad')),'1.0.1'))]",
      "location": "[parameters('workspace-location')]",
      "apiVersion": "2023-04-01-preview",
      "dependsOn": [
        "[extensionResourceId(resourceId('Microsoft.OperationalInsights/workspaces', parameters('workspace')), 'Microsoft.SecurityInsights/contentPackages', 'azuresentinel.azure-sentinel-solution-azureactivedirectory')]"
      ],
      "properties": {
        "contentId": "0101e08d-99cd-4a97-a9e0-27649c4369ad",
        "displayName": "Cross-tenant Access Settings Organization Outbound Direct Settings Changed",
        "contentKind": "AnalyticsRule",
        "mainTemplate": {
          "$schema": "https://schema.management.azure.com/schemas/2019-04-01/deploymentTemplate.json#",
          "contentVersion": "1.0.1",
          "parameters": {},
          "variables": {},
          "resources": [
            {
              "type": "Microsoft.SecurityInsights/AlertRuleTemplates",
              "name": "0101e08d-99cd-4a97-a9e0-27649c4369ad",
              "apiVersion": "2022-04-01-preview",
              "kind": "Scheduled",
              "location": "[parameters('workspace-location')]",
              "properties": {
                "description": "Organizations are added in the Cross-tenant Access Settings to control communication inbound or outbound for users and applications. This detection notifies when Organization Outbound Direct Settings are changed for \"Users & Groups\" and for \"Applications\".",
                "displayName": "Cross-tenant Access Settings Organization Outbound Direct Settings Changed",
                "enabled": false,
                "query": "//In User & Groups and in Applications, the following \"AccessType\" values in columns PremodifiedOutboundSettings and ModifiedOutboundSettings are interpreted accordingly:\n// When Access Type in premodified outbound settings value was 1 that means that the initial access was allowed. When Access Type in premodified outbound settings value was 2 that means that the initial access was blocked. \n// When Access Type in modified outbound settings value is 1 that means that now access is allowed. When Access Type in modified outbound settings value is 2 that means that now access is blocked. \nAuditLogs\n| where OperationName has \"Update a partner cross-tenant access setting\"\n| mv-apply TargetResource = TargetResources on\n  (\n      where TargetResource.type =~ \"Policy\"\n      | extend Properties = TargetResource.modifiedProperties\n  )\n| mv-apply Property = Properties on\n  (\n      where Property.displayName =~ \"b2bDirectConnectOutbound\"\n      | extend PremodifiedOutboundSettings = trim('\"',tostring(Property.oldValue)),\n               ModifiedOutboundSettings = trim(@'\"',tostring(Property.newValue))\n  )\n| extend InitiatedByActionUserInformation = iff(isnotempty(InitiatedBy.user.userPrincipalName), InitiatedBy.user.userPrincipalName, InitiatedBy.app.displayName)\n| extend InitiatedByIPAdress = InitiatedBy.user.ipAddress\n| where PremodifiedOutboundSettings != ModifiedOutboundSettings\n| extend Name = tostring(split(InitiatedByActionUserInformation,'@',0)[0]), UPNSuffix = tostring(split(InitiatedByActionUserInformation,'@',1)[0])\n",
                "queryFrequency": "P2D",
                "queryPeriod": "P2D",
                "severity": "Medium",
                "suppressionDuration": "PT1H",
                "suppressionEnabled": false,
                "triggerOperator": "GreaterThan",
                "triggerThreshold": 0,
                "status": "Available",
                "requiredDataConnectors": [
                  {
                    "connectorId": "AzureActiveDirectory",
                    "dataTypes": [
                      "AuditLogs"
                    ]
                  }
                ],
                "tactics": [
                  "InitialAccess",
                  "Persistence",
                  "Discovery"
                ],
                "techniques": [
                  "T1078",
                  "T1136",
                  "T1087"
                ],
                "entityMappings": [
                  {
                    "fieldMappings": [
                      {
                        "columnName": "Name",
                        "identifier": "Name"
                      },
                      {
                        "columnName": "UPNSuffix",
                        "identifier": "UPNSuffix"
                      }
                    ],
                    "entityType": "Account"
                  },
                  {
                    "fieldMappings": [
                      {
                        "columnName": "InitiatedByIPAdress",
                        "identifier": "Address"
                      }
                    ],
                    "entityType": "IP"
                  }
                ]
              }
            },
            {
              "type": "Microsoft.OperationalInsights/workspaces/providers/metadata",
              "apiVersion": "2022-01-01-preview",
              "name": "[concat(parameters('workspace'),'/Microsoft.SecurityInsights/',concat('AnalyticsRule-', last(split(resourceId('Microsoft.SecurityInsights/AlertRuleTemplates', '0101e08d-99cd-4a97-a9e0-27649c4369ad'),'/'))))]",
              "properties": {
                "description": "Azure Active Directory Analytics Rule 21",
                "parentId": "[resourceId('Microsoft.SecurityInsights/AlertRuleTemplates', '0101e08d-99cd-4a97-a9e0-27649c4369ad')]",
                "contentId": "0101e08d-99cd-4a97-a9e0-27649c4369ad",
                "kind": "AnalyticsRule",
                "version": "1.0.1",
                "source": {
                  "kind": "Solution",
                  "name": "Azure Active Directory",
                  "sourceId": "azuresentinel.azure-sentinel-solution-azureactivedirectory"
                },
                "author": {
                  "name": "Microsoft",
                  "email": "support@microsoft.com"
                },
                "support": {
                  "tier": "Microsoft",
                  "name": "Microsoft Corporation",
                  "email": "support@microsoft.com",
                  "link": "https://support.microsoft.com/"
                }
              }
            }
          ]
        },
        "packageKind": "Solution",
        "packageVersion": "2.0.12",
        "packageName": "Azure Active Directory",
        "packageId": "azuresentinel.azure-sentinel-solution-azureactivedirectory",
        "contentProductId": "azuresentinel.azure-sentinel-solution-azureactived-ar-vgv72f6ykfhuu",
        "id": "azuresentinel.azure-sentinel-solution-azureactived-ar-vgv72f6ykfhuu",
        "contentSchemaVersion": "3.0.0",
        "version": "1.0.1"
      }
    }
  ]
}