{
  "$schema": "https://schema.management.azure.com/schemas/2019-04-01/deploymentTemplate.json#",
  "contentVersion": "1.0.2",
  "parameters": {
    "location": {
      "type": "string",
      "minLength": 1,
      "defaultValue": "[resourceGroup().location]",
      "metadata": {
        "description": "Not used, but needed to pass arm-ttk test `Location-Should-Not-Be-Hardcoded`.  We instead use the `workspace-location` which is derived from the LA workspace"
      }
    },
    "workspace": {
      "defaultValue": "",
      "type": "string",
      "metadata": {
        "description": "Workspace name for Log Analytics where Microsoft Sentinel is setup"
      }
    },
    "workspace-location": {
      "type": "string",
      "defaultValue": "",
      "metadata": {
        "description": "[concat('Region to deploy solution resources -- separate from location selection',parameters('location'))]"
      }
    }
  },
  "resources": [
    {
      "type": "Microsoft.OperationalInsights/workspaces/providers/contentTemplates",
      "name": "[concat(parameters('workspace'),'/Microsoft.SecurityInsights/',concat(concat(parameters('workspace'),'-ar-',uniquestring('4ebbb5c2-8802-11ec-a8a3-0242ac120002')),'1.0.2'))]",
      "location": "[parameters('workspace-location')]",
      "apiVersion": "2023-04-01-preview",
      "dependsOn": [
        "[extensionResourceId(resourceId('Microsoft.OperationalInsights/workspaces', parameters('workspace')), 'Microsoft.SecurityInsights/contentPackages', 'azuresentinel.azure-sentinel-solution-attackertools')]"
      ],
      "properties": {
        "contentId": "4ebbb5c2-8802-11ec-a8a3-0242ac120002",
        "displayName": "Credential Dumping Tools - Service Installation",
        "contentKind": "AnalyticsRule",
        "mainTemplate": {
          "$schema": "https://schema.management.azure.com/schemas/2019-04-01/deploymentTemplate.json#",
          "contentVersion": "1.0.2",
          "parameters": {},
          "variables": {},
          "resources": [
            {
              "type": "Microsoft.SecurityInsights/AlertRuleTemplates",
              "name": "4ebbb5c2-8802-11ec-a8a3-0242ac120002",
              "apiVersion": "2022-04-01-preview",
              "kind": "Scheduled",
              "location": "[parameters('workspace-location')]",
              "properties": {
                "description": "This query detects the installation of a Windows service that contains artifacts from credential dumping tools such as Mimikatz.",
                "displayName": "Credential Dumping Tools - Service Installation",
                "enabled": false,
                "query": "// Enter a reference list of decoy users (usernames) \"Case Sensitive\"\nlet MaliciousServiceArtifacts = dynamic ([\"fgexec\",\"cachedump\",\"mimikatz\",\"mimidrv\",\"wceservice\",\"pwdump\"]);\nEvent\n| where Source == \"Service Control Manager\" and EventID == 7045\n| parse EventData with * 'ServiceName\">' ServiceName \"<\" * 'ImagePath\">' ImagePath \"<\" *\n| where ServiceName has_any (MaliciousServiceArtifacts) or ImagePath has_any (MaliciousServiceArtifacts)\n| parse EventData with * 'AccountName\">' AccountName \"<\" *\n| summarize StartTime = min(TimeGenerated), EndTime = max(TimeGenerated) by EventID, Computer, ServiceName, ImagePath, AccountName\n| extend HostName = split(Computer, '.', 0)[0], DnsDomain = strcat_array(array_slice(split(Computer, '.'), 1, -1), '.')\n",
                "queryFrequency": "PT1H",
                "queryPeriod": "PT1H",
                "severity": "High",
                "suppressionDuration": "PT1H",
                "suppressionEnabled": false,
                "triggerOperator": "GreaterThan",
                "triggerThreshold": 0,
                "status": "Available",
                "requiredDataConnectors": [
                  {
                    "connectorId": "SecurityEvents",
                    "dataTypes": [
                      "Event"
                    ]
                  }
                ],
                "tactics": [
                  "CredentialAccess"
                ],
                "techniques": [
                  "T1003"
                ],
                "entityMappings": [
                  {
                    "entityType": "Account",
                    "fieldMappings": [
                      {
                        "columnName": "AccountName",
                        "identifier": "Name"
                      }
                    ]
                  },
                  {
                    "entityType": "File",
                    "fieldMappings": [
                      {
                        "columnName": "ImagePath",
                        "identifier": "Name"
                      }
                    ]
                  },
                  {
                    "entityType": "Host",
                    "fieldMappings": [
                      {
                        "columnName": "HostName",
                        "identifier": "HostName"
                      },
                      {
                        "columnName": "DnsDomain",
                        "identifier": "DnsDomain"
                      }
                    ]
                  }
                ]
              }
            },
            {
              "type": "Microsoft.OperationalInsights/workspaces/providers/metadata",
              "apiVersion": "2022-01-01-preview",
              "name": "[concat(parameters('workspace'),'/Microsoft.SecurityInsights/',concat('AnalyticsRule-', last(split(resourceId('Microsoft.SecurityInsights/AlertRuleTemplates', '4ebbb5c2-8802-11ec-a8a3-0242ac120002'),'/'))))]",
              "properties": {
                "description": "Attacker Tools Threat Protection Essentials Analytics Rule 2",
                "parentId": "[resourceId('Microsoft.SecurityInsights/AlertRuleTemplates', '4ebbb5c2-8802-11ec-a8a3-0242ac120002')]",
                "contentId": "4ebbb5c2-8802-11ec-a8a3-0242ac120002",
                "kind": "AnalyticsRule",
                "version": "1.0.2",
                "source": {
                  "kind": "Solution",
                  "name": "Attacker Tools Threat Protection Essentials",
                  "sourceId": "azuresentinel.azure-sentinel-solution-attackertools"
                },
                "author": {
                  "name": "Microsoft",
                  "email": "support@microsoft.com"
                },
                "support": {
                  "name": "Microsoft Corporation",
                  "email": "support@microsoft.com",
                  "tier": "Microsoft",
                  "link": "https://support.microsoft.com"
                }
              }
            }
          ]
        },
        "packageKind": "Solution",
        "packageVersion": "2.0.2",
        "packageName": "Attacker Tools Threat Protection Essentials",
        "packageId": "azuresentinel.azure-sentinel-solution-attackertools",
        "contentProductId": "azuresentinel.azure-sentinel-solution-attackertool-ar-7sb6x7sa45lks",
        "id": "azuresentinel.azure-sentinel-solution-attackertool-ar-7sb6x7sa45lks",
        "contentSchemaVersion": "3.0.0",
        "version": "1.0.2"
      }
    }
  ]
}