{
  "$schema": "https://schema.management.azure.com/schemas/2019-04-01/deploymentTemplate.json#",
  "contentVersion": "2.0.0",
  "parameters": {
    "location": {
      "type": "string",
      "minLength": 1,
      "defaultValue": "[resourceGroup().location]",
      "metadata": {
        "description": "Not used, but needed to pass arm-ttk test `Location-Should-Not-Be-Hardcoded`.  We instead use the `workspace-location` which is derived from the LA workspace"
      }
    },
    "workspace": {
      "defaultValue": "",
      "type": "string",
      "metadata": {
        "description": "Workspace name for Log Analytics where Microsoft Sentinel is setup"
      }
    },
    "workspace-location": {
      "type": "string",
      "defaultValue": "",
      "metadata": {
        "description": "[concat('Region to deploy solution resources -- separate from location selection',parameters('location'))]"
      }
    }
  },
  "resources": [
    {
      "type": "Microsoft.OperationalInsights/workspaces/providers/contentTemplates",
      "name": "[concat(parameters('workspace'),'/Microsoft.SecurityInsights/',concat(concat(parameters('workspace'),'-ar-',uniquestring('97ad74c4-fdd9-4a3f-b6bf-5e28f4f71e06')),'2.0.0'))]",
      "location": "[parameters('workspace-location')]",
      "apiVersion": "2023-04-01-preview",
      "dependsOn": [
        "[extensionResourceId(resourceId('Microsoft.OperationalInsights/workspaces', parameters('workspace')), 'Microsoft.SecurityInsights/contentPackages', 'azuresentinel.azure-sentinel-solution-azureactivedirectory')]"
      ],
      "properties": {
        "contentId": "97ad74c4-fdd9-4a3f-b6bf-5e28f4f71e06",
        "displayName": "Brute Force Attack against GitHub Account",
        "contentKind": "AnalyticsRule",
        "mainTemplate": {
          "$schema": "https://schema.management.azure.com/schemas/2019-04-01/deploymentTemplate.json#",
          "contentVersion": "2.0.0",
          "parameters": {},
          "variables": {},
          "resources": [
            {
              "type": "Microsoft.SecurityInsights/AlertRuleTemplates",
              "name": "97ad74c4-fdd9-4a3f-b6bf-5e28f4f71e06",
              "apiVersion": "2022-04-01-preview",
              "kind": "Scheduled",
              "location": "[parameters('workspace-location')]",
              "properties": {
                "description": "Attackers who are trying to guess your users' passwords or use brute-force methods to get in. If your organization is using SSO with Azure Active Directory, authentication logs to GitHub.com will be generated. Using the following query can help you identify a sudden increase in failed logon attempt of users.",
                "displayName": "Brute Force Attack against GitHub Account",
                "enabled": false,
                "query": "let LearningPeriod = 7d;\nlet BinTime = 1h;\nlet RunTime = 1h;\nlet StartTime = 1h;  \nlet sensitivity = 2.5;\nlet EndRunTime = StartTime - RunTime;\nlet EndLearningTime = StartTime + LearningPeriod;\nlet aadFunc = (tableName:string){\ntable(tableName)  \n| where TimeGenerated between (ago(EndLearningTime) .. ago(EndRunTime))\n| where AppDisplayName =~ \"GitHub.com\"\n| where ResultType != 0\n| make-series FailedLogins = count() on TimeGenerated from ago(LearningPeriod) to ago(EndRunTime) step BinTime by UserPrincipalName, Type\n| extend (Anomalies, Score, Baseline) = series_decompose_anomalies(FailedLogins, sensitivity, -1, 'linefit')\n| mv-expand FailedLogins to typeof(double), TimeGenerated to typeof(datetime), Anomalies to typeof(double), Score to typeof(double), Baseline to typeof(long)  \n| where TimeGenerated >= ago(RunTime)\n| where Anomalies > 0 and Baseline > 0\n| join kind=inner (\n          table(tableName)  \n          | where TimeGenerated between (ago(StartTime) .. ago(EndRunTime))\n          | where AppDisplayName =~ \"GitHub.com\"\n          | where ResultType != 0\n          | summarize StartTime = min(TimeGenerated), EndTime = max(TimeGenerated), IPAddresses = make_set(IPAddress,100), Locations = make_set(LocationDetails,20), Devices = make_set(DeviceDetail,20) by UserPrincipalName          \n      ) on UserPrincipalName\n| extend timestamp = TimeGenerated, Name = tostring(split(UserPrincipalName,'@',0)[0]), UPNSuffix = tostring(split(UserPrincipalName,'@',1)[0])\n};\nlet aadSignin = aadFunc(\"SigninLogs\");\nlet aadNonInt = aadFunc(\"AADNonInteractiveUserSignInLogs\");\nunion isfuzzy=true aadSignin, aadNonInt\n",
                "queryFrequency": "PT1H",
                "queryPeriod": "P7D",
                "severity": "Medium",
                "suppressionDuration": "PT1H",
                "suppressionEnabled": false,
                "triggerOperator": "GreaterThan",
                "triggerThreshold": 0,
                "status": "Available",
                "requiredDataConnectors": [
                  {
                    "connectorId": "AzureActiveDirectory",
                    "dataTypes": [
                      "SigninLogs"
                    ]
                  },
                  {
                    "connectorId": "AzureActiveDirectory",
                    "dataTypes": [
                      "AADNonInteractiveUserSignInLogs"
                    ]
                  }
                ],
                "tactics": [
                  "CredentialAccess"
                ],
                "techniques": [
                  "T1110"
                ],
                "entityMappings": [
                  {
                    "fieldMappings": [
                      {
                        "columnName": "Name",
                        "identifier": "Name"
                      },
                      {
                        "columnName": "UPNSuffix",
                        "identifier": "UPNSuffix"
                      }
                    ],
                    "entityType": "Account"
                  }
                ]
              }
            },
            {
              "type": "Microsoft.OperationalInsights/workspaces/providers/metadata",
              "apiVersion": "2022-01-01-preview",
              "name": "[concat(parameters('workspace'),'/Microsoft.SecurityInsights/',concat('AnalyticsRule-', last(split(resourceId('Microsoft.SecurityInsights/AlertRuleTemplates', '97ad74c4-fdd9-4a3f-b6bf-5e28f4f71e06'),'/'))))]",
              "properties": {
                "description": "Azure Active Directory Analytics Rule 11",
                "parentId": "[resourceId('Microsoft.SecurityInsights/AlertRuleTemplates', '97ad74c4-fdd9-4a3f-b6bf-5e28f4f71e06')]",
                "contentId": "97ad74c4-fdd9-4a3f-b6bf-5e28f4f71e06",
                "kind": "AnalyticsRule",
                "version": "2.0.0",
                "source": {
                  "kind": "Solution",
                  "name": "Azure Active Directory",
                  "sourceId": "azuresentinel.azure-sentinel-solution-azureactivedirectory"
                },
                "author": {
                  "name": "Microsoft",
                  "email": "support@microsoft.com"
                },
                "support": {
                  "tier": "Microsoft",
                  "name": "Microsoft Corporation",
                  "email": "support@microsoft.com",
                  "link": "https://support.microsoft.com/"
                }
              }
            }
          ]
        },
        "packageKind": "Solution",
        "packageVersion": "2.0.12",
        "packageName": "Azure Active Directory",
        "packageId": "azuresentinel.azure-sentinel-solution-azureactivedirectory",
        "contentProductId": "azuresentinel.azure-sentinel-solution-azureactived-ar-z3z5hm6nrupli",
        "id": "azuresentinel.azure-sentinel-solution-azureactived-ar-z3z5hm6nrupli",
        "contentSchemaVersion": "3.0.0",
        "version": "2.0.0"
      }
    }
  ]
}