{
  "$schema": "https://schema.management.azure.com/schemas/2019-04-01/deploymentTemplate.json#",
  "contentVersion": "1.0.3",
  "parameters": {
    "location": {
      "type": "string",
      "minLength": 1,
      "defaultValue": "[resourceGroup().location]",
      "metadata": {
        "description": "Not used, but needed to pass arm-ttk test `Location-Should-Not-Be-Hardcoded`.  We instead use the `workspace-location` which is derived from the LA workspace"
      }
    },
    "workspace": {
      "defaultValue": "",
      "type": "string",
      "metadata": {
        "description": "Workspace name for Log Analytics where Microsoft Sentinel is setup"
      }
    },
    "workspace-location": {
      "type": "string",
      "defaultValue": "",
      "metadata": {
        "description": "[concat('Region to deploy solution resources -- separate from location selection',parameters('location'))]"
      }
    }
  },
  "resources": [
    {
      "type": "Microsoft.OperationalInsights/workspaces/providers/contentTemplates",
      "name": "[concat(parameters('workspace'),'/Microsoft.SecurityInsights/',concat(concat(parameters('workspace'),'-ar-',uniquestring('bb616d82-108f-47d3-9dec-9652ea0d3bf6')),'1.0.3'))]",
      "location": "[parameters('workspace-location')]",
      "apiVersion": "2023-04-01-preview",
      "dependsOn": [
        "[extensionResourceId(resourceId('Microsoft.OperationalInsights/workspaces', parameters('workspace')), 'Microsoft.SecurityInsights/contentPackages', 'azuresentinel.azure-sentinel-solution-azureactivedirectory')]"
      ],
      "properties": {
        "contentId": "bb616d82-108f-47d3-9dec-9652ea0d3bf6",
        "displayName": "Account Created and Deleted in Short Timeframe",
        "contentKind": "AnalyticsRule",
        "mainTemplate": {
          "$schema": "https://schema.management.azure.com/schemas/2019-04-01/deploymentTemplate.json#",
          "contentVersion": "1.0.3",
          "parameters": {},
          "variables": {},
          "resources": [
            {
              "type": "Microsoft.SecurityInsights/AlertRuleTemplates",
              "name": "bb616d82-108f-47d3-9dec-9652ea0d3bf6",
              "apiVersion": "2022-04-01-preview",
              "kind": "Scheduled",
              "location": "[parameters('workspace-location')]",
              "properties": {
                "description": "Search for user principal name (UPN) events. Look for accounts created and then deleted in under 24 hours. Attackers may create an account for their use, and then remove the account when no longer needed.\nRef : https://docs.microsoft.com/azure/active-directory/fundamentals/security-operations-user-accounts#short-lived-account",
                "displayName": "Account Created and Deleted in Short Timeframe",
                "enabled": false,
                "query": "let queryfrequency = 1h;\nlet queryperiod = 1d;\nAuditLogs\n| where TimeGenerated > ago(queryfrequency)\n| where OperationName =~ \"Delete user\"\n//extend UserPrincipalName = tostring(TargetResources[0].userPrincipalName)\n| mv-apply TargetResource = TargetResources on \n  (\n      where TargetResource.type == \"User\"\n      | extend UserPrincipalName = extract(@'([a-f0-9]{32})?(.*)', 2, tostring(TargetResource.userPrincipalName))\n  )\n| extend DeletedByUser = tostring(InitiatedBy.user.userPrincipalName), DeletedByIPAddress = tostring(InitiatedBy.user.ipAddress)\n| extend DeletedByApp = tostring(InitiatedBy.app.displayName)\n| project Deletion_TimeGenerated = TimeGenerated, UserPrincipalName, DeletedByUser, DeletedByIPAddress, DeletedByApp, Deletion_AdditionalDetails = AdditionalDetails, Deletion_InitiatedBy = InitiatedBy, Deletion_TargetResources = TargetResources\n| join kind=inner (\n    AuditLogs\n    | where TimeGenerated > ago(queryperiod)\n    | where OperationName =~ \"Add user\"      \n    | mv-apply TargetResource = TargetResources on \n      (\n          where TargetResource.type == \"User\"\n          | extend UserPrincipalName = trim(@'\"',tostring(TargetResource.userPrincipalName))\n      )\n    | project-rename Creation_TimeGenerated = TimeGenerated\n) on UserPrincipalName\n| extend TimeDelta = Deletion_TimeGenerated - Creation_TimeGenerated\n| where  TimeDelta between (time(0s) .. queryperiod)\n| extend CreatedByUser = tostring(InitiatedBy.user.userPrincipalName), CreatedByIPAddress = tostring(InitiatedBy.user.ipAddress)\n| extend CreatedByApp = tostring(InitiatedBy.app.displayName)\n| project Creation_TimeGenerated, Deletion_TimeGenerated, TimeDelta, UserPrincipalName, DeletedByUser, DeletedByIPAddress, DeletedByApp, CreatedByUser, CreatedByIPAddress, CreatedByApp, Creation_AdditionalDetails = AdditionalDetails, Creation_InitiatedBy = InitiatedBy, Creation_TargetResources = TargetResources, Deletion_AdditionalDetails, Deletion_InitiatedBy, Deletion_TargetResources\n| extend timestamp = Deletion_TimeGenerated, Name = tostring(split(UserPrincipalName,'@',0)[0]), UPNSuffix = tostring(split(UserPrincipalName,'@',1)[0])\n",
                "queryFrequency": "PT1H",
                "queryPeriod": "P1D",
                "severity": "High",
                "suppressionDuration": "PT1H",
                "suppressionEnabled": false,
                "triggerOperator": "GreaterThan",
                "triggerThreshold": 0,
                "status": "Available",
                "requiredDataConnectors": [
                  {
                    "connectorId": "AzureActiveDirectory",
                    "dataTypes": [
                      "SigninLogs"
                    ]
                  }
                ],
                "tactics": [
                  "InitialAccess"
                ],
                "techniques": [
                  "T1078"
                ],
                "entityMappings": [
                  {
                    "fieldMappings": [
                      {
                        "columnName": "Name",
                        "identifier": "Name"
                      },
                      {
                        "columnName": "UPNSuffix",
                        "identifier": "UPNSuffix"
                      }
                    ],
                    "entityType": "Account"
                  },
                  {
                    "fieldMappings": [
                      {
                        "columnName": "DeletedByIPAddress",
                        "identifier": "Address"
                      }
                    ],
                    "entityType": "IP"
                  }
                ]
              }
            },
            {
              "type": "Microsoft.OperationalInsights/workspaces/providers/metadata",
              "apiVersion": "2022-01-01-preview",
              "name": "[concat(parameters('workspace'),'/Microsoft.SecurityInsights/',concat('AnalyticsRule-', last(split(resourceId('Microsoft.SecurityInsights/AlertRuleTemplates', 'bb616d82-108f-47d3-9dec-9652ea0d3bf6'),'/'))))]",
              "properties": {
                "description": "Azure Active Directory Analytics Rule 1",
                "parentId": "[resourceId('Microsoft.SecurityInsights/AlertRuleTemplates', 'bb616d82-108f-47d3-9dec-9652ea0d3bf6')]",
                "contentId": "bb616d82-108f-47d3-9dec-9652ea0d3bf6",
                "kind": "AnalyticsRule",
                "version": "1.0.3",
                "source": {
                  "kind": "Solution",
                  "name": "Azure Active Directory",
                  "sourceId": "azuresentinel.azure-sentinel-solution-azureactivedirectory"
                },
                "author": {
                  "name": "Microsoft",
                  "email": "support@microsoft.com"
                },
                "support": {
                  "tier": "Microsoft",
                  "name": "Microsoft Corporation",
                  "email": "support@microsoft.com",
                  "link": "https://support.microsoft.com/"
                }
              }
            }
          ]
        },
        "packageKind": "Solution",
        "packageVersion": "2.0.12",
        "packageName": "Azure Active Directory",
        "packageId": "azuresentinel.azure-sentinel-solution-azureactivedirectory",
        "contentProductId": "azuresentinel.azure-sentinel-solution-azureactived-ar-3clkc57lgkcae",
        "id": "azuresentinel.azure-sentinel-solution-azureactived-ar-3clkc57lgkcae",
        "contentSchemaVersion": "3.0.0",
        "version": "1.0.3"
      }
    }
  ]
}