{
  "$schema": "https://schema.management.azure.com/schemas/2019-04-01/deploymentTemplate.json#",
  "contentVersion": "1.1.4",
  "parameters": {
    "location": {
      "type": "string",
      "minLength": 1,
      "defaultValue": "[resourceGroup().location]",
      "metadata": {
        "description": "Not used, but needed to pass arm-ttk test `Location-Should-Not-Be-Hardcoded`.  We instead use the `workspace-location` which is derived from the LA workspace"
      }
    },
    "workspace": {
      "defaultValue": "",
      "type": "string",
      "metadata": {
        "description": "Workspace name for Log Analytics where Microsoft Sentinel is setup"
      }
    },
    "workspace-location": {
      "type": "string",
      "defaultValue": "",
      "metadata": {
        "description": "[concat('Region to deploy solution resources -- separate from location selection',parameters('location'))]"
      }
    }
  },
  "resources": [
    {
      "type": "Microsoft.OperationalInsights/workspaces/providers/contentTemplates",
      "name": "[concat(parameters('workspace'),'/Microsoft.SecurityInsights/',concat(concat(parameters('workspace'),'-ar-',uniquestring('83ba3057-9ea3-4759-bf6a-933f2e5bc7ee')),'1.1.4'))]",
      "location": "[parameters('workspace-location')]",
      "apiVersion": "2023-04-01-preview",
      "dependsOn": [
        "[extensionResourceId(resourceId('Microsoft.OperationalInsights/workspaces', parameters('workspace')), 'Microsoft.SecurityInsights/contentPackages', 'azuresentinel.azure-sentinel-solution-azureactivedirectory')]"
      ],
      "properties": {
        "contentId": "83ba3057-9ea3-4759-bf6a-933f2e5bc7ee",
        "displayName": "Rare application consent",
        "contentKind": "AnalyticsRule",
        "mainTemplate": {
          "$schema": "https://schema.management.azure.com/schemas/2019-04-01/deploymentTemplate.json#",
          "contentVersion": "1.1.4",
          "parameters": {},
          "variables": {},
          "resources": [
            {
              "type": "Microsoft.SecurityInsights/AlertRuleTemplates",
              "name": "83ba3057-9ea3-4759-bf6a-933f2e5bc7ee",
              "apiVersion": "2022-04-01-preview",
              "kind": "Scheduled",
              "location": "[parameters('workspace-location')]",
              "properties": {
                "description": "This will alert when the \"Consent to application\" operation occurs by a user that has not done this operation before or rarely does this.\nThis could indicate that permissions to access the listed Azure App were provided to a malicious actor.\nConsent to application, Add service principal and Add OAuth2PermissionGrant should typically be rare events.\nThis may help detect the Oauth2 attack that can be initiated by this publicly available tool - https://github.com/fireeye/PwnAuth\nFor further information on AuditLogs please see https://docs.microsoft.com/azure/active-directory/reports-monitoring/reference-audit-activities.",
                "displayName": "Rare application consent",
                "enabled": false,
                "query": "let current = 1d;\nlet auditLookback = 7d;\n// Setting threshold to 3 as a default, change as needed.\n// Any operation that has been initiated by a user or app more than 3 times in the past 7 days will be excluded\nlet threshold = 3;\n// Gather initial data from lookback period, excluding current, adjust current to more than a single day if no results\nlet AuditTrail = AuditLogs | where TimeGenerated >= ago(auditLookback) and TimeGenerated < ago(current)\n// 2 other operations that can be part of malicious activity in this situation are\n// \"Add OAuth2PermissionGrant\" and \"Add service principal\", extend the filter below to capture these too\n| where OperationName has \"Consent to application\"\n| extend InitiatedBy = iff(isnotempty(tostring(InitiatedBy.user.userPrincipalName)),\n          tostring(InitiatedBy.user.userPrincipalName), tostring(InitiatedBy.app.displayName))\n| mv-apply TargetResource = TargetResources on \n  (\n      where TargetResource.type =~ \"ServicePrincipal\"\n      | extend TargetResourceName = tolower(tostring(TargetResource.displayName))\n  )\n| summarize max(TimeGenerated), OperationCount = count() by OperationName, InitiatedBy, TargetResourceName\n// only including operations initiated by a user or app that is above the threshold so we produce only rare and has not occurred in last 7 days\n| where OperationCount > threshold;\n// Gather current period of audit data\nlet RecentConsent = AuditLogs | where TimeGenerated >= ago(current)\n| where OperationName has \"Consent to application\"\n| extend IpAddress = case(\n              isnotempty(tostring(InitiatedBy.user.ipAddress)) and tostring(InitiatedBy.user.ipAddress) != 'null', tostring(InitiatedBy.user.ipAddress),\n              isnotempty(tostring(InitiatedBy.app.ipAddress)) and tostring(InitiatedBy.app.ipAddress) != 'null', tostring(InitiatedBy.app.ipAddress),\n              'Not Available')\n| extend InitiatedBy = iff(isnotempty(tostring(InitiatedBy.user.userPrincipalName)),\n                          tostring(InitiatedBy.user.userPrincipalName), tostring(InitiatedBy.app.displayName))\n| mv-apply TargetResource = TargetResources on \n  (\n      where TargetResource.type =~ \"ServicePrincipal\"\n      | extend TargetResourceName = tolower(tostring(TargetResource.displayName)),\n               props = TargetResource.modifiedProperties\n  )\n| parse props with * \"ConsentType: \" ConsentType \"]\" *\n| mv-apply AdditionalDetail = AdditionalDetails on \n  (\n      where AdditionalDetail.key =~ \"User-Agent\"\n      | extend UserAgent = tostring(AdditionalDetail.value)\n  )\n| project TimeGenerated, InitiatedBy, IpAddress, TargetResourceName, Category, OperationName, ConsentType, UserAgent, CorrelationId, Type;\n// Exclude previously seen audit activity for \"Consent to application\" that was seen in the lookback period\n// First for rare InitiatedBy\nlet RareConsentBy = RecentConsent | join kind= leftanti AuditTrail on OperationName, InitiatedBy\n| extend Reason = \"Previously unseen user consenting\";\n// Second for rare TargetResourceName\nlet RareConsentApp = RecentConsent | join kind= leftanti AuditTrail on OperationName, TargetResourceName\n| extend Reason = \"Previously unseen app granted consent\";\nRareConsentBy | union RareConsentApp\n| summarize Reason = make_set(Reason,100) by TimeGenerated, InitiatedBy, IpAddress, TargetResourceName, Category, OperationName, ConsentType, UserAgent, CorrelationId, Type\n| extend timestamp = TimeGenerated, Name = tolower(tostring(split(InitiatedBy,'@',0)[0])), UPNSuffix = tolower(tostring(split(InitiatedBy,'@',1)[0]))\n",
                "queryFrequency": "P1D",
                "queryPeriod": "P7D",
                "severity": "Medium",
                "suppressionDuration": "PT1H",
                "suppressionEnabled": false,
                "triggerOperator": "GreaterThan",
                "triggerThreshold": 3,
                "status": "Available",
                "requiredDataConnectors": [
                  {
                    "connectorId": "AzureActiveDirectory",
                    "dataTypes": [
                      "AuditLogs"
                    ]
                  }
                ],
                "tactics": [
                  "Persistence",
                  "PrivilegeEscalation"
                ],
                "techniques": [
                  "T1136",
                  "T1068"
                ],
                "entityMappings": [
                  {
                    "entityType": "Account",
                    "fieldMappings": [
                      {
                        "columnName": "Name",
                        "identifier": "Name"
                      },
                      {
                        "columnName": "UPNSuffix",
                        "identifier": "UPNSuffix"
                      }
                    ]
                  },
                  {
                    "entityType": "CloudApplication",
                    "fieldMappings": [
                      {
                        "columnName": "TargetResourceName",
                        "identifier": "Name"
                      }
                    ]
                  },
                  {
                    "entityType": "IP",
                    "fieldMappings": [
                      {
                        "columnName": "IpAddress",
                        "identifier": "Address"
                      }
                    ]
                  }
                ]
              }
            },
            {
              "type": "Microsoft.OperationalInsights/workspaces/providers/metadata",
              "apiVersion": "2022-01-01-preview",
              "name": "[concat(parameters('workspace'),'/Microsoft.SecurityInsights/',concat('AnalyticsRule-', last(split(resourceId('Microsoft.SecurityInsights/AlertRuleTemplates', '83ba3057-9ea3-4759-bf6a-933f2e5bc7ee'),'/'))))]",
              "properties": {
                "description": "Azure Active Directory Analytics Rule 46",
                "parentId": "[resourceId('Microsoft.SecurityInsights/AlertRuleTemplates', '83ba3057-9ea3-4759-bf6a-933f2e5bc7ee')]",
                "contentId": "83ba3057-9ea3-4759-bf6a-933f2e5bc7ee",
                "kind": "AnalyticsRule",
                "version": "1.1.4",
                "source": {
                  "kind": "Solution",
                  "name": "Azure Active Directory",
                  "sourceId": "azuresentinel.azure-sentinel-solution-azureactivedirectory"
                },
                "author": {
                  "name": "Microsoft",
                  "email": "support@microsoft.com"
                },
                "support": {
                  "tier": "Microsoft",
                  "name": "Microsoft Corporation",
                  "email": "support@microsoft.com",
                  "link": "https://support.microsoft.com/"
                }
              }
            }
          ]
        },
        "packageKind": "Solution",
        "packageVersion": "2.0.11",
        "packageName": "Azure Active Directory solution for Sentinel",
        "packageId": "azuresentinel.azure-sentinel-solution-azureactivedirectory",
        "contentProductId": "azuresentinel.azure-sentinel-solution-azureactived-ar-333fymq3oakv2",
        "id": "azuresentinel.azure-sentinel-solution-azureactived-ar-333fymq3oakv2",
        "contentSchemaVersion": "3.0.0"
      }
    }
  ]
}