{
  "$schema": "https://schema.management.azure.com/schemas/2019-04-01/deploymentTemplate.json#",
  "contentVersion": "2.0.2",
  "parameters": {
    "location": {
      "type": "string",
      "minLength": 1,
      "defaultValue": "[resourceGroup().location]",
      "metadata": {
        "description": "Not used, but needed to pass arm-ttk test `Location-Should-Not-Be-Hardcoded`.  We instead use the `workspace-location` which is derived from the LA workspace"
      }
    },
    "workspace": {
      "defaultValue": "",
      "type": "string",
      "metadata": {
        "description": "Workspace name for Log Analytics where Microsoft Sentinel is setup"
      }
    },
    "workspace-location": {
      "type": "string",
      "defaultValue": "",
      "metadata": {
        "description": "[concat('Region to deploy solution resources -- separate from location selection',parameters('location'))]"
      }
    }
  },
  "resources": [
    {
      "type": "Microsoft.OperationalInsights/workspaces/providers/contentTemplates",
      "name": "[concat(parameters('workspace'),'/Microsoft.SecurityInsights/',concat(concat(parameters('workspace'),'-ar-',uniquestring('23de46ea-c425-4a77-b456-511ae4855d69')),'2.0.2'))]",
      "location": "[parameters('workspace-location')]",
      "apiVersion": "2023-04-01-preview",
      "dependsOn": [
        "[extensionResourceId(resourceId('Microsoft.OperationalInsights/workspaces', parameters('workspace')), 'Microsoft.SecurityInsights/contentPackages', 'azuresentinel.azure-sentinel-solution-azureactivity')]"
      ],
      "properties": {
        "contentId": "23de46ea-c425-4a77-b456-511ae4855d69",
        "displayName": "Rare subscription-level operations in Azure",
        "contentKind": "AnalyticsRule",
        "mainTemplate": {
          "$schema": "https://schema.management.azure.com/schemas/2019-04-01/deploymentTemplate.json#",
          "contentVersion": "2.0.2",
          "parameters": {},
          "variables": {},
          "resources": [
            {
              "type": "Microsoft.SecurityInsights/AlertRuleTemplates",
              "name": "23de46ea-c425-4a77-b456-511ae4855d69",
              "apiVersion": "2022-04-01-preview",
              "kind": "Scheduled",
              "location": "[parameters('workspace-location')]",
              "properties": {
                "description": "This query looks for a few sensitive subscription-level events based on Azure Activity Logs. For example, this monitors for the operation name 'Create or Update Snapshot', which is used for creating backups but could be misused by attackers to dump hashes or extract sensitive information from the disk.",
                "displayName": "Rare subscription-level operations in Azure",
                "enabled": false,
                "query": "let starttime = 14d;\nlet endtime = 1d;\n// The number of operations above which an IP address is considered an unusual source of role assignment operations\nlet alertOperationThreshold = 5;\n// Add or remove operation names below as per your requirements. For operations lists, please refer to https://learn.microsoft.com/en-us/Azure/role-based-access-control/resource-provider-operations#all\nlet SensitiveOperationList =  dynamic([\"microsoft.compute/snapshots/write\", \"microsoft.network/networksecuritygroups/write\", \"microsoft.storage/storageaccounts/listkeys/action\"]);\nlet SensitiveActivity = AzureActivity\n| where OperationNameValue in~ (SensitiveOperationList) or OperationNameValue hassuffix \"listkeys/action\"\n| where ActivityStatusValue =~ \"Success\";\nSensitiveActivity\n| where TimeGenerated between (ago(starttime) .. ago(endtime))\n| summarize count() by CallerIpAddress, Caller, OperationNameValue, bin(TimeGenerated,1d)\n| where count_ >= alertOperationThreshold\n// Returns all the records from the right side that don't have matches from the left\n| join kind = rightanti (\nSensitiveActivity\n| where TimeGenerated >= ago(endtime)\n| summarize StartTimeUtc = min(TimeGenerated), EndTimeUtc = max(TimeGenerated), ActivityTimeStamp = make_list(TimeGenerated), ActivityStatusValue = make_list(ActivityStatusValue), CorrelationIds = make_list(CorrelationId), ResourceGroups = make_list(ResourceGroup), ResourceIds = make_list(_ResourceId), ActivityCountByCallerIPAddress = count()\nby CallerIpAddress, Caller, OperationNameValue\n| where ActivityCountByCallerIPAddress >= alertOperationThreshold\n) on CallerIpAddress, Caller, OperationNameValue\n| extend Name = tostring(split(Caller,'@',0)[0]), UPNSuffix = tostring(split(Caller,'@',1)[0])\n",
                "queryFrequency": "P1D",
                "queryPeriod": "P14D",
                "severity": "Low",
                "suppressionDuration": "PT1H",
                "suppressionEnabled": false,
                "triggerOperator": "GreaterThan",
                "triggerThreshold": 0,
                "status": "Available",
                "requiredDataConnectors": [
                  {
                    "dataTypes": [
                      "AzureActivity"
                    ],
                    "connectorId": "AzureActivity"
                  }
                ],
                "tactics": [
                  "CredentialAccess",
                  "Persistence"
                ],
                "techniques": [
                  "T1003",
                  "T1098"
                ],
                "entityMappings": [
                  {
                    "entityType": "Account",
                    "fieldMappings": [
                      {
                        "identifier": "Name",
                        "columnName": "Name"
                      },
                      {
                        "identifier": "UPNSuffix",
                        "columnName": "UPNSuffix"
                      }
                    ]
                  },
                  {
                    "entityType": "IP",
                    "fieldMappings": [
                      {
                        "identifier": "Address",
                        "columnName": "CallerIpAddress"
                      }
                    ]
                  }
                ]
              }
            },
            {
              "type": "Microsoft.OperationalInsights/workspaces/providers/metadata",
              "apiVersion": "2022-01-01-preview",
              "name": "[concat(parameters('workspace'),'/Microsoft.SecurityInsights/',concat('AnalyticsRule-', last(split(resourceId('Microsoft.SecurityInsights/AlertRuleTemplates', '23de46ea-c425-4a77-b456-511ae4855d69'),'/'))))]",
              "properties": {
                "description": "Azure Activity Analytics Rule 11",
                "parentId": "[resourceId('Microsoft.SecurityInsights/AlertRuleTemplates', '23de46ea-c425-4a77-b456-511ae4855d69')]",
                "contentId": "23de46ea-c425-4a77-b456-511ae4855d69",
                "kind": "AnalyticsRule",
                "version": "2.0.2",
                "source": {
                  "kind": "Solution",
                  "name": "Azure Activity",
                  "sourceId": "azuresentinel.azure-sentinel-solution-azureactivity"
                },
                "author": {
                  "name": "Microsoft",
                  "email": "support@microsoft.com"
                },
                "support": {
                  "tier": "Microsoft",
                  "name": "Microsoft Corporation",
                  "email": "support@microsoft.com",
                  "link": "https://support.microsoft.com/"
                }
              }
            }
          ]
        },
        "packageKind": "Solution",
        "packageVersion": "2.0.5",
        "packageName": "Azure Activity solution for Sentinel",
        "packageId": "azuresentinel.azure-sentinel-solution-azureactivity",
        "contentProductId": "azuresentinel.azure-sentinel-solution-azureactivit-ar-tl4trwhlnwheg",
        "id": "azuresentinel.azure-sentinel-solution-azureactivit-ar-tl4trwhlnwheg",
        "contentSchemaVersion": "3.0.0",
        "version": "2.0.2"
      }
    }
  ]
}