{
  "$schema": "https://schema.management.azure.com/schemas/2019-04-01/deploymentTemplate.json#",
  "contentVersion": "2.0.1",
  "parameters": {
    "location": {
      "type": "string",
      "minLength": 1,
      "defaultValue": "[resourceGroup().location]",
      "metadata": {
        "description": "Not used, but needed to pass arm-ttk test `Location-Should-Not-Be-Hardcoded`.  We instead use the `workspace-location` which is derived from the LA workspace"
      }
    },
    "workspace": {
      "defaultValue": "",
      "type": "string",
      "metadata": {
        "description": "Workspace name for Log Analytics where Microsoft Sentinel is setup"
      }
    },
    "workspace-location": {
      "type": "string",
      "defaultValue": "",
      "metadata": {
        "description": "[concat('Region to deploy solution resources -- separate from location selection',parameters('location'))]"
      }
    }
  },
  "resources": [
    {
      "type": "Microsoft.OperationalInsights/workspaces/providers/contentTemplates",
      "name": "[concat(parameters('workspace'),'/Microsoft.SecurityInsights/',concat(concat(parameters('workspace'),'-ar-',uniquestring('88f453ff-7b9e-45bb-8c12-4058ca5e44ee')),'2.0.1'))]",
      "location": "[parameters('workspace-location')]",
      "apiVersion": "2023-04-01-preview",
      "dependsOn": [
        "[extensionResourceId(resourceId('Microsoft.OperationalInsights/workspaces', parameters('workspace')), 'Microsoft.SecurityInsights/contentPackages', 'azuresentinel.azure-sentinel-solution-azureactivity')]"
      ],
      "properties": {
        "contentId": "88f453ff-7b9e-45bb-8c12-4058ca5e44ee",
        "displayName": "Azure Active Directory Hybrid Health AD FS New Server",
        "contentKind": "AnalyticsRule",
        "mainTemplate": {
          "$schema": "https://schema.management.azure.com/schemas/2019-04-01/deploymentTemplate.json#",
          "contentVersion": "2.0.1",
          "parameters": {},
          "variables": {},
          "resources": [
            {
              "type": "Microsoft.SecurityInsights/AlertRuleTemplates",
              "name": "88f453ff-7b9e-45bb-8c12-4058ca5e44ee",
              "apiVersion": "2022-04-01-preview",
              "kind": "Scheduled",
              "location": "[parameters('workspace-location')]",
              "properties": {
                "description": "This detection uses AzureActivity logs (Administrative category) to identify the creation or update of a server instance in an Azure AD Hybrid Health AD FS service.\nA threat actor can create a new AD Health ADFS service and create a fake server instance to spoof AD FS signing logs. There is no need to compromise an on-premises AD FS server.\nThis can be done programmatically via HTTP requests to Azure. More information in this blog: https://o365blog.com/post/hybridhealthagent/",
                "displayName": "Azure Active Directory Hybrid Health AD FS New Server",
                "enabled": false,
                "query": "AzureActivity\n| where CategoryValue =~ 'Administrative'\n| where ResourceProviderValue =~ 'Microsoft.ADHybridHealthService'\n| where _ResourceId has 'AdFederationService'\n| where OperationNameValue =~ 'Microsoft.ADHybridHealthService/services/servicemembers/action'\n| extend claimsJson = parse_json(Claims)\n| extend AppId = tostring(claimsJson.appid), AccountName = tostring(claimsJson.name), Name = tostring(split(Caller,'@',0)[0]), UPNSuffix = tostring(split(Caller,'@',1)[0])\n| project-away claimsJson\n",
                "queryFrequency": "P1D",
                "queryPeriod": "P1D",
                "severity": "Medium",
                "suppressionDuration": "PT1H",
                "suppressionEnabled": false,
                "triggerOperator": "GreaterThan",
                "triggerThreshold": 0,
                "status": "Available",
                "requiredDataConnectors": [
                  {
                    "dataTypes": [
                      "AzureActivity"
                    ],
                    "connectorId": "AzureActivity"
                  }
                ],
                "tactics": [
                  "DefenseEvasion"
                ],
                "techniques": [
                  "T1578"
                ],
                "entityMappings": [
                  {
                    "entityType": "Account",
                    "fieldMappings": [
                      {
                        "identifier": "Name",
                        "columnName": "Name"
                      },
                      {
                        "identifier": "UPNSuffix",
                        "columnName": "UPNSuffix"
                      }
                    ]
                  },
                  {
                    "entityType": "IP",
                    "fieldMappings": [
                      {
                        "identifier": "Address",
                        "columnName": "CallerIpAddress"
                      }
                    ]
                  }
                ]
              }
            },
            {
              "type": "Microsoft.OperationalInsights/workspaces/providers/metadata",
              "apiVersion": "2022-01-01-preview",
              "name": "[concat(parameters('workspace'),'/Microsoft.SecurityInsights/',concat('AnalyticsRule-', last(split(resourceId('Microsoft.SecurityInsights/AlertRuleTemplates', '88f453ff-7b9e-45bb-8c12-4058ca5e44ee'),'/'))))]",
              "properties": {
                "description": "Azure Activity Analytics Rule 1",
                "parentId": "[resourceId('Microsoft.SecurityInsights/AlertRuleTemplates', '88f453ff-7b9e-45bb-8c12-4058ca5e44ee')]",
                "contentId": "88f453ff-7b9e-45bb-8c12-4058ca5e44ee",
                "kind": "AnalyticsRule",
                "version": "2.0.1",
                "source": {
                  "kind": "Solution",
                  "name": "Azure Activity",
                  "sourceId": "azuresentinel.azure-sentinel-solution-azureactivity"
                },
                "author": {
                  "name": "Microsoft",
                  "email": "support@microsoft.com"
                },
                "support": {
                  "tier": "Microsoft",
                  "name": "Microsoft Corporation",
                  "email": "support@microsoft.com",
                  "link": "https://support.microsoft.com/"
                }
              }
            }
          ]
        },
        "packageKind": "Solution",
        "packageVersion": "2.0.5",
        "packageName": "Azure Activity solution for Sentinel",
        "packageId": "azuresentinel.azure-sentinel-solution-azureactivity",
        "contentProductId": "azuresentinel.azure-sentinel-solution-azureactivit-ar-gy5flwkvqecly",
        "id": "azuresentinel.azure-sentinel-solution-azureactivit-ar-gy5flwkvqecly",
        "contentSchemaVersion": "3.0.0",
        "version": "2.0.1"
      }
    }
  ]
}