{
  "$schema": "https://schema.management.azure.com/schemas/2019-04-01/deploymentTemplate.json#",
  "contentVersion": "2.0.1",
  "parameters": {
    "location": {
      "type": "string",
      "minLength": 1,
      "defaultValue": "[resourceGroup().location]",
      "metadata": {
        "description": "Not used, but needed to pass arm-ttk test `Location-Should-Not-Be-Hardcoded`.  We instead use the `workspace-location` which is derived from the LA workspace"
      }
    },
    "workspace": {
      "defaultValue": "",
      "type": "string",
      "metadata": {
        "description": "Workspace name for Log Analytics where Microsoft Sentinel is setup"
      }
    },
    "workspace-location": {
      "type": "string",
      "defaultValue": "",
      "metadata": {
        "description": "[concat('Region to deploy solution resources -- separate from location selection',parameters('location'))]"
      }
    }
  },
  "resources": [
    {
      "type": "Microsoft.OperationalInsights/workspaces/providers/contentTemplates",
      "name": "[concat(parameters('workspace'),'/Microsoft.SecurityInsights/',concat(concat(parameters('workspace'),'-ar-',uniquestring('9736e5f1-7b6e-4bfb-a708-e53ff1d182c3')),'2.0.1'))]",
      "location": "[parameters('workspace-location')]",
      "apiVersion": "2023-04-01-preview",
      "dependsOn": [
        "[extensionResourceId(resourceId('Microsoft.OperationalInsights/workspaces', parameters('workspace')), 'Microsoft.SecurityInsights/contentPackages', 'azuresentinel.azure-sentinel-solution-azureactivity')]"
      ],
      "properties": {
        "contentId": "9736e5f1-7b6e-4bfb-a708-e53ff1d182c3",
        "displayName": "Creation of expensive computes in Azure",
        "contentKind": "AnalyticsRule",
        "mainTemplate": {
          "$schema": "https://schema.management.azure.com/schemas/2019-04-01/deploymentTemplate.json#",
          "contentVersion": "2.0.1",
          "parameters": {},
          "variables": {},
          "resources": [
            {
              "type": "Microsoft.SecurityInsights/AlertRuleTemplates",
              "name": "9736e5f1-7b6e-4bfb-a708-e53ff1d182c3",
              "apiVersion": "2022-04-01-preview",
              "kind": "Scheduled",
              "location": "[parameters('workspace-location')]",
              "properties": {
                "description": "Identifies the creation of large size or expensive VMs (with GPUs or with a large number of virtual CPUs) in Azure.\nAn adversary may create new or update existing virtual machines to evade defenses or use them for cryptomining purposes.\nFor Windows/Linux Vm Sizes, see https://docs.microsoft.com/azure/virtual-machines/windows/sizes \nAzure VM Naming Conventions, see https://docs.microsoft.com/azure/virtual-machines/vm-naming-conventions",
                "displayName": "Creation of expensive computes in Azure",
                "enabled": false,
                "query": "let tokens = dynamic([\"416\",\"208\",\"192\",\"128\",\"120\",\"96\",\"80\",\"72\",\"64\",\"48\",\"44\",\"40\",\"g5\",\"gs5\",\"g4\",\"gs4\",\"nc12\",\"nc24\",\"nv24\"]);\nlet operationList = dynamic([\"microsoft.compute/virtualmachines/write\", \"microsoft.resources/deployments/write\"]);\nAzureActivity\n| where OperationNameValue in~ (operationList)\n| where ActivityStatusValue startswith \"Accept\"\n| where Properties has 'vmSize'\n| extend parsed_property= parse_json(tostring((parse_json(Properties).responseBody))).properties\n| extend vmSize = tostring((parsed_property.hardwareProfile).vmSize)\n| where vmSize has_any (tokens)\n| extend ComputerName = tostring((parsed_property.osProfile).computerName)\n| project TimeGenerated, OperationNameValue, ActivityStatusValue, Caller, CallerIpAddress, ComputerName, vmSize\n| extend Name = tostring(split(Caller,'@',0)[0]), UPNSuffix = tostring(split(Caller,'@',1)[0])\n",
                "queryFrequency": "P1D",
                "queryPeriod": "P1D",
                "severity": "Low",
                "suppressionDuration": "PT1H",
                "suppressionEnabled": false,
                "triggerOperator": "GreaterThan",
                "triggerThreshold": 1,
                "status": "Available",
                "requiredDataConnectors": [
                  {
                    "dataTypes": [
                      "AzureActivity"
                    ],
                    "connectorId": "AzureActivity"
                  }
                ],
                "tactics": [
                  "DefenseEvasion"
                ],
                "techniques": [
                  "T1578"
                ],
                "entityMappings": [
                  {
                    "entityType": "Account",
                    "fieldMappings": [
                      {
                        "identifier": "Name",
                        "columnName": "Name"
                      },
                      {
                        "identifier": "UPNSuffix",
                        "columnName": "UPNSuffix"
                      }
                    ]
                  },
                  {
                    "entityType": "IP",
                    "fieldMappings": [
                      {
                        "identifier": "Address",
                        "columnName": "CallerIpAddress"
                      }
                    ]
                  }
                ]
              }
            },
            {
              "type": "Microsoft.OperationalInsights/workspaces/providers/metadata",
              "apiVersion": "2022-01-01-preview",
              "name": "[concat(parameters('workspace'),'/Microsoft.SecurityInsights/',concat('AnalyticsRule-', last(split(resourceId('Microsoft.SecurityInsights/AlertRuleTemplates', '9736e5f1-7b6e-4bfb-a708-e53ff1d182c3'),'/'))))]",
              "properties": {
                "description": "Azure Activity Analytics Rule 5",
                "parentId": "[resourceId('Microsoft.SecurityInsights/AlertRuleTemplates', '9736e5f1-7b6e-4bfb-a708-e53ff1d182c3')]",
                "contentId": "9736e5f1-7b6e-4bfb-a708-e53ff1d182c3",
                "kind": "AnalyticsRule",
                "version": "2.0.1",
                "source": {
                  "kind": "Solution",
                  "name": "Azure Activity",
                  "sourceId": "azuresentinel.azure-sentinel-solution-azureactivity"
                },
                "author": {
                  "name": "Microsoft",
                  "email": "support@microsoft.com"
                },
                "support": {
                  "tier": "Microsoft",
                  "name": "Microsoft Corporation",
                  "email": "support@microsoft.com",
                  "link": "https://support.microsoft.com/"
                }
              }
            }
          ]
        },
        "packageKind": "Solution",
        "packageVersion": "2.0.5",
        "packageName": "Azure Activity solution for Sentinel",
        "packageId": "azuresentinel.azure-sentinel-solution-azureactivity",
        "contentProductId": "azuresentinel.azure-sentinel-solution-azureactivit-ar-mrf6upirdpfw6",
        "id": "azuresentinel.azure-sentinel-solution-azureactivit-ar-mrf6upirdpfw6",
        "contentSchemaVersion": "3.0.0",
        "version": "2.0.1"
      }
    }
  ]
}