{
  "$schema": "https://schema.management.azure.com/schemas/2019-04-01/deploymentTemplate.json#",
  "contentVersion": "1.0.0.0",
  "parameters": {
    "location": {
      "type": "string",
      "minLength": 1,
      "defaultValue": "[resourceGroup().location]",
      "metadata": {
        "description": "Not used, but needed to pass arm-ttk test `Location-Should-Not-Be-Hardcoded`.  We instead use the `workspace-location` which is derived from the LA workspace"
      }
    },
    "workspace-location": {
      "type": "string",
      "defaultValue": "",
      "metadata": {
        "description": "[concat('Region to deploy solution resources -- separate from location selection',parameters('location'))]"
      }
    },
    "workspace": {
      "defaultValue": "",
      "type": "string",
      "metadata": {
        "description": "Workspace name for Log Analytics where Microsoft Sentinel is setup"
      }
    }
  },
  "variables": {},
  "resources": [
    {
      "type": "Microsoft.OperationalInsights/workspaces/providers/packages",
      "location": "[parameters('workspace-location')]",
      "apiVersion": "2022-08-01",
      "properties": {
        "packageKind": "Standalone",
        "packageItems": {
          "resources": [
            {
              "type": "Microsoft.OperationalInsights/workspaces/providers/contentTemplates",
              "name": "[concat(parameters('workspace'),'/Microsoft.SecurityInsights/', '68271db2-cbe9-4009-b1d3-bb3b5fe5713c')]",
              "location": "[parameters('workspace-location')]",
              "apiVersion": "2022-08-01",
              "properties": {
                "contentId": "68271db2-cbe9-4009-b1d3-bb3b5fe5713c",
                "displayName": "Possible STRONTIUM attempted credential harvesting - Oct 2020",
                "contentKind": "AnalyticsRule",
                "mainTemplate": {
                  "$schema": "https://schema.management.azure.com/schemas/2019-04-01/deploymentTemplate.json#",
                  "contentVersion": "1.0.0",
                  "resources": [
                    {
                      "type": "Microsoft.OperationalInsights/workspaces/providers/alertRules",
                      "apiVersion": "2022-04-01-preview",
                      "name": "68271db2-cbe9-4009-b1d3-bb3b5fe5713c",
                      "kind": "Scheduled",
                      "location": "[parameters('workspace-location')]",
                      "properties": {
                        "description": "Surfaces potential STRONTIUM group Office365 credential harvesting attempts within OfficeActivity Logon events.",
                        "displayName": "Possible STRONTIUM attempted credential harvesting - Oct 2020",
                        "enabled": false,
                        "query": "let User_Agents = dynamic ([\"Mozilla/5.0 (Windows NT 10.0; Win64; x64) AppleWebKit/537.36 (KHTML, like Gecko) Chrome/70\", \n\"Mozilla/5.0 (Macintosh; Intel Mac OS X 10_14_1) AppleWebKit/605.1.15 (KHTML, like Gecko) Version/12.0.1 Safari/605.1.15\", \n\"Mozilla/5.0 (Windows NT 10.0; Win64; x64; rv:63.0) Gecko/20100101 Firefox/63.0\", \n\"Mozilla/5.0 (Windows NT 10.0; Win64; x64) AppleWebKit/537.36 (KHTML, like Gecko) Chrome/70.0.3538.110 Safari/537.36\", \n\"Mozilla/5.0 (Windows NT 6.1; Win64; x64) AppleWebKit/537.36 (KHTML, like Gecko) Chrome/70.0.3538.110 Safari/537.36\"]);\nOfficeActivity\n| where RecordType in (\"AzureActiveDirectoryAccountLogon\", \"AzureActiveDirectoryStsLogon\") \n| where Operation != 'UserLoggedIn'\n| extend UserAgent = iff(parse_json(ExtendedProperties)[0].Name =~ \"UserAgent\", extractjson(\"$[0].Value\", ExtendedProperties, typeof(string)),\"\")\n| mv-expand parse_json(ExtendedProperties)\n| where ExtendedProperties.Name =~ \"RequestType\"\n| extend RequestType = todynamic(ExtendedProperties).Value\n| where UserAgent =~ \"ms-office\" or UserAgent has_any (User_Agents)\n| summarize authAttempts=dcount(TimeGenerated), firstAttempt=min(TimeGenerated), lastAttempt=max(TimeGenerated), uniqueIPs=dcount(ClientIP), uniqueAccounts=dcount(UserId), attemptedAccounts=make_set(UserId) by UserAgent\n| where authAttempts > 500\n| extend timestamp = firstAttempt\n| sort by uniqueAccounts\n",
                        "queryFrequency": "P7D",
                        "queryPeriod": "P14D",
                        "severity": "Low",
                        "suppressionDuration": "PT1H",
                        "suppressionEnabled": false,
                        "triggerOperator": "GreaterThan",
                        "triggerThreshold": 0,
                        "tactics": [
                          "CredentialAccess"
                        ],
                        "techniques": [
                          "T1110"
                        ]
                      }
                    },
                    {
                      "type": "Microsoft.OperationalInsights/workspaces/providers/metadata",
                      "apiVersion": "2021-03-01-preview",
                      "properties": {
                        "description": "'Surfaces potential STRONTIUM group Office365 credential harvesting attempts within OfficeActivity Logon events.'\n",
                        "version": "1.0.0",
                        "author": {
                          "name": "Community"
                        },
                        "support": {
                          "name": "Community",
                          "link": "https://github.com/Azure/Azure-Sentinel/issues",
                          "tier": "Community"
                        },
                        "source": {
                          "kind": "Community",
                          "name": "Standalone"
                        },
                        "threatAnalysisTactics": [
                          "CredentialAccess"
                        ],
                        "threatAnalyticsTechniques": [
                          "T1110"
                        ],
                        "contentId": "68271db2-cbe9-4009-b1d3-bb3b5fe5713c",
                        "parentId": "68271db2-cbe9-4009-b1d3-bb3b5fe5713c",
                        "kind": "AnalyticsRule",
                        "dependencies": {
                          "operator": "AND",
                          "criteria": [
                            {
                              "contentId": "OfficeActivity",
                              "kind": "DataType"
                            }
                          ]
                        }
                      }
                    }
                  ]
                }
              }
            }
          ]
        },
        "author": {
          "name": "Community"
        },
        "dependencies": {
          "operator": "AND",
          "criteria": [
            {
              "contentId": "68271db2-cbe9-4009-b1d3-bb3b5fe5713c",
              "kind": "AnalyticsRule"
            }
          ]
        },
        "description": "'Surfaces potential STRONTIUM group Office365 credential harvesting attempts within OfficeActivity Logon events.'\n",
        "displayName": "Possible STRONTIUM attempted credential harvesting - Oct 2020",
        "packageId": "68271db2-cbe9-4009-b1d3-bb3b5fe5713c",
        "source": {
          "kind": "Community",
          "name": "Standalone"
        },
        "support": {
          "name": "Community",
          "link": "https://github.com/Azure/Azure-Sentinel/issues",
          "tier": "Community"
        },
        "threatAnalysisTactics": [
          "CredentialAccess"
        ],
        "threatAnalyticsTechniques": [
          "T1110"
        ],
        "version": "1.0.0"
      },
      "name": "[concat(parameters('workspace'),'/Microsoft.SecurityInsights/', '68271db2-cbe9-4009-b1d3-bb3b5fe5713c')]"
    }
  ]
}