{
  "$schema": "https://schema.management.azure.com/schemas/2019-04-01/deploymentTemplate.json#",
  "contentVersion": "1.0.0.0",
  "parameters": {
    "location": {
      "type": "string",
      "minLength": 1,
      "defaultValue": "[resourceGroup().location]",
      "metadata": {
        "description": "Not used, but needed to pass arm-ttk test `Location-Should-Not-Be-Hardcoded`.  We instead use the `workspace-location` which is derived from the LA workspace"
      }
    },
    "workspace-location": {
      "type": "string",
      "defaultValue": "",
      "metadata": {
        "description": "[concat('Region to deploy solution resources -- separate from location selection',parameters('location'))]"
      }
    },
    "workspace": {
      "defaultValue": "",
      "type": "string",
      "metadata": {
        "description": "Workspace name for Log Analytics where Microsoft Sentinel is setup"
      }
    }
  },
  "variables": {},
  "resources": [
    {
      "type": "Microsoft.OperationalInsights/workspaces/providers/packages",
      "location": "[parameters('workspace-location')]",
      "apiVersion": "2022-08-01",
      "properties": {
        "packageKind": "Standalone",
        "packageItems": {
          "resources": [
            {
              "type": "Microsoft.OperationalInsights/workspaces/providers/contentTemplates",
              "name": "[concat(parameters('workspace'),'/Microsoft.SecurityInsights/', '08502f9f-7a04-4608-b5ad-5cfa129c073b')]",
              "location": "[parameters('workspace-location')]",
              "kind": "shared",
              "apiVersion": "2022-08-01",
              "properties": {
                "contentId": "08502f9f-7a04-4608-b5ad-5cfa129c073b",
                "displayName": "wadhrama-data-destruction",
                "contentKind": "HuntingQuery",
                "mainTemplate": {
                  "$schema": "https://schema.management.azure.com/schemas/2019-04-01/deploymentTemplate.json#",
                  "contentVersion": "1.0.0",
                  "resources": [
                    {
                      "type": "Microsoft.OperationalInsights/savedSearches",
                      "apiVersion": "2020-08-01",
                      "name": "08502f9f-7a04-4608-b5ad-5cfa129c073b",
                      "location": "[parameters('workspace-location')]",
                      "properties": {
                        "eTag": "*",
                        "displayName": "wadhrama-data-destruction",
                        "category": "Hunting Queries",
                        "query": "// Find use of WMIC to delete backups before ransomware execution\nDeviceProcessEvents\n| where Timestamp > ago(7d)\n| where FileName =~ \"wmic.exe\"\n| where ProcessCommandLine has \"shadowcopy\" and ProcessCommandLine has \"delete\"\n| project DeviceId, Timestamp, InitiatingProcessFileName, FileName,\nProcessCommandLine, InitiatingProcessIntegrityLevel, InitiatingProcessParentFileName\n",
                        "version": 2,
                        "tags": [
                          {
                            "name": "description",
                            "value": "This query was originally published in the threat analytics report, RDP ransomware persists as Wadhrama.\nThe ransomware known as Wadhrama has been used in human-operated attacks that follow a particular pattern. The attackers often use Remote Desktop Protocol (RDP) to gain initial access to a device or network, exfiltrate credentials, and maintain persistance.\nThe following query checks for possible Wadhrama-related activity, by detecting any use of Windows Management Instrumentation command-line utility, or WMIC, to delete local backups. The attackers often delete all local backups on an infected device before actually running the ransomware.\nOther techniques used by the group associated with Wadhrama are listed under See also.\nReference - https://www.microsoft.com/wdsi/threats/malware-encyclopedia-description?Name=Ransom:Win32/Wadhrama\n"
                          },
                          {
                            "name": "tactics",
                            "value": "Impact"
                          }
                        ]
                      }
                    },
                    {
                      "type": "Microsoft.OperationalInsights/workspaces/providers/metadata",
                      "apiVersion": "2021-03-01-preview",
                      "name": "[concat(parameters('workspace'),'/Microsoft.SecurityInsights/',concat('huntingQuery-', '08502f9f-7a04-4608-b5ad-5cfa129c073b'))]",
                      "properties": {
                        "description": "This query was originally published in the threat analytics report, RDP ransomware persists as Wadhrama.\nThe ransomware known as Wadhrama has been used in human-operated attacks that follow a particular pattern. The attackers often use Remote Desktop Protocol (RDP) to gain initial access to a device or network, exfiltrate credentials, and maintain persistance.\nThe following query checks for possible Wadhrama-related activity, by detecting any use of Windows Management Instrumentation command-line utility, or WMIC, to delete local backups. The attackers often delete all local backups on an infected device before actually running the ransomware.\nOther techniques used by the group associated with Wadhrama are listed under See also.\nReference - https://www.microsoft.com/wdsi/threats/malware-encyclopedia-description?Name=Ransom:Win32/Wadhrama\n",
                        "version": "1.0.0",
                        "author": {
                          "name": "Community"
                        },
                        "support": {
                          "name": "Community",
                          "link": "https://github.com/Azure/Azure-Sentinel/issues",
                          "tier": "Community"
                        },
                        "source": {
                          "kind": "Community",
                          "name": "Standalone"
                        },
                        "threatAnalysisTactics": [
                          "Impact"
                        ],
                        "contentId": "08502f9f-7a04-4608-b5ad-5cfa129c073b",
                        "parentId": "08502f9f-7a04-4608-b5ad-5cfa129c073b",
                        "kind": "HuntingQuery",
                        "dependencies": {
                          "operator": "AND",
                          "criteria": [
                            {
                              "contentId": "DeviceProcessEvents",
                              "kind": "DataType"
                            }
                          ]
                        }
                      }
                    }
                  ]
                }
              }
            }
          ]
        },
        "author": {
          "name": "Community"
        },
        "dependencies": {
          "operator": "AND",
          "criteria": [
            {
              "contentId": "08502f9f-7a04-4608-b5ad-5cfa129c073b",
              "kind": "HuntingQuery"
            }
          ]
        },
        "description": "This query was originally published in the threat analytics report, RDP ransomware persists as Wadhrama.\nThe ransomware known as Wadhrama has been used in human-operated attacks that follow a particular pattern. The attackers often use Remote Desktop Protocol (RDP) to gain initial access to a device or network, exfiltrate credentials, and maintain persistance.\nThe following query checks for possible Wadhrama-related activity, by detecting any use of Windows Management Instrumentation command-line utility, or WMIC, to delete local backups. The attackers often delete all local backups on an infected device before actually running the ransomware.\nOther techniques used by the group associated with Wadhrama are listed under See also.\nReference - https://www.microsoft.com/wdsi/threats/malware-encyclopedia-description?Name=Ransom:Win32/Wadhrama\n",
        "displayName": "wadhrama-data-destruction",
        "packageId": "08502f9f-7a04-4608-b5ad-5cfa129c073b",
        "source": {
          "kind": "Community",
          "name": "Standalone"
        },
        "support": {
          "name": "Community",
          "link": "https://github.com/Azure/Azure-Sentinel/issues",
          "tier": "Community"
        },
        "threatAnalysisTactics": [
          "Impact"
        ],
        "version": "1.0.0"
      },
      "name": "08502f9f-7a04-4608-b5ad-5cfa129c073b"
    }
  ]
}