{
  "$schema": "https://schema.management.azure.com/schemas/2019-04-01/deploymentTemplate.json#",
  "parameters": {
    "location": {
      "type": "string",
      "minLength": 1,
      "defaultValue": "[resourceGroup().location]",
      "metadata": {
        "description": "Not used, but needed to pass arm-ttk test `Location-Should-Not-Be-Hardcoded`.  We instead use the `workspace-location` which is derived from the LA workspace"
      }
    },
    "workspace-location": {
      "type": "string",
      "defaultValue": "",
      "metadata": {
        "description": "[concat('Region to deploy solution resources -- separate from location selection',parameters('location'))]"
      }
    },
    "workspace": {
      "defaultValue": "",
      "type": "string",
      "metadata": {
        "description": "Workspace name for Log Analytics where Microsoft Sentinel is setup"
      }
    }
  },
  "variables": {},
  "resources": [
    {
      "type": "Microsoft.OperationalInsights/workspaces/providers/packages",
      "location": "[parameters('workspace-location')]",
      "apiVersion": "2022-08-01",
      "properties": {
        "packageKind": "Standalone",
        "packageItems": {
          "resources": [
            {
              "type": "Microsoft.OperationalInsights/workspaces/providers/contentTemplates",
              "name": "[concat(parameters('workspace'),'/Microsoft.SecurityInsights/', '26be4a5f-7e6f-4c2e-967d-467bddcbb51a')]",
              "location": "[parameters('workspace-location')]",
              "kind": "shared",
              "apiVersion": "2022-08-01",
              "properties": {
                "contentId": "26be4a5f-7e6f-4c2e-967d-467bddcbb51a",
                "displayName": "DetectTorRelayConnectivity",
                "contentKind": "HuntingQuery",
                "mainTemplate": {
                  "$schema": "https://schema.management.azure.com/schemas/2019-04-01/deploymentTemplate.json#",
                  "contentVersion": "1.0.0",
                  "resources": [
                    {
                      "type": "Microsoft.OperationalInsights/savedSearches",
                      "apiVersion": "2020-08-01",
                      "name": "26be4a5f-7e6f-4c2e-967d-467bddcbb51a",
                      "location": "[parameters('workspace-location')]",
                      "properties": {
                        "eTag": "*",
                        "displayName": "DetectTorRelayConnectivity",
                        "category": "Hunting Queries",
                        "query": "let TorRelayData = (\n    externaldata (Nickname:string,Fingerprint:string,EntryAddress:string,IPAddress:string,Port:string,AddressType:string,Hostname:string,CountryCode:string,IsRunning:bool,LastChangedIPData:string)\n    [h@'https://torinfo.blob.core.windows.net/public/TorRelayIPs.csv'] with (ignoreFirstRecord=true,format=\"csv\")\n    | where AddressType == \"IPv4\"\n);\nTorRelayData\n| join kind=inner DeviceNetworkEvents on $left.IPAddress == $right.RemoteIP\n| join kind=inner (DeviceInfo | distinct DeviceId, PublicIP) on DeviceId\n| project Timestamp, DeviceId, LocalPublicIP = PublicIP, LocalIP, RemoteIP, TorIP = IPAddress, Hostname, CountryCode, ActionType, InitiatingProcessFileName, InitiatingProcessFolderPath\n",
                        "version": 2,
                        "tags": [
                          {
                            "name": "description",
                            "value": "This advanced hunting query detects processes communicating with known Tor relay IP addresses.\nThe public URL in the query is updated daily at 12PM and 12AM UTC.\nCSV source is the Tor Project API, obtained with: https://github.com/Dylan-J/Tor-Project-Statistics\n"
                          },
                          {
                            "name": "tactics",
                            "value": "Discovery,Command and control"
                          }
                        ]
                      }
                    },
                    {
                      "type": "Microsoft.OperationalInsights/workspaces/providers/metadata",
                      "apiVersion": "2021-03-01-preview",
                      "name": "[concat(parameters('workspace'),'/Microsoft.SecurityInsights/',concat('huntingQuery-', '26be4a5f-7e6f-4c2e-967d-467bddcbb51a'))]",
                      "properties": {
                        "description": "This advanced hunting query detects processes communicating with known Tor relay IP addresses.\nThe public URL in the query is updated daily at 12PM and 12AM UTC.\nCSV source is the Tor Project API, obtained with: https://github.com/Dylan-J/Tor-Project-Statistics\n",
                        "version": "1.0.0",
                        "source": {
                          "kind": "Community"
                        },
                        "threatAnalysisTactics": [
                          "Discovery",
                          "Command and control"
                        ],
                        "contentId": "26be4a5f-7e6f-4c2e-967d-467bddcbb51a",
                        "parentId": "26be4a5f-7e6f-4c2e-967d-467bddcbb51a",
                        "kind": "HuntingQuery",
                        "dependencies": {
                          "operator": "AND",
                          "criteria": [
                            {
                              "contentId": "DeviceNetworkEvents",
                              "kind": "DataType"
                            },
                            {
                              "contentId": "DeviceInfo",
                              "kind": "DataType"
                            }
                          ]
                        }
                      }
                    }
                  ]
                }
              }
            }
          ]
        },
        "dependencies": {
          "operator": "AND",
          "criteria": [
            {
              "contentId": "26be4a5f-7e6f-4c2e-967d-467bddcbb51a",
              "kind": "HuntingQuery"
            }
          ]
        },
        "description": "This advanced hunting query detects processes communicating with known Tor relay IP addresses.\nThe public URL in the query is updated daily at 12PM and 12AM UTC.\nCSV source is the Tor Project API, obtained with: https://github.com/Dylan-J/Tor-Project-Statistics\n",
        "displayName": "DetectTorRelayConnectivity",
        "packageId": "26be4a5f-7e6f-4c2e-967d-467bddcbb51a",
        "source": {
          "kind": "Community"
        },
        "threatAnalysisTactics": [
          "Discovery",
          "Command and control"
        ],
        "version": "1.0.0"
      },
      "name": "[concat(parameters('workspace'),'/Microsoft.SecurityInsights/', '26be4a5f-7e6f-4c2e-967d-467bddcbb51a')]"
    }
  ]
}