{
  "$schema": "https://schema.management.azure.com/schemas/2019-04-01/deploymentTemplate.json#",
  "parameters": {
    "location": {
      "type": "string",
      "minLength": 1,
      "defaultValue": "[resourceGroup().location]",
      "metadata": {
        "description": "Not used, but needed to pass arm-ttk test `Location-Should-Not-Be-Hardcoded`.  We instead use the `workspace-location` which is derived from the LA workspace"
      }
    },
    "workspace-location": {
      "type": "string",
      "defaultValue": "",
      "metadata": {
        "description": "[concat('Region to deploy solution resources -- separate from location selection',parameters('location'))]"
      }
    },
    "workspace": {
      "defaultValue": "",
      "type": "string",
      "metadata": {
        "description": "Workspace name for Log Analytics where Microsoft Sentinel is setup"
      }
    }
  },
  "variables": {},
  "resources": [
    {
      "type": "Microsoft.OperationalInsights/workspaces/providers/packages",
      "location": "[parameters('workspace-location')]",
      "apiVersion": "2022-08-01",
      "properties": {
        "packageKind": "Standalone",
        "packageItems": {
          "resources": [
            {
              "type": "Microsoft.OperationalInsights/workspaces/providers/contentTemplates",
              "name": "[concat(parameters('workspace'),'/Microsoft.SecurityInsights/', '631d02df-ab51-46c1-8d72-32d0cfec0720')]",
              "location": "[parameters('workspace-location')]",
              "apiVersion": "2022-08-01",
              "properties": {
                "contentId": "631d02df-ab51-46c1-8d72-32d0cfec0720",
                "displayName": "SUNBURST suspicious SolarWinds child processes (Normalized Process Events)",
                "contentKind": "AnalyticsRule",
                "mainTemplate": {
                  "$schema": "https://schema.management.azure.com/schemas/2019-04-01/deploymentTemplate.json#",
                  "contentVersion": "1.1.2",
                  "resources": [
                    {
                      "type": "Microsoft.OperationalInsights/workspaces/providers/alertRules",
                      "apiVersion": "2022-04-01-preview",
                      "name": "[concat(parameters('workspace'),'/Microsoft.SecurityInsights/', '' )]",
                      "kind": "Scheduled",
                      "location": "[parameters('workspace-location')]",
                      "properties": {
                        "description": "Identifies suspicious child processes of SolarWinds.Orion.Core.BusinessLayer.dll that may be evidence of the SUNBURST backdoor\nReferences:\n- https://www.fireeye.com/blog/threat-research/2020/12/evasive-attacker-leverages-solarwinds-supply-chain-compromises-with-sunburst-backdoor.html\n- https://gist.github.com/olafhartong/71ffdd4cab4b6acd5cbcd1a0691ff82f\nTo use this analytics rule, make sure you have deployed the [ASIM normalization parsers](https://aka.ms/ASimProcessEvent)'",
                        "displayName": "SUNBURST suspicious SolarWinds child processes (Normalized Process Events)",
                        "enabled": false,
                        "query": "let excludeProcs = dynamic([@\"\\SolarWinds\\Orion\\APM\\APMServiceControl.exe\", @\"\\SolarWinds\\Orion\\ExportToPDFCmd.Exe\", @\"\\SolarWinds.Credentials\\SolarWinds.Credentials.Orion.WebApi.exe\", @\"\\SolarWinds\\Orion\\Topology\\SolarWinds.Orion.Topology.Calculator.exe\", @\"\\SolarWinds\\Orion\\Database-Maint.exe\", @\"\\SolarWinds.Orion.ApiPoller.Service\\SolarWinds.Orion.ApiPoller.Service.exe\", @\"\\Windows\\SysWOW64\\WerFault.exe\"]);\nimProcessCreate\n| where Process hassuffix 'solarwinds.businesslayerhost.exe'\n| where not(Process has_any (excludeProcs))\n| extend\n    timestamp = TimeGenerated,\n    AccountCustomEntity = ActorUsername,\n    HostCustomEntity = User,\n    AlgorithmCustomEntity = \"MD5\",\n    FileHashCustomEntity = TargetProcessMD5 // Change to *hash* once implemented\n",
                        "queryFrequency": "P1D",
                        "queryPeriod": "P1D",
                        "severity": "Medium",
                        "suppressionDuration": "PT1H",
                        "suppressionEnabled": false,
                        "triggerOperator": "GreaterThan",
                        "triggerThreshold": 0,
                        "tactics": [
                          "Execution",
                          "Persistence"
                        ],
                        "entityMappings": [
                          {
                            "entityType": "Account",
                            "fieldMappings": [
                              {
                                "columnName": "AccountCustomEntity",
                                "identifier": "FullName"
                              }
                            ]
                          },
                          {
                            "entityType": "Host",
                            "fieldMappings": [
                              {
                                "columnName": "HostCustomEntity",
                                "identifier": "FullName"
                              }
                            ]
                          },
                          {
                            "entityType": "FileHash",
                            "fieldMappings": [
                              {
                                "columnName": "AlgorithmCustomEntity",
                                "identifier": "Algorithm"
                              },
                              {
                                "columnName": "FileHashCustomEntity",
                                "identifier": "Value"
                              }
                            ]
                          }
                        ]
                      }
                    },
                    {
                      "type": "Microsoft.OperationalInsights/workspaces/providers/metadata",
                      "apiVersion": "2021-03-01-preview",
                      "name": "[concat(parameters('workspace'),'/Microsoft.SecurityInsights/', '')]",
                      "properties": {
                        "description": "Identifies suspicious child processes of SolarWinds.Orion.Core.BusinessLayer.dll that may be evidence of the SUNBURST backdoor\nReferences:\n- https://www.fireeye.com/blog/threat-research/2020/12/evasive-attacker-leverages-solarwinds-supply-chain-compromises-with-sunburst-backdoor.html\n- https://gist.github.com/olafhartong/71ffdd4cab4b6acd5cbcd1a0691ff82f\nTo use this analytics rule, make sure you have deployed the [ASIM normalization parsers](https://aka.ms/ASimProcessEvent)'\n",
                        "contentId": "631d02df-ab51-46c1-8d72-32d0cfec0720",
                        "version": "1.1.2",
                        "source": {
                          "kind": "Community"
                        },
                        "threatAnalysisTactics": [
                          "Execution",
                          "Persistence"
                        ],
                        "parentId": "631d02df-ab51-46c1-8d72-32d0cfec0720",
                        "kind": "AnalyticsRule"
                      }
                    }
                  ]
                }
              }
            }
          ]
        },
        "contentId": "631d02df-ab51-46c1-8d72-32d0cfec0720",
        "dependencies": {
          "operator": "AND",
          "criteria": [
            {
              "contentId": "631d02df-ab51-46c1-8d72-32d0cfec0720",
              "kind": "AnalyticsRule"
            }
          ]
        },
        "description": "Identifies suspicious child processes of SolarWinds.Orion.Core.BusinessLayer.dll that may be evidence of the SUNBURST backdoor\nReferences:\n- https://www.fireeye.com/blog/threat-research/2020/12/evasive-attacker-leverages-solarwinds-supply-chain-compromises-with-sunburst-backdoor.html\n- https://gist.github.com/olafhartong/71ffdd4cab4b6acd5cbcd1a0691ff82f\nTo use this analytics rule, make sure you have deployed the [ASIM normalization parsers](https://aka.ms/ASimProcessEvent)'\n",
        "displayName": "SUNBURST suspicious SolarWinds child processes (Normalized Process Events)",
        "source": {
          "kind": "Community"
        },
        "threatAnalysisTactics": [
          "Execution",
          "Persistence"
        ],
        "version": "1.1.2"
      },
      "name": "[concat(parameters('workspace'),'/Microsoft.SecurityInsights/', '631d02df-ab51-46c1-8d72-32d0cfec0720')]"
    }
  ]
}