{
  "$schema": "https://schema.management.azure.com/schemas/2019-04-01/deploymentTemplate.json#",
  "parameters": {
    "location": {
      "type": "string",
      "minLength": 1,
      "defaultValue": "[resourceGroup().location]",
      "metadata": {
        "description": "Not used, but needed to pass arm-ttk test `Location-Should-Not-Be-Hardcoded`.  We instead use the `workspace-location` which is derived from the LA workspace"
      }
    },
    "workspace-location": {
      "type": "string",
      "defaultValue": "",
      "metadata": {
        "description": "[concat('Region to deploy solution resources -- separate from location selection',parameters('location'))]"
      }
    },
    "workspace": {
      "defaultValue": "",
      "type": "string",
      "metadata": {
        "description": "Workspace name for Log Analytics where Microsoft Sentinel is setup"
      }
    }
  },
  "variables": {},
  "resources": [
    {
      "type": "Microsoft.OperationalInsights/workspaces/providers/packages",
      "location": "[parameters('workspace-location')]",
      "apiVersion": "2022-08-01",
      "properties": {
        "packageKind": "Standalone",
        "packageItems": {
          "resources": [
            {
              "type": "Microsoft.OperationalInsights/workspaces/providers/contentTemplates",
              "name": "[concat(parameters('workspace'),'/Microsoft.SecurityInsights/', 'd9f28fdf-abc8-4f1a-a7e7-1aaec87a2fc5')]",
              "location": "[parameters('workspace-location')]",
              "apiVersion": "2022-08-01",
              "properties": {
                "contentId": "d9f28fdf-abc8-4f1a-a7e7-1aaec87a2fc5",
                "displayName": "Sdelete deployed via GPO and run recursively",
                "contentKind": "AnalyticsRule",
                "mainTemplate": {
                  "$schema": "https://schema.management.azure.com/schemas/2019-04-01/deploymentTemplate.json#",
                  "contentVersion": "1.0.1",
                  "resources": [
                    {
                      "type": "Microsoft.OperationalInsights/workspaces/providers/alertRules",
                      "apiVersion": "2022-04-01-preview",
                      "name": "[concat(parameters('workspace'),'/Microsoft.SecurityInsights/', '' )]",
                      "kind": "Scheduled",
                      "location": "[parameters('workspace-location')]",
                      "properties": {
                        "description": "This query looks for the Sdelete process being run recursively after being deployed to a host via GPO. Attackers could use this technique to deploy Sdelete to multiple host and delete data on them.",
                        "displayName": "Sdelete deployed via GPO and run recursively",
                        "enabled": false,
                        "query": "SecurityEvent\n  | where EventID == 4688\n  | where Process =~ \"svchost.exe\"\n  | where CommandLine has \"-k GPSvcGroup\" or CommandLine has \"-s gpsvc\"\n  | extend timekey = bin(TimeGenerated, 1m)\n  | project timekey, NewProcessId, Computer\n  | join kind=inner (SecurityEvent\n  | where EventID == 4688\n  | where Process =~ \"sdelete.exe\" or CommandLine has \"sdelete\"\n  | where ParentProcessName endswith \"svchost.exe\"\n  | where CommandLine has_all (\"-s\", \"-r\")\n  | extend newProcess = Process\n  | extend timekey = bin(TimeGenerated, 1m)\n  ) on $left.NewProcessId == $right.ProcessId, timekey, Computer\n",
                        "queryFrequency": "P1D",
                        "queryPeriod": "P1D",
                        "severity": "Medium",
                        "suppressionDuration": "PT1H",
                        "suppressionEnabled": false,
                        "triggerOperator": "GreaterThan",
                        "triggerThreshold": 0,
                        "tactics": [
                          "Impact"
                        ],
                        "entityMappings": [
                          {
                            "entityType": "Account",
                            "fieldMappings": [
                              {
                                "columnName": "Account",
                                "identifier": "FullName"
                              }
                            ]
                          },
                          {
                            "entityType": "Host",
                            "fieldMappings": [
                              {
                                "columnName": "Computer",
                                "identifier": "FullName"
                              }
                            ]
                          }
                        ]
                      }
                    },
                    {
                      "type": "Microsoft.OperationalInsights/workspaces/providers/metadata",
                      "apiVersion": "2021-03-01-preview",
                      "name": "[concat(parameters('workspace'),'/Microsoft.SecurityInsights/', '')]",
                      "properties": {
                        "description": "'This query looks for the Sdelete process being run recursively after being deployed to a host via GPO. Attackers could use this technique to deploy Sdelete to multiple host and delete data on them.'\n",
                        "version": "1.0.1",
                        "source": {
                          "kind": "Community"
                        },
                        "threatAnalysisTactics": [
                          "Impact"
                        ],
                        "threatAnalyticsTechniques": [
                          "T1485"
                        ],
                        "contentId": "d9f28fdf-abc8-4f1a-a7e7-1aaec87a2fc5",
                        "parentId": "d9f28fdf-abc8-4f1a-a7e7-1aaec87a2fc5",
                        "kind": "AnalyticsRule",
                        "dependencies": {
                          "operator": "AND",
                          "criteria": [
                            {
                              "contentId": "SecurityEvents",
                              "kind": "DataType"
                            }
                          ]
                        }
                      }
                    }
                  ]
                }
              }
            }
          ]
        },
        "dependencies": {
          "operator": "AND",
          "criteria": [
            {
              "contentId": "d9f28fdf-abc8-4f1a-a7e7-1aaec87a2fc5",
              "kind": "AnalyticsRule"
            }
          ]
        },
        "description": "'This query looks for the Sdelete process being run recursively after being deployed to a host via GPO. Attackers could use this technique to deploy Sdelete to multiple host and delete data on them.'\n",
        "displayName": "Sdelete deployed via GPO and run recursively",
        "packageId": "d9f28fdf-abc8-4f1a-a7e7-1aaec87a2fc5",
        "source": {
          "kind": "Community"
        },
        "threatAnalysisTactics": [
          "Impact"
        ],
        "threatAnalyticsTechniques": [
          "T1485"
        ],
        "version": "1.0.1"
      },
      "name": "[concat(parameters('workspace'),'/Microsoft.SecurityInsights/', 'd9f28fdf-abc8-4f1a-a7e7-1aaec87a2fc5')]"
    }
  ]
}