{
  "$schema": "https://schema.management.azure.com/schemas/2019-04-01/deploymentTemplate.json#",
  "contentVersion": "1.0.0.0",
  "metadata": {
    "author": "Microsoft - support@microsoft.com",
    "comments": "Solution template for Azure Cognitive Search"
  },
  "parameters": {
    "location": {
      "type": "string",
      "minLength": 1,
      "defaultValue": "[resourceGroup().location]",
      "metadata": {
        "description": "Not used, but needed to pass arm-ttk test `Location-Should-Not-Be-Hardcoded`.  We instead use the `workspace-location` which is derived from the LA workspace"
      }
    },
    "workspace-location": {
      "type": "string",
      "defaultValue": "",
      "metadata": {
        "description": "[concat('Region to deploy solution resources -- separate from location selection',parameters('location'))]"
      }
    },
    "workspace": {
      "defaultValue": "",
      "type": "string",
      "metadata": {
        "description": "Workspace name for Log Analytics where Microsoft Sentinel is setup"
      }
    }
  },
  "resources": [
    {
      "name": "pid-750aee4f-f7a2-4a29-b885-f93c7fef1702-partnercenter",
      "type": "Microsoft.Resources/deployments",
      "apiVersion": "2020-10-01",
      "properties": {
        "mode": "Incremental",
        "template": {
          "$schema": "https://schema.management.azure.com/schemas/2019-04-01/deploymentTemplate.json#",
          "contentVersion": "1.0.0.0",
          "resources": []
        }
      }
    },
    {
      "type": "Microsoft.OperationalInsights/workspaces/providers/contentTemplates",
      "name": "[concat(parameters('workspace'),'/Microsoft.SecurityInsights/',concat(concat(parameters('workspace'),'-dc-',uniquestring('AzureCognitiveSearch_CCP')),'1.0.0'))]",
      "location": "[parameters('workspace-location')]",
      "apiVersion": "2023-04-01-preview",
      "dependsOn": [
        "[extensionResourceId(resourceId('Microsoft.OperationalInsights/workspaces', parameters('workspace')), 'Microsoft.SecurityInsights/contentPackages', 'azuresentinel.azure-sentinel-solution-azurecognitivesearch')]"
      ],
      "properties": {
        "contentId": "AzureCognitiveSearch_CCP",
        "displayName": "Azure Cognitive Search",
        "contentKind": "DataConnector",
        "mainTemplate": {
          "$schema": "https://schema.management.azure.com/schemas/2019-04-01/deploymentTemplate.json#",
          "contentVersion": "1.0.0",
          "parameters": {},
          "variables": {},
          "resources": [
            {
              "name": "[concat(parameters('workspace'),'/Microsoft.SecurityInsights/','AzureCognitiveSearch_CCP')]",
              "apiVersion": "2021-03-01-preview",
              "type": "Microsoft.OperationalInsights/workspaces/providers/dataConnectors",
              "location": "[parameters('workspace-location')]",
              "kind": "GenericUI",
              "properties": {
                "connectorUiConfig": {
                  "id": "AzureCognitiveSearch_CCP",
                  "title": "Azure Cognitive Search",
                  "publisher": "Microsoft",
                  "descriptionMarkdown": "Azure Cognitive Search is a cloud search service that gives developers infrastructure, APIs, and tools for building a rich search experience over private, heterogeneous content in web, mobile, and enterprise applications. This connector lets you stream your Azure Cognitive Search diagnostics logs into Microsoft Sentinel, allowing you to continuously monitor activity. ",
                  "graphQueries": [
                    {
                      "metricName": "Total data received",
                      "legend": "AzureDiagnostics",
                      "baseQuery": "AzureDiagnostics| where ResourceProvider == \"MICROSOFT.SEARCH\""
                    }
                  ],
                  "sampleQueries": [
                    {
                      "description": "All logs",
                      "query": "AzureDiagnostics \n| where ResourceProvider == \"MICROSOFT.SEARCH\" \n"
                    },
                    {
                      "description": "Count By Cognitive Search",
                      "query": "AzureDiagnostics \n| where ResourceProvider == \"MICROSOFT.SEARCH\" \n| summarize count() by Resource"
                    }
                  ],
                  "connectivityCriterias": [
                    {
                      "type": "IsConnectedQuery",
                      "value": [
                        "AzureDiagnostics | where ResourceProvider == \"MICROSOFT.SEARCH\"\n | summarize LastLogReceived = max(TimeGenerated)\n | project IsConnected = LastLogReceived > ago(7d)"
                      ]
                    }
                  ],
                  "dataTypes": [
                    {
                      "name": "AzureDiagnostics (Cognitive Search)",
                      "lastDataReceivedQuery": "AzureDiagnostics| where ResourceProvider == \"MICROSOFT.SEARCH\" | summarize Time = max(TimeGenerated) | where isnotempty(Time)"
                    }
                  ],
                  "availability": {
                    "status": 1,
                    "isPreview": false
                  },
                  "permissions": {
                    "resourceProvider": [
                      {
                        "provider": "Microsoft.OperationalInsights/workspaces",
                        "permissionsDisplayText": "read and write permissions are required.",
                        "providerDisplayName": "Workspace",
                        "scope": "Workspace",
                        "requiredPermissions": {
                          "write": true,
                          "read": true,
                          "delete": true
                        }
                      }
                    ],
                    "customs": [
                      {
                        "name": "Policy",
                        "description": "owner role assigned for each policy assignment scope"
                      }
                    ]
                  },
                  "instructionSteps": [
                    {
                      "description": "This connector uses Azure Policy to apply a single Azure Cognitive Search log-streaming configuration to a collection of instances, defined as a scope. Follow the instructions below to create and apply a policy to all current and future instances. Note, you may already have an active policy for this resource type.",
                      "instructions": [
                        {
                          "parameters": {
                            "noFxPadding": "1",
                            "expanded": "1",
                            "instructionSteps": [
                              {
                                "title": "Stream diagnostics logs from your Azure Cognitive Search at scale",
                                "innerSteps": [
                                  {
                                    "title": "Launch the Azure Policy Assignment wizard and follow the steps. ",
                                    "description": ">    1. In the **Basics** tab, click the button with the three dots under **Scope** to select your subscription.<br />2. In the **Parameters** tab, choose your Microsoft Sentinel workspace from the **Log Analytics workspace** drop-down list, and leave marked as \"True\" all the log categories you want to ingest.<br />3. To apply the policy on your existing resources, mark the **Create a remediation task** check box in the **Remediation** tab.</value>",
                                    "instructions": [
                                      {
                                        "parameters": {
                                          "policyDefinitionGuid": "08ba64b8-738f-4918-9686-730d2ed79c7d"
                                        },
                                        "type": "PolicyAssignment"
                                      }
                                    ]
                                  }
                                ]
                              }
                            ]
                          },
                          "type": "InstructionStepsGroup"
                        }
                      ],
                      "title": "Connect your Azure Cognitive Search diagnostics logs into Sentinel."
                    }
                  ]
                }
              }
            },
            {
              "type": "Microsoft.OperationalInsights/workspaces/providers/metadata",
              "apiVersion": "2022-01-01-preview",
              "name": "[concat(parameters('workspace'),'/Microsoft.SecurityInsights/',concat('DataConnector-', last(split(extensionResourceId(resourceId('Microsoft.OperationalInsights/workspaces', parameters('workspace')), 'Microsoft.SecurityInsights/dataConnectors', 'AzureCognitiveSearch_CCP'),'/'))))]",
              "properties": {
                "parentId": "[extensionResourceId(resourceId('Microsoft.OperationalInsights/workspaces', parameters('workspace')), 'Microsoft.SecurityInsights/dataConnectors', 'AzureCognitiveSearch_CCP')]",
                "contentId": "AzureCognitiveSearch_CCP",
                "kind": "DataConnector",
                "version": "1.0.0",
                "source": {
                  "kind": "Solution",
                  "name": "Azure Cognitive Search",
                  "sourceId": "azuresentinel.azure-sentinel-solution-azurecognitivesearch"
                },
                "author": {
                  "name": "Microsoft",
                  "email": "support@microsoft.com"
                },
                "support": {
                  "tier": "Microsoft",
                  "name": "Microsoft Corporation",
                  "link": "https://support.microsoft.com",
                  "email": "support@microsoft.com"
                }
              }
            }
          ]
        },
        "packageKind": "Solution",
        "packageVersion": "2.0.0",
        "packageName": "Azure Cognitive Search",
        "packageId": "azuresentinel.azure-sentinel-solution-azurecognitivesearch",
        "contentProductId": "azuresentinel.azure-sentinel-solution-azurecogniti-dc-zdduxqso2skww",
        "id": "azuresentinel.azure-sentinel-solution-azurecogniti-dc-zdduxqso2skww",
        "contentSchemaVersion": "3.0.0",
        "version": "1.0.0"
      }
    },
    {
      "type": "Microsoft.OperationalInsights/workspaces/providers/metadata",
      "apiVersion": "2022-01-01-preview",
      "name": "[concat(parameters('workspace'),'/Microsoft.SecurityInsights/',concat('DataConnector-', last(split(extensionResourceId(resourceId('Microsoft.OperationalInsights/workspaces', parameters('workspace')), 'Microsoft.SecurityInsights/dataConnectors', 'AzureCognitiveSearch_CCP'),'/'))))]",
      "dependsOn": [
        "[extensionResourceId(resourceId('Microsoft.OperationalInsights/workspaces', parameters('workspace')), 'Microsoft.SecurityInsights/dataConnectors', 'AzureCognitiveSearch_CCP')]"
      ],
      "location": "[parameters('workspace-location')]",
      "properties": {
        "parentId": "[extensionResourceId(resourceId('Microsoft.OperationalInsights/workspaces', parameters('workspace')), 'Microsoft.SecurityInsights/dataConnectors', 'AzureCognitiveSearch_CCP')]",
        "contentId": "AzureCognitiveSearch_CCP",
        "kind": "DataConnector",
        "version": "1.0.0",
        "source": {
          "kind": "Solution",
          "name": "Azure Cognitive Search",
          "sourceId": "azuresentinel.azure-sentinel-solution-azurecognitivesearch"
        },
        "author": {
          "name": "Microsoft",
          "email": "support@microsoft.com"
        },
        "support": {
          "tier": "Microsoft",
          "name": "Microsoft Corporation",
          "link": "https://support.microsoft.com",
          "email": "support@microsoft.com"
        }
      }
    },
    {
      "name": "[concat(parameters('workspace'),'/Microsoft.SecurityInsights/','AzureCognitiveSearch_CCP')]",
      "apiVersion": "2021-03-01-preview",
      "type": "Microsoft.OperationalInsights/workspaces/providers/dataConnectors",
      "location": "[parameters('workspace-location')]",
      "kind": "GenericUI",
      "properties": {
        "connectorUiConfig": {
          "title": "Azure Cognitive Search",
          "publisher": "Microsoft",
          "descriptionMarkdown": "Azure Cognitive Search is a cloud search service that gives developers infrastructure, APIs, and tools for building a rich search experience over private, heterogeneous content in web, mobile, and enterprise applications. This connector lets you stream your Azure Cognitive Search diagnostics logs into Microsoft Sentinel, allowing you to continuously monitor activity. ",
          "graphQueries": [
            {
              "metricName": "Total data received",
              "legend": "AzureDiagnostics",
              "baseQuery": "AzureDiagnostics| where ResourceProvider == \"MICROSOFT.SEARCH\""
            }
          ],
          "dataTypes": [
            {
              "name": "AzureDiagnostics (Cognitive Search)",
              "lastDataReceivedQuery": "AzureDiagnostics| where ResourceProvider == \"MICROSOFT.SEARCH\" | summarize Time = max(TimeGenerated) | where isnotempty(Time)"
            }
          ],
          "connectivityCriterias": [
            {
              "type": "IsConnectedQuery",
              "value": [
                "AzureDiagnostics | where ResourceProvider == \"MICROSOFT.SEARCH\"\n | summarize LastLogReceived = max(TimeGenerated)\n | project IsConnected = LastLogReceived > ago(7d)"
              ]
            }
          ],
          "sampleQueries": [
            {
              "description": "All logs",
              "query": "AzureDiagnostics \n| where ResourceProvider == \"MICROSOFT.SEARCH\" \n"
            },
            {
              "description": "Count By Cognitive Search",
              "query": "AzureDiagnostics \n| where ResourceProvider == \"MICROSOFT.SEARCH\" \n| summarize count() by Resource"
            }
          ],
          "availability": {
            "status": 1,
            "isPreview": false
          },
          "permissions": {
            "resourceProvider": [
              {
                "provider": "Microsoft.OperationalInsights/workspaces",
                "permissionsDisplayText": "read and write permissions are required.",
                "providerDisplayName": "Workspace",
                "scope": "Workspace",
                "requiredPermissions": {
                  "write": true,
                  "read": true,
                  "delete": true
                }
              }
            ],
            "customs": [
              {
                "name": "Policy",
                "description": "owner role assigned for each policy assignment scope"
              }
            ]
          },
          "instructionSteps": [
            {
              "description": "This connector uses Azure Policy to apply a single Azure Cognitive Search log-streaming configuration to a collection of instances, defined as a scope. Follow the instructions below to create and apply a policy to all current and future instances. Note, you may already have an active policy for this resource type.",
              "instructions": [
                {
                  "parameters": {
                    "noFxPadding": "1",
                    "expanded": "1",
                    "instructionSteps": [
                      {
                        "title": "Stream diagnostics logs from your Azure Cognitive Search at scale",
                        "innerSteps": [
                          {
                            "title": "Launch the Azure Policy Assignment wizard and follow the steps. ",
                            "description": ">    1. In the **Basics** tab, click the button with the three dots under **Scope** to select your subscription.<br />2. In the **Parameters** tab, choose your Microsoft Sentinel workspace from the **Log Analytics workspace** drop-down list, and leave marked as \"True\" all the log categories you want to ingest.<br />3. To apply the policy on your existing resources, mark the **Create a remediation task** check box in the **Remediation** tab.</value>",
                            "instructions": [
                              {
                                "parameters": {
                                  "policyDefinitionGuid": "08ba64b8-738f-4918-9686-730d2ed79c7d"
                                },
                                "type": "PolicyAssignment"
                              }
                            ]
                          }
                        ]
                      }
                    ]
                  },
                  "type": "InstructionStepsGroup"
                }
              ],
              "title": "Connect your Azure Cognitive Search diagnostics logs into Sentinel."
            }
          ],
          "id": "AzureCognitiveSearch_CCP"
        }
      }
    },
    {
      "type": "Microsoft.OperationalInsights/workspaces/providers/contentPackages",
      "name": "[concat(parameters('workspace'),'/Microsoft.SecurityInsights/', 'azuresentinel.azure-sentinel-solution-azurecognitivesearch')]",
      "location": "[parameters('workspace-location')]",
      "apiVersion": "2023-04-01-preview",
      "properties": {
        "version": "2.0.0",
        "kind": "Solution",
        "contentSchemaVersion": "3.0.0",
        "contentId": "azuresentinel.azure-sentinel-solution-azurecognitivesearch",
        "source": {
          "kind": "Solution",
          "name": "Azure Cognitive Search",
          "sourceId": "azuresentinel.azure-sentinel-solution-azurecognitivesearch"
        },
        "author": {
          "name": "Microsoft",
          "email": "support@microsoft.com"
        },
        "support": {
          "name": "Microsoft Corporation",
          "email": "support@microsoft.com",
          "tier": "Microsoft",
          "link": "https://support.microsoft.com"
        },
        "dependencies": {
          "operator": "AND",
          "criteria": [
            {
              "kind": "DataConnector",
              "contentId": "AzureCognitiveSearch_CCP",
              "version": "1.0.0"
            }
          ]
        },
        "firstPublishDate": "2022-06-28",
        "providers": [
          "Microsoft"
        ],
        "categories": {
          "domains": [
            "Cloud Provider"
          ]
        },
        "contentKind": "Solution",
        "contentProductId": "azuresentinel.azure-sentinel-solution-azurecogniti-sl-pj5od2qt3twe4",
        "id": "azuresentinel.azure-sentinel-solution-azurecogniti-sl-pj5od2qt3twe4",
        "displayName": "Azure Cognitive Search",
        "publisherDisplayName": "Microsoft Sentinel, Microsoft Corporation",
        "descriptionHtml": "<p><strong>Note:</strong> <em>There may be <a target=\"_blank\" href=\"https://aka.ms/sentinelsolutionsknownissues\" rel=\"noopener\">known issues</a> pertaining to this Solution, please refer to them before installing.</em></p><p>The <a target=\"_blank\" href=\"https://docs.microsoft.com/azure/search/search-what-is-azure-search?WT.mc_id=Portal-fx\" rel=\"noopener\">Azure Cognitive Search</a> solution for Microsoft Sentinel enables you to ingest Azure Cognitive Search diagnostics logs using Diagnostic Settings into Microsoft Sentinel.</p><p><strong>Underlying Microsoft Technologies used:</strong></p><p>This solution takes a dependency on the following technologies, and some of these dependencies either may be in <a target=\"_blank\" href=\"https://azure.microsoft.com/support/legal/preview-supplemental-terms/\" rel=\"noopener\">Preview</a> state or might result in additional ingestion or operational costs:</p><p>a. <a target=\"_blank\" href=\"https://docs.microsoft.com/azure/azure-monitor/essentials/diagnostic-settings?WT.mc_id=Portal-fx\" rel=\"noopener\">Azure Monitor Resource Diagnostics</a></p><p><strong>Data Connectors:</strong> 1</p><p><a target=\"_blank\" href=\"https://aka.ms/azuresentinel\" rel=\"noopener\">Learn more about Microsoft Sentinel</a> | <a target=\"_blank\" href=\"https://aka.ms/azuresentinelsolutionsdoc\" rel=\"noopener\">Learn more about Solutions</a></p>",
        "icon": "https://store-images.s-microsoft.com/image/apps.33880.750aee4f-f7a2-4a29-b885-f93c7fef1702.c9f4b023-05ce-4ed4-8b81-e0c683d9dd1f.b4a0fd74-bb32-47b4-8cc5-99719a46b7ef"
      }
    }
  ]
}