{
  "$schema": "https://schema.management.azure.com/schemas/2019-04-01/deploymentTemplate.json#",
  "contentVersion": "1.0.1",
  "parameters": {
    "location": {
      "type": "string",
      "minLength": 1,
      "defaultValue": "[resourceGroup().location]",
      "metadata": {
        "description": "Not used, but needed to pass arm-ttk test `Location-Should-Not-Be-Hardcoded`.  We instead use the `workspace-location` which is derived from the LA workspace"
      }
    },
    "workspace": {
      "defaultValue": "",
      "type": "string",
      "metadata": {
        "description": "Workspace name for Log Analytics where Microsoft Sentinel is setup"
      }
    },
    "workspace-location": {
      "type": "string",
      "defaultValue": "",
      "metadata": {
        "description": "[concat('Region to deploy solution resources -- separate from location selection',parameters('location'))]"
      }
    }
  },
  "resources": [
    {
      "type": "Microsoft.OperationalInsights/workspaces/providers/contentTemplates",
      "name": "[concat(parameters('workspace'),'/Microsoft.SecurityInsights/',concat(concat(parameters('workspace'),'-hq-',uniquestring('0cd51b2e-d3b2-4001-8e3f-5cbb604f69b2')),'1.0.1'))]",
      "location": "[parameters('workspace-location')]",
      "apiVersion": "2023-04-01-preview",
      "dependsOn": [
        "[extensionResourceId(resourceId('Microsoft.OperationalInsights/workspaces', parameters('workspace')), 'Microsoft.SecurityInsights/contentPackages', 'azuresentinel.azure-sentinel-solution-cloudthreatdetection')]"
      ],
      "properties": {
        "contentId": "0cd51b2e-d3b2-4001-8e3f-5cbb604f69b2",
        "displayName": "Attempts to sign in to disabled accounts by IP address",
        "contentKind": "HuntingQuery",
        "mainTemplate": {
          "$schema": "https://schema.management.azure.com/schemas/2019-04-01/deploymentTemplate.json#",
          "contentVersion": "1.0.1",
          "parameters": {},
          "variables": {},
          "resources": [
            {
              "type": "Microsoft.OperationalInsights/savedSearches",
              "apiVersion": "2020-08-01",
              "name": "Cloud_Identity_Threat_Protection_Essentials_Hunting_Query_2",
              "location": "[parameters('workspace-location')]",
              "properties": {
                "eTag": "*",
                "displayName": "Attempts to sign in to disabled accounts by IP address",
                "category": "Hunting Queries",
                "query": "\nSigninLogs \n| where ResultType == \"50057\" \n| where ResultDescription == \"User account is disabled. The account has been disabled by an administrator.\" \n| summarize StartTime = min(TimeGenerated), EndTime = max(TimeGenerated), numberAccountsTargeted = dcount(UserPrincipalName), \nnumberApplicationsTargeted = dcount(AppDisplayName), accountSet = makeset(UserPrincipalName), applicationSet=makeset(AppDisplayName), \nnumberLoginAttempts = count() by IPAddress\n| extend timestamp = StartTime, IPCustomEntity = IPAddress\n| order by numberLoginAttempts desc\n",
                "version": 2,
                "tags": [
                  {
                    "name": "description",
                    "value": "Failed attempts to sign in to disabled accounts summarized by the IP address from from the sign-in attempts originate"
                  },
                  {
                    "name": "tactics",
                    "value": "InitialAccess"
                  },
                  {
                    "name": "techniques",
                    "value": "T1078"
                  }
                ]
              }
            },
            {
              "type": "Microsoft.OperationalInsights/workspaces/providers/metadata",
              "apiVersion": "2022-01-01-preview",
              "name": "[concat(parameters('workspace'),'/Microsoft.SecurityInsights/',concat('HuntingQuery-', last(split(resourceId('Microsoft.OperationalInsights/savedSearches', '0cd51b2e-d3b2-4001-8e3f-5cbb604f69b2'),'/'))))]",
              "properties": {
                "description": "Cloud Identity Threat Protection Essentials Hunting Query 2",
                "parentId": "[resourceId('Microsoft.OperationalInsights/savedSearches', '0cd51b2e-d3b2-4001-8e3f-5cbb604f69b2')]",
                "contentId": "0cd51b2e-d3b2-4001-8e3f-5cbb604f69b2",
                "kind": "HuntingQuery",
                "version": "1.0.1",
                "source": {
                  "kind": "Solution",
                  "name": "Cloud Identity Threat Protection Essentials",
                  "sourceId": "azuresentinel.azure-sentinel-solution-cloudthreatdetection"
                },
                "author": {
                  "name": "Microsoft",
                  "email": "support@microsoft.com"
                },
                "support": {
                  "name": "Microsoft Corporation",
                  "email": "support@microsoft.com",
                  "tier": "Microsoft",
                  "link": "https://support.microsoft.com"
                }
              }
            }
          ]
        },
        "packageKind": "Solution",
        "packageVersion": "2.0.1",
        "packageName": "Cloud Identity Threat Protection Essentials",
        "packageId": "azuresentinel.azure-sentinel-solution-cloudthreatdetection",
        "contentProductId": "azuresentinel.azure-sentinel-solution-cloudthreatd-hq-xxtv6v4dh5j5a",
        "id": "azuresentinel.azure-sentinel-solution-cloudthreatd-hq-xxtv6v4dh5j5a",
        "contentSchemaVersion": "3.0.0",
        "version": "1.0.1"
      }
    }
  ]
}