{
  "$schema": "https://schema.management.azure.com/schemas/2019-04-01/deploymentTemplate.json#",
  "contentVersion": "1.0.1",
  "parameters": {
    "location": {
      "type": "string",
      "minLength": 1,
      "defaultValue": "[resourceGroup().location]",
      "metadata": {
        "description": "Not used, but needed to pass arm-ttk test `Location-Should-Not-Be-Hardcoded`.  We instead use the `workspace-location` which is derived from the LA workspace"
      }
    },
    "workspace": {
      "defaultValue": "",
      "type": "string",
      "metadata": {
        "description": "Workspace name for Log Analytics where Microsoft Sentinel is setup"
      }
    }
  },
  "resources": [
    {
      "type": "Microsoft.OperationalInsights/workspaces/providers/contentTemplates",
      "name": "[concat(parameters('workspace'),'/Microsoft.SecurityInsights/',concat(concat(parameters('workspace'),'-ar-',uniquestring('acfdee3f-b794-404a-aeba-ef6a1fa08ad1')),'1.0.1'))]",
      "location": "[parameters('workspace-location')]",
      "apiVersion": "2023-04-01-preview",
      "dependsOn": [
        "[extensionResourceId(resourceId('Microsoft.OperationalInsights/workspaces', parameters('workspace')), 'Microsoft.SecurityInsights/contentPackages', 'azuresentinel.azure-sentinel-solution-azuredevopsauditing')]"
      ],
      "properties": {
        "contentId": "acfdee3f-b794-404a-aeba-ef6a1fa08ad1",
        "displayName": "Azure DevOps Agent Pool Created Then Deleted",
        "contentKind": "AnalyticsRule",
        "mainTemplate": {
          "$schema": "https://schema.management.azure.com/schemas/2019-04-01/deploymentTemplate.json#",
          "contentVersion": "1.0.1",
          "parameters": {},
          "variables": {},
          "resources": [
            {
              "type": "Microsoft.SecurityInsights/AlertRuleTemplates",
              "name": "acfdee3f-b794-404a-aeba-ef6a1fa08ad1",
              "apiVersion": "2022-04-01-preview",
              "kind": "Scheduled",
              "location": "[parameters('workspace-location')]",
              "properties": {
                "description": "As well as adding build agents to an existing pool to execute malicious activity within a pipeline, an attacker could create a complete new agent pool and use this for execution.\nAzure DevOps allows for the creation of agent pools with Azure hosted infrastructure or self-hosted infrastructure. Given the additional customizability of self-hosted agents this \ndetection focuses on the creation of new self-hosted pools. To further reduce false positive rates the detection looks for pools created and deleted relatively quickly (within 7 days by default), \nas an attacker is likely to remove a malicious pool once used in order to reduce/remove evidence of their activity.",
                "displayName": "Azure DevOps Agent Pool Created Then Deleted",
                "enabled": false,
                "query": "let lookback = 14d;\nlet timewindow = 7d;\nAzureDevOpsAuditing\n| where TimeGenerated > ago(lookback)\n| where OperationName =~ \"Library.AgentPoolCreated\"\n| extend AgentCloudId = tostring(Data.AgentCloudId)\n| extend PoolType = iif(isnotempty(AgentCloudId), \"Azure VMs\", \"Self Hosted\")\n// Comment this line out to include cloud pools as well\n| where PoolType == \"Self Hosted\"\n| extend AgentPoolName = tostring(Data.AgentPoolName)\n| extend AgentPoolId = tostring(Data.AgentPoolId)\n| extend IsHosted = tostring(Data.IsHosted)\n| extend IsLegacy = tostring(Data.IsLegacy)\n| extend timekey = bin(TimeGenerated, timewindow)\n// Join only with pools deleted in the same window\n| join (AzureDevOpsAuditing\n| where TimeGenerated > ago(lookback)\n| where OperationName =~ \"Library.AgentPoolDeleted\"\n| extend AgentPoolName = tostring(Data.AgentPoolName)\n| extend AgentPoolId = tostring(Data.AgentPoolId)\n| extend timekey = bin(TimeGenerated, timewindow)) on AgentPoolId, timekey\n| project-reorder TimeGenerated, ActorUPN, UserAgent, IpAddress, AuthenticationMechanism, OperationName, AgentPoolName, IsHosted, IsLegacy, Data\n| extend timestamp = TimeGenerated, AccountCustomEntity = ActorUPN, IPCustomEntity = IpAddress\n",
                "queryFrequency": "P7D",
                "queryPeriod": "P14D",
                "severity": "High",
                "suppressionDuration": "PT1H",
                "suppressionEnabled": false,
                "triggerOperator": "GreaterThan",
                "triggerThreshold": 0,
                "status": "Available",
                "tactics": [
                  "DefenseEvasion"
                ],
                "techniques": [
                  "T1578"
                ],
                "entityMappings": [
                  {
                    "entityType": "Account",
                    "fieldMappings": [
                      {
                        "columnName": "AccountCustomEntity",
                        "identifier": "FullName"
                      }
                    ]
                  },
                  {
                    "entityType": "IP",
                    "fieldMappings": [
                      {
                        "columnName": "IPCustomEntity",
                        "identifier": "Address"
                      }
                    ]
                  }
                ]
              }
            },
            {
              "type": "Microsoft.OperationalInsights/workspaces/providers/metadata",
              "apiVersion": "2022-01-01-preview",
              "name": "[concat(parameters('workspace'),'/Microsoft.SecurityInsights/',concat('AnalyticsRule-', last(split(resourceId('Microsoft.SecurityInsights/AlertRuleTemplates', 'acfdee3f-b794-404a-aeba-ef6a1fa08ad1'),'/'))))]",
              "properties": {
                "description": "AzureDevOpsAuditing Analytics Rule 1",
                "parentId": "[resourceId('Microsoft.SecurityInsights/AlertRuleTemplates', 'acfdee3f-b794-404a-aeba-ef6a1fa08ad1')]",
                "contentId": "acfdee3f-b794-404a-aeba-ef6a1fa08ad1",
                "kind": "AnalyticsRule",
                "version": "1.0.1",
                "source": {
                  "kind": "Solution",
                  "name": "AzureDevOpsAuditing",
                  "sourceId": "azuresentinel.azure-sentinel-solution-azuredevopsauditing"
                },
                "author": {
                  "name": "Microsoft",
                  "email": "support@microsoft.com"
                },
                "support": {
                  "tier": "Microsoft",
                  "email": "support@microsoft.com",
                  "name": "Microsoft Corporation",
                  "link": "https://support.microsoft.com/"
                }
              }
            }
          ]
        },
        "packageKind": "Solution",
        "packageVersion": "2.0.2",
        "packageName": "Azure DevOps Auditing",
        "packageId": "azuresentinel.azure-sentinel-solution-azuredevopsauditing",
        "contentProductId": "azuresentinel.azure-sentinel-solution-azuredevopsa-ar-ozcm43rrxxgte",
        "id": "azuresentinel.azure-sentinel-solution-azuredevopsa-ar-ozcm43rrxxgte",
        "contentSchemaVersion": "3.0.0",
        "version": "1.0.1"
      }
    }
  ]
}