{
  "$schema": "https://schema.management.azure.com/schemas/2019-04-01/deploymentTemplate.json#",
  "contentVersion": "1.0.3",
  "parameters": {
    "location": {
      "type": "string",
      "minLength": 1,
      "defaultValue": "[resourceGroup().location]",
      "metadata": {
        "description": "Not used, but needed to pass arm-ttk test `Location-Should-Not-Be-Hardcoded`.  We instead use the `workspace-location` which is derived from the LA workspace"
      }
    },
    "workspace": {
      "defaultValue": "",
      "type": "string",
      "metadata": {
        "description": "Workspace name for Log Analytics where Microsoft Sentinel is setup"
      }
    },
    "workspace-location": {
      "type": "string",
      "defaultValue": "",
      "metadata": {
        "description": "[concat('Region to deploy solution resources -- separate from location selection',parameters('location'))]"
      }
    }
  },
  "resources": [
    {
      "type": "Microsoft.OperationalInsights/workspaces/providers/contentTemplates",
      "name": "[concat(parameters('workspace'),'/Microsoft.SecurityInsights/',concat(concat(parameters('workspace'),'-ar-',uniquestring('4d8de9e6-263e-4845-8618-cd23a4f58b70')),'1.0.3'))]",
      "location": "[parameters('workspace-location')]",
      "apiVersion": "2023-04-01-preview",
      "dependsOn": [
        "[extensionResourceId(resourceId('Microsoft.OperationalInsights/workspaces', parameters('workspace')), 'Microsoft.SecurityInsights/contentPackages', 'azuresentinel.azure-sentinel-solution-azuredevopsauditing')]"
      ],
      "properties": {
        "contentId": "4d8de9e6-263e-4845-8618-cd23a4f58b70",
        "displayName": "Azure DevOps Pull Request Policy Bypassing - Historic allow list",
        "contentKind": "AnalyticsRule",
        "mainTemplate": {
          "$schema": "https://schema.management.azure.com/schemas/2019-04-01/deploymentTemplate.json#",
          "contentVersion": "1.0.3",
          "parameters": {},
          "variables": {},
          "resources": [
            {
              "type": "Microsoft.SecurityInsights/AlertRuleTemplates",
              "name": "4d8de9e6-263e-4845-8618-cd23a4f58b70",
              "apiVersion": "2022-04-01-preview",
              "kind": "Scheduled",
              "location": "[parameters('workspace-location')]",
              "properties": {
                "description": "This detection builds an allow list of historic PR policy bypasses and compares to recent history, flagging pull request bypasses that are not manually in the allow list and not historically included in the allow list.",
                "displayName": "Azure DevOps Pull Request Policy Bypassing - Historic allow list",
                "enabled": false,
                "query": "let starttime = 14d;\nlet endtime = 3h;\n// Add full UPN (user@domain.com) to Authorized Bypassers to ignore policy bypasses by certain authorized users\nlet AuthorizedBypassers = dynamic(['foo@baz.com', 'test@foo.com']);\nlet historicBypassers = AzureDevOpsAuditing\n| where TimeGenerated between (ago(starttime) .. ago(endtime))\n| where OperationName == 'Git.RefUpdatePoliciesBypassed'\n| distinct ActorUPN;\nAzureDevOpsAuditing\n| where TimeGenerated >= ago(endtime)\n| where OperationName == 'Git.RefUpdatePoliciesBypassed'\n| where ActorUPN !in (historicBypassers) and ActorUPN !in (AuthorizedBypassers)\n| parse ScopeDisplayName with OrganizationName '(Organization)'\n| project TimeGenerated, ActorUPN, IpAddress, UserAgent, OrganizationName, ProjectName, RepoName = Data.RepoName, AlertDetails = Details, Branch = Data.Name,\n  BypassReason = Data.BypassReason, PRLink = strcat('https://dev.azure.com/', OrganizationName, '/', ProjectName, '/_git/', Data.RepoName, '/pullrequest/', Data.PullRequestId)\n| extend timestamp = TimeGenerated, AccountCustomEntity = ActorUPN, IPCustomEntity = IpAddress, PullRequestLink = PRLink\n",
                "queryFrequency": "PT3H",
                "queryPeriod": "P14D",
                "severity": "Medium",
                "suppressionDuration": "PT1H",
                "suppressionEnabled": false,
                "triggerOperator": "GreaterThan",
                "triggerThreshold": 0,
                "status": "Available",
                "tactics": [
                  "Persistence"
                ],
                "techniques": [
                  "T1098"
                ],
                "entityMappings": [
                  {
                    "entityType": "Account",
                    "fieldMappings": [
                      {
                        "columnName": "AccountCustomEntity",
                        "identifier": "FullName"
                      }
                    ]
                  },
                  {
                    "entityType": "IP",
                    "fieldMappings": [
                      {
                        "columnName": "IPCustomEntity",
                        "identifier": "Address"
                      }
                    ]
                  },
                  {
                    "entityType": "URL",
                    "fieldMappings": [
                      {
                        "columnName": "PullRequestLink",
                        "identifier": "Url"
                      }
                    ]
                  }
                ]
              }
            },
            {
              "type": "Microsoft.OperationalInsights/workspaces/providers/metadata",
              "apiVersion": "2022-01-01-preview",
              "name": "[concat(parameters('workspace'),'/Microsoft.SecurityInsights/',concat('AnalyticsRule-', last(split(resourceId('Microsoft.SecurityInsights/AlertRuleTemplates', '4d8de9e6-263e-4845-8618-cd23a4f58b70'),'/'))))]",
              "properties": {
                "description": "AzureDevOpsAuditing Analytics Rule 10",
                "parentId": "[resourceId('Microsoft.SecurityInsights/AlertRuleTemplates', '4d8de9e6-263e-4845-8618-cd23a4f58b70')]",
                "contentId": "4d8de9e6-263e-4845-8618-cd23a4f58b70",
                "kind": "AnalyticsRule",
                "version": "1.0.3",
                "source": {
                  "kind": "Solution",
                  "name": "AzureDevOpsAuditing",
                  "sourceId": "azuresentinel.azure-sentinel-solution-azuredevopsauditing"
                },
                "author": {
                  "name": "Microsoft",
                  "email": "support@microsoft.com"
                },
                "support": {
                  "tier": "Microsoft",
                  "email": "support@microsoft.com",
                  "name": "Microsoft Corporation",
                  "link": "https://support.microsoft.com/"
                }
              }
            }
          ]
        },
        "packageKind": "Solution",
        "packageVersion": "2.0.2",
        "packageName": "Azure DevOps Auditing",
        "packageId": "azuresentinel.azure-sentinel-solution-azuredevopsauditing",
        "contentProductId": "azuresentinel.azure-sentinel-solution-azuredevopsa-ar-gzrqkdlkl2vv6",
        "id": "azuresentinel.azure-sentinel-solution-azuredevopsa-ar-gzrqkdlkl2vv6",
        "contentSchemaVersion": "3.0.0",
        "version": "1.0.3"
      }
    }
  ]
}