{
  "$schema": "https://schema.management.azure.com/schemas/2019-04-01/deploymentTemplate.json#",
  "contentVersion": "1.1.0",
  "parameters": {
    "location": {
      "type": "string",
      "minLength": 1,
      "defaultValue": "[resourceGroup().location]",
      "metadata": {
        "description": "Not used, but needed to pass arm-ttk test `Location-Should-Not-Be-Hardcoded`.  We instead use the `workspace-location` which is derived from the LA workspace"
      }
    },
    "workspace": {
      "defaultValue": "",
      "type": "string",
      "metadata": {
        "description": "Workspace name for Log Analytics where Microsoft Sentinel is setup"
      }
    },
    "workspace-location": {
      "type": "string",
      "defaultValue": "",
      "metadata": {
        "description": "[concat('Region to deploy solution resources -- separate from location selection',parameters('location'))]"
      }
    }
  },
  "resources": [
    {
      "type": "Microsoft.OperationalInsights/workspaces/providers/contentTemplates",
      "name": "[concat(parameters('workspace'),'/Microsoft.SecurityInsights/',concat(concat(parameters('workspace'),'-ar-',uniquestring('b81ed294-28cf-48c3-bac8-ac60dcef293b')),'1.1.0'))]",
      "location": "[parameters('workspace-location')]",
      "apiVersion": "2023-04-01-preview",
      "dependsOn": [
        "[extensionResourceId(resourceId('Microsoft.OperationalInsights/workspaces', parameters('workspace')), 'Microsoft.SecurityInsights/contentPackages', 'azuresentinel.azure-sentinel-solution-insiderriskmanagement')]"
      ],
      "properties": {
        "contentId": "b81ed294-28cf-48c3-bac8-ac60dcef293b",
        "displayName": "Insider Risk_Sensitive Data Access Outside Organizational Geo-location",
        "contentKind": "AnalyticsRule",
        "mainTemplate": {
          "$schema": "https://schema.management.azure.com/schemas/2019-04-01/deploymentTemplate.json#",
          "contentVersion": "1.1.0",
          "parameters": {},
          "variables": {},
          "resources": [
            {
              "type": "Microsoft.SecurityInsights/AlertRuleTemplates",
              "name": "b81ed294-28cf-48c3-bac8-ac60dcef293b",
              "apiVersion": "2022-04-01-preview",
              "kind": "Scheduled",
              "location": "[parameters('workspace-location')]",
              "properties": {
                "description": "This alert joins Azure Information Protection Logs (InformationProtectionLogs_CL) with Azure Active Directory Sign in Logs (SigninLogs) to provide a correlation of sensitive data access by geo-location. Results include User Principal Name, Label Name, Activity, City, State, Country/Region, and Time Generated. Recommended configuration is to include (or exclude) Sign in geo-locations (City, State, Country and/or Region) for trusted organizational locations. There is an option for configuration of correlations against Microsoft Sentinel watchlists. Accessing sensitive data from a new or unauthorized geo-location warrants further review. For more information see [Sign-in logs in Azure Active Directory: Location Filtering](https://docs.microsoft.com/azure/active-directory/reports-monitoring/concept-sign-ins)",
                "displayName": "Insider Risk_Sensitive Data Access Outside Organizational Geo-location",
                "enabled": false,
                "query": "InformationProtectionLogs_CL\n| extend UserPrincipalName = UserId_s\n| where LabelName_s <> \"\"\n| join kind=inner (SigninLogs) on UserPrincipalName\n| extend City = tostring(LocationDetails.city)\n// | where City <> \"New York\" // Configure Location Details within Organizational Requirements\n| extend State = tostring(LocationDetails.state)\n// | where State <> \"Texas\" // Configure Location Details within Organizational Requirements\n| extend Country_Region = tostring(LocationDetails.countryOrRegion)\n// | where Country_Region <> \"US\" // Configure Location Details within Organizational Requirements\n// | lookup kind=inner _GetWatchlist('<Your Watchlist Name>') on $left.UserPrincipalName == $right.SearchKey\n| summarize count() by UserPrincipalName, LabelName_s, Activity_s, City, State, Country_Region, TimeGenerated\n| sort by count_ desc\n| limit 25\n| extend AccountCustomEntity = UserPrincipalName\n",
                "queryFrequency": "PT6H",
                "queryPeriod": "PT6H",
                "severity": "High",
                "suppressionDuration": "PT1H",
                "suppressionEnabled": false,
                "triggerOperator": "GreaterThan",
                "triggerThreshold": 0,
                "status": "Available",
                "requiredDataConnectors": [
                  {
                    "dataTypes": [
                      "InformationProtectionLogs_CL"
                    ],
                    "connectorId": "AzureInformationProtection"
                  },
                  {
                    "dataTypes": [
                      "SigninLogs"
                    ],
                    "connectorId": "AzureActiveDirectory"
                  }
                ],
                "tactics": [
                  "Exfiltration"
                ],
                "techniques": [
                  "T1567"
                ],
                "entityMappings": [
                  {
                    "entityType": "Account",
                    "fieldMappings": [
                      {
                        "columnName": "AccountCustomEntity",
                        "identifier": "AadUserId"
                      }
                    ]
                  }
                ]
              }
            },
            {
              "type": "Microsoft.OperationalInsights/workspaces/providers/metadata",
              "apiVersion": "2022-01-01-preview",
              "name": "[concat(parameters('workspace'),'/Microsoft.SecurityInsights/',concat('AnalyticsRule-', last(split(resourceId('Microsoft.SecurityInsights/AlertRuleTemplates', 'b81ed294-28cf-48c3-bac8-ac60dcef293b'),'/'))))]",
              "properties": {
                "description": "MicrosoftPurviewInsiderRiskManagement Analytics Rule 4",
                "parentId": "[resourceId('Microsoft.SecurityInsights/AlertRuleTemplates', 'b81ed294-28cf-48c3-bac8-ac60dcef293b')]",
                "contentId": "b81ed294-28cf-48c3-bac8-ac60dcef293b",
                "kind": "AnalyticsRule",
                "version": "1.1.0",
                "source": {
                  "kind": "Solution",
                  "name": "MicrosoftPurviewInsiderRiskManagement",
                  "sourceId": "azuresentinel.azure-sentinel-solution-insiderriskmanagement"
                },
                "author": {
                  "name": "Microsoft",
                  "email": "support@microsoft.com"
                },
                "support": {
                  "name": "Microsoft Corporation",
                  "email": "support@microsoft.com",
                  "tier": "Microsoft",
                  "link": "https://support.microsoft.com"
                }
              }
            }
          ]
        },
        "packageKind": "Solution",
        "packageVersion": "2.0.6",
        "packageName": "Microsoft Purview Insider Risk Management",
        "packageId": "azuresentinel.azure-sentinel-solution-insiderriskmanagement",
        "contentProductId": "azuresentinel.azure-sentinel-solution-insiderriskm-ar-3pjd3mrfb55vs",
        "id": "azuresentinel.azure-sentinel-solution-insiderriskm-ar-3pjd3mrfb55vs",
        "contentSchemaVersion": "3.0.0",
        "version": "1.1.0"
      }
    }
  ]
}