{
  "$schema": "https://schema.management.azure.com/schemas/2019-04-01/deploymentTemplate.json#",
  "contentVersion": "1.0",
  "parameters": {
    "location": {
      "type": "string",
      "minLength": 1,
      "defaultValue": "[resourceGroup().location]",
      "metadata": {
        "description": "Not used, but needed to pass arm-ttk test `Location-Should-Not-Be-Hardcoded`.  We instead use the `workspace-location` which is derived from the LA workspace"
      }
    },
    "workspace": {
      "defaultValue": "",
      "type": "string",
      "metadata": {
        "description": "Workspace name for Log Analytics where Microsoft Sentinel is setup"
      }
    },
    "workspace-location": {
      "type": "string",
      "defaultValue": "",
      "metadata": {
        "description": "[concat('Region to deploy solution resources -- separate from location selection',parameters('location'))]"
      }
    }
  },
  "resources": [
    {
      "type": "Microsoft.OperationalInsights/workspaces/providers/contentTemplates",
      "name": "[concat(parameters('workspace'),'/Microsoft.SecurityInsights/',concat(concat(parameters('workspace'),'-pl-',uniquestring('Confirm-AADRiskyUser-alert-trigger')),'1.0'))]",
      "location": "[parameters('workspace-location')]",
      "apiVersion": "2023-04-01-preview",
      "dependsOn": [
        "[extensionResourceId(resourceId('Microsoft.OperationalInsights/workspaces', parameters('workspace')), 'Microsoft.SecurityInsights/contentPackages', 'azuresentinel.azure-sentinel-solution-azureactivedirectoryip')]"
      ],
      "properties": {
        "contentId": "Confirm-AADRiskyUser-alert-trigger",
        "displayName": "Confirm AAD Risky User - Alert Triggered",
        "contentKind": "Playbook",
        "mainTemplate": {
          "$schema": "https://schema.management.azure.com/schemas/2019-04-01/deploymentTemplate.json#",
          "contentVersion": "1.0",
          "parameters": {
            "PlaybookName": {
              "defaultValue": "Confirm-AADRiskyUser",
              "type": "string"
            },
            "UserName": {
              "defaultValue": "user@domain.com",
              "type": "string"
            }
          },
          "variables": {
            "AzureADConnectionName": "[[concat('azuread-', parameters('PlaybookName'))]",
            "AzureADIPConnectionName": "[[concat('azureadip-', parameters('PlaybookName'))]",
            "AzureSentinelConnectionName": "[[concat('azuresentinel-', parameters('PlaybookName'))]",
            "connection-1": "[[concat('/subscriptions/', subscription().subscriptionId, '/providers/Microsoft.Web/locations/', variables('workspace-location-inline'), '/managedApis/azuread')]",
            "_connection-1": "[[variables('connection-1')]",
            "connection-2": "[[concat('/subscriptions/', subscription().subscriptionId, '/providers/Microsoft.Web/locations/', variables('workspace-location-inline'), '/managedApis/azureadip')]",
            "_connection-2": "[[variables('connection-2')]",
            "connection-3": "[[concat('/subscriptions/', subscription().subscriptionId, '/providers/Microsoft.Web/locations/', variables('workspace-location-inline'), '/managedApis/azuresentinel')]",
            "_connection-3": "[[variables('connection-3')]",
            "workspace-location-inline": "[concat('[resourceGroup().locatio', 'n]')]",
            "workspace-name": "[parameters('workspace')]",
            "workspaceResourceId": "[[resourceId('microsoft.OperationalInsights/Workspaces', variables('workspace-name'))]"
          },
          "resources": [
            {
              "type": "Microsoft.Web/connections",
              "apiVersion": "2016-06-01",
              "name": "[[variables('AzureADConnectionName')]",
              "location": "[[variables('workspace-location-inline')]",
              "properties": {
                "displayName": "[[parameters('UserName')]",
                "api": {
                  "id": "[[variables('_connection-1')]"
                }
              }
            },
            {
              "type": "Microsoft.Web/connections",
              "apiVersion": "2016-06-01",
              "name": "[[variables('AzureADIPConnectionName')]",
              "location": "[[variables('workspace-location-inline')]",
              "properties": {
                "displayName": "[[parameters('UserName')]",
                "api": {
                  "id": "[[variables('_connection-2')]"
                }
              }
            },
            {
              "type": "Microsoft.Web/connections",
              "apiVersion": "2016-06-01",
              "name": "[[variables('AzureSentinelConnectionName')]",
              "location": "[[variables('workspace-location-inline')]",
              "kind": "V1",
              "properties": {
                "displayName": "[[parameters('PlaybookName')]",
                "parameterValueType": "Alternative",
                "api": {
                  "id": "[[variables('_connection-3')]"
                }
              }
            },
            {
              "type": "Microsoft.Logic/workflows",
              "apiVersion": "2017-07-01",
              "name": "[[parameters('PlaybookName')]",
              "location": "[[variables('workspace-location-inline')]",
              "tags": {
                "LogicAppsCategory": "security",
                "hidden-SentinelTemplateName": "Confirm-AADRiskyUser_alert",
                "hidden-SentinelTemplateVersion": "1.0",
                "hidden-SentinelWorkspaceId": "[[resourceId('microsoft.OperationalInsights/Workspaces', parameters('workspace'))]"
              },
              "identity": {
                "type": "SystemAssigned"
              },
              "dependsOn": [
                "[[resourceId('Microsoft.Web/connections', variables('AzureADConnectionName'))]",
                "[[resourceId('Microsoft.Web/connections', variables('AzureADIPConnectionName'))]",
                "[[resourceId('Microsoft.Web/connections', variables('AzureSentinelConnectionName'))]"
              ],
              "properties": {
                "state": "Enabled",
                "definition": {
                  "$schema": "https://schema.management.azure.com/providers/Microsoft.Logic/schemas/2016-06-01/workflowdefinition.json#",
                  "actions": {
                    "Alert_-_Get_incident": {
                      "inputs": {
                        "host": {
                          "connection": {
                            "name": "@parameters('$connections')['azuresentinel']['connectionId']"
                          }
                        },
                        "method": "get",
                        "path": "/Incidents/subscriptions/@{encodeURIComponent(triggerBody()?['WorkspaceSubscriptionId'])}/resourceGroups/@{encodeURIComponent(triggerBody()?['WorkspaceResourceGroup'])}/workspaces/@{encodeURIComponent(triggerBody()?['WorkspaceId'])}/alerts/@{encodeURIComponent(triggerBody()?['SystemAlertId'])}"
                      },
                      "type": "ApiConnection"
                    },
                    "Entities_-_Get_Accounts": {
                      "inputs": {
                        "body": "@triggerBody()?['Entities']",
                        "host": {
                          "connection": {
                            "name": "@parameters('$connections')['azuresentinel']['connectionId']"
                          }
                        },
                        "method": "post",
                        "path": "/entities/account"
                      },
                      "runAfter": {
                        "Alert_-_Get_incident": [
                          "Succeeded"
                        ]
                      },
                      "type": "ApiConnection"
                    },
                    "For_each": {
                      "actions": {
                        "Add_comment_to_incident_(V3)": {
                          "inputs": {
                            "body": {
                              "incidentArmId": "@body('Alert_-_Get_incident')?['id']",
                              "message": "<p>User [@{concat(items('For_each')?['Name'], '@', items('For_each')?['UPNSuffix'])}] was confirmed compromised via playbook.</p>"
                            },
                            "host": {
                              "connection": {
                                "name": "@parameters('$connections')['azuresentinel']['connectionId']"
                              }
                            },
                            "method": "post",
                            "path": "/Incidents/Comment"
                          },
                          "runAfter": {
                            "Confirm_a_risky_user_as_compromised": [
                              "Succeeded"
                            ]
                          },
                          "type": "ApiConnection"
                        },
                        "Confirm_a_risky_user_as_compromised": {
                          "inputs": {
                            "body": {
                              "userIds": [
                                "@items('For_each')?['AadUserId']"
                              ]
                            },
                            "host": {
                              "connection": {
                                "name": "@parameters('$connections')['azureadip']['connectionId']"
                              }
                            },
                            "method": "post",
                            "path": "/beta/riskyUsers/confirmCompromised"
                          },
                          "runAfter": {
                            "Get_user": [
                              "Succeeded"
                            ]
                          },
                          "type": "ApiConnection"
                        },
                        "Get_user": {
                          "inputs": {
                            "host": {
                              "connection": {
                                "name": "@parameters('$connections')['azuread']['connectionId']"
                              }
                            },
                            "method": "get",
                            "path": "/v1.0/users/@{encodeURIComponent(concat(items('For_each')?['Name'], '@', items('For_each')?['UPNSuffix']))}"
                          },
                          "type": "ApiConnection"
                        }
                      },
                      "foreach": "@body('Entities_-_Get_Accounts')?['Accounts']",
                      "runAfter": {
                        "Entities_-_Get_Accounts": [
                          "Succeeded"
                        ]
                      },
                      "type": "Foreach"
                    }
                  },
                  "contentVersion": "1.0.0.0",
                  "parameters": {
                    "$connections": {
                      "type": "Object"
                    }
                  },
                  "triggers": {
                    "Microsoft_Sentinel_alert": {
                      "inputs": {
                        "body": {
                          "callback_url": "@{listCallbackUrl()}"
                        },
                        "host": {
                          "connection": {
                            "name": "@parameters('$connections')['azuresentinel']['connectionId']"
                          }
                        },
                        "path": "/subscribe"
                      },
                      "type": "ApiConnectionWebhook"
                    }
                  }
                },
                "parameters": {
                  "$connections": {
                    "value": {
                      "azuread": {
                        "connectionId": "[[resourceId('Microsoft.Web/connections', variables('AzureADConnectionName'))]",
                        "connectionName": "[[variables('AzureADConnectionName')]",
                        "id": "[[concat('/subscriptions/', subscription().subscriptionId, '/providers/Microsoft.Web/locations/', variables('workspace-location-inline'), '/managedApis/azuread')]"
                      },
                      "azureadip": {
                        "connectionId": "[[resourceId('Microsoft.Web/connections', variables('AzureADIPConnectionName'))]",
                        "connectionName": "[[variables('AzureADIPConnectionName')]",
                        "id": "[[concat('/subscriptions/', subscription().subscriptionId, '/providers/Microsoft.Web/locations/', variables('workspace-location-inline'), '/managedApis/azureadip')]"
                      },
                      "azuresentinel": {
                        "connectionId": "[[resourceId('Microsoft.Web/connections', variables('AzureSentinelConnectionName'))]",
                        "connectionName": "[[variables('AzureSentinelConnectionName')]",
                        "id": "[[concat('/subscriptions/', subscription().subscriptionId, '/providers/Microsoft.Web/locations/', variables('workspace-location-inline'), '/managedApis/azuresentinel')]",
                        "connectionProperties": {
                          "authentication": {
                            "type": "ManagedServiceIdentity"
                          }
                        }
                      }
                    }
                  }
                }
              }
            },
            {
              "type": "Microsoft.OperationalInsights/workspaces/providers/metadata",
              "apiVersion": "2022-01-01-preview",
              "name": "[concat(parameters('workspace'),'/Microsoft.SecurityInsights/',concat('Playbook-', last(split(resourceId('Microsoft.Logic/workflows', 'Confirm-AADRiskyUser-alert-trigger'),'/'))))]",
              "properties": {
                "parentId": "[resourceId('Microsoft.Logic/workflows', 'Confirm-AADRiskyUser-alert-trigger')]",
                "contentId": "Confirm-AADRiskyUser-alert-trigger",
                "kind": "Playbook",
                "version": "1.0",
                "source": {
                  "kind": "Solution",
                  "name": "Azure Active Directory Identity Protection",
                  "sourceId": "azuresentinel.azure-sentinel-solution-azureactivedirectoryip"
                },
                "author": {
                  "name": "Microsoft",
                  "email": "support@microsoft.com"
                },
                "support": {
                  "tier": "Microsoft",
                  "name": "Microsoft Corporation",
                  "email": "support@microsoft.com",
                  "link": "https://support.microsoft.com/"
                }
              }
            }
          ],
          "metadata": {
            "title": "Confirm AAD Risky User - Alert Triggered",
            "description": "This playbook will set the Risky User property in AAD using Graph API.",
            "prerequisites": [
              "You will need to add the managed identity that is created by the Logic App to the Security Administrator role in Azure AD."
            ],
            "lastUpdateTime": "2022-07-25T00:00:00Z",
            "releaseNotes": {
              "version": "1.0",
              "title": "[replace('b', 'b', '')]",
              "notes": [
                "Initial version"
              ]
            }
          }
        },
        "packageKind": "Solution",
        "packageVersion": "2.0.6",
        "packageName": "Azure Active Directory Identity Protection",
        "packageId": "azuresentinel.azure-sentinel-solution-azureactivedirectoryip",
        "contentProductId": "azuresentinel.azure-sentinel-solution-azureactived-pl-ojc32hp44rhgo",
        "id": "azuresentinel.azure-sentinel-solution-azureactived-pl-ojc32hp44rhgo",
        "contentSchemaVersion": "3.0.0"
      }
    }
  ]
}