{
  "$schema": "https://schema.management.azure.com/schemas/2019-04-01/deploymentTemplate.json#",
  "contentVersion": "1.0.0",
  "parameters": {
    "location": {
      "type": "string",
      "minLength": 1,
      "defaultValue": "[resourceGroup().location]",
      "metadata": {
        "description": "Not used, but needed to pass arm-ttk test `Location-Should-Not-Be-Hardcoded`.  We instead use the `workspace-location` which is derived from the LA workspace"
      }
    },
    "workspace": {
      "defaultValue": "",
      "type": "string",
      "metadata": {
        "description": "Workspace name for Log Analytics where Microsoft Sentinel is setup"
      }
    },
    "workspace-location": {
      "type": "string",
      "defaultValue": "",
      "metadata": {
        "description": "[concat('Region to deploy solution resources -- separate from location selection',parameters('location'))]"
      }
    }
  },
  "resources": [
    {
      "type": "Microsoft.OperationalInsights/workspaces/providers/contentTemplates",
      "name": "[concat(parameters('workspace'),'/Microsoft.SecurityInsights/',concat(concat(parameters('workspace'),'-hq-',uniquestring('e10e1d2f-265d-4d90-9037-7f3a6ed8a91e')),'1.0.0'))]",
      "location": "[parameters('workspace-location')]",
      "apiVersion": "2023-04-01-preview",
      "dependsOn": [
        "[extensionResourceId(resourceId('Microsoft.OperationalInsights/workspaces', parameters('workspace')), 'Microsoft.SecurityInsights/contentPackages', 'azuresentinel.azure-sentinel-solution-endpointthreat')]"
      ],
      "properties": {
        "contentId": "e10e1d2f-265d-4d90-9037-7f3a6ed8a91e",
        "displayName": "Potential Microsoft security services tampering",
        "contentKind": "HuntingQuery",
        "mainTemplate": {
          "$schema": "https://schema.management.azure.com/schemas/2019-04-01/deploymentTemplate.json#",
          "contentVersion": "1.0.0",
          "parameters": {},
          "variables": {},
          "resources": [
            {
              "type": "Microsoft.OperationalInsights/savedSearches",
              "apiVersion": "2020-08-01",
              "name": "Endpoint_Threat_Protection_Essentials_Hunting_Query_5",
              "location": "[parameters('workspace-location')]",
              "properties": {
                "eTag": "*",
                "displayName": "Potential Microsoft security services tampering",
                "category": "Hunting Queries",
                "query": "\nlet includeProc = dynamic([\"sc.exe\",\"net1.exe\",\"net.exe\", \"taskkill.exe\", \"cmd.exe\", \"powershell.exe\"]);\nlet action = dynamic([\"stop\",\"disable\", \"delete\"]);\nlet service1 = dynamic(['sense', 'windefend', 'mssecflt']);\nlet service2 = dynamic(['sense', 'windefend', 'mssecflt', 'healthservice']);\nlet params1 = dynamic([\"-DisableRealtimeMonitoring\", \"-DisableBehaviorMonitoring\" ,\"-DisableIOAVProtection\"]);\nlet params2 = dynamic([\"sgrmbroker.exe\", \"mssense.exe\"]);\nlet regparams1 = dynamic(['reg add \"HKLM\\\\SOFTWARE\\\\Policies\\\\Microsoft\\\\Windows Defender\"', 'reg add \"HKLM\\\\SOFTWARE\\\\Policies\\\\Microsoft\\\\Windows Advanced Threat Protection\"']);\nlet regparams2 = dynamic(['ForceDefenderPassiveMode', 'DisableAntiSpyware']);\nlet regparams3 = dynamic(['sense', 'windefend']);\nlet regparams4 = dynamic(['demand', 'disabled']);\nlet regparams5 = dynamic(['reg add \"HKLM\\\\SYSTEM\\\\CurrentControlSet\\\\services\\\\HealthService\"', 'reg add \"HKLM\\\\SYSTEM\\\\CurrentControlSet\\\\Services\\\\Sense\"', 'reg add \"HKLM\\\\SYSTEM\\\\CurrentControlSet\\\\Services\\\\WinDefend\"', 'reg add \"HKLM\\\\SYSTEM\\\\CurrentControlSet\\\\Services\\\\MsSecFlt\"', 'reg add \"HKLM\\\\SYSTEM\\\\CurrentControlSet\\\\Services\\\\DiagTrack\"', 'reg add \"HKLM\\\\SYSTEM\\\\CurrentControlSet\\\\Services\\\\SgrmBroker\"', 'reg add \"HKLMSYSTEM\\\\CurrentControlSet\\\\Services\\\\SgrmAgent\"', 'reg add \"HKLM\\\\SYSTEM\\\\CurrentControlSet\\\\Services\\\\AATPSensorUpdater\"' , 'reg add \"HKLM\\\\SYSTEM\\\\CurrentControlSet\\\\Services\\\\AATPSensor\"', 'reg add \"HKLM\\\\SYSTEM\\\\CurrentControlSet\\\\Services\\\\mpssvc\"']);\nlet regparams6 = dynamic(['/d 4','/d \"4\"','/d 0x00000004']);\nlet regparams7 = dynamic(['/d 1','/d \"1\"','/d 0x00000001']);\n(union isfuzzy=true\n(\nSecurityEvent\n| where EventID == 4688\n| extend ProcessName = tostring(split(NewProcessName, '\\\\')[-1])\n| where ProcessName in~ (includeProc)\n| where (CommandLine has_any (action) and CommandLine has_any (service1)) \nor (CommandLine has_any (params1) and CommandLine has 'Set-MpPreference' and CommandLine has '$true')\nor (CommandLine has_any (params2) and CommandLine has \"/IM\") \nor (CommandLine has_any (regparams5) and CommandLine has 'Start' and CommandLine has_any (regparams6))\nor (CommandLine has_any (regparams1) and CommandLine has_any (regparams2) and CommandLine has_any (regparams7)) \nor (CommandLine has \"start\" and CommandLine has \"config\" and CommandLine has_any (regparams3) and CommandLine has_any (regparams4))\n| project TimeGenerated, Computer, Account, AccountDomain, ProcessName, ProcessNameFullPath = NewProcessName, EventID, Activity, CommandLine, EventSourceName, Type\n),\n(\nWindowsEvent\n| where EventID == 4688 and EventData has_any(includeProc)\n| where (EventData  has_any (action) and EventData has_any (service1)) \nor (EventData has_any (params1) and EventData has 'Set-MpPreference' and EventData has '$true')\nor (EventData has_any (params2) and EventData has \"/IM\") \nor (EventData has_any (regparams5) and EventData has 'Start' and EventData has_any (regparams6))\nor (EventData has_any (regparams1) and EventData has_any (regparams2) and EventData has_any (regparams7)) \nor (EventData has \"start\" and EventData has \"config\" and EventData has_any (regparams3) and EventData has_any (regparams4))\n| extend NewProcessName = tostring(EventData.NewProcessName)\n| extend ProcessName = tostring(split(NewProcessName, '\\\\')[-1])\n| where ProcessName in~ (includeProc)\n| extend CommandLine = tostring(EventData.CommandLine) \n| where (CommandLine has_any (action) and CommandLine has_any (service1)) \nor (CommandLine has_any (params1) and CommandLine has 'Set-MpPreference' and CommandLine has '$true')\nor (CommandLine has_any (params2) and CommandLine has \"/IM\") \nor (CommandLine has_any (regparams5) and CommandLine has 'Start' and CommandLine has_any (regparams6))\nor (CommandLine has_any (regparams1) and CommandLine has_any (regparams2) and CommandLine has_any (regparams7)) \nor (CommandLine has \"start\" and CommandLine has \"config\" and CommandLine has_any (regparams3) and CommandLine has_any (regparams4))\n| extend Account =  strcat(tostring(EventData.SubjectDomainName),\"\\\\\", tostring(EventData.SubjectUserName))\n| extend AccountDomain = tostring(EventData.AccountDomain)\n| extend Activity=\"4688 - A new process has been created.\"\n| extend EventSourceName=Provider\n| project TimeGenerated, Computer, Account, AccountDomain, ProcessName, ProcessNameFullPath = NewProcessName, EventID, Activity, CommandLine, EventSourceName, Type\n),\n(\nEvent\n| where Source =~ \"Microsoft-Windows-SENSE\"\n| where EventID == 87 and ParameterXml in (\"<Param>sgrmbroker</Param>\", \"<Param>WinDefend</Param>\")\n| project TimeGenerated, Computer, Account = UserName, EventID, Activity = RenderedDescription, EventSourceName = Source, Type\n),\n(\nDeviceProcessEvents\n| where InitiatingProcessFileName in~ (includeProc)\n| where (InitiatingProcessCommandLine has_any(action) and InitiatingProcessCommandLine has_any (service2) and InitiatingProcessParentFileName != 'cscript.exe')\nor (InitiatingProcessCommandLine has_any (params1) and InitiatingProcessCommandLine has 'Set-MpPreference' and InitiatingProcessCommandLine has '$true') \nor (InitiatingProcessCommandLine has_any (params2) and InitiatingProcessCommandLine has \"/IM\") \nor ( InitiatingProcessCommandLine has_any (regparams5) and  InitiatingProcessCommandLine has 'Start' and  InitiatingProcessCommandLine has_any (regparams6))\nor (InitiatingProcessCommandLine has_any (regparams1) and InitiatingProcessCommandLine has_any (regparams2) and InitiatingProcessCommandLine has_any (regparams7)) \nor (InitiatingProcessCommandLine has_any(\"start\") and InitiatingProcessCommandLine has \"config\" and InitiatingProcessCommandLine has_any (regparams3) and InitiatingProcessCommandLine has_any (regparams4))\n| extend Account = iff(isnotempty(InitiatingProcessAccountUpn), InitiatingProcessAccountUpn, InitiatingProcessAccountName), Computer = DeviceName\n| project TimeGenerated, Computer, Account, AccountDomain, ProcessName = InitiatingProcessFileName, ProcessNameFullPath = FolderPath, Activity = ActionType, CommandLine = InitiatingProcessCommandLine, Type, InitiatingProcessParentFileName\n)\n)\n| extend timestamp = TimeGenerated, AccountCustomEntity = Account, HostCustomEntity = Computer\n",
                "version": 2,
                "tags": [
                  {
                    "name": "description",
                    "value": "Identifies potential tampering related to Microsoft security related products and services."
                  },
                  {
                    "name": "tactics",
                    "value": "DefenseEvasion"
                  },
                  {
                    "name": "techniques",
                    "value": "T1562.001"
                  }
                ]
              }
            },
            {
              "type": "Microsoft.OperationalInsights/workspaces/providers/metadata",
              "apiVersion": "2022-01-01-preview",
              "name": "[concat(parameters('workspace'),'/Microsoft.SecurityInsights/',concat('HuntingQuery-', last(split(resourceId('Microsoft.OperationalInsights/savedSearches', 'e10e1d2f-265d-4d90-9037-7f3a6ed8a91e'),'/'))))]",
              "properties": {
                "description": "Endpoint Threat Protection Essentials Hunting Query 5",
                "parentId": "[resourceId('Microsoft.OperationalInsights/savedSearches', 'e10e1d2f-265d-4d90-9037-7f3a6ed8a91e')]",
                "contentId": "e10e1d2f-265d-4d90-9037-7f3a6ed8a91e",
                "kind": "HuntingQuery",
                "version": "1.0.0",
                "source": {
                  "kind": "Solution",
                  "name": "Endpoint Threat Protection Essentials",
                  "sourceId": "azuresentinel.azure-sentinel-solution-endpointthreat"
                },
                "author": {
                  "name": "Microsoft",
                  "email": "support@microsoft.com"
                },
                "support": {
                  "name": "Microsoft Corporation",
                  "email": "support@microsoft.com",
                  "tier": "Microsoft",
                  "link": "https://support.microsoft.com"
                }
              }
            }
          ]
        },
        "packageKind": "Solution",
        "packageVersion": "2.0.1",
        "packageName": "Endpoint Threat Protection Essentials",
        "packageId": "azuresentinel.azure-sentinel-solution-endpointthreat",
        "contentProductId": "azuresentinel.azure-sentinel-solution-endpointthre-hq-t5tsmsmqomsl4",
        "id": "azuresentinel.azure-sentinel-solution-endpointthre-hq-t5tsmsmqomsl4",
        "contentSchemaVersion": "3.0.0",
        "version": "1.0.0"
      }
    }
  ]
}