{
  "$schema": "https://schema.management.azure.com/schemas/2019-04-01/deploymentTemplate.json#",
  "contentVersion": "2.0.3",
  "parameters": {
    "location": {
      "type": "string",
      "minLength": 1,
      "defaultValue": "[resourceGroup().location]",
      "metadata": {
        "description": "Not used, but needed to pass arm-ttk test `Location-Should-Not-Be-Hardcoded`.  We instead use the `workspace-location` which is derived from the LA workspace"
      }
    },
    "workspace": {
      "defaultValue": "",
      "type": "string",
      "metadata": {
        "description": "Workspace name for Log Analytics where Microsoft Sentinel is setup"
      }
    },
    "workspace-location": {
      "type": "string",
      "defaultValue": "",
      "metadata": {
        "description": "[concat('Region to deploy solution resources -- separate from location selection',parameters('location'))]"
      }
    }
  },
  "resources": [
    {
      "type": "Microsoft.OperationalInsights/workspaces/providers/contentTemplates",
      "name": "[concat(parameters('workspace'),'/Microsoft.SecurityInsights/',concat(concat(parameters('workspace'),'-ar-',uniquestring('361dd1e3-1c11-491e-82a3-bb2e44ac36ba')),'2.0.3'))]",
      "location": "[parameters('workspace-location')]",
      "apiVersion": "2023-04-01-preview",
      "dependsOn": [
        "[extensionResourceId(resourceId('Microsoft.OperationalInsights/workspaces', parameters('workspace')), 'Microsoft.SecurityInsights/contentPackages', 'azuresentinel.azure-sentinel-solution-azureactivity')]"
      ],
      "properties": {
        "contentId": "361dd1e3-1c11-491e-82a3-bb2e44ac36ba",
        "displayName": "Suspicious number of resource creation or deployment activities",
        "contentKind": "AnalyticsRule",
        "mainTemplate": {
          "$schema": "https://schema.management.azure.com/schemas/2019-04-01/deploymentTemplate.json#",
          "contentVersion": "2.0.3",
          "parameters": {},
          "variables": {},
          "resources": [
            {
              "type": "Microsoft.SecurityInsights/AlertRuleTemplates",
              "name": "361dd1e3-1c11-491e-82a3-bb2e44ac36ba",
              "apiVersion": "2022-04-01-preview",
              "kind": "Scheduled",
              "location": "[parameters('workspace-location')]",
              "properties": {
                "description": "Indicates when an anomalous number of VM creations or deployment activities occur in Azure via the AzureActivity log. This query generates the baseline pattern of cloud resource creation by an individual and generates an anomaly when any unusual spike is detected. These anomalies from unusual or privileged users could be an indication of a cloud infrastructure takedown by an adversary.",
                "displayName": "Suspicious number of resource creation or deployment activities",
                "enabled": false,
                "query": "let szOperationNames = dynamic([\"microsoft.compute/virtualMachines/write\", \"microsoft.resources/deployments/write\"]);\nlet starttime = 7d;\nlet endtime = 1d;\nlet timeframe = 1d;\nlet TimeSeriesData =\nAzureActivity\n| where TimeGenerated between (startofday(ago(starttime)) .. startofday(now()))\n| where OperationNameValue in~ (szOperationNames)\n| project TimeGenerated, Caller \n| make-series Total = count() on TimeGenerated from startofday(ago(starttime)) to startofday(now()) step timeframe by Caller; \nTimeSeriesData\n| extend (anomalies, score, baseline) = series_decompose_anomalies(Total, 3, -1, 'linefit')\n| mv-expand Total to typeof(double), TimeGenerated to typeof(datetime), anomalies to typeof(double), score to typeof(double), baseline to typeof(long) \n| where TimeGenerated >= startofday(ago(endtime))\n| where anomalies > 0 and baseline > 0\n| project Caller, TimeGenerated, Total, baseline, anomalies, score\n| join (AzureActivity\n| where TimeGenerated > startofday(ago(endtime)) \n| where OperationNameValue in~ (szOperationNames)\n| summarize make_set(OperationNameValue,100), make_set(_ResourceId,100), make_set(CallerIpAddress,100) by bin(TimeGenerated, timeframe), Caller\n) on TimeGenerated, Caller\n| mv-expand CallerIpAddress=set_CallerIpAddress\n| project-away Caller1\n| extend Name = iif(Caller has '@',tostring(split(Caller,'@',0)[0]),\"\")\n| extend UPNSuffix = iif(Caller has '@',tostring(split(Caller,'@',1)[0]),\"\")\n| extend AadUserId = iif(Caller !has '@',Caller,\"\")\n",
                "queryFrequency": "P1D",
                "queryPeriod": "P7D",
                "severity": "Medium",
                "suppressionDuration": "PT1H",
                "suppressionEnabled": false,
                "triggerOperator": "GreaterThan",
                "triggerThreshold": 0,
                "status": "Available",
                "requiredDataConnectors": [
                  {
                    "dataTypes": [
                      "AzureActivity"
                    ],
                    "connectorId": "AzureActivity"
                  }
                ],
                "tactics": [
                  "Impact"
                ],
                "techniques": [
                  "T1496"
                ],
                "entityMappings": [
                  {
                    "entityType": "Account",
                    "fieldMappings": [
                      {
                        "identifier": "Name",
                        "columnName": "Name"
                      },
                      {
                        "identifier": "UPNSuffix",
                        "columnName": "UPNSuffix"
                      },
                      {
                        "identifier": "AadUserId",
                        "columnName": "AadUserId"
                      }
                    ]
                  },
                  {
                    "entityType": "IP",
                    "fieldMappings": [
                      {
                        "identifier": "Address",
                        "columnName": "CallerIpAddress"
                      }
                    ]
                  }
                ]
              }
            },
            {
              "type": "Microsoft.OperationalInsights/workspaces/providers/metadata",
              "apiVersion": "2022-01-01-preview",
              "name": "[concat(parameters('workspace'),'/Microsoft.SecurityInsights/',concat('AnalyticsRule-', last(split(resourceId('Microsoft.SecurityInsights/AlertRuleTemplates', '361dd1e3-1c11-491e-82a3-bb2e44ac36ba'),'/'))))]",
              "properties": {
                "description": "Azure Activity Analytics Rule 4",
                "parentId": "[resourceId('Microsoft.SecurityInsights/AlertRuleTemplates', '361dd1e3-1c11-491e-82a3-bb2e44ac36ba')]",
                "contentId": "361dd1e3-1c11-491e-82a3-bb2e44ac36ba",
                "kind": "AnalyticsRule",
                "version": "2.0.3",
                "source": {
                  "kind": "Solution",
                  "name": "Azure Activity",
                  "sourceId": "azuresentinel.azure-sentinel-solution-azureactivity"
                },
                "author": {
                  "name": "Microsoft",
                  "email": "support@microsoft.com"
                },
                "support": {
                  "tier": "Microsoft",
                  "name": "Microsoft Corporation",
                  "email": "support@microsoft.com",
                  "link": "https://support.microsoft.com/"
                }
              }
            }
          ]
        },
        "packageKind": "Solution",
        "packageVersion": "2.0.5",
        "packageName": "Azure Activity solution for Sentinel",
        "packageId": "azuresentinel.azure-sentinel-solution-azureactivity",
        "contentProductId": "azuresentinel.azure-sentinel-solution-azureactivit-ar-jcb4iugmyj5ry",
        "id": "azuresentinel.azure-sentinel-solution-azureactivit-ar-jcb4iugmyj5ry",
        "contentSchemaVersion": "3.0.0",
        "version": "2.0.3"
      }
    }
  ]
}