{
  "$schema": "https://schema.management.azure.com/schemas/2019-04-01/deploymentTemplate.json#",
  "contentVersion": "1.3.1",
  "parameters": {
    "location": {
      "type": "string",
      "minLength": 1,
      "defaultValue": "[resourceGroup().location]",
      "metadata": {
        "description": "Not used, but needed to pass arm-ttk test `Location-Should-Not-Be-Hardcoded`.  We instead use the `workspace-location` which is derived from the LA workspace"
      }
    },
    "workspace": {
      "defaultValue": "",
      "type": "string",
      "metadata": {
        "description": "Workspace name for Log Analytics where Microsoft Sentinel is setup"
      }
    },
    "workspace-location": {
      "type": "string",
      "defaultValue": "",
      "metadata": {
        "description": "[concat('Region to deploy solution resources -- separate from location selection',parameters('location'))]"
      }
    }
  },
  "resources": [
    {
      "type": "Microsoft.OperationalInsights/workspaces/providers/contentTemplates",
      "name": "[concat(parameters('workspace'),'/Microsoft.SecurityInsights/',concat(concat(parameters('workspace'),'-ar-',uniquestring('c87fb346-ea3a-4c64-ba92-3dd383e0f0b5')),'1.3.1'))]",
      "location": "[parameters('workspace-location')]",
      "apiVersion": "2023-04-01-preview",
      "dependsOn": [
        "[extensionResourceId(resourceId('Microsoft.OperationalInsights/workspaces', parameters('workspace')), 'Microsoft.SecurityInsights/contentPackages', 'azuresentinel.azure-sentinel-solution-ioclegacy')]"
      ],
      "properties": {
        "contentId": "c87fb346-ea3a-4c64-ba92-3dd383e0f0b5",
        "displayName": "Known CERIUM domains and hashes",
        "contentKind": "AnalyticsRule",
        "mainTemplate": {
          "$schema": "https://schema.management.azure.com/schemas/2019-04-01/deploymentTemplate.json#",
          "contentVersion": "1.3.1",
          "parameters": {},
          "variables": {},
          "resources": [
            {
              "type": "Microsoft.SecurityInsights/AlertRuleTemplates",
              "name": "c87fb346-ea3a-4c64-ba92-3dd383e0f0b5",
              "apiVersion": "2022-04-01-preview",
              "kind": "Scheduled",
              "location": "[parameters('workspace-location')]",
              "properties": {
                "description": "CERIUM malicious webserver and hash values for maldocs and malware. \n Matches domain name IOCs related to the CERIUM activity group with CommonSecurityLog, DnsEvents, and VMConnection dataTypes.",
                "displayName": "Known CERIUM domains and hashes",
                "enabled": false,
                "query": "let DomainNames = \"miniodaum.ml\";\nlet SHA256Hash = dynamic ([\"53f5773bbfbfbee660989d135c042c9f6f69024b9a4b65bdc0dfd44771762257\", \"0897c80df8b80b4c49bf1ccf876f5f782849608b830c3b5cb3ad212dc3e19eff\"]);\n(union isfuzzy=true\n(CommonSecurityLog \n| parse Message with * '(' DNSName ')' * \n| where isnotempty(FileHash)\n| where FileHash in (SHA256Hash) or DNSName =~ DomainNames\n| extend Account = SourceUserID, Computer = DeviceName, IPAddress = SourceIP\n),\n (_Im_Dns (domain_has_any=DomainNames)\n| extend DNSName = DnsQuery \n| extend IPAddress =  SrcIpAddr, Computer = Dvc\n), \n(_Im_WebSession(url_has_any=DomainNames) \n| extend DNSName = tostring(parse_url(Url)[\"Host\"])\n| extend IPAddress = SrcIpAddr, Account=User\n),\n(VMConnection \n| parse RemoteDnsCanonicalNames with * '[\"' DNSName '\"]' *\n| where isnotempty(DNSName)\n| where DNSName =~ DomainNames\n| extend IPAddress = RemoteIp\n),\n(AzureDiagnostics \n| where ResourceType == \"AZUREFIREWALLS\"\n| where Category == \"AzureFirewallApplicationRule\"\n| parse msg_s with Protocol 'request from ' SourceHost ':' SourcePort 'to ' DestinationHost ':' DestinationPort '. Action:' Action\n| where isnotempty(DestinationHost)\n| where DestinationHost has_any (DomainNames)  \n| extend DNSName = DestinationHost \n| extend IPCustomEntity = SourceHost\n),\n(AzureDiagnostics\n| where ResourceType == \"AZUREFIREWALLS\"\n| where Category == \"AzureFirewallNetworkRule\"\n| where msg_s has_any (DomainNames)\n| parse msg_s with Protocol \" request from \" SourceIP \":\" SourcePortInt:int \" to \" TargetIP \":\" TargetPortInt:int *\n| parse kind=regex flags=U msg_s with * \". Action\\\\: \" Action1a \"\\\\.\"\n| parse msg_s with * \". Policy: \" Policy \". Rule Collection Group: \" RuleCollectionGroup \".\" *\n| parse msg_s with * \" Rule Collection: \"  RuleCollection \". Rule: \" Rule \n| extend IPCustomEntity = SourceIP\n),\n(AzureDiagnostics\n| where ResourceType == \"AZUREFIREWALLS\"\n| where Category == \"AzureFirewallDnsProxy\"\n| where msg_s has_any (DomainNames)\n| parse msg_s with \"DNS Request: \" SourceIP \":\" SourcePortInt:int \" - \" QueryID:int \" \" RequestType \" \" RequestClass \" \" hostname \". \" protocol \" \" details\n| extend\n    ResponseDuration = extract(\"[0-9]*.?[0-9]+s$\", 0, msg_s),\n    SourcePort = tostring(SourcePortInt),\n    QueryID =  tostring(QueryID)\n| project TimeGenerated,SourceIP,hostname,RequestType,ResponseDuration,details,msg_s\n| order by TimeGenerated\n| extend IPCustomEntity = SourceIP\n),\n(AZFWApplicationRule\n| where Fqdn has_any (DomainNames)\n| extend IPCustomEntity = SourceIp\n),\n(AZFWDnsQuery\n| where isnotempty(QueryName)\n| where QueryName has_any (DomainNames)\n| extend DNSName = QueryName\n| extend IPCustomEntity = SourceIp\n)\n)\n| extend timestamp = TimeGenerated, AccountCustomEntity = Account, HostCustomEntity = Computer, IPCustomEntity = IPAddress\n",
                "queryFrequency": "P1D",
                "queryPeriod": "P1D",
                "severity": "High",
                "suppressionDuration": "PT1H",
                "suppressionEnabled": false,
                "triggerOperator": "GreaterThan",
                "triggerThreshold": 0,
                "status": "Available",
                "requiredDataConnectors": [
                  {
                    "connectorId": "SquidProxy",
                    "dataTypes": [
                      "SquidProxy_CL"
                    ]
                  },
                  {
                    "connectorId": "DNS",
                    "dataTypes": [
                      "DnsEvents"
                    ]
                  },
                  {
                    "connectorId": "AzureMonitor(VMInsights)",
                    "dataTypes": [
                      "VMConnection"
                    ]
                  },
                  {
                    "connectorId": "CiscoASA",
                    "dataTypes": [
                      "CommonSecurityLog"
                    ]
                  },
                  {
                    "connectorId": "PaloAltoNetworks",
                    "dataTypes": [
                      "CommonSecurityLog"
                    ]
                  },
                  {
                    "connectorId": "AzureFirewall",
                    "dataTypes": [
                      "AzureDiagnostics",
                      "AZFWApplicationRule",
                      "AZFWDnsQuery"
                    ]
                  },
                  {
                    "connectorId": "Zscaler",
                    "dataTypes": [
                      "CommonSecurityLog"
                    ]
                  },
                  {
                    "connectorId": "InfobloxNIOS",
                    "dataTypes": [
                      "Syslog"
                    ]
                  },
                  {
                    "connectorId": "GCPDNSDataConnector",
                    "dataTypes": [
                      "GCP_DNS_CL"
                    ]
                  },
                  {
                    "connectorId": "NXLogDnsLogs",
                    "dataTypes": [
                      "NXLog_DNS_Server_CL"
                    ]
                  },
                  {
                    "connectorId": "CiscoUmbrellaDataConnector",
                    "dataTypes": [
                      "Cisco_Umbrella_dns_CL"
                    ]
                  },
                  {
                    "connectorId": "Corelight",
                    "dataTypes": [
                      "Corelight_CL"
                    ]
                  }
                ],
                "tactics": [
                  "CommandAndControl",
                  "CredentialAccess"
                ],
                "entityMappings": [
                  {
                    "fieldMappings": [
                      {
                        "columnName": "AccountCustomEntity",
                        "identifier": "FullName"
                      }
                    ],
                    "entityType": "Account"
                  },
                  {
                    "fieldMappings": [
                      {
                        "columnName": "HostCustomEntity",
                        "identifier": "FullName"
                      }
                    ],
                    "entityType": "Host"
                  },
                  {
                    "fieldMappings": [
                      {
                        "columnName": "IPCustomEntity",
                        "identifier": "Address"
                      }
                    ],
                    "entityType": "IP"
                  }
                ]
              }
            },
            {
              "type": "Microsoft.OperationalInsights/workspaces/providers/metadata",
              "apiVersion": "2022-01-01-preview",
              "name": "[concat(parameters('workspace'),'/Microsoft.SecurityInsights/',concat('AnalyticsRule-', last(split(resourceId('Microsoft.SecurityInsights/AlertRuleTemplates', 'c87fb346-ea3a-4c64-ba92-3dd383e0f0b5'),'/'))))]",
              "properties": {
                "description": "Legacy IOC based Threat Protection Analytics Rule 4",
                "parentId": "[resourceId('Microsoft.SecurityInsights/AlertRuleTemplates', 'c87fb346-ea3a-4c64-ba92-3dd383e0f0b5')]",
                "contentId": "c87fb346-ea3a-4c64-ba92-3dd383e0f0b5",
                "kind": "AnalyticsRule",
                "version": "1.3.1",
                "source": {
                  "kind": "Solution",
                  "name": "Legacy IOC based Threat Protection",
                  "sourceId": "azuresentinel.azure-sentinel-solution-ioclegacy"
                },
                "author": {
                  "name": "Microsoft",
                  "email": "support@microsoft.com"
                },
                "support": {
                  "name": "Microsoft Corporation",
                  "email": "support@microsoft.com",
                  "tier": "Microsoft",
                  "link": "https://support.microsoft.com"
                }
              }
            }
          ]
        },
        "packageKind": "Solution",
        "packageVersion": "2.0.7",
        "packageName": "Legacy IOC based Threat Protection",
        "packageId": "azuresentinel.azure-sentinel-solution-ioclegacy",
        "contentProductId": "azuresentinel.azure-sentinel-solution-ioclegacy-ar-z2hnongsciivi",
        "id": "azuresentinel.azure-sentinel-solution-ioclegacy-ar-z2hnongsciivi",
        "contentSchemaVersion": "3.0.0"
      }
    }
  ]
}