{
  "$schema": "https://schema.management.azure.com/schemas/2019-04-01/deploymentTemplate.json#",
  "contentVersion": "1.0.1",
  "parameters": {
    "location": {
      "type": "string",
      "minLength": 1,
      "defaultValue": "[resourceGroup().location]",
      "metadata": {
        "description": "Not used, but needed to pass arm-ttk test `Location-Should-Not-Be-Hardcoded`.  We instead use the `workspace-location` which is derived from the LA workspace"
      }
    },
    "workspace": {
      "defaultValue": "",
      "type": "string",
      "metadata": {
        "description": "Workspace name for Log Analytics where Microsoft Sentinel is setup"
      }
    },
    "workspace-location": {
      "type": "string",
      "defaultValue": "",
      "metadata": {
        "description": "[concat('Region to deploy solution resources -- separate from location selection',parameters('location'))]"
      }
    }
  },
  "resources": [
    {
      "type": "Microsoft.OperationalInsights/workspaces/providers/contentTemplates",
      "name": "[concat(parameters('workspace'),'/Microsoft.SecurityInsights/',concat(concat(parameters('workspace'),'-hq-',uniquestring('278592b5-612b-48a4-bb38-4c01ff8ee2a5')),'1.0.1'))]",
      "location": "[parameters('workspace-location')]",
      "apiVersion": "2023-04-01-preview",
      "dependsOn": [
        "[extensionResourceId(resourceId('Microsoft.OperationalInsights/workspaces', parameters('workspace')), 'Microsoft.SecurityInsights/contentPackages', 'azuresentinel.azure-sentinel-solution-ioclegacy')]"
      ],
      "properties": {
        "contentId": "278592b5-612b-48a4-bb38-4c01ff8ee2a5",
        "displayName": "SolarWinds Inventory",
        "contentKind": "HuntingQuery",
        "mainTemplate": {
          "$schema": "https://schema.management.azure.com/schemas/2019-04-01/deploymentTemplate.json#",
          "contentVersion": "1.0.1",
          "parameters": {},
          "variables": {},
          "resources": [
            {
              "type": "Microsoft.OperationalInsights/savedSearches",
              "apiVersion": "2020-08-01",
              "name": "Legacy_IOC_based_Threat_Protection_Hunting_Query_9",
              "location": "[parameters('workspace-location')]",
              "properties": {
                "eTag": "*",
                "displayName": "SolarWinds Inventory",
                "category": "Hunting Queries",
                "query": "\n(union isfuzzy=true \n( \nSecurityEvent  \n| where EventID == '4688' \n| where tolower(NewProcessName) has 'solarwinds' \n| extend MachineName = Computer , Process = NewProcessName\n| summarize StartTime = min(TimeGenerated), EndTime = max(TimeGenerated), MachineCount = dcount(MachineName), AccountCount = dcount(Account), MachineNames = make_set(MachineName), Accounts = make_set(Account) by Process, Type\n), \n( \nWindowsEvent  \n| where EventID == '4688' and EventData has \"solarwinds\"\n| extend NewProcessName = tostring(EventData.NewProcessName)\n| where tolower(NewProcessName) has 'solarwinds' \n| extend MachineName = Computer , Process = NewProcessName\n| extend Account =  strcat(tostring(EventData.SubjectDomainName),\"\\\\\", tostring(EventData.SubjectUserName))\n| summarize StartTime = min(TimeGenerated), EndTime = max(TimeGenerated), MachineCount = dcount(MachineName), AccountCount = dcount(Account), MachineNames = make_set(MachineName), Accounts = make_set(Account) by Process, Type\n), \n( \nDeviceProcessEvents \n| where tolower(InitiatingProcessFolderPath) has 'solarwinds' \n| extend MachineName = DeviceName , Process = InitiatingProcessFolderPath, Account = AccountName\n| summarize StartTime = min(TimeGenerated), EndTime = max(TimeGenerated), MachineCount = dcount(MachineName), AccountCount = dcount(Account), MachineNames = make_set(MachineName), Accounts = make_set(Account)  by Process, Type\n), \n( \nEvent \n| where Source == \"Microsoft-Windows-Sysmon\" \n| where EventID == 1 \n| extend Image = tostring(parse_json(EventData).[4].[\"#text\"]) \n| where tolower(Image) has 'solarwinds' \n| extend MachineName = Computer , Process = Image, Account = UserName\n| summarize StartTime = min(TimeGenerated), EndTime = max(TimeGenerated), MachineCount = dcount(MachineName), AccountCount = dcount(Account), MachineNames = make_set(MachineName), Accounts = make_set(Account)  by Process, Type\n) \n) \n",
                "version": 2,
                "tags": [
                  {
                    "name": "description",
                    "value": "Beyond your internal software management systems, it is possible you may not have visibility into your entire footprint of SolarWinds installations.  This is intended to help use process exection information to discovery any systems that have SolarWinds processes"
                  },
                  {
                    "name": "tactics",
                    "value": "Execution"
                  },
                  {
                    "name": "techniques",
                    "value": "T1072"
                  }
                ]
              }
            },
            {
              "type": "Microsoft.OperationalInsights/workspaces/providers/metadata",
              "apiVersion": "2022-01-01-preview",
              "name": "[concat(parameters('workspace'),'/Microsoft.SecurityInsights/',concat('HuntingQuery-', last(split(resourceId('Microsoft.OperationalInsights/savedSearches', '278592b5-612b-48a4-bb38-4c01ff8ee2a5'),'/'))))]",
              "properties": {
                "description": "Legacy IOC based Threat Protection Hunting Query 9",
                "parentId": "[resourceId('Microsoft.OperationalInsights/savedSearches', '278592b5-612b-48a4-bb38-4c01ff8ee2a5')]",
                "contentId": "278592b5-612b-48a4-bb38-4c01ff8ee2a5",
                "kind": "HuntingQuery",
                "version": "1.0.1",
                "source": {
                  "kind": "Solution",
                  "name": "Legacy IOC based Threat Protection",
                  "sourceId": "azuresentinel.azure-sentinel-solution-ioclegacy"
                },
                "author": {
                  "name": "Microsoft",
                  "email": "support@microsoft.com"
                },
                "support": {
                  "name": "Microsoft Corporation",
                  "email": "support@microsoft.com",
                  "tier": "Microsoft",
                  "link": "https://support.microsoft.com"
                }
              }
            }
          ]
        },
        "packageKind": "Solution",
        "packageVersion": "2.0.7",
        "packageName": "Legacy IOC based Threat Protection",
        "packageId": "azuresentinel.azure-sentinel-solution-ioclegacy",
        "contentProductId": "azuresentinel.azure-sentinel-solution-ioclegacy-hq-qvaul6kovd6fw",
        "id": "azuresentinel.azure-sentinel-solution-ioclegacy-hq-qvaul6kovd6fw",
        "contentSchemaVersion": "3.0.0"
      }
    }
  ]
}