{
  "$schema": "https://schema.management.azure.com/schemas/2019-04-01/deploymentTemplate.json#",
  "contentVersion": "1.2.1",
  "parameters": {
    "location": {
      "type": "string",
      "minLength": 1,
      "defaultValue": "[resourceGroup().location]",
      "metadata": {
        "description": "Not used, but needed to pass arm-ttk test `Location-Should-Not-Be-Hardcoded`.  We instead use the `workspace-location` which is derived from the LA workspace"
      }
    },
    "workspace": {
      "defaultValue": "",
      "type": "string",
      "metadata": {
        "description": "Workspace name for Log Analytics where Microsoft Sentinel is setup"
      }
    },
    "workspace-location": {
      "type": "string",
      "defaultValue": "",
      "metadata": {
        "description": "[concat('Region to deploy solution resources -- separate from location selection',parameters('location'))]"
      }
    }
  },
  "resources": [
    {
      "type": "Microsoft.OperationalInsights/workspaces/providers/contentTemplates",
      "name": "[concat(parameters('workspace'),'/Microsoft.SecurityInsights/',concat(concat(parameters('workspace'),'-ar-',uniquestring('94749332-1ad9-49dd-a5ab-5ff2170788fc')),'1.2.1'))]",
      "location": "[parameters('workspace-location')]",
      "apiVersion": "2023-04-01-preview",
      "dependsOn": [
        "[extensionResourceId(resourceId('Microsoft.OperationalInsights/workspaces', parameters('workspace')), 'Microsoft.SecurityInsights/contentPackages', 'azuresentinel.azure-sentinel-solution-ioclegacy')]"
      ],
      "properties": {
        "contentId": "94749332-1ad9-49dd-a5ab-5ff2170788fc",
        "displayName": "SOURGUM Actor IOC - July 2021",
        "contentKind": "AnalyticsRule",
        "mainTemplate": {
          "$schema": "https://schema.management.azure.com/schemas/2019-04-01/deploymentTemplate.json#",
          "contentVersion": "1.2.1",
          "parameters": {},
          "variables": {},
          "resources": [
            {
              "type": "Microsoft.SecurityInsights/AlertRuleTemplates",
              "name": "94749332-1ad9-49dd-a5ab-5ff2170788fc",
              "apiVersion": "2022-04-01-preview",
              "kind": "Scheduled",
              "location": "[parameters('workspace-location')]",
              "properties": {
                "description": "Identifies a match across IOC's related to an actor tracked by Microsoft as SOURGUM",
                "displayName": "SOURGUM Actor IOC - July 2021",
                "enabled": false,
                "query": "let iocs = externaldata(DateAdded:string,IoC:string,Type:string,TLP:string) [@\"https://raw.githubusercontent.com/Azure/Azure-Sentinel/master/Sample%20Data/Feeds/SOURGUM.csv\"] with (format=\"csv\", ignoreFirstRecord=True);\nlet domains = (iocs | where Type =~ \"domainname\"| project IoC);\nlet sha256Hashes = (iocs | where Type =~ \"sha256\" | project IoC);\nlet file_path1 = (iocs | where Type =~ \"filepath1\" | project IoC);\nlet file_path2 = (iocs | where Type =~ \"filepath2\" | project IoC);\nlet file_path3 = (iocs | where Type =~ \"filepath3\" | project IoC);\nlet reg_key = (iocs | where Type =~ \"regkey\" | project IoC);\n(union isfuzzy=true\n(CommonSecurityLog\n| where DestinationHostName has_any (domains) or RequestURL has_any (domains) or Message has_any (domains)\n| parse Message with * '(' DNSName ')' *\n| project TimeGenerated, Message, SourceUserID, RequestURL, DestinationHostName, Type, SourceIP, DestinationIP, DNSName\n| extend timestamp = TimeGenerated, AccountCustomEntity = SourceUserID, UrlCustomEntity = RequestURL , IPCustomEntity = DestinationIP, DNSCustomEntity = DNSName\n),\n(DnsEvents\n| where Name in~ (domains)\n| project TimeGenerated, Computer, IPAddresses, Name, ClientIP, Type\n| extend DNSName = Name, Host = Computer\n| extend timestamp = TimeGenerated, HostCustomEntity = Host, DNSCustomEntity = DNSName, IPCustomEntity = IPAddresses\n),\n(VMConnection\n| where  RemoteDnsCanonicalNames has_any (domains)\n| parse RemoteDnsCanonicalNames with * '[\"' DNSName '\"]' *\n| project TimeGenerated, Computer, Direction, RemoteDnsCanonicalNames, ProcessName, SourceIp, DestinationIp, DestinationPort, DNSName,BytesSent, BytesReceived, RemoteCountry, Type\n| extend timestamp = TimeGenerated, IPCustomEntity = DestinationIp, HostCustomEntity = Computer, ProcessCustomEntity = ProcessName, DNSCustomEntity = DNSName\n),\n(Event\n| where Source == \"Microsoft-Windows-Sysmon\"\n| where EventID == 3\n| extend EvData = parse_xml(EventData)\n| extend EventDetail = EvData.DataItem.EventData.Data\n| extend SourceIP = tostring(EventDetail.[9].[\"#text\"]), DestinationIP = tostring(EventDetail.[14].[\"#text\"]), Image = EventDetail.[4].[\"#text\"]\n| where Image has_any (file_path1) or Image has_any (file_path3)\n| project TimeGenerated, SourceIP, DestinationIP, Image, UserName, Computer, EventDetail, Type\n| extend timestamp = TimeGenerated, AccountCustomEntity = UserName, ProcessCustomEntity = tostring(split(Image, '\\\\', -1)[-1]), HostCustomEntity = Computer , IPCustomEntity = DestinationIP\n),  \n(DeviceNetworkEvents\n| where (RemoteUrl has_any (domains))  or (InitiatingProcessSHA256 in (sha256Hashes) and InitiatingProcessFolderPath has_any (file_path1)) or InitiatingProcessFolderPath has_any (file_path3)\n| project TimeGenerated, ActionType, DeviceId, DeviceName, InitiatingProcessAccountDomain, InitiatingProcessAccountName, InitiatingProcessCommandLine, InitiatingProcessFolderPath, InitiatingProcessId, InitiatingProcessParentFileName, InitiatingProcessFileName, RemoteIP, RemoteUrl, LocalIP, Type\n| extend timestamp = TimeGenerated, IPCustomEntity = RemoteIP, HostCustomEntity = DeviceName, UrlCustomEntity =RemoteUrl\n),\n(AzureDiagnostics\n| where ResourceType == \"AZUREFIREWALLS\"\n| where Category == \"AzureFirewallDnsProxy\"\n| project TimeGenerated,Resource, msg_s, Type\n| parse msg_s with \"DNS Request: \" ClientIP \":\" ClientPort \" - \" QueryID \" \" Request_Type \" \" Request_Class \" \" Request_Name \". \" Request_Protocol \" \" Request_Size \" \" EDNSO_DO \" \" EDNS0_Buffersize \" \" Responce_Code \" \" Responce_Flags \" \" Responce_Size \" \" Response_Duration\n| where Request_Name has_any (domains)\n| extend timestamp = TimeGenerated, DNSName = Request_Name, IPCustomEntity = ClientIP\n),\n(AzureDiagnostics\n| where ResourceType == \"AZUREFIREWALLS\"\n| where Category == \"AzureFirewallApplicationRule\"\n| project TimeGenerated,Resource, msg_s\n| parse msg_s with Protocol 'request from ' SourceHost ':' SourcePort 'to ' DestinationHost ':' DestinationPort '. Action:' Action\n| where DestinationHost has_any (domains)  \n| extend timestamp = TimeGenerated, DNSName = DestinationHost, IPCustomEntity = SourceHost\n),\n(AZFWDnsQuery\n| where QueryName has_any (domains)\n| extend timestamp = TimeGenerated, DNSName = QueryName, IPCustomEntity = SourceIp\n),\n(AZFWApplicationRule\n| where Fqdn has_any (domains)\n| extend timestamp = TimeGenerated, DNSName = Fqdn, IPCustomEntity = SourceIp\n),\n(Event\n| where Source == \"Microsoft-Windows-Sysmon\"\n| where EventID == 1\n| extend EvData = parse_xml(EventData)\n| extend EventDetail = EvData.DataItem.EventData.Data\n| parse EventDetail with * 'SHA256=' SHA256 '\",' *\n| extend Image = EventDetail.[4].[\"#text\"],  CommandLine = EventDetail.[10].[\"#text\"]\n| where (SHA256 has_any (sha256Hashes) and Image has_any (file_path1)) or (Image has_any (file_path3)) or ( CommandLine has_any (file_path3)) or ( CommandLine has_any (file_path1)) or ( CommandLine has 'reg add' and CommandLine has_any (reg_key) and CommandLine has_any (file_path2)) \n| project TimeGenerated, EventDetail, UserName, Computer, Type, Source, SHA256, CommandLine, Image\n| extend Type = strcat(Type, \": \", Source)\n| extend timestamp = TimeGenerated, HostCustomEntity = Computer , AccountCustomEntity = UserName, ProcessCustomEntity = tostring(split(Image, '\\\\', -1)[-1]), AlgorithmCustomEntity = \"SHA256\", FileHashCustomEntity = SHA256\n),\n(DeviceRegistryEvents\n| where RegistryKey has_any (reg_key) and RegistryValueData has_any (file_path2)\n|  project TimeGenerated, ActionType, DeviceId, DeviceName, InitiatingProcessAccountDomain, InitiatingProcessAccountName, InitiatingProcessCommandLine, InitiatingProcessFolderPath, InitiatingProcessId, InitiatingProcessParentFileName, InitiatingProcessFileName, InitiatingProcessSHA256, Type \n| extend timestamp = TimeGenerated, HostCustomEntity = DeviceName , AccountCustomEntity = InitiatingProcessAccountName, ProcessCustomEntity = InitiatingProcessFileName, AlgorithmCustomEntity = \"SHA256\", FileHashCustomEntity = InitiatingProcessSHA256\n),\n(DeviceProcessEvents\n| where  ( InitiatingProcessCommandLine has_any (file_path1)) or ( InitiatingProcessCommandLine has_any (file_path3)) or ( InitiatingProcessCommandLine has 'reg add' and InitiatingProcessCommandLine has_any (reg_key) and InitiatingProcessCommandLine has_any (file_path2)) or (InitiatingProcessFolderPath has_any (file_path1)) or (InitiatingProcessFolderPath has_any (file_path3)) or (FolderPath  has_any (file_path1)) or (FolderPath has_any (file_path3))\n| project TimeGenerated, ActionType, DeviceId, DeviceName, InitiatingProcessAccountDomain, InitiatingProcessAccountName, InitiatingProcessCommandLine, InitiatingProcessFolderPath, InitiatingProcessId, InitiatingProcessParentFileName, InitiatingProcessFileName, InitiatingProcessSHA256, FolderPath, Type\n| extend timestamp = TimeGenerated, HostCustomEntity = DeviceName , AccountCustomEntity = InitiatingProcessAccountName, ProcessCustomEntity = InitiatingProcessFileName, AlgorithmCustomEntity = \"SHA256\", FileHashCustomEntity = InitiatingProcessSHA256\n),\n(DeviceFileEvents\n| where  (InitiatingProcessSHA256 has_any (sha256Hashes) and InitiatingProcessFolderPath has_any (file_path1)) or (InitiatingProcessFolderPath has_any (file_path3)) or (FolderPath  has_any (file_path1)) or (FolderPath  has_any (file_path3)) or ( InitiatingProcessCommandLine has_any (file_path1)) or ( InitiatingProcessCommandLine has_any (file_path3))\n| project TimeGenerated, ActionType, DeviceId, DeviceName, InitiatingProcessAccountDomain, InitiatingProcessAccountName, InitiatingProcessCommandLine, InitiatingProcessFolderPath, InitiatingProcessId, InitiatingProcessParentFileName, InitiatingProcessFileName, RequestAccountName, RequestSourceIP, InitiatingProcessSHA256, FolderPath, Type\n| extend timestamp = TimeGenerated, HostCustomEntity = DeviceName , AccountCustomEntity = RequestAccountName, ProcessCustomEntity = InitiatingProcessFileName, AlgorithmCustomEntity = \"SHA256\", FileHashCustomEntity = InitiatingProcessSHA256\n),\n(DeviceEvents\n| where  ( InitiatingProcessCommandLine has_any (file_path1)) or ( InitiatingProcessCommandLine has_any (file_path3)) or ( InitiatingProcessCommandLine has 'reg add' and InitiatingProcessCommandLine has_any (reg_key) and InitiatingProcessCommandLine has_any (file_path2)) or (InitiatingProcessFolderPath has_any (file_path1)) or (InitiatingProcessFolderPath has_any (file_path3)) or (FolderPath  has_any (file_path1)) or (FolderPath has_any (file_path3))\n| project TimeGenerated, ActionType, DeviceId, DeviceName, InitiatingProcessAccountDomain, InitiatingProcessAccountName, InitiatingProcessCommandLine, InitiatingProcessFolderPath, InitiatingProcessId, InitiatingProcessParentFileName, InitiatingProcessFileName, InitiatingProcessSHA256, FolderPath, Type\n| extend CommandLine = InitiatingProcessCommandLine\n| extend timestamp = TimeGenerated, HostCustomEntity = DeviceName , AccountCustomEntity = InitiatingProcessAccountName, ProcessCustomEntity = InitiatingProcessFileName, AlgorithmCustomEntity = \"SHA256\", FileHashCustomEntity = InitiatingProcessSHA256\n),\n(  SecurityEvent\n| where EventID == 4688\n| where ( CommandLine has_any (file_path1)) or ( CommandLine has_any (file_path3)) or ( CommandLine has 'reg add' and CommandLine has_any (reg_key) and CommandLine has_any (file_path2)) or (NewProcessName has_any (file_path1)) or (NewProcessName has_any (file_path3)) or (ParentProcessName has_any (file_path1)) or (ParentProcessName has_any (file_path3))\n| project TimeGenerated, Computer, NewProcessName, ParentProcessName, Account, NewProcessId, Type\n| extend timestamp = TimeGenerated, HostCustomEntity = Computer , AccountCustomEntity = Account, ProcessCustomEntity = NewProcessName\n)\n)\n",
                "queryFrequency": "PT6H",
                "queryPeriod": "PT6H",
                "severity": "High",
                "suppressionDuration": "PT1H",
                "suppressionEnabled": false,
                "triggerOperator": "GreaterThan",
                "triggerThreshold": 0,
                "status": "Available",
                "requiredDataConnectors": [
                  {
                    "connectorId": "DNS",
                    "dataTypes": [
                      "DnsEvents"
                    ]
                  },
                  {
                    "connectorId": "AzureMonitor(VMInsights)",
                    "dataTypes": [
                      "VMConnection"
                    ]
                  },
                  {
                    "connectorId": "F5",
                    "dataTypes": [
                      "CommonSecurityLog"
                    ]
                  },
                  {
                    "connectorId": "CiscoASA",
                    "dataTypes": [
                      "CommonSecurityLog"
                    ]
                  },
                  {
                    "connectorId": "PaloAltoNetworks",
                    "dataTypes": [
                      "CommonSecurityLog"
                    ]
                  },
                  {
                    "connectorId": "Fortinet",
                    "dataTypes": [
                      "CommonSecurityLog"
                    ]
                  },
                  {
                    "connectorId": "CheckPoint",
                    "dataTypes": [
                      "CommonSecurityLog"
                    ]
                  },
                  {
                    "connectorId": "CEF",
                    "dataTypes": [
                      "CommonSecurityLog"
                    ]
                  },
                  {
                    "connectorId": "MicrosoftThreatProtection",
                    "dataTypes": [
                      "DeviceNetworkEvents",
                      "DeviceRegistryEvents",
                      "DeviceFileEvents",
                      "DeviceEvents",
                      "DeviceProcessEvents"
                    ]
                  },
                  {
                    "connectorId": "SecurityEvents",
                    "dataTypes": [
                      "SecurityEvent"
                    ]
                  },
                  {
                    "connectorId": "Office365",
                    "dataTypes": [
                      "OfficeActivity"
                    ]
                  },
                  {
                    "connectorId": "AzureFirewall",
                    "dataTypes": [
                      "AzureDiagnostics",
                      "AZFWApplicationRule",
                      "AZFWDnsQuery"
                    ]
                  },
                  {
                    "connectorId": "WindowsFirewall",
                    "dataTypes": [
                      "WindowsFirewall"
                    ]
                  },
                  {
                    "connectorId": "WindowsSecurityEvents",
                    "dataTypes": [
                      "SecurityEvents"
                    ]
                  },
                  {
                    "connectorId": "WindowsForwardedEvents",
                    "dataTypes": [
                      "WindowsEvent"
                    ]
                  }
                ],
                "tactics": [
                  "Persistence"
                ],
                "techniques": [
                  "T1546"
                ],
                "entityMappings": [
                  {
                    "fieldMappings": [
                      {
                        "columnName": "AccountCustomEntity",
                        "identifier": "FullName"
                      }
                    ],
                    "entityType": "Account"
                  },
                  {
                    "fieldMappings": [
                      {
                        "columnName": "HostCustomEntity",
                        "identifier": "FullName"
                      }
                    ],
                    "entityType": "Host"
                  },
                  {
                    "fieldMappings": [
                      {
                        "columnName": "IPCustomEntity",
                        "identifier": "Address"
                      }
                    ],
                    "entityType": "IP"
                  },
                  {
                    "fieldMappings": [
                      {
                        "columnName": "ProcessCustomEntity",
                        "identifier": "ProcessId"
                      }
                    ],
                    "entityType": "Process"
                  },
                  {
                    "fieldMappings": [
                      {
                        "columnName": "AlgorithmCustomEntity",
                        "identifier": "Algorithm"
                      },
                      {
                        "columnName": "FileHashCustomEntity",
                        "identifier": "Value"
                      }
                    ],
                    "entityType": "FileHash"
                  }
                ]
              }
            },
            {
              "type": "Microsoft.OperationalInsights/workspaces/providers/metadata",
              "apiVersion": "2022-01-01-preview",
              "name": "[concat(parameters('workspace'),'/Microsoft.SecurityInsights/',concat('AnalyticsRule-', last(split(resourceId('Microsoft.SecurityInsights/AlertRuleTemplates', '94749332-1ad9-49dd-a5ab-5ff2170788fc'),'/'))))]",
              "properties": {
                "description": "Legacy IOC based Threat Protection Analytics Rule 28",
                "parentId": "[resourceId('Microsoft.SecurityInsights/AlertRuleTemplates', '94749332-1ad9-49dd-a5ab-5ff2170788fc')]",
                "contentId": "94749332-1ad9-49dd-a5ab-5ff2170788fc",
                "kind": "AnalyticsRule",
                "version": "1.2.1",
                "source": {
                  "kind": "Solution",
                  "name": "Legacy IOC based Threat Protection",
                  "sourceId": "azuresentinel.azure-sentinel-solution-ioclegacy"
                },
                "author": {
                  "name": "Microsoft",
                  "email": "support@microsoft.com"
                },
                "support": {
                  "name": "Microsoft Corporation",
                  "email": "support@microsoft.com",
                  "tier": "Microsoft",
                  "link": "https://support.microsoft.com"
                }
              }
            }
          ]
        },
        "packageKind": "Solution",
        "packageVersion": "2.0.7",
        "packageName": "Legacy IOC based Threat Protection",
        "packageId": "azuresentinel.azure-sentinel-solution-ioclegacy",
        "contentProductId": "azuresentinel.azure-sentinel-solution-ioclegacy-ar-ddftt7oqixvxu",
        "id": "azuresentinel.azure-sentinel-solution-ioclegacy-ar-ddftt7oqixvxu",
        "contentSchemaVersion": "3.0.0"
      }
    }
  ]
}