{
  "$schema": "https://schema.management.azure.com/schemas/2019-04-01/deploymentTemplate.json#",
  "contentVersion": "1.0.2",
  "parameters": {
    "location": {
      "type": "string",
      "minLength": 1,
      "defaultValue": "[resourceGroup().location]",
      "metadata": {
        "description": "Not used, but needed to pass arm-ttk test `Location-Should-Not-Be-Hardcoded`.  We instead use the `workspace-location` which is derived from the LA workspace"
      }
    },
    "workspace": {
      "defaultValue": "",
      "type": "string",
      "metadata": {
        "description": "Workspace name for Log Analytics where Microsoft Sentinel is setup"
      }
    },
    "workspace-location": {
      "type": "string",
      "defaultValue": "",
      "metadata": {
        "description": "[concat('Region to deploy solution resources -- separate from location selection',parameters('location'))]"
      }
    }
  },
  "resources": [
    {
      "type": "Microsoft.OperationalInsights/workspaces/providers/contentTemplates",
      "name": "[concat(parameters('workspace'),'/Microsoft.SecurityInsights/',concat(concat(parameters('workspace'),'-ar-',uniquestring('89ba52fa-96a7-4653-829a-ca49bb13336c')),'1.0.2'))]",
      "location": "[parameters('workspace-location')]",
      "apiVersion": "2023-04-01-preview",
      "dependsOn": [
        "[extensionResourceId(resourceId('Microsoft.OperationalInsights/workspaces', parameters('workspace')), 'Microsoft.SecurityInsights/contentPackages', 'azuresentinel.azure-sentinel-solution-dns-domain')]"
      ],
      "properties": {
        "contentId": "89ba52fa-96a7-4653-829a-ca49bb13336c",
        "displayName": "Potential DGA(Domain Generation Algorithm) detected via Repetitive Failures - Static threshold based (ASIM DNS Solution)",
        "contentKind": "AnalyticsRule",
        "mainTemplate": {
          "$schema": "https://schema.management.azure.com/schemas/2019-04-01/deploymentTemplate.json#",
          "contentVersion": "1.0.2",
          "parameters": {},
          "variables": {},
          "resources": [
            {
              "type": "Microsoft.SecurityInsights/AlertRuleTemplates",
              "name": "89ba52fa-96a7-4653-829a-ca49bb13336c",
              "apiVersion": "2022-04-01-preview",
              "kind": "Scheduled",
              "location": "[parameters('workspace-location')]",
              "properties": {
                "description": "This rule identifies clients with a high NXDomain count, which could be indicative of a DGA (cycling through possible C2 domains where most C2s are not live). An alert is generated when a new IP address is seen (based on not being seen associated with NXDomain records in prior 10-day baseline period). It utilizes [ASIM](https://aka.ms/AboutASIM) normalization and is applied to any source that supports the ASIM DNS schema.",
                "displayName": "Potential DGA(Domain Generation Algorithm) detected via Repetitive Failures - Static threshold based (ASIM DNS Solution)",
                "enabled": false,
                "query": "let threshold = 100;\nlet lookback = 10d;\nlet referenceendtime = 1d;\nlet nxDomainDnsEvents = (stime: datetime, etime: datetime) {\n  _Im_Dns(responsecodename='NXDOMAIN', starttime=stime, endtime=etime)\n  | where DnsQueryTypeName in (\"A\", \"AAAA\")\n  | where ipv4_is_match(\"127.0.0.1\", SrcIpAddr) == False\n  | where DnsQuery !contains \"/\" and DnsQuery contains \".\"\n};\nnxDomainDnsEvents (stime=ago(referenceendtime), etime=now())\n| summarize\n  StartTimeUtc = min(TimeGenerated),\n  EndTimeUtc = max(TimeGenerated),\n  DNSQueryCount=dcount(DnsQuery)\n  by SrcIpAddr\n| where DNSQueryCount > threshold\n// Filter out previously seen IPs\n| join kind=leftanti (nxDomainDnsEvents (stime=ago(lookback), etime=ago(referenceendtime))\n  | summarize DNSQueryCount=dcount(DnsQuery) by SrcIpAddr, bin(TimeGenerated,1d)\n  | where DNSQueryCount > threshold)\n  on SrcIpAddr\n// Pull out sample NXDomain responses for those remaining potentially infected IPs\n| join kind = inner (nxDomainDnsEvents (stime=ago(lookback), etime=now())\n  | summarize by DnsQuery, SrcIpAddr)\n  on SrcIpAddr\n| summarize\n  StartTimeUtc = min(StartTimeUtc),\n  EndTimeUtc = max(EndTimeUtc),\n  DNSQueries=make_list(DnsQuery, 100)\n  by SrcIpAddr, DNSQueryCount\n| extend DNSQueryThreshold=threshold\n",
                "queryFrequency": "P1D",
                "queryPeriod": "P10D",
                "severity": "Medium",
                "suppressionDuration": "PT1H",
                "suppressionEnabled": false,
                "triggerOperator": "GreaterThan",
                "triggerThreshold": 0,
                "status": "Available",
                "tactics": [
                  "CommandAndControl"
                ],
                "techniques": [
                  "T1568",
                  "T1008"
                ],
                "entityMappings": [
                  {
                    "fieldMappings": [
                      {
                        "identifier": "Address",
                        "columnName": "SrcIpAddr"
                      }
                    ],
                    "entityType": "IP"
                  }
                ],
                "eventGroupingSettings": {
                  "aggregationKind": "AlertPerResult"
                },
                "customDetails": {
                  "DNSQueries": "DNSQueries",
                  "DNSQueryThreshold": "DNSQueryThreshold",
                  "DNSQueryCount": "DNSQueryCount"
                },
                "alertDetailsOverride": {
                  "alertDescriptionFormat": "Client has been identified with high NXDomain count which could be indicative of a DGA (cycling through possible C2 domains where most C2s are not live). This client is found to be communicating with multiple Domains which do not exist.\n\nDGA DNS query count baseline is: '{{DNSQueryThreshold}}'\n\nCurrent failed DNS query count from this client: '{{DNSQueryCount}}'\n\nDNS queries requested by this client inlcude: '{{DNSQueries}}'",
                  "alertDisplayNameFormat": "[Static threshold] Potential DGA (Domain Generation Algorithm) originating from client IP: '{{SrcIpAddr}}' has been detected."
                }
              }
            },
            {
              "type": "Microsoft.OperationalInsights/workspaces/providers/metadata",
              "apiVersion": "2022-01-01-preview",
              "name": "[concat(parameters('workspace'),'/Microsoft.SecurityInsights/',concat('AnalyticsRule-', last(split(resourceId('Microsoft.SecurityInsights/AlertRuleTemplates', '89ba52fa-96a7-4653-829a-ca49bb13336c'),'/'))))]",
              "properties": {
                "description": "DNS Essentials Analytics Rule 6",
                "parentId": "[resourceId('Microsoft.SecurityInsights/AlertRuleTemplates', '89ba52fa-96a7-4653-829a-ca49bb13336c')]",
                "contentId": "89ba52fa-96a7-4653-829a-ca49bb13336c",
                "kind": "AnalyticsRule",
                "version": "1.0.2",
                "source": {
                  "kind": "Solution",
                  "name": "DNS Essentials",
                  "sourceId": "azuresentinel.azure-sentinel-solution-dns-domain"
                },
                "author": {
                  "name": "Microsoft",
                  "email": "support@microsoft.com"
                },
                "support": {
                  "name": "Microsoft Corporation",
                  "email": "support@microsoft.com",
                  "tier": "Microsoft",
                  "link": "https://support.microsoft.com"
                }
              }
            }
          ]
        },
        "packageKind": "Solution",
        "packageVersion": "2.0.2",
        "packageName": "DNS Essentials",
        "packageId": "azuresentinel.azure-sentinel-solution-dns-domain",
        "contentProductId": "azuresentinel.azure-sentinel-solution-dns-domain-ar-d6lq2bzeqlxaw",
        "id": "azuresentinel.azure-sentinel-solution-dns-domain-ar-d6lq2bzeqlxaw",
        "contentSchemaVersion": "3.0.0",
        "version": "1.0.2"
      }
    }
  ]
}