{
  "$schema": "https://schema.management.azure.com/schemas/2019-04-01/deploymentTemplate.json#",
  "contentVersion": "1.0.0",
  "parameters": {
    "location": {
      "type": "string",
      "minLength": 1,
      "defaultValue": "[resourceGroup().location]",
      "metadata": {
        "description": "Not used, but needed to pass arm-ttk test `Location-Should-Not-Be-Hardcoded`.  We instead use the `workspace-location` which is derived from the LA workspace"
      }
    },
    "workspace": {
      "defaultValue": "",
      "type": "string",
      "metadata": {
        "description": "Workspace name for Log Analytics where Microsoft Sentinel is setup"
      }
    },
    "workspace-location": {
      "type": "string",
      "defaultValue": "",
      "metadata": {
        "description": "[concat('Region to deploy solution resources -- separate from location selection',parameters('location'))]"
      }
    }
  },
  "resources": [
    {
      "type": "Microsoft.OperationalInsights/workspaces/providers/contentTemplates",
      "name": "[concat(parameters('workspace'),'/Microsoft.SecurityInsights/',concat(concat(parameters('workspace'),'-hq-',uniquestring('a953f304-12e4-48ae-bedc-d58fb1b0c6a6')),'1.0.0'))]",
      "location": "[parameters('workspace-location')]",
      "apiVersion": "2023-04-01-preview",
      "dependsOn": [
        "[extensionResourceId(resourceId('Microsoft.OperationalInsights/workspaces', parameters('workspace')), 'Microsoft.SecurityInsights/contentPackages', 'azuresentinel.azure-sentinel-solution-endpointthreat')]"
      ],
      "properties": {
        "contentId": "a953f304-12e4-48ae-bedc-d58fb1b0c6a6",
        "displayName": "Unicode Obfuscation in Command Line",
        "contentKind": "HuntingQuery",
        "mainTemplate": {
          "$schema": "https://schema.management.azure.com/schemas/2019-04-01/deploymentTemplate.json#",
          "contentVersion": "1.0.0",
          "parameters": {},
          "variables": {},
          "resources": [
            {
              "type": "Microsoft.OperationalInsights/savedSearches",
              "apiVersion": "2020-08-01",
              "name": "Endpoint_Threat_Protection_Essentials_Hunting_Query_10",
              "location": "[parameters('workspace-location')]",
              "properties": {
                "eTag": "*",
                "displayName": "Unicode Obfuscation in Command Line",
                "category": "Hunting Queries",
                "query": "let lolbins = dynamic([\"cmd.exe\", \"powershell.exe\", \"find.exe\", \"PowerShell_ISE.exe\", \"wmic.exe\", \"winrs.exe\", \"winrm.cmd\", \"whoami.exe\", \"wevtutil.exe\", \"vssadmin.exe\", \"vbc.exe\", \"tasklist.exe\", \"takeown.exe\", \"taskkill.exe\", \"systeminfo.exe\", \"schtasks.exe\", \"sc.exe\", \"route.exe\", \"robocopy.cmd\", \"regsrv32.exe\", \"ping.exe\", \"nslookup.exe\", \"netstat.exe\", \"netsh.exe\", \"net.exe\", \"msiexec.exe\", \"mpcmdrun.exe\", \"jsc.exe\", \"ipconfig.exe\", \"icals.exe\", \"forfiles.exe\", \"fltmc.exe\", \"findstr.exe\", \"curl.exe\", \"csc.exe\", \"cmstp.exe\", \"cmdkey.exe\", \"certutils.exe\", \"cacls.exe\", \"bitsadmin.exe\", \"at.exe\", \"arp.exe\"]);\n(union isfuzzy=true\n(SecurityEvent\n| where Process in~ (lolbins)\n| where isnotempty(CommandLine)\n| extend CommandLine = translate('–”“', '-\"\"', CommandLine)\n| extend ASCII = isascii(CommandLine)\n| where ASCII == false),\n(DeviceProcessEvents\n| where isnotempty(InitiatingProcessCommandLine)\n| extend CommandLine = translate('–”“', '-\"\"', InitiatingProcessCommandLine)\n| extend ASCII = isascii(CommandLine)\n| where ASCII == false\n| extend Account = AccountName, Computer = DeviceName),\n(imProcessCreate\n| where isnotempty(ActingProcessCommandLine)\n| extend CommandLine = translate('–”“', '-\"\"', ActingProcessCommandLine)\n| extend ASCII = isascii(CommandLine)\n| where ASCII == false\n| extend Account = ActorUsername, Computer = DvcHostname))\n| summarize Computers=make_set(Computer), Users=make_set(Account), NumberOfTimesRun = dcount(TimeGenerated), FirstSeen=min(TimeGenerated), LastSeen=max(TimeGenerated) by Process, CommandLine\n| extend NumberOfComputers = array_length(Computers), NumberOfUsers = array_length(Users)\n| project-reorder FirstSeen, LastSeen, CommandLine, Process, NumberOfComputers, NumberOfTimesRun, Computers, Users\n| extend timestamp = FirstSeen\n",
                "version": 2,
                "tags": [
                  {
                    "name": "description",
                    "value": "The query looks for Command Lines that contain non ASCII characaters. Insertion of these characters could be used to evade detections.\nCommand lines should be reviewed to determine whether inclusion of non ASCII characters was deliberate or not.\nRef: https://www.wietzebeukema.nl/blog/windows-command-line-obfuscation"
                  },
                  {
                    "name": "tactics",
                    "value": "DefenseEvasion"
                  },
                  {
                    "name": "techniques",
                    "value": "T1027"
                  }
                ]
              }
            },
            {
              "type": "Microsoft.OperationalInsights/workspaces/providers/metadata",
              "apiVersion": "2022-01-01-preview",
              "name": "[concat(parameters('workspace'),'/Microsoft.SecurityInsights/',concat('HuntingQuery-', last(split(resourceId('Microsoft.OperationalInsights/savedSearches', 'a953f304-12e4-48ae-bedc-d58fb1b0c6a6'),'/'))))]",
              "properties": {
                "description": "Endpoint Threat Protection Essentials Hunting Query 10",
                "parentId": "[resourceId('Microsoft.OperationalInsights/savedSearches', 'a953f304-12e4-48ae-bedc-d58fb1b0c6a6')]",
                "contentId": "a953f304-12e4-48ae-bedc-d58fb1b0c6a6",
                "kind": "HuntingQuery",
                "version": "1.0.0",
                "source": {
                  "kind": "Solution",
                  "name": "Endpoint Threat Protection Essentials",
                  "sourceId": "azuresentinel.azure-sentinel-solution-endpointthreat"
                },
                "author": {
                  "name": "Microsoft",
                  "email": "support@microsoft.com"
                },
                "support": {
                  "name": "Microsoft Corporation",
                  "email": "support@microsoft.com",
                  "tier": "Microsoft",
                  "link": "https://support.microsoft.com"
                }
              }
            }
          ]
        },
        "packageKind": "Solution",
        "packageVersion": "2.0.1",
        "packageName": "Endpoint Threat Protection Essentials",
        "packageId": "azuresentinel.azure-sentinel-solution-endpointthreat",
        "contentProductId": "azuresentinel.azure-sentinel-solution-endpointthre-hq-kg64owmoqiiq4",
        "id": "azuresentinel.azure-sentinel-solution-endpointthre-hq-kg64owmoqiiq4",
        "contentSchemaVersion": "3.0.0",
        "version": "1.0.0"
      }
    }
  ]
}