{
  "$schema": "https://schema.management.azure.com/schemas/2019-04-01/deploymentTemplate.json#",
  "contentVersion": "1.0.3",
  "parameters": {
    "location": {
      "type": "string",
      "minLength": 1,
      "defaultValue": "[resourceGroup().location]",
      "metadata": {
        "description": "Not used, but needed to pass arm-ttk test `Location-Should-Not-Be-Hardcoded`.  We instead use the `workspace-location` which is derived from the LA workspace"
      }
    },
    "workspace": {
      "defaultValue": "",
      "type": "string",
      "metadata": {
        "description": "Workspace name for Log Analytics where Microsoft Sentinel is setup"
      }
    },
    "workspace-location": {
      "type": "string",
      "defaultValue": "",
      "metadata": {
        "description": "[concat('Region to deploy solution resources -- separate from location selection',parameters('location'))]"
      }
    }
  },
  "resources": [
    {
      "type": "Microsoft.OperationalInsights/workspaces/providers/contentTemplates",
      "name": "[concat(parameters('workspace'),'/Microsoft.SecurityInsights/',concat(concat(parameters('workspace'),'-ar-',uniquestring('d6491be0-ab2d-439d-95d6-ad8ea39277c5')),'1.0.3'))]",
      "location": "[parameters('workspace-location')]",
      "apiVersion": "2023-04-01-preview",
      "dependsOn": [
        "[extensionResourceId(resourceId('Microsoft.OperationalInsights/workspaces', parameters('workspace')), 'Microsoft.SecurityInsights/contentPackages', 'azuresentinel.azure-sentinel-solution-azurekeyvault')]"
      ],
      "properties": {
        "contentId": "d6491be0-ab2d-439d-95d6-ad8ea39277c5",
        "displayName": "Sensitive Azure Key Vault operations",
        "contentKind": "AnalyticsRule",
        "mainTemplate": {
          "$schema": "https://schema.management.azure.com/schemas/2019-04-01/deploymentTemplate.json#",
          "contentVersion": "1.0.3",
          "parameters": {},
          "variables": {},
          "resources": [
            {
              "type": "Microsoft.SecurityInsights/AlertRuleTemplates",
              "name": "d6491be0-ab2d-439d-95d6-ad8ea39277c5",
              "apiVersion": "2022-04-01-preview",
              "kind": "Scheduled",
              "location": "[parameters('workspace-location')]",
              "properties": {
                "description": "Identifies when sensitive Azure Key Vault operations are used. This includes: VaultDelete, KeyDelete, SecretDelete, SecretPurge, KeyPurge, SecretBackup, KeyBackup.\nAny Backup operations should match with expected scheduled backup activity.",
                "displayName": "Sensitive Azure Key Vault operations",
                "enabled": false,
                "query": "let SensitiveOperationList = dynamic(\n[\"VaultDelete\", \"KeyDelete\", \"SecretDelete\", \"SecretPurge\", \"KeyPurge\", \"SecretBackup\", \"KeyBackup\"]);\nAzureDiagnostics\n| where ResourceType =~ \"VAULTS\" and ResultType =~ \"Success\"\n| where OperationName in~ (SensitiveOperationList)\n| extend ResultType = column_ifexists(\"ResultType\", \"NoResultType\"), \nrequestUri_s = column_ifexists(\"requestUri_s\", \"None\"), \nidentity_claim_oid_g = column_ifexists(\"identity_claim_oid_g\", \"None\"), CallerIPAddress = column_ifexists(\"CallerIPAddress\", \"None\"), \nclientInfo_s = column_ifexists(\"clientInfo_s\", \"None\"), \nidentity_claim_upn_s = column_ifexists(\"identity_claim_upn_s\", \"None\")\n| summarize EventCount=count(), StartTimeUtc=min(TimeGenerated), EndTimeUtc=max(TimeGenerated), TimeTriggered=make_list(TimeGenerated),OperationNameList=make_set(OperationName), RequestURLList=make_set(requestUri_s), CallerIPList = make_set(CallerIPAddress),  CallerIPMax= arg_max(CallerIPAddress,*) by ResourceType, ResultType, Resource, identity_claim_upn_s, clientInfo_s\n| extend timestamp = StartTimeUtc\n| extend Name = tostring(split(identity_claim_upn_s,'@',0)[0]), UPNSuffix = tostring(split(identity_claim_upn_s,'@',1)[0])\n",
                "queryFrequency": "P1D",
                "queryPeriod": "P1D",
                "severity": "Low",
                "suppressionDuration": "PT1H",
                "suppressionEnabled": false,
                "triggerOperator": "GreaterThan",
                "triggerThreshold": 0,
                "status": "Available",
                "requiredDataConnectors": [
                  {
                    "connectorId": "AzureKeyVault",
                    "dataTypes": [
                      "KeyVaultData"
                    ]
                  }
                ],
                "tactics": [
                  "Impact"
                ],
                "techniques": [
                  "T1485"
                ],
                "entityMappings": [
                  {
                    "entityType": "Account",
                    "fieldMappings": [
                      {
                        "identifier": "Name",
                        "columnName": "Name"
                      },
                      {
                        "identifier": "UPNSuffix",
                        "columnName": "UPNSuffix"
                      }
                    ]
                  },
                  {
                    "entityType": "IP",
                    "fieldMappings": [
                      {
                        "identifier": "Address",
                        "columnName": "CallerIPMax"
                      }
                    ]
                  }
                ]
              }
            },
            {
              "type": "Microsoft.OperationalInsights/workspaces/providers/metadata",
              "apiVersion": "2022-01-01-preview",
              "name": "[concat(parameters('workspace'),'/Microsoft.SecurityInsights/',concat('AnalyticsRule-', last(split(resourceId('Microsoft.SecurityInsights/AlertRuleTemplates', 'd6491be0-ab2d-439d-95d6-ad8ea39277c5'),'/'))))]",
              "properties": {
                "description": "Azure Key Vault Analytics Rule 1",
                "parentId": "[resourceId('Microsoft.SecurityInsights/AlertRuleTemplates', 'd6491be0-ab2d-439d-95d6-ad8ea39277c5')]",
                "contentId": "d6491be0-ab2d-439d-95d6-ad8ea39277c5",
                "kind": "AnalyticsRule",
                "version": "1.0.3",
                "source": {
                  "kind": "Solution",
                  "name": "Azure Key Vault",
                  "sourceId": "azuresentinel.azure-sentinel-solution-azurekeyvault"
                },
                "author": {
                  "name": "Microsoft",
                  "email": "support@microsoft.com"
                },
                "support": {
                  "name": "Microsoft Corporation",
                  "email": "support@microsoft.com",
                  "tier": "Microsoft",
                  "link": "https://support.microsoft.com"
                }
              }
            }
          ]
        },
        "packageKind": "Solution",
        "packageVersion": "2.0.5",
        "packageName": "Azure Key Vault",
        "packageId": "azuresentinel.azure-sentinel-solution-azurekeyvault",
        "contentProductId": "azuresentinel.azure-sentinel-solution-azurekeyvaul-ar-as6ax6du3e5qq",
        "id": "azuresentinel.azure-sentinel-solution-azurekeyvaul-ar-as6ax6du3e5qq",
        "contentSchemaVersion": "3.0.0",
        "version": "1.0.3"
      }
    }
  ]
}