{
  "$schema": "https://schema.management.azure.com/schemas/2019-04-01/deploymentTemplate.json#",
  "contentVersion": "1.1.3",
  "parameters": {
    "location": {
      "type": "string",
      "minLength": 1,
      "defaultValue": "[resourceGroup().location]",
      "metadata": {
        "description": "Not used, but needed to pass arm-ttk test `Location-Should-Not-Be-Hardcoded`.  We instead use the `workspace-location` which is derived from the LA workspace"
      }
    },
    "workspace": {
      "defaultValue": "",
      "type": "string",
      "metadata": {
        "description": "Workspace name for Log Analytics where Microsoft Sentinel is setup"
      }
    }
  },
  "resources": [
    {
      "type": "Microsoft.OperationalInsights/workspaces/providers/contentTemplates",
      "name": "[concat(parameters('workspace'),'/Microsoft.SecurityInsights/',concat(concat(parameters('workspace'),'-ar-',uniquestring('825991eb-ea39-4590-9de2-ee97ef42eb93')),'1.1.3'))]",
      "location": "[parameters('workspace-location')]",
      "apiVersion": "2023-04-01-preview",
      "dependsOn": [
        "[extensionResourceId(resourceId('Microsoft.OperationalInsights/workspaces', parameters('workspace')), 'Microsoft.SecurityInsights/contentPackages', 'azuresentinel.azure-sentinel-solution-ioclegacy')]"
      ],
      "properties": {
        "contentId": "825991eb-ea39-4590-9de2-ee97ef42eb93",
        "displayName": "ACTINIUM Actor IOCs - Feb 2022",
        "contentKind": "AnalyticsRule",
        "mainTemplate": {
          "$schema": "https://schema.management.azure.com/schemas/2019-04-01/deploymentTemplate.json#",
          "contentVersion": "1.1.3",
          "parameters": {},
          "variables": {},
          "resources": [
            {
              "type": "Microsoft.SecurityInsights/AlertRuleTemplates",
              "name": "825991eb-ea39-4590-9de2-ee97ef42eb93",
              "apiVersion": "2022-04-01-preview",
              "kind": "Scheduled",
              "location": "[parameters('workspace-location')]",
              "properties": {
                "description": "Identifies a match across various data feeds for domains, hashes and commands related to an actor tracked by Microsoft as Actinium.",
                "displayName": "ACTINIUM Actor IOCs - Feb 2022",
                "enabled": false,
                "query": "let iocs = externaldata(DateAdded:string,IoC:string,Type:string) [@\"https://raw.githubusercontent.com/Azure/Azure-Sentinel/master/Sample%20Data/Feeds/ActiniumIOC.csv\"] with (format=\"csv\", ignoreFirstRecord=True);\nlet domains = (iocs | where Type =~ \"domainname\"| project IoC);\nlet sha256Hashes = (iocs | where Type =~ \"sha256\" | project IoC);\n(union isfuzzy=true\n(DeviceProcessEvents\n| where InitiatingProcessSHA256 in (sha256Hashes) or SHA256 in (sha256Hashes) or  (ProcessCommandLine has ('schtasks.exe /CREATE /sc minute /mo 12 /tn')  and ProcessCommandLine has ('/tr \"wscript.exe') and ProcessCommandLine has ('\"%PUBLIC%\\\\Pictures\\\\') and ProcessCommandLine has ('//e:VBScript //b\" /F')) or (ProcessCommandLine has ('wscript.exe C:\\\\Users\\\\') and ProcessCommandLine has ('.wav') and  ProcessCommandLine has ('//e:VBScript //b') \nor (ProcessCommandLine has_all (\"schtasks.exe\", \"create\", \"wscript\", \"e:vbscript\", \".wav\")))\n| project TimeGenerated, ActionType, DeviceId, DeviceName, ProcessCommandLine, InitiatingProcessAccountName, InitiatingProcessCommandLine, FolderPath, InitiatingProcessFolderPath, ProcessId, InitiatingProcessId, InitiatingProcessParentFileName, InitiatingProcessFileName,  InitiatingProcessSHA256, Type, AccountName, SHA256, FileName\n| extend Account = AccountName, Computer = DeviceName,  FileHash = case(InitiatingProcessSHA256 in (sha256Hashes), \"InitiatingProcessSHA256\", SHA256 in (sha256Hashes), \"SHA256\", \"No Match\")\n| extend timestamp = TimeGenerated, HostCustomEntity = Computer , AccountCustomEntity = Account, ProcessCustomEntity = FileName, FileHashCustomEntity = case(FileHash == \"InitiatingProcessSHA256\", InitiatingProcessSHA256, FileHash == \"SHA256\", SHA256, \"No Match\"), AlgorithmCustomEntity = \"SHA256\"\n),\n( SecurityEvent\n| where EventID == 4688\n| where (CommandLine has ('schtasks.exe /CREATE /sc minute /mo 12 /tn')  and CommandLine has ('/tr \"wscript.exe') and CommandLine has ('\"%PUBLIC%\\\\Pictures\\\\') and CommandLine has ('//e:VBScript //b\" /F')) or (CommandLine has ('wscript.exe C:\\\\Users\\\\') and CommandLine has ('.wav') and  CommandLine has ('//e:VBScript //b'))\n| project TimeGenerated, Computer, NewProcessName, ParentProcessName, Account, NewProcessId, Type, EventID\n| extend timestamp = TimeGenerated, HostCustomEntity = Computer , AccountCustomEntity = Account, ProcessCustomEntity = NewProcessName\n),\n( CommonSecurityLog\n| where FileHash in (sha256Hashes)\n| project TimeGenerated, Message, SourceUserID, FileHash, Type\n| extend timestamp = TimeGenerated, FileHashCustomEntity = FileHash, Account = SourceUserID, AlgorithmCustomEntity = \"SHA256\"\n),\n( imFileEvent\n| where Hash in~ (sha256Hashes) or  (ActingProcessCommandLine  has ('schtasks.exe /CREATE /sc minute /mo 12 /tn')  and ActingProcessCommandLine  has ('/tr \"wscript.exe') and ActingProcessCommandLine  has ('\"%PUBLIC%\\\\Pictures\\\\') and ActingProcessCommandLine  has ('//e:VBScript //b\" /F')) or (ActingProcessCommandLine  has ('wscript.exe C:\\\\Users\\\\') and ActingProcessCommandLine  has ('.wav') and  ActingProcessCommandLine  has ('//e:VBScript //b') \n or (ActingProcessCommandLine has_all (\"schtasks.exe\", \"create\", \"wscript\", \"e:vbscript\", \".wav\")))\n| extend Account = ActorUsername, Computer = DvcHostname, IPAddress = SrcIpAddr, CommandLine = ActingProcessCommandLine, FileHash = Hash\n| project Type, TimeGenerated, Computer, Account, IPAddress, CommandLine, FileHash\n| extend timestamp = TimeGenerated, AccountCustomEntity = Account, HostCustomEntity = Computer, FileHashCustomEntity = FileHash, AlgorithmCustomEntity = \"SHA256\"\n),\n(Event\n| where Source == \"Microsoft-Windows-Sysmon\"\n| where EventID == 1\n| extend EvData = parse_xml(EventData)\n| extend EventDetail = EvData.DataItem.EventData.Data\n| extend Image = EventDetail.[4].[\"#text\"],  CommandLine = EventDetail.[10].[\"#text\"], Hashes = tostring(EventDetail.[17].[\"#text\"])\n| extend Hashes = extract_all(@\"(?P<key>\\w+)=(?P<value>[a-zA-Z0-9]+)\", dynamic([\"key\",\"value\"]), Hashes)\n| extend Hashes = column_ifexists(\"Hashes\", \"\"), CommandLine = column_ifexists(\"CommandLine\", \"\")\n| extend Hashes = todynamic(Hashes) | mv-expand Hashes\n| where (Hashes[0] =~ \"SHA256\" and Hashes[1] has_any (sha256Hashes)) or (CommandLine has ('schtasks.exe /CREATE /sc minute /mo 12 /tn')  and CommandLine has ('/tr \"wscript.exe') and CommandLine has ('\"%PUBLIC%\\\\Pictures\\\\') and CommandLine has ('//e:VBScript //b\" /F')) or (CommandLine has ('wscript.exe C:\\\\Users\\\\') and CommandLine has ('.wav') and  CommandLine has ('//e:VBScript //b') or (CommandLine has_all (\"schtasks.exe\", \"create\", \"wscript\", \"e:vbscript\", \".wav\")))\n| project TimeGenerated, EventDetail, UserName, Computer, Type, Source, Hashes, CommandLine, Image\n| extend Type = strcat(Type, \": \", Source)\n| extend timestamp = TimeGenerated, HostCustomEntity = Computer , AccountCustomEntity = UserName, ProcessCustomEntity = tostring(split(Image, '\\\\', -1)[-1]), FileHashCustomEntity = tostring(Hashes[1]), AlgorithmCustomEntity = \"SHA256\"\n),\n(DnsEvents\n| where Name in~ (domains)  \n| project TimeGenerated, Computer, IPAddresses, Name, ClientIP, Type\n| extend DestinationIPAddress = IPAddresses, DNSName = Name, Computer \n| extend timestamp = TimeGenerated, IPCustomEntity = DestinationIPAddress\n),\n(VMConnection\n| where RemoteDnsCanonicalNames has_any (domains)\n| parse RemoteDnsCanonicalNames with * '[\"' DNSName '\"]' *\n| project TimeGenerated, Computer, Direction, ProcessName, SourceIp, DestinationIp, DestinationPort, RemoteDnsQuestions, DNSName,BytesSent, BytesReceived, RemoteCountry, Type\n| extend timestamp = TimeGenerated, IPCustomEntity = DestinationIp, File = ProcessName\n),\n(AzureDiagnostics \n| where ResourceType == \"AZUREFIREWALLS\"\n| where Category == \"AzureFirewallApplicationRule\"\n| project TimeGenerated,Resource, msg_s, Type\n| parse msg_s with Protocol 'request from ' SourceHost ':' SourcePort 'to ' DestinationHost ':' DestinationPort '. Action:' Action\n| where isnotempty(DestinationHost)\n| where DestinationHost has_any (domains)  \n| extend timestamp = TimeGenerated, DNSName = DestinationHost, IPCustomEntity = SourceHost\n),\n(AzureDiagnostics\n| where ResourceType == \"AZUREFIREWALLS\"\n| where Category == \"AzureFirewallDnsProxy\"\n| project TimeGenerated,Resource, msg_s, Type\n| parse msg_s with \"DNS Request: \" ClientIP \":\" ClientPort \" - \" QueryID \" \" Request_Type \" \" Request_Class \" \" Request_Name \". \" Request_Protocol \" \" Request_Size \" \" EDNSO_DO \" \" EDNS0_Buffersize \" \" Responce_Code \" \" Responce_Flags \" \" Responce_Size \" \" Response_Duration\n| where  Request_Name  has_any (domains)\n| extend timestamp = TimeGenerated, DNSName = Request_Name, IPCustomEntity = ClientIP\n),\n(AZFWApplicationRule\n| where isnotempty(Fqdn)\n| where Fqdn has_any (domains)  \n| extend timestamp = TimeGenerated, DNSName = Fqdn, IPCustomEntity = SourceIp\n),\n(AZFWDnsQuery\n| where isnotempty(QueryName)\n| where QueryName has_any (domains)\n| extend timestamp = TimeGenerated, DNSName = QueryName, IPCustomEntity = SourceIp\n),\n(DeviceNetworkEvents \n| where isnotempty(RemoteUrl) \n| where RemoteUrl  in~ (domains)  \n| project Type, TimeGenerated, DeviceName, RemoteIP, RemoteUrl, InitiatingProcessAccountName\n| extend timestamp = TimeGenerated, HostCustomEntity = DeviceName , AccountCustomEntity = InitiatingProcessAccountName, DNSName = RemoteUrl, IPCustomEntity = RemoteIP\n)\n)\n",
                "queryFrequency": "PT6H",
                "queryPeriod": "PT6H",
                "severity": "High",
                "suppressionDuration": "PT1H",
                "suppressionEnabled": false,
                "triggerOperator": "GreaterThan",
                "triggerThreshold": 0,
                "status": "Available",
                "requiredDataConnectors": [
                  {
                    "connectorId": "DNS",
                    "dataTypes": [
                      "DnsEvents"
                    ]
                  },
                  {
                    "connectorId": "AzureMonitor(VMInsights)",
                    "dataTypes": [
                      "VMConnection"
                    ]
                  },
                  {
                    "connectorId": "F5",
                    "dataTypes": [
                      "CommonSecurityLog"
                    ]
                  },
                  {
                    "connectorId": "CiscoASA",
                    "dataTypes": [
                      "CommonSecurityLog"
                    ]
                  },
                  {
                    "connectorId": "PaloAltoNetworks",
                    "dataTypes": [
                      "CommonSecurityLog"
                    ]
                  },
                  {
                    "connectorId": "Fortinet",
                    "dataTypes": [
                      "CommonSecurityLog"
                    ]
                  },
                  {
                    "connectorId": "CheckPoint",
                    "dataTypes": [
                      "CommonSecurityLog"
                    ]
                  },
                  {
                    "connectorId": "CEF",
                    "dataTypes": [
                      "CommonSecurityLog"
                    ]
                  },
                  {
                    "connectorId": "MicrosoftThreatProtection",
                    "dataTypes": [
                      "DeviceNetworkEvents",
                      "DeviceProcessEvents"
                    ]
                  },
                  {
                    "connectorId": "SecurityEvents",
                    "dataTypes": [
                      "SecurityEvent"
                    ]
                  },
                  {
                    "connectorId": "AzureFirewall",
                    "dataTypes": [
                      "AzureDiagnostics",
                      "AZFWApplicationRule",
                      "AZFWDnsQuery"
                    ]
                  }
                ],
                "tactics": [
                  "Persistence"
                ],
                "techniques": [
                  "T1137"
                ],
                "entityMappings": [
                  {
                    "fieldMappings": [
                      {
                        "columnName": "AccountCustomEntity",
                        "identifier": "FullName"
                      }
                    ],
                    "entityType": "Account"
                  },
                  {
                    "fieldMappings": [
                      {
                        "columnName": "HostCustomEntity",
                        "identifier": "FullName"
                      }
                    ],
                    "entityType": "Host"
                  },
                  {
                    "fieldMappings": [
                      {
                        "columnName": "IPCustomEntity",
                        "identifier": "Address"
                      }
                    ],
                    "entityType": "IP"
                  },
                  {
                    "fieldMappings": [
                      {
                        "columnName": "AlgorithmCustomEntity",
                        "identifier": "Algorithm"
                      },
                      {
                        "columnName": "FileHashCustomEntity",
                        "identifier": "Value"
                      }
                    ],
                    "entityType": "FileHash"
                  },
                  {
                    "fieldMappings": [
                      {
                        "columnName": "ProcessCustomEntity",
                        "identifier": "ProcessId"
                      }
                    ],
                    "entityType": "Process"
                  }
                ]
              }
            },
            {
              "type": "Microsoft.OperationalInsights/workspaces/providers/metadata",
              "apiVersion": "2022-01-01-preview",
              "name": "[concat(parameters('workspace'),'/Microsoft.SecurityInsights/',concat('AnalyticsRule-', last(split(resourceId('Microsoft.SecurityInsights/AlertRuleTemplates', '825991eb-ea39-4590-9de2-ee97ef42eb93'),'/'))))]",
              "properties": {
                "description": "Legacy IOC based Threat Protection Analytics Rule 1",
                "parentId": "[resourceId('Microsoft.SecurityInsights/AlertRuleTemplates', '825991eb-ea39-4590-9de2-ee97ef42eb93')]",
                "contentId": "825991eb-ea39-4590-9de2-ee97ef42eb93",
                "kind": "AnalyticsRule",
                "version": "1.1.3",
                "source": {
                  "kind": "Solution",
                  "name": "Legacy IOC based Threat Protection",
                  "sourceId": "azuresentinel.azure-sentinel-solution-ioclegacy"
                },
                "author": {
                  "name": "Microsoft",
                  "email": "support@microsoft.com"
                },
                "support": {
                  "name": "Microsoft Corporation",
                  "email": "support@microsoft.com",
                  "tier": "Microsoft",
                  "link": "https://support.microsoft.com"
                }
              }
            }
          ]
        },
        "packageKind": "Solution",
        "packageVersion": "2.0.7",
        "packageName": "Legacy IOC based Threat Protection",
        "packageId": "azuresentinel.azure-sentinel-solution-ioclegacy",
        "contentProductId": "azuresentinel.azure-sentinel-solution-ioclegacy-ar-p6ebm6tuaff2c",
        "id": "azuresentinel.azure-sentinel-solution-ioclegacy-ar-p6ebm6tuaff2c",
        "contentSchemaVersion": "3.0.0"
      }
    }
  ]
}