{
  "$schema": "https://schema.management.azure.com/schemas/2019-04-01/deploymentTemplate.json#",
  "contentVersion": "1.0.2",
  "parameters": {
    "location": {
      "type": "string",
      "minLength": 1,
      "defaultValue": "[resourceGroup().location]",
      "metadata": {
        "description": "Not used, but needed to pass arm-ttk test `Location-Should-Not-Be-Hardcoded`.  We instead use the `workspace-location` which is derived from the LA workspace"
      }
    },
    "workspace": {
      "defaultValue": "",
      "type": "string",
      "metadata": {
        "description": "Workspace name for Log Analytics where Microsoft Sentinel is setup"
      }
    },
    "workspace-location": {
      "type": "string",
      "defaultValue": "",
      "metadata": {
        "description": "[concat('Region to deploy solution resources -- separate from location selection',parameters('location'))]"
      }
    }
  },
  "resources": [
    {
      "type": "Microsoft.OperationalInsights/workspaces/providers/contentTemplates",
      "name": "[concat(parameters('workspace'),'/Microsoft.SecurityInsights/',concat(concat(parameters('workspace'),'-ar-',uniquestring('972c89fa-c969-4d12-932f-04d55d145299')),'1.0.2'))]",
      "location": "[parameters('workspace-location')]",
      "apiVersion": "2023-04-01-preview",
      "dependsOn": [
        "[extensionResourceId(resourceId('Microsoft.OperationalInsights/workspaces', parameters('workspace')), 'Microsoft.SecurityInsights/contentPackages', 'azuresentinel.azure-sentinel-solution-ioclegacy')]"
      ],
      "properties": {
        "contentId": "972c89fa-c969-4d12-932f-04d55d145299",
        "displayName": "MSHTML vulnerability CVE-2021-40444 attack",
        "contentKind": "AnalyticsRule",
        "mainTemplate": {
          "$schema": "https://schema.management.azure.com/schemas/2019-04-01/deploymentTemplate.json#",
          "contentVersion": "1.0.2",
          "parameters": {},
          "variables": {},
          "resources": [
            {
              "type": "Microsoft.SecurityInsights/AlertRuleTemplates",
              "name": "972c89fa-c969-4d12-932f-04d55d145299",
              "apiVersion": "2022-04-01-preview",
              "kind": "Scheduled",
              "location": "[parameters('workspace-location')]",
              "properties": {
                "description": "This query detects attacks that exploit the CVE-2021-40444 MSHTML vulnerability using specially crafted Microsoft Office documents. \n The detection searches for relevant files used in the attack along with regex matches in commnadline to look for pattern similar to : \".cpl:../../msword.inf\"\n Refrence: https://www.microsoft.com/security/blog/2021/09/15/analyzing-attacks-that-exploit-the-mshtml-cve-2021-40444-vulnerability/",
                "displayName": "MSHTML vulnerability CVE-2021-40444 attack",
                "enabled": false,
                "query": "( union isfuzzy=true\n(SecurityEvent\n| where EventID==4688\n| where isnotempty(CommandLine)\n| extend FileName = Process, ProcessCommandLine = CommandLine\n| where (FileName in~('control.exe','rundll32.exe') and ProcessCommandLine has '.cpl:')\n  or ProcessCommandLine matches regex @'\\\".[a-zA-Z]{2,4}:\\.\\.\\/\\.\\.'\n| extend timestamp = TimeGenerated, AccountCustomEntity = Account, HostCustomEntity = Computer\n),\n(DeviceProcessEvents\n| where (FileName in~('control.exe','rundll32.exe') and ProcessCommandLine has '.cpl:')\nor ProcessCommandLine matches regex @'\\\".[a-zA-Z]{2,4}:\\.\\.\\/\\.\\.'\n| extend timestamp = TimeGenerated, AccountCustomEntity = InitiatingProcessAccountUpn, HostCustomEntity = DeviceName\n),\n(Event\n| where Source == \"Microsoft-Windows-Sysmon\"\n| where EventID == 1 \n| extend EventData = parse_xml(EventData).DataItem.EventData.Data\n| mv-expand bagexpansion=array EventData\n| evaluate bag_unpack(EventData)\n| extend Key = tostring(column_ifexists('@Name', \"\")), Value = column_ifexists('#text', \"\")\n| evaluate pivot(Key, any(Value), TimeGenerated, Source, EventLog, Computer, EventLevel, EventLevelName, UserName, RenderedDescription, MG, ManagementGroupName, Type, _ResourceId)\n| extend Image = column_ifexists(\"Image\", \"\"), ProcessCommandLine = column_ifexists(\"CommandLine\", \"\")\n| extend FileName = split(Image, '\\\\', -1)[-1]\n| where (FileName in~('control.exe','rundll32.exe') and ProcessCommandLine has '.cpl:')\n  or ProcessCommandLine matches regex @'\\\".[a-zA-Z]{2,4}:\\.\\.\\/\\.\\.'\n| extend timestamp = TimeGenerated, AccountCustomEntity = UserName, HostCustomEntity = Computer\n)\n)\n",
                "queryFrequency": "PT1H",
                "queryPeriod": "PT1H",
                "severity": "High",
                "suppressionDuration": "PT1H",
                "suppressionEnabled": false,
                "triggerOperator": "GreaterThan",
                "triggerThreshold": 0,
                "status": "Available",
                "requiredDataConnectors": [
                  {
                    "connectorId": "SecurityEvents",
                    "dataTypes": [
                      "SecurityEvent"
                    ]
                  },
                  {
                    "connectorId": "MicrosoftThreatProtection",
                    "dataTypes": [
                      "DeviceProcessEvents"
                    ]
                  }
                ],
                "tactics": [
                  "Execution"
                ],
                "techniques": [
                  "T1203"
                ],
                "entityMappings": [
                  {
                    "fieldMappings": [
                      {
                        "columnName": "AccountCustomEntity",
                        "identifier": "FullName"
                      }
                    ],
                    "entityType": "Account"
                  },
                  {
                    "fieldMappings": [
                      {
                        "columnName": "HostCustomEntity",
                        "identifier": "FullName"
                      }
                    ],
                    "entityType": "Host"
                  }
                ]
              }
            },
            {
              "type": "Microsoft.OperationalInsights/workspaces/providers/metadata",
              "apiVersion": "2022-01-01-preview",
              "name": "[concat(parameters('workspace'),'/Microsoft.SecurityInsights/',concat('AnalyticsRule-', last(split(resourceId('Microsoft.SecurityInsights/AlertRuleTemplates', '972c89fa-c969-4d12-932f-04d55d145299'),'/'))))]",
              "properties": {
                "description": "Legacy IOC based Threat Protection Analytics Rule 19",
                "parentId": "[resourceId('Microsoft.SecurityInsights/AlertRuleTemplates', '972c89fa-c969-4d12-932f-04d55d145299')]",
                "contentId": "972c89fa-c969-4d12-932f-04d55d145299",
                "kind": "AnalyticsRule",
                "version": "1.0.2",
                "source": {
                  "kind": "Solution",
                  "name": "Legacy IOC based Threat Protection",
                  "sourceId": "azuresentinel.azure-sentinel-solution-ioclegacy"
                },
                "author": {
                  "name": "Microsoft",
                  "email": "support@microsoft.com"
                },
                "support": {
                  "name": "Microsoft Corporation",
                  "email": "support@microsoft.com",
                  "tier": "Microsoft",
                  "link": "https://support.microsoft.com"
                }
              }
            }
          ]
        },
        "packageKind": "Solution",
        "packageVersion": "2.0.7",
        "packageName": "Legacy IOC based Threat Protection",
        "packageId": "azuresentinel.azure-sentinel-solution-ioclegacy",
        "contentProductId": "azuresentinel.azure-sentinel-solution-ioclegacy-ar-s5vmadnvhtq2o",
        "id": "azuresentinel.azure-sentinel-solution-ioclegacy-ar-s5vmadnvhtq2o",
        "contentSchemaVersion": "3.0.0"
      }
    }
  ]
}