{
  "$schema": "https://schema.management.azure.com/schemas/2019-04-01/deploymentTemplate.json#",
  "contentVersion": "1.1",
  "parameters": {
    "location": {
      "type": "string",
      "minLength": 1,
      "defaultValue": "[resourceGroup().location]",
      "metadata": {
        "description": "Not used, but needed to pass arm-ttk test `Location-Should-Not-Be-Hardcoded`.  We instead use the `workspace-location` which is derived from the LA workspace"
      }
    },
    "workspace": {
      "defaultValue": "",
      "type": "string",
      "metadata": {
        "description": "Workspace name for Log Analytics where Microsoft Sentinel is setup"
      }
    },
    "workspace-location": {
      "type": "string",
      "defaultValue": "",
      "metadata": {
        "description": "[concat('Region to deploy solution resources -- separate from location selection',parameters('location'))]"
      }
    }
  },
  "resources": [
    {
      "type": "Microsoft.OperationalInsights/workspaces/providers/contentTemplates",
      "name": "[concat(parameters('workspace'),'/Microsoft.SecurityInsights/',concat(concat(parameters('workspace'),'-pl-',uniquestring('Reset-AADUserPassword-incident-trigger')),'1.1'))]",
      "location": "[parameters('workspace-location')]",
      "apiVersion": "2023-04-01-preview",
      "dependsOn": [
        "[extensionResourceId(resourceId('Microsoft.OperationalInsights/workspaces', parameters('workspace')), 'Microsoft.SecurityInsights/contentPackages', 'azuresentinel.azure-sentinel-solution-azureactivedirectory')]"
      ],
      "properties": {
        "contentId": "Reset-AADUserPassword-incident-trigger",
        "displayName": "Reset Azure AD User Password - Incident Trigger",
        "contentKind": "Playbook",
        "mainTemplate": {
          "$schema": "https://schema.management.azure.com/schemas/2019-04-01/deploymentTemplate.json#",
          "contentVersion": "1.1",
          "parameters": {
            "PlaybookName": {
              "defaultValue": "Reset-AADPassword-IncidentTrigger",
              "type": "string"
            }
          },
          "variables": {
            "MicrosoftSentinelConnectionName": "[[concat('microsoftsentinel-', parameters('PlaybookName'))]",
            "office365ConnectionName": "[[concat('office365-', parameters('PlaybookName'))]",
            "connection-2": "[[concat('/subscriptions/', subscription().subscriptionId, '/providers/Microsoft.Web/locations/', variables('workspace-location-inline'), '/managedApis/azuresentinel')]",
            "_connection-2": "[[variables('connection-2')]",
            "connection-3": "[[concat('/subscriptions/', subscription().subscriptionId, '/providers/Microsoft.Web/locations/', variables('workspace-location-inline'), '/managedApis/office365')]",
            "_connection-3": "[[variables('connection-3')]",
            "workspace-location-inline": "[concat('[resourceGroup().locatio', 'n]')]",
            "workspace-name": "[parameters('workspace')]",
            "workspaceResourceId": "[[resourceId('microsoft.OperationalInsights/Workspaces', variables('workspace-name'))]"
          },
          "resources": [
            {
              "properties": {
                "provisioningState": "Succeeded",
                "state": "Enabled",
                "definition": {
                  "$schema": "https://schema.management.azure.com/providers/Microsoft.Logic/schemas/2016-06-01/workflowdefinition.json#",
                  "contentVersion": "1.0.0.0",
                  "parameters": {
                    "$connections": {
                      "type": "Object"
                    }
                  },
                  "triggers": {
                    "Microsoft_Sentinel_incident": {
                      "type": "ApiConnectionWebhook",
                      "inputs": {
                        "body": {
                          "callback_url": "@{listCallbackUrl()}"
                        },
                        "host": {
                          "connection": {
                            "name": "@parameters('$connections')['microsoftsentinel']['connectionId']"
                          }
                        },
                        "path": "/incident-creation"
                      }
                    }
                  },
                  "actions": {
                    "Entities_-_Get_Accounts": {
                      "runAfter": {
                        "Set_variable_-_password": [
                          "Succeeded"
                        ]
                      },
                      "type": "ApiConnection",
                      "inputs": {
                        "body": "@triggerBody()?['object']?['properties']?['relatedEntities']",
                        "host": {
                          "connection": {
                            "name": "@parameters('$connections')['microsoftsentinel']['connectionId']"
                          }
                        },
                        "method": "post",
                        "path": "/entities/account"
                      }
                    },
                    "For_each": {
                      "foreach": "@body('Entities_-_Get_Accounts')?['Accounts']",
                      "actions": {
                        "Condition_-_is_manager_available": {
                          "actions": {
                            "Add_comment_to_incident_-_manager_available": {
                              "runAfter": {
                                "Send_an_email_-_to_manager_with_password_details": [
                                  "Succeeded"
                                ]
                              },
                              "type": "ApiConnection",
                              "inputs": {
                                "body": {
                                  "incidentArmId": "@triggerBody()?['object']?['id']",
                                  "message": "<p>User @{concat(items('For_each')?['Name'], '@', items('for_each')?['UPNSuffix'])} password was reset in AAD and their manager @{body('Parse_JSON_-_HTTP_-_get_manager')?['userPrincipalName']} was contacted using playbook.</p>"
                                },
                                "host": {
                                  "connection": {
                                    "name": "@parameters('$connections')['microsoftsentinel']['connectionId']"
                                  }
                                },
                                "method": "post",
                                "path": "/Incidents/Comment"
                              }
                            },
                            "Parse_JSON_-_HTTP_-_get_manager": {
                              "type": "ParseJson",
                              "inputs": {
                                "content": "@body('HTTP_-_get_manager')",
                                "schema": {
                                  "properties": {
                                    "userPrincipalName": {
                                      "type": "string"
                                    }
                                  },
                                  "type": "object"
                                }
                              }
                            },
                            "Send_an_email_-_to_manager_with_password_details": {
                              "runAfter": {
                                "Parse_JSON_-_HTTP_-_get_manager": [
                                  "Succeeded"
                                ]
                              },
                              "type": "ApiConnection",
                              "inputs": {
                                "body": {
                                  "Body": "<p>User, @{concat(items('For_each')?['Name'], '@', items('for_each')?['UPNSuffix'])}, was involved in part of a security incident. &nbsp;As part of remediation, the user password has been reset.<br>\n<br>\nThe temporary password is: @{variables('Password')}<br>\n<br>\nThe user will be required to reset this password upon login.</p>",
                                  "Subject": "A user password was reset due to security incident.",
                                  "To": "@body('Parse_JSON_-_HTTP_-_get_manager')?['userPrincipalName']"
                                },
                                "host": {
                                  "connection": {
                                    "name": "@parameters('$connections')['office365']['connectionId']"
                                  }
                                },
                                "method": "post",
                                "path": "/v2/Mail"
                              }
                            }
                          },
                          "runAfter": {
                            "HTTP_-_get_manager": [
                              "Succeeded",
                              "Failed"
                            ]
                          },
                          "else": {
                            "actions": {
                              "Add_comment_to_incident_-_manager_not_available": {
                                "type": "ApiConnection",
                                "inputs": {
                                  "body": {
                                    "incidentArmId": "@triggerBody()?['object']?['id']",
                                    "message": "<p>User @{concat(items('For_each')?['Name'], '@', items('for_each')?['UPNSuffix'])} password was reset in AAD but the user doesn't have a manager.<br>\n<br>\nThe temporary password is: @{variables('Password')}<br>\n<br>\nThe user will be required to reset this password upon login.</p>"
                                  },
                                  "host": {
                                    "connection": {
                                      "name": "@parameters('$connections')['microsoftsentinel']['connectionId']"
                                    }
                                  },
                                  "method": "post",
                                  "path": "/Incidents/Comment"
                                }
                              }
                            }
                          },
                          "expression": {
                            "and": [
                              {
                                "equals": [
                                  "@outputs('HTTP_-_get_manager')['statusCode']",
                                  200
                                ]
                              }
                            ]
                          },
                          "type": "If"
                        },
                        "HTTP_-_get_manager": {
                          "runAfter": {
                            "HTTP_-_reset_a_password": [
                              "Succeeded"
                            ]
                          },
                          "type": "Http",
                          "inputs": {
                            "authentication": {
                              "audience": "https://graph.microsoft.com",
                              "type": "ManagedServiceIdentity"
                            },
                            "method": "GET",
                            "uri": "https://graph.microsoft.com/v1.0/users/@{concat(items('For_each')?['Name'], '@', items('for_each')?['UPNSuffix'])}/manager"
                          }
                        },
                        "HTTP_-_reset_a_password": {
                          "type": "Http",
                          "inputs": {
                            "authentication": {
                              "audience": "https://graph.microsoft.com",
                              "type": "ManagedServiceIdentity"
                            },
                            "body": {
                              "passwordProfile": {
                                "forceChangePasswordNextSignIn": true,
                                "forceChangePasswordNextSignInWithMfa": false,
                                "password": "@{variables('Password')}"
                              }
                            },
                            "method": "PATCH",
                            "uri": "https://graph.microsoft.com/v1.0/users/@{concat(items('For_each')?['Name'], '@', items('for_each')?['UPNSuffix'])}"
                          }
                        }
                      },
                      "runAfter": {
                        "Entities_-_Get_Accounts": [
                          "Succeeded"
                        ]
                      },
                      "type": "Foreach"
                    },
                    "Initialize_variable": {
                      "type": "InitializeVariable",
                      "inputs": {
                        "variables": [
                          {
                            "name": "Password",
                            "type": "String",
                            "value": "null"
                          }
                        ]
                      }
                    },
                    "Set_variable_-_password": {
                      "runAfter": {
                        "Initialize_variable": [
                          "Succeeded"
                        ]
                      },
                      "type": "SetVariable",
                      "inputs": {
                        "name": "Password",
                        "value": "@{substring(guid(), 0, 10)}"
                      }
                    }
                  }
                },
                "parameters": {
                  "$connections": {
                    "value": {
                      "microsoftsentinel": {
                        "connectionId": "[[resourceId('Microsoft.Web/connections', variables('MicrosoftSentinelConnectionName'))]",
                        "connectionName": "[[variables('MicrosoftSentinelConnectionName')]",
                        "id": "[[concat('/subscriptions/', subscription().subscriptionId, '/providers/Microsoft.Web/locations/', variables('workspace-location-inline'), '/managedApis/azuresentinel')]",
                        "connectionProperties": {
                          "authentication": {
                            "type": "ManagedServiceIdentity"
                          }
                        }
                      },
                      "office365": {
                        "connectionId": "[[resourceId('Microsoft.Web/connections', variables('office365ConnectionName'))]",
                        "connectionName": "[[variables('office365ConnectionName')]",
                        "id": "[[concat('/subscriptions/', subscription().subscriptionId, '/providers/Microsoft.Web/locations/', variables('workspace-location-inline'), '/managedApis/office365')]"
                      }
                    }
                  }
                }
              },
              "name": "[[parameters('PlaybookName')]",
              "type": "Microsoft.Logic/workflows",
              "location": "[[variables('workspace-location-inline')]",
              "tags": {
                "LogicAppsCategory": "security",
                "hidden-SentinelTemplateName": "Reset-AADUserPassword",
                "hidden-SentinelTemplateVersion": "1.1",
                "hidden-SentinelWorkspaceId": "[[resourceId('microsoft.OperationalInsights/Workspaces', parameters('workspace'))]"
              },
              "identity": {
                "type": "SystemAssigned"
              },
              "apiVersion": "2017-07-01",
              "dependsOn": [
                "[[resourceId('Microsoft.Web/connections', variables('MicrosoftSentinelConnectionName'))]",
                "[[resourceId('Microsoft.Web/connections', variables('office365ConnectionName'))]"
              ]
            },
            {
              "type": "Microsoft.Web/connections",
              "apiVersion": "2016-06-01",
              "name": "[[variables('MicrosoftSentinelConnectionName')]",
              "location": "[[variables('workspace-location-inline')]",
              "kind": "V1",
              "properties": {
                "displayName": "[[variables('MicrosoftSentinelConnectionName')]",
                "parameterValueType": "Alternative",
                "api": {
                  "id": "[[variables('_connection-2')]"
                }
              }
            },
            {
              "type": "Microsoft.Web/connections",
              "apiVersion": "2016-06-01",
              "name": "[[variables('office365ConnectionName')]",
              "location": "[[variables('workspace-location-inline')]",
              "kind": "V1",
              "properties": {
                "displayName": "[[variables('office365ConnectionName')]",
                "api": {
                  "id": "[[variables('_connection-3')]"
                }
              }
            },
            {
              "type": "Microsoft.OperationalInsights/workspaces/providers/metadata",
              "apiVersion": "2022-01-01-preview",
              "name": "[concat(parameters('workspace'),'/Microsoft.SecurityInsights/',concat('Playbook-', last(split(resourceId('Microsoft.Logic/workflows', 'Reset-AADUserPassword-incident-trigger'),'/'))))]",
              "properties": {
                "parentId": "[resourceId('Microsoft.Logic/workflows', 'Reset-AADUserPassword-incident-trigger')]",
                "contentId": "Reset-AADUserPassword-incident-trigger",
                "kind": "Playbook",
                "version": "1.1",
                "source": {
                  "kind": "Solution",
                  "name": "Azure Active Directory",
                  "sourceId": "azuresentinel.azure-sentinel-solution-azureactivedirectory"
                },
                "author": {
                  "name": "Microsoft",
                  "email": "support@microsoft.com"
                },
                "support": {
                  "tier": "Microsoft",
                  "name": "Microsoft Corporation",
                  "email": "support@microsoft.com",
                  "link": "https://support.microsoft.com/"
                }
              }
            }
          ],
          "metadata": {
            "title": "Reset Azure AD User Password - Incident Trigger",
            "description": "This playbook will reset the user password using Graph API.  It will send the password (which is a random guid substring) to the user's manager.  The user will have to reset the password upon login.",
            "prerequisites": [
              "None"
            ],
            "postDeployment": [
              "1. Assign Password Administrator permission to managed identity.",
              "2. Assign Microsoft Sentinel Responder permission to managed identity.",
              "3. Authorize Office 365 Outlook connection"
            ],
            "lastUpdateTime": "2022-07-11T00:00:00Z",
            "entities": [
              "Account"
            ],
            "tags": [
              "Remediation"
            ],
            "releaseNotes": [
              {
                "version": "1.0.0",
                "title": " Added manager notification action",
                "notes": [
                  "Initial version"
                ]
              }
            ]
          }
        },
        "packageKind": "Solution",
        "packageVersion": "2.0.12",
        "packageName": "Azure Active Directory",
        "packageId": "azuresentinel.azure-sentinel-solution-azureactivedirectory",
        "contentProductId": "azuresentinel.azure-sentinel-solution-azureactived-pl-poparg4wygnze",
        "id": "azuresentinel.azure-sentinel-solution-azureactived-pl-poparg4wygnze",
        "contentSchemaVersion": "3.0.0",
        "version": "1.1"
      }
    }
  ]
}