{
  "$schema": "https://schema.management.azure.com/schemas/2019-04-01/deploymentTemplate.json#",
  "contentVersion": "1.0.2",
  "parameters": {
    "location": {
      "type": "string",
      "minLength": 1,
      "defaultValue": "[resourceGroup().location]",
      "metadata": {
        "description": "Not used, but needed to pass arm-ttk test `Location-Should-Not-Be-Hardcoded`.  We instead use the `workspace-location` which is derived from the LA workspace"
      }
    },
    "workspace": {
      "defaultValue": "",
      "type": "string",
      "metadata": {
        "description": "Workspace name for Log Analytics where Microsoft Sentinel is setup"
      }
    },
    "workspace-location": {
      "type": "string",
      "defaultValue": "",
      "metadata": {
        "description": "[concat('Region to deploy solution resources -- separate from location selection',parameters('location'))]"
      }
    }
  },
  "resources": [
    {
      "type": "Microsoft.OperationalInsights/workspaces/providers/contentTemplates",
      "name": "[concat(parameters('workspace'),'/Microsoft.SecurityInsights/',concat(concat(parameters('workspace'),'-ar-',uniquestring('01191239-274e-43c9-b154-3a042692af06')),'1.0.2'))]",
      "location": "[parameters('workspace-location')]",
      "apiVersion": "2023-04-01-preview",
      "dependsOn": [
        "[extensionResourceId(resourceId('Microsoft.OperationalInsights/workspaces', parameters('workspace')), 'Microsoft.SecurityInsights/contentPackages', 'azuresentinel.azure-sentinel-solution-dns-domain')]"
      ],
      "properties": {
        "contentId": "01191239-274e-43c9-b154-3a042692af06",
        "displayName": "Potential DGA(Domain Generation Algorithm) detected via Repetitive Failures - Anomaly based (ASIM DNS Solution)",
        "contentKind": "AnalyticsRule",
        "mainTemplate": {
          "$schema": "https://schema.management.azure.com/schemas/2019-04-01/deploymentTemplate.json#",
          "contentVersion": "1.0.2",
          "parameters": {},
          "variables": {},
          "resources": [
            {
              "type": "Microsoft.SecurityInsights/AlertRuleTemplates",
              "name": "01191239-274e-43c9-b154-3a042692af06",
              "apiVersion": "2022-04-01-preview",
              "kind": "Scheduled",
              "location": "[parameters('workspace-location')]",
              "properties": {
                "description": "This rule makes use of the series decompose anomaly method to detect clients with a high NXDomain response count, which could be indicative of a DGA (cycling through possible C2 domains where most C2s are not live). An alert is generated when new IP address DNS activity is identified as an outlier when compared to the baseline, indicating a recurring pattern. It utilizes [ASIM](https://aka.ms/AboutASIM) normalization and is applied to any source that supports the ASIM DNS schema.",
                "displayName": "Potential DGA(Domain Generation Algorithm) detected via Repetitive Failures - Anomaly based (ASIM DNS Solution)",
                "enabled": false,
                "query": "let threshold = 2.5;\nlet min_t = ago(14d);\nlet max_t = now();\nlet timeframe = 1d;\n// calculate avg. eps(events per second)\nlet eps = materialize (_Im_Dns\n  | project TimeGenerated\n  | where TimeGenerated > ago(5m)\n  | count\n  | extend Count = Count / 300);\nlet maxSummarizedTime = toscalar (\n  union isfuzzy=true \n      (\n      DNS_Summarized_Logs_ip_CL \n      | where EventTime_t >= min_t\n      | summarize max_TimeGenerated=max(EventTime_t)\n      | extend max_TimeGenerated = datetime_add('hour', 1, max_TimeGenerated)\n      ),\n      (\n      print(min_t)\n      | project max_TimeGenerated = print_0\n      )\n  | summarize maxTimeGenerated = max(max_TimeGenerated) \n  );\nlet summarizationexist = materialize(\n  union isfuzzy=true \n      (\n      DNS_Summarized_Logs_ip_CL\n      | where EventTime_t > ago(1d) \n      | project v = int(2)\n      ),\n      (\n      print int(1) \n      | project v = print_0\n      )\n  | summarize maxv = max(v)\n  | extend sumexist = (maxv > 1)\n  );\nlet allData = union isfuzzy=true\n      (\n      (datatable(exists: int, sumexist: bool)[1, false]\n      | where toscalar(eps) > 1000\n      | join (summarizationexist) on sumexist)\n      | join (\n          _Im_Dns(responsecodename='NXDOMAIN', starttime=todatetime(ago(2d)), endtime=now())\n          | where TimeGenerated > maxSummarizedTime\n          | summarize Count=count() by SrcIpAddr, DnsQuery, bin(TimeGenerated, 1h)\n          | extend EventTime = TimeGenerated, Count = toint(Count), exists=int(1)\n          )\n          on exists\n      | project-away exists, maxv, sum*\n      ),\n      (\n      (datatable(exists: int, sumexist: bool)[1, false]\n      | where toscalar(eps) between (501 .. 1000)\n      | join (summarizationexist) on sumexist)\n      | join (\n          _Im_Dns(responsecodename='NXDOMAIN', starttime=todatetime(ago(3d)), endtime=now())\n          | where TimeGenerated > maxSummarizedTime\n          | summarize Count=count() by SrcIpAddr, DnsQuery, bin(TimeGenerated, 1h)\n          | extend EventTime = TimeGenerated, Count = toint(Count), exists=int(1)\n          )\n          on exists\n      | project-away exists, maxv, sum*\n      ),\n      (\n      (datatable(exists: int, sumexist: bool)[1, false]\n      | where toscalar(eps) <= 500\n      | join (summarizationexist) on sumexist)\n      | join (\n          _Im_Dns(responsecodename='NXDOMAIN', starttime=todatetime(ago(4d)), endtime=now())\n          | where TimeGenerated > maxSummarizedTime\n          | summarize Count=count() by SrcIpAddr, DnsQuery, bin(TimeGenerated, 1h)\n          | extend EventTime = TimeGenerated, Count = toint(Count), exists=int(1)\n          )\n          on exists\n      | project-away exists, maxv, sum*\n      ),\n      (\n      DNS_Summarized_Logs_ip_CL\n      | where EventTime_t > min_t and EventResultDetails_s == 'NXDOMAIN'\n      | project-rename\n          SrcIpAddr=SrcIpAddr_s,\n          DnsQuery=DnsQuery_s,\n          Count=count__d,\n          EventTime=EventTime_t\n      | extend Count = toint(Count)\n      );\nallData\n| make-series QueryCount=dcount(DnsQuery) on EventTime from min_t to max_t step timeframe by SrcIpAddr\n// include calculated Anomalies, Score and Baseline\n| extend (anomalies, score, baseline) = series_decompose_anomalies(QueryCount, threshold, -1, 'linefit')\n| mv-expand anomalies, score, baseline, EventTime, QueryCount\n| extend\n  anomalies = toint(anomalies),\n  score = toint(score),\n  baseline = toint(baseline),\n  EventTime = todatetime(EventTime),\n  Total = tolong(QueryCount)\n| where EventTime >= ago(timeframe)\n| where score >= threshold * 2\n// Join allData to include DnsQuery details\n| join kind=inner(allData\n  | where TimeGenerated >= ago(timeframe)\n  | summarize DNSQueries = make_set(DnsQuery, 1000) by SrcIpAddr)\n  on SrcIpAddr\n| project-away SrcIpAddr1\n",
                "queryFrequency": "P1D",
                "queryPeriod": "P14D",
                "severity": "Medium",
                "suppressionDuration": "PT1H",
                "suppressionEnabled": false,
                "triggerOperator": "GreaterThan",
                "triggerThreshold": 0,
                "status": "Available",
                "tactics": [
                  "CommandAndControl"
                ],
                "techniques": [
                  "T1568",
                  "T1008"
                ],
                "entityMappings": [
                  {
                    "fieldMappings": [
                      {
                        "identifier": "Address",
                        "columnName": "SrcIpAddr"
                      }
                    ],
                    "entityType": "IP"
                  }
                ],
                "eventGroupingSettings": {
                  "aggregationKind": "AlertPerResult"
                },
                "customDetails": {
                  "Total": "Total",
                  "DNSQueries": "DNSQueries",
                  "AnomalyScore": "score",
                  "baseline": "baseline"
                },
                "alertDetailsOverride": {
                  "alertDescriptionFormat": "Client has been identified with high NXDomain count which could be indicative of a DGA (cycling through possible C2 domains where most C2s are not live). This client is found to be communicating with multiple Domains which do not exist.\n\nBaseline Domain or DNS query count from this client: '{{baseline}}'\n\nCurrent Domain or DNS query count from this client: '{{Total}}'\n\nDNS queries requested by this client inlcude: '{{DNSQueries}}'",
                  "alertDisplayNameFormat": "[Anomaly] Potential DGA (Domain Generation Algorithm) originating from client IP: '{{SrcIpAddr}}' has been detected."
                }
              }
            },
            {
              "type": "Microsoft.OperationalInsights/workspaces/providers/metadata",
              "apiVersion": "2022-01-01-preview",
              "name": "[concat(parameters('workspace'),'/Microsoft.SecurityInsights/',concat('AnalyticsRule-', last(split(resourceId('Microsoft.SecurityInsights/AlertRuleTemplates', '01191239-274e-43c9-b154-3a042692af06'),'/'))))]",
              "properties": {
                "description": "DNS Essentials Analytics Rule 5",
                "parentId": "[resourceId('Microsoft.SecurityInsights/AlertRuleTemplates', '01191239-274e-43c9-b154-3a042692af06')]",
                "contentId": "01191239-274e-43c9-b154-3a042692af06",
                "kind": "AnalyticsRule",
                "version": "1.0.2",
                "source": {
                  "kind": "Solution",
                  "name": "DNS Essentials",
                  "sourceId": "azuresentinel.azure-sentinel-solution-dns-domain"
                },
                "author": {
                  "name": "Microsoft",
                  "email": "support@microsoft.com"
                },
                "support": {
                  "name": "Microsoft Corporation",
                  "email": "support@microsoft.com",
                  "tier": "Microsoft",
                  "link": "https://support.microsoft.com"
                }
              }
            }
          ]
        },
        "packageKind": "Solution",
        "packageVersion": "2.0.2",
        "packageName": "DNS Essentials",
        "packageId": "azuresentinel.azure-sentinel-solution-dns-domain",
        "contentProductId": "azuresentinel.azure-sentinel-solution-dns-domain-ar-onfffajtglo22",
        "id": "azuresentinel.azure-sentinel-solution-dns-domain-ar-onfffajtglo22",
        "contentSchemaVersion": "3.0.0",
        "version": "1.0.2"
      }
    }
  ]
}