{
  "$schema": "https://schema.management.azure.com/schemas/2019-04-01/deploymentTemplate.json#",
  "contentVersion": "1.0.1",
  "parameters": {
    "location": {
      "type": "string",
      "minLength": 1,
      "defaultValue": "[resourceGroup().location]",
      "metadata": {
        "description": "Not used, but needed to pass arm-ttk test `Location-Should-Not-Be-Hardcoded`.  We instead use the `workspace-location` which is derived from the LA workspace"
      }
    },
    "workspace": {
      "defaultValue": "",
      "type": "string",
      "metadata": {
        "description": "Workspace name for Log Analytics where Microsoft Sentinel is setup"
      }
    },
    "workspace-location": {
      "type": "string",
      "defaultValue": "",
      "metadata": {
        "description": "[concat('Region to deploy solution resources -- separate from location selection',parameters('location'))]"
      }
    }
  },
  "resources": [
    {
      "type": "Microsoft.OperationalInsights/workspaces/providers/contentTemplates",
      "name": "[concat(parameters('workspace'),'/Microsoft.SecurityInsights/',concat(concat(parameters('workspace'),'-ar-',uniquestring('757e6a79-6d23-4ae6-9845-4dac170656b5')),'1.0.1'))]",
      "location": "[parameters('workspace-location')]",
      "apiVersion": "2023-04-01-preview",
      "dependsOn": [
        "[extensionResourceId(resourceId('Microsoft.OperationalInsights/workspaces', parameters('workspace')), 'Microsoft.SecurityInsights/contentPackages', 'azuresentinel.azure-sentinel-solution-azureactivedirectory')]"
      ],
      "properties": {
        "contentId": "757e6a79-6d23-4ae6-9845-4dac170656b5",
        "displayName": "Cross-tenant Access Settings Organization Added",
        "contentKind": "AnalyticsRule",
        "mainTemplate": {
          "$schema": "https://schema.management.azure.com/schemas/2019-04-01/deploymentTemplate.json#",
          "contentVersion": "1.0.1",
          "parameters": {},
          "variables": {},
          "resources": [
            {
              "type": "Microsoft.SecurityInsights/AlertRuleTemplates",
              "name": "757e6a79-6d23-4ae6-9845-4dac170656b5",
              "apiVersion": "2022-04-01-preview",
              "kind": "Scheduled",
              "location": "[parameters('workspace-location')]",
              "properties": {
                "description": "Organizations are added in the Cross-tenant Access Settings to control communication inbound or outbound for users and applications. This detection notifies when an Organization is added other than the list that is supposed to exist from the Azure AD Cross-tenant Access Settings.",
                "displayName": "Cross-tenant Access Settings Organization Added",
                "enabled": false,
                "query": "// Tenants IDs can be found by navigating to Azure Active Directory then from menu on the left, select External Identities, then from menu on the left, select Cross-tenant access settings and from the list shown of Tenants\nlet ExpectedTenantIDs = dynamic([\"List of expected tenant IDs\",\"Tenant ID 2\"]);\nAuditLogs\n| where OperationName has \"Add a partner to cross-tenant access setting\"\n| extend InitiatedByActionUserInformation = iff(isnotempty(InitiatedBy.user.userPrincipalName), InitiatedBy.user.userPrincipalName, InitiatedBy.app.displayName)\n| extend InitiatedByIPAdress = InitiatedBy.user.ipAddress\n| mv-apply TargetResource = TargetResources on\n  (\n      where TargetResource.type =~ \"Policy\"\n      | extend Properties = TargetResource.modifiedProperties\n  )\n| mv-apply Property = Properties on\n  (\n      where Property.displayName =~ \"tenantId\"\n      | extend ExtTenantIDAdded = trim('\"',tostring(Property.newValue))\n  )\n| where ExtTenantIDAdded !in (ExpectedTenantIDs)\n| extend Name = tostring(split(InitiatedByActionUserInformation,'@',0)[0]), UPNSuffix = tostring(split(InitiatedByActionUserInformation,'@',1)[0])\n",
                "queryFrequency": "P2D",
                "queryPeriod": "P2D",
                "severity": "Medium",
                "suppressionDuration": "PT1H",
                "suppressionEnabled": false,
                "triggerOperator": "GreaterThan",
                "triggerThreshold": 0,
                "status": "Available",
                "requiredDataConnectors": [
                  {
                    "connectorId": "AzureActiveDirectory",
                    "dataTypes": [
                      "AuditLogs"
                    ]
                  }
                ],
                "tactics": [
                  "InitialAccess",
                  "Persistence",
                  "Discovery"
                ],
                "techniques": [
                  "T1078",
                  "T1136",
                  "T1087"
                ],
                "entityMappings": [
                  {
                    "fieldMappings": [
                      {
                        "columnName": "Name",
                        "identifier": "Name"
                      },
                      {
                        "columnName": "UPNSuffix",
                        "identifier": "UPNSuffix"
                      }
                    ],
                    "entityType": "Account"
                  },
                  {
                    "fieldMappings": [
                      {
                        "columnName": "InitiatedByIPAdress",
                        "identifier": "Address"
                      }
                    ],
                    "entityType": "IP"
                  }
                ]
              }
            },
            {
              "type": "Microsoft.OperationalInsights/workspaces/providers/metadata",
              "apiVersion": "2022-01-01-preview",
              "name": "[concat(parameters('workspace'),'/Microsoft.SecurityInsights/',concat('AnalyticsRule-', last(split(resourceId('Microsoft.SecurityInsights/AlertRuleTemplates', '757e6a79-6d23-4ae6-9845-4dac170656b5'),'/'))))]",
              "properties": {
                "description": "Azure Active Directory Analytics Rule 16",
                "parentId": "[resourceId('Microsoft.SecurityInsights/AlertRuleTemplates', '757e6a79-6d23-4ae6-9845-4dac170656b5')]",
                "contentId": "757e6a79-6d23-4ae6-9845-4dac170656b5",
                "kind": "AnalyticsRule",
                "version": "1.0.1",
                "source": {
                  "kind": "Solution",
                  "name": "Azure Active Directory",
                  "sourceId": "azuresentinel.azure-sentinel-solution-azureactivedirectory"
                },
                "author": {
                  "name": "Microsoft",
                  "email": "support@microsoft.com"
                },
                "support": {
                  "tier": "Microsoft",
                  "name": "Microsoft Corporation",
                  "email": "support@microsoft.com",
                  "link": "https://support.microsoft.com/"
                }
              }
            }
          ]
        },
        "packageKind": "Solution",
        "packageVersion": "2.0.12",
        "packageName": "Azure Active Directory",
        "packageId": "azuresentinel.azure-sentinel-solution-azureactivedirectory",
        "contentProductId": "azuresentinel.azure-sentinel-solution-azureactived-ar-t3c4c6fod63jo",
        "id": "azuresentinel.azure-sentinel-solution-azureactived-ar-t3c4c6fod63jo",
        "contentSchemaVersion": "3.0.0",
        "version": "1.0.1"
      }
    }
  ]
}