{
  "$schema": "https://schema.management.azure.com/schemas/2019-04-01/deploymentTemplate.json#",
  "contentVersion": "1.0.1",
  "parameters": {
    "location": {
      "type": "string",
      "minLength": 1,
      "defaultValue": "[resourceGroup().location]",
      "metadata": {
        "description": "Not used, but needed to pass arm-ttk test `Location-Should-Not-Be-Hardcoded`.  We instead use the `workspace-location` which is derived from the LA workspace"
      }
    },
    "workspace": {
      "defaultValue": "",
      "type": "string",
      "metadata": {
        "description": "Workspace name for Log Analytics where Microsoft Sentinel is setup"
      }
    },
    "workspace-location": {
      "type": "string",
      "defaultValue": "",
      "metadata": {
        "description": "[concat('Region to deploy solution resources -- separate from location selection',parameters('location'))]"
      }
    }
  },
  "resources": [
    {
      "type": "Microsoft.OperationalInsights/workspaces/providers/contentTemplates",
      "name": "[concat(parameters('workspace'),'/Microsoft.SecurityInsights/',concat(concat(parameters('workspace'),'-ar-',uniquestring('79f296d9-e6e4-45dc-9ca7-1770955435fa')),'1.0.1'))]",
      "location": "[parameters('workspace-location')]",
      "apiVersion": "2023-04-01-preview",
      "dependsOn": [
        "[extensionResourceId(resourceId('Microsoft.OperationalInsights/workspaces', parameters('workspace')), 'Microsoft.SecurityInsights/contentPackages', 'azuresentinel.azure-sentinel-solution-azurepurview')]"
      ],
      "properties": {
        "contentId": "79f296d9-e6e4-45dc-9ca7-1770955435fa",
        "displayName": "Sensitive Data Discovered in the Last 24 Hours - Customized",
        "contentKind": "AnalyticsRule",
        "mainTemplate": {
          "$schema": "https://schema.management.azure.com/schemas/2019-04-01/deploymentTemplate.json#",
          "contentVersion": "1.0.1",
          "parameters": {},
          "variables": {},
          "resources": [
            {
              "type": "Microsoft.SecurityInsights/AlertRuleTemplates",
              "name": "79f296d9-e6e4-45dc-9ca7-1770955435fa",
              "apiVersion": "2022-04-01-preview",
              "kind": "Scheduled",
              "location": "[parameters('workspace-location')]",
              "properties": {
                "description": "Customized query used to identify specific classifications and parameters that have been discovered on assets in the last 24 hours by Microsoft Purview. By default, the query identifies Social Security Numbers detected, but the specific classification monitored along with other data fields can be adjusted. A list of supported Microsoft Purview classifications can be found here: https://docs.microsoft.com/azure/purview/supported-classifications",
                "displayName": "Sensitive Data Discovered in the Last 24 Hours - Customized",
                "enabled": false,
                "query": "PurviewDataSensitivityLogs\n| where Classification contains \"Social Security Number\"\n//| where SourceRegion == \"westeurope\"\n//| where SourceType contains \"Amazon\"\n| where TimeGenerated > ago(24h)\n",
                "queryFrequency": "P1D",
                "queryPeriod": "P1D",
                "severity": "Informational",
                "suppressionDuration": "PT1H",
                "suppressionEnabled": false,
                "triggerOperator": "GreaterThan",
                "triggerThreshold": 0,
                "status": "Available",
                "requiredDataConnectors": [
                  {
                    "dataTypes": [
                      "PurviewDataSensitivityLogs"
                    ],
                    "connectorId": "MicrosoftAzurePurview"
                  }
                ],
                "tactics": [
                  "Discovery"
                ],
                "techniques": [
                  "T1087"
                ],
                "entityMappings": [
                  {
                    "entityType": "AzureResource",
                    "fieldMappings": [
                      {
                        "columnName": "SourcePath",
                        "identifier": "ResourceId"
                      }
                    ]
                  },
                  {
                    "entityType": "File",
                    "fieldMappings": [
                      {
                        "columnName": "AssetName",
                        "identifier": "Name"
                      }
                    ]
                  },
                  {
                    "entityType": "Account",
                    "fieldMappings": [
                      {
                        "columnName": "PurviewAccountName",
                        "identifier": "Name"
                      }
                    ]
                  }
                ],
                "customDetails": {
                  "LastScanTime": "AssetLastScanTime",
                  "AssetPath": "AssetPath",
                  "SourceRegion": "SourceRegion",
                  "Classification": "Classification",
                  "PurviewAccount": "PurviewAccountName",
                  "AssetName": "AssetName"
                },
                "alertDetailsOverride": {
                  "alertDescriptionFormat": "Within the last 24 hours, Microsoft Purview scanned assets that contained classifications. The classifications discovered include {{Classification}}.",
                  "alertDisplayNameFormat": "Sensitive Data Discovered in the Last 24 Hours by Microsoft Purview"
                }
              }
            },
            {
              "type": "Microsoft.OperationalInsights/workspaces/providers/metadata",
              "apiVersion": "2022-01-01-preview",
              "name": "[concat(parameters('workspace'),'/Microsoft.SecurityInsights/',concat('AnalyticsRule-', last(split(resourceId('Microsoft.SecurityInsights/AlertRuleTemplates', '79f296d9-e6e4-45dc-9ca7-1770955435fa'),'/'))))]",
              "properties": {
                "description": "Microsoft Purview Analytics Rule 2",
                "parentId": "[resourceId('Microsoft.SecurityInsights/AlertRuleTemplates', '79f296d9-e6e4-45dc-9ca7-1770955435fa')]",
                "contentId": "79f296d9-e6e4-45dc-9ca7-1770955435fa",
                "kind": "AnalyticsRule",
                "version": "1.0.1",
                "source": {
                  "kind": "Solution",
                  "name": "Microsoft Purview",
                  "sourceId": "azuresentinel.azure-sentinel-solution-azurepurview"
                },
                "author": {
                  "name": "Microsoft",
                  "email": "support@microsoft.com"
                },
                "support": {
                  "name": "Microsoft Corporation",
                  "email": "support@microsoft.com",
                  "tier": "Microsoft",
                  "link": "https://support.microsoft.com"
                }
              }
            }
          ]
        },
        "packageKind": "Solution",
        "packageVersion": "2.0.7",
        "packageName": "Microsoft Purview",
        "packageId": "azuresentinel.azure-sentinel-solution-azurepurview",
        "contentProductId": "azuresentinel.azure-sentinel-solution-azurepurview-ar-nxsbyqaoi6i6c",
        "id": "azuresentinel.azure-sentinel-solution-azurepurview-ar-nxsbyqaoi6i6c",
        "contentSchemaVersion": "3.0.0",
        "version": "1.0.1"
      }
    }
  ]
}