{
  "$schema": "https://schema.management.azure.com/schemas/2019-04-01/deploymentTemplate.json#",
  "contentVersion": "1.0.2",
  "parameters": {
    "location": {
      "type": "string",
      "minLength": 1,
      "defaultValue": "[resourceGroup().location]",
      "metadata": {
        "description": "Not used, but needed to pass arm-ttk test `Location-Should-Not-Be-Hardcoded`.  We instead use the `workspace-location` which is derived from the LA workspace"
      }
    },
    "workspace": {
      "defaultValue": "",
      "type": "string",
      "metadata": {
        "description": "Workspace name for Log Analytics where Microsoft Sentinel is setup"
      }
    },
    "workspace-location": {
      "type": "string",
      "defaultValue": "",
      "metadata": {
        "description": "[concat('Region to deploy solution resources -- separate from location selection',parameters('location'))]"
      }
    }
  },
  "resources": [
    {
      "type": "Microsoft.OperationalInsights/workspaces/providers/contentTemplates",
      "name": "[concat(parameters('workspace'),'/Microsoft.SecurityInsights/',concat(concat(parameters('workspace'),'-ar-',uniquestring('3a9d5ede-2b9d-43a2-acc4-d272321ff77c')),'1.0.2'))]",
      "location": "[parameters('workspace-location')]",
      "apiVersion": "2023-04-01-preview",
      "dependsOn": [
        "[extensionResourceId(resourceId('Microsoft.OperationalInsights/workspaces', parameters('workspace')), 'Microsoft.SecurityInsights/contentPackages', 'azuresentinel.azure-sentinel-solution-azureactivedirectory')]"
      ],
      "properties": {
        "contentId": "3a9d5ede-2b9d-43a2-acc4-d272321ff77c",
        "displayName": "User Accounts - Sign in Failure due to CA Spikes",
        "contentKind": "AnalyticsRule",
        "mainTemplate": {
          "$schema": "https://schema.management.azure.com/schemas/2019-04-01/deploymentTemplate.json#",
          "contentVersion": "1.0.2",
          "parameters": {},
          "variables": {},
          "resources": [
            {
              "type": "Microsoft.SecurityInsights/AlertRuleTemplates",
              "name": "3a9d5ede-2b9d-43a2-acc4-d272321ff77c",
              "apiVersion": "2022-04-01-preview",
              "kind": "Scheduled",
              "location": "[parameters('workspace-location')]",
              "properties": {
                "description": " Identifies spike in failed sign-ins from user accounts due to conditional access policied.\nSpike is determined based on Time series anomaly which will look at historical baseline values.\nRef : https://docs.microsoft.com/azure/active-directory/fundamentals/security-operations-user-accounts#monitoring-for-failed-unusual-sign-ins",
                "displayName": "User Accounts - Sign in Failure due to CA Spikes",
                "enabled": false,
                "query": "let starttime = 14d;\nlet timeframe = 1d;\nlet scorethreshold = 3;\nlet baselinethreshold = 50;\nlet aadFunc = (tableName:string){\n  // Failed Signins attempts with reasoning related to conditional access policies.\n  table(tableName)\n  | where TimeGenerated between (startofday(ago(starttime))..startofday(now()))\n  | where ResultDescription has_any (\"conditional access\", \"CA\") or ResultType in (50005, 50131, 53000, 53001, 53002, 52003, 70044)\n  | extend UserPrincipalName = tolower(UserPrincipalName)\n  | extend timestamp = TimeGenerated, AccountCustomEntity = UserPrincipalName\n};\nlet aadSignin = aadFunc(\"SigninLogs\");\nlet aadNonInt = aadFunc(\"AADNonInteractiveUserSignInLogs\");\nlet allSignins = union isfuzzy=true aadSignin, aadNonInt;\nlet TimeSeriesAlerts = \nallSignins\n| make-series DailyCount=count() on TimeGenerated from startofday(ago(starttime)) to startofday(now()) step 1d by UserPrincipalName\n| extend (anomalies, score, baseline) = series_decompose_anomalies(DailyCount, scorethreshold, -1, 'linefit')\n| mv-expand DailyCount to typeof(double), TimeGenerated to typeof(datetime), anomalies to typeof(double), score to typeof(double), baseline to typeof(long)\n// Filtering low count events per baselinethreshold\n| where anomalies > 0 and baseline > baselinethreshold\n| extend AnomalyHour = TimeGenerated\n| project UserPrincipalName, AnomalyHour, TimeGenerated, DailyCount, baseline, anomalies, score;\n// Filter the alerts for specified timeframe\nTimeSeriesAlerts\n| where TimeGenerated > startofday(ago(timeframe))\n| join kind=inner ( \n  allSignins\n  | where TimeGenerated > startofday(ago(timeframe))\n  // create a new column and round to hour\n  | extend DateHour = bin(TimeGenerated, 1h)\n  | summarize PartialFailedSignins = count(), LatestAnomalyTime = arg_max(TimeGenerated, *) by bin(TimeGenerated, 1h), OperationName, Category, ResultType, ResultDescription, UserPrincipalName, UserDisplayName, AppDisplayName, ClientAppUsed, IPAddress, ResourceDisplayName\n) on UserPrincipalName, $left.AnomalyHour == $right.DateHour\n| project LatestAnomalyTime, OperationName, Category, UserPrincipalName, UserDisplayName, ResultType, ResultDescription, AppDisplayName, ClientAppUsed, UserAgent, IPAddress, Location, AuthenticationRequirement, ConditionalAccessStatus, ResourceDisplayName, PartialFailedSignins, TotalFailedSignins = DailyCount, baseline, anomalies, score\n| extend timestamp = LatestAnomalyTime, Name = tostring(split(UserPrincipalName,'@',0)[0]), UPNSuffix = tostring(split(UserPrincipalName,'@',1)[0])\n",
                "queryFrequency": "P1D",
                "queryPeriod": "P14D",
                "severity": "Medium",
                "suppressionDuration": "PT1H",
                "suppressionEnabled": false,
                "triggerOperator": "GreaterThan",
                "triggerThreshold": 0,
                "status": "Available",
                "requiredDataConnectors": [
                  {
                    "connectorId": "AzureActiveDirectory",
                    "dataTypes": [
                      "SigninLogs"
                    ]
                  },
                  {
                    "connectorId": "AzureActiveDirectory",
                    "dataTypes": [
                      "AADNonInteractiveUserSignInLogs"
                    ]
                  }
                ],
                "tactics": [
                  "InitialAccess"
                ],
                "techniques": [
                  "T1078"
                ],
                "entityMappings": [
                  {
                    "fieldMappings": [
                      {
                        "columnName": "Name",
                        "identifier": "Name"
                      },
                      {
                        "columnName": "UPNSuffix",
                        "identifier": "UPNSuffix"
                      }
                    ],
                    "entityType": "Account"
                  },
                  {
                    "fieldMappings": [
                      {
                        "columnName": "IPAddress",
                        "identifier": "Address"
                      }
                    ],
                    "entityType": "IP"
                  }
                ]
              }
            },
            {
              "type": "Microsoft.OperationalInsights/workspaces/providers/metadata",
              "apiVersion": "2022-01-01-preview",
              "name": "[concat(parameters('workspace'),'/Microsoft.SecurityInsights/',concat('AnalyticsRule-', last(split(resourceId('Microsoft.SecurityInsights/AlertRuleTemplates', '3a9d5ede-2b9d-43a2-acc4-d272321ff77c'),'/'))))]",
              "properties": {
                "description": "Azure Active Directory Analytics Rule 57",
                "parentId": "[resourceId('Microsoft.SecurityInsights/AlertRuleTemplates', '3a9d5ede-2b9d-43a2-acc4-d272321ff77c')]",
                "contentId": "3a9d5ede-2b9d-43a2-acc4-d272321ff77c",
                "kind": "AnalyticsRule",
                "version": "1.0.2",
                "source": {
                  "kind": "Solution",
                  "name": "Azure Active Directory",
                  "sourceId": "azuresentinel.azure-sentinel-solution-azureactivedirectory"
                },
                "author": {
                  "name": "Microsoft",
                  "email": "support@microsoft.com"
                },
                "support": {
                  "tier": "Microsoft",
                  "name": "Microsoft Corporation",
                  "email": "support@microsoft.com",
                  "link": "https://support.microsoft.com/"
                }
              }
            }
          ]
        },
        "packageKind": "Solution",
        "packageVersion": "2.0.12",
        "packageName": "Azure Active Directory",
        "packageId": "azuresentinel.azure-sentinel-solution-azureactivedirectory",
        "contentProductId": "azuresentinel.azure-sentinel-solution-azureactived-ar-4qz7khahforpg",
        "id": "azuresentinel.azure-sentinel-solution-azureactived-ar-4qz7khahforpg",
        "contentSchemaVersion": "3.0.0",
        "version": "1.0.2"
      }
    }
  ]
}