{
  "$schema": "https://schema.management.azure.com/schemas/2019-04-01/deploymentTemplate.json#",
  "contentVersion": "1.0.1",
  "parameters": {
    "location": {
      "type": "string",
      "minLength": 1,
      "defaultValue": "[resourceGroup().location]",
      "metadata": {
        "description": "Not used, but needed to pass arm-ttk test `Location-Should-Not-Be-Hardcoded`.  We instead use the `workspace-location` which is derived from the LA workspace"
      }
    },
    "workspace": {
      "defaultValue": "",
      "type": "string",
      "metadata": {
        "description": "Workspace name for Log Analytics where Microsoft Sentinel is setup"
      }
    },
    "workspace-location": {
      "type": "string",
      "defaultValue": "",
      "metadata": {
        "description": "[concat('Region to deploy solution resources -- separate from location selection',parameters('location'))]"
      }
    }
  },
  "resources": [
    {
      "type": "Microsoft.OperationalInsights/workspaces/providers/contentTemplates",
      "name": "[concat(parameters('workspace'),'/Microsoft.SecurityInsights/',concat(concat(parameters('workspace'),'-ar-',uniquestring('50cbf34a-4cdd-45d7-b3f5-8b53a1d0d14f')),'1.0.1'))]",
      "location": "[parameters('workspace-location')]",
      "apiVersion": "2023-04-01-preview",
      "dependsOn": [
        "[extensionResourceId(resourceId('Microsoft.OperationalInsights/workspaces', parameters('workspace')), 'Microsoft.SecurityInsights/contentPackages', 'azuresentinel.azure-sentinel-solution-endpointthreat')]"
      ],
      "properties": {
        "contentId": "50cbf34a-4cdd-45d7-b3f5-8b53a1d0d14f",
        "displayName": "Lateral Movement via DCOM",
        "contentKind": "AnalyticsRule",
        "mainTemplate": {
          "$schema": "https://schema.management.azure.com/schemas/2019-04-01/deploymentTemplate.json#",
          "contentVersion": "1.0.1",
          "parameters": {},
          "variables": {},
          "resources": [
            {
              "type": "Microsoft.SecurityInsights/AlertRuleTemplates",
              "name": "50cbf34a-4cdd-45d7-b3f5-8b53a1d0d14f",
              "apiVersion": "2022-04-01-preview",
              "kind": "Scheduled",
              "location": "[parameters('workspace-location')]",
              "properties": {
                "description": "This query detects a fairly uncommon attack technique using the Windows Distributed Component Object Model (DCOM) to make a remote execution call to another computer system and gain lateral movement throughout the network.\nRef: http://thenegative.zone/incident%20response/2017/02/04/MMC20.Application-Lateral-Movement-Analysis.html",
                "displayName": "Lateral Movement via DCOM",
                "enabled": false,
                "query": "Event\n| where EventLog =~ \"Microsoft-Windows-Sysmon/Operational\" and EventID==1\n| parse EventData with * 'CommandLine\">' CommandLine \"<\" * 'ParentCommandLine\">' ParentCommandLine \"<\" *\n| where ParentCommandLine =~ \"C:\\\\Windows\\\\System32\\\\svchost.exe -k DcomLaunch\" and CommandLine =~ \"C:\\\\Windows\\\\System32\\\\mmc.exe -Embedding\"\n| parse EventData with * 'ProcessGuid\">' ProcessGuid \"<\" * 'Image\">' Image \"<\" * 'Description\">' Description \"<\" * 'CurrentDirectory\">' CurrentDirectory \"<\" * 'User\">' User \"<\" * 'LogonGuid\">' LogonGuid \"<\" * 'ParentProcessGuid\">' ParentProcessGuid \"<\" * 'ParentImage\">' ParentImage \"<\" * 'ParentCommandLine\">' ParentCommandLine \"<\" * 'ParentUser\">' ParentUser \"<\" *\n| summarize StartTime = min(TimeGenerated), EndTime = max(TimeGenerated) by EventID, Computer, User, ParentImage, ParentProcessGuid, ParentCommandLine, ParentUser, Image, ProcessGuid, CommandLine, Description\n| extend HostName = iif(Computer has '.',substring(Computer,0,indexof(Computer,'.')),Computer) , DnsDomain = iif(Computer has '.',substring(Computer,indexof(Computer,'.')+1),'')\n",
                "queryFrequency": "PT1H",
                "queryPeriod": "PT1H",
                "severity": "Medium",
                "suppressionDuration": "PT1H",
                "suppressionEnabled": false,
                "triggerOperator": "GreaterThan",
                "triggerThreshold": 0,
                "status": "Available",
                "requiredDataConnectors": [
                  {
                    "connectorId": "SecurityEvents",
                    "dataTypes": [
                      "SecurityEvent"
                    ]
                  }
                ],
                "tactics": [
                  "LateralMovement"
                ],
                "techniques": [
                  "T1021"
                ],
                "entityMappings": [
                  {
                    "fieldMappings": [
                      {
                        "identifier": "CommandLine",
                        "columnName": "CommandLine"
                      }
                    ],
                    "entityType": "Process"
                  },
                  {
                    "fieldMappings": [
                      {
                        "identifier": "HostName",
                        "columnName": "HostName"
                      },
                      {
                        "identifier": "DnsDomain",
                        "columnName": "DnsDomain"
                      }
                    ],
                    "entityType": "Host"
                  },
                  {
                    "fieldMappings": [
                      {
                        "identifier": "Name",
                        "columnName": "User"
                      }
                    ],
                    "entityType": "Account"
                  }
                ]
              }
            },
            {
              "type": "Microsoft.OperationalInsights/workspaces/providers/metadata",
              "apiVersion": "2022-01-01-preview",
              "name": "[concat(parameters('workspace'),'/Microsoft.SecurityInsights/',concat('AnalyticsRule-', last(split(resourceId('Microsoft.SecurityInsights/AlertRuleTemplates', '50cbf34a-4cdd-45d7-b3f5-8b53a1d0d14f'),'/'))))]",
              "properties": {
                "description": "Endpoint Threat Protection Essentials Analytics Rule 4",
                "parentId": "[resourceId('Microsoft.SecurityInsights/AlertRuleTemplates', '50cbf34a-4cdd-45d7-b3f5-8b53a1d0d14f')]",
                "contentId": "50cbf34a-4cdd-45d7-b3f5-8b53a1d0d14f",
                "kind": "AnalyticsRule",
                "version": "1.0.1",
                "source": {
                  "kind": "Solution",
                  "name": "Endpoint Threat Protection Essentials",
                  "sourceId": "azuresentinel.azure-sentinel-solution-endpointthreat"
                },
                "author": {
                  "name": "Microsoft",
                  "email": "support@microsoft.com"
                },
                "support": {
                  "name": "Microsoft Corporation",
                  "email": "support@microsoft.com",
                  "tier": "Microsoft",
                  "link": "https://support.microsoft.com"
                }
              }
            }
          ]
        },
        "packageKind": "Solution",
        "packageVersion": "2.0.2",
        "packageName": "Endpoint Threat Protection Essentials",
        "packageId": "azuresentinel.azure-sentinel-solution-endpointthreat",
        "contentProductId": "azuresentinel.azure-sentinel-solution-endpointthre-ar-r6damnpzas4bs",
        "id": "azuresentinel.azure-sentinel-solution-endpointthre-ar-r6damnpzas4bs",
        "contentSchemaVersion": "3.0.0",
        "version": "1.0.1"
      }
    }
  ]
}