{
  "$schema": "https://schema.management.azure.com/schemas/2019-04-01/deploymentTemplate.json#",
  "contentVersion": "1.0.2",
  "parameters": {
    "location": {
      "type": "string",
      "minLength": 1,
      "defaultValue": "[resourceGroup().location]",
      "metadata": {
        "description": "Not used, but needed to pass arm-ttk test `Location-Should-Not-Be-Hardcoded`.  We instead use the `workspace-location` which is derived from the LA workspace"
      }
    },
    "workspace": {
      "defaultValue": "",
      "type": "string",
      "metadata": {
        "description": "Workspace name for Log Analytics where Microsoft Sentinel is setup"
      }
    },
    "workspace-location": {
      "type": "string",
      "defaultValue": "",
      "metadata": {
        "description": "[concat('Region to deploy solution resources -- separate from location selection',parameters('location'))]"
      }
    }
  },
  "resources": [
    {
      "type": "Microsoft.OperationalInsights/workspaces/providers/contentTemplates",
      "name": "[concat(parameters('workspace'),'/Microsoft.SecurityInsights/',concat(concat(parameters('workspace'),'-ar-',uniquestring('6ab1f7b2-61b8-442f-bc81-96afe7ad8c53')),'1.0.2'))]",
      "location": "[parameters('workspace-location')]",
      "apiVersion": "2023-04-01-preview",
      "dependsOn": [
        "[extensionResourceId(resourceId('Microsoft.OperationalInsights/workspaces', parameters('workspace')), 'Microsoft.SecurityInsights/contentPackages', 'azuresentinel.azure-sentinel-solution-azureactivedirectory')]"
      ],
      "properties": {
        "contentId": "6ab1f7b2-61b8-442f-bc81-96afe7ad8c53",
        "displayName": "Guest accounts added in AAD Groups other than the ones specified",
        "contentKind": "AnalyticsRule",
        "mainTemplate": {
          "$schema": "https://schema.management.azure.com/schemas/2019-04-01/deploymentTemplate.json#",
          "contentVersion": "1.0.2",
          "parameters": {},
          "variables": {},
          "resources": [
            {
              "type": "Microsoft.SecurityInsights/AlertRuleTemplates",
              "name": "6ab1f7b2-61b8-442f-bc81-96afe7ad8c53",
              "apiVersion": "2022-04-01-preview",
              "kind": "Scheduled",
              "location": "[parameters('workspace-location')]",
              "properties": {
                "description": "Guest Accounts are added in the Organization Tenants to perform various tasks i.e projects execution, support etc.. This detection notifies when guest users are added to Azure AD Groups other than the ones specified and poses a risk to gain access to sensitive apps or data.",
                "displayName": "Guest accounts added in AAD Groups other than the ones specified",
                "enabled": false,
                "query": "// OBJECT ID of AAD Groups can be found by navigating to Azure Active Directory then from menu on the left, select Groups and from the list shown of AAD Groups, the Second Column shows the ObjectID of each\nlet GroupIDs = dynamic([\"List with Custom AAD GROUP OBJECT ID 1\",\"Custom AAD GROUP OBJECT ID 2\"]);\nAuditLogs\n| where OperationName in ('Add member to group', 'Add owner to group')\n| extend InitiatedByActionUserInformation = iff(isnotempty(InitiatedBy.user.userPrincipalName), InitiatedBy.user.userPrincipalName, InitiatedBy.app.displayName)\n| extend InitiatedByIPAdress = InitiatedBy.user.ipAddress \n// Uncomment the following line to filter events where the inviting user was a guest user\n//| where InitiatedBy has_any (\"CUSTOM DOMAIN NAME#\", \"#EXT#\")\n| mv-apply TargetResource = TargetResources on \n  (\n      where TargetResource.type =~ \"User\"\n      | extend InvitedUser = trim(@'\"',tostring(TargetResource.userPrincipalName)),\n               Properties = TargetResource.modifiedProperties\n  )\n| mv-apply Property = Properties on \n  (\n      where Property.displayName =~ \"Group.DisplayName\"\n      | extend AADGroup = trim('\"',tostring(Property.newValue))\n  )\n| where InvitedUser has_any (\"CUSTOM DOMAIN NAME#\", \"#EXT#\")\n| mv-apply Property = Properties on\n   (\n     where Property.displayName =~ \"Group.ObjectID\"\n     | extend AADGroupId = trim('\"',tostring(Property.newValue))\n   )\n| where AADGroupId !in (GroupIDs)\n| extend Name = tostring(split(InitiatedByActionUserInformation,'@',0)[0]), UPNSuffix = tostring(split(InitiatedByActionUserInformation,'@',1)[0])\n",
                "queryFrequency": "P1D",
                "queryPeriod": "P1D",
                "severity": "High",
                "suppressionDuration": "PT1H",
                "suppressionEnabled": false,
                "triggerOperator": "GreaterThan",
                "triggerThreshold": 0,
                "status": "Available",
                "requiredDataConnectors": [
                  {
                    "connectorId": "AzureActiveDirectory",
                    "dataTypes": [
                      "AuditLogs"
                    ]
                  }
                ],
                "tactics": [
                  "InitialAccess",
                  "Persistence",
                  "Discovery"
                ],
                "techniques": [
                  "T1078",
                  "T1136",
                  "T1087"
                ],
                "entityMappings": [
                  {
                    "fieldMappings": [
                      {
                        "columnName": "InvitedUser",
                        "identifier": "Name"
                      }
                    ],
                    "entityType": "Account"
                  },
                  {
                    "fieldMappings": [
                      {
                        "columnName": "Name",
                        "identifier": "Name"
                      },
                      {
                        "columnName": "UPNSuffix",
                        "identifier": "UPNSuffix"
                      }
                    ],
                    "entityType": "Account"
                  },
                  {
                    "fieldMappings": [
                      {
                        "columnName": "InitiatedByIPAdress",
                        "identifier": "Address"
                      }
                    ],
                    "entityType": "IP"
                  }
                ]
              }
            },
            {
              "type": "Microsoft.OperationalInsights/workspaces/providers/metadata",
              "apiVersion": "2022-01-01-preview",
              "name": "[concat(parameters('workspace'),'/Microsoft.SecurityInsights/',concat('AnalyticsRule-', last(split(resourceId('Microsoft.SecurityInsights/AlertRuleTemplates', '6ab1f7b2-61b8-442f-bc81-96afe7ad8c53'),'/'))))]",
              "properties": {
                "description": "Azure Active Directory Analytics Rule 28",
                "parentId": "[resourceId('Microsoft.SecurityInsights/AlertRuleTemplates', '6ab1f7b2-61b8-442f-bc81-96afe7ad8c53')]",
                "contentId": "6ab1f7b2-61b8-442f-bc81-96afe7ad8c53",
                "kind": "AnalyticsRule",
                "version": "1.0.2",
                "source": {
                  "kind": "Solution",
                  "name": "Azure Active Directory",
                  "sourceId": "azuresentinel.azure-sentinel-solution-azureactivedirectory"
                },
                "author": {
                  "name": "Microsoft",
                  "email": "support@microsoft.com"
                },
                "support": {
                  "tier": "Microsoft",
                  "name": "Microsoft Corporation",
                  "email": "support@microsoft.com",
                  "link": "https://support.microsoft.com/"
                }
              }
            }
          ]
        },
        "packageKind": "Solution",
        "packageVersion": "2.0.12",
        "packageName": "Azure Active Directory",
        "packageId": "azuresentinel.azure-sentinel-solution-azureactivedirectory",
        "contentProductId": "azuresentinel.azure-sentinel-solution-azureactived-ar-nktif2ybn3wqo",
        "id": "azuresentinel.azure-sentinel-solution-azureactived-ar-nktif2ybn3wqo",
        "contentSchemaVersion": "3.0.0",
        "version": "1.0.2"
      }
    }
  ]
}