{
  "$schema": "https://schema.management.azure.com/schemas/2019-04-01/deploymentTemplate.json#",
  "contentVersion": "1.2.1",
  "parameters": {
    "location": {
      "type": "string",
      "minLength": 1,
      "defaultValue": "[resourceGroup().location]",
      "metadata": {
        "description": "Not used, but needed to pass arm-ttk test `Location-Should-Not-Be-Hardcoded`.  We instead use the `workspace-location` which is derived from the LA workspace"
      }
    },
    "workspace": {
      "defaultValue": "",
      "type": "string",
      "metadata": {
        "description": "Workspace name for Log Analytics where Microsoft Sentinel is setup"
      }
    },
    "workspace-location": {
      "type": "string",
      "defaultValue": "",
      "metadata": {
        "description": "[concat('Region to deploy solution resources -- separate from location selection',parameters('location'))]"
      }
    }
  },
  "resources": [
    {
      "type": "Microsoft.OperationalInsights/workspaces/providers/contentTemplates",
      "name": "[concat(parameters('workspace'),'/Microsoft.SecurityInsights/',concat(concat(parameters('workspace'),'-ar-',uniquestring('d992b87b-eb49-4a9d-aa96-baacf9d26247')),'1.2.1'))]",
      "location": "[parameters('workspace-location')]",
      "apiVersion": "2023-04-01-preview",
      "dependsOn": [
        "[extensionResourceId(resourceId('Microsoft.OperationalInsights/workspaces', parameters('workspace')), 'Microsoft.SecurityInsights/contentPackages', 'azuresentinel.azure-sentinel-solution-ioclegacy')]"
      ],
      "properties": {
        "contentId": "d992b87b-eb49-4a9d-aa96-baacf9d26247",
        "displayName": "Alert for  IOCs related to Windows/ELF malware - IP, Hash IOCs - September 2021",
        "contentKind": "AnalyticsRule",
        "mainTemplate": {
          "$schema": "https://schema.management.azure.com/schemas/2019-04-01/deploymentTemplate.json#",
          "contentVersion": "1.2.1",
          "parameters": {},
          "variables": {},
          "resources": [
            {
              "type": "Microsoft.SecurityInsights/AlertRuleTemplates",
              "name": "d992b87b-eb49-4a9d-aa96-baacf9d26247",
              "apiVersion": "2022-04-01-preview",
              "kind": "Scheduled",
              "location": "[parameters('workspace-location')]",
              "properties": {
                "description": "Identifies a match across various data feeds for IP,hashes and IOCs related to Windows/ELF malware published by Black Lotus Labs\nReference: \nhttps://blog.lumen.com/no-longer-just-theory-black-lotus-labs-uncovers-linux-executables-deployed-as-stealth-windows-loaders\nhttps://github.com/ManuelBerrueta/YARA-rules/blob/master/BlackLotusLabs-WSLMalware/BLL_SneakyWSL.yar",
                "displayName": "Alert for  IOCs related to Windows/ELF malware - IP, Hash IOCs - September 2021",
                "enabled": false,
                "query": "let IPList = dynamic([\"185.63.90.137\"]);  \nlet IPRegex = '[0-9]{1,3}\\\\.[0-9]{1,3}\\\\.[0-9]{1,3}\\\\.[0-9]{1,3}';\nlet sha256Hashes = \ndynamic([\"53854c6d163bfd0c56d8b297ac43bd25c21f696de6063031241e792ee65df441\",\n\"c297e545b8f150cc5ff56dbb68dc74fe30a421d9d40f38f4a53083192697c44c\",\n\"17921368901f23e0cad0d2fe4ce5694aebaf4727699ed0358117500701914d1b\",\n\"198a2d42df010d838b4207f478d885ef36e3db13b1744d673e221b828c28bf77\",\n\"71d7b48c2fdc7b57b104a7858a35165bbed21d2fa7e34828d6c1d50b2b33a1d0\",\n\"601227d52c6e367e11b80240183d07d38bc11a88e844e8401fce17eb25e92ba8\",\n\"63ff04bed4fdb120a9cb9b1ea7fd88e83f12fb01ab6a057088f8016e663b48d4\",\n\"a3037c3389b811bc1404f719af5c8b9034c5e24710cf3a0b457d28bf1b922cf7\",\n\"e19b8be1b21c066d60725e550f8455f824065abbf1b43f7b2fe4fb338b241ffc\",\n\"a3037c3389b811bc1404f719af5c8b9034c5e24710cf3a0b457d28bf1b922cf7\"\n]);\n(union isfuzzy=true\n(CommonSecurityLog\n| where SourceIP in (IPList) or DestinationIP in (IPList) or Message has_any (IPList) \n| project TimeGenerated, SourceIP, DestinationIP, Message, SourceUserID, RequestURL\n| extend MessageIP = extract(IPRegex, 0, Message)\n| extend IPMatch = case(SourceIP in (IPList), \"SourceIP\", DestinationIP in (IPList), \"DestinationIP\", MessageIP in (IPList), \"Message\", MessageIP in (IPList), \"Message\", \"NoMatch\")\n| extend timestamp = TimeGenerated, IPCustomEntity = case(IPMatch == \"SourceIP\", SourceIP, IPMatch == \"DestinationIP\", DestinationIP, IPMatch == \"Message\", MessageIP, \"NoMatch\"), AccountCustomEntity = SourceUserID\n),\n(DeviceNetworkEvents\n| where  RemoteIP in (IPList) or InitiatingProcessSHA256 in (sha256Hashes) \n| project TimeGenerated, ActionType, DeviceId, DeviceName, InitiatingProcessAccountDomain, InitiatingProcessAccountName, InitiatingProcessCommandLine, InitiatingProcessFolderPath, InitiatingProcessId, InitiatingProcessParentFileName, InitiatingProcessFileName, RemoteIP, RemoteUrl, RemotePort, LocalIP\n| extend timestamp = TimeGenerated, DNSName = RemoteUrl, IPCustomEntity = RemoteIP, HostCustomEntity = DeviceName\n),\n(WindowsFirewall\n| where SourceIP in (IPList) or DestinationIP in (IPList) \n| project TimeGenerated, Computer, CommunicationDirection, SourceIP, DestinationIP, SourcePort, DestinationPort\n| extend IPMatch = case( SourceIP in (IPList), \"SourceIP\", DestinationIP in (IPList), \"DestinationIP\", \"None\")\n| extend timestamp = TimeGenerated, HostCustomEntity = Computer , IPCustomEntity = case(IPMatch == \"SourceIP\", SourceIP, IPMatch == \"DestinationIP\", DestinationIP, \"None\")\n),\n(AzureDiagnostics \n| where ResourceType == \"AZUREFIREWALLS\"\n| where Category == \"AzureFirewallApplicationRule\"\n| project TimeGenerated,Resource, msg_s\n| parse msg_s with Protocol 'request from ' SourceHost ':' SourcePort 'to ' DestinationHost ':' DestinationPort '. Action:' Action\n| where isnotempty(DestinationHost) \n| where SourceHost in (IPList) or DestinationHost in (IPList)\n| extend timestamp = TimeGenerated, DNSName = DestinationHost, IPCustomEntity = SourceHost\n),\n(AZFWApplicationRule\n| where isnotempty(Fqdn)\n| where SourceIp in (IPList) or Fqdn in (IPList)\n| extend timestamp = TimeGenerated\n| extend DNSName = Fqdn\n| extend IPCustomEntity = SourceIp\n),\n(AZFWDnsQuery\n| where isnotempty(QueryName)\n| where SourceIp in (IPList) or QueryName in (IPList)\n| extend timestamp = TimeGenerated\n| extend DNSName = QueryName\n| extend IPCustomEntity = SourceIp\n),\n(DeviceFileEvents\n| project TimeGenerated, ActionType, DeviceId, DeviceName, InitiatingProcessAccountDomain, InitiatingProcessAccountName, InitiatingProcessCommandLine, InitiatingProcessFolderPath, InitiatingProcessId, InitiatingProcessParentFileName, InitiatingProcessFileName, RequestAccountName, RequestSourceIP, InitiatingProcessSHA256\n| extend Account = RequestAccountName, Computer = DeviceName, IPAddress = RequestSourceIP, CommandLine = InitiatingProcessCommandLine, FileHash = InitiatingProcessSHA256\n| extend timestamp = TimeGenerated, HostCustomEntity = Computer , AccountCustomEntity = Account, ProcessCustomEntity = InitiatingProcessFileName, AlgorithmCustomEntity = \"SHA256\", FileHashCustomEntity = FileHash\n| where FileHash in (sha256Hashes)\n),\n(CommonSecurityLog\n| where FileHash in (sha256Hashes)\n| project TimeGenerated,  Message, SourceUserID, FileHash\n| extend timestamp = TimeGenerated, AlgorithmCustomEntity = \"SHA256\", FileHashCustomEntity = FileHash\n),\n(DeviceEvents\n| where   InitiatingProcessSHA256 in~ (sha256Hashes)\n| project TimeGenerated, ActionType, DeviceId, DeviceName, InitiatingProcessAccountDomain, InitiatingProcessAccountName, InitiatingProcessCommandLine, InitiatingProcessFolderPath, InitiatingProcessId, InitiatingProcessParentFileName, InitiatingProcessFileName, InitiatingProcessSHA256\n| extend Account = InitiatingProcessAccountName, Computer = DeviceName, CommandLine = InitiatingProcessCommandLine, FileHash = InitiatingProcessSHA256, Image = InitiatingProcessFolderPath\n| extend timestamp = TimeGenerated, HostCustomEntity = Computer , AccountCustomEntity = Account, ProcessCustomEntity = InitiatingProcessFileName, AlgorithmCustomEntity = \"SHA256\", FileHashCustomEntity = FileHash\n),\n(SecurityEvent\n| where EventID == '4688'\n| where CommandLine has_any (IPList) \n| project TimeGenerated, Computer, NewProcessName, ParentProcessName, Account, NewProcessId\n| extend timestamp = TimeGenerated, HostCustomEntity = Computer , AccountCustomEntity = Account, ProcessCustomEntity = NewProcessName\n),\n(WindowsEvent\n| where EventID == '4688' and  has_any_ipv4(EventData, toscalar(IPList)) \n| extend NewProcessName = tostring(EventData.NewProcessName)\n| where NewProcessName  in (IPList) \n| extend ParentProcessName = tostring(EventData.ParentProcessName)\n| extend Account =  strcat(EventData.SubjectDomainName,\"\\\\\", EventData.SubjectUserName)\n| extend NewProcessId = tostring(EventData.NewProcessId)\n| project TimeGenerated, Computer, NewProcessName, ParentProcessName, Account, NewProcessId\n| extend timestamp = TimeGenerated, HostCustomEntity = Computer , AccountCustomEntity = Account, ProcessCustomEntity = NewProcessName\n)\n)\n",
                "queryFrequency": "PT6H",
                "queryPeriod": "PT6H",
                "severity": "Medium",
                "suppressionDuration": "PT1H",
                "suppressionEnabled": false,
                "triggerOperator": "GreaterThan",
                "triggerThreshold": 0,
                "status": "Available",
                "requiredDataConnectors": [
                  {
                    "connectorId": "F5",
                    "dataTypes": [
                      "CommonSecurityLog"
                    ]
                  },
                  {
                    "connectorId": "CiscoASA",
                    "dataTypes": [
                      "CommonSecurityLog"
                    ]
                  },
                  {
                    "connectorId": "PaloAltoNetworks",
                    "dataTypes": [
                      "CommonSecurityLog"
                    ]
                  },
                  {
                    "connectorId": "Fortinet",
                    "dataTypes": [
                      "CommonSecurityLog"
                    ]
                  },
                  {
                    "connectorId": "CheckPoint",
                    "dataTypes": [
                      "CommonSecurityLog"
                    ]
                  },
                  {
                    "connectorId": "CEF",
                    "dataTypes": [
                      "CommonSecurityLog"
                    ]
                  },
                  {
                    "connectorId": "MicrosoftThreatProtection",
                    "dataTypes": [
                      "DeviceNetworkEvents",
                      "DeviceFileEvents",
                      "DeviceEvents"
                    ]
                  },
                  {
                    "connectorId": "SecurityEvents",
                    "dataTypes": [
                      "SecurityEvent"
                    ]
                  },
                  {
                    "connectorId": "AzureFirewall",
                    "dataTypes": [
                      "AzureDiagnostics",
                      "AZFWApplicationRule",
                      "AZFWDnsQuery"
                    ]
                  },
                  {
                    "connectorId": "WindowsFirewall",
                    "dataTypes": [
                      "WindowsFirewall"
                    ]
                  },
                  {
                    "connectorId": "WindowsSecurityEvents",
                    "dataTypes": [
                      "SecurityEvents"
                    ]
                  },
                  {
                    "connectorId": "WindowsForwardedEvents",
                    "dataTypes": [
                      "WindowsEvent"
                    ]
                  }
                ],
                "tactics": [
                  "Impact"
                ],
                "techniques": [
                  "T1496"
                ],
                "entityMappings": [
                  {
                    "fieldMappings": [
                      {
                        "columnName": "AccountCustomEntity",
                        "identifier": "FullName"
                      }
                    ],
                    "entityType": "Account"
                  },
                  {
                    "fieldMappings": [
                      {
                        "columnName": "HostCustomEntity",
                        "identifier": "FullName"
                      }
                    ],
                    "entityType": "Host"
                  },
                  {
                    "fieldMappings": [
                      {
                        "columnName": "IPCustomEntity",
                        "identifier": "Address"
                      }
                    ],
                    "entityType": "IP"
                  },
                  {
                    "fieldMappings": [
                      {
                        "columnName": "ProcessCustomEntity",
                        "identifier": "ProcessId"
                      }
                    ],
                    "entityType": "Process"
                  },
                  {
                    "fieldMappings": [
                      {
                        "columnName": "AlgorithmCustomEntity",
                        "identifier": "Algorithm"
                      },
                      {
                        "columnName": "FileHashCustomEntity",
                        "identifier": "Value"
                      }
                    ],
                    "entityType": "FileHash"
                  }
                ]
              }
            },
            {
              "type": "Microsoft.OperationalInsights/workspaces/providers/metadata",
              "apiVersion": "2022-01-01-preview",
              "name": "[concat(parameters('workspace'),'/Microsoft.SecurityInsights/',concat('AnalyticsRule-', last(split(resourceId('Microsoft.SecurityInsights/AlertRuleTemplates', 'd992b87b-eb49-4a9d-aa96-baacf9d26247'),'/'))))]",
              "properties": {
                "description": "Legacy IOC based Threat Protection Analytics Rule 33",
                "parentId": "[resourceId('Microsoft.SecurityInsights/AlertRuleTemplates', 'd992b87b-eb49-4a9d-aa96-baacf9d26247')]",
                "contentId": "d992b87b-eb49-4a9d-aa96-baacf9d26247",
                "kind": "AnalyticsRule",
                "version": "1.2.1",
                "source": {
                  "kind": "Solution",
                  "name": "Legacy IOC based Threat Protection",
                  "sourceId": "azuresentinel.azure-sentinel-solution-ioclegacy"
                },
                "author": {
                  "name": "Microsoft",
                  "email": "support@microsoft.com"
                },
                "support": {
                  "name": "Microsoft Corporation",
                  "email": "support@microsoft.com",
                  "tier": "Microsoft",
                  "link": "https://support.microsoft.com"
                }
              }
            }
          ]
        },
        "packageKind": "Solution",
        "packageVersion": "2.0.7",
        "packageName": "Legacy IOC based Threat Protection",
        "packageId": "azuresentinel.azure-sentinel-solution-ioclegacy",
        "contentProductId": "azuresentinel.azure-sentinel-solution-ioclegacy-ar-lgt44hxlb57wu",
        "id": "azuresentinel.azure-sentinel-solution-ioclegacy-ar-lgt44hxlb57wu",
        "contentSchemaVersion": "3.0.0"
      }
    }
  ]
}