{
  "$schema": "https://schema.management.azure.com/schemas/2019-04-01/deploymentTemplate.json#",
  "contentVersion": "1.0.1",
  "parameters": {
    "location": {
      "type": "string",
      "minLength": 1,
      "defaultValue": "[resourceGroup().location]",
      "metadata": {
        "description": "Not used, but needed to pass arm-ttk test `Location-Should-Not-Be-Hardcoded`.  We instead use the `workspace-location` which is derived from the LA workspace"
      }
    },
    "workspace": {
      "defaultValue": "",
      "type": "string",
      "metadata": {
        "description": "Workspace name for Log Analytics where Microsoft Sentinel is setup"
      }
    },
    "workspace-location": {
      "type": "string",
      "defaultValue": "",
      "metadata": {
        "description": "[concat('Region to deploy solution resources -- separate from location selection',parameters('location'))]"
      }
    }
  },
  "resources": [
    {
      "type": "Microsoft.OperationalInsights/workspaces/providers/contentTemplates",
      "name": "[concat(parameters('workspace'),'/Microsoft.SecurityInsights/',concat(concat(parameters('workspace'),'-ar-',uniquestring('a7b9df32-1367-402d-b385-882daf6e3020')),'1.0.1'))]",
      "location": "[parameters('workspace-location')]",
      "apiVersion": "2023-04-01-preview",
      "dependsOn": [
        "[extensionResourceId(resourceId('Microsoft.OperationalInsights/workspaces', parameters('workspace')), 'Microsoft.SecurityInsights/contentPackages', 'azuresentinel.azure-sentinel-solution-endpointthreat')]"
      ],
      "properties": {
        "contentId": "a7b9df32-1367-402d-b385-882daf6e3020",
        "displayName": "Dumping LSASS Process Into a File",
        "contentKind": "AnalyticsRule",
        "mainTemplate": {
          "$schema": "https://schema.management.azure.com/schemas/2019-04-01/deploymentTemplate.json#",
          "contentVersion": "1.0.1",
          "parameters": {},
          "variables": {},
          "resources": [
            {
              "type": "Microsoft.SecurityInsights/AlertRuleTemplates",
              "name": "a7b9df32-1367-402d-b385-882daf6e3020",
              "apiVersion": "2022-04-01-preview",
              "kind": "Scheduled",
              "location": "[parameters('workspace-location')]",
              "properties": {
                "description": "Adversaries may attempt to access credential material stored in the process memory of the Local Security Authority Subsystem Service (LSASS).\nAfter a user logs on, the system generates and stores a variety of credential materials in LSASS process memory.\nThese credential materials can be harvested by an administrative user or system and used to conduct lateral movement using alternate authentication materials.\nAs well as in-memory techniques, the LSASS process memory can be dumped from the target host and analyzed on a local system.\nRef: https://attack.mitre.org/techniques/T1003/001/",
                "displayName": "Dumping LSASS Process Into a File",
                "enabled": false,
                "query": "Event\n| where EventLog =~ \"Microsoft-Windows-Sysmon/Operational\" and EventID==10\n| parse EventData with * 'TargetImage\">' TargetImage \"<\" * 'GrantedAccess\">' GrantedAccess \"<\" * 'CallTrace\">' CallTrace \"<\" * \n| where GrantedAccess =~ \"0x1FFFFF\" and TargetImage =~ \"C:\\\\Windows\\\\System32\\\\lsass.exe\" and CallTrace has_any (\"dbghelp.dll\",\"dbgcore.dll\")\n| parse EventData with * 'SourceProcessGUID\">' SourceProcessGUID \"<\" * 'SourceImage\">' SourceImage \"<\" *\n| summarize StartTime = min(TimeGenerated), EndTime = max(TimeGenerated) by EventID, Computer, SourceProcessGUID, SourceImage, GrantedAccess, TargetImage, CallTrace\n| extend HostName = iif(Computer has '.',substring(Computer,0,indexof(Computer,'.')),Computer) , DnsDomain = iif(Computer has '.',substring(Computer,indexof(Computer,'.')+1),'')\n",
                "queryFrequency": "PT1H",
                "queryPeriod": "PT1H",
                "severity": "High",
                "suppressionDuration": "PT1H",
                "suppressionEnabled": false,
                "triggerOperator": "GreaterThan",
                "triggerThreshold": 0,
                "status": "Available",
                "requiredDataConnectors": [
                  {
                    "connectorId": "SecurityEvents",
                    "dataTypes": [
                      "SecurityEvent"
                    ]
                  }
                ],
                "tactics": [
                  "CredentialAccess"
                ],
                "techniques": [
                  "T1003"
                ],
                "entityMappings": [
                  {
                    "fieldMappings": [
                      {
                        "identifier": "HostName",
                        "columnName": "HostName"
                      },
                      {
                        "identifier": "DnsDomain",
                        "columnName": "DnsDomain"
                      }
                    ],
                    "entityType": "Host"
                  },
                  {
                    "fieldMappings": [
                      {
                        "identifier": "CommandLine",
                        "columnName": "SourceImage"
                      }
                    ],
                    "entityType": "Process"
                  }
                ]
              }
            },
            {
              "type": "Microsoft.OperationalInsights/workspaces/providers/metadata",
              "apiVersion": "2022-01-01-preview",
              "name": "[concat(parameters('workspace'),'/Microsoft.SecurityInsights/',concat('AnalyticsRule-', last(split(resourceId('Microsoft.SecurityInsights/AlertRuleTemplates', 'a7b9df32-1367-402d-b385-882daf6e3020'),'/'))))]",
              "properties": {
                "description": "Endpoint Threat Protection Essentials Analytics Rule 2",
                "parentId": "[resourceId('Microsoft.SecurityInsights/AlertRuleTemplates', 'a7b9df32-1367-402d-b385-882daf6e3020')]",
                "contentId": "a7b9df32-1367-402d-b385-882daf6e3020",
                "kind": "AnalyticsRule",
                "version": "1.0.1",
                "source": {
                  "kind": "Solution",
                  "name": "Endpoint Threat Protection Essentials",
                  "sourceId": "azuresentinel.azure-sentinel-solution-endpointthreat"
                },
                "author": {
                  "name": "Microsoft",
                  "email": "support@microsoft.com"
                },
                "support": {
                  "name": "Microsoft Corporation",
                  "email": "support@microsoft.com",
                  "tier": "Microsoft",
                  "link": "https://support.microsoft.com"
                }
              }
            }
          ]
        },
        "packageKind": "Solution",
        "packageVersion": "2.0.2",
        "packageName": "Endpoint Threat Protection Essentials",
        "packageId": "azuresentinel.azure-sentinel-solution-endpointthreat",
        "contentProductId": "azuresentinel.azure-sentinel-solution-endpointthre-ar-gipxwiol6svuq",
        "id": "azuresentinel.azure-sentinel-solution-endpointthre-ar-gipxwiol6svuq",
        "contentSchemaVersion": "3.0.0",
        "version": "1.0.1"
      }
    }
  ]
}