{
  "$schema": "https://schema.management.azure.com/schemas/2019-04-01/deploymentTemplate.json#",
  "contentVersion": "1.0.0",
  "parameters": {
    "location": {
      "type": "string",
      "minLength": 1,
      "defaultValue": "[resourceGroup().location]",
      "metadata": {
        "description": "Not used, but needed to pass arm-ttk test `Location-Should-Not-Be-Hardcoded`.  We instead use the `workspace-location` which is derived from the LA workspace"
      }
    },
    "workspace": {
      "defaultValue": "",
      "type": "string",
      "metadata": {
        "description": "Workspace name for Log Analytics where Microsoft Sentinel is setup"
      }
    },
    "workspace-location": {
      "type": "string",
      "defaultValue": "",
      "metadata": {
        "description": "[concat('Region to deploy solution resources -- separate from location selection',parameters('location'))]"
      }
    }
  },
  "resources": [
    {
      "type": "Microsoft.OperationalInsights/workspaces/providers/contentTemplates",
      "name": "[concat(parameters('workspace'),'/Microsoft.SecurityInsights/',concat(concat(parameters('workspace'),'-hq-',uniquestring('6bfea14f-2122-46b3-8f8b-3947e0fb6d92')),'1.0.0'))]",
      "location": "[parameters('workspace-location')]",
      "apiVersion": "2023-04-01-preview",
      "dependsOn": [
        "[extensionResourceId(resourceId('Microsoft.OperationalInsights/workspaces', parameters('workspace')), 'Microsoft.SecurityInsights/contentPackages', 'azuresentinel.azure-sentinel-solution-ioclegacy')]"
      ],
      "properties": {
        "contentId": "6bfea14f-2122-46b3-8f8b-3947e0fb6d92",
        "displayName": "Dev-0322 Command Line Activity November 2021 (ASIM Version)",
        "contentKind": "HuntingQuery",
        "mainTemplate": {
          "$schema": "https://schema.management.azure.com/schemas/2019-04-01/deploymentTemplate.json#",
          "contentVersion": "1.0.0",
          "parameters": {},
          "variables": {},
          "resources": [
            {
              "type": "Microsoft.OperationalInsights/savedSearches",
              "apiVersion": "2020-08-01",
              "name": "Legacy_IOC_based_Threat_Protection_Hunting_Query_2",
              "location": "[parameters('workspace-location')]",
              "properties": {
                "eTag": "*",
                "displayName": "Dev-0322 Command Line Activity November 2021 (ASIM Version)",
                "category": "Hunting Queries",
                "query": "// Look for command lines observed used by the threat actor\nlet cmd_lines = dynamic(['cmd.exe /c \"wmic /node:redacted process call create \"ntdsutil snapshot \\\\\"activate instance ntds\\\\\" create quit quit > c:\\\\windows\\\\temp\\\\nt.dat\";', 'regsvr32 /s c:\\\\windows\\\\temp\\\\user64.dll', 'process call  create \"cmd /c c:\\\\windows\\\\temp\\\\gac.exe -i c:\\\\windows\\temp\\\\ScriptModule.dll >c:\\\\windows\\\\temp\\\\tmp.dat\"']);\nimProcess\n// Look for static cmd lines and dynamic one using regex\n| where CommandLine  has_any (cmd_lines) or CommandLine matches regex \"save HKLM\\\\SYSTEM [^ ]*_System.HIV\" or CommandLine matches regex 'cmd.exe /c \"wmic /node:[^ ]* process call create \"ntdsutil snapshot \\\\\"activate instance ntds\\\\\" create quit quit > c:\\\\windows\\\\temp\\\\nt.dat\";'\n| summarize count(), FirstSeen=min(TimeGenerated), LastSeen = max(TimeGenerated) by DvcId, Dvc, CommandLine, AccountName, FilePath\n// Base risk score on number of command lines seen for each host\n| extend RiskScore = count_\n// Increase risk score if host has recent security alerts\n| join kind=leftouter (SecurityAlert\n| where ProviderName =~ \"MDATP\"\n| extend ThreatName = tostring(parse_json(ExtendedProperties).ThreatName)\n| mv-expand todynamic(Entities)\n| extend DvcId = tostring(parse_json(Entities).MdatpDeviceId)\n| where isnotempty(DvcId)\n// Increase risk score further if alerts relate to malware assocaited with threat actor\n| extend AlertRiskScore = iif(ThreatName has_any (\"Zebracon\", \"Trojan:MSIL/Gacker.A!dha\", \"Backdoor:MSIL/Kokishell.A!dha\"), 1.0, 0.5)) on DvcId\n// Create aggregate risk score\n| extend AlertRiskScore = iif(isempty(AlertRiskScore), 0.0 , AlertRiskScore)\n| extend RiskScore = RiskScore + AlertRiskScore\n| project-reorder  FirstSeen, LastSeen, RiskScore, Dvc, DvcId, CommandLine, AccountName\n| extend File = split(Process, \"\\\\\")[-1]\n| extend timestamp = FirstSeen, AccountCustomEntity = AccountName, HostCustomEntity = Dvc\n",
                "version": 2,
                "tags": [
                  {
                    "name": "description",
                    "value": "This hunting query looks for process command line activity related to activity observed by Dev-0322 relating to compromise of systems running the ZOHO ManageEngine ADSelfService Plus software.\n  The command lines this query hunts for are used as part of the threat actor's post exploitation activity. Some or all of the commands may be run by the threat actor.\n  The risk score associated with each result is based on a number of factors, hosts with higher risk events should be investigated first.\n  This query uses the Microsoft Sentinel Information Model - https://docs.microsoft.com/azure/sentinel/normalization"
                  },
                  {
                    "name": "tactics",
                    "value": "Persistence,LateralMovement,CommandAndControl"
                  },
                  {
                    "name": "techniques",
                    "value": "T1078,T1219,T1021"
                  }
                ]
              }
            },
            {
              "type": "Microsoft.OperationalInsights/workspaces/providers/metadata",
              "apiVersion": "2022-01-01-preview",
              "name": "[concat(parameters('workspace'),'/Microsoft.SecurityInsights/',concat('HuntingQuery-', last(split(resourceId('Microsoft.OperationalInsights/savedSearches', '6bfea14f-2122-46b3-8f8b-3947e0fb6d92'),'/'))))]",
              "properties": {
                "description": "Legacy IOC based Threat Protection Hunting Query 2",
                "parentId": "[resourceId('Microsoft.OperationalInsights/savedSearches', '6bfea14f-2122-46b3-8f8b-3947e0fb6d92')]",
                "contentId": "6bfea14f-2122-46b3-8f8b-3947e0fb6d92",
                "kind": "HuntingQuery",
                "version": "1.0.0",
                "source": {
                  "kind": "Solution",
                  "name": "Legacy IOC based Threat Protection",
                  "sourceId": "azuresentinel.azure-sentinel-solution-ioclegacy"
                },
                "author": {
                  "name": "Microsoft",
                  "email": "support@microsoft.com"
                },
                "support": {
                  "name": "Microsoft Corporation",
                  "email": "support@microsoft.com",
                  "tier": "Microsoft",
                  "link": "https://support.microsoft.com"
                }
              }
            }
          ]
        },
        "packageKind": "Solution",
        "packageVersion": "2.0.7",
        "packageName": "Legacy IOC based Threat Protection",
        "packageId": "azuresentinel.azure-sentinel-solution-ioclegacy",
        "contentProductId": "azuresentinel.azure-sentinel-solution-ioclegacy-hq-367qztbr3nq4s",
        "id": "azuresentinel.azure-sentinel-solution-ioclegacy-hq-367qztbr3nq4s",
        "contentSchemaVersion": "3.0.0"
      }
    }
  ]
}