{
  "$schema": "https://schema.management.azure.com/schemas/2019-04-01/deploymentTemplate.json#",
  "contentVersion": "1.0.0",
  "parameters": {
    "location": {
      "type": "string",
      "minLength": 1,
      "defaultValue": "[resourceGroup().location]",
      "metadata": {
        "description": "Not used, but needed to pass arm-ttk test `Location-Should-Not-Be-Hardcoded`.  We instead use the `workspace-location` which is derived from the LA workspace"
      }
    },
    "workspace": {
      "defaultValue": "",
      "type": "string",
      "metadata": {
        "description": "Workspace name for Log Analytics where Microsoft Sentinel is setup"
      }
    },
    "workspace-location": {
      "type": "string",
      "defaultValue": "",
      "metadata": {
        "description": "[concat('Region to deploy solution resources -- separate from location selection',parameters('location'))]"
      }
    }
  },
  "resources": [
    {
      "type": "Microsoft.OperationalInsights/workspaces/providers/contentTemplates",
      "name": "[concat(parameters('workspace'),'/Microsoft.SecurityInsights/',concat(concat(parameters('workspace'),'-hq-',uniquestring('b35f6633-0d18-494c-a5e4-2828daf442bf')),'1.0.0'))]",
      "location": "[parameters('workspace-location')]",
      "apiVersion": "2023-04-01-preview",
      "dependsOn": [
        "[extensionResourceId(resourceId('Microsoft.OperationalInsights/workspaces', parameters('workspace')), 'Microsoft.SecurityInsights/contentPackages', 'azuresentinel.azure-sentinel-solution-dns-domain')]"
      ],
      "properties": {
        "contentId": "b35f6633-0d18-494c-a5e4-2828daf442bf",
        "displayName": "Top 25 Sources(Clients) with high number of errors in last 24hours (ASIM DNS Solution)",
        "contentKind": "HuntingQuery",
        "mainTemplate": {
          "$schema": "https://schema.management.azure.com/schemas/2019-04-01/deploymentTemplate.json#",
          "contentVersion": "1.0.0",
          "parameters": {},
          "variables": {},
          "resources": [
            {
              "type": "Microsoft.OperationalInsights/savedSearches",
              "apiVersion": "2020-08-01",
              "name": "DNS_Essentials_Hunting_Query_9",
              "location": "[parameters('workspace-location')]",
              "properties": {
                "eTag": "*",
                "displayName": "Top 25 Sources(Clients) with high number of errors in last 24hours (ASIM DNS Solution)",
                "category": "Hunting Queries",
                "query": "let timeframe = 1d;\n_Im_Dns(starttime=ago(timeframe), endtime=now())\n| where EventSubType == 'response' and DnsResponseCodeName != 'NOERROR'\n| where isnotempty(SrcIpAddr)\n| summarize Count=count() by SrcIpAddr, DnsResponseCodeName\n| order by Count\n| take 25\n| extend IP_0_Address = SrcIpAddr\n",
                "version": 2,
                "tags": [
                  {
                    "name": "description",
                    "value": "This query searches for the top 25 clients with the most errors. This query utilizes [ASIM](https://aka.ms/AboutASIM) normalization and is applied to any source that supports the ASIM DNS schema."
                  },
                  {
                    "name": "tactics",
                    "value": "CommandAndControl"
                  },
                  {
                    "name": "techniques",
                    "value": "T1095"
                  }
                ]
              }
            },
            {
              "type": "Microsoft.OperationalInsights/workspaces/providers/metadata",
              "apiVersion": "2022-01-01-preview",
              "name": "[concat(parameters('workspace'),'/Microsoft.SecurityInsights/',concat('HuntingQuery-', last(split(resourceId('Microsoft.OperationalInsights/savedSearches', 'b35f6633-0d18-494c-a5e4-2828daf442bf'),'/'))))]",
              "properties": {
                "description": "DNS Essentials Hunting Query 9",
                "parentId": "[resourceId('Microsoft.OperationalInsights/savedSearches', 'b35f6633-0d18-494c-a5e4-2828daf442bf')]",
                "contentId": "b35f6633-0d18-494c-a5e4-2828daf442bf",
                "kind": "HuntingQuery",
                "version": "1.0.0",
                "source": {
                  "kind": "Solution",
                  "name": "DNS Essentials",
                  "sourceId": "azuresentinel.azure-sentinel-solution-dns-domain"
                },
                "author": {
                  "name": "Microsoft",
                  "email": "support@microsoft.com"
                },
                "support": {
                  "name": "Microsoft Corporation",
                  "email": "support@microsoft.com",
                  "tier": "Microsoft",
                  "link": "https://support.microsoft.com"
                }
              }
            }
          ]
        },
        "packageKind": "Solution",
        "packageVersion": "2.0.2",
        "packageName": "DNS Essentials",
        "packageId": "azuresentinel.azure-sentinel-solution-dns-domain",
        "contentProductId": "azuresentinel.azure-sentinel-solution-dns-domain-hq-udaqmx7hr7aeu",
        "id": "azuresentinel.azure-sentinel-solution-dns-domain-hq-udaqmx7hr7aeu",
        "contentSchemaVersion": "3.0.0",
        "version": "1.0.0"
      }
    }
  ]
}