{
  "$schema": "https://schema.management.azure.com/schemas/2019-04-01/deploymentTemplate.json#",
  "contentVersion": "1.5.1",
  "parameters": {
    "location": {
      "type": "string",
      "minLength": 1,
      "defaultValue": "[resourceGroup().location]",
      "metadata": {
        "description": "Not used, but needed to pass arm-ttk test `Location-Should-Not-Be-Hardcoded`.  We instead use the `workspace-location` which is derived from the LA workspace"
      }
    },
    "workspace": {
      "defaultValue": "",
      "type": "string",
      "metadata": {
        "description": "Workspace name for Log Analytics where Microsoft Sentinel is setup"
      }
    },
    "workspace-location": {
      "type": "string",
      "defaultValue": "",
      "metadata": {
        "description": "[concat('Region to deploy solution resources -- separate from location selection',parameters('location'))]"
      }
    }
  },
  "resources": [
    {
      "type": "Microsoft.OperationalInsights/workspaces/providers/contentTemplates",
      "name": "[concat(parameters('workspace'),'/Microsoft.SecurityInsights/',concat(concat(parameters('workspace'),'-ar-',uniquestring('7ee72a9e-2e54-459c-bc8a-8c08a6532a63')),'1.5.1'))]",
      "location": "[parameters('workspace-location')]",
      "apiVersion": "2023-04-01-preview",
      "dependsOn": [
        "[extensionResourceId(resourceId('Microsoft.OperationalInsights/workspaces', parameters('workspace')), 'Microsoft.SecurityInsights/contentPackages', 'azuresentinel.azure-sentinel-solution-ioclegacy')]"
      ],
      "properties": {
        "contentId": "7ee72a9e-2e54-459c-bc8a-8c08a6532a63",
        "displayName": "Known IRIDIUM IP",
        "contentKind": "AnalyticsRule",
        "mainTemplate": {
          "$schema": "https://schema.management.azure.com/schemas/2019-04-01/deploymentTemplate.json#",
          "contentVersion": "1.5.1",
          "parameters": {},
          "variables": {},
          "resources": [
            {
              "type": "Microsoft.SecurityInsights/AlertRuleTemplates",
              "name": "7ee72a9e-2e54-459c-bc8a-8c08a6532a63",
              "apiVersion": "2022-04-01-preview",
              "kind": "Scheduled",
              "location": "[parameters('workspace-location')]",
              "properties": {
                "description": "IRIDIUM command and control IP. Identifies a match across various data feeds for IP IOCs related to the IRIDIUM activity group.",
                "displayName": "Known IRIDIUM IP",
                "enabled": false,
                "query": "let IPList = dynamic([\"154.223.45.38\",\"185.141.207.140\",\"185.234.73.19\",\"216.245.210.106\",\"51.91.48.210\",\"46.255.230.229\"]);\n(union isfuzzy=true\n(CommonSecurityLog\n| where isnotempty(SourceIP) or isnotempty(DestinationIP)\n| where SourceIP in (IPList) or DestinationIP in (IPList) or Message has_any (IPList)\n| extend IPMatch = case(SourceIP in (IPList), \"SourceIP\", DestinationIP in (IPList), \"DestinationIP\", \"Message\") \n| summarize StartTimeUtc = min(TimeGenerated), EndTimeUtc = max(TimeGenerated) by SourceIP, DestinationIP, DeviceProduct, DeviceAction, Message, Protocol, SourcePort, DestinationPort, DeviceAddress, DeviceName, IPMatch\n| extend timestamp = StartTimeUtc, IPCustomEntity = case(IPMatch == \"SourceIP\", SourceIP, IPMatch == \"DestinationIP\", DestinationIP, \"IP in Message Field\") \n),\n(OfficeActivity\n|extend SourceIPAddress = ClientIP, Account = UserId\n| where  SourceIPAddress in (IPList)\n| extend timestamp = TimeGenerated , IPCustomEntity = SourceIPAddress , AccountCustomEntity = Account\n),\n(_Im_Dns (response_has_any_prefix=IPList)\n| extend DestinationIPAddress = DnsResponseName,  Host = Dvc\n| extend timestamp = TimeGenerated, IPCustomEntity = SrcIpAddr, HostCustomEntity = Host, AccountCustomEntity=User\n),\n(_Im_WebSession (srcipaddr_has_any_prefix=IPList)\n| extend DestinationIPAddress = DstIpAddr,  Host = Dvc\n| extend timestamp = TimeGenerated, IPCustomEntity = SrcIpAddr, HostCustomEntity = Host\n),\n(_Im_NetworkSession (srcipaddr_has_any_prefix=IPList)\n| extend DestinationIPAddress = DstIpAddr,  Host = Dvc\n| extend timestamp = TimeGenerated, IPCustomEntity = SrcIpAddr, HostCustomEntity = Host\n),\n(_Im_NetworkSession (dstipaddr_has_any_prefix=IPList)\n| extend DestinationIPAddress = DstIpAddr,  Host = Dvc\n| extend timestamp = TimeGenerated, IPCustomEntity = SrcIpAddr, HostCustomEntity = Host\n),\n(SigninLogs\n| where isnotempty(IPAddress)\n| where IPAddress in (IPList)\n| extend timestamp = TimeGenerated, AccountCustomEntity = UserPrincipalName, IPCustomEntity = IPAddress\n),\n(AADNonInteractiveUserSignInLogs\n| where isnotempty(IPAddress)\n| where IPAddress in (IPList)\n| extend timestamp = TimeGenerated, AccountCustomEntity = UserPrincipalName, IPCustomEntity = IPAddress\n),\n(W3CIISLog \n| where isnotempty(cIP)\n| where cIP in (IPList)\n| extend timestamp = TimeGenerated, IPCustomEntity = cIP, HostCustomEntity = Computer, AccountCustomEntity = csUserName\n),\n(AzureActivity \n| where isnotempty(CallerIpAddress)\n| where CallerIpAddress in (IPList)\n| extend timestamp = TimeGenerated, IPCustomEntity = CallerIpAddress, AccountCustomEntity = Caller\n),\n(\nAWSCloudTrail\n| where isnotempty(SourceIpAddress)\n| where SourceIpAddress in (IPList)\n| extend timestamp = TimeGenerated, IPCustomEntity = SourceIpAddress, AccountCustomEntity = UserIdentityUserName\n),\n(\nAzureDiagnostics\n| where ResourceType == \"AZUREFIREWALLS\"\n| where Category == \"AzureFirewallApplicationRule\"\n| parse msg_s with Protocol 'request from ' SourceHost ':' SourcePort 'to ' DestinationHost ':' DestinationPort '. Action:' Action\n| where isnotempty(DestinationHost)\n| where DestinationHost has_any (IPList)  \n| extend DestinationIP = DestinationHost \n| extend IPCustomEntity = SourceHost\n),\n(\nAZFWApplicationRule\n| where isnotempty(Fqdn)\n| where Fqdn has_any (IPList)  \n| extend DestinationIP = Fqdn \n| extend IPCustomEntity = SourceIp\n),\n(AZFWNetworkRule\n| where isnotempty(DestinationIp)\n| where DestinationIp  has_any (IPList)  \n| extend DestinationIP = DestinationIp \n| extend IPCustomEntity = SourceIp\n),\n(Event\n| where Source == \"Microsoft-Windows-Sysmon\"\n| where EventID == 3\n| extend EvData = parse_xml(EventData)\n| extend EventDetail = EvData.DataItem.EventData.Data\n| extend SourceIP = EventDetail.[9].[\"#text\"], DestinationIP = EventDetail.[14].[\"#text\"]\n| where SourceIP in (IPList) or DestinationIP in (IPList) \n| extend IPMatch = case( SourceIP in (IPList), \"SourceIP\", DestinationIP in (IPList), \"DestinationIP\", \"None\") \n| extend timestamp = TimeGenerated, AccountCustomEntity = UserName, HostCustomEntity = Computer , IPCustomEntity = case(IPMatch == \"SourceIP\", SourceIP, IPMatch == \"DestinationIP\", DestinationIP, \"None\")\n)\n)\n",
                "queryFrequency": "P1D",
                "queryPeriod": "P1D",
                "severity": "High",
                "suppressionDuration": "PT1H",
                "suppressionEnabled": false,
                "triggerOperator": "GreaterThan",
                "triggerThreshold": 0,
                "status": "Available",
                "requiredDataConnectors": [
                  {
                    "connectorId": "AWSS3",
                    "datatypes": [
                      "AWSVPCFlow"
                    ]
                  },
                  {
                    "connectorId": "WindowsForwardedEvents",
                    "dataTypes": [
                      "WindowsEvent"
                    ]
                  },
                  {
                    "connectorId": "SquidProxy",
                    "dataTypes": [
                      "SquidProxy_CL"
                    ]
                  },
                  {
                    "connectorId": "MicrosoftThreatProtection",
                    "dataTypes": [
                      "DeviceNetworkEvents"
                    ]
                  },
                  {
                    "connectorId": "SecurityEvents",
                    "dataTypes": [
                      "SecurityEvent"
                    ]
                  },
                  {
                    "connectorId": "MicrosoftSysmonForLinux",
                    "dataTypes": [
                      "Syslog"
                    ]
                  },
                  {
                    "connectorId": "Office365",
                    "dataTypes": [
                      "OfficeActivity"
                    ]
                  },
                  {
                    "connectorId": "DNS",
                    "dataTypes": [
                      "DnsEvents"
                    ]
                  },
                  {
                    "connectorId": "AzureMonitor(VMInsights)",
                    "dataTypes": [
                      "VMConnection"
                    ]
                  },
                  {
                    "connectorId": "CiscoASA",
                    "dataTypes": [
                      "CommonSecurityLog"
                    ]
                  },
                  {
                    "connectorId": "PaloAltoNetworks",
                    "dataTypes": [
                      "CommonSecurityLog"
                    ]
                  },
                  {
                    "connectorId": "SecurityEvents",
                    "dataTypes": [
                      "SecurityEvent"
                    ]
                  },
                  {
                    "connectorId": "AzureActiveDirectory",
                    "dataTypes": [
                      "SigninLogs"
                    ]
                  },
                  {
                    "connectorId": "AzureActiveDirectory",
                    "dataTypes": [
                      "AADNonInteractiveUserSignInLogs"
                    ]
                  },
                  {
                    "connectorId": "AzureMonitor(IIS)",
                    "dataTypes": [
                      "W3CIISLog"
                    ]
                  },
                  {
                    "connectorId": "AzureActivity",
                    "dataTypes": [
                      "AzureActivity"
                    ]
                  },
                  {
                    "connectorId": "AWS",
                    "dataTypes": [
                      "AWSCloudTrail"
                    ]
                  },
                  {
                    "connectorId": "AzureFirewall",
                    "dataTypes": [
                      "AzureDiagnostics",
                      "AZFWApplicationRule",
                      "AZFWNetworkRule"
                    ]
                  },
                  {
                    "connectorId": "Zscaler",
                    "dataTypes": [
                      "CommonSecurityLog"
                    ]
                  },
                  {
                    "connectorId": "InfobloxNIOS",
                    "dataTypes": [
                      "Syslog"
                    ]
                  },
                  {
                    "connectorId": "GCPDNSDataConnector",
                    "dataTypes": [
                      "GCP_DNS_CL"
                    ]
                  },
                  {
                    "connectorId": "NXLogDnsLogs",
                    "dataTypes": [
                      "NXLog_DNS_Server_CL"
                    ]
                  },
                  {
                    "connectorId": "CiscoUmbrellaDataConnector",
                    "dataTypes": [
                      "Cisco_Umbrella_dns_CL"
                    ]
                  },
                  {
                    "connectorId": "Corelight",
                    "dataTypes": [
                      "Corelight_CL"
                    ]
                  }
                ],
                "tactics": [
                  "CommandAndControl"
                ],
                "entityMappings": [
                  {
                    "fieldMappings": [
                      {
                        "columnName": "AccountCustomEntity",
                        "identifier": "FullName"
                      }
                    ],
                    "entityType": "Account"
                  },
                  {
                    "fieldMappings": [
                      {
                        "columnName": "HostCustomEntity",
                        "identifier": "FullName"
                      }
                    ],
                    "entityType": "Host"
                  },
                  {
                    "fieldMappings": [
                      {
                        "columnName": "IPCustomEntity",
                        "identifier": "Address"
                      }
                    ],
                    "entityType": "IP"
                  }
                ]
              }
            },
            {
              "type": "Microsoft.OperationalInsights/workspaces/providers/metadata",
              "apiVersion": "2022-01-01-preview",
              "name": "[concat(parameters('workspace'),'/Microsoft.SecurityInsights/',concat('AnalyticsRule-', last(split(resourceId('Microsoft.SecurityInsights/AlertRuleTemplates', '7ee72a9e-2e54-459c-bc8a-8c08a6532a63'),'/'))))]",
              "properties": {
                "description": "Legacy IOC based Threat Protection Analytics Rule 13",
                "parentId": "[resourceId('Microsoft.SecurityInsights/AlertRuleTemplates', '7ee72a9e-2e54-459c-bc8a-8c08a6532a63')]",
                "contentId": "7ee72a9e-2e54-459c-bc8a-8c08a6532a63",
                "kind": "AnalyticsRule",
                "version": "1.5.1",
                "source": {
                  "kind": "Solution",
                  "name": "Legacy IOC based Threat Protection",
                  "sourceId": "azuresentinel.azure-sentinel-solution-ioclegacy"
                },
                "author": {
                  "name": "Microsoft",
                  "email": "support@microsoft.com"
                },
                "support": {
                  "name": "Microsoft Corporation",
                  "email": "support@microsoft.com",
                  "tier": "Microsoft",
                  "link": "https://support.microsoft.com"
                }
              }
            }
          ]
        },
        "packageKind": "Solution",
        "packageVersion": "2.0.7",
        "packageName": "Legacy IOC based Threat Protection",
        "packageId": "azuresentinel.azure-sentinel-solution-ioclegacy",
        "contentProductId": "azuresentinel.azure-sentinel-solution-ioclegacy-ar-nurmkzot6je4k",
        "id": "azuresentinel.azure-sentinel-solution-ioclegacy-ar-nurmkzot6je4k",
        "contentSchemaVersion": "3.0.0"
      }
    }
  ]
}