{
  "$schema": "https://schema.management.azure.com/schemas/2019-04-01/deploymentTemplate.json#",
  "contentVersion": "1.0.0",
  "parameters": {
    "location": {
      "type": "string",
      "minLength": 1,
      "defaultValue": "[resourceGroup().location]",
      "metadata": {
        "description": "Not used, but needed to pass arm-ttk test `Location-Should-Not-Be-Hardcoded`.  We instead use the `workspace-location` which is derived from the LA workspace"
      }
    },
    "workspace": {
      "defaultValue": "",
      "type": "string",
      "metadata": {
        "description": "Workspace name for Log Analytics where Microsoft Sentinel is setup"
      }
    },
    "workspace-location": {
      "type": "string",
      "defaultValue": "",
      "metadata": {
        "description": "[concat('Region to deploy solution resources -- separate from location selection',parameters('location'))]"
      }
    }
  },
  "resources": [
    {
      "type": "Microsoft.OperationalInsights/workspaces/providers/contentTemplates",
      "name": "[concat(parameters('workspace'),'/Microsoft.SecurityInsights/',concat(concat(parameters('workspace'),'-hq-',uniquestring('8eff7055-9138-4edc-b8f0-48ea27e23c3c')),'1.0.0'))]",
      "location": "[parameters('workspace-location')]",
      "apiVersion": "2023-04-01-preview",
      "dependsOn": [
        "[extensionResourceId(resourceId('Microsoft.OperationalInsights/workspaces', parameters('workspace')), 'Microsoft.SecurityInsights/contentPackages', 'azuresentinel.azure-sentinel-solution-cloudservicedetection')]"
      ],
      "properties": {
        "contentId": "8eff7055-9138-4edc-b8f0-48ea27e23c3c",
        "displayName": "Azure Key Vault Access Policy Manipulation",
        "contentKind": "HuntingQuery",
        "mainTemplate": {
          "$schema": "https://schema.management.azure.com/schemas/2019-04-01/deploymentTemplate.json#",
          "contentVersion": "1.0.0",
          "parameters": {},
          "variables": {},
          "resources": [
            {
              "type": "Microsoft.OperationalInsights/savedSearches",
              "apiVersion": "2020-08-01",
              "name": "Cloud_Service_Threat_Protection_Essentials_Hunting_Query_2",
              "location": "[parameters('workspace-location')]",
              "properties": {
                "eTag": "*",
                "displayName": "Azure Key Vault Access Policy Manipulation",
                "category": "Hunting Queries",
                "query": "let timeframe = 10m;\nAzureDiagnostics\n| where ResourceType == \"VAULTS\"\n| where OperationName == \"VaultPatch\"\n| where ResultType == \"Success\"\n| extend UserObjectAdded = column_ifexists(\"addedAccessPolicy_ObjectId_g\",\"\")\n| extend AddedActor = identity_claim_http_schemas_xmlsoap_org_ws_2005_05_identity_claims_name_s\n| extend KeyAccessAdded = tostring(column_ifexists(\"addedAccessPolicy_Permissions_keys_s\",\"\"))\n| extend SecretAccessAdded = tostring(column_ifexists(\"addedAccessPolicy_Permissions_secrets_s\",\"\"))\n| extend CertAccessAdded = tostring(column_ifexists(\"addedAccessPolicy_Permissions_certificates_s\",\"\"))\n| where isnotempty(UserObjectAdded)\n| project AccessAddedTime=TimeGenerated, ResourceType, OperationName, ResultType, KeyVaultName=id_s, AddedActor, UserObjectAdded, KeyAccessAdded, SecretAccessAdded, CertAccessAdded\n| join kind=inner \n( \nAzureDiagnostics\n| where ResourceType == \"VAULTS\"\n| where OperationName == \"VaultPatch\"\n| where ResultType == \"Success\"\n| extend RemovedActor = identity_claim_http_schemas_xmlsoap_org_ws_2005_05_identity_claims_name_s\n| extend UserObjectRemoved = column_ifexists(\"removedAccessPolicy_ObjectId_g\", \"\")\n| extend KeyAccessRemoved = tostring(column_ifexists(\"removedAccessPolicy_Permissions_keys_s\",\"\"))\n| extend SecretAccessRemoved = tostring(column_ifexists(\"removedAccessPolicy_Permissions_secrets_s\",\"\"))\n| extend CertAccessRemoved = tostring(column_ifexists(\"removedAccessPolicy_Permissions_certificates_s\",\"\"))\n| where isnotempty(UserObjectRemoved)\n| project AccessRemovedTime=TimeGenerated, ResourceType, OperationName, ResultType, KeyVaultName=id_s, RemovedActor, UserObjectRemoved, KeyAccessRemoved, SecretAccessRemoved, CertAccessRemoved\n)\non KeyVaultName\n| extend TimeDelta = abs(AccessAddedTime - AccessRemovedTime)\n| where TimeDelta < timeframe\n| project KeyVaultName, AccessAddedTime, AddedActor, UserObjectAdded, KeyAccessAdded, SecretAccessAdded, CertAccessAdded, AccessRemovedTime, RemovedActor, UserObjectRemoved, KeyAccessRemoved, SecretAccessRemoved, CertAccessRemoved, TimeDelta\n| extend timestamp = AccessAddedTime, AccountCustomEntity = UserObjectAdded\n",
                "version": 2,
                "tags": [
                  {
                    "name": "description",
                    "value": "Identifies when a user is added and then removed to an Azure Key Vault access policy within a short time period. \nThis may be a sign of credential access and persistence."
                  },
                  {
                    "name": "tactics",
                    "value": "CredentialAccess"
                  },
                  {
                    "name": "techniques",
                    "value": "T1555"
                  }
                ]
              }
            },
            {
              "type": "Microsoft.OperationalInsights/workspaces/providers/metadata",
              "apiVersion": "2022-01-01-preview",
              "name": "[concat(parameters('workspace'),'/Microsoft.SecurityInsights/',concat('HuntingQuery-', last(split(resourceId('Microsoft.OperationalInsights/savedSearches', '8eff7055-9138-4edc-b8f0-48ea27e23c3c'),'/'))))]",
              "properties": {
                "description": "Cloud Service Threat Protection Essentials Hunting Query 2",
                "parentId": "[resourceId('Microsoft.OperationalInsights/savedSearches', '8eff7055-9138-4edc-b8f0-48ea27e23c3c')]",
                "contentId": "8eff7055-9138-4edc-b8f0-48ea27e23c3c",
                "kind": "HuntingQuery",
                "version": "1.0.0",
                "source": {
                  "kind": "Solution",
                  "name": "Cloud Service Threat Protection Essentials",
                  "sourceId": "azuresentinel.azure-sentinel-solution-cloudservicedetection"
                },
                "author": {
                  "name": "Microsoft",
                  "email": "support@microsoft.com"
                },
                "support": {
                  "name": "Microsoft Corporation",
                  "email": "support@microsoft.com",
                  "tier": "Microsoft",
                  "link": "https://support.microsoft.com"
                }
              }
            }
          ]
        },
        "packageKind": "Solution",
        "packageVersion": "2.0.1",
        "packageName": "Cloud Service Threat Protection Essentials",
        "packageId": "azuresentinel.azure-sentinel-solution-cloudservicedetection",
        "contentProductId": "azuresentinel.azure-sentinel-solution-cloudservice-hq-quffm7x26qrmq",
        "id": "azuresentinel.azure-sentinel-solution-cloudservice-hq-quffm7x26qrmq",
        "contentSchemaVersion": "3.0.0",
        "version": "1.0.0"
      }
    }
  ]
}