{
  "$schema": "https://schema.management.azure.com/schemas/2019-04-01/deploymentTemplate.json#",
  "contentVersion": "1.0.0",
  "parameters": {
    "location": {
      "type": "string",
      "minLength": 1,
      "defaultValue": "[resourceGroup().location]",
      "metadata": {
        "description": "Not used, but needed to pass arm-ttk test `Location-Should-Not-Be-Hardcoded`.  We instead use the `workspace-location` which is derived from the LA workspace"
      }
    },
    "workspace": {
      "defaultValue": "",
      "type": "string",
      "metadata": {
        "description": "Workspace name for Log Analytics where Microsoft Sentinel is setup"
      }
    },
    "workspace-location": {
      "type": "string",
      "defaultValue": "",
      "metadata": {
        "description": "[concat('Region to deploy solution resources -- separate from location selection',parameters('location'))]"
      }
    }
  },
  "resources": [
    {
      "type": "Microsoft.OperationalInsights/workspaces/providers/contentTemplates",
      "name": "[concat(parameters('workspace'),'/Microsoft.SecurityInsights/',concat(concat(parameters('workspace'),'-hq-',uniquestring('c7941212-4ff9-4d2d-b38d-54d78fa087cc')),'1.0.0'))]",
      "location": "[parameters('workspace-location')]",
      "apiVersion": "2023-04-01-preview",
      "dependsOn": [
        "[extensionResourceId(resourceId('Microsoft.OperationalInsights/workspaces', parameters('workspace')), 'Microsoft.SecurityInsights/contentPackages', 'azuresentinel.azure-sentinel-solution-cloudthreatdetection')]"
      ],
      "properties": {
        "contentId": "c7941212-4ff9-4d2d-b38d-54d78fa087cc",
        "displayName": "Application Granted EWS Permissions",
        "contentKind": "HuntingQuery",
        "mainTemplate": {
          "$schema": "https://schema.management.azure.com/schemas/2019-04-01/deploymentTemplate.json#",
          "contentVersion": "1.0.0",
          "parameters": {},
          "variables": {},
          "resources": [
            {
              "type": "Microsoft.OperationalInsights/savedSearches",
              "apiVersion": "2020-08-01",
              "name": "Cloud_Identity_Threat_Protection_Essentials_Hunting_Query_8",
              "location": "[parameters('workspace-location')]",
              "properties": {
                "eTag": "*",
                "displayName": "Application Granted EWS Permissions",
                "category": "Hunting Queries",
                "query": "AuditLogs\n| where Category == \"ApplicationManagement\"\n| where OperationName has \"Add app role assignment to service principal\"\n| extend UA = tostring(AdditionalDetails[0].value)\n| mv-expand TargetResources\n| extend ModifiedProps = TargetResources.modifiedProperties\n| mv-expand ModifiedProps\n| where ModifiedProps.newValue has \"Use Exchange Web Services with full access to all mailboxes\"\n| extend Action = ModifiedProps.newValue\n| extend User = tolower(tostring(parse_json(tostring(InitiatedBy.user)).userPrincipalName))\n| join kind=inner AuditLogs on CorrelationId\n| mv-expand TargetResources1\n| mv-expand TargetResources1.modifiedProperties\n| project-reorder TargetResources1_modifiedProperties\n| extend displayName_ = tostring(TargetResources1_modifiedProperties.displayName)\n| extend AppId = iff(tostring(TargetResources1_modifiedProperties.displayName) == \"ServicePrincipal.AppId\", tostring(TargetResources1_modifiedProperties.newValue), \"\")\n| extend AppName = iff(tostring(TargetResources1_modifiedProperties.displayName) == \"ServicePrincipal.DisplayName\", tostring(TargetResources1_modifiedProperties.newValue), \"\")\n| summarize make_set(AppName), make_set(AppId) by TimeGenerated, ActivityDisplayName, UA, User, Result, OperationName, tostring(InitiatedBy), bin(TimeGenerated, 1d), tostring(Action)\n| where tostring(set_AppId) != '[\"\"]'\n| project-reorder TimeGenerated, User, set_AppName\n| join kind=leftouter (SecurityAlert\n| where ProviderName == \"IPC\"\n| extend User = tolower(tostring(parse_json(ExtendedProperties).[\"User Account\"]))\n| summarize count_AlertName = count() by bin(TimeGenerated, 1d), User) on TimeGenerated, User\n| extend NumberofAADAlerts = iif(isnotempty(count_AlertName), count_AlertName, 0)\n| sort by NumberofAADAlerts desc\n| extend AppName = tostring(set_AppName[1])\n| extend AppID = tostring(set_AppId[1])\n| project-away set_AppName, set_AppId\n| project-reorder TimeGenerated, ActivityDisplayName, Action, User, NumberofAADAlerts, AppName, AppID\n| extend timestamp = TimeGenerated, AccountCustomEntity = User\n",
                "version": 2,
                "tags": [
                  {
                    "name": "description",
                    "value": "Finds AD applications granted permissions to read users mailboxes via Exchange Web Services (EWS). A threat actor could add these permissions to an application they control in order to gain persistent access to user's mail.\nReview the applications granted these permissions to ensure they are required and were granted legitimately."
                  },
                  {
                    "name": "tactics",
                    "value": "Collection,PrivilegeEscalation"
                  },
                  {
                    "name": "techniques",
                    "value": "T1078.004,T1114.002"
                  }
                ]
              }
            },
            {
              "type": "Microsoft.OperationalInsights/workspaces/providers/metadata",
              "apiVersion": "2022-01-01-preview",
              "name": "[concat(parameters('workspace'),'/Microsoft.SecurityInsights/',concat('HuntingQuery-', last(split(resourceId('Microsoft.OperationalInsights/savedSearches', 'c7941212-4ff9-4d2d-b38d-54d78fa087cc'),'/'))))]",
              "properties": {
                "description": "Cloud Identity Threat Protection Essentials Hunting Query 8",
                "parentId": "[resourceId('Microsoft.OperationalInsights/savedSearches', 'c7941212-4ff9-4d2d-b38d-54d78fa087cc')]",
                "contentId": "c7941212-4ff9-4d2d-b38d-54d78fa087cc",
                "kind": "HuntingQuery",
                "version": "1.0.0",
                "source": {
                  "kind": "Solution",
                  "name": "Cloud Identity Threat Protection Essentials",
                  "sourceId": "azuresentinel.azure-sentinel-solution-cloudthreatdetection"
                },
                "author": {
                  "name": "Microsoft",
                  "email": "support@microsoft.com"
                },
                "support": {
                  "name": "Microsoft Corporation",
                  "email": "support@microsoft.com",
                  "tier": "Microsoft",
                  "link": "https://support.microsoft.com"
                }
              }
            }
          ]
        },
        "packageKind": "Solution",
        "packageVersion": "2.0.1",
        "packageName": "Cloud Identity Threat Protection Essentials",
        "packageId": "azuresentinel.azure-sentinel-solution-cloudthreatdetection",
        "contentProductId": "azuresentinel.azure-sentinel-solution-cloudthreatd-hq-dkkxcj3ykokhc",
        "id": "azuresentinel.azure-sentinel-solution-cloudthreatd-hq-dkkxcj3ykokhc",
        "contentSchemaVersion": "3.0.0",
        "version": "1.0.0"
      }
    }
  ]
}