{
  "$schema": "https://schema.management.azure.com/schemas/2019-04-01/deploymentTemplate.json#",
  "contentVersion": "1.0.0",
  "parameters": {
    "location": {
      "type": "string",
      "minLength": 1,
      "defaultValue": "[resourceGroup().location]",
      "metadata": {
        "description": "Not used, but needed to pass arm-ttk test `Location-Should-Not-Be-Hardcoded`.  We instead use the `workspace-location` which is derived from the LA workspace"
      }
    },
    "workspace": {
      "defaultValue": "",
      "type": "string",
      "metadata": {
        "description": "Workspace name for Log Analytics where Microsoft Sentinel is setup"
      }
    }
  },
  "resources": [
    {
      "type": "Microsoft.OperationalInsights/workspaces/providers/contentTemplates",
      "name": "[concat(parameters('workspace'),'/Microsoft.SecurityInsights/',concat(concat(parameters('workspace'),'-hq-',uniquestring('a73c52f2-b3a5-4fe4-be7d-4d59b8558590')),'1.0.0'))]",
      "location": "[parameters('workspace-location')]",
      "apiVersion": "2023-04-01-preview",
      "dependsOn": [
        "[extensionResourceId(resourceId('Microsoft.OperationalInsights/workspaces', parameters('workspace')), 'Microsoft.SecurityInsights/contentPackages', 'azuresentinel.azure-sentinel-solution-cloudthreatdetection')]"
      ],
      "properties": {
        "contentId": "a73c52f2-b3a5-4fe4-be7d-4d59b8558590",
        "displayName": "Suspicious Sign-in to Privileged Account",
        "contentKind": "HuntingQuery",
        "mainTemplate": {
          "$schema": "https://schema.management.azure.com/schemas/2019-04-01/deploymentTemplate.json#",
          "contentVersion": "1.0.0",
          "parameters": {},
          "variables": {},
          "resources": [
            {
              "type": "Microsoft.OperationalInsights/savedSearches",
              "apiVersion": "2020-08-01",
              "name": "Cloud_Identity_Threat_Protection_Essentials_Hunting_Query_1",
              "location": "[parameters('workspace-location')]",
              "properties": {
                "eTag": "*",
                "displayName": "Suspicious Sign-in to Privileged Account",
                "category": "Hunting Queries",
                "query": "let priv_users = ('_GetWatchlist(\"VIPUsers\")') ;\n(union isfuzzy=true\n(SigninLogs //when a device is registered/joined without MFA \n| where AuthenticationRequirement == \"multiFactorAuthentication\"\n| where ResourceDisplayName == \"Device Registration Service\" \n| where ConditionalAccessStatus == \"success\"\n| extend AccountName = tolower(split(UserPrincipalName, \"@\")[0]), WinSecEventDomain = \"-\"\n| where AccountName in (priv_users)\n| project-rename  ServiceOrSystem = AppDisplayName, ClientIP = IPAddress), \n(\n(SigninLogs //Sign-ins by non-compliant devices\n| where DeviceDetail.isCompliant == false\n| where ConditionalAccessStatus == \"success\"\n  | extend AccountName = tolower(split(UserPrincipalName, \"@\")[0]), WinSecEventDomain = \"-\"\n  | where AccountName in (priv_users)\n  | project-rename  ServiceOrSystem = AppDisplayName, ClientIP = IPAddress)\n),\n(SigninLogs //Sign-ins by unknown devices\n| where isempty(DeviceDetail.deviceId)\n| where AuthenticationRequirement == \"singleFactorAuthentication\"\n| where ResultType == \"0\"\n| where NetworkLocationDetails == \"[]\"\n| extend AccountName = tolower(split(UserPrincipalName, \"@\")[0]), WinSecEventDomain = \"-\"\n| where AccountName in (priv_users)\n| project-rename  ServiceOrSystem = AppDisplayName, ClientIP = IPAddress)\n)\n| project AccountCustomEntity = AccountName, AppId, Category, IPCustomEntity = ClientIP, CorrelationId, ResourceCustomEntity = ResourceId, Identity\n",
                "version": 2,
                "tags": [
                  {
                    "name": "description",
                    "value": "This query will help detect any Sign-in's from non-compliant device/device registered without MFA(Multi-factor Authentication)/unknown device to privileged account using pre-built watchlist to identify accounts.\nMicrosoft Sentinel now provides built-in watchlist templates, that can be customized for your environment and used during investigations.\nReference: https://techcommunity.microsoft.com/t5/azure-sentinel/what-s-new-watchlists-templates-are-now-in-public-preview/ba-p/2614340"
                  },
                  {
                    "name": "tactics",
                    "value": "InitialAccess"
                  },
                  {
                    "name": "techniques",
                    "value": "T1078"
                  }
                ]
              }
            },
            {
              "type": "Microsoft.OperationalInsights/workspaces/providers/metadata",
              "apiVersion": "2022-01-01-preview",
              "name": "[concat(parameters('workspace'),'/Microsoft.SecurityInsights/',concat('HuntingQuery-', last(split(resourceId('Microsoft.OperationalInsights/savedSearches', 'a73c52f2-b3a5-4fe4-be7d-4d59b8558590'),'/'))))]",
              "properties": {
                "description": "Cloud Identity Threat Protection Essentials Hunting Query 1",
                "parentId": "[resourceId('Microsoft.OperationalInsights/savedSearches', 'a73c52f2-b3a5-4fe4-be7d-4d59b8558590')]",
                "contentId": "a73c52f2-b3a5-4fe4-be7d-4d59b8558590",
                "kind": "HuntingQuery",
                "version": "1.0.0",
                "source": {
                  "kind": "Solution",
                  "name": "Cloud Identity Threat Protection Essentials",
                  "sourceId": "azuresentinel.azure-sentinel-solution-cloudthreatdetection"
                },
                "author": {
                  "name": "Microsoft",
                  "email": "support@microsoft.com"
                },
                "support": {
                  "name": "Microsoft Corporation",
                  "email": "support@microsoft.com",
                  "tier": "Microsoft",
                  "link": "https://support.microsoft.com"
                }
              }
            }
          ]
        },
        "packageKind": "Solution",
        "packageVersion": "2.0.1",
        "packageName": "Cloud Identity Threat Protection Essentials",
        "packageId": "azuresentinel.azure-sentinel-solution-cloudthreatdetection",
        "contentProductId": "azuresentinel.azure-sentinel-solution-cloudthreatd-hq-vbpqyjtgtqgzk",
        "id": "azuresentinel.azure-sentinel-solution-cloudthreatd-hq-vbpqyjtgtqgzk",
        "contentSchemaVersion": "3.0.0",
        "version": "1.0.0"
      }
    }
  ]
}