{
  "$schema": "https://schema.management.azure.com/schemas/2019-04-01/deploymentTemplate.json#",
  "contentVersion": "1.1.4",
  "parameters": {
    "location": {
      "type": "string",
      "minLength": 1,
      "defaultValue": "[resourceGroup().location]",
      "metadata": {
        "description": "Not used, but needed to pass arm-ttk test `Location-Should-Not-Be-Hardcoded`.  We instead use the `workspace-location` which is derived from the LA workspace"
      }
    },
    "workspace": {
      "defaultValue": "",
      "type": "string",
      "metadata": {
        "description": "Workspace name for Log Analytics where Microsoft Sentinel is setup"
      }
    },
    "workspace-location": {
      "type": "string",
      "defaultValue": "",
      "metadata": {
        "description": "[concat('Region to deploy solution resources -- separate from location selection',parameters('location'))]"
      }
    }
  },
  "resources": [
    {
      "type": "Microsoft.OperationalInsights/workspaces/providers/contentTemplates",
      "name": "[concat(parameters('workspace'),'/Microsoft.SecurityInsights/',concat(concat(parameters('workspace'),'-ar-',uniquestring('80da0a8f-cfe1-4cd0-a895-8bc1771a720e')),'1.1.4'))]",
      "location": "[parameters('workspace-location')]",
      "apiVersion": "2023-04-01-preview",
      "dependsOn": [
        "[extensionResourceId(resourceId('Microsoft.OperationalInsights/workspaces', parameters('workspace')), 'Microsoft.SecurityInsights/contentPackages', 'azuresentinel.azure-sentinel-solution-endpointthreat')]"
      ],
      "properties": {
        "contentId": "80da0a8f-cfe1-4cd0-a895-8bc1771a720e",
        "displayName": "Security Event log cleared",
        "contentKind": "AnalyticsRule",
        "mainTemplate": {
          "$schema": "https://schema.management.azure.com/schemas/2019-04-01/deploymentTemplate.json#",
          "contentVersion": "1.1.4",
          "parameters": {},
          "variables": {},
          "resources": [
            {
              "type": "Microsoft.SecurityInsights/AlertRuleTemplates",
              "name": "80da0a8f-cfe1-4cd0-a895-8bc1771a720e",
              "apiVersion": "2022-04-01-preview",
              "kind": "Scheduled",
              "location": "[parameters('workspace-location')]",
              "properties": {
                "description": "Checks for event id 1102 which indicates the security event log was cleared.\nIt uses Event Source Name \"Microsoft-Windows-Eventlog\" to avoid generating false positives from other sources, like AD FS servers for instance.",
                "displayName": "Security Event log cleared",
                "enabled": false,
                "query": "(union isfuzzy=true\n(\nSecurityEvent\n| where EventID == 1102 and EventSourceName =~ \"Microsoft-Windows-Eventlog\"\n| summarize StartTimeUtc = min(TimeGenerated), EndTimeUtc = max(TimeGenerated), EventCount = count() by Computer, Account, EventID, Activity\n),\n(\nWindowsEvent\n| where EventID == 1102 and Provider =~ \"Microsoft-Windows-Eventlog\"\n| extend Account =  strcat(tostring(EventData.SubjectDomainName),\"\\\\\", tostring(EventData.SubjectUserName))\n| extend Activity= \"1102 - The audit log was cleared.\"\n| summarize StartTimeUtc = min(TimeGenerated), EndTimeUtc = max(TimeGenerated), EventCount = count() by Computer, Account, EventID, Activity\n)\n)\n| extend Name=tostring(split(Account, \"@\")[0]), UPNSuffix=tostring(split(Account, \"@\")[1])\n| extend HostName = iif(Computer has '.',substring(Computer,0,indexof(Computer,'.')),Computer) , DnsDomain = iif(Computer has '.',substring(Computer,indexof(Computer,'.')+1),'')\n",
                "queryFrequency": "P1D",
                "queryPeriod": "P1D",
                "severity": "Medium",
                "suppressionDuration": "PT1H",
                "suppressionEnabled": false,
                "triggerOperator": "GreaterThan",
                "triggerThreshold": 0,
                "status": "Available",
                "requiredDataConnectors": [
                  {
                    "connectorId": "SecurityEvents",
                    "dataTypes": [
                      "SecurityEvent"
                    ]
                  },
                  {
                    "connectorId": "WindowsSecurityEvents",
                    "dataTypes": [
                      "SecurityEvent"
                    ]
                  },
                  {
                    "connectorId": "WindowsForwardedEvents",
                    "dataTypes": [
                      "WindowsEvent"
                    ]
                  }
                ],
                "tactics": [
                  "DefenseEvasion"
                ],
                "techniques": [
                  "T1070"
                ],
                "entityMappings": [
                  {
                    "fieldMappings": [
                      {
                        "identifier": "Name",
                        "columnName": "Name"
                      },
                      {
                        "identifier": "UPNSuffix",
                        "columnName": "UPNSuffix"
                      }
                    ],
                    "entityType": "Account"
                  },
                  {
                    "fieldMappings": [
                      {
                        "identifier": "HostName",
                        "columnName": "HostName"
                      },
                      {
                        "identifier": "DnsDomain",
                        "columnName": "DnsDomain"
                      }
                    ],
                    "entityType": "Host"
                  }
                ]
              }
            },
            {
              "type": "Microsoft.OperationalInsights/workspaces/providers/metadata",
              "apiVersion": "2022-01-01-preview",
              "name": "[concat(parameters('workspace'),'/Microsoft.SecurityInsights/',concat('AnalyticsRule-', last(split(resourceId('Microsoft.SecurityInsights/AlertRuleTemplates', '80da0a8f-cfe1-4cd0-a895-8bc1771a720e'),'/'))))]",
              "properties": {
                "description": "Endpoint Threat Protection Essentials Analytics Rule 10",
                "parentId": "[resourceId('Microsoft.SecurityInsights/AlertRuleTemplates', '80da0a8f-cfe1-4cd0-a895-8bc1771a720e')]",
                "contentId": "80da0a8f-cfe1-4cd0-a895-8bc1771a720e",
                "kind": "AnalyticsRule",
                "version": "1.1.4",
                "source": {
                  "kind": "Solution",
                  "name": "Endpoint Threat Protection Essentials",
                  "sourceId": "azuresentinel.azure-sentinel-solution-endpointthreat"
                },
                "author": {
                  "name": "Microsoft",
                  "email": "support@microsoft.com"
                },
                "support": {
                  "name": "Microsoft Corporation",
                  "email": "support@microsoft.com",
                  "tier": "Microsoft",
                  "link": "https://support.microsoft.com"
                }
              }
            }
          ]
        },
        "packageKind": "Solution",
        "packageVersion": "2.0.2",
        "packageName": "Endpoint Threat Protection Essentials",
        "packageId": "azuresentinel.azure-sentinel-solution-endpointthreat",
        "contentProductId": "azuresentinel.azure-sentinel-solution-endpointthre-ar-zpfrg2plcl2lg",
        "id": "azuresentinel.azure-sentinel-solution-endpointthre-ar-zpfrg2plcl2lg",
        "contentSchemaVersion": "3.0.0",
        "version": "1.1.4"
      }
    }
  ]
}