{
  "$schema": "https://schema.management.azure.com/schemas/2019-04-01/deploymentTemplate.json#",
  "contentVersion": "1.0.1",
  "parameters": {
    "location": {
      "type": "string",
      "minLength": 1,
      "defaultValue": "[resourceGroup().location]",
      "metadata": {
        "description": "Not used, but needed to pass arm-ttk test `Location-Should-Not-Be-Hardcoded`.  We instead use the `workspace-location` which is derived from the LA workspace"
      }
    },
    "workspace": {
      "defaultValue": "",
      "type": "string",
      "metadata": {
        "description": "Workspace name for Log Analytics where Microsoft Sentinel is setup"
      }
    },
    "workspace-location": {
      "type": "string",
      "defaultValue": "",
      "metadata": {
        "description": "[concat('Region to deploy solution resources -- separate from location selection',parameters('location'))]"
      }
    }
  },
  "resources": [
    {
      "type": "Microsoft.OperationalInsights/workspaces/providers/contentTemplates",
      "name": "[concat(parameters('workspace'),'/Microsoft.SecurityInsights/',concat(concat(parameters('workspace'),'-ar-',uniquestring('68271db2-cbe9-4009-b1d3-bb3b5fe5713c')),'1.0.1'))]",
      "location": "[parameters('workspace-location')]",
      "apiVersion": "2023-04-01-preview",
      "dependsOn": [
        "[extensionResourceId(resourceId('Microsoft.OperationalInsights/workspaces', parameters('workspace')), 'Microsoft.SecurityInsights/contentPackages', 'azuresentinel.azure-sentinel-solution-ioclegacy')]"
      ],
      "properties": {
        "contentId": "68271db2-cbe9-4009-b1d3-bb3b5fe5713c",
        "displayName": "Possible STRONTIUM attempted credential harvesting - Oct 2020",
        "contentKind": "AnalyticsRule",
        "mainTemplate": {
          "$schema": "https://schema.management.azure.com/schemas/2019-04-01/deploymentTemplate.json#",
          "contentVersion": "1.0.1",
          "parameters": {},
          "variables": {},
          "resources": [
            {
              "type": "Microsoft.SecurityInsights/AlertRuleTemplates",
              "name": "68271db2-cbe9-4009-b1d3-bb3b5fe5713c",
              "apiVersion": "2022-04-01-preview",
              "kind": "Scheduled",
              "location": "[parameters('workspace-location')]",
              "properties": {
                "description": "Surfaces potential STRONTIUM group Office365 credential harvesting attempts within OfficeActivity Logon events.",
                "displayName": "Possible STRONTIUM attempted credential harvesting - Oct 2020",
                "enabled": false,
                "query": "let User_Agents = dynamic ([\"Mozilla/5.0 (Windows NT 10.0; Win64; x64) AppleWebKit/537.36 (KHTML, like Gecko) Chrome/70\", \n\"Mozilla/5.0 (Macintosh; Intel Mac OS X 10_14_1) AppleWebKit/605.1.15 (KHTML, like Gecko) Version/12.0.1 Safari/605.1.15\", \n\"Mozilla/5.0 (Windows NT 10.0; Win64; x64; rv:63.0) Gecko/20100101 Firefox/63.0\", \n\"Mozilla/5.0 (Windows NT 10.0; Win64; x64) AppleWebKit/537.36 (KHTML, like Gecko) Chrome/70.0.3538.110 Safari/537.36\", \n\"Mozilla/5.0 (Windows NT 6.1; Win64; x64) AppleWebKit/537.36 (KHTML, like Gecko) Chrome/70.0.3538.110 Safari/537.36\"]);\nOfficeActivity\n| where RecordType in (\"AzureActiveDirectoryAccountLogon\", \"AzureActiveDirectoryStsLogon\") \n| where Operation != 'UserLoggedIn'\n| extend UserAgent = iff(parse_json(ExtendedProperties)[0].Name =~ \"UserAgent\", extractjson(\"$[0].Value\", ExtendedProperties, typeof(string)),\"\")\n| mv-expand parse_json(ExtendedProperties)\n| where ExtendedProperties.Name =~ \"RequestType\"\n| extend RequestType = todynamic(ExtendedProperties).Value\n| where UserAgent =~ \"ms-office\" or UserAgent has_any (User_Agents)\n| summarize authAttempts=dcount(TimeGenerated), firstAttempt=min(TimeGenerated), lastAttempt=max(TimeGenerated), uniqueIPs=dcount(ClientIP), uniqueAccounts=dcount(UserId), attemptedAccounts=make_set(UserId) by UserAgent\n| where authAttempts > 500\n| extend timestamp = firstAttempt\n| sort by uniqueAccounts\n",
                "queryFrequency": "P7D",
                "queryPeriod": "P14D",
                "severity": "Low",
                "suppressionDuration": "PT1H",
                "suppressionEnabled": false,
                "triggerOperator": "GreaterThan",
                "triggerThreshold": 0,
                "status": "Available",
                "requiredDataConnectors": [
                  {
                    "connectorId": "Office365",
                    "dataTypes": [
                      "OfficeActivity"
                    ]
                  }
                ],
                "tactics": [
                  "CredentialAccess"
                ],
                "techniques": [
                  "T1110"
                ]
              }
            },
            {
              "type": "Microsoft.OperationalInsights/workspaces/providers/metadata",
              "apiVersion": "2022-01-01-preview",
              "name": "[concat(parameters('workspace'),'/Microsoft.SecurityInsights/',concat('AnalyticsRule-', last(split(resourceId('Microsoft.SecurityInsights/AlertRuleTemplates', '68271db2-cbe9-4009-b1d3-bb3b5fe5713c'),'/'))))]",
              "properties": {
                "description": "Legacy IOC based Threat Protection Analytics Rule 29",
                "parentId": "[resourceId('Microsoft.SecurityInsights/AlertRuleTemplates', '68271db2-cbe9-4009-b1d3-bb3b5fe5713c')]",
                "contentId": "68271db2-cbe9-4009-b1d3-bb3b5fe5713c",
                "kind": "AnalyticsRule",
                "version": "1.0.1",
                "source": {
                  "kind": "Solution",
                  "name": "Legacy IOC based Threat Protection",
                  "sourceId": "azuresentinel.azure-sentinel-solution-ioclegacy"
                },
                "author": {
                  "name": "Microsoft",
                  "email": "support@microsoft.com"
                },
                "support": {
                  "name": "Microsoft Corporation",
                  "email": "support@microsoft.com",
                  "tier": "Microsoft",
                  "link": "https://support.microsoft.com"
                }
              }
            }
          ]
        },
        "packageKind": "Solution",
        "packageVersion": "2.0.7",
        "packageName": "Legacy IOC based Threat Protection",
        "packageId": "azuresentinel.azure-sentinel-solution-ioclegacy",
        "contentProductId": "azuresentinel.azure-sentinel-solution-ioclegacy-ar-gunsudmkexu64",
        "id": "azuresentinel.azure-sentinel-solution-ioclegacy-ar-gunsudmkexu64",
        "contentSchemaVersion": "3.0.0"
      }
    }
  ]
}