{
  "$schema": "https://schema.management.azure.com/schemas/2019-04-01/deploymentTemplate.json#",
  "contentVersion": "1.0.3",
  "parameters": {
    "location": {
      "type": "string",
      "minLength": 1,
      "defaultValue": "[resourceGroup().location]",
      "metadata": {
        "description": "Not used, but needed to pass arm-ttk test `Location-Should-Not-Be-Hardcoded`.  We instead use the `workspace-location` which is derived from the LA workspace"
      }
    },
    "workspace": {
      "defaultValue": "",
      "type": "string",
      "metadata": {
        "description": "Workspace name for Log Analytics where Microsoft Sentinel is setup"
      }
    },
    "workspace-location": {
      "type": "string",
      "defaultValue": "",
      "metadata": {
        "description": "[concat('Region to deploy solution resources -- separate from location selection',parameters('location'))]"
      }
    }
  },
  "resources": [
    {
      "type": "Microsoft.OperationalInsights/workspaces/providers/contentTemplates",
      "name": "[concat(parameters('workspace'),'/Microsoft.SecurityInsights/',concat(concat(parameters('workspace'),'-ar-',uniquestring('34c5aff9-a8c2-4601-9654-c7e46342d03b')),'1.0.3'))]",
      "location": "[parameters('workspace-location')]",
      "apiVersion": "2023-04-01-preview",
      "dependsOn": [
        "[extensionResourceId(resourceId('Microsoft.OperationalInsights/workspaces', parameters('workspace')), 'Microsoft.SecurityInsights/contentPackages', 'azuresentinel.azure-sentinel-solution-azureactivedirectory')]"
      ],
      "properties": {
        "contentId": "34c5aff9-a8c2-4601-9654-c7e46342d03b",
        "displayName": "Privileged Accounts - Sign in Failure Spikes",
        "contentKind": "AnalyticsRule",
        "mainTemplate": {
          "$schema": "https://schema.management.azure.com/schemas/2019-04-01/deploymentTemplate.json#",
          "contentVersion": "1.0.3",
          "parameters": {},
          "variables": {},
          "resources": [
            {
              "type": "Microsoft.SecurityInsights/AlertRuleTemplates",
              "name": "34c5aff9-a8c2-4601-9654-c7e46342d03b",
              "apiVersion": "2022-04-01-preview",
              "kind": "Scheduled",
              "location": "[parameters('workspace-location')]",
              "properties": {
                "description": " Identifies spike in failed sign-ins from Privileged accounts. Privileged accounts list can be based on IdentityInfo UEBA table.\nSpike is determined based on Time series anomaly which will look at historical baseline values.\nRef : https://docs.microsoft.com/azure/active-directory/fundamentals/security-operations-privileged-accounts#things-to-monitor",
                "displayName": "Privileged Accounts - Sign in Failure Spikes",
                "enabled": false,
                "query": "let starttime = 14d;\nlet timeframe = 1d;\nlet scorethreshold = 3;\nlet baselinethreshold = 5;\nlet aadFunc = (tableName:string){\n    IdentityInfo\n    | where TimeGenerated > ago(starttime)\n    | summarize arg_max(TimeGenerated, *) by AccountUPN\n    | mv-expand AssignedRoles\n    | where AssignedRoles contains 'Admin'\n    | summarize Roles = make_list(AssignedRoles) by AccountUPN = tolower(AccountUPN)\n    | join kind=inner (\n        table(tableName)\n        | where TimeGenerated between (startofday(ago(starttime))..startofday(now()))\n        | where ResultType != 0\n        | extend UserPrincipalName = tolower(UserPrincipalName)\n    ) on $left.AccountUPN == $right.UserPrincipalName\n    | extend timestamp = TimeGenerated, AccountCustomEntity = UserPrincipalName, Roles = tostring(Roles)\n};\nlet aadSignin = aadFunc(\"SigninLogs\");\nlet aadNonInt = aadFunc(\"AADNonInteractiveUserSignInLogs\");\nlet allSignins = union isfuzzy=true aadSignin, aadNonInt;\nlet TimeSeriesAlerts = \n    allSignins\n    | make-series HourlyCount=count() on TimeGenerated from startofday(ago(starttime)) to startofday(now()) step 1h by UserPrincipalName, Roles\n    | extend (anomalies, score, baseline) = series_decompose_anomalies(HourlyCount, scorethreshold, -1, 'linefit')\n    | mv-expand HourlyCount to typeof(double), TimeGenerated to typeof(datetime), anomalies to typeof(double), score to typeof(double), baseline to typeof(long)\n    // Filtering low count events per baselinethreshold\n    | where anomalies > 0 and baseline > baselinethreshold\n    | extend AnomalyHour = TimeGenerated\n    | project UserPrincipalName, Roles, AnomalyHour, TimeGenerated, HourlyCount, baseline, anomalies, score;\n// Filter the alerts for specified timeframe\nTimeSeriesAlerts\n| where TimeGenerated > startofday(ago(timeframe))\n| join kind=inner ( \n    allSignins\n    | where TimeGenerated > startofday(ago(timeframe))\n    // create a new column and round to hour\n    | extend DateHour = bin(TimeGenerated, 1h)\n    | summarize PartialFailedSignins = count(), LatestAnomalyTime = arg_max(TimeGenerated, *) by bin(TimeGenerated, 1h), OperationName, Category, ResultType, ResultDescription, UserPrincipalName, Roles, UserDisplayName, AppDisplayName, ClientAppUsed, IPAddress, ResourceDisplayName\n) on UserPrincipalName, $left.AnomalyHour == $right.DateHour\n| project LatestAnomalyTime, OperationName, Category, UserPrincipalName, Roles = todynamic(Roles), UserDisplayName, ResultType, ResultDescription, AppDisplayName, ClientAppUsed, UserAgent, IPAddress, Location, AuthenticationRequirement, ConditionalAccessStatus, ResourceDisplayName, PartialFailedSignins, TotalFailedSignins = HourlyCount, baseline, anomalies, score\n| extend timestamp = LatestAnomalyTime, Name = tostring(split(UserPrincipalName,'@',0)[0]), UPNSuffix = tostring(split(UserPrincipalName,'@',1)[0])\n",
                "queryFrequency": "P1D",
                "queryPeriod": "P14D",
                "severity": "High",
                "suppressionDuration": "PT1H",
                "suppressionEnabled": false,
                "triggerOperator": "GreaterThan",
                "triggerThreshold": 0,
                "status": "Available",
                "requiredDataConnectors": [
                  {
                    "connectorId": "AzureActiveDirectory",
                    "dataTypes": [
                      "SigninLogs"
                    ]
                  },
                  {
                    "connectorId": "AzureActiveDirectory",
                    "dataTypes": [
                      "AADNonInteractiveUserSignInLogs"
                    ]
                  }
                ],
                "tactics": [
                  "InitialAccess"
                ],
                "techniques": [
                  "T1078"
                ],
                "entityMappings": [
                  {
                    "entityType": "Account",
                    "fieldMappings": [
                      {
                        "columnName": "Name",
                        "identifier": "Name"
                      },
                      {
                        "columnName": "UPNSuffix",
                        "identifier": "UPNSuffix"
                      }
                    ]
                  },
                  {
                    "entityType": "IP",
                    "fieldMappings": [
                      {
                        "columnName": "IPAddress",
                        "identifier": "Address"
                      }
                    ]
                  }
                ]
              }
            },
            {
              "type": "Microsoft.OperationalInsights/workspaces/providers/metadata",
              "apiVersion": "2022-01-01-preview",
              "name": "[concat(parameters('workspace'),'/Microsoft.SecurityInsights/',concat('AnalyticsRule-', last(split(resourceId('Microsoft.SecurityInsights/AlertRuleTemplates', '34c5aff9-a8c2-4601-9654-c7e46342d03b'),'/'))))]",
              "properties": {
                "description": "Azure Active Directory Analytics Rule 44",
                "parentId": "[resourceId('Microsoft.SecurityInsights/AlertRuleTemplates', '34c5aff9-a8c2-4601-9654-c7e46342d03b')]",
                "contentId": "34c5aff9-a8c2-4601-9654-c7e46342d03b",
                "kind": "AnalyticsRule",
                "version": "1.0.3",
                "source": {
                  "kind": "Solution",
                  "name": "Azure Active Directory",
                  "sourceId": "azuresentinel.azure-sentinel-solution-azureactivedirectory"
                },
                "author": {
                  "name": "Microsoft",
                  "email": "support@microsoft.com"
                },
                "support": {
                  "tier": "Microsoft",
                  "name": "Microsoft Corporation",
                  "email": "support@microsoft.com",
                  "link": "https://support.microsoft.com/"
                }
              }
            }
          ]
        },
        "packageKind": "Solution",
        "packageVersion": "2.0.11",
        "packageName": "Azure Active Directory solution for Sentinel",
        "packageId": "azuresentinel.azure-sentinel-solution-azureactivedirectory",
        "contentProductId": "azuresentinel.azure-sentinel-solution-azureactived-ar-v3vxjkbna4lm2",
        "id": "azuresentinel.azure-sentinel-solution-azureactived-ar-v3vxjkbna4lm2",
        "contentSchemaVersion": "3.0.0"
      }
    }
  ]
}