{
  "$schema": "https://schema.management.azure.com/schemas/2019-04-01/deploymentTemplate.json#",
  "contentVersion": "1.5.1",
  "parameters": {
    "location": {
      "type": "string",
      "minLength": 1,
      "defaultValue": "[resourceGroup().location]",
      "metadata": {
        "description": "Not used, but needed to pass arm-ttk test `Location-Should-Not-Be-Hardcoded`.  We instead use the `workspace-location` which is derived from the LA workspace"
      }
    },
    "workspace": {
      "defaultValue": "",
      "type": "string",
      "metadata": {
        "description": "Workspace name for Log Analytics where Microsoft Sentinel is setup"
      }
    },
    "workspace-location": {
      "type": "string",
      "defaultValue": "",
      "metadata": {
        "description": "[concat('Region to deploy solution resources -- separate from location selection',parameters('location'))]"
      }
    }
  },
  "resources": [
    {
      "type": "Microsoft.OperationalInsights/workspaces/providers/contentTemplates",
      "name": "[concat(parameters('workspace'),'/Microsoft.SecurityInsights/',concat(concat(parameters('workspace'),'-ar-',uniquestring('cecdbd4c-4902-403c-8d4b-32eb1efe460b')),'1.5.1'))]",
      "location": "[parameters('workspace-location')]",
      "apiVersion": "2023-04-01-preview",
      "dependsOn": [
        "[extensionResourceId(resourceId('Microsoft.OperationalInsights/workspaces', parameters('workspace')), 'Microsoft.SecurityInsights/contentPackages', 'azuresentinel.azure-sentinel-solution-ioclegacy')]"
      ],
      "properties": {
        "contentId": "cecdbd4c-4902-403c-8d4b-32eb1efe460b",
        "displayName": "Solorigate Network Beacon",
        "contentKind": "AnalyticsRule",
        "mainTemplate": {
          "$schema": "https://schema.management.azure.com/schemas/2019-04-01/deploymentTemplate.json#",
          "contentVersion": "1.5.1",
          "parameters": {},
          "variables": {},
          "resources": [
            {
              "type": "Microsoft.SecurityInsights/AlertRuleTemplates",
              "name": "cecdbd4c-4902-403c-8d4b-32eb1efe460b",
              "apiVersion": "2022-04-01-preview",
              "kind": "Scheduled",
              "location": "[parameters('workspace-location')]",
              "properties": {
                "description": "Identifies a match across various data feeds for domains IOCs related to the Solorigate incident.\n References: https://blogs.microsoft.com/on-the-issues/2020/12/13/customers-protect-nation-state-cyberattacks/, \n https://www.fireeye.com/blog/threat-research/2020/12/evasive-attacker-leverages-solarwinds-supply-chain-compromises-with-sunburst-backdoor.html?1",
                "displayName": "Solorigate Network Beacon",
                "enabled": false,
                "query": "let domains = dynamic([\"incomeupdate.com\",\"zupertech.com\",\"databasegalore.com\",\"panhardware.com\",\"avsvmcloud.com\",\"digitalcollege.org\",\"freescanonline.com\",\"deftsecurity.com\",\"thedoccloud.com\",\"virtualdataserver.com\",\"lcomputers.com\",\"webcodez.com\",\"globalnetworkissues.com\",\"kubecloud.com\",\"seobundlekit.com\",\"solartrackingsystem.net\",\"virtualwebdata.com\"]);\n(union isfuzzy=true\n(CommonSecurityLog \n  | parse Message with * '(' DNSName ')' * \n  | where DNSName in~ (domains) or DestinationHostName has_any (domains) or RequestURL has_any(domains)\n  | extend AccountCustomEntity = SourceUserID, HostCustomEntity = DeviceName, IPCustomEntity = SourceIP\n  ),\n(_Im_Dns (domain_has_any=domains)\n  | extend DNSName = DnsQuery\n  | extend IPCustomEntity = SrcIpAddr\n  ),\n(VMConnection \n  | parse RemoteDnsCanonicalNames with * '[\"' DNSName '\"]' *\n  | where isnotempty(DNSName)\n  | where DNSName in~ (domains)\n  | extend IPCustomEntity = RemoteIp\n  ),\n(DeviceNetworkEvents \n  | where isnotempty(RemoteUrl) \n  | where RemoteUrl  has_any (domains)  \n  | extend DNSName = RemoteUrl\n  | extend IPCustomEntity = RemoteIP \n  | extend HostCustomEntity = DeviceName \n  ),\n(AzureDiagnostics \n  | where ResourceType == \"AZUREFIREWALLS\"\n  | where Category == \"AzureFirewallApplicationRule\"\n  | parse msg_s with Protocol 'request from ' SourceHost ':' SourcePort 'to ' DestinationHost ':' DestinationPort '. Action:' Action\n  | where isnotempty(DestinationHost)\n  | where DestinationHost has_any (domains)  \n  | extend DNSName = DestinationHost \n  | extend IPCustomEntity = SourceHost\n  ),\n(AzureDiagnostics\n  | where ResourceType == \"AZUREFIREWALLS\"\n  | where Category == \"AzureFirewallNetworkRule\"\n  | where msg_s has_any (domains)\n  | parse msg_s with Protocol \" request from \" SourceIP \":\" SourcePortInt:int \" to \" TargetIP \":\" TargetPortInt:int *\n  | parse kind=regex flags=U msg_s with * \". Action\\\\: \" Action1a \"\\\\.\"\n  | parse msg_s with * \". Policy: \" Policy \". Rule Collection Group: \" RuleCollectionGroup \".\" *\n  | parse msg_s with * \" Rule Collection: \"  RuleCollection \". Rule: \" Rule \n  | extend DNSName = TargetIP \n  | extend IPCustomEntity = SourceIP\n  ),\n(AzureDiagnostics\n  | where ResourceType == \"AZUREFIREWALLS\"\n  | where Category == \"AzureFirewallDnsProxy\"\n  | where msg_s has_any (domains)\n  | parse msg_s with \"DNS Request: \" SourceIP \":\" SourcePortInt:int \" - \" QueryID:int \" \" RequestType \" \" RequestClass \" \" hostname \". \" protocol \" \" details\n  | extend\n      ResponseDuration = extract(\"[0-9]*.?[0-9]+s$\", 0, msg_s),\n      SourcePort = tostring(SourcePortInt),\n      QueryID =  tostring(QueryID)\n  | extend DNSName = hostname\n  | extend IPCustomEntity = SourceIP\n  | project TimeGenerated,SourceIP,hostname,RequestType,ResponseDuration,details,msg_s\n  | order by TimeGenerated\n  ),\n(AZFWApplicationRule\n  | where Fqdn has_any (domains)\n  | extend DNSName = Fqdn\n  | extend IPCustomEntity = SourceIp\n  ),\n(AZFWDnsQuery\n  | where isnotempty(QueryName)\n  | where QueryName has_any (domains)\n  | extend DNSName = QueryName\n  | extend IPCustomEntity = SourceIp\n  )\n  )\n",
                "queryFrequency": "PT6H",
                "queryPeriod": "PT6H",
                "severity": "High",
                "suppressionDuration": "PT1H",
                "suppressionEnabled": false,
                "triggerOperator": "GreaterThan",
                "triggerThreshold": 0,
                "status": "Available",
                "requiredDataConnectors": [
                  {
                    "connectorId": "DNS",
                    "dataTypes": [
                      "DnsEvents"
                    ]
                  },
                  {
                    "connectorId": "AzureMonitor(VMInsights)",
                    "dataTypes": [
                      "VMConnection"
                    ]
                  },
                  {
                    "connectorId": "CiscoASA",
                    "dataTypes": [
                      "CommonSecurityLog"
                    ]
                  },
                  {
                    "connectorId": "PaloAltoNetworks",
                    "dataTypes": [
                      "CommonSecurityLog"
                    ]
                  },
                  {
                    "connectorId": "MicrosoftThreatProtection",
                    "dataTypes": [
                      "DeviceNetworkEvents"
                    ]
                  },
                  {
                    "connectorId": "AzureFirewall",
                    "dataTypes": [
                      "AzureDiagnostics",
                      "AZFWApplicationRule",
                      "AZFWDnsQuery"
                    ]
                  },
                  {
                    "connectorId": "Zscaler",
                    "dataTypes": [
                      "CommonSecurityLog"
                    ]
                  },
                  {
                    "connectorId": "InfobloxNIOS",
                    "dataTypes": [
                      "Syslog"
                    ]
                  },
                  {
                    "connectorId": "GCPDNSDataConnector",
                    "dataTypes": [
                      "GCP_DNS_CL"
                    ]
                  },
                  {
                    "connectorId": "NXLogDnsLogs",
                    "dataTypes": [
                      "NXLog_DNS_Server_CL"
                    ]
                  },
                  {
                    "connectorId": "CiscoUmbrellaDataConnector",
                    "dataTypes": [
                      "Cisco_Umbrella_dns_CL"
                    ]
                  },
                  {
                    "connectorId": "Corelight",
                    "dataTypes": [
                      "Corelight_CL"
                    ]
                  }
                ],
                "tactics": [
                  "CommandAndControl"
                ],
                "techniques": [
                  "T1102"
                ],
                "entityMappings": [
                  {
                    "fieldMappings": [
                      {
                        "columnName": "AccountCustomEntity",
                        "identifier": "FullName"
                      }
                    ],
                    "entityType": "Account"
                  },
                  {
                    "fieldMappings": [
                      {
                        "columnName": "HostCustomEntity",
                        "identifier": "FullName"
                      }
                    ],
                    "entityType": "Host"
                  },
                  {
                    "fieldMappings": [
                      {
                        "columnName": "IPCustomEntity",
                        "identifier": "Address"
                      }
                    ],
                    "entityType": "IP"
                  },
                  {
                    "fieldMappings": [
                      {
                        "columnName": "DNSName",
                        "identifier": "DomainName"
                      }
                    ],
                    "entityType": "DNS"
                  }
                ]
              }
            },
            {
              "type": "Microsoft.OperationalInsights/workspaces/providers/metadata",
              "apiVersion": "2022-01-01-preview",
              "name": "[concat(parameters('workspace'),'/Microsoft.SecurityInsights/',concat('AnalyticsRule-', last(split(resourceId('Microsoft.SecurityInsights/AlertRuleTemplates', 'cecdbd4c-4902-403c-8d4b-32eb1efe460b'),'/'))))]",
              "properties": {
                "description": "Legacy IOC based Threat Protection Analytics Rule 26",
                "parentId": "[resourceId('Microsoft.SecurityInsights/AlertRuleTemplates', 'cecdbd4c-4902-403c-8d4b-32eb1efe460b')]",
                "contentId": "cecdbd4c-4902-403c-8d4b-32eb1efe460b",
                "kind": "AnalyticsRule",
                "version": "1.5.1",
                "source": {
                  "kind": "Solution",
                  "name": "Legacy IOC based Threat Protection",
                  "sourceId": "azuresentinel.azure-sentinel-solution-ioclegacy"
                },
                "author": {
                  "name": "Microsoft",
                  "email": "support@microsoft.com"
                },
                "support": {
                  "name": "Microsoft Corporation",
                  "email": "support@microsoft.com",
                  "tier": "Microsoft",
                  "link": "https://support.microsoft.com"
                }
              }
            }
          ]
        },
        "packageKind": "Solution",
        "packageVersion": "2.0.7",
        "packageName": "Legacy IOC based Threat Protection",
        "packageId": "azuresentinel.azure-sentinel-solution-ioclegacy",
        "contentProductId": "azuresentinel.azure-sentinel-solution-ioclegacy-ar-qogwbfo76iiag",
        "id": "azuresentinel.azure-sentinel-solution-ioclegacy-ar-qogwbfo76iiag",
        "contentSchemaVersion": "3.0.0"
      }
    }
  ]
}