{
  "$schema": "https://schema.management.azure.com/schemas/2019-04-01/deploymentTemplate.json#",
  "contentVersion": "2.0.1",
  "parameters": {
    "location": {
      "type": "string",
      "minLength": 1,
      "defaultValue": "[resourceGroup().location]",
      "metadata": {
        "description": "Not used, but needed to pass arm-ttk test `Location-Should-Not-Be-Hardcoded`.  We instead use the `workspace-location` which is derived from the LA workspace"
      }
    },
    "workspace": {
      "defaultValue": "",
      "type": "string",
      "metadata": {
        "description": "Workspace name for Log Analytics where Microsoft Sentinel is setup"
      }
    },
    "workspace-location": {
      "type": "string",
      "defaultValue": "",
      "metadata": {
        "description": "[concat('Region to deploy solution resources -- separate from location selection',parameters('location'))]"
      }
    }
  },
  "resources": [
    {
      "type": "Microsoft.OperationalInsights/workspaces/providers/contentTemplates",
      "name": "[concat(parameters('workspace'),'/Microsoft.SecurityInsights/',concat(concat(parameters('workspace'),'-hq-',uniquestring('57784ba5-7791-422e-916f-65ef94fe1dbb')),'2.0.1'))]",
      "location": "[parameters('workspace-location')]",
      "apiVersion": "2023-04-01-preview",
      "dependsOn": [
        "[extensionResourceId(resourceId('Microsoft.OperationalInsights/workspaces', parameters('workspace')), 'Microsoft.SecurityInsights/contentPackages', 'azuresentinel.azure-sentinel-solution-azureactivity')]"
      ],
      "properties": {
        "contentId": "57784ba5-7791-422e-916f-65ef94fe1dbb",
        "displayName": "Azure Virtual Network Subnets Administrative Operations",
        "contentKind": "HuntingQuery",
        "mainTemplate": {
          "$schema": "https://schema.management.azure.com/schemas/2019-04-01/deploymentTemplate.json#",
          "contentVersion": "2.0.1",
          "parameters": {},
          "variables": {},
          "resources": [
            {
              "type": "Microsoft.OperationalInsights/savedSearches",
              "apiVersion": "2020-08-01",
              "name": "Azure_Activity_Hunting_Query_9",
              "location": "[parameters('workspace-location')]",
              "properties": {
                "eTag": "*",
                "displayName": "Azure Virtual Network Subnets Administrative Operations",
                "category": "Hunting Queries",
                "query": "let opValues = dynamic([\"Microsoft.Network/virtualNetworks/subnets/write\",\"Microsoft.Network/virtualNetworks/subnets/delete\"]);\n// Creating, Updating or Deleting Virtual Network Subnets\nAzureActivity\n| where CategoryValue =~ \"Administrative\"\n| where OperationNameValue in~ (opValues)\n| where ActivitySubstatusValue in~ (\"Created\",\"Accepted\")\n| sort by TimeGenerated desc\n| extend Name = tostring(split(Caller,'@',0)[0]), UPNSuffix = tostring(split(Caller,'@',1)[0])\n| extend Account_0_Name = Name\n| extend Account_0_UPNSuffix = UPNSuffix\n| extend IP_0_Address = CallerIpAddress\n",
                "version": 2,
                "tags": [
                  {
                    "name": "description",
                    "value": "Identifies a set of Azure Virtual Network Subnets for administrative and operational detection queries for hunting activities."
                  },
                  {
                    "name": "tactics",
                    "value": "Impact"
                  },
                  {
                    "name": "techniques",
                    "value": "T1496"
                  }
                ]
              }
            },
            {
              "type": "Microsoft.OperationalInsights/workspaces/providers/metadata",
              "apiVersion": "2022-01-01-preview",
              "name": "[concat(parameters('workspace'),'/Microsoft.SecurityInsights/',concat('HuntingQuery-', last(split(resourceId('Microsoft.OperationalInsights/savedSearches', '57784ba5-7791-422e-916f-65ef94fe1dbb'),'/'))))]",
              "properties": {
                "description": "Azure Activity Hunting Query 9",
                "parentId": "[resourceId('Microsoft.OperationalInsights/savedSearches', '57784ba5-7791-422e-916f-65ef94fe1dbb')]",
                "contentId": "57784ba5-7791-422e-916f-65ef94fe1dbb",
                "kind": "HuntingQuery",
                "version": "2.0.1",
                "source": {
                  "kind": "Solution",
                  "name": "Azure Activity",
                  "sourceId": "azuresentinel.azure-sentinel-solution-azureactivity"
                },
                "author": {
                  "name": "Microsoft",
                  "email": "support@microsoft.com"
                },
                "support": {
                  "tier": "Microsoft",
                  "name": "Microsoft Corporation",
                  "email": "support@microsoft.com",
                  "link": "https://support.microsoft.com/"
                }
              }
            }
          ]
        },
        "packageKind": "Solution",
        "packageVersion": "2.0.5",
        "packageName": "Azure Activity solution for Sentinel",
        "packageId": "azuresentinel.azure-sentinel-solution-azureactivity",
        "contentProductId": "azuresentinel.azure-sentinel-solution-azureactivit-hq-a7kliiyymvoyo",
        "id": "azuresentinel.azure-sentinel-solution-azureactivit-hq-a7kliiyymvoyo",
        "contentSchemaVersion": "3.0.0",
        "version": "2.0.1"
      }
    }
  ]
}