{
  "$schema": "https://schema.management.azure.com/schemas/2019-04-01/deploymentTemplate.json#",
  "contentVersion": "1.0.1",
  "parameters": {
    "location": {
      "type": "string",
      "minLength": 1,
      "defaultValue": "[resourceGroup().location]",
      "metadata": {
        "description": "Not used, but needed to pass arm-ttk test `Location-Should-Not-Be-Hardcoded`.  We instead use the `workspace-location` which is derived from the LA workspace"
      }
    },
    "workspace": {
      "defaultValue": "",
      "type": "string",
      "metadata": {
        "description": "Workspace name for Log Analytics where Microsoft Sentinel is setup"
      }
    },
    "workspace-location": {
      "type": "string",
      "defaultValue": "",
      "metadata": {
        "description": "[concat('Region to deploy solution resources -- separate from location selection',parameters('location'))]"
      }
    }
  },
  "resources": [
    {
      "type": "Microsoft.OperationalInsights/workspaces/providers/contentTemplates",
      "name": "[concat(parameters('workspace'),'/Microsoft.SecurityInsights/',concat(concat(parameters('workspace'),'-hq-',uniquestring('299472c4-8382-4c5b-82d9-718cda193393')),'1.0.1'))]",
      "location": "[parameters('workspace-location')]",
      "apiVersion": "2023-04-01-preview",
      "dependsOn": [
        "[extensionResourceId(resourceId('Microsoft.OperationalInsights/workspaces', parameters('workspace')), 'Microsoft.SecurityInsights/contentPackages', 'azuresentinel.azure-sentinel-solution-endpointthreat')]"
      ],
      "properties": {
        "contentId": "299472c4-8382-4c5b-82d9-718cda193393",
        "displayName": "Execution of File with One Character in the Name",
        "contentKind": "HuntingQuery",
        "mainTemplate": {
          "$schema": "https://schema.management.azure.com/schemas/2019-04-01/deploymentTemplate.json#",
          "contentVersion": "1.0.1",
          "parameters": {},
          "variables": {},
          "resources": [
            {
              "type": "Microsoft.OperationalInsights/savedSearches",
              "apiVersion": "2020-08-01",
              "name": "Endpoint_Threat_Protection_Essentials_Hunting_Query_3",
              "location": "[parameters('workspace-location')]",
              "properties": {
                "eTag": "*",
                "displayName": "Execution of File with One Character in the Name",
                "category": "Hunting Queries",
                "query": "Event\n| where EventLog =~ \"Microsoft-Windows-Sysmon/Operational\" and EventID==1\n| parse EventData with * 'CommandLine\">' CommandLine \"<\" *\n| where CommandLine matches regex @'\\\\[a-zA-Z0-9]\\.[a-zA-Z0-9]{2,5}[\"]{1}'\n| parse EventData with * 'ProcessGuid\">' ProcessGuid \"<\" * 'Image\">' Image \"<\" * 'Description\">' Description \"<\" * 'OriginalFileName\">' OriginalFileName \"<\" * 'CommandLine\">' CommandLine \"<\" * 'CurrentDirectory\">' CurrentDirectory \"<\" * 'User\">' User \"<\" * 'LogonGuid\">' LogonGuid \"<\" * 'IntegrityLevel\">' IntegrityLevel \"<\" * 'Hashes\">' Hashes \"<\" * 'ParentProcessGuid\">' ParentProcessGuid \"<\" * 'ParentImage\">' ParentImage \"<\" * 'ParentCommandLine\">' ParentCommandLine \"<\" * 'ParentUser\">' ParentUser \"<\" *\n| summarize StartTime = min(TimeGenerated), EndTime = max(TimeGenerated) by EventID, Computer, User, ParentImage, ParentProcessGuid, ParentCommandLine, ParentUser, Image, ProcessGuid, CommandLine, Description, OriginalFileName, CurrentDirectory, Hashes\n| extend NTDomain = tostring(split(User, '\\\\', 0)[0]), UserName = tostring(split(User, '\\\\', 1)[0])\n| extend HostName = tostring(split(Computer, '.', 0)[0]), DnsDomain = tostring(strcat_array(array_slice(split(Computer, '.'), 1, -1), '.'))\n| extend Account_0_Name = UserName\n| extend Account_0_NTDomain = NTDomain\n| extend Host_0_HostName = HostName\n| extend Host_0_DnsDomain = DnsDomain\n| extend File_0_Name = Image\n",
                "version": 2,
                "tags": [
                  {
                    "name": "description",
                    "value": "This query detects execution of files with one character in the name (e.g, a.exe, 7.ps1, g.vbs etc.). \nNormally files that are executed have more characters in the name and this can indicate a malicious file.\nRef: https://www.mandiant.com/resources/tactics-techniques-procedures-associated-with-maze-ransomware-incidents"
                  },
                  {
                    "name": "tactics",
                    "value": "Execution"
                  },
                  {
                    "name": "techniques",
                    "value": "T1059"
                  }
                ]
              }
            },
            {
              "type": "Microsoft.OperationalInsights/workspaces/providers/metadata",
              "apiVersion": "2022-01-01-preview",
              "name": "[concat(parameters('workspace'),'/Microsoft.SecurityInsights/',concat('HuntingQuery-', last(split(resourceId('Microsoft.OperationalInsights/savedSearches', '299472c4-8382-4c5b-82d9-718cda193393'),'/'))))]",
              "properties": {
                "description": "Endpoint Threat Protection Essentials Hunting Query 3",
                "parentId": "[resourceId('Microsoft.OperationalInsights/savedSearches', '299472c4-8382-4c5b-82d9-718cda193393')]",
                "contentId": "299472c4-8382-4c5b-82d9-718cda193393",
                "kind": "HuntingQuery",
                "version": "1.0.1",
                "source": {
                  "kind": "Solution",
                  "name": "Endpoint Threat Protection Essentials",
                  "sourceId": "azuresentinel.azure-sentinel-solution-endpointthreat"
                },
                "author": {
                  "name": "Microsoft",
                  "email": "support@microsoft.com"
                },
                "support": {
                  "name": "Microsoft Corporation",
                  "email": "support@microsoft.com",
                  "tier": "Microsoft",
                  "link": "https://support.microsoft.com"
                }
              }
            }
          ]
        },
        "packageKind": "Solution",
        "packageVersion": "2.0.2",
        "packageName": "Endpoint Threat Protection Essentials",
        "packageId": "azuresentinel.azure-sentinel-solution-endpointthreat",
        "contentProductId": "azuresentinel.azure-sentinel-solution-endpointthre-hq-daeo56ndzvryk",
        "id": "azuresentinel.azure-sentinel-solution-endpointthre-hq-daeo56ndzvryk",
        "contentSchemaVersion": "3.0.0",
        "version": "1.0.1"
      }
    }
  ]
}