{
  "$schema": "https://schema.management.azure.com/schemas/2019-04-01/deploymentTemplate.json#",
  "contentVersion": "1.0.0.0",
  "metadata": {
    "author": "Microsoft - support@microsoft.com",
    "comments": "Solution template for Cloud Identity Threat Protection Essentials"
  },
  "parameters": {
    "location": {
      "type": "string",
      "minLength": 1,
      "defaultValue": "[resourceGroup().location]",
      "metadata": {
        "description": "Not used, but needed to pass arm-ttk test `Location-Should-Not-Be-Hardcoded`.  We instead use the `workspace-location` which is derived from the LA workspace"
      }
    },
    "workspace-location": {
      "type": "string",
      "defaultValue": "",
      "metadata": {
        "description": "[concat('Region to deploy solution resources -- separate from location selection',parameters('location'))]"
      }
    },
    "workspace": {
      "defaultValue": "",
      "type": "string",
      "metadata": {
        "description": "Workspace name for Log Analytics where Microsoft Sentinel is setup"
      }
    }
  },
  "resources": [
    {
      "name": "pid-4ea29f83-c1ff-4d46-8007-f00f4e7bb428-partnercenter",
      "type": "Microsoft.Resources/deployments",
      "apiVersion": "2020-10-01",
      "properties": {
        "mode": "Incremental",
        "template": {
          "$schema": "https://schema.management.azure.com/schemas/2019-04-01/deploymentTemplate.json#",
          "contentVersion": "1.0.0.0",
          "resources": []
        }
      }
    },
    {
      "type": "Microsoft.OperationalInsights/workspaces/providers/contentTemplates",
      "name": "[concat(parameters('workspace'),'/Microsoft.SecurityInsights/',concat(concat(parameters('workspace'),'-hq-',uniquestring('a73c52f2-b3a5-4fe4-be7d-4d59b8558590')),'1.0.1'))]",
      "location": "[parameters('workspace-location')]",
      "apiVersion": "2023-04-01-preview",
      "dependsOn": [
        "[extensionResourceId(resourceId('Microsoft.OperationalInsights/workspaces', parameters('workspace')), 'Microsoft.SecurityInsights/contentPackages', 'azuresentinel.azure-sentinel-solution-cloudthreatdetection')]"
      ],
      "properties": {
        "contentId": "a73c52f2-b3a5-4fe4-be7d-4d59b8558590",
        "displayName": "Suspicious Sign-ins to Privileged Account",
        "contentKind": "HuntingQuery",
        "mainTemplate": {
          "$schema": "https://schema.management.azure.com/schemas/2019-04-01/deploymentTemplate.json#",
          "contentVersion": "1.0.1",
          "parameters": {},
          "variables": {},
          "resources": [
            {
              "type": "Microsoft.OperationalInsights/savedSearches",
              "apiVersion": "2020-08-01",
              "name": "Cloud_Identity_Threat_Protection_Essentials_Hunting_Query_1",
              "location": "[parameters('workspace-location')]",
              "properties": {
                "eTag": "*",
                "displayName": "Suspicious Sign-ins to Privileged Account",
                "category": "Hunting Queries",
                "query": "let priv_users = ('_GetWatchlist(\"VIPUsers\")') ;\n(union isfuzzy=true\n(SigninLogs //when a device is registered/joined without MFA \n| where AuthenticationRequirement =~ \"multiFactorAuthentication\"\n| where ResourceDisplayName =~ \"Device Registration Service\" \n| where ConditionalAccessStatus =~ \"success\"\n| extend AccountName = tolower(split(UserPrincipalName, \"@\")[0]), WinSecEventDomain = \"-\"\n| where AccountName in~ (priv_users)\n| project-rename  ServiceOrSystem = AppDisplayName, ClientIP = IPAddress), \n(\n(SigninLogs //Sign-ins by non-compliant devices\n| where DeviceDetail.isCompliant == false\n| where ConditionalAccessStatus =~ \"success\"\n  | extend AccountName = tolower(split(UserPrincipalName, \"@\")[0]), WinSecEventDomain = \"-\"\n  | where AccountName in~ (priv_users)\n  | project-rename  ServiceOrSystem = AppDisplayName, ClientIP = IPAddress)\n),\n(SigninLogs //Sign-ins by unknown devices\n| where isempty(DeviceDetail.deviceId)\n| where AuthenticationRequirement =~ \"singleFactorAuthentication\"\n| where ResultType == \"0\"\n| where NetworkLocationDetails == \"[]\"\n| extend AccountName = tolower(split(UserPrincipalName, \"@\")[0]), WinSecEventDomain = \"-\"\n| where AccountName in~ (priv_users)\n| project-rename  ServiceOrSystem = AppDisplayName, ClientIP = IPAddress)\n)\n| project UserPrincipalName, AppId, Category, ClientIP, CorrelationId, ResourceId, Identity\n| extend UserName = tostring(split(UserPrincipalName, '@', 0)[0]), UPNSuffix = tostring(split(UserPrincipalName, '@', 1)[0])\n| extend Account_0_Name = UserName\n| extend Account_0_UPNSuffix = UPNSuffix\n| extend IP_0_Address = ClientIP\n| extend AzureResource_0_ResourceId = ResourceId\n",
                "version": 2,
                "tags": [
                  {
                    "name": "description",
                    "value": "This query searches for any Sign-ins from non-compliant device/device registered without MFA(Multi-factor Authentication)/unknown device to privileged account using pre-built watchlist to identify accounts.\nMicrosoft Sentinel now provides built-in watchlist templates, that can be customized for your environment and used during investigations.\nReference: https://techcommunity.microsoft.com/t5/azure-sentinel/what-s-new-watchlists-templates-are-now-in-public-preview/ba-p/2614340"
                  },
                  {
                    "name": "tactics",
                    "value": "InitialAccess"
                  },
                  {
                    "name": "techniques",
                    "value": "T1078"
                  }
                ]
              }
            },
            {
              "type": "Microsoft.OperationalInsights/workspaces/providers/metadata",
              "apiVersion": "2022-01-01-preview",
              "name": "[concat(parameters('workspace'),'/Microsoft.SecurityInsights/',concat('HuntingQuery-', last(split(resourceId('Microsoft.OperationalInsights/savedSearches', 'a73c52f2-b3a5-4fe4-be7d-4d59b8558590'),'/'))))]",
              "properties": {
                "description": "Cloud Identity Threat Protection Essentials Hunting Query 1",
                "parentId": "[resourceId('Microsoft.OperationalInsights/savedSearches', 'a73c52f2-b3a5-4fe4-be7d-4d59b8558590')]",
                "contentId": "a73c52f2-b3a5-4fe4-be7d-4d59b8558590",
                "kind": "HuntingQuery",
                "version": "1.0.1",
                "source": {
                  "kind": "Solution",
                  "name": "Cloud Identity Threat Protection Essentials",
                  "sourceId": "azuresentinel.azure-sentinel-solution-cloudthreatdetection"
                },
                "author": {
                  "name": "Microsoft",
                  "email": "support@microsoft.com"
                },
                "support": {
                  "name": "Microsoft Corporation",
                  "email": "support@microsoft.com",
                  "tier": "Microsoft",
                  "link": "https://support.microsoft.com"
                }
              }
            }
          ]
        },
        "packageKind": "Solution",
        "packageVersion": "2.0.2",
        "packageName": "Cloud Identity Threat Protection Essentials",
        "packageId": "azuresentinel.azure-sentinel-solution-cloudthreatdetection",
        "contentProductId": "azuresentinel.azure-sentinel-solution-cloudthreatd-hq-356b67gi7vafg",
        "id": "azuresentinel.azure-sentinel-solution-cloudthreatd-hq-356b67gi7vafg",
        "contentSchemaVersion": "3.0.0",
        "version": "1.0.1"
      }
    },
    {
      "type": "Microsoft.OperationalInsights/workspaces/providers/contentTemplates",
      "name": "[concat(parameters('workspace'),'/Microsoft.SecurityInsights/',concat(concat(parameters('workspace'),'-hq-',uniquestring('0cd51b2e-d3b2-4001-8e3f-5cbb604f69b2')),'1.0.2'))]",
      "location": "[parameters('workspace-location')]",
      "apiVersion": "2023-04-01-preview",
      "dependsOn": [
        "[extensionResourceId(resourceId('Microsoft.OperationalInsights/workspaces', parameters('workspace')), 'Microsoft.SecurityInsights/contentPackages', 'azuresentinel.azure-sentinel-solution-cloudthreatdetection')]"
      ],
      "properties": {
        "contentId": "0cd51b2e-d3b2-4001-8e3f-5cbb604f69b2",
        "displayName": "Detect Disabled Account Sign-in Attempts by IP Address",
        "contentKind": "HuntingQuery",
        "mainTemplate": {
          "$schema": "https://schema.management.azure.com/schemas/2019-04-01/deploymentTemplate.json#",
          "contentVersion": "1.0.2",
          "parameters": {},
          "variables": {},
          "resources": [
            {
              "type": "Microsoft.OperationalInsights/savedSearches",
              "apiVersion": "2020-08-01",
              "name": "Cloud_Identity_Threat_Protection_Essentials_Hunting_Query_2",
              "location": "[parameters('workspace-location')]",
              "properties": {
                "eTag": "*",
                "displayName": "Detect Disabled Account Sign-in Attempts by IP Address",
                "category": "Hunting Queries",
                "query": "SigninLogs \n| where ResultType == \"50057\" \n| where ResultDescription =~ \"User account is disabled. The account has been disabled by an administrator.\" \n| summarize StartTime = min(TimeGenerated), EndTime = max(TimeGenerated), numberAccountsTargeted = dcount(UserPrincipalName), \nnumberApplicationsTargeted = dcount(AppDisplayName), accountSet = make_set(UserPrincipalName, 100), applicationSet=make_set(AppDisplayName, 100), \nnumberLoginAttempts = count() by IPAddress\n| extend timestamp = StartTime\n| order by numberLoginAttempts desc\n| extend IP_0_Address = IPAddress\n",
                "version": 2,
                "tags": [
                  {
                    "name": "description",
                    "value": "This query searches for failed sign-in attempts to disabled accounts summarized by the IP originating IP address."
                  },
                  {
                    "name": "tactics",
                    "value": "InitialAccess"
                  },
                  {
                    "name": "techniques",
                    "value": "T1078"
                  }
                ]
              }
            },
            {
              "type": "Microsoft.OperationalInsights/workspaces/providers/metadata",
              "apiVersion": "2022-01-01-preview",
              "name": "[concat(parameters('workspace'),'/Microsoft.SecurityInsights/',concat('HuntingQuery-', last(split(resourceId('Microsoft.OperationalInsights/savedSearches', '0cd51b2e-d3b2-4001-8e3f-5cbb604f69b2'),'/'))))]",
              "properties": {
                "description": "Cloud Identity Threat Protection Essentials Hunting Query 2",
                "parentId": "[resourceId('Microsoft.OperationalInsights/savedSearches', '0cd51b2e-d3b2-4001-8e3f-5cbb604f69b2')]",
                "contentId": "0cd51b2e-d3b2-4001-8e3f-5cbb604f69b2",
                "kind": "HuntingQuery",
                "version": "1.0.2",
                "source": {
                  "kind": "Solution",
                  "name": "Cloud Identity Threat Protection Essentials",
                  "sourceId": "azuresentinel.azure-sentinel-solution-cloudthreatdetection"
                },
                "author": {
                  "name": "Microsoft",
                  "email": "support@microsoft.com"
                },
                "support": {
                  "name": "Microsoft Corporation",
                  "email": "support@microsoft.com",
                  "tier": "Microsoft",
                  "link": "https://support.microsoft.com"
                }
              }
            }
          ]
        },
        "packageKind": "Solution",
        "packageVersion": "2.0.2",
        "packageName": "Cloud Identity Threat Protection Essentials",
        "packageId": "azuresentinel.azure-sentinel-solution-cloudthreatdetection",
        "contentProductId": "azuresentinel.azure-sentinel-solution-cloudthreatd-hq-xdlkgurmogjhq",
        "id": "azuresentinel.azure-sentinel-solution-cloudthreatd-hq-xdlkgurmogjhq",
        "contentSchemaVersion": "3.0.0",
        "version": "1.0.2"
      }
    },
    {
      "type": "Microsoft.OperationalInsights/workspaces/providers/contentTemplates",
      "name": "[concat(parameters('workspace'),'/Microsoft.SecurityInsights/',concat(concat(parameters('workspace'),'-hq-',uniquestring('b00f127c-46fa-40bd-9ab6-b266974d29cc')),'1.0.2'))]",
      "location": "[parameters('workspace-location')]",
      "apiVersion": "2023-04-01-preview",
      "dependsOn": [
        "[extensionResourceId(resourceId('Microsoft.OperationalInsights/workspaces', parameters('workspace')), 'Microsoft.SecurityInsights/contentPackages', 'azuresentinel.azure-sentinel-solution-cloudthreatdetection')]"
      ],
      "properties": {
        "contentId": "b00f127c-46fa-40bd-9ab6-b266974d29cc",
        "displayName": "Detect Disabled Account Sign-in Attempts by Account Name",
        "contentKind": "HuntingQuery",
        "mainTemplate": {
          "$schema": "https://schema.management.azure.com/schemas/2019-04-01/deploymentTemplate.json#",
          "contentVersion": "1.0.2",
          "parameters": {},
          "variables": {},
          "resources": [
            {
              "type": "Microsoft.OperationalInsights/savedSearches",
              "apiVersion": "2020-08-01",
              "name": "Cloud_Identity_Threat_Protection_Essentials_Hunting_Query_3",
              "location": "[parameters('workspace-location')]",
              "properties": {
                "eTag": "*",
                "displayName": "Detect Disabled Account Sign-in Attempts by Account Name",
                "category": "Hunting Queries",
                "query": "SigninLogs \n| where ResultType == \"50057\" \n| where ResultDescription =~ \"User account is disabled. The account has been disabled by an administrator.\" \n| summarize StartTime = min(TimeGenerated), EndTime = max(TimeGenerated), count() by AppDisplayName, UserPrincipalName\n| extend timestamp = StartTime, UserName = tostring(split(UserPrincipalName, '@', 0)[0]), UPNSuffix = tostring(split(UserPrincipalName, '@', 1)[0])\n| order by count_ desc\n| extend Account_0_Name = UserName\n| extend Account_0_UPNSuffix = UPNSuffix\n",
                "version": 2,
                "tags": [
                  {
                    "name": "description",
                    "value": "This query searches for failed attempts to sign-in to disabled accounts summarized by account name."
                  },
                  {
                    "name": "tactics",
                    "value": "InitialAccess"
                  },
                  {
                    "name": "techniques",
                    "value": "T1078"
                  }
                ]
              }
            },
            {
              "type": "Microsoft.OperationalInsights/workspaces/providers/metadata",
              "apiVersion": "2022-01-01-preview",
              "name": "[concat(parameters('workspace'),'/Microsoft.SecurityInsights/',concat('HuntingQuery-', last(split(resourceId('Microsoft.OperationalInsights/savedSearches', 'b00f127c-46fa-40bd-9ab6-b266974d29cc'),'/'))))]",
              "properties": {
                "description": "Cloud Identity Threat Protection Essentials Hunting Query 3",
                "parentId": "[resourceId('Microsoft.OperationalInsights/savedSearches', 'b00f127c-46fa-40bd-9ab6-b266974d29cc')]",
                "contentId": "b00f127c-46fa-40bd-9ab6-b266974d29cc",
                "kind": "HuntingQuery",
                "version": "1.0.2",
                "source": {
                  "kind": "Solution",
                  "name": "Cloud Identity Threat Protection Essentials",
                  "sourceId": "azuresentinel.azure-sentinel-solution-cloudthreatdetection"
                },
                "author": {
                  "name": "Microsoft",
                  "email": "support@microsoft.com"
                },
                "support": {
                  "name": "Microsoft Corporation",
                  "email": "support@microsoft.com",
                  "tier": "Microsoft",
                  "link": "https://support.microsoft.com"
                }
              }
            }
          ]
        },
        "packageKind": "Solution",
        "packageVersion": "2.0.2",
        "packageName": "Cloud Identity Threat Protection Essentials",
        "packageId": "azuresentinel.azure-sentinel-solution-cloudthreatdetection",
        "contentProductId": "azuresentinel.azure-sentinel-solution-cloudthreatd-hq-srze2dauq6j2y",
        "id": "azuresentinel.azure-sentinel-solution-cloudthreatd-hq-srze2dauq6j2y",
        "contentSchemaVersion": "3.0.0",
        "version": "1.0.2"
      }
    },
    {
      "type": "Microsoft.OperationalInsights/workspaces/providers/contentTemplates",
      "name": "[concat(parameters('workspace'),'/Microsoft.SecurityInsights/',concat(concat(parameters('workspace'),'-hq-',uniquestring('cdc9b092-8a16-4559-9e5e-831877e8209a')),'1.0.2'))]",
      "location": "[parameters('workspace-location')]",
      "apiVersion": "2023-04-01-preview",
      "dependsOn": [
        "[extensionResourceId(resourceId('Microsoft.OperationalInsights/workspaces', parameters('workspace')), 'Microsoft.SecurityInsights/contentPackages', 'azuresentinel.azure-sentinel-solution-cloudthreatdetection')]"
      ],
      "properties": {
        "contentId": "cdc9b092-8a16-4559-9e5e-831877e8209a",
        "displayName": "Sign-ins from Nord VPN Providers",
        "contentKind": "HuntingQuery",
        "mainTemplate": {
          "$schema": "https://schema.management.azure.com/schemas/2019-04-01/deploymentTemplate.json#",
          "contentVersion": "1.0.2",
          "parameters": {},
          "variables": {},
          "resources": [
            {
              "type": "Microsoft.OperationalInsights/savedSearches",
              "apiVersion": "2020-08-01",
              "name": "Cloud_Identity_Threat_Protection_Essentials_Hunting_Query_4",
              "location": "[parameters('workspace-location')]",
              "properties": {
                "eTag": "*",
                "displayName": "Sign-ins from Nord VPN Providers",
                "category": "Hunting Queries",
                "query": "let nord_vpn_feed = (externaldata(id:int,ip_address: string,search_keywords: dynamic,categories:dynamic,name: string,domain:string,price:int,flag:string,country:string,location:dynamic ,load: int ,features:dynamic)\n  [@\"https://raw.githubusercontent.com/microsoft/mstic/master/nordvpn-servers.csv\"] with (format=\"csv\", ignoreFirstRecord=True));\nSigninLogs \n  | where ResultType == 0 \n  | summarize TotalEvents = count(), AppList = make_set(AppDisplayName, 100),  StartTime = min(TimeGenerated), EndTime = max(TimeGenerated) by IPAddress, UserPrincipalName, ClientAppUsed, ConditionalAccessStatus, AuthenticationRequirement, RiskDetail \n  | join kind= inner nord_vpn_feed on $left.IPAddress == $right.ip_address\n  | project StartTime , EndTime, IPAddress, UserPrincipalName, AppList, ClientAppUsed, ConditionalAccessStatus, AuthenticationRequirement, RiskDetail, categories, domain, country\n  | extend timestamp = StartTime, UserName = tostring(split(UserPrincipalName, '@', 0)[0]), UPNSuffix = tostring(split(UserPrincipalName, '@', 1)[0])\n  | extend Account_0_Name = UserName\n  | extend Account_0_UPNSuffix = UPNSuffix\n  | extend IP_0_Address = IPAddress\n",
                "version": 2,
                "tags": [
                  {
                    "name": "description",
                    "value": "This query searches for sign-in activity from Nord VPN providers, using Nord VPN's Public feed API which is updated on a daily basis.\nThe purpose is to identify any unfamiliar sign-in attempts from VPN providers, such as Nord VPN, that are not typically observed among users in the organization."
                  },
                  {
                    "name": "tactics",
                    "value": "InitialAccess"
                  },
                  {
                    "name": "techniques",
                    "value": "T1078"
                  }
                ]
              }
            },
            {
              "type": "Microsoft.OperationalInsights/workspaces/providers/metadata",
              "apiVersion": "2022-01-01-preview",
              "name": "[concat(parameters('workspace'),'/Microsoft.SecurityInsights/',concat('HuntingQuery-', last(split(resourceId('Microsoft.OperationalInsights/savedSearches', 'cdc9b092-8a16-4559-9e5e-831877e8209a'),'/'))))]",
              "properties": {
                "description": "Cloud Identity Threat Protection Essentials Hunting Query 4",
                "parentId": "[resourceId('Microsoft.OperationalInsights/savedSearches', 'cdc9b092-8a16-4559-9e5e-831877e8209a')]",
                "contentId": "cdc9b092-8a16-4559-9e5e-831877e8209a",
                "kind": "HuntingQuery",
                "version": "1.0.2",
                "source": {
                  "kind": "Solution",
                  "name": "Cloud Identity Threat Protection Essentials",
                  "sourceId": "azuresentinel.azure-sentinel-solution-cloudthreatdetection"
                },
                "author": {
                  "name": "Microsoft",
                  "email": "support@microsoft.com"
                },
                "support": {
                  "name": "Microsoft Corporation",
                  "email": "support@microsoft.com",
                  "tier": "Microsoft",
                  "link": "https://support.microsoft.com"
                }
              }
            }
          ]
        },
        "packageKind": "Solution",
        "packageVersion": "2.0.2",
        "packageName": "Cloud Identity Threat Protection Essentials",
        "packageId": "azuresentinel.azure-sentinel-solution-cloudthreatdetection",
        "contentProductId": "azuresentinel.azure-sentinel-solution-cloudthreatd-hq-wiyof2fuj6kfe",
        "id": "azuresentinel.azure-sentinel-solution-cloudthreatd-hq-wiyof2fuj6kfe",
        "contentSchemaVersion": "3.0.0",
        "version": "1.0.2"
      }
    },
    {
      "type": "Microsoft.OperationalInsights/workspaces/providers/contentTemplates",
      "name": "[concat(parameters('workspace'),'/Microsoft.SecurityInsights/',concat(concat(parameters('workspace'),'-hq-',uniquestring('86490334-5371-40a2-971a-3749c2654954')),'1.0.2'))]",
      "location": "[parameters('workspace-location')]",
      "apiVersion": "2023-04-01-preview",
      "dependsOn": [
        "[extensionResourceId(resourceId('Microsoft.OperationalInsights/workspaces', parameters('workspace')), 'Microsoft.SecurityInsights/contentPackages', 'azuresentinel.azure-sentinel-solution-cloudthreatdetection')]"
      ],
      "properties": {
        "contentId": "86490334-5371-40a2-971a-3749c2654954",
        "displayName": "Sign-ins From VPS Providers",
        "contentKind": "HuntingQuery",
        "mainTemplate": {
          "$schema": "https://schema.management.azure.com/schemas/2019-04-01/deploymentTemplate.json#",
          "contentVersion": "1.0.2",
          "parameters": {},
          "variables": {},
          "resources": [
            {
              "type": "Microsoft.OperationalInsights/savedSearches",
              "apiVersion": "2020-08-01",
              "name": "Cloud_Identity_Threat_Protection_Essentials_Hunting_Query_5",
              "location": "[parameters('workspace-location')]",
              "properties": {
                "eTag": "*",
                "displayName": "Sign-ins From VPS Providers",
                "category": "Hunting Queries",
                "query": "let IP_Data = (externaldata(network:string)\n[@\"https://raw.githubusercontent.com/Azure/Azure-Sentinel/master/Sample%20Data/Feeds/VPS_Networks.csv\"] with (format=\"csv\"));\nSigninLogs\n| where ResultType == 0\n| extend additionalDetails = tostring(Status.additionalDetails)\n| evaluate ipv4_lookup(IP_Data, IPAddress, network, return_unmatched = false)\n| summarize make_set(additionalDetails, 100), StartTime = min(TimeGenerated), EndTime = max(TimeGenerated) by IPAddress, UserPrincipalName\n// Uncomment the remaining lines to only see logons from VPS providers with token only logons.\n//| where array_length(set_additionalDetails) == 2\n//| where (set_additionalDetails[1] =~ \"MFA requirement satisfied by claim in the token\" and set_additionalDetails[0] =~ \"MFA requirement satisfied by claim provided by external provider\") or (set_additionalDetails[0] =~ \"MFA requirement satisfied by claim in the token\" and set_additionalDetails[1] =~ \"MFA requirement satisfied by claim provided by external provider\")\n| extend timestamp = StartTime, UserName = tostring(split(UserPrincipalName, '@', 0)[0]), UPNSuffix = tostring(split(UserPrincipalName, '@', 1)[0])\n| extend Account_0_Name = UserName\n| extend Account_0_UPNSuffix = UPNSuffix\n| extend IP_0_Address = IPAddress\n",
                "version": 2,
                "tags": [
                  {
                    "name": "description",
                    "value": "This query searches for successful logons from known VPS provider network ranges with suspicious token based logon patterns.\nThis is not an exhaustive list of VPS provider ranges but covers some of the most prevalent providers observed."
                  },
                  {
                    "name": "tactics",
                    "value": "InitialAccess"
                  },
                  {
                    "name": "techniques",
                    "value": "T1078"
                  }
                ]
              }
            },
            {
              "type": "Microsoft.OperationalInsights/workspaces/providers/metadata",
              "apiVersion": "2022-01-01-preview",
              "name": "[concat(parameters('workspace'),'/Microsoft.SecurityInsights/',concat('HuntingQuery-', last(split(resourceId('Microsoft.OperationalInsights/savedSearches', '86490334-5371-40a2-971a-3749c2654954'),'/'))))]",
              "properties": {
                "description": "Cloud Identity Threat Protection Essentials Hunting Query 5",
                "parentId": "[resourceId('Microsoft.OperationalInsights/savedSearches', '86490334-5371-40a2-971a-3749c2654954')]",
                "contentId": "86490334-5371-40a2-971a-3749c2654954",
                "kind": "HuntingQuery",
                "version": "1.0.2",
                "source": {
                  "kind": "Solution",
                  "name": "Cloud Identity Threat Protection Essentials",
                  "sourceId": "azuresentinel.azure-sentinel-solution-cloudthreatdetection"
                },
                "author": {
                  "name": "Microsoft",
                  "email": "support@microsoft.com"
                },
                "support": {
                  "name": "Microsoft Corporation",
                  "email": "support@microsoft.com",
                  "tier": "Microsoft",
                  "link": "https://support.microsoft.com"
                }
              }
            }
          ]
        },
        "packageKind": "Solution",
        "packageVersion": "2.0.2",
        "packageName": "Cloud Identity Threat Protection Essentials",
        "packageId": "azuresentinel.azure-sentinel-solution-cloudthreatdetection",
        "contentProductId": "azuresentinel.azure-sentinel-solution-cloudthreatd-hq-je7lgk5hcxoby",
        "id": "azuresentinel.azure-sentinel-solution-cloudthreatd-hq-je7lgk5hcxoby",
        "contentSchemaVersion": "3.0.0",
        "version": "1.0.2"
      }
    },
    {
      "type": "Microsoft.OperationalInsights/workspaces/providers/contentTemplates",
      "name": "[concat(parameters('workspace'),'/Microsoft.SecurityInsights/',concat(concat(parameters('workspace'),'-hq-',uniquestring('2b6a3882-d601-4298-983b-880f6dc7acdb')),'1.0.2'))]",
      "location": "[parameters('workspace-location')]",
      "apiVersion": "2023-04-01-preview",
      "dependsOn": [
        "[extensionResourceId(resourceId('Microsoft.OperationalInsights/workspaces', parameters('workspace')), 'Microsoft.SecurityInsights/contentPackages', 'azuresentinel.azure-sentinel-solution-cloudthreatdetection')]"
      ],
      "properties": {
        "contentId": "2b6a3882-d601-4298-983b-880f6dc7acdb",
        "displayName": "User Granted Access and Grants Access to Other Users",
        "contentKind": "HuntingQuery",
        "mainTemplate": {
          "$schema": "https://schema.management.azure.com/schemas/2019-04-01/deploymentTemplate.json#",
          "contentVersion": "1.0.2",
          "parameters": {},
          "variables": {},
          "resources": [
            {
              "type": "Microsoft.OperationalInsights/savedSearches",
              "apiVersion": "2020-08-01",
              "name": "Cloud_Identity_Threat_Protection_Essentials_Hunting_Query_6",
              "location": "[parameters('workspace-location')]",
              "properties": {
                "eTag": "*",
                "displayName": "User Granted Access and Grants Access to Other Users",
                "category": "Hunting Queries",
                "query": "let starttime = todatetime('{{StartTimeISO}}');\nlet endtime = todatetime('{{EndTimeISO}}');\nlet auditLookback = starttime - 14d;\nlet opName = dynamic([\"Add user\", \"Invite external user\"]);\n// Helper function to extract relevant fields from AuditLog events\nlet auditLogEvents = view (startTimeSpan:timespan, operation:dynamic)  {\n    AuditLogs | where TimeGenerated >= auditLookback\n    | where OperationName in~ (operation)\n    | extend ModProps = iff(TargetResources.[0].modifiedProperties != \"[]\", TargetResources.[0].modifiedProperties, todynamic(\"NoValues\"))\n    | extend IpAddress = iff(isnotempty(tostring(parse_json(tostring(InitiatedBy.user)).ipAddress)), \n    tostring(parse_json(tostring(InitiatedBy.user)).ipAddress), tostring(parse_json(tostring(InitiatedBy.app)).ipAddress))\n    | extend InitiatedByFull = iff(isnotempty(tostring(parse_json(tostring(InitiatedBy.user)).userPrincipalName)), \n    tostring(parse_json(tostring(InitiatedBy.user)).userPrincipalName), tostring(parse_json(tostring(InitiatedBy.app)).displayName))\n    | extend InitiatedBy = replace(\"_\",\"@\",tostring(split(InitiatedByFull, \"#\")[0]))\n    | extend TargetUserPrincipalName = tostring(TargetResources[0].userPrincipalName)\n    | extend TargetUserName = replace(\"_\",\"@\",tostring(split(TargetUserPrincipalName, \"#\")[0]))\n    | extend TargetResourceName = case(\n    isempty(tostring(TargetResources.[0].displayName)), TargetUserPrincipalName,\n    isnotempty(tostring(TargetResources.[0].displayName)) and tostring(TargetResources.[0].displayName) startswith \"upn:\", tolower(tostring(TargetResources.[0].displayName)),\n    tolower(tostring(TargetResources.[0].displayName))\n    )\n    | extend TargetUserName = replace(\"_\",\"@\",tostring(split(TargetUserPrincipalName, \"#\")[0]))\n    | extend TargetUserName = iff(isempty(TargetUserName), tostring(split(split(TargetResourceName, \",\")[0], \" \")[1]), TargetUserName ) \n    | mvexpand ModProps\n    | extend PropertyName = tostring(ModProps.displayName), newValue = replace('\\\"','',tostring(ModProps.newValue));\n};\n// Assigning time for First TargetUserName that was added\nlet FirstAdd = auditLogEvents(auditLookback, opName)  \n| project FirstAddTimeUtc = TimeGenerated, Type, FirstInitiatedBy = InitiatedBy, IpAddress, FirstTargetUserName = TargetUserName, FirstTargetResourceName = TargetResourceName, \nFirstOperationName = OperationName, FirstPropertyName = PropertyName, FirstnewValue = newValue, FirstCorrelationId = CorrelationId, FirstId = Id;\n// Assigning time for second TargetUserName that was added, which will allow us to see if a first TargetUserName added in is the Initiated by on the second in the later join\nlet SecondAdd = auditLogEvents(auditLookback, opName)  \n| project SecondAddTimeUtc = TimeGenerated, Type, SecondInitiatedBy = InitiatedBy, IpAddress, SecondTargetUserName = TargetUserName, SecondTargetResourceName = TargetResourceName, \nSecondOperationName = OperationName, SecondPropertyName = PropertyName, SecondnewValue = newValue, SecondCorrelationId = CorrelationId, SecondId = Id;\n//  Joining the FirstAdd with SecondAdd where the FirstAdd TargetUserName value matches the SecondAdd InitiatedBy.  This shows the new user adding a user.\nlet NewUserAddsUser = FirstAdd | join SecondAdd on $left.FirstTargetUserName == $right.SecondInitiatedBy\n// we only want items where the FirstAddTimeUtc is before the SecondAddTimeUtc\n| where FirstAddTimeUtc < SecondAddTimeUtc\n;\n// Build out some of the properties for context\nNewUserAddsUser\n| extend FirstnewValue = split(FirstnewValue, \";\"), SecondnewValue = split(SecondnewValue, \";\")\n| extend PropertyUpdate = pack(FirstPropertyName, FirstnewValue, SecondPropertyName, SecondnewValue, \"FirstCorrelationId\", FirstCorrelationId, \"FirstId\", FirstId, \"SecondCorrelationId\", SecondCorrelationId, \"SecondId\", SecondId)\n| summarize PropertyUpdateSet = make_bag(PropertyUpdate, 1000) by FirstAddTimeUtc, FirstInitiatedBy, FirstTargetUserName, SecondAddTimeUtc, SecondInitiatedBy, SecondTargetUserName, \nIpAddress, FirstTargetResourceName, SecondTargetResourceName, FirstOperationName, SecondOperationName\n| extend timestamp = FirstAddTimeUtc, FirstInitiatedByUserName = tostring(strcat_array(array_slice(split(FirstInitiatedBy, '@'), 0, -2), '@')), FirstInitiatedByUPNSuffix = tostring(split(FirstInitiatedBy, '@')[-1])\n| extend Account_0_Name = FirstInitiatedByUserName\n| extend Account_0_UPNSuffix = FirstInitiatedByUPNSuffix\n| extend IP_0_Address = IpAddress\n",
                "version": 2,
                "tags": [
                  {
                    "name": "description",
                    "value": "This query identifies when a new user is granted access and starts granting access to other users.  This can help you identify rogue or malicious user behavior."
                  },
                  {
                    "name": "tactics",
                    "value": "Persistence,PrivilegeEscalation"
                  },
                  {
                    "name": "techniques",
                    "value": "T1098,T1078"
                  }
                ]
              }
            },
            {
              "type": "Microsoft.OperationalInsights/workspaces/providers/metadata",
              "apiVersion": "2022-01-01-preview",
              "name": "[concat(parameters('workspace'),'/Microsoft.SecurityInsights/',concat('HuntingQuery-', last(split(resourceId('Microsoft.OperationalInsights/savedSearches', '2b6a3882-d601-4298-983b-880f6dc7acdb'),'/'))))]",
              "properties": {
                "description": "Cloud Identity Threat Protection Essentials Hunting Query 6",
                "parentId": "[resourceId('Microsoft.OperationalInsights/savedSearches', '2b6a3882-d601-4298-983b-880f6dc7acdb')]",
                "contentId": "2b6a3882-d601-4298-983b-880f6dc7acdb",
                "kind": "HuntingQuery",
                "version": "1.0.2",
                "source": {
                  "kind": "Solution",
                  "name": "Cloud Identity Threat Protection Essentials",
                  "sourceId": "azuresentinel.azure-sentinel-solution-cloudthreatdetection"
                },
                "author": {
                  "name": "Microsoft",
                  "email": "support@microsoft.com"
                },
                "support": {
                  "name": "Microsoft Corporation",
                  "email": "support@microsoft.com",
                  "tier": "Microsoft",
                  "link": "https://support.microsoft.com"
                }
              }
            }
          ]
        },
        "packageKind": "Solution",
        "packageVersion": "2.0.2",
        "packageName": "Cloud Identity Threat Protection Essentials",
        "packageId": "azuresentinel.azure-sentinel-solution-cloudthreatdetection",
        "contentProductId": "azuresentinel.azure-sentinel-solution-cloudthreatd-hq-khbbqlmg4g4yy",
        "id": "azuresentinel.azure-sentinel-solution-cloudthreatd-hq-khbbqlmg4g4yy",
        "contentSchemaVersion": "3.0.0",
        "version": "1.0.2"
      }
    },
    {
      "type": "Microsoft.OperationalInsights/workspaces/providers/contentTemplates",
      "name": "[concat(parameters('workspace'),'/Microsoft.SecurityInsights/',concat(concat(parameters('workspace'),'-hq-',uniquestring('4696e072-aca8-4a4f-bf05-89fddc5ac3c9')),'1.0.1'))]",
      "location": "[parameters('workspace-location')]",
      "apiVersion": "2023-04-01-preview",
      "dependsOn": [
        "[extensionResourceId(resourceId('Microsoft.OperationalInsights/workspaces', parameters('workspace')), 'Microsoft.SecurityInsights/contentPackages', 'azuresentinel.azure-sentinel-solution-cloudthreatdetection')]"
      ],
      "properties": {
        "contentId": "4696e072-aca8-4a4f-bf05-89fddc5ac3c9",
        "displayName": "Interactive STS refresh token modifications",
        "contentKind": "HuntingQuery",
        "mainTemplate": {
          "$schema": "https://schema.management.azure.com/schemas/2019-04-01/deploymentTemplate.json#",
          "contentVersion": "1.0.1",
          "parameters": {},
          "variables": {},
          "resources": [
            {
              "type": "Microsoft.OperationalInsights/savedSearches",
              "apiVersion": "2020-08-01",
              "name": "Cloud_Identity_Threat_Protection_Essentials_Hunting_Query_7",
              "location": "[parameters('workspace-location')]",
              "properties": {
                "eTag": "*",
                "displayName": "Interactive STS refresh token modifications",
                "category": "Hunting Queries",
                "query": "// Include your additions to the allow list below as needed\nlet AllowedUserList = dynamic([\"Microsoft Cloud App Security\",\"ADConnectSyncAccount1\",\"SyncAccount2\"]);\nAuditLogs\n| where OperationName has 'StsRefreshTokenValidFrom'\n| where TargetResources[0].modifiedProperties != '[]'\n| where TargetResources[0].modifiedProperties !has 'DirectorySync'\n| extend TargetResourcesModProps = TargetResources[0].modifiedProperties\n| mv-expand TargetResourcesModProps\n| where tostring(TargetResourcesModProps.displayName) =~ 'StsRefreshTokensValidFrom'\n| extend InitiatingUserOrApp = iff(isnotempty(InitiatedBy.user.userPrincipalName),tostring(InitiatedBy.user.userPrincipalName), tostring(InitiatedBy.app.displayName))\n| where InitiatingUserOrApp !in~ (AllowedUserList)\n| extend targetUserOrApp = TargetResources[0].userPrincipalName\n| extend eventName = tostring(TargetResourcesModProps.displayName)\n| extend oldStsRefreshValidFrom = todatetime(parse_json(tostring(TargetResourcesModProps.oldValue))[0])\n| extend newStsRefreshValidFrom = todatetime(parse_json(tostring(TargetResourcesModProps.newValue))[0])\n| extend tokenMinutesAdded = datetime_diff('minute',newStsRefreshValidFrom,oldStsRefreshValidFrom)\n| extend tokenMinutesRemaining = datetime_diff('minute',TimeGenerated,newStsRefreshValidFrom)\n| project-reorder Result, AADOperationType\n| extend InitiatingIpAddress = iff(isnotempty(InitiatedBy.user.ipAddress), tostring(InitiatedBy.user.ipAddress), tostring(InitiatedBy.app.ipAddress))\n| extend UserName = iff(InitiatingUserOrApp has '@', tostring(split(InitiatingUserOrApp, '@')[0]), '')\n| extend UPNSuffix = iff(InitiatingUserOrApp has '@', tostring(split(InitiatingUserOrApp, '@')[1]), '')\n| extend CloudApplicationName = iff(InitiatingUserOrApp !has '@', tostring(InitiatingUserOrApp), '')\n| extend Account_0_Name = UserName\n| extend Account_0_UPNSuffix = UPNSuffix\n| extend IP_0_Address = InitiatingIpAddress\n| extend CloudApplication_0_Name = CloudApplicationName\n",
                "version": 2,
                "tags": [
                  {
                    "name": "description",
                    "value": "This query searches for Active Directory Security Token Service (STS) refresh token modifications by Service Principals and Applications other than DirectorySync. Refresh tokens are used to validate identification and obtain access tokens.\nThis event is not necessarily an indication of malicious activity but can also be generated when legitimate administrators manually expire token validation or keep longer refresh tokens for better login experience with less prompts.\nAlso an allowlist has been included to filter known accounts which can be customized after careful review of past historical activity.\nAnalyze the results for unusual operations performed by administrators to extend a refresh token of a compromised account in order to extend the time they can use it without the need to re-authenticate (and thus potentially lose access).\nFor in-depth documentation of AAD Security Tokens, see https://docs.microsoft.com/azure/active-directory/develop/security-tokens.\nFor further information on AuditLogs please see https://docs.microsoft.com/azure/active-directory/reports-monitoring/reference-audit-activities.\nFor valid use cases of altering token lifetime values, refer https://docs.microsoft.com/azure/active-directory/develop/access-tokens#token-timeouts\nMore information about risky use-cases, refer https://docs.microsoft.com/azure/active-directory/develop/active-directory-configurable-token-lifetimes#token-lifetimes-with-public-client-refresh-tokens"
                  },
                  {
                    "name": "tactics",
                    "value": "CredentialAccess"
                  },
                  {
                    "name": "techniques",
                    "value": "T1550.001"
                  }
                ]
              }
            },
            {
              "type": "Microsoft.OperationalInsights/workspaces/providers/metadata",
              "apiVersion": "2022-01-01-preview",
              "name": "[concat(parameters('workspace'),'/Microsoft.SecurityInsights/',concat('HuntingQuery-', last(split(resourceId('Microsoft.OperationalInsights/savedSearches', '4696e072-aca8-4a4f-bf05-89fddc5ac3c9'),'/'))))]",
              "properties": {
                "description": "Cloud Identity Threat Protection Essentials Hunting Query 7",
                "parentId": "[resourceId('Microsoft.OperationalInsights/savedSearches', '4696e072-aca8-4a4f-bf05-89fddc5ac3c9')]",
                "contentId": "4696e072-aca8-4a4f-bf05-89fddc5ac3c9",
                "kind": "HuntingQuery",
                "version": "1.0.1",
                "source": {
                  "kind": "Solution",
                  "name": "Cloud Identity Threat Protection Essentials",
                  "sourceId": "azuresentinel.azure-sentinel-solution-cloudthreatdetection"
                },
                "author": {
                  "name": "Microsoft",
                  "email": "support@microsoft.com"
                },
                "support": {
                  "name": "Microsoft Corporation",
                  "email": "support@microsoft.com",
                  "tier": "Microsoft",
                  "link": "https://support.microsoft.com"
                }
              }
            }
          ]
        },
        "packageKind": "Solution",
        "packageVersion": "2.0.2",
        "packageName": "Cloud Identity Threat Protection Essentials",
        "packageId": "azuresentinel.azure-sentinel-solution-cloudthreatdetection",
        "contentProductId": "azuresentinel.azure-sentinel-solution-cloudthreatd-hq-pxvc6rtffnx2m",
        "id": "azuresentinel.azure-sentinel-solution-cloudthreatd-hq-pxvc6rtffnx2m",
        "contentSchemaVersion": "3.0.0",
        "version": "1.0.1"
      }
    },
    {
      "type": "Microsoft.OperationalInsights/workspaces/providers/contentTemplates",
      "name": "[concat(parameters('workspace'),'/Microsoft.SecurityInsights/',concat(concat(parameters('workspace'),'-hq-',uniquestring('c7941212-4ff9-4d2d-b38d-54d78fa087cc')),'1.0.1'))]",
      "location": "[parameters('workspace-location')]",
      "apiVersion": "2023-04-01-preview",
      "dependsOn": [
        "[extensionResourceId(resourceId('Microsoft.OperationalInsights/workspaces', parameters('workspace')), 'Microsoft.SecurityInsights/contentPackages', 'azuresentinel.azure-sentinel-solution-cloudthreatdetection')]"
      ],
      "properties": {
        "contentId": "c7941212-4ff9-4d2d-b38d-54d78fa087cc",
        "displayName": "Application Granted EWS Permissions",
        "contentKind": "HuntingQuery",
        "mainTemplate": {
          "$schema": "https://schema.management.azure.com/schemas/2019-04-01/deploymentTemplate.json#",
          "contentVersion": "1.0.1",
          "parameters": {},
          "variables": {},
          "resources": [
            {
              "type": "Microsoft.OperationalInsights/savedSearches",
              "apiVersion": "2020-08-01",
              "name": "Cloud_Identity_Threat_Protection_Essentials_Hunting_Query_8",
              "location": "[parameters('workspace-location')]",
              "properties": {
                "eTag": "*",
                "displayName": "Application Granted EWS Permissions",
                "category": "Hunting Queries",
                "query": "AuditLogs\n| where Category =~ \"ApplicationManagement\"\n| where OperationName has \"Add app role assignment to service principal\"\n| extend UA = tostring(AdditionalDetails[0].value)\n| mv-expand TargetResources\n| extend ModifiedProps = TargetResources.modifiedProperties\n| mv-expand ModifiedProps\n| where ModifiedProps.newValue has \"Use Exchange Web Services with full access to all mailboxes\"\n| extend Action = ModifiedProps.newValue\n| extend User = tolower(tostring(parse_json(tostring(InitiatedBy.user)).userPrincipalName))\n| join kind=inner AuditLogs on CorrelationId\n| mv-expand TargetResources1\n| mv-expand TargetResources1.modifiedProperties\n| project-reorder TargetResources1_modifiedProperties\n| extend displayName_ = tostring(TargetResources1_modifiedProperties.displayName)\n| extend AppId = iff(tostring(TargetResources1_modifiedProperties.displayName) =~ \"ServicePrincipal.AppId\", tostring(TargetResources1_modifiedProperties.newValue), \"\")\n| extend AppName = iff(tostring(TargetResources1_modifiedProperties.displayName) =~ \"ServicePrincipal.DisplayName\", tostring(TargetResources1_modifiedProperties.newValue), \"\")\n| summarize make_set(AppName, 100), make_set(AppId, 100) by TimeGenerated, ActivityDisplayName, UA, User, Result, OperationName, tostring(InitiatedBy), bin(TimeGenerated, 1d), tostring(Action)\n| where tostring(set_AppId) != '[\"\"]'\n| project-reorder TimeGenerated, User, set_AppName\n| join kind=leftouter \n  (SecurityAlert\n    | where ProviderName =~ \"IPC\"\n    | extend User = tolower(tostring(parse_json(ExtendedProperties).[\"User Account\"]))\n    | summarize count_AlertName = count() by bin(TimeGenerated, 1d), User\n  ) on TimeGenerated, User\n| extend NumberofAADAlerts = iif(isnotempty(count_AlertName), count_AlertName, 0)\n| sort by NumberofAADAlerts desc\n| extend AppName = tostring(set_AppName[1])\n| extend AppID = tostring(set_AppId[1])\n| project-away set_AppName, set_AppId\n| project-reorder TimeGenerated, ActivityDisplayName, Action, User, NumberofAADAlerts, AppName, AppID\n| extend timestamp = TimeGenerated, UserName = tostring(split(User, '@', 0)[0]), UserUPNSuffix = tostring(split(User, '@', 1)[0])\n| extend Account_0_Name = UserName\n| extend Account_0_UPNSuffix = UserUPNSuffix\n| extend CloudApplication_0_AppId = AppID\n",
                "version": 2,
                "tags": [
                  {
                    "name": "description",
                    "value": "This query searches for AD applications granted permissions to read users mailboxes via Exchange Web Services (EWS). A threat actor could add these permissions to an application they control in order to gain persistent access to user's mail.\nReview the applications granted these permissions to ensure they are required and were granted legitimately."
                  },
                  {
                    "name": "tactics",
                    "value": "Collection,PrivilegeEscalation"
                  },
                  {
                    "name": "techniques",
                    "value": "T1078.004,T1114.002"
                  }
                ]
              }
            },
            {
              "type": "Microsoft.OperationalInsights/workspaces/providers/metadata",
              "apiVersion": "2022-01-01-preview",
              "name": "[concat(parameters('workspace'),'/Microsoft.SecurityInsights/',concat('HuntingQuery-', last(split(resourceId('Microsoft.OperationalInsights/savedSearches', 'c7941212-4ff9-4d2d-b38d-54d78fa087cc'),'/'))))]",
              "properties": {
                "description": "Cloud Identity Threat Protection Essentials Hunting Query 8",
                "parentId": "[resourceId('Microsoft.OperationalInsights/savedSearches', 'c7941212-4ff9-4d2d-b38d-54d78fa087cc')]",
                "contentId": "c7941212-4ff9-4d2d-b38d-54d78fa087cc",
                "kind": "HuntingQuery",
                "version": "1.0.1",
                "source": {
                  "kind": "Solution",
                  "name": "Cloud Identity Threat Protection Essentials",
                  "sourceId": "azuresentinel.azure-sentinel-solution-cloudthreatdetection"
                },
                "author": {
                  "name": "Microsoft",
                  "email": "support@microsoft.com"
                },
                "support": {
                  "name": "Microsoft Corporation",
                  "email": "support@microsoft.com",
                  "tier": "Microsoft",
                  "link": "https://support.microsoft.com"
                }
              }
            }
          ]
        },
        "packageKind": "Solution",
        "packageVersion": "2.0.2",
        "packageName": "Cloud Identity Threat Protection Essentials",
        "packageId": "azuresentinel.azure-sentinel-solution-cloudthreatdetection",
        "contentProductId": "azuresentinel.azure-sentinel-solution-cloudthreatd-hq-e3x4wdh6py2uy",
        "id": "azuresentinel.azure-sentinel-solution-cloudthreatd-hq-e3x4wdh6py2uy",
        "contentSchemaVersion": "3.0.0",
        "version": "1.0.1"
      }
    },
    {
      "type": "Microsoft.OperationalInsights/workspaces/providers/contentTemplates",
      "name": "[concat(parameters('workspace'),'/Microsoft.SecurityInsights/',concat(concat(parameters('workspace'),'-ar-',uniquestring('65c78944-930b-4cae-bd79-c3664ae30ba7')),'1.0.4'))]",
      "location": "[parameters('workspace-location')]",
      "apiVersion": "2023-04-01-preview",
      "dependsOn": [
        "[extensionResourceId(resourceId('Microsoft.OperationalInsights/workspaces', parameters('workspace')), 'Microsoft.SecurityInsights/contentPackages', 'azuresentinel.azure-sentinel-solution-cloudthreatdetection')]"
      ],
      "properties": {
        "contentId": "65c78944-930b-4cae-bd79-c3664ae30ba7",
        "displayName": "Multi-Factor Authentication Disabled for a User",
        "contentKind": "AnalyticsRule",
        "mainTemplate": {
          "$schema": "https://schema.management.azure.com/schemas/2019-04-01/deploymentTemplate.json#",
          "contentVersion": "1.0.4",
          "parameters": {},
          "variables": {},
          "resources": [
            {
              "type": "Microsoft.SecurityInsights/AlertRuleTemplates",
              "name": "65c78944-930b-4cae-bd79-c3664ae30ba7",
              "apiVersion": "2022-04-01-preview",
              "kind": "Scheduled",
              "location": "[parameters('workspace-location')]",
              "properties": {
                "description": "Multi-Factor Authentication (MFA) helps prevent credential compromise. This alert identifies when an attempt has been made to deactivate MFA for a user.",
                "displayName": "Multi-Factor Authentication Disabled for a User",
                "enabled": false,
                "query": "(union isfuzzy=true\n(AuditLogs\n| where OperationName =~ \"Disable Strong Authentication\"\n| extend _parsedIntiatedByUser = parse_json(tostring(InitiatedBy.user))\n| extend _parsedIntiatedByApp = parse_json(tostring(InitiatedBy.app))\n| extend IPAddress = tostring(_parsedIntiatedByUser.ipAddress)\n| extend InitiatedByUser = iff(isnotempty(tostring(_parsedIntiatedByUser.userPrincipalName)),\n tostring(_parsedIntiatedByUser.userPrincipalName), tostring(_parsedIntiatedByApp.displayName))\n| extend Targetprop = todynamic(TargetResources)\n| extend TargetUser = tostring(Targetprop[0].userPrincipalName)\n| summarize StartTimeUtc = min(TimeGenerated), EndTimeUtc = max(TimeGenerated) by User = TargetUser, InitiatedByUser , Operation = OperationName , CorrelationId, IPAddress, Category, Source = SourceSystem , AADTenantId, Type\n),\n(AWSCloudTrail\n| where EventName in~ (\"DeactivateMFADevice\", \"DeleteVirtualMFADevice\")\n| extend _parsedRequestParameters = parse_json(RequestParameters)\n| extend InstanceProfileName = tostring(_parsedRequestParameters.InstanceProfileName)\n| extend TargetUser = tostring(_parsedRequestParameters.userName)\n| summarize StartTimeUtc = min(TimeGenerated), EndTimeUtc = max(TimeGenerated) by User = TargetUser, Source = EventSource , Operation = EventName , TenantorInstance_Detail = InstanceProfileName, IPAddress = SourceIpAddress\n)\n)\n| extend timestamp = StartTimeUtc, UserName = tostring(split(User, '@', 0)[0]), UPNSuffix = tostring(split(User, '@', 1)[0])\n",
                "queryFrequency": "PT1H",
                "queryPeriod": "PT1H",
                "severity": "Medium",
                "suppressionDuration": "PT1H",
                "suppressionEnabled": false,
                "triggerOperator": "GreaterThan",
                "triggerThreshold": 0,
                "status": "Available",
                "requiredDataConnectors": [
                  {
                    "dataTypes": [
                      "AuditLogs"
                    ],
                    "connectorId": "AzureActiveDirectory"
                  },
                  {
                    "dataTypes": [
                      "AWSCloudTrail"
                    ],
                    "connectorId": "AWS"
                  }
                ],
                "tactics": [
                  "CredentialAccess",
                  "Persistence"
                ],
                "techniques": [
                  "T1098",
                  "T1556"
                ],
                "entityMappings": [
                  {
                    "entityType": "Account",
                    "fieldMappings": [
                      {
                        "columnName": "UserName",
                        "identifier": "Name"
                      },
                      {
                        "columnName": "UPNSuffix",
                        "identifier": "UPNSuffix"
                      }
                    ]
                  },
                  {
                    "entityType": "IP",
                    "fieldMappings": [
                      {
                        "columnName": "IPAddress",
                        "identifier": "Address"
                      }
                    ]
                  }
                ]
              }
            },
            {
              "type": "Microsoft.OperationalInsights/workspaces/providers/metadata",
              "apiVersion": "2022-01-01-preview",
              "name": "[concat(parameters('workspace'),'/Microsoft.SecurityInsights/',concat('AnalyticsRule-', last(split(resourceId('Microsoft.SecurityInsights/AlertRuleTemplates', '65c78944-930b-4cae-bd79-c3664ae30ba7'),'/'))))]",
              "properties": {
                "description": "Cloud Identity Threat Protection Essentials Analytics Rule 1",
                "parentId": "[resourceId('Microsoft.SecurityInsights/AlertRuleTemplates', '65c78944-930b-4cae-bd79-c3664ae30ba7')]",
                "contentId": "65c78944-930b-4cae-bd79-c3664ae30ba7",
                "kind": "AnalyticsRule",
                "version": "1.0.4",
                "source": {
                  "kind": "Solution",
                  "name": "Cloud Identity Threat Protection Essentials",
                  "sourceId": "azuresentinel.azure-sentinel-solution-cloudthreatdetection"
                },
                "author": {
                  "name": "Microsoft",
                  "email": "support@microsoft.com"
                },
                "support": {
                  "name": "Microsoft Corporation",
                  "email": "support@microsoft.com",
                  "tier": "Microsoft",
                  "link": "https://support.microsoft.com"
                }
              }
            }
          ]
        },
        "packageKind": "Solution",
        "packageVersion": "2.0.2",
        "packageName": "Cloud Identity Threat Protection Essentials",
        "packageId": "azuresentinel.azure-sentinel-solution-cloudthreatdetection",
        "contentProductId": "azuresentinel.azure-sentinel-solution-cloudthreatd-ar-th2f4e6www5uu",
        "id": "azuresentinel.azure-sentinel-solution-cloudthreatd-ar-th2f4e6www5uu",
        "contentSchemaVersion": "3.0.0",
        "version": "1.0.4"
      }
    },
    {
      "type": "Microsoft.OperationalInsights/workspaces/providers/contentTemplates",
      "name": "[concat(parameters('workspace'),'/Microsoft.SecurityInsights/',concat(concat(parameters('workspace'),'-ar-',uniquestring('d7424fd9-abb3-4ded-a723-eebe023aaa0b')),'1.0.1'))]",
      "location": "[parameters('workspace-location')]",
      "apiVersion": "2023-04-01-preview",
      "dependsOn": [
        "[extensionResourceId(resourceId('Microsoft.OperationalInsights/workspaces', parameters('workspace')), 'Microsoft.SecurityInsights/contentPackages', 'azuresentinel.azure-sentinel-solution-cloudthreatdetection')]"
      ],
      "properties": {
        "contentId": "d7424fd9-abb3-4ded-a723-eebe023aaa0b",
        "displayName": "New External User Granted Admin Role",
        "contentKind": "AnalyticsRule",
        "mainTemplate": {
          "$schema": "https://schema.management.azure.com/schemas/2019-04-01/deploymentTemplate.json#",
          "contentVersion": "1.0.1",
          "parameters": {},
          "variables": {},
          "resources": [
            {
              "type": "Microsoft.SecurityInsights/AlertRuleTemplates",
              "name": "d7424fd9-abb3-4ded-a723-eebe023aaa0b",
              "apiVersion": "2022-04-01-preview",
              "kind": "Scheduled",
              "location": "[parameters('workspace-location')]",
              "properties": {
                "description": "This query will detect instances where a newly invited external user is granted an administrative role. By default this query\nwill alert on any granted administrative role, however this can be modified using the roles variable if false positives occur\nin your environment. The maximum delta between invite and escalation to admin is 60 minues, this can be configured using the \ndeltaBetweenInviteEscalation variable.",
                "displayName": "New External User Granted Admin Role",
                "enabled": false,
                "query": "// Administrative roles to look for, default is all admin roles\nlet roles = dynamic([\"Administrator\", \"Admin\"]);\n// The maximum distances between and invite and acceptance\nlet maxTimeBetweenInviteAccept = 30min;\n// The delta (minutes) between the invite being sent and the account being escalated\nlet deltaBetweenInviteEscalation = 60;\n// Collect external user invitations\nlet invite = AuditLogs\n| where Category =~ \"UserManagement\"\n| where OperationName =~ \"Invite external user\"\n| extend Target = tostring(TargetResources[0].[\"userPrincipalName\"])\n| extend InviteInitiator = tostring(InitiatedBy.[\"user\"].[\"userPrincipalName\"])\n| where isnotempty(InviteInitiator);\n// Collect redeem events\nlet redeem = AuditLogs\n| where Category =~ \"UserManagement\"\n| where OperationName =~ \"Redeem external user invite\"\n| where Result =~ \"success\"\n| extend Target = tostring(TargetResources[0].[\"displayName\"]) | extend Target = tostring(extract(@\"UPN\\:\\s(.+)\\,\\sEmail\",1,Target))\n| where isnotempty(Target);\n// Union the inivtation and redeem data then run the sequence_detect kusto plugin\ninvite\n| union redeem\n| order by TimeGenerated\n| project TimeGenerated, Target, InviteInitiator, OperationName, TenantId\n| evaluate sequence_detect(TimeGenerated, maxTimeBetweenInviteAccept, maxTimeBetweenInviteAccept, invite=(OperationName has \"Invite external user\"), redeem=(OperationName has \"Redeem external user invite\"), Target)\n| join kind=innerunique (\nAuditLogs\n| where Category =~ \"RoleManagement\"\n| where AADOperationType in~ (\"Assign\", \"AssignEligibleRole\")\n| where ActivityDisplayName has_any (\"Add eligible member to role\", \"Add member to role\")\n| mv-expand TargetResources\n// Limit to external accounts\n| where TargetResources.userPrincipalName has \"EXT\"\n| mv-expand TargetResources.modifiedProperties\n| extend displayName_ = tostring(TargetResources_modifiedProperties.displayName)\n| where displayName_ =~ \"Role.DisplayName\"\n| extend RoleName = tostring(parse_json(tostring(TargetResources_modifiedProperties.newValue)))\n// Perform check for admin roles\n| where RoleName has_any(roles)\n| extend InitiatingApp = tostring(parse_json(tostring(InitiatedBy.app)).displayName)\n| extend Initiator = iif(isnotempty(InitiatingApp), InitiatingApp, tostring(parse_json(tostring(InitiatedBy.user)).userPrincipalName))\n| where Initiator != \"MS-PIM\"\n| extend Target = tostring(TargetResources.userPrincipalName)\n| summarize by TimeGenerated, OperationName,  RoleName, Target, Initiator, Result\n) on Target\n// Calculate delta between the invite and the account escalation\n| extend delta = datetime_diff(\"minute\", TimeGenerated, invite_TimeGenerated)\n| where delta <= deltaBetweenInviteEscalation\n| project InvitationTime=invite_TimeGenerated, RedeemTime=redeem_TimeGenerated, GrantTime=TimeGenerated, ExternalUser=Target, RoleGranted=RoleName, AdminInitiator=Initiator, MinsBetweenInviteAndEscalation=delta\n| extend ExternalUserName = tostring(split(ExternalUser, '@', 0)[0]), ExternalUserUPNSuffix = tostring(split(ExternalUser, '@', 1)[0])\n| extend AdminInitiatorName = tostring(split(AdminInitiator, '@', 0)[0]), AdminInitiatorUPNSuffix = tostring(split(AdminInitiator, '@', 1)[0])\n",
                "queryFrequency": "P1D",
                "queryPeriod": "P1D",
                "severity": "Medium",
                "suppressionDuration": "PT1H",
                "suppressionEnabled": false,
                "triggerOperator": "GreaterThan",
                "triggerThreshold": 0,
                "status": "Available",
                "requiredDataConnectors": [
                  {
                    "dataTypes": [
                      "AuditLogs"
                    ],
                    "connectorId": "AzureActiveDirectory"
                  }
                ],
                "tactics": [
                  "Persistence"
                ],
                "techniques": [
                  "T1098"
                ],
                "entityMappings": [
                  {
                    "entityType": "Account",
                    "fieldMappings": [
                      {
                        "columnName": "ExternalUserName",
                        "identifier": "Name"
                      },
                      {
                        "columnName": "ExternalUserUPNSuffix",
                        "identifier": "UPNSuffix"
                      }
                    ]
                  },
                  {
                    "entityType": "Account",
                    "fieldMappings": [
                      {
                        "columnName": "AdminInitiatorName",
                        "identifier": "Name"
                      },
                      {
                        "columnName": "AdminInitiatorUPNSuffix",
                        "identifier": "UPNSuffix"
                      }
                    ]
                  }
                ]
              }
            },
            {
              "type": "Microsoft.OperationalInsights/workspaces/providers/metadata",
              "apiVersion": "2022-01-01-preview",
              "name": "[concat(parameters('workspace'),'/Microsoft.SecurityInsights/',concat('AnalyticsRule-', last(split(resourceId('Microsoft.SecurityInsights/AlertRuleTemplates', 'd7424fd9-abb3-4ded-a723-eebe023aaa0b'),'/'))))]",
              "properties": {
                "description": "Cloud Identity Threat Protection Essentials Analytics Rule 2",
                "parentId": "[resourceId('Microsoft.SecurityInsights/AlertRuleTemplates', 'd7424fd9-abb3-4ded-a723-eebe023aaa0b')]",
                "contentId": "d7424fd9-abb3-4ded-a723-eebe023aaa0b",
                "kind": "AnalyticsRule",
                "version": "1.0.1",
                "source": {
                  "kind": "Solution",
                  "name": "Cloud Identity Threat Protection Essentials",
                  "sourceId": "azuresentinel.azure-sentinel-solution-cloudthreatdetection"
                },
                "author": {
                  "name": "Microsoft",
                  "email": "support@microsoft.com"
                },
                "support": {
                  "name": "Microsoft Corporation",
                  "email": "support@microsoft.com",
                  "tier": "Microsoft",
                  "link": "https://support.microsoft.com"
                }
              }
            }
          ]
        },
        "packageKind": "Solution",
        "packageVersion": "2.0.2",
        "packageName": "Cloud Identity Threat Protection Essentials",
        "packageId": "azuresentinel.azure-sentinel-solution-cloudthreatdetection",
        "contentProductId": "azuresentinel.azure-sentinel-solution-cloudthreatd-ar-kgox5vbagtlpu",
        "id": "azuresentinel.azure-sentinel-solution-cloudthreatd-ar-kgox5vbagtlpu",
        "contentSchemaVersion": "3.0.0",
        "version": "1.0.1"
      }
    },
    {
      "type": "Microsoft.OperationalInsights/workspaces/providers/contentPackages",
      "name": "[concat(parameters('workspace'),'/Microsoft.SecurityInsights/', 'azuresentinel.azure-sentinel-solution-cloudthreatdetection')]",
      "location": "[parameters('workspace-location')]",
      "apiVersion": "2023-04-01-preview",
      "properties": {
        "version": "2.0.2",
        "kind": "Solution",
        "contentSchemaVersion": "3.0.0",
        "contentId": "azuresentinel.azure-sentinel-solution-cloudthreatdetection",
        "source": {
          "kind": "Solution",
          "name": "Cloud Identity Threat Protection Essentials",
          "sourceId": "azuresentinel.azure-sentinel-solution-cloudthreatdetection"
        },
        "author": {
          "name": "Microsoft",
          "email": "support@microsoft.com"
        },
        "support": {
          "name": "Microsoft Corporation",
          "email": "support@microsoft.com",
          "tier": "Microsoft",
          "link": "https://support.microsoft.com"
        },
        "dependencies": {
          "operator": "AND",
          "criteria": [
            {
              "kind": "HuntingQuery",
              "contentId": "a73c52f2-b3a5-4fe4-be7d-4d59b8558590",
              "version": "1.0.1"
            },
            {
              "kind": "HuntingQuery",
              "contentId": "0cd51b2e-d3b2-4001-8e3f-5cbb604f69b2",
              "version": "1.0.2"
            },
            {
              "kind": "HuntingQuery",
              "contentId": "b00f127c-46fa-40bd-9ab6-b266974d29cc",
              "version": "1.0.2"
            },
            {
              "kind": "HuntingQuery",
              "contentId": "cdc9b092-8a16-4559-9e5e-831877e8209a",
              "version": "1.0.2"
            },
            {
              "kind": "HuntingQuery",
              "contentId": "86490334-5371-40a2-971a-3749c2654954",
              "version": "1.0.2"
            },
            {
              "kind": "HuntingQuery",
              "contentId": "2b6a3882-d601-4298-983b-880f6dc7acdb",
              "version": "1.0.2"
            },
            {
              "kind": "HuntingQuery",
              "contentId": "4696e072-aca8-4a4f-bf05-89fddc5ac3c9",
              "version": "1.0.1"
            },
            {
              "kind": "HuntingQuery",
              "contentId": "c7941212-4ff9-4d2d-b38d-54d78fa087cc",
              "version": "1.0.1"
            },
            {
              "kind": "AnalyticsRule",
              "contentId": "65c78944-930b-4cae-bd79-c3664ae30ba7",
              "version": "1.0.4"
            },
            {
              "kind": "AnalyticsRule",
              "contentId": "d7424fd9-abb3-4ded-a723-eebe023aaa0b",
              "version": "1.0.1"
            }
          ]
        },
        "firstPublishDate": "2022-11-16",
        "providers": [
          "Microsoft"
        ],
        "categories": {
          "domains": [
            "Security - Threat Protection",
            "Security - Cloud Security"
          ]
        },
        "contentKind": "Solution",
        "contentProductId": "azuresentinel.azure-sentinel-solution-cloudthreatd-sl-wsyqddzln3x7g",
        "id": "azuresentinel.azure-sentinel-solution-cloudthreatd-sl-wsyqddzln3x7g",
        "displayName": "Cloud Identity Threat Protection Essentials",
        "publisherDisplayName": "Microsoft Sentinel, Microsoft Corporation",
        "descriptionHtml": "<p><strong>Note:</strong> <em>There may be <a target=\"_blank\" href=\"https://aka.ms/sentinelsolutionsknownissues\" rel=\"noopener\">known issues</a> pertaining to this Solution, please refer to them before installing.</em></p><p>As more and more companies move to the cloud - attacks to the cloud identity system are becoming more commonplace. The <strong>Cloud Identity Threat Protection Essentials</strong> solution looks for most common cloud focused identity attacks such as Suspicious Sign-ins, privilege grants, MFA disable etc. Rapid detection of these attacks can enable organizations to respond faster and stop them from progressing further.</p><p><strong>Pre-requisites:</strong></p><p>This is a <a target=\"_blank\" href=\"https://learn.microsoft.com/en-us/azure/sentinel/sentinel-solutions-catalog#domain-solutions\" rel=\"noopener\">domain solution</a> and does not include any data connectors. The content in this solution supports the connectors listed below. Install one or more of the listed solutions, to unlock the value provided by this solution.</p><ol><li><p><a target=\"_blank\" href=\"https://ms.portal.azure.com/#create/azuresentinel.azure-sentinel-solution-azureactivedirectoryazure-sentinel-solution-azureactivedirectory\" rel=\"noopener\">Azure Active Directory</a></p></li><li><p><a target=\"_blank\" href=\"https://ms.portal.azure.com/#create/azuresentinel.azure-sentinel-solution-amazonwebservicesazure-sentinel-solution-amazonwebservices\" rel=\"noopener\">Amazon Web Services</a></p></li><li><p><a target=\"_blank\" href=\"https://ms.portal.azure.com/#create/azuresentinel.azure-sentinel-solution-azureactivedirectoryipazure-sentinel-solution-azureactivedirectoryip\" rel=\"noopener\">Azure Active Directory Identity Protection</a></p></li></ol><p><strong>Keywords:</strong> MFA, Nord VPN, VPS, Disabled Account, Suspicious Sign-in, Service principal</p><p><strong>Analytic Rules:</strong> 2, <strong>Hunting Queries:</strong> 8</p><p><a target=\"_blank\" href=\"https://aka.ms/azuresentinel\" rel=\"noopener\">Learn more about Microsoft Sentinel</a> | <a target=\"_blank\" href=\"https://aka.ms/azuresentinelsolutionsdoc\" rel=\"noopener\">Learn more about Solutions</a></p>",
        "icon": "https://store-images.s-microsoft.com/image/apps.22990.4ea29f83-c1ff-4d46-8007-f00f4e7bb428.9db594e8-80eb-470f-9991-ab0770f89a0c.05f616fd-fd4f-4172-b0c8-75308d39ab5c"
      }
    }
  ]
}