{
  "$schema": "https://schema.management.azure.com/schemas/2019-04-01/deploymentTemplate.json#",
  "contentVersion": "1.1",
  "parameters": {
    "location": {
      "type": "string",
      "minLength": 1,
      "defaultValue": "[resourceGroup().location]",
      "metadata": {
        "description": "Not used, but needed to pass arm-ttk test `Location-Should-Not-Be-Hardcoded`.  We instead use the `workspace-location` which is derived from the LA workspace"
      }
    },
    "workspace": {
      "defaultValue": "",
      "type": "string",
      "metadata": {
        "description": "Workspace name for Log Analytics where Microsoft Sentinel is setup"
      }
    },
    "workspace-location": {
      "type": "string",
      "defaultValue": "",
      "metadata": {
        "description": "[concat('Region to deploy solution resources -- separate from location selection',parameters('location'))]"
      }
    }
  },
  "resources": [
    {
      "type": "Microsoft.OperationalInsights/workspaces/providers/contentTemplates",
      "name": "[concat(parameters('workspace'),'/Microsoft.SecurityInsights/',concat(concat(parameters('workspace'),'-pl-',uniquestring('Prompt-User-incident-trigger')),'1.1'))]",
      "location": "[parameters('workspace-location')]",
      "apiVersion": "2023-04-01-preview",
      "dependsOn": [
        "[extensionResourceId(resourceId('Microsoft.OperationalInsights/workspaces', parameters('workspace')), 'Microsoft.SecurityInsights/contentPackages', 'azuresentinel.azure-sentinel-solution-azureactivedirectory')]"
      ],
      "properties": {
        "contentId": "Prompt-User-incident-trigger",
        "displayName": "Prompt User - Incident",
        "contentKind": "Playbook",
        "mainTemplate": {
          "$schema": "https://schema.management.azure.com/schemas/2019-04-01/deploymentTemplate.json#",
          "contentVersion": "1.1",
          "parameters": {
            "PlaybookName": {
              "defaultValue": "Prompt-User-Incident",
              "type": "string"
            },
            "TeamsId": {
              "metadata": {
                "description": "Enter the Teams Group ID"
              },
              "type": "string"
            },
            "TeamsChannelId": {
              "metadata": {
                "description": "Enter the Teams Channel ID"
              },
              "type": "string"
            }
          },
          "variables": {
            "AzureADConnectionName": "[[concat('azuread-', parameters('PlaybookName'))]",
            "AzureSentinelConnectionName": "[[concat('azuresentinel-', parameters('PlaybookName'))]",
            "Office365ConnectionName": "[[concat('office365-', parameters('PlaybookName'))]",
            "TeamsConnectionName": "[[concat('teams-', parameters('PlaybookName'))]",
            "connection-1": "[[concat('/subscriptions/', subscription().subscriptionId, '/providers/Microsoft.Web/locations/', variables('workspace-location-inline'), '/managedApis/azuread')]",
            "_connection-1": "[[variables('connection-1')]",
            "connection-2": "[[concat('/subscriptions/', subscription().subscriptionId, '/providers/Microsoft.Web/locations/', variables('workspace-location-inline'), '/managedApis/azuresentinel')]",
            "_connection-2": "[[variables('connection-2')]",
            "connection-3": "[[concat('/subscriptions/', subscription().subscriptionId, '/providers/Microsoft.Web/locations/', variables('workspace-location-inline'), '/managedApis/office365')]",
            "_connection-3": "[[variables('connection-3')]",
            "connection-4": "[[concat('/subscriptions/', subscription().subscriptionId, '/providers/Microsoft.Web/locations/', variables('workspace-location-inline'), '/managedApis/teams')]",
            "_connection-4": "[[variables('connection-4')]",
            "workspace-location-inline": "[concat('[resourceGroup().locatio', 'n]')]",
            "workspace-name": "[parameters('workspace')]",
            "workspaceResourceId": "[[resourceId('microsoft.OperationalInsights/Workspaces', variables('workspace-name'))]"
          },
          "resources": [
            {
              "type": "Microsoft.Web/connections",
              "apiVersion": "2016-06-01",
              "name": "[[variables('AzureADConnectionName')]",
              "location": "[[variables('workspace-location-inline')]",
              "properties": {
                "displayName": "[[variables('AzureADConnectionName')]",
                "api": {
                  "id": "[[variables('_connection-1')]"
                }
              }
            },
            {
              "type": "Microsoft.Web/connections",
              "apiVersion": "2016-06-01",
              "name": "[[variables('AzureSentinelConnectionName')]",
              "location": "[[variables('workspace-location-inline')]",
              "kind": "V1",
              "properties": {
                "displayName": "[[variables('AzureSentinelConnectionName')]",
                "parameterValueType": "Alternative",
                "api": {
                  "id": "[[variables('_connection-2')]"
                }
              }
            },
            {
              "type": "Microsoft.Web/connections",
              "apiVersion": "2016-06-01",
              "name": "[[variables('Office365ConnectionName')]",
              "location": "[[variables('workspace-location-inline')]",
              "properties": {
                "displayName": "[[variables('Office365ConnectionName')]",
                "api": {
                  "id": "[[variables('_connection-3')]"
                }
              }
            },
            {
              "type": "Microsoft.Web/connections",
              "apiVersion": "2016-06-01",
              "name": "[[variables('TeamsConnectionName')]",
              "location": "[[variables('workspace-location-inline')]",
              "properties": {
                "displayName": "[[variables('TeamsConnectionName')]",
                "api": {
                  "id": "[[variables('_connection-4')]"
                }
              }
            },
            {
              "type": "Microsoft.Logic/workflows",
              "apiVersion": "2017-07-01",
              "name": "[[parameters('PlaybookName')]",
              "location": "[[variables('workspace-location-inline')]",
              "tags": {
                "LogicAppsCategory": "security",
                "hidden-SentinelTemplateName": "Prompt-User",
                "hidden-SentinelTemplateVersion": "1.1",
                "hidden-SentinelWorkspaceId": "[[resourceId('microsoft.OperationalInsights/Workspaces', parameters('workspace'))]"
              },
              "identity": {
                "type": "SystemAssigned"
              },
              "dependsOn": [
                "[[resourceId('Microsoft.Web/connections', variables('AzureADConnectionName'))]",
                "[[resourceId('Microsoft.Web/connections', variables('AzureSentinelConnectionName'))]",
                "[[resourceId('Microsoft.Web/connections', variables('Office365ConnectionName'))]",
                "[[resourceId('Microsoft.Web/connections', variables('TeamsConnectionName'))]"
              ],
              "properties": {
                "state": "Enabled",
                "definition": {
                  "$schema": "https://schema.management.azure.com/providers/Microsoft.Logic/schemas/2016-06-01/workflowdefinition.json#",
                  "actions": {
                    "Entities_-_Get_Accounts": {
                      "inputs": {
                        "body": "@triggerBody()?['object']?['properties']?['relatedEntities']",
                        "host": {
                          "connection": {
                            "name": "@parameters('$connections')['azuresentinel']['connectionId']"
                          }
                        },
                        "method": "post",
                        "path": "/entities/account"
                      },
                      "type": "ApiConnection"
                    },
                    "For_each": {
                      "actions": {
                        "Condition_2": {
                          "actions": {
                            "Add_comment_to_incident_(V3)": {
                              "inputs": {
                                "body": {
                                  "incidentArmId": "@triggerBody()?['object']?['id']",
                                  "message": "<p>@{body('Get_user')?['displayName']} confirms they completed the action that triggered the alert. &nbsp;Closing the incident.</p>"
                                },
                                "host": {
                                  "connection": {
                                    "name": "@parameters('$connections')['azuresentinel']['connectionId']"
                                  }
                                },
                                "method": "post",
                                "path": "/Incidents/Comment"
                              },
                              "type": "ApiConnection"
                            },
                            "Update_incident": {
                              "inputs": {
                                "body": {
                                  "classification": {
                                    "ClassificationAndReason": "BenignPositive - SuspiciousButExpected",
                                    "ClassificationReasonText": "User Confirmed it was them"
                                  },
                                  "incidentArmId": "@triggerBody()?['object']?['id']",
                                  "status": "Closed"
                                },
                                "host": {
                                  "connection": {
                                    "name": "@parameters('$connections')['azuresentinel']['connectionId']"
                                  }
                                },
                                "method": "put",
                                "path": "/Incidents"
                              },
                              "runAfter": {
                                "Add_comment_to_incident_(V3)": [
                                  "Succeeded"
                                ]
                              },
                              "type": "ApiConnection"
                            }
                          },
                          "else": {
                            "actions": {
                              "Add_comment_to_incident_(V3)_2": {
                                "inputs": {
                                  "body": {
                                    "incidentArmId": "@triggerBody()?['object']?['id']",
                                    "message": "<p>@{body('Get_user')?['displayName']} confirms they did not complete the action. Further investigation is needed.</p>"
                                  },
                                  "host": {
                                    "connection": {
                                      "name": "@parameters('$connections')['azuresentinel']['connectionId']"
                                    }
                                  },
                                  "method": "post",
                                  "path": "/Incidents/Comment"
                                },
                                "type": "ApiConnection"
                              },
                              "Post_message_in_a_chat_or_channel": {
                                "inputs": {
                                  "body": {
                                    "messageBody": "<p>New alert from Microsoft Sentinel.<br>\nPlease investigate ASAP.<br>\nSeverity : @{triggerBody()?['object']?['properties']?['severity']}<br>\nDescription: @{triggerBody()?['object']?['properties']?['description']}<br>\n<br>\n@{body('Get_user')?['displayName']} user confirmed they did not complete the action.</p>",
                                    "recipient": {
                                      "channelId": "[[parameters('TeamsChannelId')]",
                                      "groupId": "[[parameters('TeamsId')]"
                                    },
                                    "subject": "Incident @{triggerBody()?['object']?['properties']?['incidentNumber']} - @{triggerBody()?['object']?['properties']?['title']}"
                                  },
                                  "host": {
                                    "connection": {
                                      "name": "@parameters('$connections')['teams']['connectionId']"
                                    }
                                  },
                                  "method": "post",
                                  "path": "/beta/teams/conversation/message/poster/@{encodeURIComponent('User')}/location/@{encodeURIComponent('Channel')}"
                                },
                                "runAfter": {
                                  "Add_comment_to_incident_(V3)_2": [
                                    "Succeeded"
                                  ]
                                },
                                "type": "ApiConnection"
                              }
                            }
                          },
                          "expression": {
                            "and": [
                              {
                                "equals": [
                                  "@body('Send_approval_email')?['SelectedOption']",
                                  "This was me"
                                ]
                              }
                            ]
                          },
                          "runAfter": {
                            "Send_approval_email": [
                              "Succeeded"
                            ]
                          },
                          "type": "If"
                        },
                        "Get_user": {
                          "inputs": {
                            "host": {
                              "connection": {
                                "name": "@parameters('$connections')['azuread']['connectionId']"
                              }
                            },
                            "method": "get",
                            "path": "/v1.0/users/@{encodeURIComponent(concat(items('For_each')?['Name'], '@' ,items('For_each')?['UPNSuffix']))}"
                          },
                          "type": "ApiConnection"
                        },
                        "Send_approval_email": {
                          "inputs": {
                            "body": {
                              "Message": {
                                "Body": "New Alert from Microsoft Sentinel.\nPlease respond ASAP.\nSeverity: @{triggerBody()?['object']?['properties']?['severity']}\nName: @{triggerBody()?['object']?['properties']?['title']}\nDescription: @{triggerBody()?['object']?['properties']?['description']}",
                                "HideHTMLMessage": false,
                                "Importance": "High",
                                "Options": "This was me, This was not me",
                                "ShowHTMLConfirmationDialog": false,
                                "Subject": "Security Alert: @{triggerBody()?['object']?['properties']?['title']}",
                                "To": "@body('Get_user')?['mail']"
                              },
                              "NotificationUrl": "@{listCallbackUrl()}"
                            },
                            "host": {
                              "connection": {
                                "name": "@parameters('$connections')['office365']['connectionId']"
                              }
                            },
                            "path": "/approvalmail/$subscriptions"
                          },
                          "runAfter": {
                            "Get_user": [
                              "Succeeded"
                            ]
                          },
                          "type": "ApiConnectionWebhook"
                        }
                      },
                      "foreach": "@body('Entities_-_Get_Accounts')?['Accounts']",
                      "runAfter": {
                        "Entities_-_Get_Accounts": [
                          "Succeeded"
                        ]
                      },
                      "type": "Foreach"
                    }
                  },
                  "contentVersion": "1.0.0.0",
                  "parameters": {
                    "$connections": {
                      "type": "Object"
                    }
                  },
                  "triggers": {
                    "Microsoft_Sentinel_incident": {
                      "inputs": {
                        "body": {
                          "callback_url": "@{listCallbackUrl()}"
                        },
                        "host": {
                          "connection": {
                            "name": "@parameters('$connections')['azuresentinel']['connectionId']"
                          }
                        },
                        "path": "/incident-creation"
                      },
                      "type": "ApiConnectionWebhook"
                    }
                  }
                },
                "parameters": {
                  "$connections": {
                    "value": {
                      "azuread": {
                        "connectionId": "[[resourceId('Microsoft.Web/connections', variables('AzureADConnectionName'))]",
                        "connectionName": "[[variables('AzureADConnectionName')]",
                        "id": "[[concat('/subscriptions/', subscription().subscriptionId, '/providers/Microsoft.Web/locations/', variables('workspace-location-inline'), '/managedApis/azuread')]"
                      },
                      "azuresentinel": {
                        "connectionId": "[[resourceId('Microsoft.Web/connections', variables('AzureSentinelConnectionName'))]",
                        "connectionName": "[[variables('AzureSentinelConnectionName')]",
                        "id": "[[concat('/subscriptions/', subscription().subscriptionId, '/providers/Microsoft.Web/locations/', variables('workspace-location-inline'), '/managedApis/azuresentinel')]",
                        "connectionProperties": {
                          "authentication": {
                            "type": "ManagedServiceIdentity"
                          }
                        }
                      },
                      "office365": {
                        "connectionId": "[[resourceId('Microsoft.Web/connections', variables('Office365ConnectionName'))]",
                        "connectionName": "[[variables('Office365ConnectionName')]",
                        "id": "[[concat('/subscriptions/', subscription().subscriptionId, '/providers/Microsoft.Web/locations/', variables('workspace-location-inline'), '/managedApis/office365')]"
                      },
                      "teams": {
                        "connectionId": "[[resourceId('Microsoft.Web/connections', variables('TeamsConnectionName'))]",
                        "connectionName": "[[variables('TeamsConnectionName')]",
                        "id": "[[concat('/subscriptions/', subscription().subscriptionId, '/providers/Microsoft.Web/locations/', variables('workspace-location-inline'), '/managedApis/teams')]"
                      }
                    }
                  }
                }
              }
            },
            {
              "type": "Microsoft.OperationalInsights/workspaces/providers/metadata",
              "apiVersion": "2022-01-01-preview",
              "name": "[concat(parameters('workspace'),'/Microsoft.SecurityInsights/',concat('Playbook-', last(split(resourceId('Microsoft.Logic/workflows', 'Prompt-User-incident-trigger'),'/'))))]",
              "properties": {
                "parentId": "[resourceId('Microsoft.Logic/workflows', 'Prompt-User-incident-trigger')]",
                "contentId": "Prompt-User-incident-trigger",
                "kind": "Playbook",
                "version": "1.1",
                "source": {
                  "kind": "Solution",
                  "name": "Azure Active Directory",
                  "sourceId": "azuresentinel.azure-sentinel-solution-azureactivedirectory"
                },
                "author": {
                  "name": "Microsoft",
                  "email": "support@microsoft.com"
                },
                "support": {
                  "tier": "Microsoft",
                  "name": "Microsoft Corporation",
                  "email": "support@microsoft.com",
                  "link": "https://support.microsoft.com/"
                }
              }
            }
          ],
          "metadata": {
            "title": "Prompt User - Incident",
            "description": "This playbook will ask the user if they completed the action from the Incident in Microsoft Sentinel.  If so, it will close the incident and add a comment.  If not, it will post a message to teams for the SOC to investigate and add a comment to the incident.",
            "prerequisites": [
              "1. You will need the Team Id and Channel Id."
            ],
            "postDeployment": [
              "1. Assign Microsoft Sentinel Responder role to the Playbook's managed identity.",
              "2. Authorize Azure AD, Microsoft Teams, and Office 365 Outlook Logic App connections."
            ],
            "lastUpdateTime": "2022-07-11T00:00:00Z",
            "entities": [
              "Account"
            ],
            "tags": [
              "Remediation"
            ],
            "releaseNotes": [
              {
                "version": "1.0.0",
                "title": "Added new Post a Teams message action",
                "notes": [
                  "Initial version"
                ]
              }
            ]
          }
        },
        "packageKind": "Solution",
        "packageVersion": "2.0.12",
        "packageName": "Azure Active Directory",
        "packageId": "azuresentinel.azure-sentinel-solution-azureactivedirectory",
        "contentProductId": "azuresentinel.azure-sentinel-solution-azureactived-pl-gp5zzabqkgk5m",
        "id": "azuresentinel.azure-sentinel-solution-azureactived-pl-gp5zzabqkgk5m",
        "contentSchemaVersion": "3.0.0",
        "version": "1.1"
      }
    }
  ]
}