{
  "$schema": "https://schema.management.azure.com/schemas/2019-04-01/deploymentTemplate.json#",
  "contentVersion": "1.0.2",
  "parameters": {
    "location": {
      "type": "string",
      "minLength": 1,
      "defaultValue": "[resourceGroup().location]",
      "metadata": {
        "description": "Not used, but needed to pass arm-ttk test `Location-Should-Not-Be-Hardcoded`.  We instead use the `workspace-location` which is derived from the LA workspace"
      }
    },
    "workspace": {
      "defaultValue": "",
      "type": "string",
      "metadata": {
        "description": "Workspace name for Log Analytics where Microsoft Sentinel is setup"
      }
    },
    "workspace-location": {
      "type": "string",
      "defaultValue": "",
      "metadata": {
        "description": "[concat('Region to deploy solution resources -- separate from location selection',parameters('location'))]"
      }
    }
  },
  "resources": [
    {
      "type": "Microsoft.OperationalInsights/workspaces/providers/contentTemplates",
      "name": "[concat(parameters('workspace'),'/Microsoft.SecurityInsights/',concat(concat(parameters('workspace'),'-ar-',uniquestring('0fe6bde4-b215-480c-99b4-84a96edcdbd7')),'1.0.2'))]",
      "location": "[parameters('workspace-location')]",
      "apiVersion": "2023-04-01-preview",
      "dependsOn": [
        "[extensionResourceId(resourceId('Microsoft.OperationalInsights/workspaces', parameters('workspace')), 'Microsoft.SecurityInsights/contentPackages', 'azuresentinel.azure-sentinel-solution-dns-domain')]"
      ],
      "properties": {
        "contentId": "0fe6bde4-b215-480c-99b4-84a96edcdbd7",
        "displayName": "Rare client observed with high reverse DNS lookup count - Anomaly based (ASIM DNS Solution)",
        "contentKind": "AnalyticsRule",
        "mainTemplate": {
          "$schema": "https://schema.management.azure.com/schemas/2019-04-01/deploymentTemplate.json#",
          "contentVersion": "1.0.2",
          "parameters": {},
          "variables": {},
          "resources": [
            {
              "type": "Microsoft.SecurityInsights/AlertRuleTemplates",
              "name": "0fe6bde4-b215-480c-99b4-84a96edcdbd7",
              "apiVersion": "2022-04-01-preview",
              "kind": "Scheduled",
              "location": "[parameters('workspace-location')]",
              "properties": {
                "description": "This rule makes use of the series decompose anomaly method to identify clients with high reverse DNS counts. This helps in detecting the possible initial phases of an attack, like discovery and reconnaissance. It utilizes [ASIM](https://aka.ms/AboutASIM) normalization and is applied to any source that supports the ASIM DNS schema.",
                "displayName": "Rare client observed with high reverse DNS lookup count - Anomaly based (ASIM DNS Solution)",
                "enabled": false,
                "query": "let threshold = 2.5;\nlet SearchDomain = dynamic([\"in-addr.arpa\"]);\nlet min_t = ago(14d);\nlet max_t = now();\nlet timeframe = 1d;\nlet DNSEvents=(stime: datetime, etime: datetime) {\n  _Im_Dns(starttime=stime, endtime=etime, domain_has_any=SearchDomain)\n};\nDNSEvents(stime=min_t, etime=max_t)\n| make-series QueryCount=dcount(DnsQuery) on TimeGenerated from min_t to max_t step timeframe by SrcIpAddr\n| extend (anomalies, score, baseline) = series_decompose_anomalies(QueryCount, threshold, -1, 'linefit')\n| mv-expand anomalies, score, baseline, TimeGenerated, QueryCount\n| extend\n  anomalies = toint(anomalies),\n  score = toint(score),\n  baseline = toint(baseline),\n  EventTime = todatetime(TimeGenerated),\n  Total = tolong(QueryCount)\n| where EventTime >= ago(timeframe)\n| where score >= threshold * 2\n| join kind = inner (DNSEvents(stime=ago(timeframe), etime=max_t)\n  | summarize DNSQueries=make_set(DnsQuery, 1000) by SrcIpAddr)\n  on SrcIpAddr\n| project-away SrcIpAddr1\n",
                "queryFrequency": "P1D",
                "queryPeriod": "P14D",
                "severity": "Medium",
                "suppressionDuration": "PT1H",
                "suppressionEnabled": false,
                "triggerOperator": "GreaterThan",
                "triggerThreshold": 0,
                "status": "Available",
                "tactics": [
                  "Reconnaissance"
                ],
                "techniques": [
                  "T1590"
                ],
                "entityMappings": [
                  {
                    "fieldMappings": [
                      {
                        "identifier": "Address",
                        "columnName": "SrcIpAddr"
                      }
                    ],
                    "entityType": "IP"
                  }
                ],
                "eventGroupingSettings": {
                  "aggregationKind": "AlertPerResult"
                },
                "customDetails": {
                  "Total": "Total",
                  "DNSQueries": "DNSQueries",
                  "AnomalyScore": "score",
                  "baseline": "baseline"
                },
                "alertDetailsOverride": {
                  "alertDescriptionFormat": "Client has been identified as making high reverse DNS counts which could be carrying out reconnaissance or discovery activity.\n\nReverse DNS lookup count baseline for this client: '{{baseline}}'\n\nCurrent reverse DNS lookup count by this client showing as: '{{Total}}'\n\nDNS queries requested by this client inlcude: '{{DNSQueries}}'",
                  "alertDisplayNameFormat": "[Anomaly] Rare client has been observed as making high reverse DNS lookup count  - client IP: '{{SrcIpAddr}}'"
                }
              }
            },
            {
              "type": "Microsoft.OperationalInsights/workspaces/providers/metadata",
              "apiVersion": "2022-01-01-preview",
              "name": "[concat(parameters('workspace'),'/Microsoft.SecurityInsights/',concat('AnalyticsRule-', last(split(resourceId('Microsoft.SecurityInsights/AlertRuleTemplates', '0fe6bde4-b215-480c-99b4-84a96edcdbd7'),'/'))))]",
              "properties": {
                "description": "DNS Essentials Analytics Rule 7",
                "parentId": "[resourceId('Microsoft.SecurityInsights/AlertRuleTemplates', '0fe6bde4-b215-480c-99b4-84a96edcdbd7')]",
                "contentId": "0fe6bde4-b215-480c-99b4-84a96edcdbd7",
                "kind": "AnalyticsRule",
                "version": "1.0.2",
                "source": {
                  "kind": "Solution",
                  "name": "DNS Essentials",
                  "sourceId": "azuresentinel.azure-sentinel-solution-dns-domain"
                },
                "author": {
                  "name": "Microsoft",
                  "email": "support@microsoft.com"
                },
                "support": {
                  "name": "Microsoft Corporation",
                  "email": "support@microsoft.com",
                  "tier": "Microsoft",
                  "link": "https://support.microsoft.com"
                }
              }
            }
          ]
        },
        "packageKind": "Solution",
        "packageVersion": "2.0.2",
        "packageName": "DNS Essentials",
        "packageId": "azuresentinel.azure-sentinel-solution-dns-domain",
        "contentProductId": "azuresentinel.azure-sentinel-solution-dns-domain-ar-sxiy36m4ydwl4",
        "id": "azuresentinel.azure-sentinel-solution-dns-domain-ar-sxiy36m4ydwl4",
        "contentSchemaVersion": "3.0.0",
        "version": "1.0.2"
      }
    }
  ]
}