{
  "$schema": "https://schema.management.azure.com/schemas/2019-04-01/deploymentTemplate.json#",
  "contentVersion": "1.0.0",
  "parameters": {
    "location": {
      "type": "string",
      "minLength": 1,
      "defaultValue": "[resourceGroup().location]",
      "metadata": {
        "description": "Not used, but needed to pass arm-ttk test `Location-Should-Not-Be-Hardcoded`.  We instead use the `workspace-location` which is derived from the LA workspace"
      }
    },
    "workspace": {
      "defaultValue": "",
      "type": "string",
      "metadata": {
        "description": "Workspace name for Log Analytics where Microsoft Sentinel is setup"
      }
    },
    "workspace-location": {
      "type": "string",
      "defaultValue": "",
      "metadata": {
        "description": "[concat('Region to deploy solution resources -- separate from location selection',parameters('location'))]"
      }
    }
  },
  "resources": [
    {
      "type": "Microsoft.OperationalInsights/workspaces/providers/contentTemplates",
      "name": "[concat(parameters('workspace'),'/Microsoft.SecurityInsights/',concat(concat(parameters('workspace'),'-hq-',uniquestring('765dce51-689a-44b5-9b38-c9ae9441c7fc')),'1.0.0'))]",
      "location": "[parameters('workspace-location')]",
      "apiVersion": "2023-04-01-preview",
      "dependsOn": [
        "[extensionResourceId(resourceId('Microsoft.OperationalInsights/workspaces', parameters('workspace')), 'Microsoft.SecurityInsights/contentPackages', 'azuresentinel.azure-sentinel-solution-azurekubernetes')]"
      ],
      "properties": {
        "contentId": "765dce51-689a-44b5-9b38-c9ae9441c7fc",
        "displayName": "Azure RBAC AKS created role details",
        "contentKind": "HuntingQuery",
        "mainTemplate": {
          "$schema": "https://schema.management.azure.com/schemas/2019-04-01/deploymentTemplate.json#",
          "contentVersion": "1.0.0",
          "parameters": {},
          "variables": {},
          "resources": [
            {
              "type": "Microsoft.OperationalInsights/savedSearches",
              "apiVersion": "2020-08-01",
              "name": "Azure_kubernetes_Service_Hunting_Query_2",
              "location": "[parameters('workspace-location')]",
              "properties": {
                "eTag": "*",
                "displayName": "Azure RBAC AKS created role details",
                "category": "Hunting Queries",
                "query": "AzureDiagnostics\n| where Category == \"kube-audit\"\n| project log_s\n| where parse_json(log_s).verb == \"create\"\n| where parse_json(tostring(parse_json(log_s).annotations)).[\"authorization.k8s.io/decision\"] == \"allow\"\n",
                "version": 2,
                "tags": [
                  {
                    "name": "description",
                    "value": "Query get the details of role created for kube-audit."
                  },
                  {
                    "name": "tactics",
                    "value": "Persistence"
                  },
                  {
                    "name": "techniques",
                    "value": "T1098"
                  }
                ]
              }
            },
            {
              "type": "Microsoft.OperationalInsights/workspaces/providers/metadata",
              "apiVersion": "2022-01-01-preview",
              "name": "[concat(parameters('workspace'),'/Microsoft.SecurityInsights/',concat('HuntingQuery-', last(split(resourceId('Microsoft.OperationalInsights/savedSearches', '765dce51-689a-44b5-9b38-c9ae9441c7fc'),'/'))))]",
              "properties": {
                "description": "Azure kubernetes Service Hunting Query 2",
                "parentId": "[resourceId('Microsoft.OperationalInsights/savedSearches', '765dce51-689a-44b5-9b38-c9ae9441c7fc')]",
                "contentId": "765dce51-689a-44b5-9b38-c9ae9441c7fc",
                "kind": "HuntingQuery",
                "version": "1.0.0",
                "source": {
                  "kind": "Solution",
                  "name": "Azure kubernetes Service",
                  "sourceId": "azuresentinel.azure-sentinel-solution-azurekubernetes"
                },
                "author": {
                  "name": "Microsoft",
                  "email": "support@microsoft.com"
                },
                "support": {
                  "name": "Microsoft Corporation",
                  "email": "support@microsoft.com",
                  "tier": "Microsoft",
                  "link": "https://support.microsoft.com"
                }
              }
            }
          ]
        },
        "packageKind": "Solution",
        "packageVersion": "2.0.2",
        "packageName": "Azure Kubernetes Service (AKS)",
        "packageId": "azuresentinel.azure-sentinel-solution-azurekubernetes",
        "contentProductId": "azuresentinel.azure-sentinel-solution-azurekuberne-hq-dijx2qvufd7xy",
        "id": "azuresentinel.azure-sentinel-solution-azurekuberne-hq-dijx2qvufd7xy",
        "contentSchemaVersion": "3.0.0",
        "version": "1.0.0"
      }
    }
  ]
}