{
  "$schema": "https://schema.management.azure.com/schemas/2019-04-01/deploymentTemplate.json#",
  "contentVersion": "1.0.1",
  "parameters": {
    "location": {
      "type": "string",
      "minLength": 1,
      "defaultValue": "[resourceGroup().location]",
      "metadata": {
        "description": "Not used, but needed to pass arm-ttk test `Location-Should-Not-Be-Hardcoded`.  We instead use the `workspace-location` which is derived from the LA workspace"
      }
    },
    "workspace": {
      "defaultValue": "",
      "type": "string",
      "metadata": {
        "description": "Workspace name for Log Analytics where Microsoft Sentinel is setup"
      }
    },
    "workspace-location": {
      "type": "string",
      "defaultValue": "",
      "metadata": {
        "description": "[concat('Region to deploy solution resources -- separate from location selection',parameters('location'))]"
      }
    }
  },
  "resources": [
    {
      "type": "Microsoft.OperationalInsights/workspaces/providers/contentTemplates",
      "name": "[concat(parameters('workspace'),'/Microsoft.SecurityInsights/',concat(concat(parameters('workspace'),'-hq-',uniquestring('0b827a49-427e-4721-b05e-b151a8af524e')),'1.0.1'))]",
      "location": "[parameters('workspace-location')]",
      "apiVersion": "2023-04-01-preview",
      "dependsOn": [
        "[extensionResourceId(resourceId('Microsoft.OperationalInsights/workspaces', parameters('workspace')), 'Microsoft.SecurityInsights/contentPackages', 'azuresentinel.azure-sentinel-solution-endpointthreat')]"
      ],
      "properties": {
        "contentId": "0b827a49-427e-4721-b05e-b151a8af524e",
        "displayName": "Scheduled Task Creation or Update from User Writable Directory",
        "contentKind": "HuntingQuery",
        "mainTemplate": {
          "$schema": "https://schema.management.azure.com/schemas/2019-04-01/deploymentTemplate.json#",
          "contentVersion": "1.0.1",
          "parameters": {},
          "variables": {},
          "resources": [
            {
              "type": "Microsoft.OperationalInsights/savedSearches",
              "apiVersion": "2020-08-01",
              "name": "Endpoint_Threat_Protection_Essentials_Hunting_Query_8",
              "location": "[parameters('workspace-location')]",
              "properties": {
                "eTag": "*",
                "displayName": "Scheduled Task Creation or Update from User Writable Directory",
                "category": "Hunting Queries",
                "query": "// Enter a reference list for writable user paths\nlet WritableUserPaths = dynamic ([\"\\\"C:\\\\Users\\\\\",\"\\\"C:\\\\ProgramData\\\\\"]);\nSecurityEvent\n| where EventID in (4698,4702) and EventData has_any (WritableUserPaths)\n| parse EventData with * 'Command&gt;' Command \"&lt\" *\n| parse EventData with * 'Arguments&gt;' Arguments \"&lt\" *\n| where Command has_any (WritableUserPaths) or Arguments has_any (WritableUserPaths)\n| parse EventData with * 'SubjectUserName\">' SubjectUserName \"<\" * 'SubjectDomainName\">' SubjectDomainName \"<\" * 'TaskName\">' TaskName \"<\" *\n| summarize StartTime = min(TimeGenerated), EndTime = max(TimeGenerated) by Activity, Computer, SubjectUserName, SubjectDomainName, TaskName, Command, Arguments\n| extend CommandLine = strcat(split(Command, '\\\\')[-1], ' ', Arguments)\n| extend HostName = tostring(split(Computer, '.', 0)[0]), DnsDomain = tostring(strcat_array(array_slice(split(Computer, '.'), 1, -1), '.'))\n| extend Account_0_Name = SubjectUserName\n| extend Account_0_NTDomain = SubjectDomainName\n| extend Host_0_HostName = HostName\n| extend Host_0_DnsDomain = DnsDomain\n| extend Process_0_CommandLine = CommandLine\n",
                "version": 2,
                "tags": [
                  {
                    "name": "description",
                    "value": "This query triggers when a scheduled task is created or updated and it is going to run programs from writable user paths.\nRef: https://blog.menasec.net/2019/03/threat-hunting-25-scheduled-tasks-for.html"
                  },
                  {
                    "name": "tactics",
                    "value": "Execution"
                  },
                  {
                    "name": "techniques",
                    "value": "T1053.005"
                  }
                ]
              }
            },
            {
              "type": "Microsoft.OperationalInsights/workspaces/providers/metadata",
              "apiVersion": "2022-01-01-preview",
              "name": "[concat(parameters('workspace'),'/Microsoft.SecurityInsights/',concat('HuntingQuery-', last(split(resourceId('Microsoft.OperationalInsights/savedSearches', '0b827a49-427e-4721-b05e-b151a8af524e'),'/'))))]",
              "properties": {
                "description": "Endpoint Threat Protection Essentials Hunting Query 8",
                "parentId": "[resourceId('Microsoft.OperationalInsights/savedSearches', '0b827a49-427e-4721-b05e-b151a8af524e')]",
                "contentId": "0b827a49-427e-4721-b05e-b151a8af524e",
                "kind": "HuntingQuery",
                "version": "1.0.1",
                "source": {
                  "kind": "Solution",
                  "name": "Endpoint Threat Protection Essentials",
                  "sourceId": "azuresentinel.azure-sentinel-solution-endpointthreat"
                },
                "author": {
                  "name": "Microsoft",
                  "email": "support@microsoft.com"
                },
                "support": {
                  "name": "Microsoft Corporation",
                  "email": "support@microsoft.com",
                  "tier": "Microsoft",
                  "link": "https://support.microsoft.com"
                }
              }
            }
          ]
        },
        "packageKind": "Solution",
        "packageVersion": "2.0.2",
        "packageName": "Endpoint Threat Protection Essentials",
        "packageId": "azuresentinel.azure-sentinel-solution-endpointthreat",
        "contentProductId": "azuresentinel.azure-sentinel-solution-endpointthre-hq-xwscz7f7xcaea",
        "id": "azuresentinel.azure-sentinel-solution-endpointthre-hq-xwscz7f7xcaea",
        "contentSchemaVersion": "3.0.0",
        "version": "1.0.1"
      }
    }
  ]
}