{
  "$schema": "https://schema.management.azure.com/schemas/2019-04-01/deploymentTemplate.json#",
  "contentVersion": "1.0.0",
  "parameters": {
    "location": {
      "type": "string",
      "minLength": 1,
      "defaultValue": "[resourceGroup().location]",
      "metadata": {
        "description": "Not used, but needed to pass arm-ttk test `Location-Should-Not-Be-Hardcoded`.  We instead use the `workspace-location` which is derived from the LA workspace"
      }
    },
    "workspace": {
      "defaultValue": "",
      "type": "string",
      "metadata": {
        "description": "Workspace name for Log Analytics where Microsoft Sentinel is setup"
      }
    },
    "workspace-location": {
      "type": "string",
      "defaultValue": "",
      "metadata": {
        "description": "[concat('Region to deploy solution resources -- separate from location selection',parameters('location'))]"
      }
    }
  },
  "resources": [
    {
      "type": "Microsoft.OperationalInsights/workspaces/providers/contentTemplates",
      "name": "[concat(parameters('workspace'),'/Microsoft.SecurityInsights/',concat(concat(parameters('workspace'),'-dc-',uniquestring('CefAma')),'1.0.0'))]",
      "location": "[parameters('workspace-location')]",
      "apiVersion": "2023-04-01-preview",
      "dependsOn": [
        "[extensionResourceId(resourceId('Microsoft.OperationalInsights/workspaces', parameters('workspace')), 'Microsoft.SecurityInsights/contentPackages', 'azuresentinel.azure-sentinel-solution-commoneventformat')]"
      ],
      "properties": {
        "contentId": "CefAma",
        "displayName": "Common Event Format (CEF) via AMA",
        "contentKind": "DataConnector",
        "mainTemplate": {
          "$schema": "https://schema.management.azure.com/schemas/2019-04-01/deploymentTemplate.json#",
          "contentVersion": "1.0.0",
          "parameters": {},
          "variables": {},
          "resources": [
            {
              "name": "[concat(parameters('workspace'),'/Microsoft.SecurityInsights/','CefAma')]",
              "apiVersion": "2021-03-01-preview",
              "type": "Microsoft.OperationalInsights/workspaces/providers/dataConnectors",
              "location": "[parameters('workspace-location')]",
              "kind": "StaticUI",
              "properties": {
                "connectorUiConfig": {
                  "id": "CefAma",
                  "title": "Common Event Format (CEF) via AMA",
                  "publisher": "Microsoft",
                  "descriptionMarkdown": "Common Event Format (CEF) is an industry standard format on top of Syslog messages, used by many security vendors to allow event interoperability among different platforms. By connecting your CEF logs to Microsoft Sentinel, you can take advantage of search & correlation, alerting, and threat intelligence enrichment for each log. For more information, see the [Microsoft Sentinel documentation](https://go.microsoft.com/fwlink/p/?linkid=2223547&wt.mc_id=sentinel_dataconnectordocs_content_cnl_csasci).",
                  "graphQueries": [
                    {
                      "metricName": "Total data received",
                      "legend": "CommonSecurityLog",
                      "baseQuery": "CommonSecurityLog"
                    }
                  ],
                  "connectivityCriterias": [
                    {
                      "type": "CommonSecurityEvents",
                      "value": null
                    }
                  ],
                  "dataTypes": [
                    {
                      "name": "CommonSecurityLog",
                      "lastDataReceivedQuery": "CommonSecurityLog\n            | summarize Time = max(TimeGenerated)\n            | where isnotempty(Time)"
                    }
                  ]
                }
              }
            },
            {
              "type": "Microsoft.OperationalInsights/workspaces/providers/metadata",
              "apiVersion": "2022-01-01-preview",
              "name": "[concat(parameters('workspace'),'/Microsoft.SecurityInsights/',concat('DataConnector-', last(split(extensionResourceId(resourceId('Microsoft.OperationalInsights/workspaces', parameters('workspace')), 'Microsoft.SecurityInsights/dataConnectors', 'CefAma'),'/'))))]",
              "properties": {
                "parentId": "[extensionResourceId(resourceId('Microsoft.OperationalInsights/workspaces', parameters('workspace')), 'Microsoft.SecurityInsights/dataConnectors', 'CefAma')]",
                "contentId": "CefAma",
                "kind": "DataConnector",
                "version": "1.0.0",
                "source": {
                  "kind": "Solution",
                  "name": "Common Event Format",
                  "sourceId": "azuresentinel.azure-sentinel-solution-commoneventformat"
                },
                "author": {
                  "name": "Microsoft",
                  "email": "support@microsoft.com"
                },
                "support": {
                  "tier": "Microsoft",
                  "name": "Microsoft Corporation",
                  "link": "https://support.microsoft.com",
                  "email": "support@microsoft.com"
                }
              }
            }
          ]
        },
        "packageKind": "Solution",
        "packageVersion": "2.0.2",
        "packageName": "Common Event Format",
        "packageId": "azuresentinel.azure-sentinel-solution-commoneventformat",
        "contentProductId": "azuresentinel.azure-sentinel-solution-commoneventf-dc-zh6jxy6yyd5ei",
        "id": "azuresentinel.azure-sentinel-solution-commoneventf-dc-zh6jxy6yyd5ei",
        "contentSchemaVersion": "3.0.0",
        "version": "1.0.0"
      }
    }
  ]
}