{
  "$schema": "https://schema.management.azure.com/schemas/2019-04-01/deploymentTemplate.json#",
  "contentVersion": "1.1.2",
  "parameters": {
    "location": {
      "type": "string",
      "minLength": 1,
      "defaultValue": "[resourceGroup().location]",
      "metadata": {
        "description": "Not used, but needed to pass arm-ttk test `Location-Should-Not-Be-Hardcoded`.  We instead use the `workspace-location` which is derived from the LA workspace"
      }
    },
    "workspace": {
      "defaultValue": "",
      "type": "string",
      "metadata": {
        "description": "Workspace name for Log Analytics where Microsoft Sentinel is setup"
      }
    },
    "workspace-location": {
      "type": "string",
      "defaultValue": "",
      "metadata": {
        "description": "[concat('Region to deploy solution resources -- separate from location selection',parameters('location'))]"
      }
    }
  },
  "resources": [
    {
      "type": "Microsoft.OperationalInsights/workspaces/providers/contentTemplates",
      "name": "[concat(parameters('workspace'),'/Microsoft.SecurityInsights/',concat(concat(parameters('workspace'),'-ar-',uniquestring('ca67c83e-7fff-4127-a3e3-1af66d6d4cad')),'1.1.2'))]",
      "location": "[parameters('workspace-location')]",
      "apiVersion": "2023-04-01-preview",
      "dependsOn": [
        "[extensionResourceId(resourceId('Microsoft.OperationalInsights/workspaces', parameters('workspace')), 'Microsoft.SecurityInsights/contentPackages', 'azuresentinel.azure-sentinel-solution-endpointthreat')]"
      ],
      "properties": {
        "contentId": "ca67c83e-7fff-4127-a3e3-1af66d6d4cad",
        "displayName": "Base64 encoded Windows process command-lines",
        "contentKind": "AnalyticsRule",
        "mainTemplate": {
          "$schema": "https://schema.management.azure.com/schemas/2019-04-01/deploymentTemplate.json#",
          "contentVersion": "1.1.2",
          "parameters": {},
          "variables": {},
          "resources": [
            {
              "type": "Microsoft.SecurityInsights/AlertRuleTemplates",
              "name": "ca67c83e-7fff-4127-a3e3-1af66d6d4cad",
              "apiVersion": "2022-04-01-preview",
              "kind": "Scheduled",
              "location": "[parameters('workspace-location')]",
              "properties": {
                "description": "Identifies instances of a base64 encoded PE file header seen in the process command line parameter.",
                "displayName": "Base64 encoded Windows process command-lines",
                "enabled": false,
                "query": "let ProcessCreationEvents=() {\nlet processEvents=(union isfuzzy=true\n(SecurityEvent\n| where EventID==4688\n| where isnotempty(CommandLine)\n| summarize StartTimeUtc = min(TimeGenerated), EndTimeUtc = max(TimeGenerated), count() by Computer, Account = SubjectUserName, AccountDomain = SubjectDomainName,\nFileName = Process, CommandLine, ParentProcessName\n),\n(WindowsEvent\n| where EventID==4688\n| where EventData has \"TVqQAAMAAAAEAAA\"\n| extend CommandLine = tostring(EventData.CommandLine)\n| where isnotempty(CommandLine)\n| extend ParentProcessName = tostring(EventData.ParentProcessName)\n| extend NewProcessName = tostring(EventData.NewProcessName)\n| extend Process=tostring(split(NewProcessName, '\\\\')[-1])\n| extend SubjectUserName = tostring(EventData.SubjectUserName)\n| extend SubjectDomainName = tostring(EventData.SubjectDomainName)\n| summarize StartTimeUtc = min(TimeGenerated), EndTimeUtc = max(TimeGenerated), count() by Computer, Account = SubjectUserName, AccountDomain = SubjectDomainName,\nFileName = Process, CommandLine, ParentProcessName));\nprocessEvents};\nProcessCreationEvents\n| where CommandLine contains \"TVqQAAMAAAAEAAA\"\n| extend timestamp = StartTimeUtc, AccountCustomEntity = Account, HostCustomEntity = Computer\n",
                "queryFrequency": "P1D",
                "queryPeriod": "P1D",
                "severity": "Medium",
                "suppressionDuration": "PT1H",
                "suppressionEnabled": false,
                "triggerOperator": "GreaterThan",
                "triggerThreshold": 0,
                "status": "Available",
                "requiredDataConnectors": [
                  {
                    "dataTypes": [
                      "SecurityEvent"
                    ],
                    "connectorId": "SecurityEvents"
                  },
                  {
                    "dataTypes": [
                      "SecurityEvent"
                    ],
                    "connectorId": "WindowsSecurityEvents"
                  },
                  {
                    "dataTypes": [
                      "SecurityEvents"
                    ],
                    "connectorId": "WindowsSecurityEvents"
                  },
                  {
                    "dataTypes": [
                      "WindowsEvent"
                    ],
                    "connectorId": "WindowsForwardedEvents"
                  }
                ],
                "tactics": [
                  "Execution",
                  "DefenseEvasion"
                ],
                "techniques": [
                  "T1059",
                  "T1027",
                  "T1140"
                ],
                "entityMappings": [
                  {
                    "entityType": "Account",
                    "fieldMappings": [
                      {
                        "identifier": "FullName",
                        "columnName": "AccountCustomEntity"
                      }
                    ]
                  },
                  {
                    "entityType": "Host",
                    "fieldMappings": [
                      {
                        "identifier": "FullName",
                        "columnName": "HostCustomEntity"
                      }
                    ]
                  }
                ]
              }
            },
            {
              "type": "Microsoft.OperationalInsights/workspaces/providers/metadata",
              "apiVersion": "2022-01-01-preview",
              "name": "[concat(parameters('workspace'),'/Microsoft.SecurityInsights/',concat('AnalyticsRule-', last(split(resourceId('Microsoft.SecurityInsights/AlertRuleTemplates', 'ca67c83e-7fff-4127-a3e3-1af66d6d4cad'),'/'))))]",
              "properties": {
                "description": "Endpoint Threat Protection Essentials Analytics Rule 1",
                "parentId": "[resourceId('Microsoft.SecurityInsights/AlertRuleTemplates', 'ca67c83e-7fff-4127-a3e3-1af66d6d4cad')]",
                "contentId": "ca67c83e-7fff-4127-a3e3-1af66d6d4cad",
                "kind": "AnalyticsRule",
                "version": "1.1.2",
                "source": {
                  "kind": "Solution",
                  "name": "Endpoint Threat Protection Essentials",
                  "sourceId": "azuresentinel.azure-sentinel-solution-endpointthreat"
                },
                "author": {
                  "name": "Microsoft",
                  "email": "support@microsoft.com"
                },
                "support": {
                  "name": "Microsoft Corporation",
                  "email": "support@microsoft.com",
                  "tier": "Microsoft",
                  "link": "https://support.microsoft.com"
                }
              }
            }
          ]
        },
        "packageKind": "Solution",
        "packageVersion": "2.0.1",
        "packageName": "Endpoint Threat Protection Essentials",
        "packageId": "azuresentinel.azure-sentinel-solution-endpointthreat",
        "contentProductId": "azuresentinel.azure-sentinel-solution-endpointthre-ar-36htr7xkkdgpw",
        "id": "azuresentinel.azure-sentinel-solution-endpointthre-ar-36htr7xkkdgpw",
        "contentSchemaVersion": "3.0.0",
        "version": "1.1.2"
      }
    }
  ]
}