{
  "$schema": "https://schema.management.azure.com/schemas/2019-04-01/deploymentTemplate.json#",
  "contentVersion": "1.0.2",
  "parameters": {
    "location": {
      "type": "string",
      "minLength": 1,
      "defaultValue": "[resourceGroup().location]",
      "metadata": {
        "description": "Not used, but needed to pass arm-ttk test `Location-Should-Not-Be-Hardcoded`.  We instead use the `workspace-location` which is derived from the LA workspace"
      }
    },
    "workspace": {
      "defaultValue": "",
      "type": "string",
      "metadata": {
        "description": "Workspace name for Log Analytics where Microsoft Sentinel is setup"
      }
    },
    "workspace-location": {
      "type": "string",
      "defaultValue": "",
      "metadata": {
        "description": "[concat('Region to deploy solution resources -- separate from location selection',parameters('location'))]"
      }
    }
  },
  "resources": [
    {
      "type": "Microsoft.OperationalInsights/workspaces/providers/contentTemplates",
      "name": "[concat(parameters('workspace'),'/Microsoft.SecurityInsights/',concat(concat(parameters('workspace'),'-ar-',uniquestring('4ab8b09e-3c23-4974-afbe-7e653779eb2b')),'1.0.2'))]",
      "location": "[parameters('workspace-location')]",
      "apiVersion": "2023-04-01-preview",
      "dependsOn": [
        "[extensionResourceId(resourceId('Microsoft.OperationalInsights/workspaces', parameters('workspace')), 'Microsoft.SecurityInsights/contentPackages', 'azuresentinel.azure-sentinel-solution-dns-domain')]"
      ],
      "properties": {
        "contentId": "4ab8b09e-3c23-4974-afbe-7e653779eb2b",
        "displayName": "Detect excessive NXDOMAIN DNS queries - Static threshold based (ASIM DNS Solution)",
        "contentKind": "AnalyticsRule",
        "mainTemplate": {
          "$schema": "https://schema.management.azure.com/schemas/2019-04-01/deploymentTemplate.json#",
          "contentVersion": "1.0.2",
          "parameters": {},
          "variables": {},
          "resources": [
            {
              "type": "Microsoft.SecurityInsights/AlertRuleTemplates",
              "name": "4ab8b09e-3c23-4974-afbe-7e653779eb2b",
              "apiVersion": "2022-04-01-preview",
              "kind": "Scheduled",
              "location": "[parameters('workspace-location')]",
              "properties": {
                "description": "This rule generates an alert when the configured threshold for DNS queries to non-existent domains is breached. This helps in identifying possible C2 communications. It utilizes [ASIM](https://aka.ms/AboutASIM) normalization and is applied to any source that supports the ASIM DNS schema.",
                "displayName": "Detect excessive NXDOMAIN DNS queries - Static threshold based (ASIM DNS Solution)",
                "enabled": false,
                "query": "let lookback = 1h;\nlet threshold = 200;\n_Im_Dns(starttime=ago(lookback), responsecodename='NXDOMAIN')\n| summarize NXDOMAINCount=count() by SrcIpAddr, bin(TimeGenerated, 15m)\n| where NXDOMAINCount > threshold\n| join kind=inner (_Im_Dns(starttime=ago(lookback), responsecodename='NXDOMAIN')\n  | summarize DNSQueries = makeset(DnsQuery) by SrcIpAddr)\n  on SrcIpAddr\n| extend NXDOMAINthreshold=threshold\n| project-away SrcIpAddr1\n",
                "queryFrequency": "PT1H",
                "queryPeriod": "PT1H",
                "severity": "Medium",
                "suppressionDuration": "PT1H",
                "suppressionEnabled": false,
                "triggerOperator": "GreaterThan",
                "triggerThreshold": 0,
                "status": "Available",
                "tactics": [
                  "CommandAndControl"
                ],
                "techniques": [
                  "T1568",
                  "T1008"
                ],
                "entityMappings": [
                  {
                    "fieldMappings": [
                      {
                        "identifier": "Address",
                        "columnName": "SrcIpAddr"
                      }
                    ],
                    "entityType": "IP"
                  }
                ],
                "eventGroupingSettings": {
                  "aggregationKind": "AlertPerResult"
                },
                "customDetails": {
                  "DNSQueries": "DNSQueries",
                  "NXDOMAINthreshold": "NXDOMAINthreshold",
                  "NXDOMAINCount": "NXDOMAINCount"
                },
                "alertDetailsOverride": {
                  "alertDescriptionFormat": "Client is generating excessive amount of DNS queries for non-existent domains. This can be an indication of possible C2 communications. \n\n'NXDOMAIN' error count threshold: '{{NXDOMAINthreshold}}'\n\nCurrent 'NXDOMAIN' error count from this client: '{{NXDOMAINCount}}'\n\nDNS queries requested by the client include:\n\n'{{DNSQueries}}'",
                  "alertDisplayNameFormat": "[Static threshold] Excessive NXDOMAIN DNS Queries has been detected from client IP: '{{SrcIpAddr}}'"
                }
              }
            },
            {
              "type": "Microsoft.OperationalInsights/workspaces/providers/metadata",
              "apiVersion": "2022-01-01-preview",
              "name": "[concat(parameters('workspace'),'/Microsoft.SecurityInsights/',concat('AnalyticsRule-', last(split(resourceId('Microsoft.SecurityInsights/AlertRuleTemplates', '4ab8b09e-3c23-4974-afbe-7e653779eb2b'),'/'))))]",
              "properties": {
                "description": "DNS Essentials Analytics Rule 2",
                "parentId": "[resourceId('Microsoft.SecurityInsights/AlertRuleTemplates', '4ab8b09e-3c23-4974-afbe-7e653779eb2b')]",
                "contentId": "4ab8b09e-3c23-4974-afbe-7e653779eb2b",
                "kind": "AnalyticsRule",
                "version": "1.0.2",
                "source": {
                  "kind": "Solution",
                  "name": "DNS Essentials",
                  "sourceId": "azuresentinel.azure-sentinel-solution-dns-domain"
                },
                "author": {
                  "name": "Microsoft",
                  "email": "support@microsoft.com"
                },
                "support": {
                  "name": "Microsoft Corporation",
                  "email": "support@microsoft.com",
                  "tier": "Microsoft",
                  "link": "https://support.microsoft.com"
                }
              }
            }
          ]
        },
        "packageKind": "Solution",
        "packageVersion": "2.0.2",
        "packageName": "DNS Essentials",
        "packageId": "azuresentinel.azure-sentinel-solution-dns-domain",
        "contentProductId": "azuresentinel.azure-sentinel-solution-dns-domain-ar-26u33ev5ylooe",
        "id": "azuresentinel.azure-sentinel-solution-dns-domain-ar-26u33ev5ylooe",
        "contentSchemaVersion": "3.0.0",
        "version": "1.0.2"
      }
    }
  ]
}