{
  "$schema": "https://schema.management.azure.com/schemas/2019-04-01/deploymentTemplate.json#",
  "contentVersion": "1.0.3",
  "parameters": {
    "location": {
      "type": "string",
      "minLength": 1,
      "defaultValue": "[resourceGroup().location]",
      "metadata": {
        "description": "Not used, but needed to pass arm-ttk test `Location-Should-Not-Be-Hardcoded`.  We instead use the `workspace-location` which is derived from the LA workspace"
      }
    },
    "workspace": {
      "defaultValue": "",
      "type": "string",
      "metadata": {
        "description": "Workspace name for Log Analytics where Microsoft Sentinel is setup"
      }
    },
    "workspace-location": {
      "type": "string",
      "defaultValue": "",
      "metadata": {
        "description": "[concat('Region to deploy solution resources -- separate from location selection',parameters('location'))]"
      }
    }
  },
  "resources": [
    {
      "type": "Microsoft.OperationalInsights/workspaces/providers/contentTemplates",
      "name": "[concat(parameters('workspace'),'/Microsoft.SecurityInsights/',concat(concat(parameters('workspace'),'-ar-',uniquestring('65c78944-930b-4cae-bd79-c3664ae30ba7')),'1.0.3'))]",
      "location": "[parameters('workspace-location')]",
      "apiVersion": "2023-04-01-preview",
      "dependsOn": [
        "[extensionResourceId(resourceId('Microsoft.OperationalInsights/workspaces', parameters('workspace')), 'Microsoft.SecurityInsights/contentPackages', 'azuresentinel.azure-sentinel-solution-cloudthreatdetection')]"
      ],
      "properties": {
        "contentId": "65c78944-930b-4cae-bd79-c3664ae30ba7",
        "displayName": "MFA disabled for a user",
        "contentKind": "AnalyticsRule",
        "mainTemplate": {
          "$schema": "https://schema.management.azure.com/schemas/2019-04-01/deploymentTemplate.json#",
          "contentVersion": "1.0.3",
          "parameters": {},
          "variables": {},
          "resources": [
            {
              "type": "Microsoft.SecurityInsights/AlertRuleTemplates",
              "name": "65c78944-930b-4cae-bd79-c3664ae30ba7",
              "apiVersion": "2022-04-01-preview",
              "kind": "Scheduled",
              "location": "[parameters('workspace-location')]",
              "properties": {
                "description": "Multi-Factor Authentication (MFA) helps prevent credential compromise. This alert identifies when an attempt has been made to disable MFA for a user ",
                "displayName": "MFA disabled for a user",
                "enabled": false,
                "query": "(union isfuzzy=true\n(AuditLogs\n| where OperationName =~ \"Disable Strong Authentication\"\n| extend IPAddress = tostring(parse_json(tostring(InitiatedBy.user)).ipAddress)\n| extend InitiatedByUser = iff(isnotempty(tostring(parse_json(tostring(InitiatedBy.user)).userPrincipalName)),\n tostring(parse_json(tostring(InitiatedBy.user)).userPrincipalName), tostring(parse_json(tostring(InitiatedBy.app)).displayName))\n| extend Targetprop = todynamic(TargetResources)\n| extend TargetUser = tostring(Targetprop[0].userPrincipalName)\n| summarize StartTimeUtc = min(TimeGenerated), EndTimeUtc = max(TimeGenerated) by User = TargetUser, InitiatedByUser , Operation = OperationName , CorrelationId, IPAddress, Category, Source = SourceSystem , AADTenantId, Type\n),\n(AWSCloudTrail\n| where EventName in~ (\"DeactivateMFADevice\", \"DeleteVirtualMFADevice\")\n| extend InstanceProfileName = tostring(parse_json(RequestParameters).InstanceProfileName)\n| extend TargetUser = tostring(parse_json(RequestParameters).userName)\n| summarize StartTimeUtc = min(TimeGenerated), EndTimeUtc = max(TimeGenerated) by User = TargetUser, Source = EventSource , Operation = EventName , TenantorInstance_Detail = InstanceProfileName, IPAddress = SourceIpAddress\n)\n)\n| extend timestamp = StartTimeUtc, AccountCustomEntity = User, IPCustomEntity = IPAddress\n",
                "queryFrequency": "PT1H",
                "queryPeriod": "PT1H",
                "severity": "Medium",
                "suppressionDuration": "PT1H",
                "suppressionEnabled": false,
                "triggerOperator": "GreaterThan",
                "triggerThreshold": 0,
                "status": "Available",
                "requiredDataConnectors": [
                  {
                    "dataTypes": [
                      "AuditLogs"
                    ],
                    "connectorId": "AzureActiveDirectory"
                  },
                  {
                    "dataTypes": [
                      "AWSCloudTrail"
                    ],
                    "connectorId": "AWS"
                  }
                ],
                "tactics": [
                  "CredentialAccess",
                  "Persistence"
                ],
                "techniques": [
                  "T1098",
                  "T1556"
                ],
                "entityMappings": [
                  {
                    "entityType": "Account",
                    "fieldMappings": [
                      {
                        "columnName": "AccountCustomEntity",
                        "identifier": "FullName"
                      }
                    ]
                  },
                  {
                    "entityType": "IP",
                    "fieldMappings": [
                      {
                        "columnName": "IPCustomEntity",
                        "identifier": "Address"
                      }
                    ]
                  }
                ]
              }
            },
            {
              "type": "Microsoft.OperationalInsights/workspaces/providers/metadata",
              "apiVersion": "2022-01-01-preview",
              "name": "[concat(parameters('workspace'),'/Microsoft.SecurityInsights/',concat('AnalyticsRule-', last(split(resourceId('Microsoft.SecurityInsights/AlertRuleTemplates', '65c78944-930b-4cae-bd79-c3664ae30ba7'),'/'))))]",
              "properties": {
                "description": "Cloud Identity Threat Protection Essentials Analytics Rule 1",
                "parentId": "[resourceId('Microsoft.SecurityInsights/AlertRuleTemplates', '65c78944-930b-4cae-bd79-c3664ae30ba7')]",
                "contentId": "65c78944-930b-4cae-bd79-c3664ae30ba7",
                "kind": "AnalyticsRule",
                "version": "1.0.3",
                "source": {
                  "kind": "Solution",
                  "name": "Cloud Identity Threat Protection Essentials",
                  "sourceId": "azuresentinel.azure-sentinel-solution-cloudthreatdetection"
                },
                "author": {
                  "name": "Microsoft",
                  "email": "support@microsoft.com"
                },
                "support": {
                  "name": "Microsoft Corporation",
                  "email": "support@microsoft.com",
                  "tier": "Microsoft",
                  "link": "https://support.microsoft.com"
                }
              }
            }
          ]
        },
        "packageKind": "Solution",
        "packageVersion": "2.0.1",
        "packageName": "Cloud Identity Threat Protection Essentials",
        "packageId": "azuresentinel.azure-sentinel-solution-cloudthreatdetection",
        "contentProductId": "azuresentinel.azure-sentinel-solution-cloudthreatd-ar-74c53dnw63hca",
        "id": "azuresentinel.azure-sentinel-solution-cloudthreatd-ar-74c53dnw63hca",
        "contentSchemaVersion": "3.0.0",
        "version": "1.0.3"
      }
    }
  ]
}