{
  "$schema": "https://schema.management.azure.com/schemas/2019-04-01/deploymentTemplate.json#",
  "contentVersion": "1.0.0",
  "parameters": {
    "location": {
      "type": "string",
      "minLength": 1,
      "defaultValue": "[resourceGroup().location]",
      "metadata": {
        "description": "Not used, but needed to pass arm-ttk test `Location-Should-Not-Be-Hardcoded`.  We instead use the `workspace-location` which is derived from the LA workspace"
      }
    },
    "workspace": {
      "defaultValue": "",
      "type": "string",
      "metadata": {
        "description": "Workspace name for Log Analytics where Microsoft Sentinel is setup"
      }
    },
    "workspace-location": {
      "type": "string",
      "defaultValue": "",
      "metadata": {
        "description": "[concat('Region to deploy solution resources -- separate from location selection',parameters('location'))]"
      }
    }
  },
  "resources": [
    {
      "type": "Microsoft.OperationalInsights/workspaces/providers/contentTemplates",
      "name": "[concat(parameters('workspace'),'/Microsoft.SecurityInsights/',concat(concat(parameters('workspace'),'-hq-',uniquestring('50f0cdfb-8b01-4eca-823d-2bbe6b8a5b95')),'1.0.0'))]",
      "location": "[parameters('workspace-location')]",
      "apiVersion": "2023-04-01-preview",
      "dependsOn": [
        "[extensionResourceId(resourceId('Microsoft.OperationalInsights/workspaces', parameters('workspace')), 'Microsoft.SecurityInsights/contentPackages', 'azuresentinel.azure-sentinel-solution-dns-domain')]"
      ],
      "properties": {
        "contentId": "50f0cdfb-8b01-4eca-823d-2bbe6b8a5b95",
        "displayName": "[Anomaly] Anomalous Increase in DNS activity by clients (ASIM DNS Solution)",
        "contentKind": "HuntingQuery",
        "mainTemplate": {
          "$schema": "https://schema.management.azure.com/schemas/2019-04-01/deploymentTemplate.json#",
          "contentVersion": "1.0.0",
          "parameters": {},
          "variables": {},
          "resources": [
            {
              "type": "Microsoft.OperationalInsights/savedSearches",
              "apiVersion": "2020-08-01",
              "name": "DNS_Essentials_Hunting_Query_1",
              "location": "[parameters('workspace-location')]",
              "properties": {
                "eTag": "*",
                "displayName": "[Anomaly] Anomalous Increase in DNS activity by clients (ASIM DNS Solution)",
                "category": "Hunting Queries",
                "query": "let threshold = 2.5;\nlet min_t = ago(14d);\nlet max_t = now();\nlet dt = 1d;\n// calculate avg. eps(events per second)\nlet eps = materialize (_Im_Dns\n  | project TimeGenerated\n  | where TimeGenerated > ago(5m)\n  | count\n  | extend Count = Count / 300);\nlet maxSummarizedTime = toscalar (\n  union isfuzzy=true \n      (\n      DNS_Summarized_Logs_ip_CL \n      | where EventTime_t >= min_t\n      | summarize max_TimeGenerated=max(EventTime_t)\n      | extend max_TimeGenerated = datetime_add('hour', 1, max_TimeGenerated)\n      ),\n      (\n      print(min_t)\n      | project max_TimeGenerated = print_0\n      )\n  | summarize maxTimeGenerated = max(max_TimeGenerated) \n  );\nlet summarizationexist = materialize(\n  union isfuzzy=true \n      (\n      DNS_Summarized_Logs_ip_CL\n      | where EventTime_t > ago(1d) \n      | project v = int(2)\n      ),\n      (\n      print int(1) \n      | project v = print_0\n      )\n  | summarize maxv = max(v)\n  | extend sumexist = (maxv > 1)\n  );\nlet allData = union isfuzzy=true\n      (\n      (datatable(exists: int, sumexist: bool)[1, false]\n      | where toscalar(eps) > 1000\n      | join (summarizationexist) on sumexist)\n      | join (\n          _Im_Dns(starttime=todatetime(ago(2d)), endtime=now())\n          | where TimeGenerated > maxSummarizedTime and isnotempty(SrcIpAddr)\n          | summarize Count=count() by SrcIpAddr, bin(TimeGenerated, 1h)\n          | extend EventTime = TimeGenerated, Count = toint(Count), exists=int(1)\n          )\n          on exists\n      | project-away exists, maxv, sum*\n      ),\n      (\n      (datatable(exists: int, sumexist: bool)[1, false]\n      | where toscalar(eps) between (501 .. 1000)\n      | join (summarizationexist) on sumexist)\n      | join (\n          _Im_Dns(starttime=todatetime(ago(3d)), endtime=now())\n          | where TimeGenerated > maxSummarizedTime and isnotempty(SrcIpAddr)\n          | summarize Count=count() by SrcIpAddr, bin(TimeGenerated, 1h)\n          | extend EventTime = TimeGenerated, Count = toint(Count), exists=int(1)\n          )\n          on exists\n      | project-away exists, maxv, sum*\n      ),\n      (\n      (datatable(exists: int, sumexist: bool)[1, false]\n      | where toscalar(eps) <= 500\n      | join (summarizationexist) on sumexist)\n      | join (\n          _Im_Dns(starttime=todatetime(ago(4d)), endtime=now())\n          | where TimeGenerated > maxSummarizedTime and isnotempty(SrcIpAddr)\n          | summarize Count=count() by SrcIpAddr, bin(TimeGenerated, 1h)\n          | extend EventTime = TimeGenerated, Count = toint(Count), exists=int(1)\n          )\n          on exists\n      | project-away exists, maxv, sum*\n      ),\n      (\n      DNS_Summarized_Logs_ip_CL\n      | where EventTime_t > min_t and isnotempty(SrcIpAddr_s)\n      | summarize Count=toint(sum(count__d)) by SrcIpAddr=SrcIpAddr_s, bin(EventTime=EventTime_t, 1h)\n      );\nallData\n| make-series TotalEventCountPerDay= sum(Count) on EventTime from min_t to max_t step dt by SrcIpAddr\n| extend (anomalies, score, baseline) = series_decompose_anomalies(TotalEventCountPerDay, threshold, -1, 'linefit')\n| mv-expand anomalies, score, baseline, EventTime, TotalEventCountPerDay\n| extend\n  anomalies = toint(anomalies),\n  score = toint(score),\n  baseline = toint(baseline),\n  EventTime = todatetime(EventTime),\n  TotalEvents = tolong(TotalEventCountPerDay)\n| where EventTime >= ago(dt)\n| where score >= threshold * 2\n| order by score\n| extend IP_0_Address = SrcIpAddr\n",
                "version": 2,
                "tags": [
                  {
                    "name": "description",
                    "value": "Checks for an anomalous increase in DNS activity per client in the last 24 hours as compared to the last 14 days. Please note: To enhance performance, this query uses summarized data if available."
                  },
                  {
                    "name": "tactics",
                    "value": "CommandAndControl"
                  },
                  {
                    "name": "techniques",
                    "value": "T1568,T1008,T1048"
                  }
                ]
              }
            },
            {
              "type": "Microsoft.OperationalInsights/workspaces/providers/metadata",
              "apiVersion": "2022-01-01-preview",
              "name": "[concat(parameters('workspace'),'/Microsoft.SecurityInsights/',concat('HuntingQuery-', last(split(resourceId('Microsoft.OperationalInsights/savedSearches', '50f0cdfb-8b01-4eca-823d-2bbe6b8a5b95'),'/'))))]",
              "properties": {
                "description": "DNS Essentials Hunting Query 1",
                "parentId": "[resourceId('Microsoft.OperationalInsights/savedSearches', '50f0cdfb-8b01-4eca-823d-2bbe6b8a5b95')]",
                "contentId": "50f0cdfb-8b01-4eca-823d-2bbe6b8a5b95",
                "kind": "HuntingQuery",
                "version": "1.0.0",
                "source": {
                  "kind": "Solution",
                  "name": "DNS Essentials",
                  "sourceId": "azuresentinel.azure-sentinel-solution-dns-domain"
                },
                "author": {
                  "name": "Microsoft",
                  "email": "support@microsoft.com"
                },
                "support": {
                  "name": "Microsoft Corporation",
                  "email": "support@microsoft.com",
                  "tier": "Microsoft",
                  "link": "https://support.microsoft.com"
                }
              }
            }
          ]
        },
        "packageKind": "Solution",
        "packageVersion": "2.0.2",
        "packageName": "DNS Essentials",
        "packageId": "azuresentinel.azure-sentinel-solution-dns-domain",
        "contentProductId": "azuresentinel.azure-sentinel-solution-dns-domain-hq-t4mvrekcnxdyi",
        "id": "azuresentinel.azure-sentinel-solution-dns-domain-hq-t4mvrekcnxdyi",
        "contentSchemaVersion": "3.0.0",
        "version": "1.0.0"
      }
    }
  ]
}