{
  "$schema": "https://schema.management.azure.com/schemas/2019-04-01/deploymentTemplate.json#",
  "contentVersion": "1.0.0",
  "parameters": {
    "location": {
      "type": "string",
      "minLength": 1,
      "defaultValue": "[resourceGroup().location]",
      "metadata": {
        "description": "Not used, but needed to pass arm-ttk test `Location-Should-Not-Be-Hardcoded`.  We instead use the `workspace-location` which is derived from the LA workspace"
      }
    },
    "workspace": {
      "defaultValue": "",
      "type": "string",
      "metadata": {
        "description": "Workspace name for Log Analytics where Microsoft Sentinel is setup"
      }
    },
    "workspace-location": {
      "type": "string",
      "defaultValue": "",
      "metadata": {
        "description": "[concat('Region to deploy solution resources -- separate from location selection',parameters('location'))]"
      }
    }
  },
  "resources": [
    {
      "type": "Microsoft.OperationalInsights/workspaces/providers/contentTemplates",
      "name": "[concat(parameters('workspace'),'/Microsoft.SecurityInsights/',concat(concat(parameters('workspace'),'-hq-',uniquestring('74e8773c-dfa9-45ca-bb60-5d767303e5b3')),'1.0.0'))]",
      "location": "[parameters('workspace-location')]",
      "apiVersion": "2023-04-01-preview",
      "dependsOn": [
        "[extensionResourceId(resourceId('Microsoft.OperationalInsights/workspaces', parameters('workspace')), 'Microsoft.SecurityInsights/contentPackages', 'azuresentinel.azure-sentinel-solution-dns-domain')]"
      ],
      "properties": {
        "contentId": "74e8773c-dfa9-45ca-bb60-5d767303e5b3",
        "displayName": "Possible DNS Tunneling or Data Exfiltration Activity (ASIM DNS Solution)",
        "contentKind": "HuntingQuery",
        "mainTemplate": {
          "$schema": "https://schema.management.azure.com/schemas/2019-04-01/deploymentTemplate.json#",
          "contentVersion": "1.0.0",
          "parameters": {},
          "variables": {},
          "resources": [
            {
              "type": "Microsoft.OperationalInsights/savedSearches",
              "apiVersion": "2020-08-01",
              "name": "DNS_Essentials_Hunting_Query_7",
              "location": "[parameters('workspace-location')]",
              "properties": {
                "eTag": "*",
                "displayName": "Possible DNS Tunneling or Data Exfiltration Activity (ASIM DNS Solution)",
                "category": "Hunting Queries",
                "query": "// Setting URI length threshold count, shorter URI's may cause noise, change as needed\nlet lookback=1day;\nlet uriThreshold = 150;\nlet ExcludeDomains=dynamic([\"cnr.io\", \"kr0.io\", \"arcticwolf.net\", \"webcfs00.com\", \"barracudabrts.com\", \"trendmicro.com\", \"sophosxl.net\", \n\"spotify.com\", \"e5.sk\", \"mcafee.com\", \"opendns.com\", \"spameatingmonkey.net\", \"_ldap\", \"_kerberos\", \"modsecurity.org\", \n\"fdmarc.net\", \"ipass.com\", \"wpad\"]);\n_Im_Dns(starttime=ago(lookback),endtime=now())\n| summarize count() by SrcIpAddr, DnsQuery\n| where not(DnsQuery has_any (ExcludeDomains))\n| extend Urilength = strlen(DnsQuery)\n| where Urilength >= uriThreshold\n| order by Urilength\n| extend IP_0_Address = SrcIpAddr\n| extend DNS_0_DomainName = DnsQuery\n",
                "version": 2,
                "tags": [
                  {
                    "name": "description",
                    "value": "Typical domain name lengths are short, whereas domain name queries used for data exfiltration or tunneling can often be very large in size. The hunting query looks for DNS queries that are more than 150 characters long."
                  },
                  {
                    "name": "tactics",
                    "value": "Exfiltration"
                  },
                  {
                    "name": "techniques",
                    "value": "T1568,T1008,T1048"
                  }
                ]
              }
            },
            {
              "type": "Microsoft.OperationalInsights/workspaces/providers/metadata",
              "apiVersion": "2022-01-01-preview",
              "name": "[concat(parameters('workspace'),'/Microsoft.SecurityInsights/',concat('HuntingQuery-', last(split(resourceId('Microsoft.OperationalInsights/savedSearches', '74e8773c-dfa9-45ca-bb60-5d767303e5b3'),'/'))))]",
              "properties": {
                "description": "DNS Essentials Hunting Query 7",
                "parentId": "[resourceId('Microsoft.OperationalInsights/savedSearches', '74e8773c-dfa9-45ca-bb60-5d767303e5b3')]",
                "contentId": "74e8773c-dfa9-45ca-bb60-5d767303e5b3",
                "kind": "HuntingQuery",
                "version": "1.0.0",
                "source": {
                  "kind": "Solution",
                  "name": "DNS Essentials",
                  "sourceId": "azuresentinel.azure-sentinel-solution-dns-domain"
                },
                "author": {
                  "name": "Microsoft",
                  "email": "support@microsoft.com"
                },
                "support": {
                  "name": "Microsoft Corporation",
                  "email": "support@microsoft.com",
                  "tier": "Microsoft",
                  "link": "https://support.microsoft.com"
                }
              }
            }
          ]
        },
        "packageKind": "Solution",
        "packageVersion": "2.0.2",
        "packageName": "DNS Essentials",
        "packageId": "azuresentinel.azure-sentinel-solution-dns-domain",
        "contentProductId": "azuresentinel.azure-sentinel-solution-dns-domain-hq-cj546k3vxqb5m",
        "id": "azuresentinel.azure-sentinel-solution-dns-domain-hq-cj546k3vxqb5m",
        "contentSchemaVersion": "3.0.0",
        "version": "1.0.0"
      }
    }
  ]
}