{
  "$schema": "https://schema.management.azure.com/schemas/2019-04-01/deploymentTemplate.json#",
  "contentVersion": "2.0.1",
  "parameters": {
    "location": {
      "type": "string",
      "minLength": 1,
      "defaultValue": "[resourceGroup().location]",
      "metadata": {
        "description": "Not used, but needed to pass arm-ttk test `Location-Should-Not-Be-Hardcoded`.  We instead use the `workspace-location` which is derived from the LA workspace"
      }
    },
    "workspace": {
      "defaultValue": "",
      "type": "string",
      "metadata": {
        "description": "Workspace name for Log Analytics where Microsoft Sentinel is setup"
      }
    },
    "workspace-location": {
      "type": "string",
      "defaultValue": "",
      "metadata": {
        "description": "[concat('Region to deploy solution resources -- separate from location selection',parameters('location'))]"
      }
    }
  },
  "resources": [
    {
      "type": "Microsoft.OperationalInsights/workspaces/providers/contentTemplates",
      "name": "[concat(parameters('workspace'),'/Microsoft.SecurityInsights/',concat(concat(parameters('workspace'),'-ar-',uniquestring('d9938c3b-16f9-444d-bc22-ea9a9110e0fd')),'2.0.1'))]",
      "location": "[parameters('workspace-location')]",
      "apiVersion": "2023-04-01-preview",
      "dependsOn": [
        "[extensionResourceId(resourceId('Microsoft.OperationalInsights/workspaces', parameters('workspace')), 'Microsoft.SecurityInsights/contentPackages', 'azuresentinel.azure-sentinel-solution-azureactivity')]"
      ],
      "properties": {
        "contentId": "d9938c3b-16f9-444d-bc22-ea9a9110e0fd",
        "displayName": "Azure Active Directory Hybrid Health AD FS Suspicious Application",
        "contentKind": "AnalyticsRule",
        "mainTemplate": {
          "$schema": "https://schema.management.azure.com/schemas/2019-04-01/deploymentTemplate.json#",
          "contentVersion": "2.0.1",
          "parameters": {},
          "variables": {},
          "resources": [
            {
              "type": "Microsoft.SecurityInsights/AlertRuleTemplates",
              "name": "d9938c3b-16f9-444d-bc22-ea9a9110e0fd",
              "apiVersion": "2022-04-01-preview",
              "kind": "Scheduled",
              "location": "[parameters('workspace-location')]",
              "properties": {
                "description": "This detection uses AzureActivity logs (Administrative category) to identify a suspicious application adding a server instance to an Azure AD Hybrid Health AD FS service or deleting the AD FS service instance.\nUsually the Azure AD Connect Health Agent application with ID cf6d7e68-f018-4e0a-a7b3-126e053fb88d and ID cb1056e2-e479-49de-ae31-7812af012ed8 is used to perform those operations.",
                "displayName": "Azure Active Directory Hybrid Health AD FS Suspicious Application",
                "enabled": false,
                "query": "// Azure AD Connect Health Agent - cf6d7e68-f018-4e0a-a7b3-126e053fb88d\n// Azure Active Directory Connect - cb1056e2-e479-49de-ae31-7812af012ed8\nlet appList = dynamic(['cf6d7e68-f018-4e0a-a7b3-126e053fb88d','cb1056e2-e479-49de-ae31-7812af012ed8']);\nlet operationNamesList = dynamic(['Microsoft.ADHybridHealthService/services/servicemembers/action','Microsoft.ADHybridHealthService/services/delete']);\nAzureActivity\n| where CategoryValue =~ 'Administrative'\n| where ResourceProviderValue =~ 'Microsoft.ADHybridHealthService'\n| where _ResourceId has 'AdFederationService'\n| where OperationNameValue in~ (operationNamesList)\n| extend claimsJson = parse_json(Claims)\n| extend AppId = tostring(claimsJson.appid), AccountName = tostring(claimsJson.name), Name = tostring(split(Caller,'@',0)[0]), UPNSuffix = tostring(split(Caller,'@',1)[0])\n| where AppId !in (appList)\n| project-away claimsJson\n",
                "queryFrequency": "P1D",
                "queryPeriod": "P1D",
                "severity": "Medium",
                "suppressionDuration": "PT1H",
                "suppressionEnabled": false,
                "triggerOperator": "GreaterThan",
                "triggerThreshold": 0,
                "status": "Available",
                "requiredDataConnectors": [
                  {
                    "dataTypes": [
                      "AzureActivity"
                    ],
                    "connectorId": "AzureActivity"
                  }
                ],
                "tactics": [
                  "CredentialAccess",
                  "DefenseEvasion"
                ],
                "techniques": [
                  "T1528",
                  "T1550"
                ],
                "entityMappings": [
                  {
                    "entityType": "Account",
                    "fieldMappings": [
                      {
                        "identifier": "Name",
                        "columnName": "Name"
                      },
                      {
                        "identifier": "UPNSuffix",
                        "columnName": "UPNSuffix"
                      }
                    ]
                  },
                  {
                    "entityType": "IP",
                    "fieldMappings": [
                      {
                        "identifier": "Address",
                        "columnName": "CallerIpAddress"
                      }
                    ]
                  }
                ]
              }
            },
            {
              "type": "Microsoft.OperationalInsights/workspaces/providers/metadata",
              "apiVersion": "2022-01-01-preview",
              "name": "[concat(parameters('workspace'),'/Microsoft.SecurityInsights/',concat('AnalyticsRule-', last(split(resourceId('Microsoft.SecurityInsights/AlertRuleTemplates', 'd9938c3b-16f9-444d-bc22-ea9a9110e0fd'),'/'))))]",
              "properties": {
                "description": "Azure Activity Analytics Rule 3",
                "parentId": "[resourceId('Microsoft.SecurityInsights/AlertRuleTemplates', 'd9938c3b-16f9-444d-bc22-ea9a9110e0fd')]",
                "contentId": "d9938c3b-16f9-444d-bc22-ea9a9110e0fd",
                "kind": "AnalyticsRule",
                "version": "2.0.1",
                "source": {
                  "kind": "Solution",
                  "name": "Azure Activity",
                  "sourceId": "azuresentinel.azure-sentinel-solution-azureactivity"
                },
                "author": {
                  "name": "Microsoft",
                  "email": "support@microsoft.com"
                },
                "support": {
                  "tier": "Microsoft",
                  "name": "Microsoft Corporation",
                  "email": "support@microsoft.com",
                  "link": "https://support.microsoft.com/"
                }
              }
            }
          ]
        },
        "packageKind": "Solution",
        "packageVersion": "2.0.5",
        "packageName": "Azure Activity solution for Sentinel",
        "packageId": "azuresentinel.azure-sentinel-solution-azureactivity",
        "contentProductId": "azuresentinel.azure-sentinel-solution-azureactivit-ar-w6vguzb7fmbwo",
        "id": "azuresentinel.azure-sentinel-solution-azureactivit-ar-w6vguzb7fmbwo",
        "contentSchemaVersion": "3.0.0",
        "version": "2.0.1"
      }
    }
  ]
}