{
  "$schema": "https://schema.management.azure.com/schemas/2019-04-01/deploymentTemplate.json#",
  "contentVersion": "1.0.1",
  "parameters": {
    "location": {
      "type": "string",
      "minLength": 1,
      "defaultValue": "[resourceGroup().location]",
      "metadata": {
        "description": "Not used, but needed to pass arm-ttk test `Location-Should-Not-Be-Hardcoded`.  We instead use the `workspace-location` which is derived from the LA workspace"
      }
    },
    "workspace": {
      "defaultValue": "",
      "type": "string",
      "metadata": {
        "description": "Workspace name for Log Analytics where Microsoft Sentinel is setup"
      }
    },
    "workspace-location": {
      "type": "string",
      "defaultValue": "",
      "metadata": {
        "description": "[concat('Region to deploy solution resources -- separate from location selection',parameters('location'))]"
      }
    }
  },
  "resources": [
    {
      "type": "Microsoft.OperationalInsights/workspaces/providers/contentTemplates",
      "name": "[concat(parameters('workspace'),'/Microsoft.SecurityInsights/',concat(concat(parameters('workspace'),'-hq-',uniquestring('2b6a3882-d601-4298-983b-880f6dc7acdb')),'1.0.1'))]",
      "location": "[parameters('workspace-location')]",
      "apiVersion": "2023-04-01-preview",
      "dependsOn": [
        "[extensionResourceId(resourceId('Microsoft.OperationalInsights/workspaces', parameters('workspace')), 'Microsoft.SecurityInsights/contentPackages', 'azuresentinel.azure-sentinel-solution-cloudthreatdetection')]"
      ],
      "properties": {
        "contentId": "2b6a3882-d601-4298-983b-880f6dc7acdb",
        "displayName": "User Granted Access and Grants others Access",
        "contentKind": "HuntingQuery",
        "mainTemplate": {
          "$schema": "https://schema.management.azure.com/schemas/2019-04-01/deploymentTemplate.json#",
          "contentVersion": "1.0.1",
          "parameters": {},
          "variables": {},
          "resources": [
            {
              "type": "Microsoft.OperationalInsights/savedSearches",
              "apiVersion": "2020-08-01",
              "name": "Cloud_Identity_Threat_Protection_Essentials_Hunting_Query_6",
              "location": "[parameters('workspace-location')]",
              "properties": {
                "eTag": "*",
                "displayName": "User Granted Access and Grants others Access",
                "category": "Hunting Queries",
                "query": "let starttime = todatetime('{{StartTimeISO}}');\nlet endtime = todatetime('{{EndTimeISO}}');\nlet auditLookback = starttime - 14d;\nlet opName = dynamic([\"Add user\", \"Invite external user\"]);\n// Helper function to extract relevant fields from AuditLog events\nlet auditLogEvents = view (startTimeSpan:timespan, operation:dynamic)  {\n    AuditLogs | where TimeGenerated >= auditLookback\n    | where OperationName in~ (operation)\n    | extend ModProps = iff(TargetResources.[0].modifiedProperties != \"[]\", TargetResources.[0].modifiedProperties, todynamic(\"NoValues\"))\n    | extend IpAddress = iff(isnotempty(tostring(parse_json(tostring(InitiatedBy.user)).ipAddress)), \n    tostring(parse_json(tostring(InitiatedBy.user)).ipAddress), tostring(parse_json(tostring(InitiatedBy.app)).ipAddress))\n    | extend InitiatedByFull = iff(isnotempty(tostring(parse_json(tostring(InitiatedBy.user)).userPrincipalName)), \n    tostring(parse_json(tostring(InitiatedBy.user)).userPrincipalName), tostring(parse_json(tostring(InitiatedBy.app)).displayName))\n    | extend InitiatedBy = replace(\"_\",\"@\",tostring(split(InitiatedByFull, \"#\")[0]))\n    | extend TargetUserPrincipalName = tostring(TargetResources[0].userPrincipalName)\n    | extend TargetUserName = replace(\"_\",\"@\",tostring(split(TargetUserPrincipalName, \"#\")[0]))\n    | extend TargetResourceName = case(\n    isempty(tostring(TargetResources.[0].displayName)), TargetUserPrincipalName,\n    isnotempty(tostring(TargetResources.[0].displayName)) and tostring(TargetResources.[0].displayName) startswith \"upn:\", tolower(tostring(TargetResources.[0].displayName)),\n    tolower(tostring(TargetResources.[0].displayName))\n    )\n    | extend TargetUserName = replace(\"_\",\"@\",tostring(split(TargetUserPrincipalName, \"#\")[0]))\n    | extend TargetUserName = iff(isempty(TargetUserName), tostring(split(split(TargetResourceName, \",\")[0], \" \")[1]), TargetUserName ) \n    | mvexpand ModProps\n    | extend PropertyName = tostring(ModProps.displayName), newValue = replace('\\\"','',tostring(ModProps.newValue));\n};\n// Assigning time for First TargetUserName that was added\nlet FirstAdd = auditLogEvents(auditLookback, opName)  \n| project FirstAddTimeUtc = TimeGenerated, Type, FirstInitiatedBy = InitiatedBy, IpAddress, FirstTargetUserName = TargetUserName, FirstTargetResourceName = TargetResourceName, \nFirstOperationName = OperationName, FirstPropertyName = PropertyName, FirstnewValue = newValue, FirstCorrelationId = CorrelationId, FirstId = Id;\n// Assigning time for second TargetUserName that was added, which will allow us to see if a first TargetUserName added in is the Initiated by on the second in the later join\nlet SecondAdd = auditLogEvents(auditLookback, opName)  \n| project SecondAddTimeUtc = TimeGenerated, Type, SecondInitiatedBy = InitiatedBy, IpAddress, SecondTargetUserName = TargetUserName, SecondTargetResourceName = TargetResourceName, \nSecondOperationName = OperationName, SecondPropertyName = PropertyName, SecondnewValue = newValue, SecondCorrelationId = CorrelationId, SecondId = Id;\n//  Joining the FirstAdd with SecondAdd where the FirstAdd TargetUserName value matches the SecondAdd InitiatedBy.  This shows the new user adding a user.\nlet NewUserAddsUser = FirstAdd | join SecondAdd on $left.FirstTargetUserName == $right.SecondInitiatedBy\n// we only want items where the FirstAddTimeUtc is before the SecondAddTimeUtc\n| where FirstAddTimeUtc < SecondAddTimeUtc\n;\n// Build out some of the properties for context\nNewUserAddsUser\n| extend FirstnewValue = split(FirstnewValue, \";\"), SecondnewValue = split(SecondnewValue, \";\")\n| extend PropertyUpdate = pack(FirstPropertyName, FirstnewValue, SecondPropertyName, SecondnewValue, \"FirstCorrelationId\", FirstCorrelationId, \"FirstId\", FirstId, \"SecondCorrelationId\", SecondCorrelationId, \"SecondId\", SecondId)\n| summarize PropertyUpdateSet = make_bag(PropertyUpdate) by FirstAddTimeUtc, FirstInitiatedBy, FirstTargetUserName, SecondAddTimeUtc, SecondInitiatedBy, SecondTargetUserName, \nIpAddress, FirstTargetResourceName, SecondTargetResourceName, FirstOperationName, SecondOperationName\n| extend timestamp = FirstAddTimeUtc, AccountCustomEntity = FirstInitiatedBy, HostCustomEntity = FirstTargetResourceName, IPCustomEntity = IpAddress\n",
                "version": 2,
                "tags": [
                  {
                    "name": "description",
                    "value": "Identifies when a new user is granted access and starts granting access to other users.  This can help you identify rogue or malicious user behavior."
                  },
                  {
                    "name": "tactics",
                    "value": "Persistence,PrivilegeEscalation"
                  },
                  {
                    "name": "techniques",
                    "value": "T1098,T1078"
                  }
                ]
              }
            },
            {
              "type": "Microsoft.OperationalInsights/workspaces/providers/metadata",
              "apiVersion": "2022-01-01-preview",
              "name": "[concat(parameters('workspace'),'/Microsoft.SecurityInsights/',concat('HuntingQuery-', last(split(resourceId('Microsoft.OperationalInsights/savedSearches', '2b6a3882-d601-4298-983b-880f6dc7acdb'),'/'))))]",
              "properties": {
                "description": "Cloud Identity Threat Protection Essentials Hunting Query 6",
                "parentId": "[resourceId('Microsoft.OperationalInsights/savedSearches', '2b6a3882-d601-4298-983b-880f6dc7acdb')]",
                "contentId": "2b6a3882-d601-4298-983b-880f6dc7acdb",
                "kind": "HuntingQuery",
                "version": "1.0.1",
                "source": {
                  "kind": "Solution",
                  "name": "Cloud Identity Threat Protection Essentials",
                  "sourceId": "azuresentinel.azure-sentinel-solution-cloudthreatdetection"
                },
                "author": {
                  "name": "Microsoft",
                  "email": "support@microsoft.com"
                },
                "support": {
                  "name": "Microsoft Corporation",
                  "email": "support@microsoft.com",
                  "tier": "Microsoft",
                  "link": "https://support.microsoft.com"
                }
              }
            }
          ]
        },
        "packageKind": "Solution",
        "packageVersion": "2.0.1",
        "packageName": "Cloud Identity Threat Protection Essentials",
        "packageId": "azuresentinel.azure-sentinel-solution-cloudthreatdetection",
        "contentProductId": "azuresentinel.azure-sentinel-solution-cloudthreatd-hq-5jwuptkgq4tmw",
        "id": "azuresentinel.azure-sentinel-solution-cloudthreatd-hq-5jwuptkgq4tmw",
        "contentSchemaVersion": "3.0.0",
        "version": "1.0.1"
      }
    }
  ]
}