{
  "$schema": "https://schema.management.azure.com/schemas/2019-04-01/deploymentTemplate.json#",
  "contentVersion": "2.0.0",
  "parameters": {
    "location": {
      "type": "string",
      "minLength": 1,
      "defaultValue": "[resourceGroup().location]",
      "metadata": {
        "description": "Not used, but needed to pass arm-ttk test `Location-Should-Not-Be-Hardcoded`.  We instead use the `workspace-location` which is derived from the LA workspace"
      }
    },
    "workspace": {
      "defaultValue": "",
      "type": "string",
      "metadata": {
        "description": "Workspace name for Log Analytics where Microsoft Sentinel is setup"
      }
    },
    "workspace-location": {
      "type": "string",
      "defaultValue": "",
      "metadata": {
        "description": "[concat('Region to deploy solution resources -- separate from location selection',parameters('location'))]"
      }
    }
  },
  "resources": [
    {
      "type": "Microsoft.OperationalInsights/workspaces/providers/contentTemplates",
      "name": "[concat(parameters('workspace'),'/Microsoft.SecurityInsights/',concat(concat(parameters('workspace'),'-ar-',uniquestring('7cb8f77d-c52f-4e46-b82f-3cf2e106224a')),'2.0.0'))]",
      "location": "[parameters('workspace-location')]",
      "apiVersion": "2023-04-01-preview",
      "dependsOn": [
        "[extensionResourceId(resourceId('Microsoft.OperationalInsights/workspaces', parameters('workspace')), 'Microsoft.SecurityInsights/contentPackages', 'azuresentinel.azure-sentinel-solution-azureactivedirectory')]"
      ],
      "properties": {
        "contentId": "7cb8f77d-c52f-4e46-b82f-3cf2e106224a",
        "displayName": "Anomalous sign-in location by user account and authenticating application",
        "contentKind": "AnalyticsRule",
        "mainTemplate": {
          "$schema": "https://schema.management.azure.com/schemas/2019-04-01/deploymentTemplate.json#",
          "contentVersion": "2.0.0",
          "parameters": {},
          "variables": {},
          "resources": [
            {
              "type": "Microsoft.SecurityInsights/AlertRuleTemplates",
              "name": "7cb8f77d-c52f-4e46-b82f-3cf2e106224a",
              "apiVersion": "2022-04-01-preview",
              "kind": "Scheduled",
              "location": "[parameters('workspace-location')]",
              "properties": {
                "description": "This query over Azure Active Directory sign-in considers all user sign-ins for each Azure Active\nDirectory application and picks out the most anomalous change in location profile for a user within an\nindividual application",
                "displayName": "Anomalous sign-in location by user account and authenticating application",
                "enabled": false,
                "query": "// Adjust this figure to adjust how sensitive this detection is\nlet sensitivity = 2.5;\nlet AuthEvents = materialize(\nunion isfuzzy=True SigninLogs, AADNonInteractiveUserSignInLogs\n| where TimeGenerated > ago(7d)\n| where ResultType == 0\n| extend LocationDetails = LocationDetails_dynamic\n| extend Location = strcat(LocationDetails.countryOrRegion, \"-\", LocationDetails.state,\"-\", LocationDetails.city)\n| where Location != \"--\");\nAuthEvents\n| summarize dcount(Location) by AppDisplayName, AppId, UserPrincipalName, UserId, bin(startofday(TimeGenerated), 1d)\n| where dcount_Location > 2\n| summarize CountOfLocations = make_list(dcount_Location, 10000), TimeStamp = make_list(TimeGenerated, 10000) by AppId, UserId\n| extend (Anomalies, Score, Baseline) = series_decompose_anomalies(CountOfLocations, sensitivity, -1, 'linefit')\n| mv-expand CountOfLocations to typeof(double), TimeStamp to typeof(datetime), Anomalies to typeof(double), Score to typeof(double), Baseline to typeof(long)\n| where Anomalies > 0\n| join kind=inner( AuthEvents | extend TimeStamp = startofday(TimeGenerated)) on UserId, AppId\n| extend SignInDetails = bag_pack(\"TimeGenerated\", TimeGenerated, \"Location\", Location, \"Source\", IPAddress, \"Device\", DeviceDetail_dynamic)\n| summarize SignInDetailsSet=make_set(SignInDetails, 1000) by UserId, UserPrincipalName, CountOfLocations, TimeStamp, AppId, AppDisplayName\n| extend Name = split(UserPrincipalName, \"@\")[0], UPNSuffix = split(UserPrincipalName, \"@\")[1]\n",
                "queryFrequency": "P1D",
                "queryPeriod": "P7D",
                "severity": "Medium",
                "suppressionDuration": "PT1H",
                "suppressionEnabled": false,
                "triggerOperator": "GreaterThan",
                "triggerThreshold": 0,
                "status": "Available",
                "requiredDataConnectors": [
                  {
                    "connectorId": "AzureActiveDirectory",
                    "dataTypes": [
                      "SigninLogs"
                    ]
                  },
                  {
                    "connectorId": "AzureActiveDirectory",
                    "dataTypes": [
                      "AADNonInteractiveUserSignInLogs"
                    ]
                  }
                ],
                "tactics": [
                  "InitialAccess"
                ],
                "techniques": [
                  "T1078"
                ],
                "entityMappings": [
                  {
                    "entityType": "Account",
                    "fieldMappings": [
                      {
                        "columnName": "Name",
                        "identifier": "Name"
                      },
                      {
                        "columnName": "UPNSuffix",
                        "identifier": "UPNSuffix"
                      },
                      {
                        "columnName": "UserId",
                        "identifier": "AadUserId"
                      }
                    ]
                  }
                ],
                "eventGroupingSettings": {
                  "aggregationKind": "SingleAlert"
                },
                "customDetails": {
                  "Application": "AppDisplayName"
                },
                "alertDetailsOverride": {
                  "alertDescriptionFormat": "This query over Azure Active Directory sign-in considers all user sign-ins for each Azure Active\nDirectory application and picks out the most anomalous change in location profile for a user within an\nindividual application. This has detected {{UserPrincipalName}} signing into {{AppDisplayName}} from {{CountOfLocations}} \ndifferent locations.\n",
                  "alertDisplayNameFormat": "Anomalous sign-in location by {{UserPrincipalName}} to {{AppDisplayName}}"
                }
              }
            },
            {
              "type": "Microsoft.OperationalInsights/workspaces/providers/metadata",
              "apiVersion": "2022-01-01-preview",
              "name": "[concat(parameters('workspace'),'/Microsoft.SecurityInsights/',concat('AnalyticsRule-', last(split(resourceId('Microsoft.SecurityInsights/AlertRuleTemplates', '7cb8f77d-c52f-4e46-b82f-3cf2e106224a'),'/'))))]",
              "properties": {
                "description": "Azure Active Directory Analytics Rule 6",
                "parentId": "[resourceId('Microsoft.SecurityInsights/AlertRuleTemplates', '7cb8f77d-c52f-4e46-b82f-3cf2e106224a')]",
                "contentId": "7cb8f77d-c52f-4e46-b82f-3cf2e106224a",
                "kind": "AnalyticsRule",
                "version": "2.0.0",
                "source": {
                  "kind": "Solution",
                  "name": "Azure Active Directory",
                  "sourceId": "azuresentinel.azure-sentinel-solution-azureactivedirectory"
                },
                "author": {
                  "name": "Microsoft",
                  "email": "support@microsoft.com"
                },
                "support": {
                  "tier": "Microsoft",
                  "name": "Microsoft Corporation",
                  "email": "support@microsoft.com",
                  "link": "https://support.microsoft.com/"
                }
              }
            }
          ]
        },
        "packageKind": "Solution",
        "packageVersion": "2.0.11",
        "packageName": "Azure Active Directory solution for Sentinel",
        "packageId": "azuresentinel.azure-sentinel-solution-azureactivedirectory",
        "contentProductId": "azuresentinel.azure-sentinel-solution-azureactived-ar-jkmaxp7qoixnu",
        "id": "azuresentinel.azure-sentinel-solution-azureactived-ar-jkmaxp7qoixnu",
        "contentSchemaVersion": "3.0.0"
      }
    }
  ]
}