{
  "$schema": "https://schema.management.azure.com/schemas/2019-04-01/deploymentTemplate.json#",
  "contentVersion": "1.0.0",
  "parameters": {
    "location": {
      "type": "string",
      "minLength": 1,
      "defaultValue": "[resourceGroup().location]",
      "metadata": {
        "description": "Not used, but needed to pass arm-ttk test `Location-Should-Not-Be-Hardcoded`.  We instead use the `workspace-location` which is derived from the LA workspace"
      }
    },
    "workspace": {
      "defaultValue": "",
      "type": "string",
      "metadata": {
        "description": "Workspace name for Log Analytics where Microsoft Sentinel is setup"
      }
    },
    "workspace-location": {
      "type": "string",
      "defaultValue": "",
      "metadata": {
        "description": "[concat('Region to deploy solution resources -- separate from location selection',parameters('location'))]"
      }
    }
  },
  "resources": [
    {
      "type": "Microsoft.OperationalInsights/workspaces/providers/contentTemplates",
      "name": "[concat(parameters('workspace'),'/Microsoft.SecurityInsights/',concat(concat(parameters('workspace'),'-hq-',uniquestring('8f658a80-7fa9-4524-a95b-d9ab608e8850')),'1.0.0'))]",
      "location": "[parameters('workspace-location')]",
      "apiVersion": "2023-04-01-preview",
      "dependsOn": [
        "[extensionResourceId(resourceId('Microsoft.OperationalInsights/workspaces', parameters('workspace')), 'Microsoft.SecurityInsights/contentPackages', 'azuresentinel.azure-sentinel-solution-endpointthreat')]"
      ],
      "properties": {
        "contentId": "8f658a80-7fa9-4524-a95b-d9ab608e8850",
        "displayName": "Remote Login Performed with WMI",
        "contentKind": "HuntingQuery",
        "mainTemplate": {
          "$schema": "https://schema.management.azure.com/schemas/2019-04-01/deploymentTemplate.json#",
          "contentVersion": "1.0.0",
          "parameters": {},
          "variables": {},
          "resources": [
            {
              "type": "Microsoft.OperationalInsights/savedSearches",
              "apiVersion": "2020-08-01",
              "name": "Endpoint_Threat_Protection_Essentials_Hunting_Query_6",
              "location": "[parameters('workspace-location')]",
              "properties": {
                "eTag": "*",
                "displayName": "Remote Login Performed with WMI",
                "category": "Hunting Queries",
                "query": "SecurityEvent\n   | where EventID in (4624,4625) and ProcessName endswith_cs \"WmiPrvSE.exe\"\n   | summarize StartTime = min(TimeGenerated), EndTime = max(TimeGenerated) by EventID, Computer, TargetUserName, TargetLogonId, LogonTypeName, IpAddress, ProcessName\n",
                "version": 2,
                "tags": [
                  {
                    "name": "description",
                    "value": "It detects authentication attempts performed with WMI. Adversaries may abuse WMI to execute malicious commands and payloads.\nRef: https://www.mandiant.com/resources/bypassing-network-restrictions-through-rdp-tunneling"
                  },
                  {
                    "name": "tactics",
                    "value": "Execution"
                  },
                  {
                    "name": "techniques",
                    "value": "T1047"
                  }
                ]
              }
            },
            {
              "type": "Microsoft.OperationalInsights/workspaces/providers/metadata",
              "apiVersion": "2022-01-01-preview",
              "name": "[concat(parameters('workspace'),'/Microsoft.SecurityInsights/',concat('HuntingQuery-', last(split(resourceId('Microsoft.OperationalInsights/savedSearches', '8f658a80-7fa9-4524-a95b-d9ab608e8850'),'/'))))]",
              "properties": {
                "description": "Endpoint Threat Protection Essentials Hunting Query 6",
                "parentId": "[resourceId('Microsoft.OperationalInsights/savedSearches', '8f658a80-7fa9-4524-a95b-d9ab608e8850')]",
                "contentId": "8f658a80-7fa9-4524-a95b-d9ab608e8850",
                "kind": "HuntingQuery",
                "version": "1.0.0",
                "source": {
                  "kind": "Solution",
                  "name": "Endpoint Threat Protection Essentials",
                  "sourceId": "azuresentinel.azure-sentinel-solution-endpointthreat"
                },
                "author": {
                  "name": "Microsoft",
                  "email": "support@microsoft.com"
                },
                "support": {
                  "name": "Microsoft Corporation",
                  "email": "support@microsoft.com",
                  "tier": "Microsoft",
                  "link": "https://support.microsoft.com"
                }
              }
            }
          ]
        },
        "packageKind": "Solution",
        "packageVersion": "2.0.1",
        "packageName": "Endpoint Threat Protection Essentials",
        "packageId": "azuresentinel.azure-sentinel-solution-endpointthreat",
        "contentProductId": "azuresentinel.azure-sentinel-solution-endpointthre-hq-oeajne6uk4un4",
        "id": "azuresentinel.azure-sentinel-solution-endpointthre-hq-oeajne6uk4un4",
        "contentSchemaVersion": "3.0.0",
        "version": "1.0.0"
      }
    }
  ]
}