{
  "$schema": "https://schema.management.azure.com/schemas/2019-04-01/deploymentTemplate.json#",
  "contentVersion": "1.0.0",
  "parameters": {
    "location": {
      "type": "string",
      "minLength": 1,
      "defaultValue": "[resourceGroup().location]",
      "metadata": {
        "description": "Not used, but needed to pass arm-ttk test `Location-Should-Not-Be-Hardcoded`.  We instead use the `workspace-location` which is derived from the LA workspace"
      }
    },
    "workspace": {
      "defaultValue": "",
      "type": "string",
      "metadata": {
        "description": "Workspace name for Log Analytics where Microsoft Sentinel is setup"
      }
    },
    "workspace-location": {
      "type": "string",
      "defaultValue": "",
      "metadata": {
        "description": "[concat('Region to deploy solution resources -- separate from location selection',parameters('location'))]"
      }
    }
  },
  "resources": [
    {
      "type": "Microsoft.OperationalInsights/workspaces/providers/contentTemplates",
      "name": "[concat(parameters('workspace'),'/Microsoft.SecurityInsights/',concat(concat(parameters('workspace'),'-hq-',uniquestring('76f626e0-4c78-47d4-aeb6-eaa59f4f2ecb')),'1.0.0'))]",
      "location": "[parameters('workspace-location')]",
      "apiVersion": "2023-04-01-preview",
      "dependsOn": [
        "[extensionResourceId(resourceId('Microsoft.OperationalInsights/workspaces', parameters('workspace')), 'Microsoft.SecurityInsights/contentPackages', 'azuresentinel.azure-sentinel-solution-azuredevopsauditing')]"
      ],
      "properties": {
        "contentId": "76f626e0-4c78-47d4-aeb6-eaa59f4f2ecb",
        "displayName": "Azure DevOps - New Agent Pool Created",
        "contentKind": "HuntingQuery",
        "mainTemplate": {
          "$schema": "https://schema.management.azure.com/schemas/2019-04-01/deploymentTemplate.json#",
          "contentVersion": "1.0.0",
          "parameters": {},
          "variables": {},
          "resources": [
            {
              "type": "Microsoft.OperationalInsights/savedSearches",
              "apiVersion": "2020-08-01",
              "name": "AzureDevOpsAuditing_Hunting_Query_6",
              "location": "[parameters('workspace-location')]",
              "properties": {
                "eTag": "*",
                "displayName": "Azure DevOps - New Agent Pool Created",
                "category": "Hunting Queries",
                "query": "AzureDevOpsAuditing\n| where OperationName =~ \"Library.AgentPoolCreated\"\n| extend AgentPoolName = tostring(Data.AgentPoolName)\n| extend AgentPoolId = tostring(Data.AgentPoolId)\n| extend IsHosted = tostring(Data.IsHosted)\n| extend IsLegacy = tostring(Data.IsLegacy)\n| project-reorder TimeGenerated, ActorUPN, UserAgent, IpAddress, AuthenticationMechanism, OperationName, AgentPoolName, IsHosted, IsLegacy, Data\n| extend timestamp = TimeGenerated, AccountCustomEntity = ActorUPN, IPCustomEntity = IpAddress\n",
                "version": 2,
                "tags": [
                  {
                    "name": "description",
                    "value": "Agent Pools provide a valuable resource to build processes. Creating and using a compromised agent pool in a pipeline could allow an attacker to compromise a build process. Whilst the creation of an agent pool itself is not malicious it is unlike to occur so often that it cannot be used as a hunting element when focusing on Azure DevOps activity."
                  },
                  {
                    "name": "tactics",
                    "value": "DefenseEvasion"
                  },
                  {
                    "name": "techniques",
                    "value": "T1578"
                  }
                ]
              }
            },
            {
              "type": "Microsoft.OperationalInsights/workspaces/providers/metadata",
              "apiVersion": "2022-01-01-preview",
              "name": "[concat(parameters('workspace'),'/Microsoft.SecurityInsights/',concat('HuntingQuery-', last(split(resourceId('Microsoft.OperationalInsights/savedSearches', '76f626e0-4c78-47d4-aeb6-eaa59f4f2ecb'),'/'))))]",
              "properties": {
                "description": "AzureDevOpsAuditing Hunting Query 6",
                "parentId": "[resourceId('Microsoft.OperationalInsights/savedSearches', '76f626e0-4c78-47d4-aeb6-eaa59f4f2ecb')]",
                "contentId": "76f626e0-4c78-47d4-aeb6-eaa59f4f2ecb",
                "kind": "HuntingQuery",
                "version": "1.0.0",
                "source": {
                  "kind": "Solution",
                  "name": "AzureDevOpsAuditing",
                  "sourceId": "azuresentinel.azure-sentinel-solution-azuredevopsauditing"
                },
                "author": {
                  "name": "Microsoft",
                  "email": "support@microsoft.com"
                },
                "support": {
                  "tier": "Microsoft",
                  "email": "support@microsoft.com",
                  "name": "Microsoft Corporation",
                  "link": "https://support.microsoft.com/"
                }
              }
            }
          ]
        },
        "packageKind": "Solution",
        "packageVersion": "2.0.2",
        "packageName": "Azure DevOps Auditing",
        "packageId": "azuresentinel.azure-sentinel-solution-azuredevopsauditing",
        "contentProductId": "azuresentinel.azure-sentinel-solution-azuredevopsa-hq-ejmajnvg4o4ue",
        "id": "azuresentinel.azure-sentinel-solution-azuredevopsa-hq-ejmajnvg4o4ue",
        "contentSchemaVersion": "3.0.0",
        "version": "1.0.0"
      }
    }
  ]
}