{
  "$schema": "https://schema.management.azure.com/schemas/2019-04-01/deploymentTemplate.json#",
  "contentVersion": "1.0.0",
  "parameters": {
    "location": {
      "type": "string",
      "minLength": 1,
      "defaultValue": "[resourceGroup().location]",
      "metadata": {
        "description": "Not used, but needed to pass arm-ttk test `Location-Should-Not-Be-Hardcoded`.  We instead use the `workspace-location` which is derived from the LA workspace"
      }
    },
    "workspace": {
      "defaultValue": "",
      "type": "string",
      "metadata": {
        "description": "Workspace name for Log Analytics where Microsoft Sentinel is setup"
      }
    },
    "workspace-location": {
      "type": "string",
      "defaultValue": "",
      "metadata": {
        "description": "[concat('Region to deploy solution resources -- separate from location selection',parameters('location'))]"
      }
    }
  },
  "resources": [
    {
      "type": "Microsoft.OperationalInsights/workspaces/providers/contentTemplates",
      "name": "[concat(parameters('workspace'),'/Microsoft.SecurityInsights/',concat(concat(parameters('workspace'),'-ar-',uniquestring('d7424fd9-abb3-4ded-a723-eebe023aaa0b')),'1.0.0'))]",
      "location": "[parameters('workspace-location')]",
      "apiVersion": "2023-04-01-preview",
      "dependsOn": [
        "[extensionResourceId(resourceId('Microsoft.OperationalInsights/workspaces', parameters('workspace')), 'Microsoft.SecurityInsights/contentPackages', 'azuresentinel.azure-sentinel-solution-cloudthreatdetection')]"
      ],
      "properties": {
        "contentId": "d7424fd9-abb3-4ded-a723-eebe023aaa0b",
        "displayName": "New External User Granted Admin",
        "contentKind": "AnalyticsRule",
        "mainTemplate": {
          "$schema": "https://schema.management.azure.com/schemas/2019-04-01/deploymentTemplate.json#",
          "contentVersion": "1.0.0",
          "parameters": {},
          "variables": {},
          "resources": [
            {
              "type": "Microsoft.SecurityInsights/AlertRuleTemplates",
              "name": "d7424fd9-abb3-4ded-a723-eebe023aaa0b",
              "apiVersion": "2022-04-01-preview",
              "kind": "Scheduled",
              "location": "[parameters('workspace-location')]",
              "properties": {
                "description": "This query will detect instances where a newly invited external user is granted an administrative role. By default this query\nwill alert on any granted administrative role, however this can be modified using the roles variable if false positives occur\nin your environment. The maximum delta between invite and escalation to admin is 60 minues, this can be configured using the \ndeltaBetweenInviteEscalation variable.",
                "displayName": "New External User Granted Admin",
                "enabled": false,
                "query": "// Administrative roles to look for, default is all admin roles\nlet roles = dynamic([\"Administrator\", \"Admin\"]);\n// The maximum distances between and invite and acceptance\nlet maxTimeBetweenInviteAccept = 30min;\n// The delta (minutes) between the invite being sent and the account being escalated\nlet deltaBetweenInviteEscalation = 60;\n// Collect external user invitations\nlet invite = AuditLogs\n| where Category =~ \"UserManagement\"\n| where OperationName =~ \"Invite external user\"\n| extend Target = tostring(TargetResources[0].[\"userPrincipalName\"])\n| extend InviteInitiator = tostring(InitiatedBy.[\"user\"].[\"userPrincipalName\"])\n| where isnotempty(InviteInitiator);\n// Collect redeem events\nlet redeem = AuditLogs\n| where Category =~ \"UserManagement\"\n| where OperationName =~ \"Redeem external user invite\"\n| where Result =~ \"success\"\n| extend Target = tostring(TargetResources[0].[\"displayName\"]) | extend Target = tostring(extract(@\"UPN\\:\\s(.+)\\,\\sEmail\",1,Target))\n| where isnotempty(Target);\n// Union the inivtation and redeem data then run the sequence_detect kusto plugin\ninvite\n| union redeem\n| order by TimeGenerated\n| project TimeGenerated, Target, InviteInitiator, OperationName, TenantId\n| evaluate sequence_detect(TimeGenerated, maxTimeBetweenInviteAccept, maxTimeBetweenInviteAccept, invite=(OperationName has \"Invite external user\"), redeem=(OperationName has \"Redeem external user invite\"), Target)\n| join (\nAuditLogs\n| where Category =~ \"RoleManagement\"\n| where AADOperationType in (\"Assign\", \"AssignEligibleRole\")\n| where ActivityDisplayName has_any (\"Add eligible member to role\", \"Add member to role\")\n| mv-expand TargetResources\n// Limit to external accounts\n| where TargetResources.userPrincipalName has \"EXT\"\n| mv-expand TargetResources.modifiedProperties\n| extend displayName_ = tostring(TargetResources_modifiedProperties.displayName)\n| where displayName_ =~ \"Role.DisplayName\"\n| extend RoleName = tostring(parse_json(tostring(TargetResources_modifiedProperties.newValue)))\n// Perform check for admin roles\n| where RoleName has_any(roles)\n| extend InitiatingApp = tostring(parse_json(tostring(InitiatedBy.app)).displayName)\n| extend Initiator = iif(isnotempty(InitiatingApp), InitiatingApp, tostring(parse_json(tostring(InitiatedBy.user)).userPrincipalName))\n| where Initiator != \"MS-PIM\"\n| extend Target = tostring(TargetResources.userPrincipalName)\n| summarize by TimeGenerated, OperationName,  RoleName, Target, Initiator, Result\n) on Target\n// Calculate delta between the invite and the account escalation\n| extend delta = datetime_diff(\"minute\", TimeGenerated, invite_TimeGenerated)\n| where delta <= deltaBetweenInviteEscalation\n| project InvitationTime=invite_TimeGenerated, RedeemTime=redeem_TimeGenerated, GrantTime=TimeGenerated, ExternalUser=Target, RoleGranted=RoleName, AdminInitiator=Initiator, MinsBetweenInviteAndEscalation=delta\n",
                "queryFrequency": "P1D",
                "queryPeriod": "P1D",
                "severity": "Medium",
                "suppressionDuration": "PT1H",
                "suppressionEnabled": false,
                "triggerOperator": "GreaterThan",
                "triggerThreshold": 0,
                "status": "Available",
                "requiredDataConnectors": [
                  {
                    "dataTypes": [
                      "AuditLogs"
                    ],
                    "connectorId": "AzureActiveDirectory"
                  }
                ],
                "tactics": [
                  "Persistence"
                ],
                "techniques": [
                  "T1098"
                ],
                "entityMappings": [
                  {
                    "entityType": "Account",
                    "fieldMappings": [
                      {
                        "columnName": "ExternalUser",
                        "identifier": "FullName"
                      }
                    ]
                  },
                  {
                    "entityType": "Account",
                    "fieldMappings": [
                      {
                        "columnName": "AdminInitiator",
                        "identifier": "FullName"
                      }
                    ]
                  }
                ]
              }
            },
            {
              "type": "Microsoft.OperationalInsights/workspaces/providers/metadata",
              "apiVersion": "2022-01-01-preview",
              "name": "[concat(parameters('workspace'),'/Microsoft.SecurityInsights/',concat('AnalyticsRule-', last(split(resourceId('Microsoft.SecurityInsights/AlertRuleTemplates', 'd7424fd9-abb3-4ded-a723-eebe023aaa0b'),'/'))))]",
              "properties": {
                "description": "Cloud Identity Threat Protection Essentials Analytics Rule 2",
                "parentId": "[resourceId('Microsoft.SecurityInsights/AlertRuleTemplates', 'd7424fd9-abb3-4ded-a723-eebe023aaa0b')]",
                "contentId": "d7424fd9-abb3-4ded-a723-eebe023aaa0b",
                "kind": "AnalyticsRule",
                "version": "1.0.0",
                "source": {
                  "kind": "Solution",
                  "name": "Cloud Identity Threat Protection Essentials",
                  "sourceId": "azuresentinel.azure-sentinel-solution-cloudthreatdetection"
                },
                "author": {
                  "name": "Microsoft",
                  "email": "support@microsoft.com"
                },
                "support": {
                  "name": "Microsoft Corporation",
                  "email": "support@microsoft.com",
                  "tier": "Microsoft",
                  "link": "https://support.microsoft.com"
                }
              }
            }
          ]
        },
        "packageKind": "Solution",
        "packageVersion": "2.0.1",
        "packageName": "Cloud Identity Threat Protection Essentials",
        "packageId": "azuresentinel.azure-sentinel-solution-cloudthreatdetection",
        "contentProductId": "azuresentinel.azure-sentinel-solution-cloudthreatd-ar-isqmw3dfjwdnc",
        "id": "azuresentinel.azure-sentinel-solution-cloudthreatd-ar-isqmw3dfjwdnc",
        "contentSchemaVersion": "3.0.0",
        "version": "1.0.0"
      }
    }
  ]
}