{
  "$schema": "https://schema.management.azure.com/schemas/2019-04-01/deploymentTemplate.json#",
  "contentVersion": "1.0.1",
  "parameters": {
    "location": {
      "type": "string",
      "minLength": 1,
      "defaultValue": "[resourceGroup().location]",
      "metadata": {
        "description": "Not used, but needed to pass arm-ttk test `Location-Should-Not-Be-Hardcoded`.  We instead use the `workspace-location` which is derived from the LA workspace"
      }
    },
    "workspace": {
      "defaultValue": "",
      "type": "string",
      "metadata": {
        "description": "Workspace name for Log Analytics where Microsoft Sentinel is setup"
      }
    },
    "workspace-location": {
      "type": "string",
      "defaultValue": "",
      "metadata": {
        "description": "[concat('Region to deploy solution resources -- separate from location selection',parameters('location'))]"
      }
    }
  },
  "resources": [
    {
      "type": "Microsoft.OperationalInsights/workspaces/providers/contentTemplates",
      "name": "[concat(parameters('workspace'),'/Microsoft.SecurityInsights/',concat(concat(parameters('workspace'),'-ar-',uniquestring('b7643904-5081-4920-917e-a559ddc3448f')),'1.0.1'))]",
      "location": "[parameters('workspace-location')]",
      "apiVersion": "2023-04-01-preview",
      "dependsOn": [
        "[extensionResourceId(resourceId('Microsoft.OperationalInsights/workspaces', parameters('workspace')), 'Microsoft.SecurityInsights/contentPackages', 'azuresentinel.azure-sentinel-solution-azurewebapplicationfirewal')]"
      ],
      "properties": {
        "contentId": "b7643904-5081-4920-917e-a559ddc3448f",
        "displayName": "Front Door Premium WAF - XSS Detection",
        "contentKind": "AnalyticsRule",
        "mainTemplate": {
          "$schema": "https://schema.management.azure.com/schemas/2019-04-01/deploymentTemplate.json#",
          "contentVersion": "1.0.1",
          "parameters": {},
          "variables": {},
          "resources": [
            {
              "type": "Microsoft.SecurityInsights/AlertRuleTemplates",
              "name": "b7643904-5081-4920-917e-a559ddc3448f",
              "apiVersion": "2022-04-01-preview",
              "kind": "Scheduled",
              "location": "[parameters('workspace-location')]",
              "properties": {
                "description": "Identifies a match for an XSS attack in the Front Door Premium WAF logs. The threshold value in the query can be changed as per your infrastructure's requirements.\n References: https://owasp.org/www-project-top-ten/2017/A7_2017-Cross-Site_Scripting_(XSS)",
                "displayName": "Front Door Premium WAF - XSS Detection",
                "enabled": false,
                "query": "let Threshold = 1;\nAzureDiagnostics\n| where Category =~ \"FrontDoorWebApplicationFirewallLog\"\n| where action_s =~ \"AnomalyScoring\"\n| where details_msg_s has \"XSS\"\n| parse details_data_s with MessageText \"Matched Data:\" MatchedData \"AND \" * \"table_name FROM \" TableName \" \" *\n| project trackingReference_s, host_s, requestUri_s, TimeGenerated, clientIP_s, details_matches_s, details_msg_s, details_data_s, TableName, MatchedData\n| join kind = inner(\nAzureDiagnostics\n| where Category =~ \"FrontDoorWebApplicationFirewallLog\"\n| where action_s =~ \"Block\") on trackingReference_s\n| summarize URI_s = make_set(requestUri_s,100), Table = make_set(TableName,100), StartTime = min(TimeGenerated), EndTime = max(TimeGenerated), TrackingReference = make_set(trackingReference_s,100), Matched_Data = make_set(MatchedData,100), Detail_Data = make_set(details_data_s,100), Detail_Message = make_set(details_msg_s,100), Total_TrackingReference = dcount(trackingReference_s) by clientIP_s, host_s, action_s\n| where Total_TrackingReference >= Threshold\n",
                "queryFrequency": "PT6H",
                "queryPeriod": "PT6H",
                "severity": "High",
                "suppressionDuration": "PT1H",
                "suppressionEnabled": false,
                "triggerOperator": "GreaterThan",
                "triggerThreshold": 0,
                "status": "Available",
                "requiredDataConnectors": [
                  {
                    "connectorId": "WAF",
                    "dataTypes": [
                      "AzureDiagnostics"
                    ]
                  }
                ],
                "tactics": [
                  "InitialAccess",
                  "Execution"
                ],
                "techniques": [
                  "T1189",
                  "T1203",
                  "T0853"
                ],
                "entityMappings": [
                  {
                    "fieldMappings": [
                      {
                        "identifier": "Url",
                        "columnName": "URI_s"
                      }
                    ],
                    "entityType": "URL"
                  },
                  {
                    "fieldMappings": [
                      {
                        "identifier": "Address",
                        "columnName": "clientIP_s"
                      }
                    ],
                    "entityType": "IP"
                  }
                ]
              }
            },
            {
              "type": "Microsoft.OperationalInsights/workspaces/providers/metadata",
              "apiVersion": "2022-01-01-preview",
              "name": "[concat(parameters('workspace'),'/Microsoft.SecurityInsights/',concat('AnalyticsRule-', last(split(resourceId('Microsoft.SecurityInsights/AlertRuleTemplates', 'b7643904-5081-4920-917e-a559ddc3448f'),'/'))))]",
              "properties": {
                "description": "Azure Web Application Firewall (WAF) Analytics Rule 3",
                "parentId": "[resourceId('Microsoft.SecurityInsights/AlertRuleTemplates', 'b7643904-5081-4920-917e-a559ddc3448f')]",
                "contentId": "b7643904-5081-4920-917e-a559ddc3448f",
                "kind": "AnalyticsRule",
                "version": "1.0.1",
                "source": {
                  "kind": "Solution",
                  "name": "Azure Web Application Firewall (WAF)",
                  "sourceId": "azuresentinel.azure-sentinel-solution-azurewebapplicationfirewal"
                },
                "author": {
                  "name": "Microsoft",
                  "email": "support@microsoft.com"
                },
                "support": {
                  "tier": "Microsoft",
                  "name": "Microsoft Corporation",
                  "email": "support@microsoft.com",
                  "link": "https://support.microsoft.com/"
                }
              }
            }
          ]
        },
        "packageKind": "Solution",
        "packageVersion": "2.0.4",
        "packageName": "Azure Web Application Firewall",
        "packageId": "azuresentinel.azure-sentinel-solution-azurewebapplicationfirewal",
        "contentProductId": "azuresentinel.azure-sentinel-solution-azurewebappl-ar-nqmjhf5apirq6",
        "id": "azuresentinel.azure-sentinel-solution-azurewebappl-ar-nqmjhf5apirq6",
        "contentSchemaVersion": "3.0.0",
        "version": "1.0.1"
      }
    }
  ]
}