{
  "$schema": "https://schema.management.azure.com/schemas/2019-04-01/deploymentTemplate.json#",
  "contentVersion": "1.0.2",
  "parameters": {
    "location": {
      "type": "string",
      "minLength": 1,
      "defaultValue": "[resourceGroup().location]",
      "metadata": {
        "description": "Not used, but needed to pass arm-ttk test `Location-Should-Not-Be-Hardcoded`.  We instead use the `workspace-location` which is derived from the LA workspace"
      }
    },
    "workspace": {
      "defaultValue": "",
      "type": "string",
      "metadata": {
        "description": "Workspace name for Log Analytics where Microsoft Sentinel is setup"
      }
    },
    "workspace-location": {
      "type": "string",
      "defaultValue": "",
      "metadata": {
        "description": "[concat('Region to deploy solution resources -- separate from location selection',parameters('location'))]"
      }
    }
  },
  "resources": [
    {
      "type": "Microsoft.OperationalInsights/workspaces/providers/contentTemplates",
      "name": "[concat(parameters('workspace'),'/Microsoft.SecurityInsights/',concat(concat(parameters('workspace'),'-hq-',uniquestring('cdc9b092-8a16-4559-9e5e-831877e8209a')),'1.0.2'))]",
      "location": "[parameters('workspace-location')]",
      "apiVersion": "2023-04-01-preview",
      "dependsOn": [
        "[extensionResourceId(resourceId('Microsoft.OperationalInsights/workspaces', parameters('workspace')), 'Microsoft.SecurityInsights/contentPackages', 'azuresentinel.azure-sentinel-solution-cloudthreatdetection')]"
      ],
      "properties": {
        "contentId": "cdc9b092-8a16-4559-9e5e-831877e8209a",
        "displayName": "Sign-ins from Nord VPN Providers",
        "contentKind": "HuntingQuery",
        "mainTemplate": {
          "$schema": "https://schema.management.azure.com/schemas/2019-04-01/deploymentTemplate.json#",
          "contentVersion": "1.0.2",
          "parameters": {},
          "variables": {},
          "resources": [
            {
              "type": "Microsoft.OperationalInsights/savedSearches",
              "apiVersion": "2020-08-01",
              "name": "Cloud_Identity_Threat_Protection_Essentials_Hunting_Query_4",
              "location": "[parameters('workspace-location')]",
              "properties": {
                "eTag": "*",
                "displayName": "Sign-ins from Nord VPN Providers",
                "category": "Hunting Queries",
                "query": "let nord_vpn_feed = (externaldata(id:int,ip_address: string,search_keywords: dynamic,categories:dynamic,name: string,domain:string,price:int,flag:string,country:string,location:dynamic ,load: int ,features:dynamic)\n  [@\"https://raw.githubusercontent.com/microsoft/mstic/master/nordvpn-servers.csv\"] with (format=\"csv\", ignoreFirstRecord=True));\nSigninLogs \n  | where ResultType == 0 \n  | summarize TotalEvents = count(), AppList = make_set(AppDisplayName, 100),  StartTime = min(TimeGenerated), EndTime = max(TimeGenerated) by IPAddress, UserPrincipalName, ClientAppUsed, ConditionalAccessStatus, AuthenticationRequirement, RiskDetail \n  | join kind= inner nord_vpn_feed on $left.IPAddress == $right.ip_address\n  | project StartTime , EndTime, IPAddress, UserPrincipalName, AppList, ClientAppUsed, ConditionalAccessStatus, AuthenticationRequirement, RiskDetail, categories, domain, country\n  | extend timestamp = StartTime, UserName = tostring(split(UserPrincipalName, '@', 0)[0]), UPNSuffix = tostring(split(UserPrincipalName, '@', 1)[0])\n  | extend Account_0_Name = UserName\n  | extend Account_0_UPNSuffix = UPNSuffix\n  | extend IP_0_Address = IPAddress\n",
                "version": 2,
                "tags": [
                  {
                    "name": "description",
                    "value": "This query searches for sign-in activity from Nord VPN providers, using Nord VPN's Public feed API which is updated on a daily basis.\nThe purpose is to identify any unfamiliar sign-in attempts from VPN providers, such as Nord VPN, that are not typically observed among users in the organization."
                  },
                  {
                    "name": "tactics",
                    "value": "InitialAccess"
                  },
                  {
                    "name": "techniques",
                    "value": "T1078"
                  }
                ]
              }
            },
            {
              "type": "Microsoft.OperationalInsights/workspaces/providers/metadata",
              "apiVersion": "2022-01-01-preview",
              "name": "[concat(parameters('workspace'),'/Microsoft.SecurityInsights/',concat('HuntingQuery-', last(split(resourceId('Microsoft.OperationalInsights/savedSearches', 'cdc9b092-8a16-4559-9e5e-831877e8209a'),'/'))))]",
              "properties": {
                "description": "Cloud Identity Threat Protection Essentials Hunting Query 4",
                "parentId": "[resourceId('Microsoft.OperationalInsights/savedSearches', 'cdc9b092-8a16-4559-9e5e-831877e8209a')]",
                "contentId": "cdc9b092-8a16-4559-9e5e-831877e8209a",
                "kind": "HuntingQuery",
                "version": "1.0.2",
                "source": {
                  "kind": "Solution",
                  "name": "Cloud Identity Threat Protection Essentials",
                  "sourceId": "azuresentinel.azure-sentinel-solution-cloudthreatdetection"
                },
                "author": {
                  "name": "Microsoft",
                  "email": "support@microsoft.com"
                },
                "support": {
                  "name": "Microsoft Corporation",
                  "email": "support@microsoft.com",
                  "tier": "Microsoft",
                  "link": "https://support.microsoft.com"
                }
              }
            }
          ]
        },
        "packageKind": "Solution",
        "packageVersion": "2.0.2",
        "packageName": "Cloud Identity Threat Protection Essentials",
        "packageId": "azuresentinel.azure-sentinel-solution-cloudthreatdetection",
        "contentProductId": "azuresentinel.azure-sentinel-solution-cloudthreatd-hq-wiyof2fuj6kfe",
        "id": "azuresentinel.azure-sentinel-solution-cloudthreatd-hq-wiyof2fuj6kfe",
        "contentSchemaVersion": "3.0.0",
        "version": "1.0.2"
      }
    }
  ]
}