{
  "$schema": "https://schema.management.azure.com/schemas/2019-04-01/deploymentTemplate.json#",
  "contentVersion": "1.0.0",
  "parameters": {
    "location": {
      "type": "string",
      "minLength": 1,
      "defaultValue": "[resourceGroup().location]",
      "metadata": {
        "description": "Not used, but needed to pass arm-ttk test `Location-Should-Not-Be-Hardcoded`.  We instead use the `workspace-location` which is derived from the LA workspace"
      }
    },
    "workspace": {
      "defaultValue": "",
      "type": "string",
      "metadata": {
        "description": "Workspace name for Log Analytics where Microsoft Sentinel is setup"
      }
    },
    "workspace-location": {
      "type": "string",
      "defaultValue": "",
      "metadata": {
        "description": "[concat('Region to deploy solution resources -- separate from location selection',parameters('location'))]"
      }
    }
  },
  "resources": [
    {
      "type": "Microsoft.OperationalInsights/workspaces/providers/contentTemplates",
      "name": "[concat(parameters('workspace'),'/Microsoft.SecurityInsights/',concat(concat(parameters('workspace'),'-hq-',uniquestring('29a1815a-3ada-4182-a178-e52c483d2f95')),'1.0.0'))]",
      "location": "[parameters('workspace-location')]",
      "apiVersion": "2023-04-01-preview",
      "dependsOn": [
        "[extensionResourceId(resourceId('Microsoft.OperationalInsights/workspaces', parameters('workspace')), 'Microsoft.SecurityInsights/contentPackages', 'azuresentinel.azure-sentinel-solution-dns')]"
      ],
      "properties": {
        "contentId": "29a1815a-3ada-4182-a178-e52c483d2f95",
        "displayName": "Solorigate Encoded Domain in URL",
        "contentKind": "HuntingQuery",
        "mainTemplate": {
          "$schema": "https://schema.management.azure.com/schemas/2019-04-01/deploymentTemplate.json#",
          "contentVersion": "1.0.0",
          "parameters": {},
          "variables": {},
          "resources": [
            {
              "type": "Microsoft.OperationalInsights/savedSearches",
              "apiVersion": "2020-08-01",
              "name": "Windows_Server_DNS_Hunting_Query_9",
              "location": "[parameters('workspace-location')]",
              "properties": {
                "eTag": "*",
                "displayName": "Solorigate Encoded Domain in URL",
                "category": "Hunting Queries",
                "query": "let dictionary = dynamic([\"r\",\"q\",\"3\",\"g\",\"s\",\"a\",\"l\",\"t\",\"6\",\"u\",\"1\",\"i\",\"y\",\"f\",\"z\",\"o\",\"p\",\"5\",\"7\",\"2\",\"d\",\"4\",\"9\",\"b\",\"n\",\"x\",\"8\",\"c\",\"v\",\"m\",\"k\",\"e\",\"w\",\"h\",\"j\"]);\nlet regex_bad_domains = SigninLogs\n//Collect domains from tenant from signin logs\n| extend domain = tostring(split(UserPrincipalName, \"@\", 1)[0])\n| where domain != \"\"\n| summarize by domain\n| extend split_domain = split(domain, \".\")\n//This cuts back on domains such as na.contoso.com by electing not to match on the \"na\" portion\n| extend target_string = iff(strlen(split_domain[0]) <= 2, split_domain[1], split_domain[0])\n| extend target_string = split(target_string, \"-\")\n| mv-expand target_string\n//Rip all of the alphanumeric out of the domain name\n| extend string_chars = extract_all(@\"([a-z0-9])\", tostring(target_string))\n//Guid for tracking our data\n| extend guid = new_guid()\n//Expand to get all of the individual chars from the domain\n| mv-expand string_chars\n| extend chars = tostring(string_chars)\n//Conduct computation to encode the domain as per actor spec\n| extend computed_char = array_index_of(dictionary, chars)\n| extend computed_char = dictionary[(computed_char + 4) % array_length(dictionary)]\n| summarize make_list(computed_char,250) by guid, domain\n| extend target_encoded = tostring(strcat_array(list_computed_char, \"\"))\n//These are probably too small, but can be edited (expect FP's when going too small)\n| where strlen(target_encoded) > 5\n| distinct target_encoded\n| summarize make_set(target_encoded,250)\n//Key to join to DNS\n| extend key = 1;\nDnsEvents\n| summarize StartTime = min(TimeGenerated), EndTime = max(TimeGenerated) by Name\n| extend key = 1\n//For each DNS query join the malicious domain list\n| join kind=inner ( \n    regex_bad_domains\n) on key\n| project-away key\n//Expand each malicious key for each DNS query observed\n| mv-expand set_target_encoded\n//IndexOf allows us to fuzzy match on the substring\n| extend match = indexof(Name, set_target_encoded)\n| where match > -1\n| extend DNS_0_DomainName = Name\n",
                "version": 2,
                "tags": [
                  {
                    "name": "description",
                    "value": "Looks for a logon domain seen in Azure AD logs appearing in a DNS query encoded with the DGA encoding used in the Solorigate incident.\nReference: https://blogs.microsoft.com/on-the-issues/2020/12/13/customers-protect-nation-state-cyberattacks/"
                  },
                  {
                    "name": "tactics",
                    "value": "CommandAndControl"
                  },
                  {
                    "name": "techniques",
                    "value": "T1568"
                  }
                ]
              }
            },
            {
              "type": "Microsoft.OperationalInsights/workspaces/providers/metadata",
              "apiVersion": "2022-01-01-preview",
              "name": "[concat(parameters('workspace'),'/Microsoft.SecurityInsights/',concat('HuntingQuery-', last(split(resourceId('Microsoft.OperationalInsights/savedSearches', '29a1815a-3ada-4182-a178-e52c483d2f95'),'/'))))]",
              "properties": {
                "description": "Windows Server DNS Hunting Query 9",
                "parentId": "[resourceId('Microsoft.OperationalInsights/savedSearches', '29a1815a-3ada-4182-a178-e52c483d2f95')]",
                "contentId": "29a1815a-3ada-4182-a178-e52c483d2f95",
                "kind": "HuntingQuery",
                "version": "1.0.0",
                "source": {
                  "kind": "Solution",
                  "name": "Windows Server DNS",
                  "sourceId": "azuresentinel.azure-sentinel-solution-dns"
                },
                "author": {
                  "name": "Microsoft",
                  "email": "support@microsoft.com"
                },
                "support": {
                  "name": "Microsoft Corporation",
                  "email": "support@microsoft.com",
                  "tier": "Microsoft",
                  "link": "https://support.microsoft.com"
                }
              }
            }
          ]
        },
        "packageKind": "Solution",
        "packageVersion": "2.0.5",
        "packageName": "Windows Server DNS",
        "packageId": "azuresentinel.azure-sentinel-solution-dns",
        "contentProductId": "azuresentinel.azure-sentinel-solution-dns-hq-zujwab3db3nso",
        "id": "azuresentinel.azure-sentinel-solution-dns-hq-zujwab3db3nso",
        "contentSchemaVersion": "3.0.0",
        "version": "1.0.0"
      }
    }
  ]
}