{
  "$schema": "https://schema.management.azure.com/schemas/2019-04-01/deploymentTemplate.json#",
  "contentVersion": "1.2.1",
  "parameters": {
    "location": {
      "type": "string",
      "minLength": 1,
      "defaultValue": "[resourceGroup().location]",
      "metadata": {
        "description": "Not used, but needed to pass arm-ttk test `Location-Should-Not-Be-Hardcoded`.  We instead use the `workspace-location` which is derived from the LA workspace"
      }
    },
    "workspace": {
      "defaultValue": "",
      "type": "string",
      "metadata": {
        "description": "Workspace name for Log Analytics where Microsoft Sentinel is setup"
      }
    },
    "workspace-location": {
      "type": "string",
      "defaultValue": "",
      "metadata": {
        "description": "[concat('Region to deploy solution resources -- separate from location selection',parameters('location'))]"
      }
    }
  },
  "resources": [
    {
      "type": "Microsoft.OperationalInsights/workspaces/providers/contentTemplates",
      "name": "[concat(parameters('workspace'),'/Microsoft.SecurityInsights/',concat(concat(parameters('workspace'),'-ar-',uniquestring('595a10c9-91be-4abb-bbc7-ae9c57848bef')),'1.2.1'))]",
      "location": "[parameters('workspace-location')]",
      "apiVersion": "2023-04-01-preview",
      "dependsOn": [
        "[extensionResourceId(resourceId('Microsoft.OperationalInsights/workspaces', parameters('workspace')), 'Microsoft.SecurityInsights/contentPackages', 'azuresentinel.azure-sentinel-solution-ioclegacy')]"
      ],
      "properties": {
        "contentId": "595a10c9-91be-4abb-bbc7-ae9c57848bef",
        "displayName": "Chia_Crypto_Mining - Domain, Process, Hash and IP IOCs - June 2021",
        "contentKind": "AnalyticsRule",
        "mainTemplate": {
          "$schema": "https://schema.management.azure.com/schemas/2019-04-01/deploymentTemplate.json#",
          "contentVersion": "1.2.1",
          "parameters": {},
          "variables": {},
          "resources": [
            {
              "type": "Microsoft.SecurityInsights/AlertRuleTemplates",
              "name": "595a10c9-91be-4abb-bbc7-ae9c57848bef",
              "apiVersion": "2022-04-01-preview",
              "kind": "Scheduled",
              "location": "[parameters('workspace-location')]",
              "properties": {
                "description": "Identifies a match across various data feeds for domains, process, hashes and IP IOC related to Chia cryptocurrency farming/plotting activity.",
                "displayName": "Chia_Crypto_Mining - Domain, Process, Hash and IP IOCs - June 2021",
                "enabled": false,
                "query": "let iocs = externaldata(DateAdded:string,IoC:string,Type:string,TLP:string) [@\"https://raw.githubusercontent.com/Azure/Azure-Sentinel/master/Sample%20Data/Feeds/ChiaCryptoIOC.csv\"] with (format=\"csv\", ignoreFirstRecord=True);\nlet process = (iocs | where Type =~ \"process\" | project IoC);\nlet sha256Hashes = (iocs | where Type =~ \"sha256\" | project IoC);\nlet IPList = (iocs | where Type =~ \"ip\"| project IoC);\nlet domains = (iocs | where Type =~ \"domainname\"| project IoC);\nlet IPRegex = '[0-9]{1,3}\\\\.[0-9]{1,3}\\\\.[0-9]{1,3}\\\\.[0-9]{1,3}';\n(union isfuzzy=true\n(CommonSecurityLog\n| where SourceIP in (IPList) or DestinationIP in (IPList) or DestinationHostName has_any (domains) or RequestURL has_any (domains) or Message has_any (IPList)\n| parse Message with * '(' DNSName ')' * \n| project TimeGenerated, SourceIP, DestinationIP, Message, SourceUserID, RequestURL, DNSName, Type\n| extend MessageIP = extract(IPRegex, 0, Message), RequestIP = extract(IPRegex, 0, RequestURL)\n| extend IPMatch = case(SourceIP in (IPList), \"SourceIP\", DestinationIP in (IPList), \"DestinationIP\", MessageIP in (IPList), \"Message\", RequestURL has_any (domains), \"RequestUrl\", \"NoMatch\"),  AlertDetail = 'Chia crypto IOC detected'\n| extend timestamp = TimeGenerated, IPEntity = case(IPMatch == \"SourceIP\", SourceIP, IPMatch == \"DestinationIP\", DestinationIP, IPMatch == \"Message\", MessageIP, \"NoMatch\"), Account = SourceUserID\n),\n(DnsEvents\n| where IPAddresses in (IPList) or Name in~ (domains)  \n| project TimeGenerated, Computer, IPAddresses, Name, ClientIP, Type\n| extend DestinationIPAddress = IPAddresses, DNSName = Name, Computer\n| extend timestamp = TimeGenerated, IPEntity = DestinationIPAddress\n),\n(VMConnection\n| where SourceIp in (IPList) or DestinationIp in (IPList) or RemoteDnsCanonicalNames has_any (domains)\n| parse RemoteDnsCanonicalNames with * '[\"' DNSName '\"]' *\n| project TimeGenerated, Computer, Direction, ProcessName, SourceIp, DestinationIp, DestinationPort, RemoteDnsQuestions, DNSName,BytesSent, BytesReceived, RemoteCountry, Type\n| extend IPMatch = case( SourceIp in (IPList), \"SourceIP\", DestinationIp in (IPList), \"DestinationIP\", \"None\") \n| extend timestamp = TimeGenerated, IPEntity = case(IPMatch == \"SourceIP\", SourceIp, IPMatch == \"DestinationIP\", DestinationIp, \"NoMatch\"), File = ProcessName\n),\n(Event\n| where Source == \"Microsoft-Windows-Sysmon\"\n| where EventID == 3\n| extend EvData = parse_xml(EventData)\n| extend EventDetail = EvData.DataItem.EventData.Data\n| extend SourceIP = tostring(EventDetail.[9].[\"#text\"]), DestinationIP = tostring(EventDetail.[14].[\"#text\"]), Image = tostring(EventDetail.[4].[\"#text\"])\n| where SourceIP in (IPList) or DestinationIP in (IPList) or Image has_any (process)\n| project TimeGenerated, SourceIP, DestinationIP, Image, Account = UserName, Computer, Type\n| extend IPMatch = case( SourceIP in (IPList), \"SourceIP\", DestinationIP in (IPList), \"DestinationIP\", \"None\") \n| extend timestamp = TimeGenerated, File = tostring(split(Image, '\\\\', -1)[-1]), IPEntity = case(IPMatch == \"SourceIP\", SourceIP, IPMatch == \"DestinationIP\", DestinationIP, \"None\")\n| extend FilePath = replace_string(Image, File, '')\n),  \n(OfficeActivity\n| where ClientIP in (IPList) \n| project TimeGenerated, UserAgent, Operation, RecordType, UserId, ClientIP, Type\n| extend timestamp = TimeGenerated, IPEntity = ClientIP, Account = UserId\n),\n(DeviceNetworkEvents\n| where RemoteUrl has_any (domains) or RemoteIP in (IPList) or InitiatingProcessSHA256 in (sha256Hashes) or InitiatingProcessFileName has_any (process)\n| project TimeGenerated, ActionType, DeviceId, Computer = DeviceName, InitiatingProcessAccountDomain, InitiatingProcessAccountName, InitiatingProcessCommandLine, InitiatingProcessFolderPath, InitiatingProcessId, InitiatingProcessParentFileName, InitiatingProcessFileName, RemoteIP, RemoteUrl, RemotePort, LocalIP, Type\n| extend timestamp = TimeGenerated, IPEntity = RemoteIP\n),\n(WindowsFirewall\n| where SourceIP in (IPList) or DestinationIP in (IPList) \n| project TimeGenerated, Computer, CommunicationDirection, SourceIP, DestinationIP, SourcePort, DestinationPort, Type\n| extend IPMatch = case( SourceIP in (IPList), \"SourceIP\", DestinationIP in (IPList), \"DestinationIP\", \"None\")\n| extend timestamp = TimeGenerated, Computer, IPEntity = case(IPMatch == \"SourceIP\", SourceIP, IPMatch == \"DestinationIP\", DestinationIP, \"None\")\n),\n(AzureDiagnostics\n| where ResourceType == \"AZUREFIREWALLS\"\n| where Category == \"AzureFirewallDnsProxy\"\n| project TimeGenerated,Resource, msg_s, Type\n| parse msg_s with \"DNS Request: \" ClientIP \":\" ClientPort \" - \" QueryID \" \" Request_Type \" \" Request_Class \" \" Request_Name \". \" Request_Protocol \" \" Request_Size \" \" EDNSO_DO \" \" EDNS0_Buffersize \" \" Responce_Code \" \" Responce_Flags \" \" Responce_Size \" \" Response_Duration\n| where Request_Name has_any (domains)  or ClientIP in (IPList)\n| extend timestamp = TimeGenerated, DNSName = Request_Name, IPEntity = ClientIP\n),\n(AzureDiagnostics \n| where ResourceType == \"AZUREFIREWALLS\"\n| where Category == \"AzureFirewallApplicationRule\"\n| project TimeGenerated,Resource, msg_s, Type\n| parse msg_s with Protocol 'request from ' SourceHost ':' SourcePort 'to ' DestinationHost ':' DestinationPort '. Action:' Action\n| where isnotempty(DestinationHost)\n| where DestinationHost has_any (domains)  \n| extend timestamp = TimeGenerated, DNSName = DestinationHost, IPEntity = SourceHost\n),\n(AZFWApplicationRule\n| where isnotempty (Fqdn)\n| where Fqdn has_any (domains)\n| extend timestamp = TimeGenerated\n| extend DNSName = Fqdn\n| extend IPEntity = SourceIp\n),\n(AZFWDnsQuery\n| where isnotempty(QueryName)\n| where QueryName has_any (domains) or SourceIp in (IPList)\n| extend timestamp = TimeGenerated\n| extend DNSName = QueryName\n| extend IPEntity = SourceIp\n),\n(Event\n| where Source == \"Microsoft-Windows-Sysmon\"\n| extend EvData = parse_xml(EventData)\n| extend EventDetail = EvData.DataItem.EventData.Data\n| where EventDetail has_any (sha256Hashes) \n| parse EventDetail with * 'SHA256=' SHA256 '\",' *\n| project TimeGenerated, EventDetail, UserName, Computer, Type, Source, SHA256\n| extend Type = strcat(Type, \": \", Source), Account = UserName, FileHash = SHA256, Image = tostring(EventDetail.[4].[\"#text\"])\n| extend timestamp = TimeGenerated, Computer, Account, File = tostring(split(Image, '\\\\', -1)[-1]), FileHashAlgo = 'SHA256'\n| extend FilePath = replace_string(Image, File, '')\n),\n(DeviceFileEvents\n| where  InitiatingProcessFolderPath has_any (process)\n| project TimeGenerated, ActionType, DeviceId, DeviceName, InitiatingProcessAccountDomain, InitiatingProcessAccountName, InitiatingProcessCommandLine, InitiatingProcessFolderPath, InitiatingProcessId, InitiatingProcessParentFileName, InitiatingProcessFileName, RequestAccountName, RequestSourceIP, InitiatingProcessSHA256, Type\n| extend Account = RequestAccountName, Computer = DeviceName, IPAddress = RequestSourceIP, CommandLine = InitiatingProcessCommandLine, FileHash = InitiatingProcessSHA256\n| extend timestamp = TimeGenerated, Computer, Account, File = InitiatingProcessFileName, FileHashAlgo = 'SHA256'\n| extend FilePath = replace_string(InitiatingProcessFolderPath, File, '')\n),\n(CommonSecurityLog\n| where FileHash in (sha256Hashes)\n| project TimeGenerated, Message, SourceUserID, FileHash, Type\n| extend timestamp = TimeGenerated, FileHashAlgo = 'SHA256', Account = SourceUserID\n),\n(Event\n| where Source == \"Microsoft-Windows-Sysmon\"\n| where EventID == 1\n| extend EvData = parse_xml(EventData)\n| extend EventDetail = EvData.DataItem.EventData.Data\n| project TimeGenerated, EventDetail, UserName, Computer, Type\n| extend Image = tostring(EventDetail.[4].[\"#text\"]), CommandLine = tostring(EventDetail.[10].[\"#text\"]), Account = UserName, FileHash = tostring(EventDetail.[17].[\"#text\"])\n| where Image has_any (process)\n| extend timestamp = TimeGenerated, Computer, Account, File = tostring(split(Image, '\\\\', -1)[-1]), FileHashAlgo = 'SHA256'\n| extend FilePath= replace_string(Image, File, '')\n),\n(DeviceEvents\n| where  InitiatingProcessFileName has_any (process) or InitiatingProcessSHA256 in~ (sha256Hashes)\n| project TimeGenerated, ActionType, DeviceId, DeviceName, InitiatingProcessAccountDomain, InitiatingProcessAccountName, InitiatingProcessCommandLine, InitiatingProcessFolderPath, InitiatingProcessId, InitiatingProcessParentFileName, InitiatingProcessFileName, InitiatingProcessSHA256, Type\n| extend Account = InitiatingProcessAccountName, Computer = DeviceName, CommandLine = InitiatingProcessCommandLine, FileHash = InitiatingProcessSHA256, Image = InitiatingProcessFolderPath\n| extend timestamp = TimeGenerated, Computer, Account, File = InitiatingProcessFileName, FileHashAlgo = 'SHA256'\n| extend FilePath = replace_string(InitiatingProcessFolderPath, File, '')\n),\n(SecurityEvent\n| where EventID == '4688'\n| where NewProcessName  has_any (process)\n| project TimeGenerated, Computer, NewProcessName, ParentProcessName, Account, NewProcessId, Type\n| extend timestamp = TimeGenerated, Computer, Account, File = tostring(split(NewProcessName, '\\\\', -1)[-1])\n| extend FilePath = replace_string(NewProcessName, File, '')\n)\n)\n| extend AccountCustomEntity = Account, HostCustomEntity = Computer, IPCustomEntity = IPEntity, FileCustomEntity = File, FilePathCustomEntity = FilePath, FileHashCustomEntity = FileHash\n",
                "queryFrequency": "PT6H",
                "queryPeriod": "PT6H",
                "severity": "Low",
                "suppressionDuration": "PT1H",
                "suppressionEnabled": false,
                "triggerOperator": "GreaterThan",
                "triggerThreshold": 0,
                "status": "Available",
                "requiredDataConnectors": [
                  {
                    "connectorId": "DNS",
                    "dataTypes": [
                      "DnsEvents"
                    ]
                  },
                  {
                    "connectorId": "AzureMonitor(VMInsights)",
                    "dataTypes": [
                      "VMConnection"
                    ]
                  },
                  {
                    "connectorId": "F5",
                    "dataTypes": [
                      "CommonSecurityLog"
                    ]
                  },
                  {
                    "connectorId": "CiscoASA",
                    "dataTypes": [
                      "CommonSecurityLog"
                    ]
                  },
                  {
                    "connectorId": "PaloAltoNetworks",
                    "dataTypes": [
                      "CommonSecurityLog"
                    ]
                  },
                  {
                    "connectorId": "Fortinet",
                    "dataTypes": [
                      "CommonSecurityLog"
                    ]
                  },
                  {
                    "connectorId": "CheckPoint",
                    "dataTypes": [
                      "CommonSecurityLog"
                    ]
                  },
                  {
                    "connectorId": "CEF",
                    "dataTypes": [
                      "CommonSecurityLog"
                    ]
                  },
                  {
                    "connectorId": "MicrosoftThreatProtection",
                    "dataTypes": [
                      "DeviceNetworkEvents",
                      "DeviceFileEvents",
                      "DeviceEvents"
                    ]
                  },
                  {
                    "connectorId": "SecurityEvents",
                    "dataTypes": [
                      "SecurityEvent"
                    ]
                  },
                  {
                    "connectorId": "Office365",
                    "dataTypes": [
                      "OfficeActivity"
                    ]
                  },
                  {
                    "connectorId": "AzureFirewall",
                    "dataTypes": [
                      "AzureDiagnostics",
                      "AZFWApplicationRule",
                      "AZFWDnsQuery"
                    ]
                  },
                  {
                    "connectorId": "WindowsFirewall",
                    "dataTypes": [
                      "WindowsFirewall"
                    ]
                  }
                ],
                "tactics": [
                  "Impact"
                ],
                "techniques": [
                  "T1496"
                ],
                "entityMappings": [
                  {
                    "fieldMappings": [
                      {
                        "columnName": "AccountCustomEntity",
                        "identifier": "FullName"
                      }
                    ],
                    "entityType": "Account"
                  },
                  {
                    "fieldMappings": [
                      {
                        "columnName": "HostCustomEntity",
                        "identifier": "FullName"
                      }
                    ],
                    "entityType": "Host"
                  },
                  {
                    "fieldMappings": [
                      {
                        "columnName": "IPCustomEntity",
                        "identifier": "Address"
                      }
                    ],
                    "entityType": "IP"
                  },
                  {
                    "fieldMappings": [
                      {
                        "columnName": "FileCustomEntity",
                        "identifier": "Name"
                      },
                      {
                        "columnName": "FilePathCustomEntity",
                        "identifier": "Directory"
                      }
                    ],
                    "entityType": "File"
                  },
                  {
                    "fieldMappings": [
                      {
                        "columnName": "FileHashAlgo",
                        "identifier": "Algorithm"
                      },
                      {
                        "columnName": "FileHashCustomEntity",
                        "identifier": "Value"
                      }
                    ],
                    "entityType": "FileHash"
                  }
                ]
              }
            },
            {
              "type": "Microsoft.OperationalInsights/workspaces/providers/metadata",
              "apiVersion": "2022-01-01-preview",
              "name": "[concat(parameters('workspace'),'/Microsoft.SecurityInsights/',concat('AnalyticsRule-', last(split(resourceId('Microsoft.SecurityInsights/AlertRuleTemplates', '595a10c9-91be-4abb-bbc7-ae9c57848bef'),'/'))))]",
              "properties": {
                "description": "Legacy IOC based Threat Protection Analytics Rule 5",
                "parentId": "[resourceId('Microsoft.SecurityInsights/AlertRuleTemplates', '595a10c9-91be-4abb-bbc7-ae9c57848bef')]",
                "contentId": "595a10c9-91be-4abb-bbc7-ae9c57848bef",
                "kind": "AnalyticsRule",
                "version": "1.2.1",
                "source": {
                  "kind": "Solution",
                  "name": "Legacy IOC based Threat Protection",
                  "sourceId": "azuresentinel.azure-sentinel-solution-ioclegacy"
                },
                "author": {
                  "name": "Microsoft",
                  "email": "support@microsoft.com"
                },
                "support": {
                  "name": "Microsoft Corporation",
                  "email": "support@microsoft.com",
                  "tier": "Microsoft",
                  "link": "https://support.microsoft.com"
                }
              }
            }
          ]
        },
        "packageKind": "Solution",
        "packageVersion": "2.0.7",
        "packageName": "Legacy IOC based Threat Protection",
        "packageId": "azuresentinel.azure-sentinel-solution-ioclegacy",
        "contentProductId": "azuresentinel.azure-sentinel-solution-ioclegacy-ar-abqbos4v3gzgw",
        "id": "azuresentinel.azure-sentinel-solution-ioclegacy-ar-abqbos4v3gzgw",
        "contentSchemaVersion": "3.0.0"
      }
    }
  ]
}