{
  "$schema": "https://schema.management.azure.com/schemas/2019-04-01/deploymentTemplate.json#",
  "contentVersion": "1.0.1",
  "parameters": {
    "location": {
      "type": "string",
      "minLength": 1,
      "defaultValue": "[resourceGroup().location]",
      "metadata": {
        "description": "Not used, but needed to pass arm-ttk test `Location-Should-Not-Be-Hardcoded`.  We instead use the `workspace-location` which is derived from the LA workspace"
      }
    },
    "workspace": {
      "defaultValue": "",
      "type": "string",
      "metadata": {
        "description": "Workspace name for Log Analytics where Microsoft Sentinel is setup"
      }
    },
    "workspace-location": {
      "type": "string",
      "defaultValue": "",
      "metadata": {
        "description": "[concat('Region to deploy solution resources -- separate from location selection',parameters('location'))]"
      }
    }
  },
  "resources": [
    {
      "type": "Microsoft.OperationalInsights/workspaces/providers/contentTemplates",
      "name": "[concat(parameters('workspace'),'/Microsoft.SecurityInsights/',concat(concat(parameters('workspace'),'-ar-',uniquestring('ce02935c-cc67-4b77-9b96-93d9947e119a')),'1.0.1'))]",
      "location": "[parameters('workspace-location')]",
      "apiVersion": "2023-04-01-preview",
      "dependsOn": [
        "[extensionResourceId(resourceId('Microsoft.OperationalInsights/workspaces', parameters('workspace')), 'Microsoft.SecurityInsights/contentPackages', 'azuresentinel.azure-sentinel-solution-ioclegacy')]"
      ],
      "properties": {
        "contentId": "ce02935c-cc67-4b77-9b96-93d9947e119a",
        "displayName": "KNOTWEED C2 Domains July 2022",
        "contentKind": "AnalyticsRule",
        "mainTemplate": {
          "$schema": "https://schema.management.azure.com/schemas/2019-04-01/deploymentTemplate.json#",
          "contentVersion": "1.0.1",
          "parameters": {},
          "variables": {},
          "resources": [
            {
              "type": "Microsoft.SecurityInsights/AlertRuleTemplates",
              "name": "ce02935c-cc67-4b77-9b96-93d9947e119a",
              "apiVersion": "2022-04-01-preview",
              "kind": "Scheduled",
              "location": "[parameters('workspace-location')]",
              "properties": {
                "description": "This query looks for references to known KNOTWEED Domains in network logs.\n  This query was published July 2022.\n  Ref: https://www.microsoft.com/security/blog/2022/07/27/untangling-knotweed-european-private-sector-offensive-actor-using-0-day-exploits/",
                "displayName": "KNOTWEED C2 Domains July 2022",
                "enabled": false,
                "query": "let DomainNames = dynamic([\"acrobatrelay.com\", \"finconsult.cc\", \"realmetaldns.com\"]); \n(union isfuzzy=true \n(CommonSecurityLog  \n| parse Message with * '(' DNSName ')' *  \n| where DNSName in~ (DomainNames) \n| extend Account = SourceUserID, Computer = DeviceName, IPAddress =  DestinationIP \n), \n(_Im_Dns (domain_has_any=DomainNames)\n| extend DNSName = DnsQuery \n| extend IPAddress =  SrcIpAddr, Computer = Dvc\n), \n(_Im_WebSession (url_has_any=DomainNames)\n| extend DNSName = tostring(parse_url(Url)[\"Host\"])\n| extend IPAddress =  SrcIpAddr, Computer = Dvc\n), \n(VMConnection  \n| parse RemoteDnsCanonicalNames with * '[\"' DNSName '\"]' * \n| where isnotempty(DNSName) \n| where DNSName  in~ (DomainNames) \n| extend IPAddress = RemoteIp \n), \n( \n DeviceNetworkEvents \n| where isnotempty(RemoteUrl) \n| where RemoteUrl  has_any (DomainNames)  \n| extend IPAddress = RemoteIP \n| extend Computer = DeviceName \n),\n(AzureDiagnostics \n| where ResourceType == \"AZUREFIREWALLS\"\n| where Category == \"AzureFirewallApplicationRule\"\n| parse msg_s with Protocol 'request from ' SourceHost ':' SourcePort 'to ' DestinationHost ':' DestinationPort '. Action:' Action\n| where isnotempty(DestinationHost)\n| where DestinationHost has_any (DomainNames)  \n| extend DNSName = DestinationHost \n| extend IPAddress = SourceHost\n) \n) \n| extend timestamp = TimeGenerated, AccountCustomEntity = Account, HostCustomEntity = Computer, IPCustomEntity = IPAddress \n",
                "queryFrequency": "P1D",
                "queryPeriod": "P1D",
                "severity": "High",
                "suppressionDuration": "PT1H",
                "suppressionEnabled": false,
                "triggerOperator": "GreaterThan",
                "triggerThreshold": 0,
                "status": "Available",
                "requiredDataConnectors": [
                  {
                    "connectorId": "AzureMonitor(VMInsights)",
                    "dataTypes": [
                      "VMConnection"
                    ]
                  },
                  {
                    "connectorId": "DNS",
                    "dataTypes": [
                      "DnsEvents"
                    ]
                  },
                  {
                    "connectorId": "MicrosoftThreatProtection",
                    "dataTypes": [
                      "DeviceNetworkEvents"
                    ]
                  }
                ],
                "tactics": [
                  "CommandAndControl"
                ],
                "techniques": [
                  "T1071"
                ],
                "entityMappings": [
                  {
                    "fieldMappings": [
                      {
                        "columnName": "AccountCustomEntity",
                        "identifier": "FullName"
                      }
                    ],
                    "entityType": "Account"
                  },
                  {
                    "fieldMappings": [
                      {
                        "columnName": "HostCustomEntity",
                        "identifier": "HostName"
                      }
                    ],
                    "entityType": "Host"
                  },
                  {
                    "fieldMappings": [
                      {
                        "columnName": "IPCustomEntity",
                        "identifier": "Address"
                      }
                    ],
                    "entityType": "IP"
                  }
                ]
              }
            },
            {
              "type": "Microsoft.OperationalInsights/workspaces/providers/metadata",
              "apiVersion": "2022-01-01-preview",
              "name": "[concat(parameters('workspace'),'/Microsoft.SecurityInsights/',concat('AnalyticsRule-', last(split(resourceId('Microsoft.SecurityInsights/AlertRuleTemplates', 'ce02935c-cc67-4b77-9b96-93d9947e119a'),'/'))))]",
              "properties": {
                "description": "Legacy IOC based Threat Protection Analytics Rule 15",
                "parentId": "[resourceId('Microsoft.SecurityInsights/AlertRuleTemplates', 'ce02935c-cc67-4b77-9b96-93d9947e119a')]",
                "contentId": "ce02935c-cc67-4b77-9b96-93d9947e119a",
                "kind": "AnalyticsRule",
                "version": "1.0.1",
                "source": {
                  "kind": "Solution",
                  "name": "Legacy IOC based Threat Protection",
                  "sourceId": "azuresentinel.azure-sentinel-solution-ioclegacy"
                },
                "author": {
                  "name": "Microsoft",
                  "email": "support@microsoft.com"
                },
                "support": {
                  "name": "Microsoft Corporation",
                  "email": "support@microsoft.com",
                  "tier": "Microsoft",
                  "link": "https://support.microsoft.com"
                }
              }
            }
          ]
        },
        "packageKind": "Solution",
        "packageVersion": "2.0.7",
        "packageName": "Legacy IOC based Threat Protection",
        "packageId": "azuresentinel.azure-sentinel-solution-ioclegacy",
        "contentProductId": "azuresentinel.azure-sentinel-solution-ioclegacy-ar-nlimahys64zco",
        "id": "azuresentinel.azure-sentinel-solution-ioclegacy-ar-nlimahys64zco",
        "contentSchemaVersion": "3.0.0"
      }
    }
  ]
}