{
  "$schema": "https://schema.management.azure.com/schemas/2019-04-01/deploymentTemplate.json#",
  "contentVersion": "1.0.0",
  "parameters": {
    "location": {
      "type": "string",
      "minLength": 1,
      "defaultValue": "[resourceGroup().location]",
      "metadata": {
        "description": "Not used, but needed to pass arm-ttk test `Location-Should-Not-Be-Hardcoded`.  We instead use the `workspace-location` which is derived from the LA workspace"
      }
    },
    "workspace": {
      "defaultValue": "",
      "type": "string",
      "metadata": {
        "description": "Workspace name for Log Analytics where Microsoft Sentinel is setup"
      }
    },
    "workspace-location": {
      "type": "string",
      "defaultValue": "",
      "metadata": {
        "description": "[concat('Region to deploy solution resources -- separate from location selection',parameters('location'))]"
      }
    }
  },
  "resources": [
    {
      "type": "Microsoft.OperationalInsights/workspaces/providers/contentTemplates",
      "name": "[concat(parameters('workspace'),'/Microsoft.SecurityInsights/',concat(concat(parameters('workspace'),'-hq-',uniquestring('5366b848-0886-439f-b312-0b94bb687d06')),'1.0.0'))]",
      "location": "[parameters('workspace-location')]",
      "apiVersion": "2023-04-01-preview",
      "dependsOn": [
        "[extensionResourceId(resourceId('Microsoft.OperationalInsights/workspaces', parameters('workspace')), 'Microsoft.SecurityInsights/contentPackages', 'azuresentinel.azure-sentinel-solution-dns-domain')]"
      ],
      "properties": {
        "contentId": "5366b848-0886-439f-b312-0b94bb687d06",
        "displayName": "Top 25 Domains with large number of Subdomains (ASIM DNS Solution)",
        "contentKind": "HuntingQuery",
        "mainTemplate": {
          "$schema": "https://schema.management.azure.com/schemas/2019-04-01/deploymentTemplate.json#",
          "contentVersion": "1.0.0",
          "parameters": {},
          "variables": {},
          "resources": [
            {
              "type": "Microsoft.OperationalInsights/savedSearches",
              "apiVersion": "2020-08-01",
              "name": "DNS_Essentials_Hunting_Query_5",
              "location": "[parameters('workspace-location')]",
              "properties": {
                "eTag": "*",
                "displayName": "Top 25 Domains with large number of Subdomains (ASIM DNS Solution)",
                "category": "Hunting Queries",
                "query": "let lookback=1d;\n_Im_Dns(starttime=ago(lookback),endtime=now())\n| distinct DnsQuery\n| extend DomainParts = split(DnsQuery,'.')\n| extend DomainName = strcat(DomainParts[toint(array_length(DomainParts)-2)],'.',DomainParts[toint(array_length(DomainParts)-1)])\n| summarize SubDomainCount=dcount(DnsQuery),make_list(DnsQuery) by DomainName\n| order by SubDomainCount\n| take 25\n| extend DNS_0_DomainName = DomainName\n",
                "version": 2,
                "tags": [
                  {
                    "name": "description",
                    "value": "A large number of subdomains for a domain may be an indicator of a suspicious domain. This query returns the top 25 domains by number of subdomains."
                  },
                  {
                    "name": "tactics",
                    "value": "CommandAndControl"
                  },
                  {
                    "name": "techniques",
                    "value": "T1568,T1008,T1048"
                  }
                ]
              }
            },
            {
              "type": "Microsoft.OperationalInsights/workspaces/providers/metadata",
              "apiVersion": "2022-01-01-preview",
              "name": "[concat(parameters('workspace'),'/Microsoft.SecurityInsights/',concat('HuntingQuery-', last(split(resourceId('Microsoft.OperationalInsights/savedSearches', '5366b848-0886-439f-b312-0b94bb687d06'),'/'))))]",
              "properties": {
                "description": "DNS Essentials Hunting Query 5",
                "parentId": "[resourceId('Microsoft.OperationalInsights/savedSearches', '5366b848-0886-439f-b312-0b94bb687d06')]",
                "contentId": "5366b848-0886-439f-b312-0b94bb687d06",
                "kind": "HuntingQuery",
                "version": "1.0.0",
                "source": {
                  "kind": "Solution",
                  "name": "DNS Essentials",
                  "sourceId": "azuresentinel.azure-sentinel-solution-dns-domain"
                },
                "author": {
                  "name": "Microsoft",
                  "email": "support@microsoft.com"
                },
                "support": {
                  "name": "Microsoft Corporation",
                  "email": "support@microsoft.com",
                  "tier": "Microsoft",
                  "link": "https://support.microsoft.com"
                }
              }
            }
          ]
        },
        "packageKind": "Solution",
        "packageVersion": "2.0.2",
        "packageName": "DNS Essentials",
        "packageId": "azuresentinel.azure-sentinel-solution-dns-domain",
        "contentProductId": "azuresentinel.azure-sentinel-solution-dns-domain-hq-ryuihln7ifeqq",
        "id": "azuresentinel.azure-sentinel-solution-dns-domain-hq-ryuihln7ifeqq",
        "contentSchemaVersion": "3.0.0",
        "version": "1.0.0"
      }
    }
  ]
}