{
  "$schema": "https://schema.management.azure.com/schemas/2019-04-01/deploymentTemplate.json#",
  "contentVersion": "1.0.0",
  "parameters": {
    "location": {
      "type": "string",
      "minLength": 1,
      "defaultValue": "[resourceGroup().location]",
      "metadata": {
        "description": "Not used, but needed to pass arm-ttk test `Location-Should-Not-Be-Hardcoded`.  We instead use the `workspace-location` which is derived from the LA workspace"
      }
    },
    "workspace": {
      "defaultValue": "",
      "type": "string",
      "metadata": {
        "description": "Workspace name for Log Analytics where Microsoft Sentinel is setup"
      }
    },
    "workspace-location": {
      "type": "string",
      "defaultValue": "",
      "metadata": {
        "description": "[concat('Region to deploy solution resources -- separate from location selection',parameters('location'))]"
      }
    }
  },
  "resources": [
    {
      "type": "Microsoft.OperationalInsights/workspaces/providers/contentTemplates",
      "name": "[concat(parameters('workspace'),'/Microsoft.SecurityInsights/',concat(concat(parameters('workspace'),'-ar-',uniquestring('74ed028d-e392-40b7-baef-e69627bf89d1')),'1.0.0'))]",
      "location": "[parameters('workspace-location')]",
      "apiVersion": "2023-04-01-preview",
      "dependsOn": [
        "[extensionResourceId(resourceId('Microsoft.OperationalInsights/workspaces', parameters('workspace')), 'Microsoft.SecurityInsights/contentPackages', 'azuresentinel.azure-sentinel-solution-azuredevopsauditing')]"
      ],
      "properties": {
        "contentId": "74ed028d-e392-40b7-baef-e69627bf89d1",
        "displayName": "NRT Azure DevOps Audit Stream Disabled",
        "contentKind": "AnalyticsRule",
        "mainTemplate": {
          "$schema": "https://schema.management.azure.com/schemas/2019-04-01/deploymentTemplate.json#",
          "contentVersion": "1.0.0",
          "parameters": {},
          "variables": {},
          "resources": [
            {
              "type": "Microsoft.SecurityInsights/AlertRuleTemplates",
              "name": "74ed028d-e392-40b7-baef-e69627bf89d1",
              "apiVersion": "2022-04-01-preview",
              "kind": "NRT",
              "location": "[parameters('workspace-location')]",
              "properties": {
                "description": "Azure DevOps allow for audit logs to be streamed to external storage solutions such as SIEM solutions. An attacker looking to hide malicious Azure DevOps activity from defenders may look to disable data streams \n before conducting activity and then re-enabling the stream after (so as not to raise data threshold-based alarms). Looking for disabled audit streams can identify this activity, and due to the nature of the action \n its unlikely to have a high false positive rate.",
                "displayName": "NRT Azure DevOps Audit Stream Disabled",
                "enabled": false,
                "query": "AzureDevOpsAuditing\n| where OperationName =~ \"AuditLog.StreamDisabledByUser\"\n| extend StreamType = tostring(Data.ConsumerType)\n| project-reorder TimeGenerated, Details, ActorUPN, IpAddress, UserAgent, StreamType\n| extend timestamp = TimeGenerated, AccountCustomEntity = ActorUPN, IPCustomEntity = IpAddress\n",
                "severity": "High",
                "suppressionDuration": "PT1H",
                "suppressionEnabled": false,
                "status": "Available",
                "tactics": [
                  "DefenseEvasion"
                ],
                "techniques": [
                  "T1562"
                ],
                "entityMappings": [
                  {
                    "entityType": "Account",
                    "fieldMappings": [
                      {
                        "columnName": "AccountCustomEntity",
                        "identifier": "FullName"
                      }
                    ]
                  },
                  {
                    "entityType": "IP",
                    "fieldMappings": [
                      {
                        "columnName": "IPCustomEntity",
                        "identifier": "Address"
                      }
                    ]
                  }
                ]
              }
            },
            {
              "type": "Microsoft.OperationalInsights/workspaces/providers/metadata",
              "apiVersion": "2022-01-01-preview",
              "name": "[concat(parameters('workspace'),'/Microsoft.SecurityInsights/',concat('AnalyticsRule-', last(split(resourceId('Microsoft.SecurityInsights/AlertRuleTemplates', '74ed028d-e392-40b7-baef-e69627bf89d1'),'/'))))]",
              "properties": {
                "description": "AzureDevOpsAuditing Analytics Rule 18",
                "parentId": "[resourceId('Microsoft.SecurityInsights/AlertRuleTemplates', '74ed028d-e392-40b7-baef-e69627bf89d1')]",
                "contentId": "74ed028d-e392-40b7-baef-e69627bf89d1",
                "kind": "AnalyticsRule",
                "version": "1.0.0",
                "source": {
                  "kind": "Solution",
                  "name": "AzureDevOpsAuditing",
                  "sourceId": "azuresentinel.azure-sentinel-solution-azuredevopsauditing"
                },
                "author": {
                  "name": "Microsoft",
                  "email": "support@microsoft.com"
                },
                "support": {
                  "tier": "Microsoft",
                  "email": "support@microsoft.com",
                  "name": "Microsoft Corporation",
                  "link": "https://support.microsoft.com/"
                }
              }
            }
          ]
        },
        "packageKind": "Solution",
        "packageVersion": "2.0.2",
        "packageName": "Azure DevOps Auditing",
        "packageId": "azuresentinel.azure-sentinel-solution-azuredevopsauditing",
        "contentProductId": "azuresentinel.azure-sentinel-solution-azuredevopsa-ar-7jxb5yowvd3cu",
        "id": "azuresentinel.azure-sentinel-solution-azuredevopsa-ar-7jxb5yowvd3cu",
        "contentSchemaVersion": "3.0.0",
        "version": "1.0.0"
      }
    }
  ]
}