{
  "$schema": "https://schema.management.azure.com/schemas/2019-04-01/deploymentTemplate.json#",
  "contentVersion": "1.0.1",
  "parameters": {
    "location": {
      "type": "string",
      "minLength": 1,
      "defaultValue": "[resourceGroup().location]",
      "metadata": {
        "description": "Not used, but needed to pass arm-ttk test `Location-Should-Not-Be-Hardcoded`.  We instead use the `workspace-location` which is derived from the LA workspace"
      }
    },
    "workspace": {
      "defaultValue": "",
      "type": "string",
      "metadata": {
        "description": "Workspace name for Log Analytics where Microsoft Sentinel is setup"
      }
    },
    "workspace-location": {
      "type": "string",
      "defaultValue": "",
      "metadata": {
        "description": "[concat('Region to deploy solution resources -- separate from location selection',parameters('location'))]"
      }
    }
  },
  "resources": [
    {
      "type": "Microsoft.OperationalInsights/workspaces/providers/contentTemplates",
      "name": "[concat(parameters('workspace'),'/Microsoft.SecurityInsights/',concat(concat(parameters('workspace'),'-ar-',uniquestring('9367dff0-941d-44e2-8875-cb48570c7add')),'1.0.1'))]",
      "location": "[parameters('workspace-location')]",
      "apiVersion": "2023-04-01-preview",
      "dependsOn": [
        "[extensionResourceId(resourceId('Microsoft.OperationalInsights/workspaces', parameters('workspace')), 'Microsoft.SecurityInsights/contentPackages', 'azuresentinel.azure-sentinel-solution-endpointthreat')]"
      ],
      "properties": {
        "contentId": "9367dff0-941d-44e2-8875-cb48570c7add",
        "displayName": "Registry Persistence via AppInit DLLs Modification",
        "contentKind": "AnalyticsRule",
        "mainTemplate": {
          "$schema": "https://schema.management.azure.com/schemas/2019-04-01/deploymentTemplate.json#",
          "contentVersion": "1.0.1",
          "parameters": {},
          "variables": {},
          "resources": [
            {
              "type": "Microsoft.SecurityInsights/AlertRuleTemplates",
              "name": "9367dff0-941d-44e2-8875-cb48570c7add",
              "apiVersion": "2022-04-01-preview",
              "kind": "Scheduled",
              "location": "[parameters('workspace-location')]",
              "properties": {
                "description": "Adversaries may establish persistence and/or elevate privileges by executing malicious content triggered by AppInit DLLs loaded into processes. \nDynamic-link libraries (DLLs) that are specified in the AppInit_DLLs value in the Registry keys HKEY_LOCAL_MACHINE\\Software\\Microsoft\\Windows NT\\CurrentVersion\\Windows or HKEY_LOCAL_MACHINE\\Software\\Wow6432Node\\Microsoft\\Windows NT\\CurrentVersion\\Windows are loaded by user32.dll into every process that loads user32.dll. In practice this is nearly every program, since user32.dll is a very common library.\nRef: https://attack.mitre.org/techniques/T1546/010/",
                "displayName": "Registry Persistence via AppInit DLLs Modification",
                "enabled": false,
                "query": "Event\n| where EventLog =~ \"Microsoft-Windows-Sysmon/Operational\" and EventID in (13)\n| parse EventData with * 'TargetObject\">' TargetObject \"<\" * 'Details\">' Details \"<\" * \n| where TargetObject has \"\\\\Windows NT\\\\CurrentVersion\\\\Windows\\\\AppInit_DLLs\"\n| summarize StartTimeUtc = min(TimeGenerated), EndTimeUtc = max(TimeGenerated) by EventID, Computer, TargetObject, Details\n| extend HostName = iif(Computer has '.',substring(Computer,0,indexof(Computer,'.')),Computer) , DnsDomain = iif(Computer has '.',substring(Computer,indexof(Computer,'.')+1),'')\n",
                "queryFrequency": "PT1H",
                "queryPeriod": "PT1H",
                "severity": "Medium",
                "suppressionDuration": "PT1H",
                "suppressionEnabled": false,
                "triggerOperator": "GreaterThan",
                "triggerThreshold": 0,
                "status": "Available",
                "requiredDataConnectors": [
                  {
                    "connectorId": "SecurityEvents",
                    "dataTypes": [
                      "SecurityEvent"
                    ]
                  }
                ],
                "tactics": [
                  "Persistence"
                ],
                "techniques": [
                  "T1546"
                ],
                "entityMappings": [
                  {
                    "fieldMappings": [
                      {
                        "identifier": "Key",
                        "columnName": "TargetObject"
                      }
                    ],
                    "entityType": "RegistryKey"
                  },
                  {
                    "fieldMappings": [
                      {
                        "identifier": "HostName",
                        "columnName": "HostName"
                      },
                      {
                        "identifier": "DnsDomain",
                        "columnName": "DnsDomain"
                      }
                    ],
                    "entityType": "Host"
                  }
                ]
              }
            },
            {
              "type": "Microsoft.OperationalInsights/workspaces/providers/metadata",
              "apiVersion": "2022-01-01-preview",
              "name": "[concat(parameters('workspace'),'/Microsoft.SecurityInsights/',concat('AnalyticsRule-', last(split(resourceId('Microsoft.SecurityInsights/AlertRuleTemplates', '9367dff0-941d-44e2-8875-cb48570c7add'),'/'))))]",
              "properties": {
                "description": "Endpoint Threat Protection Essentials Analytics Rule 9",
                "parentId": "[resourceId('Microsoft.SecurityInsights/AlertRuleTemplates', '9367dff0-941d-44e2-8875-cb48570c7add')]",
                "contentId": "9367dff0-941d-44e2-8875-cb48570c7add",
                "kind": "AnalyticsRule",
                "version": "1.0.1",
                "source": {
                  "kind": "Solution",
                  "name": "Endpoint Threat Protection Essentials",
                  "sourceId": "azuresentinel.azure-sentinel-solution-endpointthreat"
                },
                "author": {
                  "name": "Microsoft",
                  "email": "support@microsoft.com"
                },
                "support": {
                  "name": "Microsoft Corporation",
                  "email": "support@microsoft.com",
                  "tier": "Microsoft",
                  "link": "https://support.microsoft.com"
                }
              }
            }
          ]
        },
        "packageKind": "Solution",
        "packageVersion": "2.0.2",
        "packageName": "Endpoint Threat Protection Essentials",
        "packageId": "azuresentinel.azure-sentinel-solution-endpointthreat",
        "contentProductId": "azuresentinel.azure-sentinel-solution-endpointthre-ar-myrmi6fepw62u",
        "id": "azuresentinel.azure-sentinel-solution-endpointthre-ar-myrmi6fepw62u",
        "contentSchemaVersion": "3.0.0",
        "version": "1.0.1"
      }
    }
  ]
}