{
  "$schema": "https://schema.management.azure.com/schemas/2019-04-01/deploymentTemplate.json#",
  "contentVersion": "1.0.1",
  "parameters": {
    "location": {
      "type": "string",
      "minLength": 1,
      "defaultValue": "[resourceGroup().location]",
      "metadata": {
        "description": "Not used, but needed to pass arm-ttk test `Location-Should-Not-Be-Hardcoded`.  We instead use the `workspace-location` which is derived from the LA workspace"
      }
    },
    "workspace": {
      "defaultValue": "",
      "type": "string",
      "metadata": {
        "description": "Workspace name for Log Analytics where Microsoft Sentinel is setup"
      }
    },
    "workspace-location": {
      "type": "string",
      "defaultValue": "",
      "metadata": {
        "description": "[concat('Region to deploy solution resources -- separate from location selection',parameters('location'))]"
      }
    }
  },
  "resources": [
    {
      "type": "Microsoft.OperationalInsights/workspaces/providers/contentTemplates",
      "name": "[concat(parameters('workspace'),'/Microsoft.SecurityInsights/',concat(concat(parameters('workspace'),'-ar-',uniquestring('ab4b6944-a20d-42ab-8b63-238426525801')),'1.0.1'))]",
      "location": "[parameters('workspace-location')]",
      "apiVersion": "2023-04-01-preview",
      "dependsOn": [
        "[extensionResourceId(resourceId('Microsoft.OperationalInsights/workspaces', parameters('workspace')), 'Microsoft.SecurityInsights/contentPackages', 'azuresentinel.azure-sentinel-solution-ioclegacy')]"
      ],
      "properties": {
        "contentId": "ab4b6944-a20d-42ab-8b63-238426525801",
        "displayName": "Solorigate Domains Found in VM Insights",
        "contentKind": "AnalyticsRule",
        "mainTemplate": {
          "$schema": "https://schema.management.azure.com/schemas/2019-04-01/deploymentTemplate.json#",
          "contentVersion": "1.0.1",
          "parameters": {},
          "variables": {},
          "resources": [
            {
              "type": "Microsoft.SecurityInsights/AlertRuleTemplates",
              "name": "ab4b6944-a20d-42ab-8b63-238426525801",
              "apiVersion": "2022-04-01-preview",
              "kind": "Scheduled",
              "location": "[parameters('workspace-location')]",
              "properties": {
                "description": "Identifies connections to Solorigate-related DNS records based on VM insights data",
                "displayName": "Solorigate Domains Found in VM Insights",
                "enabled": false,
                "query": "\nlet domains = dynamic([\"incomeupdate.com\",\"zupertech.com\",\"databasegalore.com\",\"panhardware.com\",\"avsvmcloud.com\",\"digitalcollege.org\",\"freescanonline.com\",\"deftsecurity.com\",\"thedoccloud.com\",\"virtualdataserver.com\",\"lcomputers.com\",\"webcodez.com\",\"globalnetworkissues.com\",\"kubecloud.com\",\"seobundlekit.com\",\"solartrackingsystem.net\",\"virtualwebdata.com\"]);\nlet timeframe = 1h;\nlet connections = VMConnection \n    | where TimeGenerated >= ago(timeframe)\n    | extend DNSName = set_union(todynamic(RemoteDnsCanonicalNames),todynamic(RemoteDnsQuestions))\n    | mv-expand DNSName\n    | where isnotempty(DNSName)\n    | where DNSName has_any (domains)\n    | extend IPCustomEntity = RemoteIp\n    | summarize TimeGenerated = arg_min(TimeGenerated, *), requests = count() by IPCustomEntity, DNSName = tostring(DNSName), AgentId, Machine, Process;\nlet processes = VMProcess\n    | where TimeGenerated >= ago(timeframe)\n    | project AgentId, Machine, Process, UserName, UserDomain, ExecutablePath, CommandLine, FirstPid\n    | extend exePathArr = split(ExecutablePath, \"\\\\\")\n    | extend DirectoryName = array_strcat(array_slice(exePathArr, 0, array_length(exePathArr) - 2), \"\\\\\")\n    | extend Filename = array_strcat(array_slice(exePathArr, array_length(exePathArr) - 1, array_length(exePathArr)), \"\\\\\")\n    | project-away exePathArr;\nlet computers = VMComputer\n    | where TimeGenerated >= ago(timeframe)\n    | project HostCustomEntity = HostName, AzureResourceId = _ResourceId, AgentId, Machine;\nconnections | join kind = inner (processes) on AgentId, Machine, Process\n            | join kind = inner (computers) on AgentId, Machine\n             \n",
                "queryFrequency": "PT1H",
                "queryPeriod": "PT1H",
                "severity": "High",
                "suppressionDuration": "PT1H",
                "suppressionEnabled": false,
                "triggerOperator": "GreaterThan",
                "triggerThreshold": 0,
                "status": "Available",
                "requiredDataConnectors": [
                  {
                    "connectorId": "AzureMonitor(VMInsights)",
                    "dataTypes": [
                      "VMConnection"
                    ]
                  },
                  {
                    "connectorId": "AzureMonitor(VMInsights)",
                    "dataTypes": [
                      "VMProcess"
                    ]
                  },
                  {
                    "connectorId": "AzureMonitor(VMInsights)",
                    "dataTypes": [
                      "VMComputer"
                    ]
                  }
                ],
                "tactics": [
                  "CommandAndControl"
                ],
                "techniques": [
                  "T1102"
                ],
                "entityMappings": [
                  {
                    "fieldMappings": [
                      {
                        "columnName": "HostCustomEntity",
                        "identifier": "HostName"
                      }
                    ],
                    "entityType": "Host"
                  },
                  {
                    "fieldMappings": [
                      {
                        "columnName": "IPCustomEntity",
                        "identifier": "Address"
                      }
                    ],
                    "entityType": "IP"
                  },
                  {
                    "fieldMappings": [
                      {
                        "columnName": "DNSName",
                        "identifier": "DomainName"
                      }
                    ],
                    "entityType": "DNS"
                  },
                  {
                    "fieldMappings": [
                      {
                        "columnName": "FirstPid",
                        "identifier": "ProcessId"
                      },
                      {
                        "columnName": "CommandLine",
                        "identifier": "CommandLine"
                      }
                    ],
                    "entityType": "Process"
                  },
                  {
                    "fieldMappings": [
                      {
                        "columnName": "DirectoryName",
                        "identifier": "Directory"
                      },
                      {
                        "columnName": "Filename",
                        "identifier": "Name"
                      }
                    ],
                    "entityType": "File"
                  }
                ]
              }
            },
            {
              "type": "Microsoft.OperationalInsights/workspaces/providers/metadata",
              "apiVersion": "2022-01-01-preview",
              "name": "[concat(parameters('workspace'),'/Microsoft.SecurityInsights/',concat('AnalyticsRule-', last(split(resourceId('Microsoft.SecurityInsights/AlertRuleTemplates', 'ab4b6944-a20d-42ab-8b63-238426525801'),'/'))))]",
              "properties": {
                "description": "Legacy IOC based Threat Protection Analytics Rule 27",
                "parentId": "[resourceId('Microsoft.SecurityInsights/AlertRuleTemplates', 'ab4b6944-a20d-42ab-8b63-238426525801')]",
                "contentId": "ab4b6944-a20d-42ab-8b63-238426525801",
                "kind": "AnalyticsRule",
                "version": "1.0.1",
                "source": {
                  "kind": "Solution",
                  "name": "Legacy IOC based Threat Protection",
                  "sourceId": "azuresentinel.azure-sentinel-solution-ioclegacy"
                },
                "author": {
                  "name": "Microsoft",
                  "email": "support@microsoft.com"
                },
                "support": {
                  "name": "Microsoft Corporation",
                  "email": "support@microsoft.com",
                  "tier": "Microsoft",
                  "link": "https://support.microsoft.com"
                }
              }
            }
          ]
        },
        "packageKind": "Solution",
        "packageVersion": "2.0.7",
        "packageName": "Legacy IOC based Threat Protection",
        "packageId": "azuresentinel.azure-sentinel-solution-ioclegacy",
        "contentProductId": "azuresentinel.azure-sentinel-solution-ioclegacy-ar-vntedccvp6xxi",
        "id": "azuresentinel.azure-sentinel-solution-ioclegacy-ar-vntedccvp6xxi",
        "contentSchemaVersion": "3.0.0"
      }
    }
  ]
}