{
  "$schema": "https://schema.management.azure.com/schemas/2019-04-01/deploymentTemplate.json#",
  "contentVersion": "1.0.0",
  "parameters": {
    "location": {
      "type": "string",
      "minLength": 1,
      "defaultValue": "[resourceGroup().location]",
      "metadata": {
        "description": "Not used, but needed to pass arm-ttk test `Location-Should-Not-Be-Hardcoded`.  We instead use the `workspace-location` which is derived from the LA workspace"
      }
    },
    "workspace": {
      "defaultValue": "",
      "type": "string",
      "metadata": {
        "description": "Workspace name for Log Analytics where Microsoft Sentinel is setup"
      }
    },
    "workspace-location": {
      "type": "string",
      "defaultValue": "",
      "metadata": {
        "description": "[concat('Region to deploy solution resources -- separate from location selection',parameters('location'))]"
      }
    }
  },
  "resources": [
    {
      "type": "Microsoft.OperationalInsights/workspaces/providers/contentTemplates",
      "name": "[concat(parameters('workspace'),'/Microsoft.SecurityInsights/',concat(concat(parameters('workspace'),'-hq-',uniquestring('7aad876a-a6fe-4c11-879e-8b29d35ff739')),'1.0.0'))]",
      "location": "[parameters('workspace-location')]",
      "apiVersion": "2023-04-01-preview",
      "dependsOn": [
        "[extensionResourceId(resourceId('Microsoft.OperationalInsights/workspaces', parameters('workspace')), 'Microsoft.SecurityInsights/contentPackages', 'azuresentinel.azure-sentinel-solution-endpointthreat')]"
      ],
      "properties": {
        "contentId": "7aad876a-a6fe-4c11-879e-8b29d35ff739",
        "displayName": "Remote Scheduled Task Creation or Update using ATSVC Named Pipe",
        "contentKind": "HuntingQuery",
        "mainTemplate": {
          "$schema": "https://schema.management.azure.com/schemas/2019-04-01/deploymentTemplate.json#",
          "contentVersion": "1.0.0",
          "parameters": {},
          "variables": {},
          "resources": [
            {
              "type": "Microsoft.OperationalInsights/savedSearches",
              "apiVersion": "2020-08-01",
              "name": "Endpoint_Threat_Protection_Essentials_Hunting_Query_7",
              "location": "[parameters('workspace-location')]",
              "properties": {
                "eTag": "*",
                "displayName": "Remote Scheduled Task Creation or Update using ATSVC Named Pipe",
                "category": "Hunting Queries",
                "query": "SecurityEvent\n| where EventID == 5145 and ShareName==\"\\\\\\\\*\\\\IPC$\" and RelativeTargetName == \"atsvc\"\n| summarize StartTime = min(TimeGenerated), EndTime = max(TimeGenerated) by EventID, Computer, SubjectUserName, ShareName, RelativeTargetName, IpAddress\n",
                "version": 2,
                "tags": [
                  {
                    "name": "description",
                    "value": "This query detects a scheduled task, created/updated remotely, using the ATSVC name pipe. \nThreat actors are using scheduled tasks for establishing persistence and moving laterally through the network.\nRef: https://blog.menasec.net/2019/03/threat-hunting-25-scheduled-tasks-for.html"
                  },
                  {
                    "name": "tactics",
                    "value": "Persistence"
                  },
                  {
                    "name": "techniques",
                    "value": "T1053.002"
                  }
                ]
              }
            },
            {
              "type": "Microsoft.OperationalInsights/workspaces/providers/metadata",
              "apiVersion": "2022-01-01-preview",
              "name": "[concat(parameters('workspace'),'/Microsoft.SecurityInsights/',concat('HuntingQuery-', last(split(resourceId('Microsoft.OperationalInsights/savedSearches', '7aad876a-a6fe-4c11-879e-8b29d35ff739'),'/'))))]",
              "properties": {
                "description": "Endpoint Threat Protection Essentials Hunting Query 7",
                "parentId": "[resourceId('Microsoft.OperationalInsights/savedSearches', '7aad876a-a6fe-4c11-879e-8b29d35ff739')]",
                "contentId": "7aad876a-a6fe-4c11-879e-8b29d35ff739",
                "kind": "HuntingQuery",
                "version": "1.0.0",
                "source": {
                  "kind": "Solution",
                  "name": "Endpoint Threat Protection Essentials",
                  "sourceId": "azuresentinel.azure-sentinel-solution-endpointthreat"
                },
                "author": {
                  "name": "Microsoft",
                  "email": "support@microsoft.com"
                },
                "support": {
                  "name": "Microsoft Corporation",
                  "email": "support@microsoft.com",
                  "tier": "Microsoft",
                  "link": "https://support.microsoft.com"
                }
              }
            }
          ]
        },
        "packageKind": "Solution",
        "packageVersion": "2.0.1",
        "packageName": "Endpoint Threat Protection Essentials",
        "packageId": "azuresentinel.azure-sentinel-solution-endpointthreat",
        "contentProductId": "azuresentinel.azure-sentinel-solution-endpointthre-hq-sry5k3v3xu364",
        "id": "azuresentinel.azure-sentinel-solution-endpointthre-hq-sry5k3v3xu364",
        "contentSchemaVersion": "3.0.0",
        "version": "1.0.0"
      }
    }
  ]
}