{
  "$schema": "https://schema.management.azure.com/schemas/2019-04-01/deploymentTemplate.json#",
  "contentVersion": "1.0.2",
  "parameters": {
    "location": {
      "type": "string",
      "minLength": 1,
      "defaultValue": "[resourceGroup().location]",
      "metadata": {
        "description": "Not used, but needed to pass arm-ttk test `Location-Should-Not-Be-Hardcoded`.  We instead use the `workspace-location` which is derived from the LA workspace"
      }
    },
    "workspace": {
      "defaultValue": "",
      "type": "string",
      "metadata": {
        "description": "Workspace name for Log Analytics where Microsoft Sentinel is setup"
      }
    },
    "workspace-location": {
      "type": "string",
      "defaultValue": "",
      "metadata": {
        "description": "[concat('Region to deploy solution resources -- separate from location selection',parameters('location'))]"
      }
    }
  },
  "resources": [
    {
      "type": "Microsoft.OperationalInsights/workspaces/providers/contentTemplates",
      "name": "[concat(parameters('workspace'),'/Microsoft.SecurityInsights/',concat(concat(parameters('workspace'),'-ar-',uniquestring('5b8344eb-fa28-4ac3-bcff-bc19d5d63089')),'1.0.2'))]",
      "location": "[parameters('workspace-location')]",
      "apiVersion": "2023-04-01-preview",
      "dependsOn": [
        "[extensionResourceId(resourceId('Microsoft.OperationalInsights/workspaces', parameters('workspace')), 'Microsoft.SecurityInsights/contentPackages', 'azuresentinel.azure-sentinel-solution-dns-domain')]"
      ],
      "properties": {
        "contentId": "5b8344eb-fa28-4ac3-bcff-bc19d5d63089",
        "displayName": "Detect DNS queries reporting multiple errors from different clients - Static threshold based (ASIM DNS Solution)",
        "contentKind": "AnalyticsRule",
        "mainTemplate": {
          "$schema": "https://schema.management.azure.com/schemas/2019-04-01/deploymentTemplate.json#",
          "contentVersion": "1.0.2",
          "parameters": {},
          "variables": {},
          "resources": [
            {
              "type": "Microsoft.SecurityInsights/AlertRuleTemplates",
              "name": "5b8344eb-fa28-4ac3-bcff-bc19d5d63089",
              "apiVersion": "2022-04-01-preview",
              "kind": "Scheduled",
              "location": "[parameters('workspace-location')]",
              "properties": {
                "description": "This rule creates an alert when multiple clients report errors for the same DNS query. This helps in identifying possible similar C2 communications originating from different clients. It utilizes [ASIM](https://aka.ms/AboutASIM) normalization and is applied to any source that supports the ASIM DNS schema.",
                "displayName": "Detect DNS queries reporting multiple errors from different clients - Static threshold based (ASIM DNS Solution)",
                "enabled": false,
                "query": "let lookback=1h;\nlet threshold = 2;\nlet errors = dynamic(['NXDOMAIN', 'SERVFAIL', 'REFUSED']);\n_Im_Dns(starttime=ago(lookback))\n  | where EventResultDetails has_any (errors)\n  | summarize SrcIPs = make_set(SrcIpAddr, 100) by DnsQuery, bin(TimeGenerated, 10min)\n  | where array_length(SrcIPs) >= threshold\n  | extend TotalIPs = array_length(SrcIPs),IPCountthreshold = threshold\n",
                "queryFrequency": "PT1H",
                "queryPeriod": "PT1H",
                "severity": "Medium",
                "suppressionDuration": "PT1H",
                "suppressionEnabled": false,
                "triggerOperator": "GreaterThan",
                "triggerThreshold": 0,
                "status": "Available",
                "tactics": [
                  "CommandAndControl"
                ],
                "techniques": [
                  "T1568",
                  "T1573",
                  "T1008"
                ],
                "entityMappings": [
                  {
                    "fieldMappings": [
                      {
                        "identifier": "DomainName",
                        "columnName": "DnsQuery"
                      }
                    ],
                    "entityType": "DNS"
                  }
                ],
                "eventGroupingSettings": {
                  "aggregationKind": "AlertPerResult"
                },
                "customDetails": {
                  "TotalIPs": "TotalIPs",
                  "SrcIPs": "SrcIPs",
                  "IPCountthreshold": "IPCountthreshold"
                },
                "alertDetailsOverride": {
                  "alertDescriptionFormat": "Multiple errors were detected on different clients for the same DNS query. These unsuccessful responses can be an indication of C2 communication. \n\nThreshold for total clients reporting errors: '{{IPCountthreshold}}'\n\nCurrent count of clients reporting errors for this DNS query: '{{TotalIPs}}'\n\nClients requesting this DNSQuery include:\n\n'{{SrcIPs}}'",
                  "alertDisplayNameFormat": "[Static threshold] Multiple errors for the same DNS query has been detected - '{{DnsQuery}}'"
                }
              }
            },
            {
              "type": "Microsoft.OperationalInsights/workspaces/providers/metadata",
              "apiVersion": "2022-01-01-preview",
              "name": "[concat(parameters('workspace'),'/Microsoft.SecurityInsights/',concat('AnalyticsRule-', last(split(resourceId('Microsoft.SecurityInsights/AlertRuleTemplates', '5b8344eb-fa28-4ac3-bcff-bc19d5d63089'),'/'))))]",
              "properties": {
                "description": "DNS Essentials Analytics Rule 4",
                "parentId": "[resourceId('Microsoft.SecurityInsights/AlertRuleTemplates', '5b8344eb-fa28-4ac3-bcff-bc19d5d63089')]",
                "contentId": "5b8344eb-fa28-4ac3-bcff-bc19d5d63089",
                "kind": "AnalyticsRule",
                "version": "1.0.2",
                "source": {
                  "kind": "Solution",
                  "name": "DNS Essentials",
                  "sourceId": "azuresentinel.azure-sentinel-solution-dns-domain"
                },
                "author": {
                  "name": "Microsoft",
                  "email": "support@microsoft.com"
                },
                "support": {
                  "name": "Microsoft Corporation",
                  "email": "support@microsoft.com",
                  "tier": "Microsoft",
                  "link": "https://support.microsoft.com"
                }
              }
            }
          ]
        },
        "packageKind": "Solution",
        "packageVersion": "2.0.2",
        "packageName": "DNS Essentials",
        "packageId": "azuresentinel.azure-sentinel-solution-dns-domain",
        "contentProductId": "azuresentinel.azure-sentinel-solution-dns-domain-ar-7u75d6vt7vlfy",
        "id": "azuresentinel.azure-sentinel-solution-dns-domain-ar-7u75d6vt7vlfy",
        "contentSchemaVersion": "3.0.0",
        "version": "1.0.2"
      }
    }
  ]
}