{
  "$schema": "https://schema.management.azure.com/schemas/2019-04-01/deploymentTemplate.json#",
  "contentVersion": "1.0.0",
  "parameters": {
    "location": {
      "type": "string",
      "minLength": 1,
      "defaultValue": "[resourceGroup().location]",
      "metadata": {
        "description": "Not used, but needed to pass arm-ttk test `Location-Should-Not-Be-Hardcoded`.  We instead use the `workspace-location` which is derived from the LA workspace"
      }
    },
    "workspace": {
      "defaultValue": "",
      "type": "string",
      "metadata": {
        "description": "Workspace name for Log Analytics where Microsoft Sentinel is setup"
      }
    },
    "workspace-location": {
      "type": "string",
      "defaultValue": "",
      "metadata": {
        "description": "[concat('Region to deploy solution resources -- separate from location selection',parameters('location'))]"
      }
    }
  },
  "resources": [
    {
      "type": "Microsoft.OperationalInsights/workspaces/providers/contentTemplates",
      "name": "[concat(parameters('workspace'),'/Microsoft.SecurityInsights/',concat(concat(parameters('workspace'),'-hq-',uniquestring('cf0c493b-a8af-4b32-8c7e-d4303f3a406f')),'1.0.0'))]",
      "location": "[parameters('workspace-location')]",
      "apiVersion": "2023-04-01-preview",
      "dependsOn": [
        "[extensionResourceId(resourceId('Microsoft.OperationalInsights/workspaces', parameters('workspace')), 'Microsoft.SecurityInsights/contentPackages', 'azuresentinel.azure-sentinel-solution-azuredevopsauditing')]"
      ],
      "properties": {
        "contentId": "cf0c493b-a8af-4b32-8c7e-d4303f3a406f",
        "displayName": "Azure DevOps Display Name Changes",
        "contentKind": "HuntingQuery",
        "mainTemplate": {
          "$schema": "https://schema.management.azure.com/schemas/2019-04-01/deploymentTemplate.json#",
          "contentVersion": "1.0.0",
          "parameters": {},
          "variables": {},
          "resources": [
            {
              "type": "Microsoft.OperationalInsights/savedSearches",
              "apiVersion": "2020-08-01",
              "name": "AzureDevOpsAuditing_Hunting_Query_12",
              "location": "[parameters('workspace-location')]",
              "properties": {
                "eTag": "*",
                "displayName": "Azure DevOps Display Name Changes",
                "category": "Hunting Queries",
                "query": "\nAzureDevOpsAuditing\n| where ActorCUID != '00000000-0000-0000-0000-000000000000' and ActorDisplayName != \"Azure DevOps User\"\n| summarize StartTime = min(TimeGenerated), EndTime = max(TimeGenerated), DisplayNameCount = dcount(ActorDisplayName), ActorDisplayNames = make_set(ActorDisplayName), make_set(IpAddress), make_set(ProjectName) by ActorCUID, ActorUPN\n| where DisplayNameCount > 1\n| extend timestamp = StartTime, AccountCustomEntity = ActorUPN\n",
                "version": 2,
                "tags": [
                  {
                    "name": "description",
                    "value": "Shows all users with more than 1 display name in recent history.  This is to hunt for users maliciously changing their display name as a masquerading technique"
                  },
                  {
                    "name": "tactics",
                    "value": "Persistence,DefenseEvasion"
                  },
                  {
                    "name": "techniques",
                    "value": "T1098,T1036"
                  }
                ]
              }
            },
            {
              "type": "Microsoft.OperationalInsights/workspaces/providers/metadata",
              "apiVersion": "2022-01-01-preview",
              "name": "[concat(parameters('workspace'),'/Microsoft.SecurityInsights/',concat('HuntingQuery-', last(split(resourceId('Microsoft.OperationalInsights/savedSearches', 'cf0c493b-a8af-4b32-8c7e-d4303f3a406f'),'/'))))]",
              "properties": {
                "description": "AzureDevOpsAuditing Hunting Query 12",
                "parentId": "[resourceId('Microsoft.OperationalInsights/savedSearches', 'cf0c493b-a8af-4b32-8c7e-d4303f3a406f')]",
                "contentId": "cf0c493b-a8af-4b32-8c7e-d4303f3a406f",
                "kind": "HuntingQuery",
                "version": "1.0.0",
                "source": {
                  "kind": "Solution",
                  "name": "AzureDevOpsAuditing",
                  "sourceId": "azuresentinel.azure-sentinel-solution-azuredevopsauditing"
                },
                "author": {
                  "name": "Microsoft",
                  "email": "support@microsoft.com"
                },
                "support": {
                  "tier": "Microsoft",
                  "email": "support@microsoft.com",
                  "name": "Microsoft Corporation",
                  "link": "https://support.microsoft.com/"
                }
              }
            }
          ]
        },
        "packageKind": "Solution",
        "packageVersion": "2.0.2",
        "packageName": "Azure DevOps Auditing",
        "packageId": "azuresentinel.azure-sentinel-solution-azuredevopsauditing",
        "contentProductId": "azuresentinel.azure-sentinel-solution-azuredevopsa-hq-3o3qsxz22vqxg",
        "id": "azuresentinel.azure-sentinel-solution-azuredevopsa-hq-3o3qsxz22vqxg",
        "contentSchemaVersion": "3.0.0",
        "version": "1.0.0"
      }
    }
  ]
}