{
  "$schema": "https://schema.management.azure.com/schemas/2019-04-01/deploymentTemplate.json#",
  "contentVersion": "1.1.3",
  "parameters": {
    "location": {
      "type": "string",
      "minLength": 1,
      "defaultValue": "[resourceGroup().location]",
      "metadata": {
        "description": "Not used, but needed to pass arm-ttk test `Location-Should-Not-Be-Hardcoded`.  We instead use the `workspace-location` which is derived from the LA workspace"
      }
    },
    "workspace": {
      "defaultValue": "",
      "type": "string",
      "metadata": {
        "description": "Workspace name for Log Analytics where Microsoft Sentinel is setup"
      }
    },
    "workspace-location": {
      "type": "string",
      "defaultValue": "",
      "metadata": {
        "description": "[concat('Region to deploy solution resources -- separate from location selection',parameters('location'))]"
      }
    }
  },
  "resources": [
    {
      "type": "Microsoft.OperationalInsights/workspaces/providers/contentTemplates",
      "name": "[concat(parameters('workspace'),'/Microsoft.SecurityInsights/',concat(concat(parameters('workspace'),'-ar-',uniquestring('75bf9902-0789-47c1-a5d8-f57046aa72df')),'1.1.3'))]",
      "location": "[parameters('workspace-location')]",
      "apiVersion": "2023-04-01-preview",
      "dependsOn": [
        "[extensionResourceId(resourceId('Microsoft.OperationalInsights/workspaces', parameters('workspace')), 'Microsoft.SecurityInsights/contentPackages', 'azuresentinel.azure-sentinel-solution-endpointthreat')]"
      ],
      "properties": {
        "contentId": "75bf9902-0789-47c1-a5d8-f57046aa72df",
        "displayName": "Malware in the recycle bin",
        "contentKind": "AnalyticsRule",
        "mainTemplate": {
          "$schema": "https://schema.management.azure.com/schemas/2019-04-01/deploymentTemplate.json#",
          "contentVersion": "1.1.3",
          "parameters": {},
          "variables": {},
          "resources": [
            {
              "type": "Microsoft.SecurityInsights/AlertRuleTemplates",
              "name": "75bf9902-0789-47c1-a5d8-f57046aa72df",
              "apiVersion": "2022-04-01-preview",
              "kind": "Scheduled",
              "location": "[parameters('workspace-location')]",
              "properties": {
                "description": "The query detects Windows binaries that can be used for executing malware and have been hidden in the recycle bin.\nThe list of these binaries is sourced from https://lolbas-project.github.io/\nReferences: https://azure.microsoft.com/blog/how-azure-security-center-helps-reveal-a-cyberattack/.",
                "displayName": "Malware in the recycle bin",
                "enabled": false,
                "query": "let procList = externaldata(Process:string) [@\"https://raw.githubusercontent.com/Azure/Azure-Sentinel/master/Sample%20Data/Microsoft_Lolbas_Execution_Binaries.csv\"] with (format=\"csv\", ignoreFirstRecord=True);\nlet recycle_bin_paths = dynamic([@\":\\RECYCLER\", @\":\\$RECYCLE.BIN\"]);\nlet ProcessCreationEvents=(union isfuzzy=true\n(SecurityEvent\n| where EventID==4688\n| where isnotempty(CommandLine)\n| project TimeGenerated, Computer, Account = SubjectUserName, AccountDomain = SubjectDomainName, NewProcessName,\nFileName = Process, CommandLine,  ParentProcessName\n),\n(WindowsEvent\n| where EventID==4688 and EventData has_any (procList) and EventData has_any (recycle_bin_paths)\n| extend CommandLine = tostring(EventData.CommandLine)\n| where isnotempty(CommandLine)\n| extend SubjectUserName = tostring(EventData.SubjectUserName)\n| extend SubjectDomainName = tostring(EventData.SubjectDomainName) \n| extend NewProcessName = tostring(EventData.NewProcessName)  \n| extend ParentProcessName = tostring(EventData.ParentProcessName)\n| extend Process=tostring(split(NewProcessName, '\\\\')[-1])\n| project TimeGenerated, Computer, Account = SubjectUserName, AccountDomain = SubjectDomainName, NewProcessName,\nFileName = Process, CommandLine,  ParentProcessName\n));\nProcessCreationEvents \n| where FileName in~ (procList)\n| where CommandLine has_any (recycle_bin_paths)\n| project StartTimeUtc = TimeGenerated, Computer, Account, NewProcessName, FileName, CommandLine, ParentProcessName\n| extend HostName = iif(Computer has '.',substring(Computer,0,indexof(Computer,'.')),Computer) , DnsDomain = iif(Computer has '.',substring(Computer,indexof(Computer,'.')+1),'')\n",
                "queryFrequency": "P1D",
                "queryPeriod": "P1D",
                "severity": "Medium",
                "suppressionDuration": "PT1H",
                "suppressionEnabled": false,
                "triggerOperator": "GreaterThan",
                "triggerThreshold": 0,
                "status": "Available",
                "requiredDataConnectors": [
                  {
                    "connectorId": "SecurityEvents",
                    "dataTypes": [
                      "SecurityEvent"
                    ]
                  },
                  {
                    "connectorId": "WindowsSecurityEvents",
                    "dataTypes": [
                      "SecurityEvent"
                    ]
                  },
                  {
                    "connectorId": "WindowsSecurityEvents",
                    "dataTypes": [
                      "SecurityEvents"
                    ]
                  },
                  {
                    "connectorId": "WindowsForwardedEvents",
                    "dataTypes": [
                      "WindowsEvent"
                    ]
                  }
                ],
                "tactics": [
                  "DefenseEvasion"
                ],
                "entityMappings": [
                  {
                    "fieldMappings": [
                      {
                        "identifier": "Name",
                        "columnName": "Account"
                      }
                    ],
                    "entityType": "Account"
                  },
                  {
                    "fieldMappings": [
                      {
                        "identifier": "HostName",
                        "columnName": "HostName"
                      },
                      {
                        "identifier": "DnsDomain",
                        "columnName": "DnsDomain"
                      }
                    ],
                    "entityType": "Host"
                  }
                ]
              }
            },
            {
              "type": "Microsoft.OperationalInsights/workspaces/providers/metadata",
              "apiVersion": "2022-01-01-preview",
              "name": "[concat(parameters('workspace'),'/Microsoft.SecurityInsights/',concat('AnalyticsRule-', last(split(resourceId('Microsoft.SecurityInsights/AlertRuleTemplates', '75bf9902-0789-47c1-a5d8-f57046aa72df'),'/'))))]",
              "properties": {
                "description": "Endpoint Threat Protection Essentials Analytics Rule 6",
                "parentId": "[resourceId('Microsoft.SecurityInsights/AlertRuleTemplates', '75bf9902-0789-47c1-a5d8-f57046aa72df')]",
                "contentId": "75bf9902-0789-47c1-a5d8-f57046aa72df",
                "kind": "AnalyticsRule",
                "version": "1.1.3",
                "source": {
                  "kind": "Solution",
                  "name": "Endpoint Threat Protection Essentials",
                  "sourceId": "azuresentinel.azure-sentinel-solution-endpointthreat"
                },
                "author": {
                  "name": "Microsoft",
                  "email": "support@microsoft.com"
                },
                "support": {
                  "name": "Microsoft Corporation",
                  "email": "support@microsoft.com",
                  "tier": "Microsoft",
                  "link": "https://support.microsoft.com"
                }
              }
            }
          ]
        },
        "packageKind": "Solution",
        "packageVersion": "2.0.2",
        "packageName": "Endpoint Threat Protection Essentials",
        "packageId": "azuresentinel.azure-sentinel-solution-endpointthreat",
        "contentProductId": "azuresentinel.azure-sentinel-solution-endpointthre-ar-wrplaxj7do7xq",
        "id": "azuresentinel.azure-sentinel-solution-endpointthre-ar-wrplaxj7do7xq",
        "contentSchemaVersion": "3.0.0",
        "version": "1.1.3"
      }
    }
  ]
}