{
  "$schema": "https://schema.management.azure.com/schemas/2019-04-01/deploymentTemplate.json#",
  "contentVersion": "1.0.4",
  "parameters": {
    "location": {
      "type": "string",
      "minLength": 1,
      "defaultValue": "[resourceGroup().location]",
      "metadata": {
        "description": "Not used, but needed to pass arm-ttk test `Location-Should-Not-Be-Hardcoded`.  We instead use the `workspace-location` which is derived from the LA workspace"
      }
    },
    "workspace": {
      "defaultValue": "",
      "type": "string",
      "metadata": {
        "description": "Workspace name for Log Analytics where Microsoft Sentinel is setup"
      }
    },
    "workspace-location": {
      "type": "string",
      "defaultValue": "",
      "metadata": {
        "description": "[concat('Region to deploy solution resources -- separate from location selection',parameters('location'))]"
      }
    }
  },
  "resources": [
    {
      "type": "Microsoft.OperationalInsights/workspaces/providers/contentTemplates",
      "name": "[concat(parameters('workspace'),'/Microsoft.SecurityInsights/',concat(concat(parameters('workspace'),'-ar-',uniquestring('961b6a81-5c53-40b6-9800-4f661a8faea7')),'1.0.4'))]",
      "location": "[parameters('workspace-location')]",
      "apiVersion": "2023-04-01-preview",
      "dependsOn": [
        "[extensionResourceId(resourceId('Microsoft.OperationalInsights/workspaces', parameters('workspace')), 'Microsoft.SecurityInsights/contentPackages', 'azuresentinel.azure-sentinel-solution-ioclegacy')]"
      ],
      "properties": {
        "contentId": "961b6a81-5c53-40b6-9800-4f661a8faea7",
        "displayName": "DEV-0586 Actor IOC - January 2022",
        "contentKind": "AnalyticsRule",
        "mainTemplate": {
          "$schema": "https://schema.management.azure.com/schemas/2019-04-01/deploymentTemplate.json#",
          "contentVersion": "1.0.4",
          "parameters": {},
          "variables": {},
          "resources": [
            {
              "type": "Microsoft.SecurityInsights/AlertRuleTemplates",
              "name": "961b6a81-5c53-40b6-9800-4f661a8faea7",
              "apiVersion": "2022-04-01-preview",
              "kind": "Scheduled",
              "location": "[parameters('workspace-location')]",
              "properties": {
                "description": "Identifies a match across IOC's related to an actor tracked by Microsoft as DEV-0586\n Reference: https://www.microsoft.com/security/blog/2022/01/15/destructive-malware-targeting-ukrainian-organizations/",
                "displayName": "DEV-0586 Actor IOC - January 2022",
                "enabled": false,
                "query": "let iocs = externaldata(DateAdded:string,IoC:string,Type:string,TLP:string) [@\"https://raw.githubusercontent.com/Azure/Azure-Sentinel/master/Sample%20Data/Feeds/DEV-0586.csv\"] with (format=\"csv\", ignoreFirstRecord=True);\nlet sha256Hashes = (iocs | where Type =~ \"sha256\" | project IoC);\nlet Command_Line = (iocs | where Type =~ \"CommandLine\" | project IoC);\n(union isfuzzy=true\n(DeviceProcessEvents\n| where InitiatingProcessSHA256 in (sha256Hashes) or SHA256 in (sha256Hashes) or ( InitiatingProcessCommandLine has ('127.0.0.1\\\\ADMIN$') and InitiatingProcessCommandLine has_any (Command_Line))\n| project TimeGenerated, ActionType, DeviceId, DeviceName, InitiatingProcessAccountDomain, InitiatingProcessAccountName, InitiatingProcessCommandLine, InitiatingProcessFolderPath, InitiatingProcessId, InitiatingProcessParentFileName, InitiatingProcessFileName,  InitiatingProcessSHA256, Type, AccountName, SHA256\n| extend Account = AccountName, Computer = DeviceName,  CommandLine = InitiatingProcessCommandLine, FileHash = case(InitiatingProcessSHA256 in (sha256Hashes), \"InitiatingProcessSHA256\", SHA256 in (sha256Hashes), \"SHA256\", \"No Match\")\n| extend timestamp = TimeGenerated, HostCustomEntity = Computer , AccountCustomEntity = Account, ProcessCustomEntity = InitiatingProcessFileName, FileHashCustomEntity = case(FileHash == \"InitiatingProcessSHA256\", InitiatingProcessSHA256, FileHash == \"SHA256\", SHA256, \"No Match\"), AlgorithmCustomEntity = \"SHA256\"\n),\n( SecurityEvent\n| where EventID == 4688\n| where ( CommandLine has (@'127.0.0.1\\\\ADMIN$') and CommandLine has_any (Command_Line))\n| project TimeGenerated, Computer, NewProcessName, ParentProcessName, Account, NewProcessId, Type, EventID\n| extend timestamp = TimeGenerated, HostCustomEntity = Computer , AccountCustomEntity = Account, ProcessCustomEntity = NewProcessName\n),\n( CommonSecurityLog\n| where FileHash in (sha256Hashes)\n| project TimeGenerated, Message, SourceUserID, FileHash, Type\n| extend timestamp = TimeGenerated, FileHashCustomEntity = FileHash, Account = SourceUserID, AlgorithmCustomEntity = \"SHA256\"\n),\n( imFileEvent\n| where Hash in~ (sha256Hashes) or  ( ActingProcessCommandLine has ('127.0.0.1\\\\ADMIN$') and ActingProcessCommandLine has_any (Command_Line))\n| extend Account = ActorUsername, Computer = DvcHostname, IPAddress = SrcIpAddr, CommandLine = ActingProcessCommandLine, FileHash = TargetFileSHA256\n| project Type, TimeGenerated, Computer, Account, IPAddress, CommandLine, FileHash\n| extend timestamp = TimeGenerated, AccountCustomEntity = Account, HostCustomEntity = Computer, FileHashCustomEntity = FileHash, AlgorithmCustomEntity = \"SHA256\"\n),\n(Event\n| where Source == \"Microsoft-Windows-Sysmon\"\n| where EventID == 1\n| extend EvData = parse_xml(EventData)\n| extend EventDetail = EvData.DataItem.EventData.Data\n| extend Image = EventDetail.[4].[\"#text\"],  CommandLine = EventDetail.[10].[\"#text\"], Hashes = tostring(EventDetail.[17].[\"#text\"])\n| extend Hashes = extract_all(@\"(?P<key>\\w+)=(?P<value>[a-zA-Z0-9]+)\", dynamic([\"key\",\"value\"]), Hashes)\n| extend Hashes = column_ifexists(\"Hashes\", \"\"), CommandLine = column_ifexists(\"CommandLine\", \"\")\n| extend Hashes = todynamic(Hashes) | mv-expand Hashes\n| where (Hashes[0] =~ \"SHA256\" and Hashes[1] has_any (sha256Hashes)) or ( CommandLine has ('127.0.0.1\\\\ADMIN$') and CommandLine has_any (Command_Line)) \n| project TimeGenerated, EventDetail, UserName, Computer, Type, Source, Hashes, CommandLine, Image\n| extend Type = strcat(Type, \": \", Source)\n| extend timestamp = TimeGenerated, HostCustomEntity = Computer , AccountCustomEntity = UserName, ProcessCustomEntity = tostring(split(Image, '\\\\', -1)[-1]), FileHashCustomEntity = tostring(Hashes[1]), AlgorithmCustomEntity = \"SHA256\"\n)\n)\n",
                "queryFrequency": "PT6H",
                "queryPeriod": "PT6H",
                "severity": "High",
                "suppressionDuration": "PT1H",
                "suppressionEnabled": false,
                "triggerOperator": "GreaterThan",
                "triggerThreshold": 0,
                "status": "Available",
                "requiredDataConnectors": [
                  {
                    "connectorId": "CiscoASA",
                    "dataTypes": [
                      "CommonSecurityLog"
                    ]
                  },
                  {
                    "connectorId": "PaloAltoNetworks",
                    "dataTypes": [
                      "CommonSecurityLog"
                    ]
                  },
                  {
                    "connectorId": "MicrosoftThreatProtection",
                    "dataTypes": [
                      "DeviceProcessEvents"
                    ]
                  },
                  {
                    "connectorId": "SecurityEvents",
                    "dataTypes": [
                      "SecurityEvent"
                    ]
                  },
                  {
                    "connectorId": "WindowsSecurityEvents",
                    "dataTypes": [
                      "SecurityEvent"
                    ]
                  }
                ],
                "tactics": [
                  "Impact"
                ],
                "techniques": [
                  "T1561"
                ],
                "entityMappings": [
                  {
                    "fieldMappings": [
                      {
                        "columnName": "AccountCustomEntity",
                        "identifier": "FullName"
                      }
                    ],
                    "entityType": "Account"
                  },
                  {
                    "fieldMappings": [
                      {
                        "columnName": "ProcessCustomEntity",
                        "identifier": "ProcessId"
                      }
                    ],
                    "entityType": "Process"
                  },
                  {
                    "fieldMappings": [
                      {
                        "columnName": "HostCustomEntity",
                        "identifier": "FullName"
                      }
                    ],
                    "entityType": "Host"
                  },
                  {
                    "fieldMappings": [
                      {
                        "columnName": "AlgorithmCustomEntity",
                        "identifier": "Algorithm"
                      },
                      {
                        "columnName": "FileHashCustomEntity",
                        "identifier": "Value"
                      }
                    ],
                    "entityType": "FileHash"
                  }
                ]
              }
            },
            {
              "type": "Microsoft.OperationalInsights/workspaces/providers/metadata",
              "apiVersion": "2022-01-01-preview",
              "name": "[concat(parameters('workspace'),'/Microsoft.SecurityInsights/',concat('AnalyticsRule-', last(split(resourceId('Microsoft.SecurityInsights/AlertRuleTemplates', '961b6a81-5c53-40b6-9800-4f661a8faea7'),'/'))))]",
              "properties": {
                "description": "Legacy IOC based Threat Protection Analytics Rule 8",
                "parentId": "[resourceId('Microsoft.SecurityInsights/AlertRuleTemplates', '961b6a81-5c53-40b6-9800-4f661a8faea7')]",
                "contentId": "961b6a81-5c53-40b6-9800-4f661a8faea7",
                "kind": "AnalyticsRule",
                "version": "1.0.4",
                "source": {
                  "kind": "Solution",
                  "name": "Legacy IOC based Threat Protection",
                  "sourceId": "azuresentinel.azure-sentinel-solution-ioclegacy"
                },
                "author": {
                  "name": "Microsoft",
                  "email": "support@microsoft.com"
                },
                "support": {
                  "name": "Microsoft Corporation",
                  "email": "support@microsoft.com",
                  "tier": "Microsoft",
                  "link": "https://support.microsoft.com"
                }
              }
            }
          ]
        },
        "packageKind": "Solution",
        "packageVersion": "2.0.7",
        "packageName": "Legacy IOC based Threat Protection",
        "packageId": "azuresentinel.azure-sentinel-solution-ioclegacy",
        "contentProductId": "azuresentinel.azure-sentinel-solution-ioclegacy-ar-4mxngjiwcc5sq",
        "id": "azuresentinel.azure-sentinel-solution-ioclegacy-ar-4mxngjiwcc5sq",
        "contentSchemaVersion": "3.0.0"
      }
    }
  ]
}