{
  "$schema": "https://schema.management.azure.com/schemas/2019-04-01/deploymentTemplate.json#",
  "contentVersion": "1.4.1",
  "parameters": {
    "location": {
      "type": "string",
      "minLength": 1,
      "defaultValue": "[resourceGroup().location]",
      "metadata": {
        "description": "Not used, but needed to pass arm-ttk test `Location-Should-Not-Be-Hardcoded`.  We instead use the `workspace-location` which is derived from the LA workspace"
      }
    },
    "workspace": {
      "defaultValue": "",
      "type": "string",
      "metadata": {
        "description": "Workspace name for Log Analytics where Microsoft Sentinel is setup"
      }
    },
    "workspace-location": {
      "type": "string",
      "defaultValue": "",
      "metadata": {
        "description": "[concat('Region to deploy solution resources -- separate from location selection',parameters('location'))]"
      }
    }
  },
  "resources": [
    {
      "type": "Microsoft.OperationalInsights/workspaces/providers/contentTemplates",
      "name": "[concat(parameters('workspace'),'/Microsoft.SecurityInsights/',concat(concat(parameters('workspace'),'-ar-',uniquestring('bb8a3481-dd14-4e76-8dcc-bbec8776d695')),'1.4.1'))]",
      "location": "[parameters('workspace-location')]",
      "apiVersion": "2023-04-01-preview",
      "dependsOn": [
        "[extensionResourceId(resourceId('Microsoft.OperationalInsights/workspaces', parameters('workspace')), 'Microsoft.SecurityInsights/contentPackages', 'azuresentinel.azure-sentinel-solution-ioclegacy')]"
      ],
      "properties": {
        "contentId": "bb8a3481-dd14-4e76-8dcc-bbec8776d695",
        "displayName": "NOBELIUM - Domain and IP IOCs - March 2021",
        "contentKind": "AnalyticsRule",
        "mainTemplate": {
          "$schema": "https://schema.management.azure.com/schemas/2019-04-01/deploymentTemplate.json#",
          "contentVersion": "1.4.1",
          "parameters": {},
          "variables": {},
          "resources": [
            {
              "type": "Microsoft.SecurityInsights/AlertRuleTemplates",
              "name": "bb8a3481-dd14-4e76-8dcc-bbec8776d695",
              "apiVersion": "2022-04-01-preview",
              "kind": "Scheduled",
              "location": "[parameters('workspace-location')]",
              "properties": {
                "description": "Identifies a match across various data feeds for domains and IP IOCs related to NOBELIUM.\n References: https://www.microsoft.com/security/blog/2021/03/04/goldmax-goldfinder-sibot-analyzing-nobelium-malware/",
                "displayName": "NOBELIUM - Domain and IP IOCs - March 2021",
                "enabled": false,
                "query": "let DomainNames = dynamic(['onetechcompany.com', 'reyweb.com', 'srfnetwork.org', 'sense4baby.fr', 'nikeoutletinc.org', 'megatoolkit.com']);\nlet IPList = dynamic(['185.225.69.69']);\nlet IPRegex = '[0-9]{1,3}\\\\.[0-9]{1,3}\\\\.[0-9]{1,3}\\\\.[0-9]{1,3}';\n(union isfuzzy=true\n(CommonSecurityLog\n| where SourceIP in (IPList) or DestinationIP in (IPList) or DestinationHostName in~ (DomainNames) or RequestURL has_any (DomainNames) or Message has_any (IPList)\n| parse Message with * '(' DNSName ')' * \n| extend MessageIP = extract(IPRegex, 0, Message)\n| extend IPMatch = case(SourceIP in (IPList), \"SourceIP\", DestinationIP in (IPList), \"DestinationIP\", MessageIP in (IPList), \"Message\", RequestURL in (DomainNames), \"RequestUrl\", \"NoMatch\") \n| extend timestamp = TimeGenerated, IPCustomEntity = case(IPMatch == \"SourceIP\", SourceIP, IPMatch == \"DestinationIP\", DestinationIP, IPMatch == \"Message\", MessageIP, \"NoMatch\"), AccountCustomEntity = SourceUserID\n),\n(_Im_Dns (domain_has_any=DomainNames)\n| extend DestinationIPAddress = DnsResponseName, DNSName = DnsQuery, Host = Dvc\n| extend timestamp = TimeGenerated, IPCustomEntity = DestinationIPAddress, HostCustomEntity = Host\n),\n(_Im_Dns (response_has_any_prefix=IPList)\n| extend DestinationIPAddress = DnsResponseName, DNSName = DnsQuery, Host = Dvc\n| extend timestamp = TimeGenerated, IPCustomEntity = DestinationIPAddress, HostCustomEntity = Host\n),\n(_Im_WebSession(url_has_any=DomainNames)\n| extend DestinationIPAddress = DstIpAddr, DNSName = tostring(parse_url(Url)[\"Host\"]), Host = Dvc\n| extend timestamp = TimeGenerated, IPCustomEntity = DestinationIPAddress, HostCustomEntity = Host\n),\n(VMConnection\n| where SourceIp in (IPList) or DestinationIp in (IPList) or RemoteDnsCanonicalNames has_any (DomainNames)\n| parse RemoteDnsCanonicalNames with * '[\"' DNSName '\"]' *\n| extend IPMatch = case( SourceIp in (IPList), \"SourceIP\", DestinationIp in (IPList), \"DestinationIP\", \"None\") \n| extend timestamp = TimeGenerated, IPCustomEntity = case(IPMatch == \"SourceIP\", SourceIp, IPMatch == \"DestinationIP\", DestinationIp, \"NoMatch\"), HostCustomEntity = Computer\n),\n(OfficeActivity\n| where ClientIP in (IPList)\n| extend timestamp = TimeGenerated, IPCustomEntity = ClientIP, AccountCustomEntity = UserId\n),\n(DeviceNetworkEvents\n| where RemoteUrl has_any (DomainNames) or RemoteIP in (IPList)\n| extend timestamp = TimeGenerated, DNSName = RemoteUrl, IPCustomEntity = RemoteIP, HostCustomEntity = DeviceName\n),\n(AzureDiagnostics \n| where ResourceType == \"AZUREFIREWALLS\"\n| where Category == \"AzureFirewallApplicationRule\"\n| parse msg_s with Protocol 'request from ' SourceHost ':' SourcePort 'to ' DestinationHost ':' DestinationPort '. Action:' Action\n| where isnotempty(DestinationHost)\n| where DestinationHost has_any (DomainNames)  \n| extend timestamp = TimeGenerated, DNSName = DestinationHost, IPCustomEntity = SourceHost\n),\n(AZFWApplicationRule\n| where isnotempty(Fqdn)\n| where Fqdn has_any (DomainNames)\n| extend timestamp = TimeGenerated\n| extend DNSName = Fqdn\n| extend IPCustomEntity = SourceIp\n),\n(AZFWDnsQuery\n| where isnotempty(QueryName)\n| where QueryName has_any (DomainNames)\n| extend timestamp = TimeGenerated\n| extend DNSName = QueryName\n| extend IPCustomEntity = SourceIp\n)\n)\n",
                "queryFrequency": "PT6H",
                "queryPeriod": "PT6H",
                "severity": "Medium",
                "suppressionDuration": "PT1H",
                "suppressionEnabled": false,
                "triggerOperator": "GreaterThan",
                "triggerThreshold": 0,
                "status": "Available",
                "requiredDataConnectors": [
                  {
                    "connectorId": "SquidProxy",
                    "dataTypes": [
                      "SquidProxy_CL"
                    ]
                  },
                  {
                    "connectorId": "DNS",
                    "dataTypes": [
                      "DnsEvents"
                    ]
                  },
                  {
                    "connectorId": "AzureMonitor(VMInsights)",
                    "dataTypes": [
                      "VMConnection"
                    ]
                  },
                  {
                    "connectorId": "CiscoASA",
                    "dataTypes": [
                      "CommonSecurityLog"
                    ]
                  },
                  {
                    "connectorId": "PaloAltoNetworks",
                    "dataTypes": [
                      "CommonSecurityLog"
                    ]
                  },
                  {
                    "connectorId": "MicrosoftThreatProtection",
                    "dataTypes": [
                      "DeviceNetworkEvents"
                    ]
                  },
                  {
                    "connectorId": "Office365",
                    "dataTypes": [
                      "OfficeActivity"
                    ]
                  },
                  {
                    "connectorId": "AzureFirewall",
                    "dataTypes": [
                      "AzureDiagnostics",
                      "AZFWApplicationRule",
                      "AZFWDnsQuery"
                    ]
                  },
                  {
                    "connectorId": "Zscaler",
                    "dataTypes": [
                      "CommonSecurityLog"
                    ]
                  },
                  {
                    "connectorId": "InfobloxNIOS",
                    "dataTypes": [
                      "Syslog"
                    ]
                  },
                  {
                    "connectorId": "GCPDNSDataConnector",
                    "dataTypes": [
                      "GCP_DNS_CL"
                    ]
                  },
                  {
                    "connectorId": "NXLogDnsLogs",
                    "dataTypes": [
                      "NXLog_DNS_Server_CL"
                    ]
                  },
                  {
                    "connectorId": "CiscoUmbrellaDataConnector",
                    "dataTypes": [
                      "Cisco_Umbrella_dns_CL"
                    ]
                  },
                  {
                    "connectorId": "Corelight",
                    "dataTypes": [
                      "Corelight_CL"
                    ]
                  }
                ],
                "tactics": [
                  "CommandAndControl"
                ],
                "techniques": [
                  "T1102"
                ],
                "entityMappings": [
                  {
                    "fieldMappings": [
                      {
                        "columnName": "AccountCustomEntity",
                        "identifier": "FullName"
                      }
                    ],
                    "entityType": "Account"
                  },
                  {
                    "fieldMappings": [
                      {
                        "columnName": "HostCustomEntity",
                        "identifier": "FullName"
                      }
                    ],
                    "entityType": "Host"
                  },
                  {
                    "fieldMappings": [
                      {
                        "columnName": "IPCustomEntity",
                        "identifier": "Address"
                      }
                    ],
                    "entityType": "IP"
                  },
                  {
                    "fieldMappings": [
                      {
                        "columnName": "DNSName",
                        "identifier": "DomainName"
                      }
                    ],
                    "entityType": "DNS"
                  }
                ]
              }
            },
            {
              "type": "Microsoft.OperationalInsights/workspaces/providers/metadata",
              "apiVersion": "2022-01-01-preview",
              "name": "[concat(parameters('workspace'),'/Microsoft.SecurityInsights/',concat('AnalyticsRule-', last(split(resourceId('Microsoft.SecurityInsights/AlertRuleTemplates', 'bb8a3481-dd14-4e76-8dcc-bbec8776d695'),'/'))))]",
              "properties": {
                "description": "Legacy IOC based Threat Protection Analytics Rule 21",
                "parentId": "[resourceId('Microsoft.SecurityInsights/AlertRuleTemplates', 'bb8a3481-dd14-4e76-8dcc-bbec8776d695')]",
                "contentId": "bb8a3481-dd14-4e76-8dcc-bbec8776d695",
                "kind": "AnalyticsRule",
                "version": "1.4.1",
                "source": {
                  "kind": "Solution",
                  "name": "Legacy IOC based Threat Protection",
                  "sourceId": "azuresentinel.azure-sentinel-solution-ioclegacy"
                },
                "author": {
                  "name": "Microsoft",
                  "email": "support@microsoft.com"
                },
                "support": {
                  "name": "Microsoft Corporation",
                  "email": "support@microsoft.com",
                  "tier": "Microsoft",
                  "link": "https://support.microsoft.com"
                }
              }
            }
          ]
        },
        "packageKind": "Solution",
        "packageVersion": "2.0.7",
        "packageName": "Legacy IOC based Threat Protection",
        "packageId": "azuresentinel.azure-sentinel-solution-ioclegacy",
        "contentProductId": "azuresentinel.azure-sentinel-solution-ioclegacy-ar-4zmxnx2b3kwiq",
        "id": "azuresentinel.azure-sentinel-solution-ioclegacy-ar-4zmxnx2b3kwiq",
        "contentSchemaVersion": "3.0.0"
      }
    }
  ]
}