{
  "$schema": "https://schema.management.azure.com/schemas/2019-04-01/deploymentTemplate.json#",
  "contentVersion": "1.1.1",
  "parameters": {
    "location": {
      "type": "string",
      "minLength": 1,
      "defaultValue": "[resourceGroup().location]",
      "metadata": {
        "description": "Not used, but needed to pass arm-ttk test `Location-Should-Not-Be-Hardcoded`.  We instead use the `workspace-location` which is derived from the LA workspace"
      }
    },
    "workspace": {
      "defaultValue": "",
      "type": "string",
      "metadata": {
        "description": "Workspace name for Log Analytics where Microsoft Sentinel is setup"
      }
    },
    "workspace-location": {
      "type": "string",
      "defaultValue": "",
      "metadata": {
        "description": "[concat('Region to deploy solution resources -- separate from location selection',parameters('location'))]"
      }
    }
  },
  "resources": [
    {
      "type": "Microsoft.OperationalInsights/workspaces/providers/contentTemplates",
      "name": "[concat(parameters('workspace'),'/Microsoft.SecurityInsights/',concat(concat(parameters('workspace'),'-ar-',uniquestring('7249500f-3038-4b83-8549-9cd8dfa2d498')),'1.1.1'))]",
      "location": "[parameters('workspace-location')]",
      "apiVersion": "2023-04-01-preview",
      "dependsOn": [
        "[extensionResourceId(resourceId('Microsoft.OperationalInsights/workspaces', parameters('workspace')), 'Microsoft.SecurityInsights/contentPackages', 'azuresentinel.azure-sentinel-solution-ioclegacy')]"
      ],
      "properties": {
        "contentId": "7249500f-3038-4b83-8549-9cd8dfa2d498",
        "displayName": "Known PHOSPHORUS group domains/IP - October 2020",
        "contentKind": "AnalyticsRule",
        "mainTemplate": {
          "$schema": "https://schema.management.azure.com/schemas/2019-04-01/deploymentTemplate.json#",
          "contentVersion": "1.1.1",
          "parameters": {},
          "variables": {},
          "resources": [
            {
              "type": "Microsoft.SecurityInsights/AlertRuleTemplates",
              "name": "7249500f-3038-4b83-8549-9cd8dfa2d498",
              "apiVersion": "2022-04-01-preview",
              "kind": "Scheduled",
              "location": "[parameters('workspace-location')]",
              "properties": {
                "description": "Matches IOCs related to PHOSPHORUS group activity published October 2020 with CommonSecurityLog, DnsEvents, OfficeActivity and VMConnection dataTypes.\nReferences: ",
                "displayName": "Known PHOSPHORUS group domains/IP - October 2020",
                "enabled": false,
                "query": "let DomainNames = dynamic([\"de-ma.online\", \"g20saudi.000webhostapp.com\", \"ksat20.000webhostapp.com\"]);\nlet EmailAddresses = dynamic([\"munichconference1962@gmail.com\",\"munichconference@outlook.de\", \"munichconference@outlook.com\", \"t20saudiarabia@gmail.com\", \"t20saudiarabia@hotmail.com\", \"t20saudiarabia@outlook.sa\"]);\nlet IPRegex = '[0-9]{1,3}\\\\.[0-9]{1,3}\\\\.[0-9]{1,3}\\\\.[0-9]{1,3}';\n(union isfuzzy=true\n(CommonSecurityLog\n| parse Message with * '(' DNSName ')' *\n| extend MessageIP = extract(IPRegex, 0, Message)\n| extend RequestURLIP = extract(IPRegex, 0, Message)\n| where (isnotempty(DNSName) and DNSName has_any (DomainNames))\n  or (isnotempty(DestinationHostName) and DestinationHostName has_any (DomainNames))\n  or (isnotempty(RequestURL) and (RequestURL has_any (DomainNames)))\n| extend timestamp = TimeGenerated , AccountCustomEntity = SourceUserID, HostCustomEntity = DeviceName\n),\n(DnsEvents\n| extend DestinationIPAddress = IPAddresses, DNSName = Name, Host = Computer\n| where DNSName has_any (DomainNames)\n| extend timestamp = TimeGenerated, IPCustomEntity = DestinationIPAddress, HostCustomEntity = Host),\n(VMConnection\n| parse RemoteDnsCanonicalNames with * '[\"' DNSName '\"]' *\n| where isnotempty(DNSName)\n| where DNSName has_any (DomainNames)\n| extend timestamp = TimeGenerated , HostCustomEntity = Computer),\n(SecurityAlert\n| where ProviderName =~ 'OATP'\n| extend UPN = case(isnotempty(parse_json(Entities)[0].Upn), parse_json(Entities)[0].Upn,\n                    isnotempty(parse_json(Entities)[1].Upn), parse_json(Entities)[1].Upn,\n                    isnotempty(parse_json(Entities)[2].Upn), parse_json(Entities)[2].Upn,\n                    isnotempty(parse_json(Entities)[3].Upn), parse_json(Entities)[3].Upn,\n                    isnotempty(parse_json(Entities)[4].Upn), parse_json(Entities)[4].Upn,\n                    isnotempty(parse_json(Entities)[5].Upn), parse_json(Entities)[5].Upn,\n                    isnotempty(parse_json(Entities)[6].Upn), parse_json(Entities)[6].Upn,\n                    isnotempty(parse_json(Entities)[7].Upn), parse_json(Entities)[7].Upn,\n                    isnotempty(parse_json(Entities)[8].Upn), parse_json(Entities)[8].Upn,\n                    parse_json(Entities)[9].Upn)\n| where Entities has_any (EmailAddresses)\n| extend timestamp = TimeGenerated, AccountCustomEntity = tostring(UPN)),\n(AzureDiagnostics\n| where ResourceType =~ \"AZUREFIREWALLS\"\n| where msg_s has_any (DomainNames)\n| extend timestamp = TimeGenerated),\n(AzureDiagnostics\n| where ResourceType == \"AZUREFIREWALLS\"\n| where Category == \"AzureFirewallDnsProxy\"\n| where msg_s has_any (DomainNames)\n| extend timestamp = TimeGenerated),\n(AZFWApplicationRule\n| where isnotempty(Fqdn)\n| where Fqdn has_any (DomainNames)  \n| extend timestamp = TimeGenerated),\n(AZFWDnsQuery\n| where isnotempty(QueryName)\n| where QueryName has_any (DomainNames)\n| extend timestamp = TimeGenerated))\n",
                "queryFrequency": "P1D",
                "queryPeriod": "P1D",
                "severity": "High",
                "suppressionDuration": "PT1H",
                "suppressionEnabled": false,
                "triggerOperator": "GreaterThan",
                "triggerThreshold": 0,
                "status": "Available",
                "requiredDataConnectors": [
                  {
                    "connectorId": "DNS",
                    "dataTypes": [
                      "DnsEvents"
                    ]
                  },
                  {
                    "connectorId": "AzureMonitor(VMInsights)",
                    "dataTypes": [
                      "VMConnection"
                    ]
                  },
                  {
                    "connectorId": "CiscoASA",
                    "dataTypes": [
                      "CommonSecurityLog (Cisco)"
                    ]
                  },
                  {
                    "connectorId": "PaloAltoNetworks",
                    "dataTypes": [
                      "CommonSecurityLog (PaloAlto)"
                    ]
                  },
                  {
                    "connectorId": "Zscaler",
                    "dataTypes": [
                      "CommonSecurityLog (Zscaler)"
                    ]
                  },
                  {
                    "connectorId": "Fortinet",
                    "dataTypes": [
                      "CommonSecurityLog (Fortinet)"
                    ]
                  },
                  {
                    "connectorId": "OfficeATP",
                    "dataTypes": [
                      "SecurityAlert (OATP)"
                    ]
                  },
                  {
                    "connectorId": "AzureFirewall",
                    "dataTypes": [
                      "AzureDiagnostics (Azure Firewall)",
                      "AZFWApplicationRule",
                      "AZFWDnsQuery"
                    ]
                  }
                ],
                "tactics": [
                  "CommandAndControl",
                  "InitialAccess"
                ],
                "techniques": [
                  "T1071",
                  "T1566"
                ],
                "entityMappings": [
                  {
                    "fieldMappings": [
                      {
                        "columnName": "AccountCustomEntity",
                        "identifier": "FullName"
                      }
                    ],
                    "entityType": "Account"
                  },
                  {
                    "fieldMappings": [
                      {
                        "columnName": "HostCustomEntity",
                        "identifier": "FullName"
                      }
                    ],
                    "entityType": "Host"
                  },
                  {
                    "fieldMappings": [
                      {
                        "columnName": "IPCustomEntity",
                        "identifier": "Address"
                      }
                    ],
                    "entityType": "IP"
                  }
                ]
              }
            },
            {
              "type": "Microsoft.OperationalInsights/workspaces/providers/metadata",
              "apiVersion": "2022-01-01-preview",
              "name": "[concat(parameters('workspace'),'/Microsoft.SecurityInsights/',concat('AnalyticsRule-', last(split(resourceId('Microsoft.SecurityInsights/AlertRuleTemplates', '7249500f-3038-4b83-8549-9cd8dfa2d498'),'/'))))]",
              "properties": {
                "description": "Legacy IOC based Threat Protection Analytics Rule 17",
                "parentId": "[resourceId('Microsoft.SecurityInsights/AlertRuleTemplates', '7249500f-3038-4b83-8549-9cd8dfa2d498')]",
                "contentId": "7249500f-3038-4b83-8549-9cd8dfa2d498",
                "kind": "AnalyticsRule",
                "version": "1.1.1",
                "source": {
                  "kind": "Solution",
                  "name": "Legacy IOC based Threat Protection",
                  "sourceId": "azuresentinel.azure-sentinel-solution-ioclegacy"
                },
                "author": {
                  "name": "Microsoft",
                  "email": "support@microsoft.com"
                },
                "support": {
                  "name": "Microsoft Corporation",
                  "email": "support@microsoft.com",
                  "tier": "Microsoft",
                  "link": "https://support.microsoft.com"
                }
              }
            }
          ]
        },
        "packageKind": "Solution",
        "packageVersion": "2.0.7",
        "packageName": "Legacy IOC based Threat Protection",
        "packageId": "azuresentinel.azure-sentinel-solution-ioclegacy",
        "contentProductId": "azuresentinel.azure-sentinel-solution-ioclegacy-ar-cds6bu5cup4ei",
        "id": "azuresentinel.azure-sentinel-solution-ioclegacy-ar-cds6bu5cup4ei",
        "contentSchemaVersion": "3.0.0"
      }
    }
  ]
}