{
  "$schema": "https://schema.management.azure.com/schemas/2019-04-01/deploymentTemplate.json#",
  "contentVersion": "1.1.0",
  "parameters": {
    "location": {
      "type": "string",
      "minLength": 1,
      "defaultValue": "[resourceGroup().location]",
      "metadata": {
        "description": "Not used, but needed to pass arm-ttk test `Location-Should-Not-Be-Hardcoded`.  We instead use the `workspace-location` which is derived from the LA workspace"
      }
    },
    "workspace": {
      "defaultValue": "",
      "type": "string",
      "metadata": {
        "description": "Workspace name for Log Analytics where Microsoft Sentinel is setup"
      }
    }
  },
  "resources": [
    {
      "type": "Microsoft.OperationalInsights/workspaces/providers/contentTemplates",
      "name": "[concat(parameters('workspace'),'/Microsoft.SecurityInsights/',concat(concat(parameters('workspace'),'-hq-',uniquestring('56ebae61-89cf-42d9-99f4-3dff8ba33885')),'1.1.0'))]",
      "location": "[parameters('workspace-location')]",
      "apiVersion": "2023-04-01-preview",
      "dependsOn": [
        "[extensionResourceId(resourceId('Microsoft.OperationalInsights/workspaces', parameters('workspace')), 'Microsoft.SecurityInsights/contentPackages', 'azuresentinel.azure-sentinel-solution-endpointthreat')]"
      ],
      "properties": {
        "contentId": "56ebae61-89cf-42d9-99f4-3dff8ba33885",
        "displayName": "Backup Deletion",
        "contentKind": "HuntingQuery",
        "mainTemplate": {
          "$schema": "https://schema.management.azure.com/schemas/2019-04-01/deploymentTemplate.json#",
          "contentVersion": "1.1.0",
          "parameters": {},
          "variables": {},
          "resources": [
            {
              "type": "Microsoft.OperationalInsights/savedSearches",
              "apiVersion": "2020-08-01",
              "name": "Endpoint_Threat_Protection_Essentials_Hunting_Query_1",
              "location": "[parameters('workspace-location')]",
              "properties": {
                "eTag": "*",
                "displayName": "Backup Deletion",
                "category": "Hunting Queries",
                "query": "( union isfuzzy=true\n(SecurityEvent\n| where EventID==4688\n| extend FileName = Process, ProcessCommandLine = CommandLine\n| where FileName =~ \"vssadmin.exe\" and ProcessCommandLine has \"delete shadows\"\n or ProcessCommandLine has(\"bcdedit\") and ProcessCommandLine has_any(\"recoveryenabled no\", \"bootstatuspolicy ignoreallfailures\")\n or (ProcessCommandLine has \"wmic\" and ProcessCommandLine has \"shadowcopy delete\")\n or ProcessCommandLine has \"wbadmin\" and ProcessCommandLine has \"delete\" and ProcessCommandLine has_any(\"backup\", \"catalog\", \"systemstatebackup\")\n| extend timestamp = TimeGenerated, AccountCustomEntity = Account, HostCustomEntity = Computer, ProcessCustomEntity = NewProcessName\n),\n(WindowsEvent\n| where EventID == 4688 \n| extend ProcessCommandLine = tostring(EventData.CommandLine)\n| where  EventData has \"vssadmin.exe\" and ProcessCommandLine has \"delete shadows\"\n or ProcessCommandLine has(\"bcdedit\") and ProcessCommandLine has_any(\"recoveryenabled no\", \"bootstatuspolicy ignoreallfailures\")\n or (ProcessCommandLine has \"wmic\" and ProcessCommandLine has \"shadowcopy delete\")\n or ProcessCommandLine has \"wbadmin\" and ProcessCommandLine has \"delete\" and ProcessCommandLine has_any(\"backup\", \"catalog\", \"systemstatebackup\") \n| extend Account = strcat(EventData.TargetDomainName,\"\\\\\", EventData.TargetUserName)\n| extend timestamp = TimeGenerated, HostCustomEntity = Computer, AccountCustomEntity = Account, ProcessCustomEntity = tostring(EventData.NewProcessName)\n),\n(DeviceProcessEvents\n| where FileName =~ \"vssadmin.exe\" and ProcessCommandLine has \"delete shadows\"\n or ProcessCommandLine has(\"bcdedit\") and ProcessCommandLine has_any(\"recoveryenabled no\", \"bootstatuspolicy ignoreallfailures\")\n or (ProcessCommandLine has \"wmic\" and ProcessCommandLine has \"shadowcopy delete\")\n or ProcessCommandLine has \"wbadmin\" and ProcessCommandLine has \"delete\" and ProcessCommandLine has_any(\"backup\", \"catalog\", \"systemstatebackup\")\n| extend Account = strcat(AccountDomain,\"\\\\\", AccountName)\n| extend timestamp = TimeGenerated, AccountCustomEntity = Account, HostCustomEntity = DeviceName, ProcessCustomEntity = InitiatingProcessFileName\n),\n(imProcessCreate\n| extend FileName = Process, ProcessCommandLine = CommandLine\n| where FileName =~ \"vssadmin.exe\" and ProcessCommandLine has \"delete shadows\"\n or ProcessCommandLine has(\"bcdedit\") and ProcessCommandLine has_any(\"recoveryenabled no\", \"bootstatuspolicy ignoreallfailures\")\n or (ProcessCommandLine has \"wmic\" and ProcessCommandLine has \"shadowcopy delete\")\n or ProcessCommandLine has \"wbadmin\" and ProcessCommandLine has \"delete\" and ProcessCommandLine has_any(\"backup\", \"catalog\", \"systemstatebackup\")\n| extend timestamp = TimeGenerated, AccountCustomEntity = ActorUsername, HostCustomEntity = Dvc, ProcessCustomEntity = Process\n)\n)\n| extend NTDomain = tostring(split(AccountCustomEntity, '\\\\', 0)[0]), UserName = tostring(split(AccountCustomEntity, '\\\\', 1)[0])\n| extend HostName = tostring(split(HostCustomEntity, '.', 0)[0]), DnsDomain = tostring(strcat_array(array_slice(split(HostCustomEntity, '.'), 1, -1), '.'))\n| extend Account_0_Name = UserName\n| extend Account_0_NTDomain = NTDomain\n| extend Host_0_HostName = HostName\n| extend Host_0_DnsDomain = DnsDomain\n| extend Process_0_ProcessId = ProcessCustomEntity\n",
                "version": 2,
                "tags": [
                  {
                    "name": "description",
                    "value": "This hunting query helps to detect attempts to delete backup. Though such an activity could be legitimate as part of regular business operations, often ransomware also perform such actions so that once the files are encrypted by them, backups cannot be used to restore encrypted files and thus causing interruption to regular business services."
                  },
                  {
                    "name": "tactics",
                    "value": "Impact"
                  },
                  {
                    "name": "techniques",
                    "value": "T1490"
                  }
                ]
              }
            },
            {
              "type": "Microsoft.OperationalInsights/workspaces/providers/metadata",
              "apiVersion": "2022-01-01-preview",
              "name": "[concat(parameters('workspace'),'/Microsoft.SecurityInsights/',concat('HuntingQuery-', last(split(resourceId('Microsoft.OperationalInsights/savedSearches', '56ebae61-89cf-42d9-99f4-3dff8ba33885'),'/'))))]",
              "properties": {
                "description": "Endpoint Threat Protection Essentials Hunting Query 1",
                "parentId": "[resourceId('Microsoft.OperationalInsights/savedSearches', '56ebae61-89cf-42d9-99f4-3dff8ba33885')]",
                "contentId": "56ebae61-89cf-42d9-99f4-3dff8ba33885",
                "kind": "HuntingQuery",
                "version": "1.1.0",
                "source": {
                  "kind": "Solution",
                  "name": "Endpoint Threat Protection Essentials",
                  "sourceId": "azuresentinel.azure-sentinel-solution-endpointthreat"
                },
                "author": {
                  "name": "Microsoft",
                  "email": "support@microsoft.com"
                },
                "support": {
                  "name": "Microsoft Corporation",
                  "email": "support@microsoft.com",
                  "tier": "Microsoft",
                  "link": "https://support.microsoft.com"
                }
              }
            }
          ]
        },
        "packageKind": "Solution",
        "packageVersion": "2.0.2",
        "packageName": "Endpoint Threat Protection Essentials",
        "packageId": "azuresentinel.azure-sentinel-solution-endpointthreat",
        "contentProductId": "azuresentinel.azure-sentinel-solution-endpointthre-hq-alvfgixuil4ki",
        "id": "azuresentinel.azure-sentinel-solution-endpointthre-hq-alvfgixuil4ki",
        "contentSchemaVersion": "3.0.0",
        "version": "1.1.0"
      }
    }
  ]
}