{
  "$schema": "https://schema.management.azure.com/schemas/2019-04-01/deploymentTemplate.json#",
  "contentVersion": "1.0.0",
  "parameters": {
    "location": {
      "type": "string",
      "minLength": 1,
      "defaultValue": "[resourceGroup().location]",
      "metadata": {
        "description": "Not used, but needed to pass arm-ttk test `Location-Should-Not-Be-Hardcoded`.  We instead use the `workspace-location` which is derived from the LA workspace"
      }
    },
    "workspace": {
      "defaultValue": "",
      "type": "string",
      "metadata": {
        "description": "Workspace name for Log Analytics where Microsoft Sentinel is setup"
      }
    },
    "workspace-location": {
      "type": "string",
      "defaultValue": "",
      "metadata": {
        "description": "[concat('Region to deploy solution resources -- separate from location selection',parameters('location'))]"
      }
    }
  },
  "resources": [
    {
      "type": "Microsoft.OperationalInsights/workspaces/providers/contentTemplates",
      "name": "[concat(parameters('workspace'),'/Microsoft.SecurityInsights/',concat(concat(parameters('workspace'),'-hq-',uniquestring('f82c89fa-c969-4d12-832f-04d55d14522c')),'1.0.0'))]",
      "location": "[parameters('workspace-location')]",
      "apiVersion": "2023-04-01-preview",
      "dependsOn": [
        "[extensionResourceId(resourceId('Microsoft.OperationalInsights/workspaces', parameters('workspace')), 'Microsoft.SecurityInsights/contentPackages', 'azuresentinel.azure-sentinel-solution-endpointthreat')]"
      ],
      "properties": {
        "contentId": "f82c89fa-c969-4d12-832f-04d55d14522c",
        "displayName": "Persisting Via IFEO Registry Key",
        "contentKind": "HuntingQuery",
        "mainTemplate": {
          "$schema": "https://schema.management.azure.com/schemas/2019-04-01/deploymentTemplate.json#",
          "contentVersion": "1.0.0",
          "parameters": {},
          "variables": {},
          "resources": [
            {
              "type": "Microsoft.OperationalInsights/savedSearches",
              "apiVersion": "2020-08-01",
              "name": "Endpoint_Threat_Protection_Essentials_Hunting_Query_4",
              "location": "[parameters('workspace-location')]",
              "properties": {
                "eTag": "*",
                "displayName": "Persisting Via IFEO Registry Key",
                "category": "Hunting Queries",
                "query": "(union isfuzzy=true\n(\nSecurityEvent\n| where EventID == 4657\n| where ObjectName has_all (\"\\\\REGISTRY\\\\MACHINE\", \"Image File Execution Options\")\n| where ObjectName !endswith \"Image File Execution Options\"\n| summarize Count=count() by Computer, Account, ObjectName\n| top 10 by Count desc \n| extend AccountCustomEntity = Account, HostCustomEntity = Computer\n),\n(\nWindowsEvent\n| where EventID == 4657 and EventData has_all (\"\\\\REGISTRY\\\\MACHINE\", \"Image File Execution Options\")\n| extend ObjectName = tostring(EventData.ObjectName)\n| where ObjectName has_all (\"\\\\REGISTRY\\\\MACHINE\", \"Image File Execution Options\")\n| where ObjectName !endswith \"Image File Execution Options\"\n| extend Account =  strcat(tostring(EventData.SubjectDomainName),\"\\\\\", tostring(EventData.SubjectUserName))\n| summarize Count=count() by Computer, Account, ObjectName\n| top 10 by Count desc \n| extend AccountCustomEntity = Account, HostCustomEntity = Computer\n),\n(\nEvent\n| where Source == \"Microsoft-Windows-Sysmon\"\n| where EventID in (12, 13)\n| extend EventData = parse_xml(EventData).DataItem.EventData.Data\n| mv-expand bagexpansion=array EventData\n| evaluate bag_unpack(EventData)\n| extend Key=tostring(['@Name']), Value=['#text']\n| evaluate pivot(Key, any(Value), TimeGenerated, Source, EventLog, Computer, EventLevel, EventLevelName, EventID, UserName, RenderedDescription, MG, ManagementGroupName, Type, _ResourceId)\n| where TargetObject has_all (\"HKLM\", \"Image File Execution Options\")\n| summarize Count=count() by Computer, UserName, tostring(TargetObject)\n| top 10 by Count desc\n| extend AccountCustomEntity = UserName, HostCustomEntity = Computer\n),\n(\nimRegistry\n| where RegistryKey has_all (\"HKEY_LOCAL_MACHINE\", \"Image File Execution Options\")\n| summarize Count=count() by Dvc, Username, RegistryKey\n| top 10 by Count desc\n| extend AccountCustomEntity = Username, HostCustomEntity = Dvc\n)\n)\n",
                "version": 2,
                "tags": [
                  {
                    "name": "description",
                    "value": "This query detects instances where IFEO registry keys were created and deleted frequently within a short period of time."
                  },
                  {
                    "name": "tactics",
                    "value": "Persistence"
                  },
                  {
                    "name": "techniques",
                    "value": "T1546.012"
                  }
                ]
              }
            },
            {
              "type": "Microsoft.OperationalInsights/workspaces/providers/metadata",
              "apiVersion": "2022-01-01-preview",
              "name": "[concat(parameters('workspace'),'/Microsoft.SecurityInsights/',concat('HuntingQuery-', last(split(resourceId('Microsoft.OperationalInsights/savedSearches', 'f82c89fa-c969-4d12-832f-04d55d14522c'),'/'))))]",
              "properties": {
                "description": "Endpoint Threat Protection Essentials Hunting Query 4",
                "parentId": "[resourceId('Microsoft.OperationalInsights/savedSearches', 'f82c89fa-c969-4d12-832f-04d55d14522c')]",
                "contentId": "f82c89fa-c969-4d12-832f-04d55d14522c",
                "kind": "HuntingQuery",
                "version": "1.0.0",
                "source": {
                  "kind": "Solution",
                  "name": "Endpoint Threat Protection Essentials",
                  "sourceId": "azuresentinel.azure-sentinel-solution-endpointthreat"
                },
                "author": {
                  "name": "Microsoft",
                  "email": "support@microsoft.com"
                },
                "support": {
                  "name": "Microsoft Corporation",
                  "email": "support@microsoft.com",
                  "tier": "Microsoft",
                  "link": "https://support.microsoft.com"
                }
              }
            }
          ]
        },
        "packageKind": "Solution",
        "packageVersion": "2.0.1",
        "packageName": "Endpoint Threat Protection Essentials",
        "packageId": "azuresentinel.azure-sentinel-solution-endpointthreat",
        "contentProductId": "azuresentinel.azure-sentinel-solution-endpointthre-hq-ieuwi7khtye72",
        "id": "azuresentinel.azure-sentinel-solution-endpointthre-hq-ieuwi7khtye72",
        "contentSchemaVersion": "3.0.0",
        "version": "1.0.0"
      }
    }
  ]
}