{
  "$schema": "https://schema.management.azure.com/schemas/2019-04-01/deploymentTemplate.json#",
  "contentVersion": "1.1.1",
  "parameters": {
    "location": {
      "type": "string",
      "minLength": 1,
      "defaultValue": "[resourceGroup().location]",
      "metadata": {
        "description": "Not used, but needed to pass arm-ttk test `Location-Should-Not-Be-Hardcoded`.  We instead use the `workspace-location` which is derived from the LA workspace"
      }
    },
    "workspace": {
      "defaultValue": "",
      "type": "string",
      "metadata": {
        "description": "Workspace name for Log Analytics where Microsoft Sentinel is setup"
      }
    },
    "workspace-location": {
      "type": "string",
      "defaultValue": "",
      "metadata": {
        "description": "[concat('Region to deploy solution resources -- separate from location selection',parameters('location'))]"
      }
    }
  },
  "resources": [
    {
      "type": "Microsoft.OperationalInsights/workspaces/providers/contentTemplates",
      "name": "[concat(parameters('workspace'),'/Microsoft.SecurityInsights/',concat(concat(parameters('workspace'),'-ar-',uniquestring('f948a32f-226c-4116-bddd-d95e91d97eb9')),'1.1.1'))]",
      "location": "[parameters('workspace-location')]",
      "apiVersion": "2023-04-01-preview",
      "dependsOn": [
        "[extensionResourceId(resourceId('Microsoft.OperationalInsights/workspaces', parameters('workspace')), 'Microsoft.SecurityInsights/contentPackages', 'azuresentinel.azure-sentinel-solution-azureactivedirectory')]"
      ],
      "properties": {
        "contentId": "f948a32f-226c-4116-bddd-d95e91d97eb9",
        "displayName": "Suspicious application consent similar to O365 Attack Toolkit",
        "contentKind": "AnalyticsRule",
        "mainTemplate": {
          "$schema": "https://schema.management.azure.com/schemas/2019-04-01/deploymentTemplate.json#",
          "contentVersion": "1.1.1",
          "parameters": {},
          "variables": {},
          "resources": [
            {
              "type": "Microsoft.SecurityInsights/AlertRuleTemplates",
              "name": "f948a32f-226c-4116-bddd-d95e91d97eb9",
              "apiVersion": "2022-04-01-preview",
              "kind": "Scheduled",
              "location": "[parameters('workspace-location')]",
              "properties": {
                "description": "This will alert when a user consents to provide a previously-unknown Azure application with the same OAuth permissions used by the MDSec O365 Attack Toolkit (https://github.com/mdsecactivebreach/o365-attack-toolkit).\nThe default permissions/scope for the MDSec O365 Attack toolkit change sometimes but often include contacts.read, user.read, mail.read, notes.read.all, mailboxsettings.readwrite, files.readwrite.all, mail.send, files.read, and files.read.all.\nConsent to applications with these permissions should be rare, especially as the knownApplications list is expanded, especially as the knownApplications list is expanded. Public contributions to expand this filter are welcome!\nFor further information on AuditLogs please see https://docs.microsoft.com/azure/active-directory/reports-monitoring/reference-audit-activities.",
                "displayName": "Suspicious application consent similar to O365 Attack Toolkit",
                "enabled": false,
                "query": "let detectionTime = 1d;\nlet joinLookback = 14d;\nlet threshold = 5;\nlet o365_attack_regex = \"contacts.read|user.read|mail.read|notes.read.all|mailboxsettings.readwrite|Files.ReadWrite.All|mail.send|files.read|files.read.all\";\nlet o365_attack = dynamic([\"contacts.read\", \"user.read\", \"mail.read\", \"notes.read.all\", \"mailboxsettings.readwrite\", \"Files.ReadWrite.All\", \"mail.send\", \"files.read\", \"files.read.all\"]);\nAuditLogs\n| where TimeGenerated > ago(detectionTime)\n| where LoggedByService =~ \"Core Directory\"\n| where Category =~ \"ApplicationManagement\"\n| where OperationName =~ \"Consent to application\"\n| mv-apply TargetResource = TargetResources on \n  (\n      where TargetResource.type =~ \"ServicePrincipal\"\n      | extend AppDisplayName = tostring(TargetResource.displayName),\n               AppClientId = tostring(TargetResource.id),\n               props = TargetResource.modifiedProperties\n  )\n| where AppClientId !in ((externaldata(knownAppClientId:string, knownAppDisplayName:string)[@\"https://raw.githubusercontent.com/Azure/Azure-Sentinel/master/Sample%20Data/Feeds/Microsoft.OAuth.KnownApplications.csv\"] with (format=\"csv\"))) // NOTE: a MATCH from this list will cause the alert to NOT fire - please modify for your environment!\n| mv-apply ConsentFull = props on \n  (\n      where ConsentFull.displayName =~ \"ConsentAction.Permissions\"\n  )\n| parse ConsentFull with * \"ConsentType: \" GrantConsentType \", Scope: \" GrantScope1 \", CreatedDateTime\" * \"]\" *\n| where GrantConsentType != \"AllPrincipals\" // NOTE: we are ignoring if OAuth application was granted to all users via an admin - but admin due diligence should be audited occasionally\n| where ConsentFull has_any (o365_attack)  \n| extend GrantScopeCount = countof(tolower(GrantScope1), o365_attack_regex, 'regex')\n| where GrantScopeCount > threshold\n| extend GrantIpAddress = iff(isnotempty(InitiatedBy.user.ipAddress), tostring(InitiatedBy.user.ipAddress), tostring(InitiatedBy.app.ipAddress))\n| extend GrantInitiatedBy = iff(isnotempty(InitiatedBy.user.userPrincipalName), tostring(InitiatedBy.user.userPrincipalName), tostring(InitiatedBy.app.displayName))\n| mv-apply AdditionalDetail = AdditionalDetails on \n  (\n      where AdditionalDetail.key =~ \"User-Agent\"\n      | extend GrantUserAgent = AdditionalDetail.value\n  )\n| project TimeGenerated, GrantConsentType, GrantScope1, GrantInitiatedBy, AppDisplayName, GrantIpAddress, GrantUserAgent, AppClientId, OperationName, ConsentFull, CorrelationId\n| join kind = leftouter (AuditLogs\n  | where TimeGenerated > ago(joinLookback)\n  | where LoggedByService =~ \"Core Directory\"\n  | where Category =~ \"ApplicationManagement\"\n  | where OperationName =~ \"Add service principal\"\n  | mv-apply TargetResource = TargetResources on \n      (\n          where TargetResource.type =~ \"ServicePrincipal\"\n          | extend props = TargetResource.modifiedProperties,\n                  AppClientId = tostring(TargetResource.id)\n      )\n  | mv-apply Property = props on \n      (\n          where Property.displayName =~ \"AppAddress\" and Property.newValue has \"AddressType\"\n          | extend AppReplyURLs = trim('\"',tostring(Property.newValue))\n      )\n  | distinct AppClientId, tostring(AppReplyURLs)\n) on AppClientId\n| join kind = innerunique (AuditLogs\n      | where TimeGenerated > ago(joinLookback)\n      | where LoggedByService =~ \"Core Directory\"\n      | where Category =~ \"ApplicationManagement\"\n      | where OperationName =~ \"Add OAuth2PermissionGrant\" or OperationName =~ \"Add delegated permission grant\"\n          | mv-apply TargetResource = TargetResources on \n          (\n              where TargetResource.type =~ \"ServicePrincipal\" and array_length(TargetResource.modifiedProperties) > 0 and isnotnull(TargetResource.displayName)\n              | extend GrantAuthentication = tostring(TargetResource.displayName)\n          )\n      | extend GrantOperation = OperationName\n      | project GrantAuthentication, GrantOperation, CorrelationId\n  ) on CorrelationId\n| project TimeGenerated, GrantConsentType, GrantScope1, GrantInitiatedBy, AppDisplayName, AppReplyURLs, GrantIpAddress, GrantUserAgent, AppClientId, GrantAuthentication, OperationName, GrantOperation, CorrelationId, ConsentFull\n| extend timestamp = TimeGenerated, Name = tostring(split(GrantInitiatedBy,'@',0)[0]), UPNSuffix = tostring(split(GrantInitiatedBy,'@',1)[0])\n",
                "queryFrequency": "P1D",
                "queryPeriod": "P14D",
                "severity": "High",
                "suppressionDuration": "PT1H",
                "suppressionEnabled": false,
                "triggerOperator": "GreaterThan",
                "triggerThreshold": 0,
                "status": "Available",
                "requiredDataConnectors": [
                  {
                    "connectorId": "AzureActiveDirectory",
                    "dataTypes": [
                      "AuditLogs"
                    ]
                  }
                ],
                "tactics": [
                  "CredentialAccess",
                  "DefenseEvasion"
                ],
                "techniques": [
                  "T1528",
                  "T1550"
                ],
                "entityMappings": [
                  {
                    "fieldMappings": [
                      {
                        "columnName": "Name",
                        "identifier": "Name"
                      },
                      {
                        "columnName": "UPNSuffix",
                        "identifier": "UPNSuffix"
                      }
                    ],
                    "entityType": "Account"
                  },
                  {
                    "fieldMappings": [
                      {
                        "columnName": "GrantIpAddress",
                        "identifier": "Address"
                      }
                    ],
                    "entityType": "IP"
                  },
                  {
                    "fieldMappings": [
                      {
                        "columnName": "AppDisplayName",
                        "identifier": "Name"
                      }
                    ],
                    "entityType": "CloudApplication"
                  }
                ]
              }
            },
            {
              "type": "Microsoft.OperationalInsights/workspaces/providers/metadata",
              "apiVersion": "2022-01-01-preview",
              "name": "[concat(parameters('workspace'),'/Microsoft.SecurityInsights/',concat('AnalyticsRule-', last(split(resourceId('Microsoft.SecurityInsights/AlertRuleTemplates', 'f948a32f-226c-4116-bddd-d95e91d97eb9'),'/'))))]",
              "properties": {
                "description": "Azure Active Directory Analytics Rule 30",
                "parentId": "[resourceId('Microsoft.SecurityInsights/AlertRuleTemplates', 'f948a32f-226c-4116-bddd-d95e91d97eb9')]",
                "contentId": "f948a32f-226c-4116-bddd-d95e91d97eb9",
                "kind": "AnalyticsRule",
                "version": "1.1.1",
                "source": {
                  "kind": "Solution",
                  "name": "Azure Active Directory",
                  "sourceId": "azuresentinel.azure-sentinel-solution-azureactivedirectory"
                },
                "author": {
                  "name": "Microsoft",
                  "email": "support@microsoft.com"
                },
                "support": {
                  "tier": "Microsoft",
                  "name": "Microsoft Corporation",
                  "email": "support@microsoft.com",
                  "link": "https://support.microsoft.com/"
                }
              }
            }
          ]
        },
        "packageKind": "Solution",
        "packageVersion": "2.0.12",
        "packageName": "Azure Active Directory",
        "packageId": "azuresentinel.azure-sentinel-solution-azureactivedirectory",
        "contentProductId": "azuresentinel.azure-sentinel-solution-azureactived-ar-a5pkiuicm6uwy",
        "id": "azuresentinel.azure-sentinel-solution-azureactived-ar-a5pkiuicm6uwy",
        "contentSchemaVersion": "3.0.0",
        "version": "1.1.1"
      }
    }
  ]
}