{
  "$schema": "https://schema.management.azure.com/schemas/2019-04-01/deploymentTemplate.json#",
  "contentVersion": "1.0.4",
  "parameters": {
    "location": {
      "type": "string",
      "minLength": 1,
      "defaultValue": "[resourceGroup().location]",
      "metadata": {
        "description": "Not used, but needed to pass arm-ttk test `Location-Should-Not-Be-Hardcoded`.  We instead use the `workspace-location` which is derived from the LA workspace"
      }
    },
    "workspace": {
      "defaultValue": "",
      "type": "string",
      "metadata": {
        "description": "Workspace name for Log Analytics where Microsoft Sentinel is setup"
      }
    },
    "workspace-location": {
      "type": "string",
      "defaultValue": "",
      "metadata": {
        "description": "[concat('Region to deploy solution resources -- separate from location selection',parameters('location'))]"
      }
    }
  },
  "resources": [
    {
      "type": "Microsoft.OperationalInsights/workspaces/providers/contentTemplates",
      "name": "[concat(parameters('workspace'),'/Microsoft.SecurityInsights/',concat(concat(parameters('workspace'),'-ar-',uniquestring('4d94d4a9-dc96-410a-8dea-4d4d4584188b')),'1.0.4'))]",
      "location": "[parameters('workspace-location')]",
      "apiVersion": "2023-04-01-preview",
      "dependsOn": [
        "[extensionResourceId(resourceId('Microsoft.OperationalInsights/workspaces', parameters('workspace')), 'Microsoft.SecurityInsights/contentPackages', 'azuresentinel.azure-sentinel-solution-azureactivedirectory')]"
      ],
      "properties": {
        "contentId": "4d94d4a9-dc96-410a-8dea-4d4d4584188b",
        "displayName": "User added to Azure Active Directory Privileged Groups",
        "contentKind": "AnalyticsRule",
        "mainTemplate": {
          "$schema": "https://schema.management.azure.com/schemas/2019-04-01/deploymentTemplate.json#",
          "contentVersion": "1.0.4",
          "parameters": {},
          "variables": {},
          "resources": [
            {
              "type": "Microsoft.SecurityInsights/AlertRuleTemplates",
              "name": "4d94d4a9-dc96-410a-8dea-4d4d4584188b",
              "apiVersion": "2022-04-01-preview",
              "kind": "Scheduled",
              "location": "[parameters('workspace-location')]",
              "properties": {
                "description": "This will alert when a user is added to any of the Privileged Groups.\nFor further information on AuditLogs please see https://docs.microsoft.com/azure/active-directory/reports-monitoring/reference-audit-activities.\nFor Administrator role permissions in Azure Active Directory please see https://docs.microsoft.com/azure/active-directory/users-groups-roles/directory-assign-admin-roles",
                "displayName": "User added to Azure Active Directory Privileged Groups",
                "enabled": false,
                "query": "let OperationList = dynamic([\"Add member to role\",\"Add member to role in PIM requested (permanent)\"]);\nlet PrivilegedGroups = dynamic([\"UserAccountAdmins\",\"PrivilegedRoleAdmins\",\"TenantAdmins\"]);\nAuditLogs\n//| where LoggedByService =~ \"Core Directory\"\n| where Category =~ \"RoleManagement\"\n| where OperationName in~ (OperationList)\n| mv-apply TargetResource = TargetResources on \n  (\n      where TargetResource.type =~ \"User\"\n      | extend TargetUserPrincipalName = tostring(TargetResource.userPrincipalName),\n               modProps = TargetResource.modifiedProperties\n  )\n| mv-apply Property = modProps on \n  (\n      where Property.displayName =~ \"Role.WellKnownObjectName\"\n      | extend DisplayName = trim('\"',tostring(Property.displayName)),\n               GroupName = trim('\"',tostring(Property.newValue))\n  )\n| extend AppId = InitiatedBy.app.appId,\n      InitiatedByDisplayName = case(isnotempty(InitiatedBy.app.displayName), InitiatedBy.app.displayName, isnotempty(InitiatedBy.user.displayName), InitiatedBy.user.displayName, \"not available\"),\n      ServicePrincipalId = tostring(InitiatedBy.app.servicePrincipalId),\n      ServicePrincipalName = tostring(InitiatedBy.app.servicePrincipalName),\n      UserId = InitiatedBy.user.id,\n      UserIPAddress = InitiatedBy.user.ipAddress,\n      UserRoles = InitiatedBy.user.roles,\n      UserPrincipalName = tostring(InitiatedBy.user.userPrincipalName)\n| where GroupName in~ (PrivilegedGroups)\n// If you don't want to alert for operations from PIM, remove below filtering for MS-PIM.\n//| where InitiatedByDisplayName != \"MS-PIM\"\n| project TimeGenerated, AADOperationType, Category, OperationName, AADTenantId, AppId, InitiatedByDisplayName, ServicePrincipalId, ServicePrincipalName, DisplayName, GroupName, UserId, UserIPAddress, UserRoles, UserPrincipalName, TargetUserPrincipalName\n| extend AccountCustomEntity = case(isnotempty(ServicePrincipalName), ServicePrincipalName, \n                                    isnotempty(UserPrincipalName), UserPrincipalName,  \n                                    \"\")\n| extend AccountName = tostring(split(AccountCustomEntity,'@',0)[0]), AccountUPNSuffix = tostring(split(AccountCustomEntity,'@',1)[0])\n| extend TargetName = tostring(split(TargetUserPrincipalName,'@',0)[0]), TargetUPNSuffix = tostring(split(TargetUserPrincipalName,'@',1)[0])\n",
                "queryFrequency": "PT1H",
                "queryPeriod": "PT1H",
                "severity": "Medium",
                "suppressionDuration": "PT1H",
                "suppressionEnabled": false,
                "triggerOperator": "GreaterThan",
                "triggerThreshold": 0,
                "status": "Available",
                "requiredDataConnectors": [
                  {
                    "connectorId": "AzureActiveDirectory",
                    "dataTypes": [
                      "AuditLogs"
                    ]
                  }
                ],
                "tactics": [
                  "Persistence",
                  "PrivilegeEscalation"
                ],
                "techniques": [
                  "T1098",
                  "T1078"
                ],
                "entityMappings": [
                  {
                    "entityType": "Account",
                    "fieldMappings": [
                      {
                        "columnName": "AccountName",
                        "identifier": "Name"
                      },
                      {
                        "columnName": "AccountUPNSuffix",
                        "identifier": "UPNSuffix"
                      }
                    ]
                  },
                  {
                    "entityType": "Account",
                    "fieldMappings": [
                      {
                        "columnName": "TargetName",
                        "identifier": "Name"
                      },
                      {
                        "columnName": "TargetUPNSuffix",
                        "identifier": "UPNSuffix"
                      }
                    ]
                  }
                ]
              }
            },
            {
              "type": "Microsoft.OperationalInsights/workspaces/providers/metadata",
              "apiVersion": "2022-01-01-preview",
              "name": "[concat(parameters('workspace'),'/Microsoft.SecurityInsights/',concat('AnalyticsRule-', last(split(resourceId('Microsoft.SecurityInsights/AlertRuleTemplates', '4d94d4a9-dc96-410a-8dea-4d4d4584188b'),'/'))))]",
              "properties": {
                "description": "Azure Active Directory Analytics Rule 58",
                "parentId": "[resourceId('Microsoft.SecurityInsights/AlertRuleTemplates', '4d94d4a9-dc96-410a-8dea-4d4d4584188b')]",
                "contentId": "4d94d4a9-dc96-410a-8dea-4d4d4584188b",
                "kind": "AnalyticsRule",
                "version": "1.0.4",
                "source": {
                  "kind": "Solution",
                  "name": "Azure Active Directory",
                  "sourceId": "azuresentinel.azure-sentinel-solution-azureactivedirectory"
                },
                "author": {
                  "name": "Microsoft",
                  "email": "support@microsoft.com"
                },
                "support": {
                  "tier": "Microsoft",
                  "name": "Microsoft Corporation",
                  "email": "support@microsoft.com",
                  "link": "https://support.microsoft.com/"
                }
              }
            }
          ]
        },
        "packageKind": "Solution",
        "packageVersion": "2.0.11",
        "packageName": "Azure Active Directory solution for Sentinel",
        "packageId": "azuresentinel.azure-sentinel-solution-azureactivedirectory",
        "contentProductId": "azuresentinel.azure-sentinel-solution-azureactived-ar-amb2sx7uqbdzw",
        "id": "azuresentinel.azure-sentinel-solution-azureactived-ar-amb2sx7uqbdzw",
        "contentSchemaVersion": "3.0.0"
      }
    }
  ]
}