{
  "$schema": "https://schema.management.azure.com/schemas/2019-04-01/deploymentTemplate.json#",
  "contentVersion": "1.0.0.0",
  "metadata": {
    "author": "Microsoft - support@microsoft.com",
    "comments": "Solution template for Cloud Service Threat Protection Essentials"
  },
  "parameters": {
    "location": {
      "type": "string",
      "minLength": 1,
      "defaultValue": "[resourceGroup().location]",
      "metadata": {
        "description": "Not used, but needed to pass arm-ttk test `Location-Should-Not-Be-Hardcoded`.  We instead use the `workspace-location` which is derived from the LA workspace"
      }
    },
    "workspace-location": {
      "type": "string",
      "defaultValue": "",
      "metadata": {
        "description": "[concat('Region to deploy solution resources -- separate from location selection',parameters('location'))]"
      }
    },
    "workspace": {
      "defaultValue": "",
      "type": "string",
      "metadata": {
        "description": "Workspace name for Log Analytics where Microsoft Sentinel is setup"
      }
    }
  },
  "resources": [
    {
      "name": "pid-c867ed37-b276-4a59-87fb-59758ade2ff0-partnercenter",
      "type": "Microsoft.Resources/deployments",
      "apiVersion": "2020-10-01",
      "properties": {
        "mode": "Incremental",
        "template": {
          "$schema": "https://schema.management.azure.com/schemas/2019-04-01/deploymentTemplate.json#",
          "contentVersion": "1.0.0.0",
          "resources": []
        }
      }
    },
    {
      "type": "Microsoft.OperationalInsights/workspaces/providers/contentTemplates",
      "name": "[concat(parameters('workspace'),'/Microsoft.SecurityInsights/',concat(concat(parameters('workspace'),'-hq-',uniquestring('8d5996b2-7d4c-4dcf-bb0d-0d7fdf0e2c75')),'1.0.1'))]",
      "location": "[parameters('workspace-location')]",
      "apiVersion": "2023-04-01-preview",
      "dependsOn": [
        "[extensionResourceId(resourceId('Microsoft.OperationalInsights/workspaces', parameters('workspace')), 'Microsoft.SecurityInsights/contentPackages', 'azuresentinel.azure-sentinel-solution-cloudservicedetection')]"
      ],
      "properties": {
        "contentId": "8d5996b2-7d4c-4dcf-bb0d-0d7fdf0e2c75",
        "displayName": "Azure Resources assigned Public IP Addresses",
        "contentKind": "HuntingQuery",
        "mainTemplate": {
          "$schema": "https://schema.management.azure.com/schemas/2019-04-01/deploymentTemplate.json#",
          "contentVersion": "1.0.1",
          "parameters": {},
          "variables": {},
          "resources": [
            {
              "type": "Microsoft.OperationalInsights/savedSearches",
              "apiVersion": "2020-08-01",
              "name": "Cloud_Service_Threat_Protection_Essentials_Hunting_Query_1",
              "location": "[parameters('workspace-location')]",
              "properties": {
                "eTag": "*",
                "displayName": "Azure Resources assigned Public IP Addresses",
                "category": "Hunting Queries",
                "query": "let OperationNames = dynamic([\"microsoft.compute/virtualMachines/write\", \"microsoft.resources/deployments/write\"]);\nAzureActivity\n// We look for any Operation that modified and then was accepted or succeeded where a publicipaddress component is referenced\n| where OperationNameValue in~ (OperationNames)\n| where ActivityStatusValue has_any (\"Succeeded\", \"Accepted\")\n| where Properties contains \"publicipaddress\"\n//| extend frontendIPConfigurations = Properties.responseBody.properties.frontendIPConfigurations\n// parsing the publicIPAddress from Properties. It is only available if the allocation method is Static.\n| parse Properties with * \"publicIPAddress\\\\\" PublicIPAddressParse\n| extend publicIPAddress_ = tostring(parse_json(tostring(parse_json(tostring(parse_json(Properties).responseBody)).properties)).ipAddress) \n| extend publicIPAddressVersion_ = tostring(parse_json(tostring(parse_json(tostring(parse_json(Properties).responseBody)).properties)).publicIPAddressVersion) \n| extend publicIPAllocationMethod_ = tostring(parse_json(tostring(parse_json(tostring(parse_json(Properties).responseBody)).properties)).publicIPAllocationMethod) \n| extend scope_ = tostring(parse_json(Authorization).scope) \n| project TimeGenerated, OperationNameValue, publicIPAllocationMethod_ , publicIPAddressVersion_, scope_ , Caller, CallerIpAddress, ActivityStatusValue, Resource \n// Join in the AzureNetworkAnalytics so that we can determine if any connections were made via the public ip address and get the currently assigned ip address when allocation method is Dynamic\n| join kind= inner (\nunion isfuzzy=true\n(AzureNetworkAnalytics_CL\n// Controlling for Schema Version and later parsing - This is Version 2 and Public IPs only\n| where isnotempty(FASchemaVersion_s) and isnotempty(DestPublicIPs_s)\n| extend SchemaVersion = FASchemaVersion_s\n| extend PublicIPs = tostring(split(DestPublicIPs_s,\"|\")[0])\n| summarize StartTimeUtc = min(TimeGenerated), EndTimeUtc = max(TimeGenerated), FirstProcessedTimeUTC = min(FlowStartTime_t), LastProcessedTimeUtc = max(FlowEndTime_t), \nRegions = makeset(Region_s), AzureRegions = makeset(AzureRegion_s), VMs = makeset(VM_s), MACAddresses = makeset(MACAddress_s), PublicIPs = makeset(PublicIPs), DestPort = makeset(DestPort_d), SrcIP = makeset(SrcIP_s), \nActivityCount = count() by NSGRule_s, NSGList_s, SubNet = Subnet1_s, FlowDirection_s, Subscription = Subscription1_g, Tags_s, SchemaVersion\n//NSGList_s contains the subscription ID, remove that as we already have a field for this and now it will match what we get for SchemaVersion 1\n| extend NSG = case(isnotempty(NSGList_s), strcat(split(NSGList_s, \"/\")[-2],\"/\",split(NSGList_s, \"/\")[-1]), \"NotAvailable\")\n// Depending on the SchemaVersion, we will need to provide the NSG_Name for matching against the resource identified in AzureActivity\n| extend NSG_Name = tostring(split(NSG, \"/\")[-1])\n),\n(\nAzureNetworkAnalytics_CL \n// Controlling for Schema Version and later parsing - This is Version 1\n| where isempty(FASchemaVersion_s)\n// Controlling for public IPs only\n| where isnotempty(PublicFrontendIPs_s) or isnotempty(PublicIPAddresses_s)\n| where PublicFrontendIPs_s != \"null\" or PublicIPAddresses_s != \"null\"\n| extend SchemaVersion = SchemaVersion_s\n// The Public IP can be indicated in one of 2 locations, assigning here for easy union results\n| extend PublicIPs = case(isnotempty(PublicFrontendIPs_s), PublicFrontendIPs_s,\nPublicIPAddresses_s) \n| summarize StartTimeUtc = min(TimeGenerated), EndTimeUtc = max(TimeGenerated), FirstProcessedTimeUTC = min(TimeProcessed_t), LastProcessedTimeUtc = max(TimeProcessed_t), \nRegions = makeset(Region_s), AzureRegions = makeset(DiscoveryRegion_s), VMs = makeset(VirtualMachine_s), MACAddresses = makeset(MACAddress_s), PublicIPs = makeset(PublicIPs), \nSrcIP = makeset(PrivateIPAddresses_s), Name = makeset(Name_s), DestPort = makeset(DestinationPortRange_s),\nActivityCount = count() by NSG = NSG_s, SubNet = Subnetwork_s, Subscription = Subscription_g, Tags_s, SchemaVersion\n// Some events don't have an NSG listed, populating so it is clear it is not available in the datatype\n| extend NSG = case(isnotempty(NSG), NSG, \"NotAvailable\")\n// Depending on the SchemaVersion, we will need to provide the NSG_Name for matching against the resource identified in AzureActivity\n| extend NSG_Name = tostring(split(NSG, \"/\")[-1])\n)\n| project StartTimeUtc, EndTimeUtc, FirstProcessedTimeUTC, LastProcessedTimeUtc, PublicIPs, NSG, NSG_Name, SrcIP, DestPort, SubNet, Name, VMs, MACAddresses, ActivityCount, Regions, AzureRegions, Subscription, Tags_s, SchemaVersion\n) on $left.Resource == $right.NSG_Name\n| extend timestamp = StartTimeUtc, AccountCustomEntity = Caller, IPCustomEntity = CallerIpAddress\n",
                "version": 2,
                "tags": [
                  {
                    "name": "description",
                    "value": "Identifies when public IP addresses are assigned to Azure Resources.  Additionally, shows connections to those resources.\nResources: \nhttps://docs.microsoft.com/azure/azure-monitor/insights/azure-networking-analytics\nhttps://docs.microsoft.com/azure/network-watcher/traffic-analytics-schema"
                  },
                  {
                    "name": "tactics",
                    "value": "Impact"
                  },
                  {
                    "name": "techniques",
                    "value": "T1496"
                  }
                ]
              }
            },
            {
              "type": "Microsoft.OperationalInsights/workspaces/providers/metadata",
              "apiVersion": "2022-01-01-preview",
              "name": "[concat(parameters('workspace'),'/Microsoft.SecurityInsights/',concat('HuntingQuery-', last(split(resourceId('Microsoft.OperationalInsights/savedSearches', '8d5996b2-7d4c-4dcf-bb0d-0d7fdf0e2c75'),'/'))))]",
              "properties": {
                "description": "Cloud Service Threat Protection Essentials Hunting Query 1",
                "parentId": "[resourceId('Microsoft.OperationalInsights/savedSearches', '8d5996b2-7d4c-4dcf-bb0d-0d7fdf0e2c75')]",
                "contentId": "8d5996b2-7d4c-4dcf-bb0d-0d7fdf0e2c75",
                "kind": "HuntingQuery",
                "version": "1.0.1",
                "source": {
                  "kind": "Solution",
                  "name": "Cloud Service Threat Protection Essentials",
                  "sourceId": "azuresentinel.azure-sentinel-solution-cloudservicedetection"
                },
                "author": {
                  "name": "Microsoft",
                  "email": "support@microsoft.com"
                },
                "support": {
                  "name": "Microsoft Corporation",
                  "email": "support@microsoft.com",
                  "tier": "Microsoft",
                  "link": "https://support.microsoft.com"
                }
              }
            }
          ]
        },
        "packageKind": "Solution",
        "packageVersion": "2.0.1",
        "packageName": "Cloud Service Threat Protection Essentials",
        "packageId": "azuresentinel.azure-sentinel-solution-cloudservicedetection",
        "contentProductId": "azuresentinel.azure-sentinel-solution-cloudservice-hq-vhnp66nfwenx4",
        "id": "azuresentinel.azure-sentinel-solution-cloudservice-hq-vhnp66nfwenx4",
        "contentSchemaVersion": "3.0.0",
        "version": "1.0.1"
      }
    },
    {
      "type": "Microsoft.OperationalInsights/workspaces/providers/contentTemplates",
      "name": "[concat(parameters('workspace'),'/Microsoft.SecurityInsights/',concat(concat(parameters('workspace'),'-hq-',uniquestring('8eff7055-9138-4edc-b8f0-48ea27e23c3c')),'1.0.0'))]",
      "location": "[parameters('workspace-location')]",
      "apiVersion": "2023-04-01-preview",
      "dependsOn": [
        "[extensionResourceId(resourceId('Microsoft.OperationalInsights/workspaces', parameters('workspace')), 'Microsoft.SecurityInsights/contentPackages', 'azuresentinel.azure-sentinel-solution-cloudservicedetection')]"
      ],
      "properties": {
        "contentId": "8eff7055-9138-4edc-b8f0-48ea27e23c3c",
        "displayName": "Azure Key Vault Access Policy Manipulation",
        "contentKind": "HuntingQuery",
        "mainTemplate": {
          "$schema": "https://schema.management.azure.com/schemas/2019-04-01/deploymentTemplate.json#",
          "contentVersion": "1.0.0",
          "parameters": {},
          "variables": {},
          "resources": [
            {
              "type": "Microsoft.OperationalInsights/savedSearches",
              "apiVersion": "2020-08-01",
              "name": "Cloud_Service_Threat_Protection_Essentials_Hunting_Query_2",
              "location": "[parameters('workspace-location')]",
              "properties": {
                "eTag": "*",
                "displayName": "Azure Key Vault Access Policy Manipulation",
                "category": "Hunting Queries",
                "query": "let timeframe = 10m;\nAzureDiagnostics\n| where ResourceType == \"VAULTS\"\n| where OperationName == \"VaultPatch\"\n| where ResultType == \"Success\"\n| extend UserObjectAdded = column_ifexists(\"addedAccessPolicy_ObjectId_g\",\"\")\n| extend AddedActor = identity_claim_http_schemas_xmlsoap_org_ws_2005_05_identity_claims_name_s\n| extend KeyAccessAdded = tostring(column_ifexists(\"addedAccessPolicy_Permissions_keys_s\",\"\"))\n| extend SecretAccessAdded = tostring(column_ifexists(\"addedAccessPolicy_Permissions_secrets_s\",\"\"))\n| extend CertAccessAdded = tostring(column_ifexists(\"addedAccessPolicy_Permissions_certificates_s\",\"\"))\n| where isnotempty(UserObjectAdded)\n| project AccessAddedTime=TimeGenerated, ResourceType, OperationName, ResultType, KeyVaultName=id_s, AddedActor, UserObjectAdded, KeyAccessAdded, SecretAccessAdded, CertAccessAdded\n| join kind=inner \n( \nAzureDiagnostics\n| where ResourceType == \"VAULTS\"\n| where OperationName == \"VaultPatch\"\n| where ResultType == \"Success\"\n| extend RemovedActor = identity_claim_http_schemas_xmlsoap_org_ws_2005_05_identity_claims_name_s\n| extend UserObjectRemoved = column_ifexists(\"removedAccessPolicy_ObjectId_g\", \"\")\n| extend KeyAccessRemoved = tostring(column_ifexists(\"removedAccessPolicy_Permissions_keys_s\",\"\"))\n| extend SecretAccessRemoved = tostring(column_ifexists(\"removedAccessPolicy_Permissions_secrets_s\",\"\"))\n| extend CertAccessRemoved = tostring(column_ifexists(\"removedAccessPolicy_Permissions_certificates_s\",\"\"))\n| where isnotempty(UserObjectRemoved)\n| project AccessRemovedTime=TimeGenerated, ResourceType, OperationName, ResultType, KeyVaultName=id_s, RemovedActor, UserObjectRemoved, KeyAccessRemoved, SecretAccessRemoved, CertAccessRemoved\n)\non KeyVaultName\n| extend TimeDelta = abs(AccessAddedTime - AccessRemovedTime)\n| where TimeDelta < timeframe\n| project KeyVaultName, AccessAddedTime, AddedActor, UserObjectAdded, KeyAccessAdded, SecretAccessAdded, CertAccessAdded, AccessRemovedTime, RemovedActor, UserObjectRemoved, KeyAccessRemoved, SecretAccessRemoved, CertAccessRemoved, TimeDelta\n| extend timestamp = AccessAddedTime, AccountCustomEntity = UserObjectAdded\n",
                "version": 2,
                "tags": [
                  {
                    "name": "description",
                    "value": "Identifies when a user is added and then removed to an Azure Key Vault access policy within a short time period. \nThis may be a sign of credential access and persistence."
                  },
                  {
                    "name": "tactics",
                    "value": "CredentialAccess"
                  },
                  {
                    "name": "techniques",
                    "value": "T1555"
                  }
                ]
              }
            },
            {
              "type": "Microsoft.OperationalInsights/workspaces/providers/metadata",
              "apiVersion": "2022-01-01-preview",
              "name": "[concat(parameters('workspace'),'/Microsoft.SecurityInsights/',concat('HuntingQuery-', last(split(resourceId('Microsoft.OperationalInsights/savedSearches', '8eff7055-9138-4edc-b8f0-48ea27e23c3c'),'/'))))]",
              "properties": {
                "description": "Cloud Service Threat Protection Essentials Hunting Query 2",
                "parentId": "[resourceId('Microsoft.OperationalInsights/savedSearches', '8eff7055-9138-4edc-b8f0-48ea27e23c3c')]",
                "contentId": "8eff7055-9138-4edc-b8f0-48ea27e23c3c",
                "kind": "HuntingQuery",
                "version": "1.0.0",
                "source": {
                  "kind": "Solution",
                  "name": "Cloud Service Threat Protection Essentials",
                  "sourceId": "azuresentinel.azure-sentinel-solution-cloudservicedetection"
                },
                "author": {
                  "name": "Microsoft",
                  "email": "support@microsoft.com"
                },
                "support": {
                  "name": "Microsoft Corporation",
                  "email": "support@microsoft.com",
                  "tier": "Microsoft",
                  "link": "https://support.microsoft.com"
                }
              }
            }
          ]
        },
        "packageKind": "Solution",
        "packageVersion": "2.0.1",
        "packageName": "Cloud Service Threat Protection Essentials",
        "packageId": "azuresentinel.azure-sentinel-solution-cloudservicedetection",
        "contentProductId": "azuresentinel.azure-sentinel-solution-cloudservice-hq-quffm7x26qrmq",
        "id": "azuresentinel.azure-sentinel-solution-cloudservice-hq-quffm7x26qrmq",
        "contentSchemaVersion": "3.0.0",
        "version": "1.0.0"
      }
    },
    {
      "type": "Microsoft.OperationalInsights/workspaces/providers/contentPackages",
      "name": "[concat(parameters('workspace'),'/Microsoft.SecurityInsights/', 'azuresentinel.azure-sentinel-solution-cloudservicedetection')]",
      "location": "[parameters('workspace-location')]",
      "apiVersion": "2023-04-01-preview",
      "properties": {
        "version": "2.0.1",
        "kind": "Solution",
        "contentSchemaVersion": "3.0.0",
        "contentId": "azuresentinel.azure-sentinel-solution-cloudservicedetection",
        "source": {
          "kind": "Solution",
          "name": "Cloud Service Threat Protection Essentials",
          "sourceId": "azuresentinel.azure-sentinel-solution-cloudservicedetection"
        },
        "author": {
          "name": "Microsoft",
          "email": "support@microsoft.com"
        },
        "support": {
          "name": "Microsoft Corporation",
          "email": "support@microsoft.com",
          "tier": "Microsoft",
          "link": "https://support.microsoft.com"
        },
        "dependencies": {
          "operator": "AND",
          "criteria": [
            {
              "kind": "HuntingQuery",
              "contentId": "8d5996b2-7d4c-4dcf-bb0d-0d7fdf0e2c75",
              "version": "1.0.1"
            },
            {
              "kind": "HuntingQuery",
              "contentId": "8eff7055-9138-4edc-b8f0-48ea27e23c3c",
              "version": "1.0.0"
            }
          ]
        },
        "firstPublishDate": "2022-11-16",
        "providers": [
          "Microsoft"
        ],
        "categories": {
          "domains": [
            "Security - Threat Protection",
            "Security - Cloud Security"
          ]
        },
        "contentKind": "Solution",
        "contentProductId": "azuresentinel.azure-sentinel-solution-cloudservice-sl-pp5n2ojggr4ci",
        "id": "azuresentinel.azure-sentinel-solution-cloudservice-sl-pp5n2ojggr4ci",
        "displayName": "Cloud Service Threat Protection Essentials",
        "publisherDisplayName": "Microsoft Sentinel, Microsoft Corporation",
        "descriptionHtml": "<p><strong>Note:</strong> <em>There may be <a target=\"_blank\" href=\"https://aka.ms/sentinelsolutionsknownissues\" rel=\"noopener\">known issues</a> pertaining to this Solution, please refer to them before installing.</em></p><p>As cloud services increase in popularity, the volume of attacks against them is also increasing. Broad visibility, context and timely detection of these attacks are important for organization as they move more workloads to the cloud. The <strong>Cloud Service Threat Protection Essentials</strong> contains security content that is relevant for detection of attacks against various cloud services like key vault, storage, compute etc.</p><p><strong>Pre-requisites:</strong></p><p>This is a <a target=\"_blank\" href=\"https://learn.microsoft.com/en-us/azure/sentinel/sentinel-solutions-catalog#domain-solutions\" rel=\"noopener\">domain solution</a> and does not include any data connectors. The content in this solution supports the connectors listed below. Install one or more of the listed solutions, to unlock the value provided by this solution.</p><ol><li><p><a target=\"_blank\" href=\"https://portal.azure.com/#create/azuresentinel.azure-sentinel-solution-office365azure-sentinel-solution-office365\" rel=\"noopener\">Microsoft 365</a></p></li><li><p><a target=\"_blank\" href=\"https://ms.portal.azure.com/#create/azuresentinel.azure-sentinel-solution-azureactivityazure-sentinel-solution-azureactivity\" rel=\"noopener\">Azure Activity</a></p></li><li><p><a target=\"_blank\" href=\"https://ms.portal.azure.com/#create/azuresentinel.azure-sentinel-solution-azurekeyvaultazure-sentinel-solution-azurekeyvault\" rel=\"noopener\">Azure Key Vault</a></p></li></ol><p><strong>Keywords:</strong> Storage, Key Vault, Compute, Office, Mail tampering, Azure, resources</p><p><strong>Hunting Queries:</strong> 2</p>",
        "icon": "https://store-images.s-microsoft.com/image/apps.22990.c867ed37-b276-4a59-87fb-59758ade2ff0.34b4bc2b-5dda-4e32-a1e1-73f127b5c73e.b670fca8-40f5-470d-9003-d17561eb6ecd"
      }
    }
  ]
}