{
  "$schema": "https://schema.management.azure.com/schemas/2019-04-01/deploymentTemplate.json#",
  "contentVersion": "1.0.0",
  "parameters": {
    "location": {
      "type": "string",
      "minLength": 1,
      "defaultValue": "[resourceGroup().location]",
      "metadata": {
        "description": "Not used, but needed to pass arm-ttk test `Location-Should-Not-Be-Hardcoded`.  We instead use the `workspace-location` which is derived from the LA workspace"
      }
    },
    "workspace": {
      "defaultValue": "",
      "type": "string",
      "metadata": {
        "description": "Workspace name for Log Analytics where Microsoft Sentinel is setup"
      }
    },
    "workspace-location": {
      "type": "string",
      "defaultValue": "",
      "metadata": {
        "description": "[concat('Region to deploy solution resources -- separate from location selection',parameters('location'))]"
      }
    }
  },
  "resources": [
    {
      "type": "Microsoft.OperationalInsights/workspaces/providers/contentTemplates",
      "name": "[concat(parameters('workspace'),'/Microsoft.SecurityInsights/',concat(concat(parameters('workspace'),'-hq-',uniquestring('c4956c0b-4527-406c-b135-ef44002e1e70')),'1.0.0'))]",
      "location": "[parameters('workspace-location')]",
      "apiVersion": "2023-04-01-preview",
      "dependsOn": [
        "[extensionResourceId(resourceId('Microsoft.OperationalInsights/workspaces', parameters('workspace')), 'Microsoft.SecurityInsights/contentPackages', 'azuresentinel.azure-sentinel-solution-dns-domain')]"
      ],
      "properties": {
        "contentId": "c4956c0b-4527-406c-b135-ef44002e1e70",
        "displayName": "Potential beaconing activity (ASIM DNS Solution)",
        "contentKind": "HuntingQuery",
        "mainTemplate": {
          "$schema": "https://schema.management.azure.com/schemas/2019-04-01/deploymentTemplate.json#",
          "contentVersion": "1.0.0",
          "parameters": {},
          "variables": {},
          "resources": [
            {
              "type": "Microsoft.OperationalInsights/savedSearches",
              "apiVersion": "2020-08-01",
              "name": "DNS_Essentials_Hunting_Query_8",
              "location": "[parameters('workspace-location')]",
              "properties": {
                "eTag": "*",
                "displayName": "Potential beaconing activity (ASIM DNS Solution)",
                "category": "Hunting Queries",
                "query": "let querystarttime = 2d;\nlet queryendtime = 1d;\nlet TimeDeltaThreshold = 10;\nlet TotalEventsThreshold = 15;\nlet PercentBeaconThreshold = 80;\n_Im_Dns(starttime=ago(querystarttime), endtime=ago(queryendtime))\n| where isnotempty(SrcIpAddr)\n| project TimeGenerated, SrcIpAddr, DnsQuery\n| sort by SrcIpAddr asc,TimeGenerated asc\n| serialize\n| extend nextTimeGenerated = next(TimeGenerated, 1), nextSrcIpAddr = next(SrcIpAddr, 1)\n| extend TimeDeltainSeconds = datetime_diff('second',nextTimeGenerated,TimeGenerated)\n| where SrcIpAddr == nextSrcIpAddr\n//Whitelisting criteria/ threshold criteria\n| where TimeDeltainSeconds > TimeDeltaThreshold\n| project TimeGenerated, TimeDeltainSeconds, SrcIpAddr, DnsQuery\n| summarize count(), make_list(TimeDeltainSeconds) by TimeDeltainSeconds, bin(TimeGenerated, 1h), SrcIpAddr, DnsQuery\n| summarize (MostFrequentTimeDeltaCount, MostFrequentTimeDeltainSeconds) = arg_max(count_, TimeDeltainSeconds), TotalEvents=sum(count_)\nby bin(TimeGenerated, 1h), SrcIpAddr, DnsQuery\n| where TotalEvents > TotalEventsThreshold\n| extend BeaconPercent = MostFrequentTimeDeltaCount/toreal(TotalEvents) * 100\n| where BeaconPercent > PercentBeaconThreshold\n| order by BeaconPercent\n| take 50\n| extend IP_0_Address = SrcIpAddr\n| extend DNS_0_DomainName = DnsQuery\n",
                "version": 2,
                "tags": [
                  {
                    "name": "description",
                    "value": "This query identifies beaconing patterns from DNS logs based on recurrent frequency patterns. Such a potential outbound beaconing pattern to untrusted public networks should be investigated for any malware callbacks or data exfiltration attempts."
                  },
                  {
                    "name": "tactics",
                    "value": "CommandAndControl"
                  },
                  {
                    "name": "techniques",
                    "value": "T1095,T1573,T1008,T1571,T1219"
                  }
                ]
              }
            },
            {
              "type": "Microsoft.OperationalInsights/workspaces/providers/metadata",
              "apiVersion": "2022-01-01-preview",
              "name": "[concat(parameters('workspace'),'/Microsoft.SecurityInsights/',concat('HuntingQuery-', last(split(resourceId('Microsoft.OperationalInsights/savedSearches', 'c4956c0b-4527-406c-b135-ef44002e1e70'),'/'))))]",
              "properties": {
                "description": "DNS Essentials Hunting Query 8",
                "parentId": "[resourceId('Microsoft.OperationalInsights/savedSearches', 'c4956c0b-4527-406c-b135-ef44002e1e70')]",
                "contentId": "c4956c0b-4527-406c-b135-ef44002e1e70",
                "kind": "HuntingQuery",
                "version": "1.0.0",
                "source": {
                  "kind": "Solution",
                  "name": "DNS Essentials",
                  "sourceId": "azuresentinel.azure-sentinel-solution-dns-domain"
                },
                "author": {
                  "name": "Microsoft",
                  "email": "support@microsoft.com"
                },
                "support": {
                  "name": "Microsoft Corporation",
                  "email": "support@microsoft.com",
                  "tier": "Microsoft",
                  "link": "https://support.microsoft.com"
                }
              }
            }
          ]
        },
        "packageKind": "Solution",
        "packageVersion": "2.0.2",
        "packageName": "DNS Essentials",
        "packageId": "azuresentinel.azure-sentinel-solution-dns-domain",
        "contentProductId": "azuresentinel.azure-sentinel-solution-dns-domain-hq-cmaq4qftoanec",
        "id": "azuresentinel.azure-sentinel-solution-dns-domain-hq-cmaq4qftoanec",
        "contentSchemaVersion": "3.0.0",
        "version": "1.0.0"
      }
    }
  ]
}