{
  "$schema": "https://schema.management.azure.com/schemas/2019-04-01/deploymentTemplate.json#",
  "parameters": {
    "location": {
      "type": "string",
      "minLength": 1,
      "defaultValue": "[resourceGroup().location]",
      "metadata": {
        "description": "Not used, but needed to pass arm-ttk test `Location-Should-Not-Be-Hardcoded`.  We instead use the `workspace-location` which is derived from the LA workspace"
      }
    },
    "workspace-location": {
      "type": "string",
      "defaultValue": "",
      "metadata": {
        "description": "[concat('Region to deploy solution resources -- separate from location selection',parameters('location'))]"
      }
    },
    "workspace": {
      "defaultValue": "",
      "type": "string",
      "metadata": {
        "description": "Workspace name for Log Analytics where Microsoft Sentinel is setup"
      }
    }
  },
  "variables": {},
  "resources": [
    {
      "type": "Microsoft.OperationalInsights/workspaces/providers/packages",
      "location": "[parameters('workspace-location')]",
      "apiVersion": "2022-08-01",
      "properties": {
        "packageKind": "Standalone",
        "packageItems": {
          "resources": [
            {
              "type": "Microsoft.OperationalInsights/workspaces/providers/contentTemplates",
              "name": "[concat(parameters('workspace'),'/Microsoft.SecurityInsights/', 'f9949656-473f-4503-bf43-a9d9890f7d08')]",
              "location": "[parameters('workspace-location')]",
              "apiVersion": "2022-08-01",
              "properties": {
                "contentId": "f9949656-473f-4503-bf43-a9d9890f7d08",
                "displayName": "TI map IP entity to AppServiceHTTPLogs",
                "contentKind": "AnalyticsRule",
                "mainTemplate": {
                  "$schema": "https://schema.management.azure.com/schemas/2019-04-01/deploymentTemplate.json#",
                  "contentVersion": "1.2.3",
                  "resources": [
                    {
                      "type": "Microsoft.OperationalInsights/workspaces/providers/alertRules",
                      "apiVersion": "2022-04-01-preview",
                      "name": "[concat(parameters('workspace'),'/Microsoft.SecurityInsights/', '' )]",
                      "kind": "Scheduled",
                      "location": "[parameters('workspace-location')]",
                      "properties": {
                        "description": "Identifies a match in AppServiceHTTPLogs from any IP IOC from TI",
                        "displayName": "TI map IP entity to AppServiceHTTPLogs",
                        "enabled": false,
                        "query": "\nlet dt_lookBack = 1h;\nlet ioc_lookBack = 14d;\nThreatIntelligenceIndicator\n| where TimeGenerated >= ago(ioc_lookBack) and ExpirationDateTime > now()\n| summarize LatestIndicatorTime = arg_max(TimeGenerated, *) by IndicatorId\n| where Active == true\n// Picking up only IOC's that contain the entities we want\n| where isnotempty(NetworkIP) or isnotempty(EmailSourceIpAddress) or isnotempty(NetworkDestinationIP) or isnotempty(NetworkSourceIP)\n// As there is potentially more than 1 indicator type for matching IP, taking NetworkIP first, then others if that is empty.\n// Taking the first non-empty value based on potential IOC match availability\n| extend TI_ipEntity = iff(isnotempty(NetworkIP), NetworkIP, NetworkDestinationIP)\n| extend TI_ipEntity = iff(isempty(TI_ipEntity) and isnotempty(NetworkSourceIP), NetworkSourceIP, TI_ipEntity)\n| extend TI_ipEntity = iff(isempty(TI_ipEntity) and isnotempty(EmailSourceIpAddress), EmailSourceIpAddress, TI_ipEntity)\n//Exclude local addresses, using the ipv4_is_private operator\n| where ipv4_is_private(TI_ipEntity) == false and  TI_ipEntity !startswith \"fe80\" and TI_ipEntity !startswith \"::\" and TI_ipEntity !startswith \"127.\"\n// using innerunique to keep perf fast and result set low, we only need one match to indicate potential malicious activity that needs to be investigated\n| join kind=innerunique (\n  AppServiceHTTPLogs | where TimeGenerated >= ago(dt_lookBack)\n  | where isnotempty(CIp)\n  | extend WebApp = split(_ResourceId, '/')[8]\n  // renaming time column so it is clear the log this came from\n  | extend AppService_TimeGenerated = TimeGenerated\n)\non $left.TI_ipEntity == $right.CIp\n| where AppService_TimeGenerated < ExpirationDateTime\n| summarize AppService_TimeGenerated = arg_max(AppService_TimeGenerated, *) by IndicatorId, CIp\n| project AppService_TimeGenerated, Description, ActivityGroupNames, IndicatorId, ThreatType, Url, ExpirationDateTime, ConfidenceScore, TI_ipEntity, CsUsername, \nWebApp = split(_ResourceId, '/')[8], CIp, CsHost, NetworkIP, NetworkDestinationIP, NetworkSourceIP, EmailSourceIpAddress, _ResourceId\n| extend timestamp = AppService_TimeGenerated, AccountCustomEntity = CsUsername, IPCustomEntity = CIp, URLCustomEntity = Url, HostCustomEntity = CsHost\n",
                        "queryFrequency": "PT1H",
                        "queryPeriod": "P14D",
                        "severity": "Medium",
                        "suppressionDuration": "PT1H",
                        "suppressionEnabled": false,
                        "triggerOperator": "GreaterThan",
                        "triggerThreshold": 0,
                        "tactics": [
                          "Impact"
                        ],
                        "entityMappings": [
                          {
                            "entityType": "Host",
                            "fieldMappings": [
                              {
                                "columnName": "HostCustomEntity",
                                "identifier": "FullName"
                              }
                            ]
                          },
                          {
                            "entityType": "Account",
                            "fieldMappings": [
                              {
                                "columnName": "AccountCustomEntity",
                                "identifier": "FullName"
                              }
                            ]
                          },
                          {
                            "entityType": "IP",
                            "fieldMappings": [
                              {
                                "columnName": "IPCustomEntity",
                                "identifier": "Address"
                              }
                            ]
                          },
                          {
                            "entityType": "URL",
                            "fieldMappings": [
                              {
                                "columnName": "URLCustomEntity",
                                "identifier": "Url"
                              }
                            ]
                          },
                          {
                            "entityType": "AzureResource",
                            "fieldMappings": [
                              {
                                "columnName": "_ResourceId",
                                "identifier": "ResourceId"
                              }
                            ]
                          }
                        ]
                      }
                    },
                    {
                      "type": "Microsoft.OperationalInsights/workspaces/providers/metadata",
                      "apiVersion": "2021-03-01-preview",
                      "name": "[concat(parameters('workspace'),'/Microsoft.SecurityInsights/', '')]",
                      "properties": {
                        "description": "'Identifies a match in AppServiceHTTPLogs from any IP IOC from TI'\n",
                        "contentId": "f9949656-473f-4503-bf43-a9d9890f7d08",
                        "version": "1.2.3",
                        "source": {
                          "kind": "Community"
                        },
                        "threatAnalysisTactics": [
                          "Impact"
                        ],
                        "parentId": "f9949656-473f-4503-bf43-a9d9890f7d08",
                        "kind": "AnalyticsRule",
                        "dependencies": {
                          "operator": "AND",
                          "criteria": [
                            {
                              "contentId": "ThreatIntelligenceIndicator",
                              "kind": "DataType"
                            },
                            {
                              "contentId": "ThreatIntelligenceIndicator",
                              "kind": "DataType"
                            }
                          ]
                        }
                      }
                    }
                  ]
                }
              }
            }
          ]
        },
        "contentId": "f9949656-473f-4503-bf43-a9d9890f7d08",
        "dependencies": {
          "operator": "AND",
          "criteria": [
            {
              "contentId": "f9949656-473f-4503-bf43-a9d9890f7d08",
              "kind": "AnalyticsRule"
            }
          ]
        },
        "description": "'Identifies a match in AppServiceHTTPLogs from any IP IOC from TI'\n",
        "displayName": "TI map IP entity to AppServiceHTTPLogs",
        "source": {
          "kind": "Community"
        },
        "threatAnalysisTactics": [
          "Impact"
        ],
        "version": "1.2.3"
      },
      "name": "[concat(parameters('workspace'),'/Microsoft.SecurityInsights/', 'f9949656-473f-4503-bf43-a9d9890f7d08')]"
    }
  ]
}