{
  "$schema": "https://schema.management.azure.com/schemas/2019-04-01/deploymentTemplate.json#",
  "parameters": {
    "location": {
      "type": "string",
      "minLength": 1,
      "defaultValue": "[resourceGroup().location]",
      "metadata": {
        "description": "Not used, but needed to pass arm-ttk test `Location-Should-Not-Be-Hardcoded`.  We instead use the `workspace-location` which is derived from the LA workspace"
      }
    },
    "workspace-location": {
      "type": "string",
      "defaultValue": "",
      "metadata": {
        "description": "[concat('Region to deploy solution resources -- separate from location selection',parameters('location'))]"
      }
    },
    "workspace": {
      "defaultValue": "",
      "type": "string",
      "metadata": {
        "description": "Workspace name for Log Analytics where Microsoft Sentinel is setup"
      }
    }
  },
  "variables": {},
  "resources": [
    {
      "type": "Microsoft.OperationalInsights/workspaces/providers/packages",
      "location": "[parameters('workspace-location')]",
      "apiVersion": "2022-08-01",
      "properties": {
        "packageKind": "Standalone",
        "packageItems": {
          "resources": [
            {
              "type": "Microsoft.OperationalInsights/workspaces/providers/contentTemplates",
              "name": "[concat(parameters('workspace'),'/Microsoft.SecurityInsights/', '67775878-7f8b-4380-ac54-115e1e828901')]",
              "location": "[parameters('workspace-location')]",
              "apiVersion": "2022-08-01",
              "properties": {
                "contentId": "67775878-7f8b-4380-ac54-115e1e828901",
                "displayName": "(Preview) TI map IP entity to Dns Events (ASIM DNS Schema)",
                "contentKind": "AnalyticsRule",
                "mainTemplate": {
                  "$schema": "https://schema.management.azure.com/schemas/2019-04-01/deploymentTemplate.json#",
                  "contentVersion": "1.1.2",
                  "resources": [
                    {
                      "type": "Microsoft.OperationalInsights/workspaces/providers/alertRules",
                      "apiVersion": "2022-04-01-preview",
                      "name": "[concat(parameters('workspace'),'/Microsoft.SecurityInsights/', '' )]",
                      "kind": "Scheduled",
                      "location": "[parameters('workspace-location')]",
                      "properties": {
                        "description": "Identifies a match in DNS events from any IP IOC from TI\nThis analytic rule uses [ASIM](https://aka.ms/AboutASIM) and supports any built-in or custom source that supports the ASIM DNS schema'",
                        "displayName": "(Preview) TI map IP entity to Dns Events (ASIM DNS Schema)",
                        "enabled": false,
                        "query": "let HAS_ANY_MAX=10000;\nlet dt_lookBack = 1h;\nlet ioc_lookBack = 14d;\nlet IP_TI = (ThreatIntelligenceIndicator\n| where TimeGenerated >= ago(ioc_lookBack) and ExpirationDateTime > now()\n// Picking up only IOC's that contain the entities we want\n| where isnotempty(NetworkIP) or isnotempty(EmailSourceIpAddress) or isnotempty(NetworkDestinationIP) or isnotempty(NetworkSourceIP)\n// As there is potentially more than 1 indicator type for matching IP, taking NetworkIP first, then others if that is empty.\n// Taking the first non-empty value based on potential IOC match availability\n| extend TI_ipEntity = coalesce(NetworkIP, NetworkDestinationIP, NetworkSourceIP,EmailSourceIpAddress,\"\")\n| summarize LatestIndicatorTime = arg_max(TimeGenerated, *) by IndicatorId\n| where Active == true);\nlet TI_IP_List=IP_TI | summarize NIPs=dcount(TI_ipEntity), IP_List=make_set( TI_ipEntity) \n| project IP_List=iff(NIPs > HAS_ANY_MAX, dynamic([]), IP_List);\n_Im_Dns(starttime=ago(dt_lookBack), response_has_any_prefix=todynamic(toscalar(TI_IP_List)))\n    | extend tilist = toscalar(TI_IP_List)\n    | mv-expand tilist\n    | extend SingleIP=tostring(tilist)\n    | project-away tilist\n    | where has_ipv4(DnsResponseName, SingleIP)\n    | extend DNS_TimeGenerated = TimeGenerated\n| join IP_TI\n      on $left.SingleIP == $right.TI_ipEntity\n| where DNS_TimeGenerated >= TimeGenerated and DNS_TimeGenerated < ExpirationDateTime\n| project LatestIndicatorTime, Description, ActivityGroupNames, IndicatorId, ThreatType, Url, ExpirationDateTime, ConfidenceScore, DNS_TimeGenerated,\nTI_ipEntity, Dvc, EventSubType, SrcIpAddr, DnsQuery, DnsResponseName, NetworkIP, NetworkDestinationIP, NetworkSourceIP, EmailSourceIpAddress\n| extend timestamp = DNS_TimeGenerated, IPCustomEntity = TI_ipEntity, HostCustomEntity = Dvc, URLCustomEntity = Url\n",
                        "queryFrequency": "PT1H",
                        "queryPeriod": "P14D",
                        "severity": "Medium",
                        "suppressionDuration": "PT1H",
                        "suppressionEnabled": false,
                        "triggerOperator": "GreaterThan",
                        "triggerThreshold": 0,
                        "tactics": [
                          "Impact"
                        ],
                        "entityMappings": [
                          {
                            "entityType": "Host",
                            "fieldMappings": [
                              {
                                "columnName": "HostCustomEntity",
                                "identifier": "FullName"
                              }
                            ]
                          },
                          {
                            "entityType": "IP",
                            "fieldMappings": [
                              {
                                "columnName": "IPCustomEntity",
                                "identifier": "Address"
                              }
                            ]
                          },
                          {
                            "entityType": "URL",
                            "fieldMappings": [
                              {
                                "columnName": "URLCustomEntity",
                                "identifier": "Url"
                              }
                            ]
                          }
                        ],
                        "customDetails": {
                          "SubType": "EventSubType",
                          "ExpirationDateTime": "ExpirationDateTime",
                          "SourceIPAddress": "SrcIpAddr",
                          "ActivityGroupNames": "ActivityGroupNames",
                          "DNSRequestTime": "DNS_TimeGenerated",
                          "DnsQuery": "DnsQuery",
                          "IndicatorId": "IndicatorId",
                          "LatestIndicatorTime": "LatestIndicatorTime",
                          "Description": "Description",
                          "ThreatType": "ThreatType",
                          "ConfidenceScore": "ConfidenceScore"
                        }
                      }
                    },
                    {
                      "type": "Microsoft.OperationalInsights/workspaces/providers/metadata",
                      "apiVersion": "2021-03-01-preview",
                      "name": "[concat(parameters('workspace'),'/Microsoft.SecurityInsights/', '')]",
                      "properties": {
                        "description": "Identifies a match in DNS events from any IP IOC from TI\nThis analytic rule uses [ASIM](https://aka.ms/AboutASIM) and supports any built-in or custom source that supports the ASIM DNS schema'\n",
                        "version": "1.1.2",
                        "source": {
                          "kind": "Community"
                        },
                        "threatAnalysisTactics": [
                          "Impact"
                        ],
                        "contentId": "67775878-7f8b-4380-ac54-115e1e828901",
                        "parentId": "67775878-7f8b-4380-ac54-115e1e828901",
                        "kind": "AnalyticsRule",
                        "dependencies": {
                          "operator": "AND",
                          "criteria": [
                            {
                              "contentId": "ThreatIntelligenceIndicator",
                              "kind": "DataType"
                            },
                            {
                              "contentId": "ThreatIntelligenceIndicator",
                              "kind": "DataType"
                            },
                            {
                              "contentId": "DnsEvents",
                              "kind": "DataType"
                            },
                            {
                              "contentId": "AzureDiagnostics",
                              "kind": "DataType"
                            },
                            {
                              "contentId": "CommonSecurityLog",
                              "kind": "DataType"
                            },
                            {
                              "contentId": "Syslog",
                              "kind": "DataType"
                            },
                            {
                              "contentId": "GCP_DNS_CL",
                              "kind": "DataType"
                            },
                            {
                              "contentId": "NXLog_DNS_Server_CL",
                              "kind": "DataType"
                            },
                            {
                              "contentId": "Cisco_Umbrella_dns_CL",
                              "kind": "DataType"
                            },
                            {
                              "contentId": "Corelight_CL",
                              "kind": "DataType"
                            }
                          ]
                        }
                      }
                    }
                  ]
                }
              }
            }
          ]
        },
        "dependencies": {
          "operator": "AND",
          "criteria": [
            {
              "contentId": "67775878-7f8b-4380-ac54-115e1e828901",
              "kind": "AnalyticsRule"
            }
          ]
        },
        "description": "Identifies a match in DNS events from any IP IOC from TI\nThis analytic rule uses [ASIM](https://aka.ms/AboutASIM) and supports any built-in or custom source that supports the ASIM DNS schema'\n",
        "displayName": "(Preview) TI map IP entity to Dns Events (ASIM DNS Schema)",
        "packageId": "67775878-7f8b-4380-ac54-115e1e828901",
        "source": {
          "kind": "Community"
        },
        "threatAnalysisTactics": [
          "Impact"
        ],
        "version": "1.1.2"
      },
      "name": "[concat(parameters('workspace'),'/Microsoft.SecurityInsights/', '67775878-7f8b-4380-ac54-115e1e828901')]"
    }
  ]
}