{
  "$schema": "https://schema.management.azure.com/schemas/2019-04-01/deploymentTemplate.json#",
  "contentVersion": "1.0.0.0",
  "parameters": {
    "location": {
      "type": "string",
      "minLength": 1,
      "defaultValue": "[resourceGroup().location]",
      "metadata": {
        "description": "Not used, but needed to pass arm-ttk test `Location-Should-Not-Be-Hardcoded`.  We instead use the `workspace-location` which is derived from the LA workspace"
      }
    },
    "workspace-location": {
      "type": "string",
      "defaultValue": "",
      "metadata": {
        "description": "[concat('Region to deploy solution resources -- separate from location selection',parameters('location'))]"
      }
    },
    "workspace": {
      "defaultValue": "",
      "type": "string",
      "metadata": {
        "description": "Workspace name for Log Analytics where Microsoft Sentinel is setup"
      }
    }
  },
  "variables": {},
  "resources": [
    {
      "type": "Microsoft.OperationalInsights/workspaces/providers/packages",
      "location": "[parameters('workspace-location')]",
      "apiVersion": "2022-08-01",
      "properties": {
        "packageKind": "Standalone",
        "packageItems": {
          "resources": [
            {
              "type": "Microsoft.OperationalInsights/workspaces/providers/contentTemplates",
              "name": "[concat(parameters('workspace'),'/Microsoft.SecurityInsights/', 'e7ec9fa6-e7f7-41ed-a34b-b956837a3ee6')]",
              "location": "[parameters('workspace-location')]",
              "apiVersion": "2022-08-01",
              "properties": {
                "contentId": "e7ec9fa6-e7f7-41ed-a34b-b956837a3ee6",
                "displayName": "Failed logon attempts in authpriv",
                "contentKind": "AnalyticsRule",
                "mainTemplate": {
                  "$schema": "https://schema.management.azure.com/schemas/2019-04-01/deploymentTemplate.json#",
                  "contentVersion": "1.0.1",
                  "resources": [
                    {
                      "type": "Microsoft.OperationalInsights/workspaces/providers/alertRules",
                      "apiVersion": "2022-04-01-preview",
                      "name": "e7ec9fa6-e7f7-41ed-a34b-b956837a3ee6",
                      "kind": "Scheduled",
                      "location": "[parameters('workspace-location')]",
                      "properties": {
                        "description": "Identifies failed logon attempts from unknown users in Syslog authpriv logs. The unknown user means the account that tried to log in \nisn't provisioned on the machine. A few hits could indicate someone attempting to access a machine they aren't authorized to access. \nIf there are many of hits, especially from outside your network, it could indicate a brute force attack. \nDefault threshold for logon attempts is 15.",
                        "displayName": "Failed logon attempts in authpriv",
                        "enabled": false,
                        "query": "let threshold = 15;\n// Below pulls messages from syslog-authpriv logs where there was an authentication failure with an unknown user.\n// IP address of system attempting logon is also extracted from the SyslogMessage field. Some of these messages\n// are aggregated.\nSyslog\n| where Facility =~ \"authpriv\"\n| where SyslogMessage has \"authentication failure\" and SyslogMessage has \" uid=0\"\n| parse SyslogMessage with * \"rhost=\" RemoteIP\n| project TimeGenerated, Computer, ProcessName, HostIP, RemoteIP, ProcessID\n| join kind=innerunique (\n    // Below pulls messages from syslog-authpriv logs that show each instance an unknown user tried to logon. \n    Syslog \n    | where Facility =~ \"authpriv\"\n    | where SyslogMessage has \"user unknown\"\n    | project Computer, HostIP, ProcessID\n    ) on Computer, HostIP, ProcessID\n// Count the number of failed logon attempts by External IP and internal machine\n| summarize FirstLogonAttempt = min(TimeGenerated), LatestLogonAttempt = max(TimeGenerated), TotalLogonAttempts = count() by Computer, HostIP, RemoteIP\n// Calculate the time between first and last logon attempt (AttemptPeriodLength)\n| extend TimeBetweenLogonAttempts = LatestLogonAttempt - FirstLogonAttempt\n| where TotalLogonAttempts >= threshold\n| project FirstLogonAttempt, LatestLogonAttempt, TimeBetweenLogonAttempts, TotalLogonAttempts, SourceAddress = RemoteIP, DestinationHost = Computer, DestinationAddress = HostIP\n| sort by DestinationHost asc nulls last\n| extend timestamp = FirstLogonAttempt, HostCustomEntity = DestinationHost, IPCustomEntity = DestinationAddress\n",
                        "queryFrequency": "P1D",
                        "queryPeriod": "P1D",
                        "severity": "Medium",
                        "suppressionDuration": "PT1H",
                        "suppressionEnabled": false,
                        "triggerOperator": "GreaterThan",
                        "triggerThreshold": 0,
                        "tactics": [
                          "CredentialAccess"
                        ],
                        "techniques": [
                          "T1110"
                        ],
                        "entityMappings": [
                          {
                            "entityType": "Host",
                            "fieldMappings": [
                              {
                                "columnName": "HostCustomEntity",
                                "identifier": "FullName"
                              }
                            ]
                          },
                          {
                            "entityType": "IP",
                            "fieldMappings": [
                              {
                                "columnName": "IPCustomEntity",
                                "identifier": "Address"
                              }
                            ]
                          }
                        ]
                      }
                    },
                    {
                      "type": "Microsoft.OperationalInsights/workspaces/providers/metadata",
                      "apiVersion": "2021-03-01-preview",
                      "properties": {
                        "description": "'Identifies failed logon attempts from unknown users in Syslog authpriv logs. The unknown user means the account that tried to log in \nisn't provisioned on the machine. A few hits could indicate someone attempting to access a machine they aren't authorized to access. \nIf there are many of hits, especially from outside your network, it could indicate a brute force attack. \nDefault threshold for logon attempts is 15.'\n",
                        "version": "1.0.1",
                        "author": {
                          "name": "Community"
                        },
                        "support": {
                          "name": "Community",
                          "link": "https://github.com/Azure/Azure-Sentinel/issues",
                          "tier": "Community"
                        },
                        "source": {
                          "kind": "Community",
                          "name": "Standalone"
                        },
                        "threatAnalysisTactics": [
                          "CredentialAccess"
                        ],
                        "threatAnalyticsTechniques": [
                          "T1110"
                        ],
                        "contentId": "e7ec9fa6-e7f7-41ed-a34b-b956837a3ee6",
                        "parentId": "e7ec9fa6-e7f7-41ed-a34b-b956837a3ee6",
                        "kind": "AnalyticsRule",
                        "dependencies": {
                          "operator": "AND",
                          "criteria": [
                            {
                              "contentId": "Syslog",
                              "kind": "DataType"
                            }
                          ]
                        }
                      }
                    }
                  ]
                }
              }
            }
          ]
        },
        "author": {
          "name": "Community"
        },
        "dependencies": {
          "operator": "AND",
          "criteria": [
            {
              "contentId": "e7ec9fa6-e7f7-41ed-a34b-b956837a3ee6",
              "kind": "AnalyticsRule"
            }
          ]
        },
        "description": "'Identifies failed logon attempts from unknown users in Syslog authpriv logs. The unknown user means the account that tried to log in \nisn't provisioned on the machine. A few hits could indicate someone attempting to access a machine they aren't authorized to access. \nIf there are many of hits, especially from outside your network, it could indicate a brute force attack. \nDefault threshold for logon attempts is 15.'\n",
        "displayName": "Failed logon attempts in authpriv",
        "packageId": "e7ec9fa6-e7f7-41ed-a34b-b956837a3ee6",
        "source": {
          "kind": "Community",
          "name": "Standalone"
        },
        "support": {
          "name": "Community",
          "link": "https://github.com/Azure/Azure-Sentinel/issues",
          "tier": "Community"
        },
        "threatAnalysisTactics": [
          "CredentialAccess"
        ],
        "threatAnalyticsTechniques": [
          "T1110"
        ],
        "version": "1.0.1"
      },
      "name": "[concat(parameters('workspace'),'/Microsoft.SecurityInsights/', 'e7ec9fa6-e7f7-41ed-a34b-b956837a3ee6')]"
    }
  ]
}