{
  "$schema": "https://schema.management.azure.com/schemas/2019-04-01/deploymentTemplate.json#",
  "contentVersion": "1.0.0.0",
  "parameters": {
    "location": {
      "type": "string",
      "minLength": 1,
      "defaultValue": "[resourceGroup().location]",
      "metadata": {
        "description": "Not used, but needed to pass arm-ttk test `Location-Should-Not-Be-Hardcoded`.  We instead use the `workspace-location` which is derived from the LA workspace"
      }
    },
    "workspace-location": {
      "type": "string",
      "defaultValue": "",
      "metadata": {
        "description": "[concat('Region to deploy solution resources -- separate from location selection',parameters('location'))]"
      }
    },
    "workspace": {
      "defaultValue": "",
      "type": "string",
      "metadata": {
        "description": "Workspace name for Log Analytics where Microsoft Sentinel is setup"
      }
    }
  },
  "variables": {},
  "resources": [
    {
      "type": "Microsoft.OperationalInsights/workspaces/providers/packages",
      "location": "[parameters('workspace-location')]",
      "apiVersion": "2022-08-01",
      "properties": {
        "packageKind": "Standalone",
        "packageItems": {
          "resources": [
            {
              "type": "Microsoft.OperationalInsights/workspaces/providers/contentTemplates",
              "name": "[concat(parameters('workspace'),'/Microsoft.SecurityInsights/', '32555639-b639-4c2b-afda-c0ae0abefa55')]",
              "location": "[parameters('workspace-location')]",
              "apiVersion": "2022-08-01",
              "properties": {
                "contentId": "32555639-b639-4c2b-afda-c0ae0abefa55",
                "displayName": "Monitor AWS Credential abuse or hijacking",
                "contentKind": "AnalyticsRule",
                "mainTemplate": {
                  "$schema": "https://schema.management.azure.com/schemas/2019-04-01/deploymentTemplate.json#",
                  "contentVersion": "1.0.0",
                  "resources": [
                    {
                      "type": "Microsoft.OperationalInsights/workspaces/providers/alertRules",
                      "apiVersion": "2022-04-01-preview",
                      "name": "32555639-b639-4c2b-afda-c0ae0abefa55",
                      "kind": "Scheduled",
                      "location": "[parameters('workspace-location')]",
                      "properties": {
                        "description": "Looking for GetCallerIdentity Events where the UserID Type is AssumedRole \nAn attacker who has assumed the role of a legitimate account can call the GetCallerIdentity function to determine what account they are using.\nA legitimate user using legitimate credentials would not need to call GetCallerIdentity since they should already know what account they are using.\nMore Information: https://duo.com/decipher/trailblazer-hunts-compromised-credentials-in-aws\nAWS STS GetCallerIdentity API: https://docs.aws.amazon.com/STS/latest/APIReference/API_GetCallerIdentity.html ",
                        "displayName": "Monitor AWS Credential abuse or hijacking",
                        "enabled": false,
                        "query": "\nAWSCloudTrail\n| where EventName =~ \"GetCallerIdentity\" and UserIdentityType =~ \"AssumedRole\" \n| summarize StartTime = min(TimeGenerated), EndTime = max(TimeGenerated) by SourceIpAddress, EventName, EventTypeName, UserIdentityType, UserIdentityAccountId, UserIdentityPrincipalid, \nUserAgent, UserIdentityUserName, SessionMfaAuthenticated,AWSRegion, EventSource, AdditionalEventData, ResponseElements\n| extend timestamp = StartTime, AccountCustomEntity = UserIdentityUserName, IPCustomEntity = SourceIpAddress\n| sort by EndTime desc nulls last \n",
                        "queryFrequency": "P1D",
                        "queryPeriod": "P1D",
                        "severity": "Low",
                        "suppressionDuration": "PT1H",
                        "suppressionEnabled": false,
                        "triggerOperator": "GreaterThan",
                        "triggerThreshold": 0,
                        "tactics": [
                          "Discovery"
                        ],
                        "techniques": [
                          "T1087"
                        ],
                        "entityMappings": [
                          {
                            "entityType": "Account",
                            "fieldMappings": [
                              {
                                "columnName": "AccountCustomEntity",
                                "identifier": "FullName"
                              }
                            ]
                          },
                          {
                            "entityType": "IP",
                            "fieldMappings": [
                              {
                                "columnName": "IPCustomEntity",
                                "identifier": "Address"
                              }
                            ]
                          }
                        ]
                      }
                    },
                    {
                      "type": "Microsoft.OperationalInsights/workspaces/providers/metadata",
                      "apiVersion": "2021-03-01-preview",
                      "properties": {
                        "description": "'Looking for GetCallerIdentity Events where the UserID Type is AssumedRole \nAn attacker who has assumed the role of a legitimate account can call the GetCallerIdentity function to determine what account they are using.\nA legitimate user using legitimate credentials would not need to call GetCallerIdentity since they should already know what account they are using.\nMore Information: https://duo.com/decipher/trailblazer-hunts-compromised-credentials-in-aws\nAWS STS GetCallerIdentity API: https://docs.aws.amazon.com/STS/latest/APIReference/API_GetCallerIdentity.html '\n",
                        "version": "1.0.0",
                        "author": {
                          "name": "Community"
                        },
                        "support": {
                          "name": "Community",
                          "link": "https://github.com/Azure/Azure-Sentinel/issues",
                          "tier": "Community"
                        },
                        "source": {
                          "kind": "Community",
                          "name": "Standalone"
                        },
                        "threatAnalysisTactics": [
                          "Discovery"
                        ],
                        "threatAnalyticsTechniques": [
                          "T1087"
                        ],
                        "contentId": "32555639-b639-4c2b-afda-c0ae0abefa55",
                        "parentId": "32555639-b639-4c2b-afda-c0ae0abefa55",
                        "kind": "AnalyticsRule",
                        "dependencies": {
                          "operator": "AND",
                          "criteria": [
                            {
                              "contentId": "AWSCloudTrail",
                              "kind": "DataType"
                            }
                          ]
                        }
                      }
                    }
                  ]
                }
              }
            }
          ]
        },
        "author": {
          "name": "Community"
        },
        "dependencies": {
          "operator": "AND",
          "criteria": [
            {
              "contentId": "32555639-b639-4c2b-afda-c0ae0abefa55",
              "kind": "AnalyticsRule"
            }
          ]
        },
        "description": "'Looking for GetCallerIdentity Events where the UserID Type is AssumedRole \nAn attacker who has assumed the role of a legitimate account can call the GetCallerIdentity function to determine what account they are using.\nA legitimate user using legitimate credentials would not need to call GetCallerIdentity since they should already know what account they are using.\nMore Information: https://duo.com/decipher/trailblazer-hunts-compromised-credentials-in-aws\nAWS STS GetCallerIdentity API: https://docs.aws.amazon.com/STS/latest/APIReference/API_GetCallerIdentity.html '\n",
        "displayName": "Monitor AWS Credential abuse or hijacking",
        "packageId": "32555639-b639-4c2b-afda-c0ae0abefa55",
        "source": {
          "kind": "Community",
          "name": "Standalone"
        },
        "support": {
          "name": "Community",
          "link": "https://github.com/Azure/Azure-Sentinel/issues",
          "tier": "Community"
        },
        "threatAnalysisTactics": [
          "Discovery"
        ],
        "threatAnalyticsTechniques": [
          "T1087"
        ],
        "version": "1.0.0"
      },
      "name": "[concat(parameters('workspace'),'/Microsoft.SecurityInsights/', '32555639-b639-4c2b-afda-c0ae0abefa55')]"
    }
  ]
}