{
  "$schema": "https://schema.management.azure.com/schemas/2019-04-01/deploymentTemplate.json#",
  "contentVersion": "1.0.0.0",
  "parameters": {
    "location": {
      "type": "string",
      "minLength": 1,
      "defaultValue": "[resourceGroup().location]",
      "metadata": {
        "description": "Not used, but needed to pass arm-ttk test `Location-Should-Not-Be-Hardcoded`.  We instead use the `workspace-location` which is derived from the LA workspace"
      }
    },
    "workspace-location": {
      "type": "string",
      "defaultValue": "",
      "metadata": {
        "description": "[concat('Region to deploy solution resources -- separate from location selection',parameters('location'))]"
      }
    },
    "workspace": {
      "defaultValue": "",
      "type": "string",
      "metadata": {
        "description": "Workspace name for Log Analytics where Microsoft Sentinel is setup"
      }
    }
  },
  "variables": {},
  "resources": [
    {
      "type": "Microsoft.OperationalInsights/workspaces/providers/packages",
      "location": "[parameters('workspace-location')]",
      "apiVersion": "2022-08-01",
      "properties": {
        "packageKind": "Standalone",
        "packageItems": {
          "resources": [
            {
              "type": "Microsoft.OperationalInsights/workspaces/providers/contentTemplates",
              "name": "[concat(parameters('workspace'),'/Microsoft.SecurityInsights/', '05a01ec8-ecab-4f9a-9aae-8d8cc061fe05')]",
              "location": "[parameters('workspace-location')]",
              "kind": "shared",
              "apiVersion": "2022-08-01",
              "properties": {
                "contentId": "05a01ec8-ecab-4f9a-9aae-8d8cc061fe05",
                "displayName": "wdigest-caching",
                "contentKind": "HuntingQuery",
                "mainTemplate": {
                  "$schema": "https://schema.management.azure.com/schemas/2019-04-01/deploymentTemplate.json#",
                  "contentVersion": "1.0.0",
                  "resources": [
                    {
                      "type": "Microsoft.OperationalInsights/savedSearches",
                      "apiVersion": "2020-08-01",
                      "name": "05a01ec8-ecab-4f9a-9aae-8d8cc061fe05",
                      "location": "[parameters('workspace-location')]",
                      "properties": {
                        "eTag": "*",
                        "displayName": "wdigest-caching",
                        "category": "Hunting Queries",
                        "query": "union DeviceRegistryEvents, DeviceProcessEvents\n// Find attempts to turn on WDigest credential caching\n| where RegistryKey contains \"wdigest\" and RegistryValueName == \"UseLogonCredential\" and \nRegistryValueData == \"1\" or \n// Find processes created with commandlines that attempt to turn on WDigest caching\nProcessCommandLine has \"WDigest\" and ProcessCommandLine has \"UseLogonCredential\" and \nProcessCommandLine has \"dword\" and ProcessCommandLine has \"1\"\n| project Timestamp, DeviceName, PreviousRegistryValueData,  \nRegistryKey, RegistryValueName, RegistryValueData, FileName, ProcessCommandLine, \nInitiatingProcessAccountName, InitiatingProcessFileName, \nInitiatingProcessCommandLine, InitiatingProcessParentFileName\n",
                        "version": 2,
                        "tags": [
                          {
                            "name": "description",
                            "value": "This query was originally published in the threat analytics report, WDigest credential harvesting.\nWDigest is a legacy authentication protocol dating from Windows XP. While still used on some corporate networks, this protocol can be manipulated by attackers to dump system credentials.\nThe Microsoft Security Response Center published an overview of KB2871997, which addresses WDigest use on older platforms. More recent versions of Windows can be protected with a holistic security approach that follows the principle of least privilege.\nThe following query returns any attempts to turn WDigest credential caching on through the registry.\nReferences:\nhttps://docs.microsoft.com/previous-versions/windows/it-pro/windows-server-2003/cc778868(v=ws.10)?redirectedfrom=MSDN\nhttps://msrc-blog.microsoft.com/2014/06/05/an-overview-of-kb2871997/\nhttps://www.catalog.update.microsoft.com/Search.aspx?q=KB2871997\nhttps://docs.microsoft.com/windows-server/identity/ad-ds/plan/security-best-practices/implementing-least-privilege-administrative-models\n"
                          },
                          {
                            "name": "tactics",
                            "value": "Credential Access,Vulnerability"
                          }
                        ]
                      }
                    },
                    {
                      "type": "Microsoft.OperationalInsights/workspaces/providers/metadata",
                      "apiVersion": "2021-03-01-preview",
                      "name": "[concat(parameters('workspace'),'/Microsoft.SecurityInsights/',concat('huntingQuery-', '05a01ec8-ecab-4f9a-9aae-8d8cc061fe05'))]",
                      "properties": {
                        "description": "This query was originally published in the threat analytics report, WDigest credential harvesting.\nWDigest is a legacy authentication protocol dating from Windows XP. While still used on some corporate networks, this protocol can be manipulated by attackers to dump system credentials.\nThe Microsoft Security Response Center published an overview of KB2871997, which addresses WDigest use on older platforms. More recent versions of Windows can be protected with a holistic security approach that follows the principle of least privilege.\nThe following query returns any attempts to turn WDigest credential caching on through the registry.\nReferences:\nhttps://docs.microsoft.com/previous-versions/windows/it-pro/windows-server-2003/cc778868(v=ws.10)?redirectedfrom=MSDN\nhttps://msrc-blog.microsoft.com/2014/06/05/an-overview-of-kb2871997/\nhttps://www.catalog.update.microsoft.com/Search.aspx?q=KB2871997\nhttps://docs.microsoft.com/windows-server/identity/ad-ds/plan/security-best-practices/implementing-least-privilege-administrative-models\n",
                        "version": "1.0.0",
                        "author": {
                          "name": "Community"
                        },
                        "support": {
                          "name": "Community",
                          "link": "https://github.com/Azure/Azure-Sentinel/issues",
                          "tier": "Community"
                        },
                        "source": {
                          "kind": "Community",
                          "name": "Standalone"
                        },
                        "threatAnalysisTactics": [
                          "CredentialAccess"
                        ],
                        "contentId": "05a01ec8-ecab-4f9a-9aae-8d8cc061fe05",
                        "parentId": "05a01ec8-ecab-4f9a-9aae-8d8cc061fe05",
                        "kind": "HuntingQuery",
                        "dependencies": {
                          "operator": "AND",
                          "criteria": [
                            {
                              "contentId": "DeviceRegistryEvents",
                              "kind": "DataType"
                            },
                            {
                              "contentId": "DeviceProcessEvents",
                              "kind": "DataType"
                            }
                          ]
                        }
                      }
                    }
                  ]
                }
              }
            }
          ]
        },
        "author": {
          "name": "Community"
        },
        "dependencies": {
          "operator": "AND",
          "criteria": [
            {
              "contentId": "05a01ec8-ecab-4f9a-9aae-8d8cc061fe05",
              "kind": "HuntingQuery"
            }
          ]
        },
        "description": "This query was originally published in the threat analytics report, WDigest credential harvesting.\nWDigest is a legacy authentication protocol dating from Windows XP. While still used on some corporate networks, this protocol can be manipulated by attackers to dump system credentials.\nThe Microsoft Security Response Center published an overview of KB2871997, which addresses WDigest use on older platforms. More recent versions of Windows can be protected with a holistic security approach that follows the principle of least privilege.\nThe following query returns any attempts to turn WDigest credential caching on through the registry.\nReferences:\nhttps://docs.microsoft.com/previous-versions/windows/it-pro/windows-server-2003/cc778868(v=ws.10)?redirectedfrom=MSDN\nhttps://msrc-blog.microsoft.com/2014/06/05/an-overview-of-kb2871997/\nhttps://www.catalog.update.microsoft.com/Search.aspx?q=KB2871997\nhttps://docs.microsoft.com/windows-server/identity/ad-ds/plan/security-best-practices/implementing-least-privilege-administrative-models\n",
        "displayName": "wdigest-caching",
        "packageId": "05a01ec8-ecab-4f9a-9aae-8d8cc061fe05",
        "source": {
          "kind": "Community",
          "name": "Standalone"
        },
        "support": {
          "name": "Community",
          "link": "https://github.com/Azure/Azure-Sentinel/issues",
          "tier": "Community"
        },
        "threatAnalysisTactics": [
          "CredentialAccess"
        ],
        "version": "1.0.0"
      },
      "name": "05a01ec8-ecab-4f9a-9aae-8d8cc061fe05"
    }
  ]
}