{
  "$schema": "https://schema.management.azure.com/schemas/2019-04-01/deploymentTemplate.json#",
  "contentVersion": "1.0.0.0",
  "parameters": {
    "location": {
      "type": "string",
      "minLength": 1,
      "defaultValue": "[resourceGroup().location]",
      "metadata": {
        "description": "Not used, but needed to pass arm-ttk test `Location-Should-Not-Be-Hardcoded`.  We instead use the `workspace-location` which is derived from the LA workspace"
      }
    },
    "workspace-location": {
      "type": "string",
      "defaultValue": "",
      "metadata": {
        "description": "[concat('Region to deploy solution resources -- separate from location selection',parameters('location'))]"
      }
    },
    "workspace": {
      "defaultValue": "",
      "type": "string",
      "metadata": {
        "description": "Workspace name for Log Analytics where Microsoft Sentinel is setup"
      }
    }
  },
  "variables": {},
  "resources": [
    {
      "type": "Microsoft.OperationalInsights/workspaces/providers/packages",
      "location": "[parameters('workspace-location')]",
      "apiVersion": "2022-08-01",
      "properties": {
        "packageKind": "Standalone",
        "packageItems": {
          "resources": [
            {
              "type": "Microsoft.OperationalInsights/workspaces/providers/contentTemplates",
              "name": "[concat(parameters('workspace'),'/Microsoft.SecurityInsights/', '7b907bf7-77d4-41d0-a208-5643ff75bf9a')]",
              "location": "[parameters('workspace-location')]",
              "apiVersion": "2022-08-01",
              "properties": {
                "contentId": "7b907bf7-77d4-41d0-a208-5643ff75bf9a",
                "displayName": "Malicious Inbox Rule",
                "contentKind": "AnalyticsRule",
                "mainTemplate": {
                  "$schema": "https://schema.management.azure.com/schemas/2019-04-01/deploymentTemplate.json#",
                  "contentVersion": "1.0.1",
                  "resources": [
                    {
                      "type": "Microsoft.OperationalInsights/workspaces/providers/alertRules",
                      "apiVersion": "2022-04-01-preview",
                      "name": "7b907bf7-77d4-41d0-a208-5643ff75bf9a",
                      "kind": "Scheduled",
                      "location": "[parameters('workspace-location')]",
                      "properties": {
                        "description": "Often times after the initial compromise the attackers create inbox rules to delete emails that contain certain keywords. \n This is done so as to limit ability to warn compromised users that they've been compromised. Below is a sample query that tries to detect this.\nReference: https://www.reddit.com/r/sysadmin/comments/7kyp0a/recent_phishing_attempts_my_experience_and_what/",
                        "displayName": "Malicious Inbox Rule",
                        "enabled": false,
                        "query": "\nlet Keywords = dynamic([\"helpdesk\", \" alert\", \" suspicious\", \"fake\", \"malicious\", \"phishing\", \"spam\", \"do not click\", \"do not open\", \"hijacked\", \"Fatal\"]);\nOfficeActivity\n| where Operation =~ \"New-InboxRule\"\n| where Parameters has \"Deleted Items\" or Parameters has \"Junk Email\"  or Parameters has \"DeleteMessage\"\n| extend Events=todynamic(Parameters)\n| parse Events  with * \"SubjectContainsWords\" SubjectContainsWords '}'*\n| parse Events  with * \"BodyContainsWords\" BodyContainsWords '}'*\n| parse Events  with * \"SubjectOrBodyContainsWords\" SubjectOrBodyContainsWords '}'*\n| where SubjectContainsWords has_any (Keywords)\n or BodyContainsWords has_any (Keywords)\n or SubjectOrBodyContainsWords has_any (Keywords)\n| extend ClientIPAddress = case( ClientIP has \".\", tostring(split(ClientIP,\":\")[0]), ClientIP has \"[\", tostring(trim_start(@'[[]',tostring(split(ClientIP,\"]\")[0]))), ClientIP )\n| extend Keyword = iff(isnotempty(SubjectContainsWords), SubjectContainsWords, (iff(isnotempty(BodyContainsWords),BodyContainsWords,SubjectOrBodyContainsWords )))\n| extend RuleDetail = case(OfficeObjectId contains '/' , tostring(split(OfficeObjectId, '/')[-1]) , tostring(split(OfficeObjectId, '\\\\')[-1]))\n| summarize count(), StartTimeUtc = min(TimeGenerated), EndTimeUtc = max(TimeGenerated) by  Operation, UserId, ClientIPAddress, ResultStatus, Keyword, OriginatingServer, OfficeObjectId, RuleDetail\n| extend timestamp = StartTimeUtc,  IPCustomEntity = ClientIPAddress, AccountCustomEntity = UserId , HostCustomEntity =  OriginatingServer\n",
                        "queryFrequency": "P1D",
                        "queryPeriod": "P1D",
                        "severity": "Medium",
                        "suppressionDuration": "PT1H",
                        "suppressionEnabled": false,
                        "triggerOperator": "GreaterThan",
                        "triggerThreshold": 0,
                        "tactics": [
                          "Persistence",
                          "DefenseEvasion"
                        ],
                        "techniques": [
                          "T1098",
                          "T1078"
                        ],
                        "entityMappings": [
                          {
                            "entityType": "Account",
                            "fieldMappings": [
                              {
                                "columnName": "AccountCustomEntity",
                                "identifier": "FullName"
                              }
                            ]
                          },
                          {
                            "entityType": "Host",
                            "fieldMappings": [
                              {
                                "columnName": "HostCustomEntity",
                                "identifier": "FullName"
                              }
                            ]
                          },
                          {
                            "entityType": "IP",
                            "fieldMappings": [
                              {
                                "columnName": "IPCustomEntity",
                                "identifier": "Address"
                              }
                            ]
                          }
                        ]
                      }
                    },
                    {
                      "type": "Microsoft.OperationalInsights/workspaces/providers/metadata",
                      "apiVersion": "2021-03-01-preview",
                      "properties": {
                        "description": "'Often times after the initial compromise the attackers create inbox rules to delete emails that contain certain keywords. \n This is done so as to limit ability to warn compromised users that they've been compromised. Below is a sample query that tries to detect this.\nReference: https://www.reddit.com/r/sysadmin/comments/7kyp0a/recent_phishing_attempts_my_experience_and_what/'\n",
                        "version": "1.0.1",
                        "author": {
                          "name": "Community"
                        },
                        "support": {
                          "name": "Community",
                          "link": "https://github.com/Azure/Azure-Sentinel/issues",
                          "tier": "Community"
                        },
                        "source": {
                          "kind": "Community",
                          "name": "Standalone"
                        },
                        "threatAnalysisTactics": [
                          "Persistence",
                          "DefenseEvasion"
                        ],
                        "threatAnalyticsTechniques": [
                          "T1098",
                          "T1078"
                        ],
                        "contentId": "7b907bf7-77d4-41d0-a208-5643ff75bf9a",
                        "parentId": "7b907bf7-77d4-41d0-a208-5643ff75bf9a",
                        "kind": "AnalyticsRule",
                        "dependencies": {
                          "operator": "AND",
                          "criteria": [
                            {
                              "contentId": "OfficeActivity",
                              "kind": "DataType"
                            }
                          ]
                        }
                      }
                    }
                  ]
                }
              }
            }
          ]
        },
        "author": {
          "name": "Community"
        },
        "dependencies": {
          "operator": "AND",
          "criteria": [
            {
              "contentId": "7b907bf7-77d4-41d0-a208-5643ff75bf9a",
              "kind": "AnalyticsRule"
            }
          ]
        },
        "description": "'Often times after the initial compromise the attackers create inbox rules to delete emails that contain certain keywords. \n This is done so as to limit ability to warn compromised users that they've been compromised. Below is a sample query that tries to detect this.\nReference: https://www.reddit.com/r/sysadmin/comments/7kyp0a/recent_phishing_attempts_my_experience_and_what/'\n",
        "displayName": "Malicious Inbox Rule",
        "packageId": "7b907bf7-77d4-41d0-a208-5643ff75bf9a",
        "source": {
          "kind": "Community",
          "name": "Standalone"
        },
        "support": {
          "name": "Community",
          "link": "https://github.com/Azure/Azure-Sentinel/issues",
          "tier": "Community"
        },
        "threatAnalysisTactics": [
          "Persistence",
          "DefenseEvasion"
        ],
        "threatAnalyticsTechniques": [
          "T1098",
          "T1078"
        ],
        "version": "1.0.1"
      },
      "name": "[concat(parameters('workspace'),'/Microsoft.SecurityInsights/', '7b907bf7-77d4-41d0-a208-5643ff75bf9a')]"
    }
  ]
}