{
  "$schema": "https://schema.management.azure.com/schemas/2019-04-01/deploymentTemplate.json#",
  "contentVersion": "1.0.0",
  "parameters": {
    "location": {
      "type": "string",
      "minLength": 1,
      "defaultValue": "[resourceGroup().location]",
      "metadata": {
        "description": "Not used, but needed to pass arm-ttk test `Location-Should-Not-Be-Hardcoded`.  We instead use the `workspace-location` which is derived from the LA workspace"
      }
    },
    "workspace": {
      "defaultValue": "",
      "type": "string",
      "metadata": {
        "description": "Workspace name for Log Analytics where Microsoft Sentinel is setup"
      }
    },
    "workspace-location": {
      "type": "string",
      "defaultValue": "",
      "metadata": {
        "description": "[concat('Region to deploy solution resources -- separate from location selection',parameters('location'))]"
      }
    }
  },
  "resources": [
    {
      "type": "Microsoft.OperationalInsights/workspaces/providers/contentTemplates",
      "name": "[concat(parameters('workspace'),'/Microsoft.SecurityInsights/',concat(concat(parameters('workspace'),'-ar-',uniquestring('8e15998e-1e32-4b6d-abd1-e8482e8f3def')),'1.0.0'))]",
      "location": "[parameters('workspace-location')]",
      "apiVersion": "2022-08-01",
      "dependsOn": [
        "[extensionResourceId(resourceId('Microsoft.OperationalInsights/workspaces', parameters('workspace')), 'Microsoft.SecurityInsights/contentPackages', 'azuresentinel.azure-sentinel-solution-amazonwebservices')]"
      ],
      "properties": {
        "contentId": "8e15998e-1e32-4b6d-abd1-e8482e8f3def",
        "displayName": "Creation of CRUD KMS policy and then privilege escalation",
        "contentKind": "AnalyticsRule",
        "mainTemplate": {
          "resources": [
            {
              "type": "Microsoft.SecurityInsights/AlertRuleTemplates",
              "name": "8e15998e-1e32-4b6d-abd1-e8482e8f3def",
              "apiVersion": "2022-04-01-preview",
              "kind": "Scheduled",
              "location": "[parameters('workspace-location')]",
              "properties": {
                "description": "Detected creation of new CRUD KMS policy and usage of one of the attach policy operations (AttachUserPolicy/AttachRolePolicy/AttachGroupPolicy). This might indicate a privilege escalation technique that attackers could use.",
                "displayName": "Creation of CRUD KMS policy and then privilege escalation",
                "enabled": false,
                "query": "let EventNameList = dynamic([\"AttachUserPolicy\",\"AttachRolePolicy\",\"AttachGroupPolicy\"]);\nlet createPolicy = \"CreatePolicy\";\nlet timeframe = 1d;\nlet lookback = 14d;\n// Creating Master table with all the events to use with materialize for better performance\nlet EventInfo = AWSCloudTrail\n| where TimeGenerated >= ago(lookback)\n| where EventName in (EventNameList) or EventName == createPolicy;\n//Checking for Policy creation event with Full Admin Privileges since lookback period.\nlet FullAdminPolicyEvents =  materialize(  EventInfo\n| where TimeGenerated >= ago(lookback)\n| where EventName == createPolicy\n| extend PolicyName = tostring(parse_json(RequestParameters).policyName)\n| extend Statement = parse_json(tostring((parse_json(RequestParameters).policyDocument))).Statement\n| mvexpand Statement\n| extend Action = parse_json(Statement).Action , Effect = tostring(parse_json(Statement).Effect), Resource = tostring(parse_json(Statement).Resource), Condition = tostring(parse_json(Statement).Condition)\n| extend Action = tostring(Action)\n| where Effect =~ \"Allow\" and (Action contains \"kms:Create\" and (Action contains \"kms:Get\" or Action contains \"kms:Describe\")  and (Action contains \"kms:Disable\" or Action contains \"kms:Enable\") and Action contains \"kms:Delete\") and Resource == \"*\" and Condition == \"\"\n| distinct TimeGenerated, EventName, PolicyName, SourceIpAddress, UserIdentityArn, UserIdentityUserName\n| extend UserIdentityUserName = iff(isnotempty(UserIdentityUserName), UserIdentityUserName, tostring(split(UserIdentityArn,'/')[-1]))\n| project-rename StartTime = TimeGenerated  );\nlet PolicyAttach = materialize(  EventInfo\n| where TimeGenerated >= ago(timeframe)\n| where EventName in (EventNameList) and isempty(ErrorCode) and isempty(ErrorMessage)\n| extend PolicyName = tostring(split(tostring(parse_json(RequestParameters).policyArn),\"/\")[1])\n| summarize AttachEventCount=count(), StartTime = min(TimeGenerated), EndTime = max(TimeGenerated) by EventSource, EventName,   UserIdentityType , UserIdentityArn, SourceIpAddress, UserIdentityUserName = iff(isnotempty(UserIdentityUserName),   UserIdentityUserName, tostring(split(UserIdentityArn,'/')[-1])), PolicyName\n| extend AttachEvent = pack(\"StartTime\", StartTime, \"EndTime\", EndTime, \"EventName\", EventName, \"UserIdentityType\",   UserIdentityType, \"UserIdentityArn\", UserIdentityArn, \"SourceIpAddress\", SourceIpAddress, \"UserIdentityUserName\", UserIdentityUserName)\n| project EventSource, PolicyName, AttachEvent, AttachEventCount\n);\n// Joining the list of PolicyNames and checking if it has been attached to any Roles/Users/Groups.\n// These Roles/Users/Groups will be Privileged and can be used by adversaries as pivot point for privilege escalation via multiple ways.\nFullAdminPolicyEvents\n| join kind=leftouter\n(\n    PolicyAttach\n)\non PolicyName\n| project-away PolicyName1\n| extend timestamp = StartTime, IPCustomEntity = SourceIpAddress, AccountCustomEntity = UserIdentityUserName\n",
                "queryFrequency": "P1D",
                "queryPeriod": "P1D",
                "severity": "Medium",
                "suppressionDuration": "PT1H",
                "suppressionEnabled": false,
                "triggerOperator": "GreaterThan",
                "triggerThreshold": 0,
                "status": "Available",
                "requiredDataConnectors": [
                  {
                    "connectorId": "AWS",
                    "dataTypes": [
                      "AWSCloudTrail"
                    ]
                  }
                ],
                "tactics": [
                  "PrivilegeEscalation"
                ],
                "entityMappings": [
                  {
                    "entityType": "Account",
                    "fieldMappings": [
                      {
                        "identifier": "FullName",
                        "columnName": "AccountCustomEntity"
                      }
                    ]
                  },
                  {
                    "entityType": "IP",
                    "fieldMappings": [
                      {
                        "identifier": "Address",
                        "columnName": "IPCustomEntity"
                      }
                    ]
                  }
                ]
              }
            },
            {
              "type": "Microsoft.OperationalInsights/workspaces/providers/metadata",
              "apiVersion": "2022-01-01-preview",
              "name": "[concat(parameters('workspace'),'/Microsoft.SecurityInsights/',concat('AnalyticsRule-', last(split(resourceId('Microsoft.SecurityInsights/AlertRuleTemplates', '8e15998e-1e32-4b6d-abd1-e8482e8f3def'),'/'))))]",
              "properties": {
                "description": "Amazon Web Services Analytics Rule 18",
                "parentId": "[resourceId('Microsoft.SecurityInsights/AlertRuleTemplates', '8e15998e-1e32-4b6d-abd1-e8482e8f3def')]",
                "contentId": "8e15998e-1e32-4b6d-abd1-e8482e8f3def",
                "kind": "AnalyticsRule",
                "version": "1.0.0",
                "source": {
                  "kind": "Solution",
                  "name": "Amazon Web Services",
                  "sourceId": "azuresentinel.azure-sentinel-solution-amazonwebservices"
                },
                "author": {
                  "name": "Microsoft"
                },
                "support": {
                  "name": "Microsoft Corporation",
                  "email": "support@microsoft.com",
                  "tier": "Microsoft",
                  "link": "https://support.microsoft.com"
                }
              }
            }
          ]
        },
        "packageKind": "Solution",
        "packageVersion": "2.0.4",
        "packageName": "Amazon Web Services",
        "packageId": "azuresentinel.azure-sentinel-solution-amazonwebservices",
        "contentSchemaVersion": "2.0.0"
      }
    }
  ]
}