{
  "$schema": "https://schema.management.azure.com/schemas/2019-04-01/deploymentTemplate.json#",
  "parameters": {
    "location": {
      "type": "string",
      "minLength": 1,
      "defaultValue": "[resourceGroup().location]",
      "metadata": {
        "description": "Not used, but needed to pass arm-ttk test `Location-Should-Not-Be-Hardcoded`.  We instead use the `workspace-location` which is derived from the LA workspace"
      }
    },
    "workspace-location": {
      "type": "string",
      "defaultValue": "",
      "metadata": {
        "description": "[concat('Region to deploy solution resources -- separate from location selection',parameters('location'))]"
      }
    },
    "workspace": {
      "defaultValue": "",
      "type": "string",
      "metadata": {
        "description": "Workspace name for Log Analytics where Microsoft Sentinel is setup"
      }
    }
  },
  "variables": {},
  "resources": [
    {
      "type": "Microsoft.OperationalInsights/workspaces/providers/packages",
      "location": "[parameters('workspace-location')]",
      "apiVersion": "2022-08-01",
      "properties": {
        "packageKind": "Standalone",
        "packageItems": {
          "resources": [
            {
              "type": "Microsoft.OperationalInsights/workspaces/providers/contentTemplates",
              "name": "[concat(parameters('workspace'),'/Microsoft.SecurityInsights/', '263f7a27-7c44-4e28-adc3-df5cb3fdc2bb')]",
              "location": "[parameters('workspace-location')]",
              "kind": "shared",
              "apiVersion": "2022-08-01",
              "properties": {
                "contentId": "263f7a27-7c44-4e28-adc3-df5cb3fdc2bb",
                "displayName": "ExploitGuardStats (1)",
                "contentKind": "HuntingQuery",
                "mainTemplate": {
                  "$schema": "https://schema.management.azure.com/schemas/2019-04-01/deploymentTemplate.json#",
                  "contentVersion": "1.0.0",
                  "resources": [
                    {
                      "type": "Microsoft.OperationalInsights/savedSearches",
                      "apiVersion": "2020-08-01",
                      "name": "263f7a27-7c44-4e28-adc3-df5cb3fdc2bb",
                      "location": "[parameters('workspace-location')]",
                      "properties": {
                        "eTag": "*",
                        "displayName": "ExploitGuardStats (1)",
                        "category": "Hunting Queries",
                        "query": "// View ExploitGuard audit events - but remove repeating events (e.g. multiple events with same machine, rule, file and process)\nDeviceEvents\n| where ActionType startswith \"ExploitGuard\" and ActionType endswith \"Audited\"\n| summarize Timestamp =max(Timestamp) by DeviceName, ActionType,FileName, FolderPath, InitiatingProcessCommandLine, InitiatingProcessFileName, InitiatingProcessFolderPath, InitiatingProcessId, SHA1 \n",
                        "version": 2,
                        "tags": [
                          {
                            "name": "description",
                            "value": "Get stats on ExploitGuard blocks - count events and machines per rule.\n"
                          }
                        ]
                      }
                    },
                    {
                      "type": "Microsoft.OperationalInsights/workspaces/providers/metadata",
                      "apiVersion": "2021-03-01-preview",
                      "name": "[concat(parameters('workspace'),'/Microsoft.SecurityInsights/',concat('huntingQuery-', '263f7a27-7c44-4e28-adc3-df5cb3fdc2bb'))]",
                      "properties": {
                        "description": "Get stats on ExploitGuard blocks - count events and machines per rule.\n",
                        "contentId": "263f7a27-7c44-4e28-adc3-df5cb3fdc2bb",
                        "version": "1.0.0",
                        "source": {
                          "kind": "Community"
                        },
                        "parentId": "263f7a27-7c44-4e28-adc3-df5cb3fdc2bb",
                        "kind": "HuntingQuery",
                        "dependencies": {
                          "operator": "AND",
                          "criteria": [
                            {
                              "contentId": "DeviceEvents",
                              "kind": "DataType"
                            }
                          ]
                        }
                      }
                    }
                  ]
                }
              }
            }
          ]
        },
        "contentId": "263f7a27-7c44-4e28-adc3-df5cb3fdc2bb",
        "dependencies": {
          "operator": "AND",
          "criteria": [
            {
              "contentId": "263f7a27-7c44-4e28-adc3-df5cb3fdc2bb",
              "kind": "HuntingQuery"
            }
          ]
        },
        "description": "Get stats on ExploitGuard blocks - count events and machines per rule.\n",
        "displayName": "ExploitGuardStats (1)",
        "source": {
          "kind": "Community"
        },
        "version": "1.0.0"
      },
      "name": "[concat(parameters('workspace'),'/Microsoft.SecurityInsights/', '263f7a27-7c44-4e28-adc3-df5cb3fdc2bb')]"
    }
  ]
}