{
  "$schema": "https://schema.management.azure.com/schemas/2019-04-01/deploymentTemplate.json#",
  "parameters": {
    "location": {
      "type": "string",
      "minLength": 1,
      "defaultValue": "[resourceGroup().location]",
      "metadata": {
        "description": "Not used, but needed to pass arm-ttk test `Location-Should-Not-Be-Hardcoded`.  We instead use the `workspace-location` which is derived from the LA workspace"
      }
    },
    "workspace-location": {
      "type": "string",
      "defaultValue": "",
      "metadata": {
        "description": "[concat('Region to deploy solution resources -- separate from location selection',parameters('location'))]"
      }
    },
    "workspace": {
      "defaultValue": "",
      "type": "string",
      "metadata": {
        "description": "Workspace name for Log Analytics where Microsoft Sentinel is setup"
      }
    }
  },
  "variables": {},
  "resources": [
    {
      "type": "Microsoft.OperationalInsights/workspaces/providers/packages",
      "location": "[parameters('workspace-location')]",
      "apiVersion": "2022-08-01",
      "properties": {
        "packageKind": "Standalone",
        "packageItems": {
          "resources": [
            {
              "type": "Microsoft.OperationalInsights/workspaces/providers/contentTemplates",
              "name": "[concat(parameters('workspace'),'/Microsoft.SecurityInsights/', '18f7de84-de55-4983-aca3-a18bc846b4e0')]",
              "location": "[parameters('workspace-location')]",
              "kind": "shared",
              "apiVersion": "2022-08-01",
              "properties": {
                "contentId": "18f7de84-de55-4983-aca3-a18bc846b4e0",
                "displayName": "Preview - TI map File entity to Syslog Event",
                "contentKind": "HuntingQuery",
                "mainTemplate": {
                  "$schema": "https://schema.management.azure.com/schemas/2019-04-01/deploymentTemplate.json#",
                  "contentVersion": "1.0.0",
                  "resources": [
                    {
                      "type": "Microsoft.OperationalInsights/savedSearches",
                      "apiVersion": "2020-08-01",
                      "name": "18f7de84-de55-4983-aca3-a18bc846b4e0",
                      "location": "[parameters('workspace-location')]",
                      "properties": {
                        "eTag": "*",
                        "displayName": "Preview - TI map File entity to Syslog Event",
                        "category": "Hunting Queries",
                        "query": "\nlet starttime = todatetime('{{StartTimeISO}}');\nlet endtime = todatetime('{{EndTimeISO}}');\nlet ioc_lookBack = 14d;\nThreatIntelligenceIndicator\n| where TimeGenerated >= ago(ioc_lookBack) and ExpirationDateTime > now()\n| where Active == true\n| where isnotempty(FileName)\n| extend TI_ProcessEntity = tostring(split(FileName, \".\")[-2])\n// using innerunique to keep perf fast and result set low, we only need one match to indicate potential malicious activity that needs to be investigated\n| join kind=innerunique (\n  Syslog\n  | where TimeGenerated between(starttime..endtime)\n  | where isnotempty(ProcessName)\n  | extend Syslog_TimeGenerated = TimeGenerated\n)\non $left.TI_ProcessEntity == $right.ProcessName\n| where Syslog_TimeGenerated < ExpirationDateTime\n| summarize Syslog_TimeGenerated = arg_max(Syslog_TimeGenerated, *) by IndicatorId, ProcessName\n| project Syslog_TimeGenerated, Description, ActivityGroupNames, IndicatorId, ThreatType, Url, ExpirationDateTime, ConfidenceScore,\nFileName, Computer, HostIP, SyslogMessage\n| extend timestamp = Syslog_TimeGenerated, HostCustomEntity = Computer, IPCustomEntity = HostIP, URLCustomEntity = Url\n",
                        "version": 2,
                        "tags": [
                          {
                            "name": "description",
                            "value": "'Identifies a match in Syslog Event data from any FileName IOC from TI.\nAs File name matches can create noise, this is best as hunting query'\n"
                          },
                          {
                            "name": "tactics",
                            "value": "Impact"
                          }
                        ]
                      }
                    },
                    {
                      "type": "Microsoft.OperationalInsights/workspaces/providers/metadata",
                      "apiVersion": "2021-03-01-preview",
                      "name": "[concat(parameters('workspace'),'/Microsoft.SecurityInsights/',concat('huntingQuery-', '18f7de84-de55-4983-aca3-a18bc846b4e0'))]",
                      "properties": {
                        "description": "'Identifies a match in Syslog Event data from any FileName IOC from TI.\nAs File name matches can create noise, this is best as hunting query'\n",
                        "version": "1.0.0",
                        "source": {
                          "kind": "Community"
                        },
                        "threatAnalysisTactics": [
                          "Impact"
                        ],
                        "contentId": "18f7de84-de55-4983-aca3-a18bc846b4e0",
                        "parentId": "18f7de84-de55-4983-aca3-a18bc846b4e0",
                        "kind": "HuntingQuery",
                        "dependencies": {
                          "operator": "AND",
                          "criteria": [
                            {
                              "contentId": "Syslog",
                              "kind": "DataType"
                            },
                            {
                              "contentId": "ThreatIntelligenceIndicator",
                              "kind": "DataType"
                            },
                            {
                              "contentId": "ThreatIntelligenceIndicator",
                              "kind": "DataType"
                            }
                          ]
                        }
                      }
                    }
                  ]
                }
              }
            }
          ]
        },
        "dependencies": {
          "operator": "AND",
          "criteria": [
            {
              "contentId": "18f7de84-de55-4983-aca3-a18bc846b4e0",
              "kind": "HuntingQuery"
            }
          ]
        },
        "description": "'Identifies a match in Syslog Event data from any FileName IOC from TI.\nAs File name matches can create noise, this is best as hunting query'\n",
        "displayName": "Preview - TI map File entity to Syslog Event",
        "packageId": "18f7de84-de55-4983-aca3-a18bc846b4e0",
        "source": {
          "kind": "Community"
        },
        "threatAnalysisTactics": [
          "Impact"
        ],
        "version": "1.0.0"
      },
      "name": "[concat(parameters('workspace'),'/Microsoft.SecurityInsights/', '18f7de84-de55-4983-aca3-a18bc846b4e0')]"
    }
  ]
}