{
  "$schema": "https://schema.management.azure.com/schemas/2019-04-01/deploymentTemplate.json#",
  "contentVersion": "1.0.0.0",
  "parameters": {
    "location": {
      "type": "string",
      "minLength": 1,
      "defaultValue": "[resourceGroup().location]",
      "metadata": {
        "description": "Not used, but needed to pass arm-ttk test `Location-Should-Not-Be-Hardcoded`.  We instead use the `workspace-location` which is derived from the LA workspace"
      }
    },
    "workspace-location": {
      "type": "string",
      "defaultValue": "",
      "metadata": {
        "description": "[concat('Region to deploy solution resources -- separate from location selection',parameters('location'))]"
      }
    },
    "workspace": {
      "defaultValue": "",
      "type": "string",
      "metadata": {
        "description": "Workspace name for Log Analytics where Microsoft Sentinel is setup"
      }
    }
  },
  "variables": {},
  "resources": [
    {
      "type": "Microsoft.OperationalInsights/workspaces/providers/packages",
      "location": "[parameters('workspace-location')]",
      "apiVersion": "2022-08-01",
      "properties": {
        "packageKind": "Standalone",
        "packageItems": {
          "resources": [
            {
              "type": "Microsoft.OperationalInsights/workspaces/providers/contentTemplates",
              "name": "[concat(parameters('workspace'),'/Microsoft.SecurityInsights/', '1115e499-45a0-470c-b0ec-e2f204831341')]",
              "location": "[parameters('workspace-location')]",
              "kind": "shared",
              "apiVersion": "2022-08-01",
              "properties": {
                "contentId": "1115e499-45a0-470c-b0ec-e2f204831341",
                "displayName": "Email data exfiltration via PowerShell",
                "contentKind": "HuntingQuery",
                "mainTemplate": {
                  "$schema": "https://schema.management.azure.com/schemas/2019-04-01/deploymentTemplate.json#",
                  "contentVersion": "1.0.0",
                  "resources": [
                    {
                      "type": "Microsoft.OperationalInsights/savedSearches",
                      "apiVersion": "2020-08-01",
                      "name": "1115e499-45a0-470c-b0ec-e2f204831341",
                      "location": "[parameters('workspace-location')]",
                      "properties": {
                        "eTag": "*",
                        "displayName": "Email data exfiltration via PowerShell",
                        "category": "Hunting Queries",
                        "query": "DeviceProcessEvents \n| where FileName =~ 'powershell.exe' \n| where ProcessCommandLine has_all('Add-PSSnapin', 'Get-Recipient', '-ExpandProperty', 'EmailAddresses', 'SmtpAddress', '-hidetableheaders')\n",
                        "version": 2,
                        "tags": [
                          {
                            "name": "description",
                            "value": "Identify email exfiltration conducted by PowerShell.\n"
                          },
                          {
                            "name": "tactics",
                            "value": "Exfiltration"
                          }
                        ]
                      }
                    },
                    {
                      "type": "Microsoft.OperationalInsights/workspaces/providers/metadata",
                      "apiVersion": "2021-03-01-preview",
                      "name": "[concat(parameters('workspace'),'/Microsoft.SecurityInsights/',concat('huntingQuery-', '1115e499-45a0-470c-b0ec-e2f204831341'))]",
                      "properties": {
                        "description": "Identify email exfiltration conducted by PowerShell.\n",
                        "version": "1.0.0",
                        "author": {
                          "name": "Community"
                        },
                        "support": {
                          "name": "Community",
                          "link": "https://github.com/Azure/Azure-Sentinel/issues",
                          "tier": "Community"
                        },
                        "source": {
                          "kind": "Community",
                          "name": "Standalone"
                        },
                        "threatAnalysisTactics": [
                          "Exfiltration"
                        ],
                        "contentId": "1115e499-45a0-470c-b0ec-e2f204831341",
                        "parentId": "1115e499-45a0-470c-b0ec-e2f204831341",
                        "kind": "HuntingQuery",
                        "dependencies": {
                          "operator": "AND",
                          "criteria": [
                            {
                              "contentId": "DeviceProcessEvents",
                              "kind": "DataType"
                            }
                          ]
                        }
                      }
                    }
                  ]
                }
              }
            }
          ]
        },
        "author": {
          "name": "Community"
        },
        "dependencies": {
          "operator": "AND",
          "criteria": [
            {
              "contentId": "1115e499-45a0-470c-b0ec-e2f204831341",
              "kind": "HuntingQuery"
            }
          ]
        },
        "description": "Identify email exfiltration conducted by PowerShell.\n",
        "displayName": "Email data exfiltration via PowerShell",
        "packageId": "1115e499-45a0-470c-b0ec-e2f204831341",
        "source": {
          "kind": "Community",
          "name": "Standalone"
        },
        "support": {
          "name": "Community",
          "link": "https://github.com/Azure/Azure-Sentinel/issues",
          "tier": "Community"
        },
        "threatAnalysisTactics": [
          "Exfiltration"
        ],
        "version": "1.0.0"
      },
      "name": "1115e499-45a0-470c-b0ec-e2f204831341"
    }
  ]
}