{
  "$schema": "https://schema.management.azure.com/schemas/2019-04-01/deploymentTemplate.json#",
  "parameters": {
    "location": {
      "type": "string",
      "minLength": 1,
      "defaultValue": "[resourceGroup().location]",
      "metadata": {
        "description": "Not used, but needed to pass arm-ttk test `Location-Should-Not-Be-Hardcoded`.  We instead use the `workspace-location` which is derived from the LA workspace"
      }
    },
    "workspace-location": {
      "type": "string",
      "defaultValue": "",
      "metadata": {
        "description": "[concat('Region to deploy solution resources -- separate from location selection',parameters('location'))]"
      }
    },
    "workspace": {
      "defaultValue": "",
      "type": "string",
      "metadata": {
        "description": "Workspace name for Log Analytics where Microsoft Sentinel is setup"
      }
    }
  },
  "variables": {},
  "resources": [
    {
      "type": "Microsoft.OperationalInsights/workspaces/providers/packages",
      "location": "[parameters('workspace-location')]",
      "apiVersion": "2022-08-01",
      "properties": {
        "packageKind": "Standalone",
        "packageItems": {
          "resources": [
            {
              "type": "Microsoft.OperationalInsights/workspaces/providers/contentTemplates",
              "name": "[concat(parameters('workspace'),'/Microsoft.SecurityInsights/', '11d725f5-93d8-4b34-a64f-bf8450cdb184')]",
              "location": "[parameters('workspace-location')]",
              "kind": "shared",
              "apiVersion": "2022-08-01",
              "properties": {
                "contentId": "11d725f5-93d8-4b34-a64f-bf8450cdb184",
                "displayName": "Gootkit File Delivery",
                "contentKind": "HuntingQuery",
                "mainTemplate": {
                  "$schema": "https://schema.management.azure.com/schemas/2019-04-01/deploymentTemplate.json#",
                  "contentVersion": "1.0.0",
                  "resources": [
                    {
                      "type": "Microsoft.OperationalInsights/savedSearches",
                      "apiVersion": "2020-08-01",
                      "name": "11d725f5-93d8-4b34-a64f-bf8450cdb184",
                      "location": "[parameters('workspace-location')]",
                      "properties": {
                        "eTag": "*",
                        "displayName": "Gootkit File Delivery",
                        "category": "Hunting Queries",
                        "query": "AlertInfo | where Title =~ \"Suspected delivery of Gootkit malware\" \n// Below section is to surface active follow-on Command and Control as a result of the above behavior. Comment out the below joins to see \n// only file create events where the malware may be present but has not yet been executed. \n//// \n// Get alert evidence \n| join AlertEvidence on $left.AlertId == $right.AlertId \n// Look for C2 \n| join DeviceNetworkEvents on $left.DeviceId == $right.DeviceId \n| where InitiatingProcessFileName =~ \"wscript.exe\" and InitiatingProcessCommandLine has \".zip\" and InitiatingProcessCommandLine has \".js\" \n| summarize by RemoteUrl, RemoteIP , DeviceId, InitiatingProcessCommandLine, Timestamp, InitiatingProcessFileName, AlertId, Title, AccountName\n",
                        "version": 2,
                        "tags": [
                          {
                            "name": "description",
                            "value": "This query surfaces alerts related to Gootkit and enriches with command and control information, which has been observed delivering ransomware.\n"
                          },
                          {
                            "name": "tactics",
                            "value": "Ransomware"
                          }
                        ]
                      }
                    },
                    {
                      "type": "Microsoft.OperationalInsights/workspaces/providers/metadata",
                      "apiVersion": "2021-03-01-preview",
                      "name": "[concat(parameters('workspace'),'/Microsoft.SecurityInsights/',concat('huntingQuery-', '11d725f5-93d8-4b34-a64f-bf8450cdb184'))]",
                      "properties": {
                        "description": "This query surfaces alerts related to Gootkit and enriches with command and control information, which has been observed delivering ransomware.\n",
                        "contentId": "11d725f5-93d8-4b34-a64f-bf8450cdb184",
                        "version": "1.0.0",
                        "source": {
                          "kind": "Community"
                        },
                        "threatAnalysisTactics": [
                          "Ransomware"
                        ],
                        "parentId": "11d725f5-93d8-4b34-a64f-bf8450cdb184",
                        "kind": "HuntingQuery",
                        "dependencies": {
                          "operator": "AND",
                          "criteria": [
                            {
                              "contentId": "AlertInfo",
                              "kind": "DataType"
                            },
                            {
                              "contentId": "AlertEvidence",
                              "kind": "DataType"
                            },
                            {
                              "contentId": "DeviceNetworkEvents",
                              "kind": "DataType"
                            }
                          ]
                        }
                      }
                    }
                  ]
                }
              }
            }
          ]
        },
        "contentId": "11d725f5-93d8-4b34-a64f-bf8450cdb184",
        "dependencies": {
          "operator": "AND",
          "criteria": [
            {
              "contentId": "11d725f5-93d8-4b34-a64f-bf8450cdb184",
              "kind": "HuntingQuery"
            }
          ]
        },
        "description": "This query surfaces alerts related to Gootkit and enriches with command and control information, which has been observed delivering ransomware.\n",
        "displayName": "Gootkit File Delivery",
        "source": {
          "kind": "Community"
        },
        "threatAnalysisTactics": [
          "Ransomware"
        ],
        "version": "1.0.0"
      },
      "name": "[concat(parameters('workspace'),'/Microsoft.SecurityInsights/', '11d725f5-93d8-4b34-a64f-bf8450cdb184')]"
    }
  ]
}