{
  "$schema": "https://schema.management.azure.com/schemas/2019-04-01/deploymentTemplate.json#",
  "parameters": {
    "location": {
      "type": "string",
      "minLength": 1,
      "defaultValue": "[resourceGroup().location]",
      "metadata": {
        "description": "Not used, but needed to pass arm-ttk test `Location-Should-Not-Be-Hardcoded`.  We instead use the `workspace-location` which is derived from the LA workspace"
      }
    },
    "workspace-location": {
      "type": "string",
      "defaultValue": "",
      "metadata": {
        "description": "[concat('Region to deploy solution resources -- separate from location selection',parameters('location'))]"
      }
    },
    "workspace": {
      "defaultValue": "",
      "type": "string",
      "metadata": {
        "description": "Workspace name for Log Analytics where Microsoft Sentinel is setup"
      }
    }
  },
  "variables": {},
  "resources": [
    {
      "type": "Microsoft.OperationalInsights/workspaces/providers/packages",
      "location": "[parameters('workspace-location')]",
      "apiVersion": "2022-08-01",
      "properties": {
        "packageKind": "Standalone",
        "packageItems": {
          "resources": [
            {
              "type": "Microsoft.OperationalInsights/workspaces/providers/contentTemplates",
              "name": "[concat(parameters('workspace'),'/Microsoft.SecurityInsights/', '30c8b802-ace1-4408-bc29-4c5c5afb49e1')]",
              "location": "[parameters('workspace-location')]",
              "apiVersion": "2022-08-01",
              "properties": {
                "contentId": "30c8b802-ace1-4408-bc29-4c5c5afb49e1",
                "displayName": "Sdelete deployed via GPO and run recursively (ASIM Version)",
                "contentKind": "AnalyticsRule",
                "mainTemplate": {
                  "$schema": "https://schema.management.azure.com/schemas/2019-04-01/deploymentTemplate.json#",
                  "contentVersion": "1.0.2",
                  "resources": [
                    {
                      "type": "Microsoft.OperationalInsights/workspaces/providers/alertRules",
                      "apiVersion": "2022-04-01-preview",
                      "name": "[concat(parameters('workspace'),'/Microsoft.SecurityInsights/', '' )]",
                      "kind": "Scheduled",
                      "location": "[parameters('workspace-location')]",
                      "properties": {
                        "description": "This query looks for the Sdelete process being run recursively after being deployed to a host via GPO. Attackers could use this technique to deploy Sdelete to multiple host and delete data on them.\n  This query uses the Advanced Security Information Model. Parsers will need to be deployed before use: https://docs.microsoft.com/azure/sentinel/normalization",
                        "displayName": "Sdelete deployed via GPO and run recursively (ASIM Version)",
                        "enabled": false,
                        "query": "imProcess\n  | where EventType =~ \"ProcessCreated\"\n  | where Process endswith \"svchost.exe\"\n  | where CommandLine has \"-k GPSvcGroup\" or CommandLine has \"-s gpsvc\"\n  | extend timekey = bin(TimeGenerated, 1m)\n  | project timekey, ActingProcessId, Dvc\n  | join kind=inner (imProcess\n  | where EventType =~ \"ProcessCreated\"\n  | where Process =~ \"sdelete.exe\" or CommandLine has \"sdelete\"\n  | where ActingProcessName endswith \"svchost.exe\"\n  | where CommandLine has_all (\"-s\", \"-r\")\n  | extend timekey = bin(TimeGenerated, 1m)\n  ) on $left.ActingProcessId == $right.ParentProcessId, timekey, Dvc\n",
                        "queryFrequency": "P1D",
                        "queryPeriod": "P1D",
                        "severity": "Medium",
                        "suppressionDuration": "PT1H",
                        "suppressionEnabled": false,
                        "triggerOperator": "GreaterThan",
                        "triggerThreshold": 0,
                        "tactics": [
                          "Impact"
                        ],
                        "entityMappings": [
                          {
                            "entityType": "Account",
                            "fieldMappings": [
                              {
                                "columnName": "ActorUsername",
                                "identifier": "FullName"
                              }
                            ]
                          },
                          {
                            "entityType": "IP",
                            "fieldMappings": [
                              {
                                "columnName": "DvcIpAddr",
                                "identifier": "Address"
                              }
                            ]
                          },
                          {
                            "entityType": "Host",
                            "fieldMappings": [
                              {
                                "columnName": "Dvc",
                                "identifier": "FullName"
                              }
                            ]
                          }
                        ]
                      }
                    },
                    {
                      "type": "Microsoft.OperationalInsights/workspaces/providers/metadata",
                      "apiVersion": "2021-03-01-preview",
                      "name": "[concat(parameters('workspace'),'/Microsoft.SecurityInsights/', '')]",
                      "properties": {
                        "description": "'This query looks for the Sdelete process being run recursively after being deployed to a host via GPO. Attackers could use this technique to deploy Sdelete to multiple host and delete data on them.\n  This query uses the Advanced Security Information Model. Parsers will need to be deployed before use: https://docs.microsoft.com/azure/sentinel/normalization'\n",
                        "contentId": "30c8b802-ace1-4408-bc29-4c5c5afb49e1",
                        "version": "1.0.2",
                        "source": {
                          "kind": "Community"
                        },
                        "threatAnalysisTactics": [
                          "Impact"
                        ],
                        "threatAnalyticsTechniques": [
                          "T1485"
                        ],
                        "parentId": "30c8b802-ace1-4408-bc29-4c5c5afb49e1",
                        "kind": "AnalyticsRule"
                      }
                    }
                  ]
                }
              }
            }
          ]
        },
        "contentId": "30c8b802-ace1-4408-bc29-4c5c5afb49e1",
        "dependencies": {
          "operator": "AND",
          "criteria": [
            {
              "contentId": "30c8b802-ace1-4408-bc29-4c5c5afb49e1",
              "kind": "AnalyticsRule"
            }
          ]
        },
        "description": "'This query looks for the Sdelete process being run recursively after being deployed to a host via GPO. Attackers could use this technique to deploy Sdelete to multiple host and delete data on them.\n  This query uses the Advanced Security Information Model. Parsers will need to be deployed before use: https://docs.microsoft.com/azure/sentinel/normalization'\n",
        "displayName": "Sdelete deployed via GPO and run recursively (ASIM Version)",
        "source": {
          "kind": "Community"
        },
        "threatAnalysisTactics": [
          "Impact"
        ],
        "threatAnalyticsTechniques": [
          "T1485"
        ],
        "version": "1.0.2"
      },
      "name": "[concat(parameters('workspace'),'/Microsoft.SecurityInsights/', '30c8b802-ace1-4408-bc29-4c5c5afb49e1')]"
    }
  ]
}