{
  "$schema": "https://schema.management.azure.com/schemas/2019-04-01/deploymentTemplate.json#",
  "parameters": {
    "location": {
      "type": "string",
      "minLength": 1,
      "defaultValue": "[resourceGroup().location]",
      "metadata": {
        "description": "Not used, but needed to pass arm-ttk test `Location-Should-Not-Be-Hardcoded`.  We instead use the `workspace-location` which is derived from the LA workspace"
      }
    },
    "workspace-location": {
      "type": "string",
      "defaultValue": "",
      "metadata": {
        "description": "[concat('Region to deploy solution resources -- separate from location selection',parameters('location'))]"
      }
    },
    "workspace": {
      "defaultValue": "",
      "type": "string",
      "metadata": {
        "description": "Workspace name for Log Analytics where Microsoft Sentinel is setup"
      }
    }
  },
  "variables": {},
  "resources": [
    {
      "type": "Microsoft.OperationalInsights/workspaces/providers/packages",
      "location": "[parameters('workspace-location')]",
      "apiVersion": "2022-08-01",
      "properties": {
        "packageKind": "Standalone",
        "packageItems": {
          "resources": [
            {
              "type": "Microsoft.OperationalInsights/workspaces/providers/contentTemplates",
              "name": "[concat(parameters('workspace'),'/Microsoft.SecurityInsights/', '4d173248-439b-4741-8b37-f63ad0c896ae')]",
              "location": "[parameters('workspace-location')]",
              "apiVersion": "2022-08-01",
              "properties": {
                "contentId": "4d173248-439b-4741-8b37-f63ad0c896ae",
                "displayName": "Chia_Crypto_Mining - Domain, Process, Hash and IP IOCs - June 2021",
                "contentKind": "AnalyticsRule",
                "mainTemplate": {
                  "$schema": "https://schema.management.azure.com/schemas/2019-04-01/deploymentTemplate.json#",
                  "contentVersion": "1.0.2",
                  "resources": [
                    {
                      "type": "Microsoft.OperationalInsights/workspaces/providers/alertRules",
                      "apiVersion": "2022-04-01-preview",
                      "name": "[concat(parameters('workspace'),'/Microsoft.SecurityInsights/', '' )]",
                      "kind": "Scheduled",
                      "location": "[parameters('workspace-location')]",
                      "properties": {
                        "description": "Identifies a match across various data feeds for domains, process, hashes and IP IOC related to Chia cryptocurrency farming/plotting activity.",
                        "displayName": "Chia_Crypto_Mining - Domain, Process, Hash and IP IOCs - June 2021",
                        "enabled": false,
                        "query": "let iocs = externaldata(DateAdded:string,IoC:string,Type:string,TLP:string) [@\"https://raw.githubusercontent.com/Azure/Azure-Sentinel/master/Sample%20Data/Feeds/ChiaCryptoIOC.csv\"] with (format=\"csv\", ignoreFirstRecord=True);\nlet process = (iocs | where Type =~ \"process\" | project IoC);\n//This query uses sysmon data, sections that have - | where Source == \"Microsoft-Windows-Sysmon\" - may need to be updated with latest\nWindowsEvent\n| where EventID == '4688' and EventData has_any (process)\n| extend NewProcessName = tostring(EventData.NewProcessName)\n| where NewProcessName  has_any (process)\n| extend ParentProcessName = tostring(EventData.ParentProcessName)\n  , Account =  strcat(tostring(EventData.SubjectDomainName),\"\\\\\", tostring(EventData.SubjectUserName))\n  , NewProcessId = tostring(EventData.NewProcessId)\n| extend timestamp = TimeGenerated, Computer, Account, File = tostring(split(NewProcessName, '\\\\', -1)[-1]), AlertDetail = 'Chia crypto IOC detected'\n| extend FilePath = replace_string(NewProcessName, File, '')\n| project TimeGenerated, timestamp, File, AlertDetail, FilePath,Computer, NewProcessName, ParentProcessName, Account, NewProcessId, Type\n",
                        "queryFrequency": "PT6H",
                        "queryPeriod": "PT6H",
                        "severity": "Low",
                        "suppressionDuration": "PT1H",
                        "suppressionEnabled": false,
                        "triggerOperator": "GreaterThan",
                        "triggerThreshold": 0,
                        "tactics": [
                          "Impact"
                        ],
                        "entityMappings": [
                          {
                            "entityType": "Account",
                            "fieldMappings": [
                              {
                                "columnName": "AccountCustomEntity",
                                "identifier": "FullName"
                              }
                            ]
                          },
                          {
                            "entityType": "Host",
                            "fieldMappings": [
                              {
                                "columnName": "HostCustomEntity",
                                "identifier": "FullName"
                              }
                            ]
                          },
                          {
                            "entityType": "IP",
                            "fieldMappings": [
                              {
                                "columnName": "IPCustomEntity",
                                "identifier": "Address"
                              }
                            ]
                          },
                          {
                            "entityType": "File",
                            "fieldMappings": [
                              {
                                "columnName": "FileCustomEntity",
                                "identifier": "Name"
                              },
                              {
                                "columnName": "FilePathCustomEntity",
                                "identifier": "Directory"
                              }
                            ]
                          },
                          {
                            "entityType": "FileHash",
                            "fieldMappings": [
                              {
                                "columnName": "FileHashAlgo",
                                "identifier": "Algorithm"
                              },
                              {
                                "columnName": "FileHashCustomEntity",
                                "identifier": "Value"
                              }
                            ]
                          }
                        ]
                      }
                    },
                    {
                      "type": "Microsoft.OperationalInsights/workspaces/providers/metadata",
                      "apiVersion": "2021-03-01-preview",
                      "name": "[concat(parameters('workspace'),'/Microsoft.SecurityInsights/', '')]",
                      "properties": {
                        "description": "'Identifies a match across various data feeds for domains, process, hashes and IP IOC related to Chia cryptocurrency farming/plotting activity.'\n",
                        "version": "1.0.2",
                        "source": {
                          "kind": "Community"
                        },
                        "threatAnalysisTactics": [
                          "Impact"
                        ],
                        "threatAnalyticsTechniques": [
                          "T1496"
                        ],
                        "contentId": "4d173248-439b-4741-8b37-f63ad0c896ae",
                        "parentId": "4d173248-439b-4741-8b37-f63ad0c896ae",
                        "kind": "AnalyticsRule",
                        "dependencies": {
                          "operator": "AND",
                          "criteria": [
                            {
                              "contentId": "WindowsEvent",
                              "kind": "DataType"
                            }
                          ]
                        }
                      }
                    }
                  ]
                }
              }
            }
          ]
        },
        "dependencies": {
          "operator": "AND",
          "criteria": [
            {
              "contentId": "4d173248-439b-4741-8b37-f63ad0c896ae",
              "kind": "AnalyticsRule"
            }
          ]
        },
        "description": "'Identifies a match across various data feeds for domains, process, hashes and IP IOC related to Chia cryptocurrency farming/plotting activity.'\n",
        "displayName": "Chia_Crypto_Mining - Domain, Process, Hash and IP IOCs - June 2021",
        "packageId": "4d173248-439b-4741-8b37-f63ad0c896ae",
        "source": {
          "kind": "Community"
        },
        "threatAnalysisTactics": [
          "Impact"
        ],
        "threatAnalyticsTechniques": [
          "T1496"
        ],
        "version": "1.0.2"
      },
      "name": "[concat(parameters('workspace'),'/Microsoft.SecurityInsights/', '4d173248-439b-4741-8b37-f63ad0c896ae')]"
    }
  ]
}