{
  "$schema": "https://schema.management.azure.com/schemas/2019-04-01/deploymentTemplate.json#",
  "contentVersion": "1.0.0.0",
  "parameters": {
    "location": {
      "type": "string",
      "minLength": 1,
      "defaultValue": "[resourceGroup().location]",
      "metadata": {
        "description": "Not used, but needed to pass arm-ttk test `Location-Should-Not-Be-Hardcoded`.  We instead use the `workspace-location` which is derived from the LA workspace"
      }
    },
    "workspace-location": {
      "type": "string",
      "defaultValue": "",
      "metadata": {
        "description": "[concat('Region to deploy solution resources -- separate from location selection',parameters('location'))]"
      }
    },
    "workspace": {
      "defaultValue": "",
      "type": "string",
      "metadata": {
        "description": "Workspace name for Log Analytics where Microsoft Sentinel is setup"
      }
    }
  },
  "variables": {},
  "resources": [
    {
      "type": "Microsoft.OperationalInsights/workspaces/providers/packages",
      "location": "[parameters('workspace-location')]",
      "apiVersion": "2022-08-01",
      "properties": {
        "packageKind": "Standalone",
        "packageItems": {
          "resources": [
            {
              "type": "Microsoft.OperationalInsights/workspaces/providers/contentTemplates",
              "name": "[concat(parameters('workspace'),'/Microsoft.SecurityInsights/', '30fa312c-31eb-43d8-b0cc-bcbdfb360822')]",
              "location": "[parameters('workspace-location')]",
              "apiVersion": "2022-08-01",
              "properties": {
                "contentId": "30fa312c-31eb-43d8-b0cc-bcbdfb360822",
                "displayName": "TI map Email entity to SigninLogs",
                "contentKind": "AnalyticsRule",
                "mainTemplate": {
                  "$schema": "https://schema.management.azure.com/schemas/2019-04-01/deploymentTemplate.json#",
                  "contentVersion": "1.2.1",
                  "resources": [
                    {
                      "type": "Microsoft.OperationalInsights/workspaces/providers/alertRules",
                      "apiVersion": "2022-04-01-preview",
                      "name": "30fa312c-31eb-43d8-b0cc-bcbdfb360822",
                      "kind": "Scheduled",
                      "location": "[parameters('workspace-location')]",
                      "properties": {
                        "description": "Identifies a match in SigninLogs table from any Email IOC from TI",
                        "displayName": "TI map Email entity to SigninLogs",
                        "enabled": false,
                        "query": "\nlet dt_lookBack = 1h;\nlet ioc_lookBack = 14d;\nlet emailregex = @'^[a-zA-Z0-9_.+-]+@[a-zA-Z0-9-]+\\.[a-zA-Z0-9-.]+$';\nlet aadFunc = (tableName:string){\nThreatIntelligenceIndicator\n| where TimeGenerated >= ago(ioc_lookBack) and ExpirationDateTime > now()\n| summarize LatestIndicatorTime = arg_max(TimeGenerated, *) by IndicatorId\n| where Active == true\n//Filtering the table for Email related IOCs\n| where isnotempty(EmailSenderAddress)\n// using innerunique to keep perf fast and result set low, we only need one match to indicate potential malicious activity that needs to be investigated\n| join kind=innerunique (\n    table(tableName) | where TimeGenerated >= ago(dt_lookBack) and isnotempty(UserPrincipalName)\n    //Normalizing the column to lower case for exact match with EmailSenderAddress column\n    | extend UserPrincipalName = tolower(UserPrincipalName)\n    | where UserPrincipalName matches regex emailregex\n    | extend Status = todynamic(DeviceDetail), LocationDetails = todynamic(LocationDetails)\n    | extend StatusCode = tostring(Status.errorCode), StatusDetails = tostring(Status.additionalDetails)\n    | extend State = tostring(LocationDetails.state), City = tostring(LocationDetails.city), Region = tostring(LocationDetails.countryOrRegion)\n    // renaming timestamp column so it is clear the log this came from SigninLogs table\n    | extend SigninLogs_TimeGenerated = TimeGenerated, Type = Type\n)\non $left.EmailSenderAddress == $right.UserPrincipalName\n| where SigninLogs_TimeGenerated < ExpirationDateTime\n| summarize SigninLogs_TimeGenerated = arg_max(SigninLogs_TimeGenerated, *) by IndicatorId, UserPrincipalName\n| project SigninLogs_TimeGenerated, Description, ActivityGroupNames, IndicatorId, ThreatType, Url, ExpirationDateTime, ConfidenceScore,\nEmailSenderName, EmailRecipient, EmailSourceDomain, EmailSourceIpAddress, EmailSubject, FileHashValue, FileHashType, IPAddress, UserPrincipalName, AppDisplayName,\nStatusCode, StatusDetails, NetworkIP, NetworkDestinationIP, NetworkSourceIP, Type\n| extend timestamp = SigninLogs_TimeGenerated, AccountCustomEntity = UserPrincipalName, IPCustomEntity = IPAddress, URLCustomEntity = Url\n};\nlet aadSignin = aadFunc(\"SigninLogs\");\nlet aadNonInt = aadFunc(\"AADNonInteractiveUserSignInLogs\");\nunion isfuzzy=true aadSignin, aadNonInt\n",
                        "queryFrequency": "PT1H",
                        "queryPeriod": "P14D",
                        "severity": "Medium",
                        "suppressionDuration": "PT1H",
                        "suppressionEnabled": false,
                        "triggerOperator": "GreaterThan",
                        "triggerThreshold": 0,
                        "tactics": [
                          "Impact"
                        ],
                        "entityMappings": [
                          {
                            "entityType": "Account",
                            "fieldMappings": [
                              {
                                "columnName": "AccountCustomEntity",
                                "identifier": "FullName"
                              }
                            ]
                          },
                          {
                            "entityType": "IP",
                            "fieldMappings": [
                              {
                                "columnName": "IPCustomEntity",
                                "identifier": "Address"
                              }
                            ]
                          },
                          {
                            "entityType": "URL",
                            "fieldMappings": [
                              {
                                "columnName": "URLCustomEntity",
                                "identifier": "Url"
                              }
                            ]
                          }
                        ]
                      }
                    },
                    {
                      "type": "Microsoft.OperationalInsights/workspaces/providers/metadata",
                      "apiVersion": "2021-03-01-preview",
                      "properties": {
                        "description": "'Identifies a match in SigninLogs table from any Email IOC from TI'\n",
                        "version": "1.2.1",
                        "author": {
                          "name": "Community"
                        },
                        "support": {
                          "name": "Community",
                          "link": "https://github.com/Azure/Azure-Sentinel/issues",
                          "tier": "Community"
                        },
                        "source": {
                          "kind": "Community",
                          "name": "Standalone"
                        },
                        "threatAnalysisTactics": [
                          "Impact"
                        ],
                        "contentId": "30fa312c-31eb-43d8-b0cc-bcbdfb360822",
                        "parentId": "30fa312c-31eb-43d8-b0cc-bcbdfb360822",
                        "kind": "AnalyticsRule",
                        "dependencies": {
                          "operator": "AND",
                          "criteria": [
                            {
                              "contentId": "ThreatIntelligenceIndicator",
                              "kind": "DataType"
                            },
                            {
                              "contentId": "ThreatIntelligenceIndicator",
                              "kind": "DataType"
                            },
                            {
                              "contentId": "SigninLogs",
                              "kind": "DataType"
                            },
                            {
                              "contentId": "AADNonInteractiveUserSignInLogs",
                              "kind": "DataType"
                            }
                          ]
                        }
                      }
                    }
                  ]
                }
              }
            }
          ]
        },
        "author": {
          "name": "Community"
        },
        "dependencies": {
          "operator": "AND",
          "criteria": [
            {
              "contentId": "30fa312c-31eb-43d8-b0cc-bcbdfb360822",
              "kind": "AnalyticsRule"
            }
          ]
        },
        "description": "'Identifies a match in SigninLogs table from any Email IOC from TI'\n",
        "displayName": "TI map Email entity to SigninLogs",
        "packageId": "30fa312c-31eb-43d8-b0cc-bcbdfb360822",
        "source": {
          "kind": "Community",
          "name": "Standalone"
        },
        "support": {
          "name": "Community",
          "link": "https://github.com/Azure/Azure-Sentinel/issues",
          "tier": "Community"
        },
        "threatAnalysisTactics": [
          "Impact"
        ],
        "version": "1.2.1"
      },
      "name": "[concat(parameters('workspace'),'/Microsoft.SecurityInsights/', '30fa312c-31eb-43d8-b0cc-bcbdfb360822')]"
    }
  ]
}