{
  "$schema": "https://schema.management.azure.com/schemas/2019-04-01/deploymentTemplate.json#",
  "parameters": {
    "location": {
      "type": "string",
      "minLength": 1,
      "defaultValue": "[resourceGroup().location]",
      "metadata": {
        "description": "Not used, but needed to pass arm-ttk test `Location-Should-Not-Be-Hardcoded`.  We instead use the `workspace-location` which is derived from the LA workspace"
      }
    },
    "workspace-location": {
      "type": "string",
      "defaultValue": "",
      "metadata": {
        "description": "[concat('Region to deploy solution resources -- separate from location selection',parameters('location'))]"
      }
    },
    "workspace": {
      "defaultValue": "",
      "type": "string",
      "metadata": {
        "description": "Workspace name for Log Analytics where Microsoft Sentinel is setup"
      }
    }
  },
  "variables": {},
  "resources": [
    {
      "type": "Microsoft.OperationalInsights/workspaces/providers/packages",
      "location": "[parameters('workspace-location')]",
      "apiVersion": "2022-08-01",
      "properties": {
        "packageKind": "Standalone",
        "packageItems": {
          "resources": [
            {
              "type": "Microsoft.OperationalInsights/workspaces/providers/contentTemplates",
              "name": "[concat(parameters('workspace'),'/Microsoft.SecurityInsights/', '04990281-436c-4dff-aff9-bcd4417d0937')]",
              "location": "[parameters('workspace-location')]",
              "kind": "shared",
              "apiVersion": "2022-08-01",
              "properties": {
                "contentId": "04990281-436c-4dff-aff9-bcd4417d0937",
                "displayName": "apt unidentified nov 18",
                "contentKind": "HuntingQuery",
                "mainTemplate": {
                  "$schema": "https://schema.management.azure.com/schemas/2019-04-01/deploymentTemplate.json#",
                  "contentVersion": "1.0.0",
                  "resources": [
                    {
                      "type": "Microsoft.OperationalInsights/savedSearches",
                      "apiVersion": "2020-08-01",
                      "name": "04990281-436c-4dff-aff9-bcd4417d0937",
                      "location": "[parameters('workspace-location')]",
                      "properties": {
                        "eTag": "*",
                        "displayName": "apt unidentified nov 18",
                        "category": "Hunting Queries",
                        "query": "DeviceProcessEvents \n| where Timestamp > ago(7d)\n| where ProcessCommandLine endswith \"cyzfc.dat, PointFunctionCall\" \n| top 100 by Timestamp desc\n",
                        "version": 2,
                        "tags": [
                          {
                            "name": "description",
                            "value": "Original Sigma Rule: https://github.com/Neo23x0/sigma/blob/master/rules/apt/apt_unidentified_nov_18.yml.\nQuestions via Twitter: @janvonkirchheim.\n"
                          }
                        ]
                      }
                    },
                    {
                      "type": "Microsoft.OperationalInsights/workspaces/providers/metadata",
                      "apiVersion": "2021-03-01-preview",
                      "name": "[concat(parameters('workspace'),'/Microsoft.SecurityInsights/',concat('huntingQuery-', '04990281-436c-4dff-aff9-bcd4417d0937'))]",
                      "properties": {
                        "description": "Original Sigma Rule: https://github.com/Neo23x0/sigma/blob/master/rules/apt/apt_unidentified_nov_18.yml.\nQuestions via Twitter: @janvonkirchheim.\n",
                        "contentId": "04990281-436c-4dff-aff9-bcd4417d0937",
                        "version": "1.0.0",
                        "source": {
                          "kind": "Community"
                        },
                        "parentId": "04990281-436c-4dff-aff9-bcd4417d0937",
                        "kind": "HuntingQuery",
                        "dependencies": {
                          "operator": "AND",
                          "criteria": [
                            {
                              "contentId": "DeviceProcessEvents",
                              "kind": "DataType"
                            }
                          ]
                        }
                      }
                    }
                  ]
                }
              }
            }
          ]
        },
        "contentId": "04990281-436c-4dff-aff9-bcd4417d0937",
        "dependencies": {
          "operator": "AND",
          "criteria": [
            {
              "contentId": "04990281-436c-4dff-aff9-bcd4417d0937",
              "kind": "HuntingQuery"
            }
          ]
        },
        "description": "Original Sigma Rule: https://github.com/Neo23x0/sigma/blob/master/rules/apt/apt_unidentified_nov_18.yml.\nQuestions via Twitter: @janvonkirchheim.\n",
        "displayName": "apt unidentified nov 18",
        "source": {
          "kind": "Community"
        },
        "version": "1.0.0"
      },
      "name": "[concat(parameters('workspace'),'/Microsoft.SecurityInsights/', '04990281-436c-4dff-aff9-bcd4417d0937')]"
    }
  ]
}