{
  "$schema": "https://schema.management.azure.com/schemas/2019-04-01/deploymentTemplate.json#",
  "parameters": {
    "location": {
      "type": "string",
      "minLength": 1,
      "defaultValue": "[resourceGroup().location]",
      "metadata": {
        "description": "Not used, but needed to pass arm-ttk test `Location-Should-Not-Be-Hardcoded`.  We instead use the `workspace-location` which is derived from the LA workspace"
      }
    },
    "workspace-location": {
      "type": "string",
      "defaultValue": "",
      "metadata": {
        "description": "[concat('Region to deploy solution resources -- separate from location selection',parameters('location'))]"
      }
    },
    "workspace": {
      "defaultValue": "",
      "type": "string",
      "metadata": {
        "description": "Workspace name for Log Analytics where Microsoft Sentinel is setup"
      }
    }
  },
  "variables": {},
  "resources": [
    {
      "type": "Microsoft.OperationalInsights/workspaces/providers/packages",
      "location": "[parameters('workspace-location')]",
      "apiVersion": "2022-08-01",
      "properties": {
        "packageKind": "Standalone",
        "packageItems": {
          "resources": [
            {
              "type": "Microsoft.OperationalInsights/workspaces/providers/contentTemplates",
              "name": "[concat(parameters('workspace'),'/Microsoft.SecurityInsights/', '28558a10-d431-443b-886d-543a5b5d1871')]",
              "location": "[parameters('workspace-location')]",
              "kind": "shared",
              "apiVersion": "2022-08-01",
              "properties": {
                "contentId": "28558a10-d431-443b-886d-543a5b5d1871",
                "displayName": "identify-accounts-logged-on-to-endpoints-affected-by-cobalt-strike",
                "contentKind": "HuntingQuery",
                "mainTemplate": {
                  "$schema": "https://schema.management.azure.com/schemas/2019-04-01/deploymentTemplate.json#",
                  "contentVersion": "1.0.0",
                  "resources": [
                    {
                      "type": "Microsoft.OperationalInsights/savedSearches",
                      "apiVersion": "2020-08-01",
                      "name": "28558a10-d431-443b-886d-543a5b5d1871",
                      "location": "[parameters('workspace-location')]",
                      "properties": {
                        "eTag": "*",
                        "displayName": "identify-accounts-logged-on-to-endpoints-affected-by-cobalt-strike",
                        "category": "Hunting Queries",
                        "query": "// Check for specific alerts\nAlertInfo\n// This checks over the previous 7 days -- alter Timestamp value for other periods\n| where Timestamp > ago(7d)\n// Attempts to clear security event logs.\n| where Title in(\"Event log was cleared\",\n// List alerts flagging attempts to delete backup files.\n\"File backups were deleted\",\n// Potential Cobalt Strike activity - Note that other threat activity can also trigger alerts for suspicious decoded content\n\"Suspicious decoded content\",\n// Cobalt Strike activity\n\"\\'Atosev\\' malware was detected\",\n\"\\'Bynoco\\' malware was detected\",\n\"\\'Cosipor\\' malware was detected\")\n| extend AlertTime = Timestamp\n| join AlertEvidence on AlertId\n| project DeviceId, AlertTime, AlertId, Title\n| join DeviceLogonEvents on DeviceId\n// Creating 10 day Window surrounding alert activity\n| where Timestamp < AlertTime +5d and Timestamp > AlertTime - 5d\n// Projecting specific columns\n| project Title, DeviceName, DeviceId, Timestamp, LogonType, AccountDomain,\nAccountName, AccountSid, AlertTime, AlertId, RemoteIP, RemoteDeviceName\n",
                        "version": 2,
                        "tags": [
                          {
                            "name": "description",
                            "value": "This query was originally published in the threat analytics report, Ransomware continues to hit healthcare, critical services.\nIt finds all user accounts that have logged on to an endpoint affected by Cobalt Strike, a penetration tool.\nAssume that all credentials on endpoints affected by Cobalt Strike were available to attackers and that all associated accounts are compromised. Note that attackers will not only dump credentials for accounts that have logged on to interactive or RDP sessions, but will also dump cached credentials and passwords for service accounts and scheduled tasks that are stored in the LSA Secrets section of the registry.\nReference - https://attack.mitre.org/software/S0154/\n"
                          },
                          {
                            "name": "tactics",
                            "value": "Credential Access"
                          }
                        ]
                      }
                    },
                    {
                      "type": "Microsoft.OperationalInsights/workspaces/providers/metadata",
                      "apiVersion": "2021-03-01-preview",
                      "name": "[concat(parameters('workspace'),'/Microsoft.SecurityInsights/',concat('huntingQuery-', '28558a10-d431-443b-886d-543a5b5d1871'))]",
                      "properties": {
                        "description": "This query was originally published in the threat analytics report, Ransomware continues to hit healthcare, critical services.\nIt finds all user accounts that have logged on to an endpoint affected by Cobalt Strike, a penetration tool.\nAssume that all credentials on endpoints affected by Cobalt Strike were available to attackers and that all associated accounts are compromised. Note that attackers will not only dump credentials for accounts that have logged on to interactive or RDP sessions, but will also dump cached credentials and passwords for service accounts and scheduled tasks that are stored in the LSA Secrets section of the registry.\nReference - https://attack.mitre.org/software/S0154/\n",
                        "contentId": "28558a10-d431-443b-886d-543a5b5d1871",
                        "version": "1.0.0",
                        "source": {
                          "kind": "Community"
                        },
                        "threatAnalysisTactics": [
                          "Credential Access"
                        ],
                        "parentId": "28558a10-d431-443b-886d-543a5b5d1871",
                        "kind": "HuntingQuery",
                        "dependencies": {
                          "operator": "AND",
                          "criteria": [
                            {
                              "contentId": "AlertInfo",
                              "kind": "DataType"
                            },
                            {
                              "contentId": "AlertEvidence",
                              "kind": "DataType"
                            },
                            {
                              "contentId": "DeviceLogonEvents",
                              "kind": "DataType"
                            }
                          ]
                        }
                      }
                    }
                  ]
                }
              }
            }
          ]
        },
        "contentId": "28558a10-d431-443b-886d-543a5b5d1871",
        "dependencies": {
          "operator": "AND",
          "criteria": [
            {
              "contentId": "28558a10-d431-443b-886d-543a5b5d1871",
              "kind": "HuntingQuery"
            }
          ]
        },
        "description": "This query was originally published in the threat analytics report, Ransomware continues to hit healthcare, critical services.\nIt finds all user accounts that have logged on to an endpoint affected by Cobalt Strike, a penetration tool.\nAssume that all credentials on endpoints affected by Cobalt Strike were available to attackers and that all associated accounts are compromised. Note that attackers will not only dump credentials for accounts that have logged on to interactive or RDP sessions, but will also dump cached credentials and passwords for service accounts and scheduled tasks that are stored in the LSA Secrets section of the registry.\nReference - https://attack.mitre.org/software/S0154/\n",
        "displayName": "identify-accounts-logged-on-to-endpoints-affected-by-cobalt-strike",
        "source": {
          "kind": "Community"
        },
        "threatAnalysisTactics": [
          "Credential Access"
        ],
        "version": "1.0.0"
      },
      "name": "[concat(parameters('workspace'),'/Microsoft.SecurityInsights/', '28558a10-d431-443b-886d-543a5b5d1871')]"
    }
  ]
}