{
  "$schema": "https://schema.management.azure.com/schemas/2019-04-01/deploymentTemplate.json#",
  "contentVersion": "1.0.0.0",
  "parameters": {
    "location": {
      "type": "string",
      "minLength": 1,
      "defaultValue": "[resourceGroup().location]",
      "metadata": {
        "description": "Not used, but needed to pass arm-ttk test `Location-Should-Not-Be-Hardcoded`.  We instead use the `workspace-location` which is derived from the LA workspace"
      }
    },
    "workspace-location": {
      "type": "string",
      "defaultValue": "",
      "metadata": {
        "description": "[concat('Region to deploy solution resources -- separate from location selection',parameters('location'))]"
      }
    },
    "workspace": {
      "defaultValue": "",
      "type": "string",
      "metadata": {
        "description": "Workspace name for Log Analytics where Microsoft Sentinel is setup"
      }
    }
  },
  "variables": {},
  "resources": [
    {
      "type": "Microsoft.OperationalInsights/workspaces/providers/packages",
      "location": "[parameters('workspace-location')]",
      "apiVersion": "2022-08-01",
      "properties": {
        "packageKind": "Standalone",
        "packageItems": {
          "resources": [
            {
              "type": "Microsoft.OperationalInsights/workspaces/providers/contentTemplates",
              "name": "[concat(parameters('workspace'),'/Microsoft.SecurityInsights/', '95a15f39-d9cc-4667-8cdd-58f3113691c9')]",
              "location": "[parameters('workspace-location')]",
              "apiVersion": "2022-08-01",
              "properties": {
                "contentId": "95a15f39-d9cc-4667-8cdd-58f3113691c9",
                "displayName": "HAFNIUM New UM Service Child Process",
                "contentKind": "AnalyticsRule",
                "mainTemplate": {
                  "$schema": "https://schema.management.azure.com/schemas/2019-04-01/deploymentTemplate.json#",
                  "contentVersion": "1.1.1",
                  "resources": [
                    {
                      "type": "Microsoft.OperationalInsights/workspaces/providers/alertRules",
                      "apiVersion": "2022-04-01-preview",
                      "name": "95a15f39-d9cc-4667-8cdd-58f3113691c9",
                      "kind": "Scheduled",
                      "location": "[parameters('workspace-location')]",
                      "properties": {
                        "description": "This query looks for new processes being spawned by the Exchange UM service where that process has not previously been observed before. \nReference: https://www.microsoft.com/security/blog/2021/03/02/hafnium-targeting-exchange-servers/",
                        "displayName": "HAFNIUM New UM Service Child Process",
                        "enabled": false,
                        "query": "let lookback = 14d;\nlet timeframe = 1d;\n(union isfuzzy=true\n(SecurityEvent\n| where TimeGenerated > ago(lookback) and TimeGenerated < ago(timeframe)\n| where EventID == 4688\n| where ParentProcessName has_any (\"umworkerprocess.exe\", \"UMService.exe\")\n| join kind=rightanti (\nSecurityEvent\n| where TimeGenerated > ago(timeframe)\n| where ParentProcessName has_any (\"umworkerprocess.exe\", \"UMService.exe\")\n| where EventID == 4688) on NewProcessName\n| extend timestamp = TimeGenerated, AccountCustomEntity = Account, HostCustomEntity = Computer, IPCustomEntity = IpAddress\n),\n(WindowsEvent\n| where TimeGenerated > ago(lookback) and TimeGenerated < ago(timeframe)\n| where EventID == 4688 and EventData has_any (\"umworkerprocess.exe\", \"UMService.exe\")\n| extend ParentProcessName = tostring(EventData.ParentProcessName)\n| where ParentProcessName has_any (\"umworkerprocess.exe\", \"UMService.exe\")\n| extend NewProcessName = tostring(EventData.NewProcessName)\n| extend Account = strcat(tostring(EventData.SubjectDomainName),\"\\\\\", tostring(EventData.SubjectUserName))\n| extend IpAddress = tostring(EventData.IpAddress)\n| join kind=rightanti (\nWindowsEvent\n| where TimeGenerated > ago(timeframe)\n| where EventID == 4688  and EventData has_any (\"umworkerprocess.exe\", \"UMService.exe\")\n| extend ParentProcessName = tostring(EventData.ParentProcessName)\n| where ParentProcessName has_any (\"umworkerprocess.exe\", \"UMService.exe\")\n| extend NewProcessName = tostring(EventData.NewProcessName)\n| extend Account = strcat(tostring(EventData.SubjectDomainName),\"\\\\\", tostring(EventData.SubjectUserName))\n| extend IpAddress = tostring(EventData.IpAddress)) on NewProcessName\n| extend timestamp = TimeGenerated, AccountCustomEntity = Account, HostCustomEntity = Computer, IPCustomEntity = IpAddress\n))  \n",
                        "queryFrequency": "P1D",
                        "queryPeriod": "P14D",
                        "severity": "Medium",
                        "suppressionDuration": "PT1H",
                        "suppressionEnabled": false,
                        "triggerOperator": "GreaterThan",
                        "triggerThreshold": 0,
                        "tactics": [
                          "InitialAccess"
                        ],
                        "techniques": [
                          "T1190"
                        ],
                        "entityMappings": [
                          {
                            "entityType": "Account",
                            "fieldMappings": [
                              {
                                "columnName": "AccountCustomEntity",
                                "identifier": "FullName"
                              }
                            ]
                          },
                          {
                            "entityType": "Host",
                            "fieldMappings": [
                              {
                                "columnName": "HostCustomEntity",
                                "identifier": "FullName"
                              }
                            ]
                          },
                          {
                            "entityType": "IP",
                            "fieldMappings": [
                              {
                                "columnName": "IPCustomEntity",
                                "identifier": "Address"
                              }
                            ]
                          }
                        ]
                      }
                    },
                    {
                      "type": "Microsoft.OperationalInsights/workspaces/providers/metadata",
                      "apiVersion": "2021-03-01-preview",
                      "properties": {
                        "description": "'This query looks for new processes being spawned by the Exchange UM service where that process has not previously been observed before. \nReference: https://www.microsoft.com/security/blog/2021/03/02/hafnium-targeting-exchange-servers/'\n",
                        "version": "1.1.1",
                        "author": {
                          "name": "Community"
                        },
                        "support": {
                          "name": "Community",
                          "link": "https://github.com/Azure/Azure-Sentinel/issues",
                          "tier": "Community"
                        },
                        "source": {
                          "kind": "Community",
                          "name": "Standalone"
                        },
                        "threatAnalysisTactics": [
                          "InitialAccess"
                        ],
                        "threatAnalyticsTechniques": [
                          "T1190"
                        ],
                        "contentId": "95a15f39-d9cc-4667-8cdd-58f3113691c9",
                        "parentId": "95a15f39-d9cc-4667-8cdd-58f3113691c9",
                        "kind": "AnalyticsRule",
                        "dependencies": {
                          "operator": "AND",
                          "criteria": [
                            {
                              "contentId": "SecurityEvent",
                              "kind": "DataType"
                            },
                            {
                              "contentId": "SecurityEvent",
                              "kind": "DataType"
                            },
                            {
                              "contentId": "SecurityEvents",
                              "kind": "DataType"
                            },
                            {
                              "contentId": "WindowsEvent",
                              "kind": "DataType"
                            }
                          ]
                        }
                      }
                    }
                  ]
                }
              }
            }
          ]
        },
        "author": {
          "name": "Community"
        },
        "dependencies": {
          "operator": "AND",
          "criteria": [
            {
              "contentId": "95a15f39-d9cc-4667-8cdd-58f3113691c9",
              "kind": "AnalyticsRule"
            }
          ]
        },
        "description": "'This query looks for new processes being spawned by the Exchange UM service where that process has not previously been observed before. \nReference: https://www.microsoft.com/security/blog/2021/03/02/hafnium-targeting-exchange-servers/'\n",
        "displayName": "HAFNIUM New UM Service Child Process",
        "packageId": "95a15f39-d9cc-4667-8cdd-58f3113691c9",
        "source": {
          "kind": "Community",
          "name": "Standalone"
        },
        "support": {
          "name": "Community",
          "link": "https://github.com/Azure/Azure-Sentinel/issues",
          "tier": "Community"
        },
        "threatAnalysisTactics": [
          "InitialAccess"
        ],
        "threatAnalyticsTechniques": [
          "T1190"
        ],
        "version": "1.1.1"
      },
      "name": "[concat(parameters('workspace'),'/Microsoft.SecurityInsights/', '95a15f39-d9cc-4667-8cdd-58f3113691c9')]"
    }
  ]
}