{
  "$schema": "https://schema.management.azure.com/schemas/2019-04-01/deploymentTemplate.json#",
  "parameters": {
    "location": {
      "type": "string",
      "minLength": 1,
      "defaultValue": "[resourceGroup().location]",
      "metadata": {
        "description": "Not used, but needed to pass arm-ttk test `Location-Should-Not-Be-Hardcoded`.  We instead use the `workspace-location` which is derived from the LA workspace"
      }
    },
    "workspace-location": {
      "type": "string",
      "defaultValue": "",
      "metadata": {
        "description": "[concat('Region to deploy solution resources -- separate from location selection',parameters('location'))]"
      }
    },
    "workspace": {
      "defaultValue": "",
      "type": "string",
      "metadata": {
        "description": "Workspace name for Log Analytics where Microsoft Sentinel is setup"
      }
    }
  },
  "variables": {},
  "resources": [
    {
      "type": "Microsoft.OperationalInsights/workspaces/providers/packages",
      "location": "[parameters('workspace-location')]",
      "apiVersion": "2022-08-01",
      "properties": {
        "packageKind": "Standalone",
        "packageItems": {
          "resources": [
            {
              "type": "Microsoft.OperationalInsights/workspaces/providers/contentTemplates",
              "name": "[concat(parameters('workspace'),'/Microsoft.SecurityInsights/', '32ffb19e-8ed8-40ed-87a0-1adb4746b7c4')]",
              "location": "[parameters('workspace-location')]",
              "apiVersion": "2022-08-01",
              "properties": {
                "contentId": "32ffb19e-8ed8-40ed-87a0-1adb4746b7c4",
                "displayName": "Credential Dumping Tools - File Artifacts",
                "contentKind": "AnalyticsRule",
                "mainTemplate": {
                  "$schema": "https://schema.management.azure.com/schemas/2019-04-01/deploymentTemplate.json#",
                  "contentVersion": "1.0.1",
                  "resources": [
                    {
                      "type": "Microsoft.OperationalInsights/workspaces/providers/alertRules",
                      "apiVersion": "2022-04-01-preview",
                      "name": "[concat(parameters('workspace'),'/Microsoft.SecurityInsights/', '' )]",
                      "kind": "Scheduled",
                      "location": "[parameters('workspace-location')]",
                      "properties": {
                        "description": "This query detects the creation of credential dumping tools files. Several credential dumping tools export files with hardcoded file names.\nRef: https://jpcertcc.github.io/ToolAnalysisResultSheet/",
                        "displayName": "Credential Dumping Tools - File Artifacts",
                        "enabled": false,
                        "query": "// Enter a reference list of malicious file artifacts\nlet MaliciousFileArtifacts = dynamic ([\"lsass.dmp\",\"test.pwd\",\"lsremora.dll\",\"lsremora64.dll\",\"fgexec.exe\",\"pwdump\",\"kirbi\",\"wce_ccache\",\"wce_krbtkts\",\"wceaux.dll\",\"PwHashes\",\"SAM.out\",\"SECURITY.out\",\"SYSTEM.out\",\"NTDS.out\" \"DumpExt.dll\",\"DumpSvc.exe\",\"cachedump64.exe\",\"cachedump.exe\",\"pstgdump.exe\",\"servpw64.exe\",\"servpw.exe\",\"pwdump.exe\",\"fgdump-log\"]);\nEvent\n| where EventLog == \"Microsoft-Windows-Sysmon/Operational\" and EventID==11\n| parse EventData with * 'TargetFilename\">' TargetFilename \"<\" *\n| where TargetFilename has_any (MaliciousFileArtifacts)\n| parse EventData with * 'ProcessGuid\">' ProcessGuid \"<\" * 'Image\">' Image \"<\" *\n| summarize StartTime = min(TimeGenerated), EndTime = max(TimeGenerated) by EventID, Computer, Image, ProcessGuid, TargetFilename\n",
                        "queryFrequency": "PT1H",
                        "queryPeriod": "PT1H",
                        "severity": "High",
                        "suppressionDuration": "PT1H",
                        "suppressionEnabled": false,
                        "triggerOperator": "GreaterThan",
                        "triggerThreshold": 0,
                        "tactics": [
                          "CredentialAccess"
                        ],
                        "entityMappings": [
                          {
                            "entityType": "File",
                            "fieldMappings": [
                              {
                                "columnName": "TargetFilename",
                                "identifier": "Name"
                              }
                            ]
                          },
                          {
                            "entityType": "Host",
                            "fieldMappings": [
                              {
                                "columnName": "Computer",
                                "identifier": "FullName"
                              }
                            ]
                          },
                          {
                            "entityType": "Process",
                            "fieldMappings": [
                              {
                                "columnName": "Image",
                                "identifier": "CommandLine"
                              }
                            ]
                          }
                        ]
                      }
                    },
                    {
                      "type": "Microsoft.OperationalInsights/workspaces/providers/metadata",
                      "apiVersion": "2021-03-01-preview",
                      "name": "[concat(parameters('workspace'),'/Microsoft.SecurityInsights/', '')]",
                      "properties": {
                        "description": "'This query detects the creation of credential dumping tools files. Several credential dumping tools export files with hardcoded file names.\nRef: https://jpcertcc.github.io/ToolAnalysisResultSheet/'\n",
                        "version": "1.0.1",
                        "source": {
                          "kind": "Community"
                        },
                        "threatAnalysisTactics": [
                          "CredentialAccess"
                        ],
                        "threatAnalyticsTechniques": [
                          "T1003.001"
                        ],
                        "contentId": "32ffb19e-8ed8-40ed-87a0-1adb4746b7c4",
                        "parentId": "32ffb19e-8ed8-40ed-87a0-1adb4746b7c4",
                        "kind": "AnalyticsRule",
                        "dependencies": {
                          "operator": "AND",
                          "criteria": [
                            {
                              "contentId": "Event",
                              "kind": "DataType"
                            }
                          ]
                        }
                      }
                    }
                  ]
                }
              }
            }
          ]
        },
        "dependencies": {
          "operator": "AND",
          "criteria": [
            {
              "contentId": "32ffb19e-8ed8-40ed-87a0-1adb4746b7c4",
              "kind": "AnalyticsRule"
            }
          ]
        },
        "description": "'This query detects the creation of credential dumping tools files. Several credential dumping tools export files with hardcoded file names.\nRef: https://jpcertcc.github.io/ToolAnalysisResultSheet/'\n",
        "displayName": "Credential Dumping Tools - File Artifacts",
        "packageId": "32ffb19e-8ed8-40ed-87a0-1adb4746b7c4",
        "source": {
          "kind": "Community"
        },
        "threatAnalysisTactics": [
          "CredentialAccess"
        ],
        "threatAnalyticsTechniques": [
          "T1003.001"
        ],
        "version": "1.0.1"
      },
      "name": "[concat(parameters('workspace'),'/Microsoft.SecurityInsights/', '32ffb19e-8ed8-40ed-87a0-1adb4746b7c4')]"
    }
  ]
}