{
  "$schema": "https://schema.management.azure.com/schemas/2019-04-01/deploymentTemplate.json#",
  "parameters": {
    "location": {
      "type": "string",
      "minLength": 1,
      "defaultValue": "[resourceGroup().location]",
      "metadata": {
        "description": "Not used, but needed to pass arm-ttk test `Location-Should-Not-Be-Hardcoded`.  We instead use the `workspace-location` which is derived from the LA workspace"
      }
    },
    "workspace-location": {
      "type": "string",
      "defaultValue": "",
      "metadata": {
        "description": "[concat('Region to deploy solution resources -- separate from location selection',parameters('location'))]"
      }
    },
    "workspace": {
      "defaultValue": "",
      "type": "string",
      "metadata": {
        "description": "Workspace name for Log Analytics where Microsoft Sentinel is setup"
      }
    }
  },
  "variables": {},
  "resources": [
    {
      "type": "Microsoft.OperationalInsights/workspaces/providers/packages",
      "location": "[parameters('workspace-location')]",
      "apiVersion": "2022-08-01",
      "properties": {
        "packageKind": "Standalone",
        "packageItems": {
          "resources": [
            {
              "type": "Microsoft.OperationalInsights/workspaces/providers/contentTemplates",
              "name": "[concat(parameters('workspace'),'/Microsoft.SecurityInsights/', '1f3b4dfd-21ff-4ed3-8e27-afc219e05c50')]",
              "location": "[parameters('workspace-location')]",
              "apiVersion": "2022-08-01",
              "properties": {
                "contentId": "1f3b4dfd-21ff-4ed3-8e27-afc219e05c50",
                "displayName": "Detect PIM Alert Disabling activity",
                "contentKind": "AnalyticsRule",
                "mainTemplate": {
                  "$schema": "https://schema.management.azure.com/schemas/2019-04-01/deploymentTemplate.json#",
                  "contentVersion": "1.0.0",
                  "resources": [
                    {
                      "type": "Microsoft.OperationalInsights/workspaces/providers/alertRules",
                      "apiVersion": "2022-04-01-preview",
                      "name": "[concat(parameters('workspace'),'/Microsoft.SecurityInsights/', '' )]",
                      "kind": "Scheduled",
                      "location": "[parameters('workspace-location')]",
                      "properties": {
                        "description": "Privileged Identity Management (PIM) generates alerts when there is suspicious or unsafe activity in Azure Active Directory (Azure AD) organization. \nThis query will help detect attackers attempts to disable in product PIM alerts which are associated with Azure MFA requirements and could indicate activation of privileged access",
                        "displayName": "Detect PIM Alert Disabling activity",
                        "enabled": false,
                        "query": "AuditLogs\n| where LoggedByService =~ \"PIM\"\n| where Category =~ \"RoleManagement\"\n| where ActivityDisplayName has \"Disable PIM Alert\"\n| extend IpAddress = case(\n  isnotempty(tostring(parse_json(tostring(InitiatedBy.user)).ipAddress)) and tostring(parse_json(tostring(InitiatedBy.user)).ipAddress) != 'null', tostring(parse_json(tostring(InitiatedBy.user)).ipAddress), \n  isnotempty(tostring(parse_json(tostring(InitiatedBy.app)).ipAddress)) and tostring(parse_json(tostring(InitiatedBy.app)).ipAddress) != 'null', tostring(parse_json(tostring(InitiatedBy.app)).ipAddress),\n  'Not Available')\n| extend InitiatedBy = iff(isnotempty(tostring(parse_json(tostring(InitiatedBy.user)).userPrincipalName)), \n  tostring(parse_json(tostring(InitiatedBy.user)).userPrincipalName), tostring(parse_json(tostring(InitiatedBy.app)).displayName)), UserRoles = tostring(parse_json(tostring(InitiatedBy.user)).ipAddress)\n| project InitiatedBy, ActivityDateTime, ActivityDisplayName, IpAddress, AADOperationType, AADTenantId, ResourceId, CorrelationId, Identity\n| extend timestamp = ActivityDateTime, IPCustomEntity = IpAddress, AccountCustomEntity = tolower(InitiatedBy), ResourceCustomEntity = ResourceId\n",
                        "queryFrequency": "P1D",
                        "queryPeriod": "P1D",
                        "severity": "Medium",
                        "suppressionDuration": "PT1H",
                        "suppressionEnabled": false,
                        "triggerOperator": "GreaterThan",
                        "triggerThreshold": 0,
                        "tactics": [
                          "Persistence",
                          "PrivilegeEscalation"
                        ],
                        "entityMappings": [
                          {
                            "entityType": "Account",
                            "fieldMappings": [
                              {
                                "columnName": "AccountCustomEntity",
                                "identifier": "FullName"
                              }
                            ]
                          },
                          {
                            "entityType": "IP",
                            "fieldMappings": [
                              {
                                "columnName": "IPCustomEntity",
                                "identifier": "Address"
                              }
                            ]
                          },
                          {
                            "entityType": "AzureResource",
                            "fieldMappings": [
                              {
                                "columnName": "ResourceCustomEntity",
                                "identifier": "ResourceId"
                              }
                            ]
                          }
                        ]
                      }
                    },
                    {
                      "type": "Microsoft.OperationalInsights/workspaces/providers/metadata",
                      "apiVersion": "2021-03-01-preview",
                      "name": "[concat(parameters('workspace'),'/Microsoft.SecurityInsights/', '')]",
                      "properties": {
                        "description": "'Privileged Identity Management (PIM) generates alerts when there is suspicious or unsafe activity in Azure Active Directory (Azure AD) organization. \nThis query will help detect attackers attempts to disable in product PIM alerts which are associated with Azure MFA requirements and could indicate activation of privileged access'\n",
                        "version": "1.0.0",
                        "source": {
                          "kind": "Community"
                        },
                        "threatAnalysisTactics": [
                          "Persistence",
                          "PrivilegeEscalation"
                        ],
                        "threatAnalyticsTechniques": [
                          "T1098",
                          "T1078"
                        ],
                        "contentId": "1f3b4dfd-21ff-4ed3-8e27-afc219e05c50",
                        "parentId": "1f3b4dfd-21ff-4ed3-8e27-afc219e05c50",
                        "kind": "AnalyticsRule",
                        "dependencies": {
                          "operator": "AND",
                          "criteria": [
                            {
                              "contentId": "AuditLogs",
                              "kind": "DataType"
                            }
                          ]
                        }
                      }
                    }
                  ]
                }
              }
            }
          ]
        },
        "dependencies": {
          "operator": "AND",
          "criteria": [
            {
              "contentId": "1f3b4dfd-21ff-4ed3-8e27-afc219e05c50",
              "kind": "AnalyticsRule"
            }
          ]
        },
        "description": "'Privileged Identity Management (PIM) generates alerts when there is suspicious or unsafe activity in Azure Active Directory (Azure AD) organization. \nThis query will help detect attackers attempts to disable in product PIM alerts which are associated with Azure MFA requirements and could indicate activation of privileged access'\n",
        "displayName": "Detect PIM Alert Disabling activity",
        "packageId": "1f3b4dfd-21ff-4ed3-8e27-afc219e05c50",
        "source": {
          "kind": "Community"
        },
        "threatAnalysisTactics": [
          "Persistence",
          "PrivilegeEscalation"
        ],
        "threatAnalyticsTechniques": [
          "T1098",
          "T1078"
        ],
        "version": "1.0.0"
      },
      "name": "[concat(parameters('workspace'),'/Microsoft.SecurityInsights/', '1f3b4dfd-21ff-4ed3-8e27-afc219e05c50')]"
    }
  ]
}