{
  "$schema": "https://schema.management.azure.com/schemas/2019-04-01/deploymentTemplate.json#",
  "parameters": {
    "location": {
      "type": "string",
      "minLength": 1,
      "defaultValue": "[resourceGroup().location]",
      "metadata": {
        "description": "Not used, but needed to pass arm-ttk test `Location-Should-Not-Be-Hardcoded`.  We instead use the `workspace-location` which is derived from the LA workspace"
      }
    },
    "workspace-location": {
      "type": "string",
      "defaultValue": "",
      "metadata": {
        "description": "[concat('Region to deploy solution resources -- separate from location selection',parameters('location'))]"
      }
    },
    "workspace": {
      "defaultValue": "",
      "type": "string",
      "metadata": {
        "description": "Workspace name for Log Analytics where Microsoft Sentinel is setup"
      }
    }
  },
  "variables": {},
  "resources": [
    {
      "type": "Microsoft.OperationalInsights/workspaces/providers/packages",
      "location": "[parameters('workspace-location')]",
      "apiVersion": "2022-08-01",
      "properties": {
        "packageKind": "Standalone",
        "packageItems": {
          "resources": [
            {
              "type": "Microsoft.OperationalInsights/workspaces/providers/contentTemplates",
              "name": "[concat(parameters('workspace'),'/Microsoft.SecurityInsights/', '1b8779c9-abf2-444f-a21f-437b8f90ac4a')]",
              "location": "[parameters('workspace-location')]",
              "kind": "shared",
              "apiVersion": "2022-08-01",
              "properties": {
                "contentId": "1b8779c9-abf2-444f-a21f-437b8f90ac4a",
                "displayName": "AzureActivity Administration From VPS Providers",
                "contentKind": "HuntingQuery",
                "mainTemplate": {
                  "$schema": "https://schema.management.azure.com/schemas/2019-04-01/deploymentTemplate.json#",
                  "contentVersion": "1.0.0",
                  "resources": [
                    {
                      "type": "Microsoft.OperationalInsights/savedSearches",
                      "apiVersion": "2020-08-01",
                      "name": "1b8779c9-abf2-444f-a21f-437b8f90ac4a",
                      "location": "[parameters('workspace-location')]",
                      "properties": {
                        "eTag": "*",
                        "displayName": "AzureActivity Administration From VPS Providers",
                        "category": "Hunting Queries",
                        "query": "\nlet IP_Data = (externaldata(network:string)\n[@\"https://raw.githubusercontent.com/Azure/Azure-Sentinel/master/Sample%20Data/Feeds/VPS_Networks.csv\"] with (format=\"csv\"));\nAzureActivity\n| where CategoryValue =~ \"Administrative\"\n| evaluate ipv4_lookup(IP_Data, CallerIpAddress, network, return_unmatched = false)\n| summarize Operations = make_set(OperationNameValue), StartTime = min(TimeGenerated), EndTime = max(TimeGenerated) by CallerIpAddress, Caller\n| extend timestamp = StartTime, AccountCustomEntity = Caller, IPCustomEntity = CallerIpAddress\n",
                        "version": 2,
                        "tags": [
                          {
                            "name": "description",
                            "value": "'Looks for Administrative actions in AzureActivity from known VPS provider network ranges.\nThis is not an exhaustive list of VPS provider ranges but covers some of the most prevalent providers observed.'\n"
                          },
                          {
                            "name": "techniques",
                            "value": ""
                          },
                          {
                            "name": "tactics",
                            "value": "InitialAccess"
                          }
                        ]
                      }
                    },
                    {
                      "type": "Microsoft.OperationalInsights/workspaces/providers/metadata",
                      "apiVersion": "2021-03-01-preview",
                      "name": "[concat(parameters('workspace'),'/Microsoft.SecurityInsights/',concat('huntingQuery-', '1b8779c9-abf2-444f-a21f-437b8f90ac4a'))]",
                      "properties": {
                        "description": "'Looks for Administrative actions in AzureActivity from known VPS provider network ranges.\nThis is not an exhaustive list of VPS provider ranges but covers some of the most prevalent providers observed.'\n",
                        "contentId": "1b8779c9-abf2-444f-a21f-437b8f90ac4a",
                        "version": "1.0.0",
                        "source": {
                          "kind": "Community"
                        },
                        "threatAnalysisTactics": [
                          "InitialAccess"
                        ],
                        "threatAnalyticsTechniques": [
                          "T1078"
                        ],
                        "parentId": "1b8779c9-abf2-444f-a21f-437b8f90ac4a",
                        "kind": "HuntingQuery",
                        "dependencies": {
                          "operator": "AND",
                          "criteria": [
                            {
                              "contentId": "AzureActivity",
                              "kind": "DataType"
                            }
                          ]
                        }
                      }
                    }
                  ]
                }
              }
            }
          ]
        },
        "contentId": "1b8779c9-abf2-444f-a21f-437b8f90ac4a",
        "dependencies": {
          "operator": "AND",
          "criteria": [
            {
              "contentId": "1b8779c9-abf2-444f-a21f-437b8f90ac4a",
              "kind": "HuntingQuery"
            }
          ]
        },
        "description": "'Looks for Administrative actions in AzureActivity from known VPS provider network ranges.\nThis is not an exhaustive list of VPS provider ranges but covers some of the most prevalent providers observed.'\n",
        "displayName": "AzureActivity Administration From VPS Providers",
        "source": {
          "kind": "Community"
        },
        "threatAnalysisTactics": [
          "InitialAccess"
        ],
        "threatAnalyticsTechniques": [
          "T1078"
        ],
        "version": "1.0.0"
      },
      "name": "[concat(parameters('workspace'),'/Microsoft.SecurityInsights/', '1b8779c9-abf2-444f-a21f-437b8f90ac4a')]"
    }
  ]
}