{
  "$schema": "https://schema.management.azure.com/schemas/2019-04-01/deploymentTemplate.json#",
  "parameters": {
    "location": {
      "type": "string",
      "minLength": 1,
      "defaultValue": "[resourceGroup().location]",
      "metadata": {
        "description": "Not used, but needed to pass arm-ttk test `Location-Should-Not-Be-Hardcoded`.  We instead use the `workspace-location` which is derived from the LA workspace"
      }
    },
    "workspace-location": {
      "type": "string",
      "defaultValue": "",
      "metadata": {
        "description": "[concat('Region to deploy solution resources -- separate from location selection',parameters('location'))]"
      }
    },
    "workspace": {
      "defaultValue": "",
      "type": "string",
      "metadata": {
        "description": "Workspace name for Log Analytics where Microsoft Sentinel is setup"
      }
    }
  },
  "variables": {},
  "resources": [
    {
      "type": "Microsoft.OperationalInsights/workspaces/providers/packages",
      "location": "[parameters('workspace-location')]",
      "apiVersion": "2022-08-01",
      "properties": {
        "packageKind": "Standalone",
        "packageItems": {
          "resources": [
            {
              "type": "Microsoft.OperationalInsights/workspaces/providers/contentTemplates",
              "name": "[concat(parameters('workspace'),'/Microsoft.SecurityInsights/', '80733eb7-35b2-45b6-b2b8-3c51df258206')]",
              "location": "[parameters('workspace-location')]",
              "apiVersion": "2022-08-01",
              "properties": {
                "contentId": "80733eb7-35b2-45b6-b2b8-3c51df258206",
                "displayName": "Squid proxy events related to mining pools",
                "contentKind": "AnalyticsRule",
                "mainTemplate": {
                  "$schema": "https://schema.management.azure.com/schemas/2019-04-01/deploymentTemplate.json#",
                  "contentVersion": "1.0.0",
                  "resources": [
                    {
                      "type": "Microsoft.OperationalInsights/workspaces/providers/alertRules",
                      "apiVersion": "2022-04-01-preview",
                      "name": "[concat(parameters('workspace'),'/Microsoft.SecurityInsights/', '' )]",
                      "kind": "Scheduled",
                      "location": "[parameters('workspace-location')]",
                      "properties": {
                        "description": "Checks for Squid proxy events in Syslog associated with common mining pools .This query presumes the default Squid log format is being used. \n http://www.squid-cache.org/Doc/config/access_log/",
                        "displayName": "Squid proxy events related to mining pools",
                        "enabled": false,
                        "query": "\nlet DomainList = dynamic([\"monerohash.com\", \"do-dear.com\", \"xmrminerpro.com\", \"secumine.net\", \"xmrpool.com\", \"minexmr.org\", \"hashanywhere.com\", \"xmrget.com\", \n\"mininglottery.eu\", \"minergate.com\", \"moriaxmr.com\", \"multipooler.com\", \"moneropools.com\", \"xmrpool.eu\", \"coolmining.club\", \"supportxmr.com\",\n\"minexmr.com\", \"hashvault.pro\", \"xmrpool.net\", \"crypto-pool.fr\", \"xmr.pt\", \"miner.rocks\", \"walpool.com\", \"herominers.com\", \"gntl.co.uk\", \"semipool.com\", \n\"coinfoundry.org\", \"cryptoknight.cc\", \"fairhash.org\", \"baikalmine.com\", \"tubepool.xyz\", \"fairpool.xyz\", \"asiapool.io\", \"coinpoolit.webhop.me\", \"nanopool.org\", \n\"moneropool.com\", \"miner.center\", \"prohash.net\", \"poolto.be\", \"cryptoescrow.eu\", \"monerominers.net\", \"cryptonotepool.org\", \"extrmepool.org\", \"webcoin.me\", \n\"kippo.eu\", \"hashinvest.ws\", \"monero.farm\", \"supportxmr.com\", \"xmrpool.eu\", \"linux-repository-updates.com\", \"1gh.com\", \"dwarfpool.com\", \"hash-to-coins.com\", \n\"hashvault.pro\", \"pool-proxy.com\", \"hashfor.cash\", \"fairpool.cloud\", \"litecoinpool.org\", \"mineshaft.ml\", \"abcxyz.stream\", \"moneropool.ru\", \"cryptonotepool.org.uk\",\n\"extremepool.org\", \"extremehash.com\", \"hashinvest.net\", \"unipool.pro\", \"crypto-pools.org\", \"monero.net\", \"backup-pool.com\", \"mooo.com\", \"freeyy.me\", \"cryptonight.net\",\n\"shscrypto.net\"]);\nSyslog\n| where ProcessName contains \"squid\"\n| extend URL = extract(\"(([A-Z]+ [a-z]{4,5}:\\\\/\\\\/)|[A-Z]+ )([^ :]*)\",3,SyslogMessage), \n        SourceIP = extract(\"([0-9]+ )(([0-9]{1,3})\\\\.([0-9]{1,3})\\\\.([0-9]{1,3})\\\\.([0-9]{1,3}))\",2,SyslogMessage), \n        Status = extract(\"(TCP_(([A-Z]+)(_[A-Z]+)*)|UDP_(([A-Z]+)(_[A-Z]+)*))\",1,SyslogMessage), \n        HTTP_Status_Code = extract(\"(TCP_(([A-Z]+)(_[A-Z]+)*)|UDP_(([A-Z]+)(_[A-Z]+)*))/([0-9]{3})\",8,SyslogMessage),\n        User = extract(\"(CONNECT |GET )([^ ]* )([^ ]+)\",3,SyslogMessage),\n        RemotePort = extract(\"(CONNECT |GET )([^ ]*)(:)([0-9]*)\",4,SyslogMessage),\n        Domain = extract(\"(([A-Z]+ [a-z]{4,5}:\\\\/\\\\/)|[A-Z]+ )([^ :\\\\/]*)\",3,SyslogMessage),\n        Bytes = toint(extract(\"([A-Z]+\\\\/[0-9]{3} )([0-9]+)\",2,SyslogMessage)),\n        contentType = extract(\"([a-z/]+$)\",1,SyslogMessage)\n| extend TLD = extract(\"\\\\.[a-z]*$\",0,Domain)\n| where HTTP_Status_Code == '200'\n| where Domain contains \".\"\n| where Domain has_any (DomainList)\n| extend timestamp = TimeGenerated, URLCustomEntity = URL, IPCustomEntity = SourceIP, AccountCustomEntity = User\n",
                        "queryFrequency": "P1D",
                        "queryPeriod": "P1D",
                        "severity": "Low",
                        "suppressionDuration": "PT1H",
                        "suppressionEnabled": false,
                        "triggerOperator": "GreaterThan",
                        "triggerThreshold": 0,
                        "tactics": [
                          "CommandAndControl"
                        ],
                        "entityMappings": [
                          {
                            "entityType": "Account",
                            "fieldMappings": [
                              {
                                "columnName": "AccountCustomEntity",
                                "identifier": "FullName"
                              }
                            ]
                          },
                          {
                            "entityType": "IP",
                            "fieldMappings": [
                              {
                                "columnName": "IPCustomEntity",
                                "identifier": "Address"
                              }
                            ]
                          },
                          {
                            "entityType": "URL",
                            "fieldMappings": [
                              {
                                "columnName": "URLCustomEntity",
                                "identifier": "Url"
                              }
                            ]
                          }
                        ]
                      }
                    },
                    {
                      "type": "Microsoft.OperationalInsights/workspaces/providers/metadata",
                      "apiVersion": "2021-03-01-preview",
                      "name": "[concat(parameters('workspace'),'/Microsoft.SecurityInsights/', '')]",
                      "properties": {
                        "description": "'Checks for Squid proxy events in Syslog associated with common mining pools .This query presumes the default Squid log format is being used. \n http://www.squid-cache.org/Doc/config/access_log/'\n",
                        "version": "1.0.0",
                        "source": {
                          "kind": "Community"
                        },
                        "threatAnalysisTactics": [
                          "CommandAndControl"
                        ],
                        "threatAnalyticsTechniques": [
                          "T1102"
                        ],
                        "contentId": "80733eb7-35b2-45b6-b2b8-3c51df258206",
                        "parentId": "80733eb7-35b2-45b6-b2b8-3c51df258206",
                        "kind": "AnalyticsRule",
                        "dependencies": {
                          "operator": "AND",
                          "criteria": [
                            {
                              "contentId": "Syslog",
                              "kind": "DataType"
                            }
                          ]
                        }
                      }
                    }
                  ]
                }
              }
            }
          ]
        },
        "dependencies": {
          "operator": "AND",
          "criteria": [
            {
              "contentId": "80733eb7-35b2-45b6-b2b8-3c51df258206",
              "kind": "AnalyticsRule"
            }
          ]
        },
        "description": "'Checks for Squid proxy events in Syslog associated with common mining pools .This query presumes the default Squid log format is being used. \n http://www.squid-cache.org/Doc/config/access_log/'\n",
        "displayName": "Squid proxy events related to mining pools",
        "packageId": "80733eb7-35b2-45b6-b2b8-3c51df258206",
        "source": {
          "kind": "Community"
        },
        "threatAnalysisTactics": [
          "CommandAndControl"
        ],
        "threatAnalyticsTechniques": [
          "T1102"
        ],
        "version": "1.0.0"
      },
      "name": "[concat(parameters('workspace'),'/Microsoft.SecurityInsights/', '80733eb7-35b2-45b6-b2b8-3c51df258206')]"
    }
  ]
}