{
  "$schema": "https://schema.management.azure.com/schemas/2019-04-01/deploymentTemplate.json#",
  "parameters": {
    "location": {
      "type": "string",
      "minLength": 1,
      "defaultValue": "[resourceGroup().location]",
      "metadata": {
        "description": "Not used, but needed to pass arm-ttk test `Location-Should-Not-Be-Hardcoded`.  We instead use the `workspace-location` which is derived from the LA workspace"
      }
    },
    "workspace-location": {
      "type": "string",
      "defaultValue": "",
      "metadata": {
        "description": "[concat('Region to deploy solution resources -- separate from location selection',parameters('location'))]"
      }
    },
    "workspace": {
      "defaultValue": "",
      "type": "string",
      "metadata": {
        "description": "Workspace name for Log Analytics where Microsoft Sentinel is setup"
      }
    }
  },
  "variables": {},
  "resources": [
    {
      "type": "Microsoft.OperationalInsights/workspaces/providers/packages",
      "location": "[parameters('workspace-location')]",
      "apiVersion": "2022-08-01",
      "properties": {
        "packageKind": "Standalone",
        "packageItems": {
          "resources": [
            {
              "type": "Microsoft.OperationalInsights/workspaces/providers/contentTemplates",
              "name": "[concat(parameters('workspace'),'/Microsoft.SecurityInsights/', '492fbe35-cbac-4a8c-9059-826782e6915a')]",
              "location": "[parameters('workspace-location')]",
              "apiVersion": "2022-08-01",
              "properties": {
                "contentId": "492fbe35-cbac-4a8c-9059-826782e6915a",
                "displayName": "Changes to Application Logout URL",
                "contentKind": "AnalyticsRule",
                "mainTemplate": {
                  "$schema": "https://schema.management.azure.com/schemas/2019-04-01/deploymentTemplate.json#",
                  "contentVersion": "1.0.0",
                  "resources": [
                    {
                      "type": "Microsoft.OperationalInsights/workspaces/providers/alertRules",
                      "apiVersion": "2022-04-01-preview",
                      "name": "[concat(parameters('workspace'),'/Microsoft.SecurityInsights/', '' )]",
                      "kind": "Scheduled",
                      "location": "[parameters('workspace-location')]",
                      "properties": {
                        "description": "Detects changes to an applications sign out URL.\n  Look for any modifications to a sign out URL. Blank entries or entries to non-existent locations would stop a user from terminating a session.\n  Ref: https://docs.microsoft.com/azure/active-directory/fundamentals/security-operations-applications#logout-url-modified-or-removed",
                        "displayName": "Changes to Application Logout URL",
                        "enabled": false,
                        "query": "AuditLogs\n  | where Category =~ \"ApplicationManagement\"\n  | where OperationName has_any (\"Update Application\", \"Update Service principal\")\n  | extend appName = tostring(parse_json(tostring(InitiatedBy.app)).displayName)\n  | extend UPN = tostring(parse_json(tostring(InitiatedBy.user)).userPrincipalName)\n  | extend UpdatedBy = iif(isnotempty(appName), appName, UPN)\n  | extend mod_props = TargetResources[0].modifiedProperties\n  | extend AppName = tostring(TargetResources[0].displayName)\n  | mv-expand mod_props\n  | extend Action = tostring(mod_props.displayName)\n  | where Action contains \"Url\"\n  | extend OldURL = tostring(mod_props.oldValue)\n  | extend NewURL = tostring(mod_props.newValue)\n  | project-reorder TimeGenerated, OperationName, Action, AppName, OldURL, NewURL, UpdatedBy\n",
                        "queryFrequency": "P1D",
                        "queryPeriod": "P1D",
                        "severity": "Low",
                        "suppressionDuration": "PT1H",
                        "suppressionEnabled": false,
                        "triggerOperator": "GreaterThan",
                        "triggerThreshold": 0,
                        "tactics": [
                          "Persistence",
                          "PrivilegeEscalation"
                        ],
                        "entityMappings": [
                          {
                            "entityType": "Account",
                            "fieldMappings": [
                              {
                                "columnName": "UpdatedBy",
                                "identifier": "FullName"
                              }
                            ]
                          },
                          {
                            "entityType": "URL",
                            "fieldMappings": [
                              {
                                "columnName": "OldURL",
                                "identifier": "Url"
                              }
                            ]
                          },
                          {
                            "entityType": "URL",
                            "fieldMappings": [
                              {
                                "columnName": "NewURL",
                                "identifier": "Url"
                              }
                            ]
                          }
                        ]
                      }
                    },
                    {
                      "type": "Microsoft.OperationalInsights/workspaces/providers/metadata",
                      "apiVersion": "2021-03-01-preview",
                      "name": "[concat(parameters('workspace'),'/Microsoft.SecurityInsights/', '')]",
                      "properties": {
                        "description": "'Detects changes to an applications sign out URL.\n  Look for any modifications to a sign out URL. Blank entries or entries to non-existent locations would stop a user from terminating a session.\n  Ref: https://docs.microsoft.com/azure/active-directory/fundamentals/security-operations-applications#logout-url-modified-or-removed'\n",
                        "contentId": "492fbe35-cbac-4a8c-9059-826782e6915a",
                        "version": "1.0.0",
                        "source": {
                          "kind": "Community"
                        },
                        "threatAnalysisTactics": [
                          "Persistence",
                          "PrivilegeEscalation"
                        ],
                        "threatAnalyticsTechniques": [
                          "T1078.004"
                        ],
                        "parentId": "492fbe35-cbac-4a8c-9059-826782e6915a",
                        "kind": "AnalyticsRule",
                        "dependencies": {
                          "operator": "AND",
                          "criteria": [
                            {
                              "contentId": "AuditLogs",
                              "kind": "DataType"
                            }
                          ]
                        }
                      }
                    }
                  ]
                }
              }
            }
          ]
        },
        "contentId": "492fbe35-cbac-4a8c-9059-826782e6915a",
        "dependencies": {
          "operator": "AND",
          "criteria": [
            {
              "contentId": "492fbe35-cbac-4a8c-9059-826782e6915a",
              "kind": "AnalyticsRule"
            }
          ]
        },
        "description": "'Detects changes to an applications sign out URL.\n  Look for any modifications to a sign out URL. Blank entries or entries to non-existent locations would stop a user from terminating a session.\n  Ref: https://docs.microsoft.com/azure/active-directory/fundamentals/security-operations-applications#logout-url-modified-or-removed'\n",
        "displayName": "Changes to Application Logout URL",
        "source": {
          "kind": "Community"
        },
        "threatAnalysisTactics": [
          "Persistence",
          "PrivilegeEscalation"
        ],
        "threatAnalyticsTechniques": [
          "T1078.004"
        ],
        "version": "1.0.0"
      },
      "name": "[concat(parameters('workspace'),'/Microsoft.SecurityInsights/', '492fbe35-cbac-4a8c-9059-826782e6915a')]"
    }
  ]
}