{
  "$schema": "https://schema.management.azure.com/schemas/2019-04-01/deploymentTemplate.json#",
  "contentVersion": "1.0.0.0",
  "parameters": {
    "location": {
      "type": "string",
      "minLength": 1,
      "defaultValue": "[resourceGroup().location]",
      "metadata": {
        "description": "Not used, but needed to pass arm-ttk test `Location-Should-Not-Be-Hardcoded`.  We instead use the `workspace-location` which is derived from the LA workspace"
      }
    },
    "workspace-location": {
      "type": "string",
      "defaultValue": "",
      "metadata": {
        "description": "[concat('Region to deploy solution resources -- separate from location selection',parameters('location'))]"
      }
    },
    "workspace": {
      "defaultValue": "",
      "type": "string",
      "metadata": {
        "description": "Workspace name for Log Analytics where Microsoft Sentinel is setup"
      }
    }
  },
  "variables": {},
  "resources": [
    {
      "type": "Microsoft.OperationalInsights/workspaces/providers/packages",
      "location": "[parameters('workspace-location')]",
      "apiVersion": "2022-08-01",
      "properties": {
        "packageKind": "Standalone",
        "packageItems": {
          "resources": [
            {
              "type": "Microsoft.OperationalInsights/workspaces/providers/contentTemplates",
              "name": "[concat(parameters('workspace'),'/Microsoft.SecurityInsights/', '13355269-f755-4b81-8a72-e80c3f4a8016')]",
              "location": "[parameters('workspace-location')]",
              "kind": "shared",
              "apiVersion": "2022-08-01",
              "properties": {
                "contentId": "13355269-f755-4b81-8a72-e80c3f4a8016",
                "displayName": "umworkerprocess-unusual-subprocess-activity",
                "contentKind": "HuntingQuery",
                "mainTemplate": {
                  "$schema": "https://schema.management.azure.com/schemas/2019-04-01/deploymentTemplate.json#",
                  "contentVersion": "1.0.0",
                  "resources": [
                    {
                      "type": "Microsoft.OperationalInsights/savedSearches",
                      "apiVersion": "2020-08-01",
                      "name": "13355269-f755-4b81-8a72-e80c3f4a8016",
                      "location": "[parameters('workspace-location')]",
                      "properties": {
                        "eTag": "*",
                        "displayName": "umworkerprocess-unusual-subprocess-activity",
                        "category": "Hunting Queries",
                        "query": "DeviceProcessEvents\n| where InitiatingProcessFileName == \"UMWorkerProcess.exe\"\n| where FileName !in~(\"wermgr.exe\", \"WerFault.exe\")\n",
                        "version": 2,
                        "tags": [
                          {
                            "name": "description",
                            "value": "This query was originally published in the threat analytics report, \"Exchange Server zero-days exploited in the wild\".\nIn early March 2021, Microsoft released patches for four different zero-day vulnerabilities affecting Microsoft Exchange Server. The vulnerabilities were being used in a coordinated attack. For more information on the vulnerabilities, visit the following links:\n1. CVE-2021-26855\n2. CVE-2021-26857\n3. CVE-2021-26858\n4. CVE-2021-27065\nThe following query surfaces when unusual subprocesses were launched by MWorkerProcess, the Exchange Unified Messaging service. This might indicate exploitation of CVE-2021-26857 to run arbitrary code.\nMore queries related to this threat can be found under the See also section of this page.\nReference - https://msrc-blog.microsoft.com/2021/03/02/multiple-security-updates-released-for-exchange-server/\n"
                          },
                          {
                            "name": "tactics",
                            "value": "Execution,Exploit"
                          }
                        ]
                      }
                    },
                    {
                      "type": "Microsoft.OperationalInsights/workspaces/providers/metadata",
                      "apiVersion": "2021-03-01-preview",
                      "name": "[concat(parameters('workspace'),'/Microsoft.SecurityInsights/',concat('huntingQuery-', '13355269-f755-4b81-8a72-e80c3f4a8016'))]",
                      "properties": {
                        "description": "This query was originally published in the threat analytics report, \"Exchange Server zero-days exploited in the wild\".\nIn early March 2021, Microsoft released patches for four different zero-day vulnerabilities affecting Microsoft Exchange Server. The vulnerabilities were being used in a coordinated attack. For more information on the vulnerabilities, visit the following links:\n1. CVE-2021-26855\n2. CVE-2021-26857\n3. CVE-2021-26858\n4. CVE-2021-27065\nThe following query surfaces when unusual subprocesses were launched by MWorkerProcess, the Exchange Unified Messaging service. This might indicate exploitation of CVE-2021-26857 to run arbitrary code.\nMore queries related to this threat can be found under the See also section of this page.\nReference - https://msrc-blog.microsoft.com/2021/03/02/multiple-security-updates-released-for-exchange-server/\n",
                        "version": "1.0.0",
                        "author": {
                          "name": "Community"
                        },
                        "support": {
                          "name": "Community",
                          "link": "https://github.com/Azure/Azure-Sentinel/issues",
                          "tier": "Community"
                        },
                        "source": {
                          "kind": "Community",
                          "name": "Standalone"
                        },
                        "threatAnalysisTactics": [
                          "Execution"
                        ],
                        "contentId": "13355269-f755-4b81-8a72-e80c3f4a8016",
                        "parentId": "13355269-f755-4b81-8a72-e80c3f4a8016",
                        "kind": "HuntingQuery",
                        "dependencies": {
                          "operator": "AND",
                          "criteria": [
                            {
                              "contentId": "DeviceProcessEvents",
                              "kind": "DataType"
                            }
                          ]
                        }
                      }
                    }
                  ]
                }
              }
            }
          ]
        },
        "author": {
          "name": "Community"
        },
        "dependencies": {
          "operator": "AND",
          "criteria": [
            {
              "contentId": "13355269-f755-4b81-8a72-e80c3f4a8016",
              "kind": "HuntingQuery"
            }
          ]
        },
        "description": "This query was originally published in the threat analytics report, \"Exchange Server zero-days exploited in the wild\".\nIn early March 2021, Microsoft released patches for four different zero-day vulnerabilities affecting Microsoft Exchange Server. The vulnerabilities were being used in a coordinated attack. For more information on the vulnerabilities, visit the following links:\n1. CVE-2021-26855\n2. CVE-2021-26857\n3. CVE-2021-26858\n4. CVE-2021-27065\nThe following query surfaces when unusual subprocesses were launched by MWorkerProcess, the Exchange Unified Messaging service. This might indicate exploitation of CVE-2021-26857 to run arbitrary code.\nMore queries related to this threat can be found under the See also section of this page.\nReference - https://msrc-blog.microsoft.com/2021/03/02/multiple-security-updates-released-for-exchange-server/\n",
        "displayName": "umworkerprocess-unusual-subprocess-activity",
        "packageId": "13355269-f755-4b81-8a72-e80c3f4a8016",
        "source": {
          "kind": "Community",
          "name": "Standalone"
        },
        "support": {
          "name": "Community",
          "link": "https://github.com/Azure/Azure-Sentinel/issues",
          "tier": "Community"
        },
        "threatAnalysisTactics": [
          "Execution"
        ],
        "version": "1.0.0"
      },
      "name": "13355269-f755-4b81-8a72-e80c3f4a8016"
    }
  ]
}