{
  "$schema": "https://schema.management.azure.com/schemas/2019-04-01/deploymentTemplate.json#",
  "contentVersion": "1.0.0.0",
  "parameters": {
    "location": {
      "type": "string",
      "minLength": 1,
      "defaultValue": "[resourceGroup().location]",
      "metadata": {
        "description": "Not used, but needed to pass arm-ttk test `Location-Should-Not-Be-Hardcoded`.  We instead use the `workspace-location` which is derived from the LA workspace"
      }
    },
    "workspace-location": {
      "type": "string",
      "defaultValue": "",
      "metadata": {
        "description": "[concat('Region to deploy solution resources -- separate from location selection',parameters('location'))]"
      }
    },
    "workspace": {
      "defaultValue": "",
      "type": "string",
      "metadata": {
        "description": "Workspace name for Log Analytics where Microsoft Sentinel is setup"
      }
    }
  },
  "variables": {},
  "resources": [
    {
      "type": "Microsoft.OperationalInsights/workspaces/providers/packages",
      "location": "[parameters('workspace-location')]",
      "apiVersion": "2022-08-01",
      "properties": {
        "packageKind": "Standalone",
        "packageItems": {
          "resources": [
            {
              "type": "Microsoft.OperationalInsights/workspaces/providers/contentTemplates",
              "name": "[concat(parameters('workspace'),'/Microsoft.SecurityInsights/', '088d30e9-c02b-46b1-bd1f-d5b6d6b782f0')]",
              "location": "[parameters('workspace-location')]",
              "kind": "shared",
              "apiVersion": "2022-08-01",
              "properties": {
                "contentId": "088d30e9-c02b-46b1-bd1f-d5b6d6b782f0",
                "displayName": "Least Common Processes by Command Line",
                "contentKind": "HuntingQuery",
                "mainTemplate": {
                  "$schema": "https://schema.management.azure.com/schemas/2019-04-01/deploymentTemplate.json#",
                  "contentVersion": "1.0.0",
                  "resources": [
                    {
                      "type": "Microsoft.OperationalInsights/savedSearches",
                      "apiVersion": "2020-08-01",
                      "name": "088d30e9-c02b-46b1-bd1f-d5b6d6b782f0",
                      "location": "[parameters('workspace-location')]",
                      "properties": {
                        "eTag": "*",
                        "displayName": "Least Common Processes by Command Line",
                        "category": "Hunting Queries",
                        "query": "\nlet starttime = todatetime('{{StartTimeISO}}');\nlet endtime = todatetime('{{EndTimeISO}}');\nlet lookback = starttime - 7d;\nlet Allowlist = dynamic (['foo.exe', 'baz.exe']);\nlet Sensitivity = 5;\nSecurityEvent\n| where TimeGenerated between(lookback..endtime)\n| where EventID == 4688 and NewProcessName !endswith 'conhost.exe'\n| extend ProcArray = split(NewProcessName, '\\\\')\n// ProcArrayLength is Folder Depth\n| extend ProcArrayLength = arraylength(ProcArray)\n| extend LastIndex = ProcArrayLength - 1\n| extend Proc = ProcArray[LastIndex]\n| where Proc !in (Allowlist)\n| summarize StartTimeUtc = min(TimeGenerated), EndTimeUtc = max(TimeGenerated), TimesSeen = count(), HostCount = dcount(Computer), Hosts = makeset(Computer), UserCount = dcount(SubjectUserName), Users = makeset(SubjectUserName) by CommandLine\n| where TimesSeen < Sensitivity\n| extend timestamp = StartTimeUtc\n",
                        "version": 2,
                        "tags": [
                          {
                            "name": "description",
                            "value": "'Looks across your environment for least common Process Command Lines, may be noisy and require allowlisting.  By ZanCo'\n"
                          },
                          {
                            "name": "tactics",
                            "value": "Execution"
                          }
                        ]
                      }
                    },
                    {
                      "type": "Microsoft.OperationalInsights/workspaces/providers/metadata",
                      "apiVersion": "2021-03-01-preview",
                      "name": "[concat(parameters('workspace'),'/Microsoft.SecurityInsights/',concat('huntingQuery-', '088d30e9-c02b-46b1-bd1f-d5b6d6b782f0'))]",
                      "properties": {
                        "description": "'Looks across your environment for least common Process Command Lines, may be noisy and require allowlisting.  By ZanCo'\n",
                        "version": "1.0.0",
                        "author": {
                          "name": "Community"
                        },
                        "support": {
                          "name": "Community",
                          "link": "https://github.com/Azure/Azure-Sentinel/issues",
                          "tier": "Community"
                        },
                        "source": {
                          "kind": "Community",
                          "name": "Standalone"
                        },
                        "threatAnalysisTactics": [
                          "Execution"
                        ],
                        "contentId": "088d30e9-c02b-46b1-bd1f-d5b6d6b782f0",
                        "parentId": "088d30e9-c02b-46b1-bd1f-d5b6d6b782f0",
                        "kind": "HuntingQuery",
                        "dependencies": {
                          "operator": "AND",
                          "criteria": [
                            {
                              "contentId": "SecurityEvent",
                              "kind": "DataType"
                            }
                          ]
                        }
                      }
                    }
                  ]
                }
              }
            }
          ]
        },
        "author": {
          "name": "Community"
        },
        "dependencies": {
          "operator": "AND",
          "criteria": [
            {
              "contentId": "088d30e9-c02b-46b1-bd1f-d5b6d6b782f0",
              "kind": "HuntingQuery"
            }
          ]
        },
        "description": "'Looks across your environment for least common Process Command Lines, may be noisy and require allowlisting.  By ZanCo'\n",
        "displayName": "Least Common Processes by Command Line",
        "packageId": "088d30e9-c02b-46b1-bd1f-d5b6d6b782f0",
        "source": {
          "kind": "Community",
          "name": "Standalone"
        },
        "support": {
          "name": "Community",
          "link": "https://github.com/Azure/Azure-Sentinel/issues",
          "tier": "Community"
        },
        "threatAnalysisTactics": [
          "Execution"
        ],
        "version": "1.0.0"
      },
      "name": "088d30e9-c02b-46b1-bd1f-d5b6d6b782f0"
    }
  ]
}