{
  "$schema": "https://schema.management.azure.com/schemas/2019-04-01/deploymentTemplate.json#",
  "parameters": {
    "location": {
      "type": "string",
      "minLength": 1,
      "defaultValue": "[resourceGroup().location]",
      "metadata": {
        "description": "Not used, but needed to pass arm-ttk test `Location-Should-Not-Be-Hardcoded`.  We instead use the `workspace-location` which is derived from the LA workspace"
      }
    },
    "workspace-location": {
      "type": "string",
      "defaultValue": "",
      "metadata": {
        "description": "[concat('Region to deploy solution resources -- separate from location selection',parameters('location'))]"
      }
    },
    "workspace": {
      "defaultValue": "",
      "type": "string",
      "metadata": {
        "description": "Workspace name for Log Analytics where Microsoft Sentinel is setup"
      }
    }
  },
  "variables": {},
  "resources": [
    {
      "type": "Microsoft.OperationalInsights/workspaces/providers/packages",
      "location": "[parameters('workspace-location')]",
      "apiVersion": "2022-08-01",
      "properties": {
        "packageKind": "Standalone",
        "packageItems": {
          "resources": [
            {
              "type": "Microsoft.OperationalInsights/workspaces/providers/contentTemplates",
              "name": "[concat(parameters('workspace'),'/Microsoft.SecurityInsights/', '24f8c234-d1ff-40ec-8b73-96b17a3a9c1c')]",
              "location": "[parameters('workspace-location')]",
              "apiVersion": "2022-08-01",
              "properties": {
                "contentId": "24f8c234-d1ff-40ec-8b73-96b17a3a9c1c",
                "displayName": "Mass secret retrieval from Azure Key Vault",
                "contentKind": "AnalyticsRule",
                "mainTemplate": {
                  "$schema": "https://schema.management.azure.com/schemas/2019-04-01/deploymentTemplate.json#",
                  "contentVersion": "1.0.3",
                  "resources": [
                    {
                      "type": "Microsoft.OperationalInsights/workspaces/providers/alertRules",
                      "apiVersion": "2022-04-01-preview",
                      "name": "[concat(parameters('workspace'),'/Microsoft.SecurityInsights/', '' )]",
                      "kind": "Scheduled",
                      "location": "[parameters('workspace-location')]",
                      "properties": {
                        "description": "Identifies mass secret retrieval from Azure Key Vault observed by a single user. \nMass secret retrival crossing a certain threshold is an indication of credential dump operations or mis-configured applications. \nYou can tweak the EventCountThreshold based on average count seen in your environment \nand also filter any known sources (IP/Account) and useragent combinations based on historical analysis to further reduce noise",
                        "displayName": "Mass secret retrieval from Azure Key Vault",
                        "enabled": false,
                        "query": "\nlet EventCountThreshold = 25;\n// To avoid any False Positives, filtering using AppId is recommended.\n// For example the AppId 509e4652-da8d-478d-a730-e9d4a1996ca4 has been added in the query as it corresponds \n// to Azure Resource Graph performing VaultGet operations for indexing and syncing all tracked resources across Azure.\n// The AppId 8cae6e77-e04e-42ce-b5cb-50d82bce26b1 has been added as it correspond to Microsoft Policy Insights Provider Data Plane performing VaultGet operations for policies checks.\nlet Allowedappid = dynamic([\"509e4652-da8d-478d-a730-e9d4a1996ca4\",\"8cae6e77-e04e-42ce-b5cb-50d82bce26b1\"]);\nlet OperationList = dynamic(\n[\"SecretGet\", \"KeyGet\", \"VaultGet\"]);\nAzureDiagnostics\n| where not((identity_claim_appid_g in (Allowedappid)) and OperationName == 'VaultGet')\n| extend ResultType = columnifexists(\"ResultType\", \"None\"), identity_claim_http_schemas_microsoft_com_identity_claims_objectidentifier_g = columnifexists(\"identity_claim_http_schemas_microsoft_com_identity_claims_objectidentifier_g\", \"None\")\n| where ResultType !~ \"None\" and isnotempty(ResultType)\n| where identity_claim_http_schemas_microsoft_com_identity_claims_objectidentifier_g !~ \"None\" and isnotempty(identity_claim_http_schemas_microsoft_com_identity_claims_objectidentifier_g)\n| where ResourceType =~ \"VAULTS\" and ResultType =~ \"Success\"\n| where OperationName in (OperationList) \n| summarize count() by identity_claim_http_schemas_microsoft_com_identity_claims_objectidentifier_g, OperationName\n| where count_ > EventCountThreshold  \n| join (\nAzureDiagnostics\n| where not((identity_claim_appid_g in (Allowedappid)) and OperationName == 'VaultGet')\n| extend ResultType = columnifexists(\"ResultType\", \"NoResultType\")\n| extend requestUri_s = columnifexists(\"requestUri_s\", \"None\"), identity_claim_http_schemas_microsoft_com_identity_claims_objectidentifier_g = columnifexists(\"identity_claim_http_schemas_microsoft_com_identity_claims_objectidentifier_g\", \"None\")\n| extend id_s = columnifexists(\"id_s\", \"None\"), CallerIPAddress = columnifexists(\"CallerIPAddress\", \"None\"), clientInfo_s = columnifexists(\"clientInfo_s\", \"None\")\n| where ResultType !~ \"None\" and isnotempty(ResultType)\n| where identity_claim_http_schemas_microsoft_com_identity_claims_objectidentifier_g !~ \"None\" and isnotempty(identity_claim_http_schemas_microsoft_com_identity_claims_objectidentifier_g)\n| where id_s !~ \"None\" and isnotempty(id_s)\n| where CallerIPAddress !~ \"None\" and isnotempty(CallerIPAddress)\n| where clientInfo_s !~ \"None\" and isnotempty(clientInfo_s)\n| where requestUri_s !~ \"None\" and isnotempty(requestUri_s)\n| where OperationName in~ (OperationList)   \n) on identity_claim_http_schemas_microsoft_com_identity_claims_objectidentifier_g \n| summarize EventCount=sum(count_), StartTimeUtc=min(TimeGenerated), EndTimeUtc=max(TimeGenerated), TimeTriggered=makelist(TimeGenerated),OperationNameList=make_set(OperationName), RequestURLList=make_set(requestUri_s), CallerIPList = make_set(CallerIPAddress),  CallerIPMax= arg_max(CallerIPAddress,*) by ResourceType, ResultType, Resource, id_s, identity_claim_http_schemas_microsoft_com_identity_claims_objectidentifier_g, clientInfo_s\n| extend timestamp = EndTimeUtc, IPCustomEntity = CallerIPMax, AccountCustomEntity = identity_claim_http_schemas_microsoft_com_identity_claims_objectidentifier_g\n",
                        "queryFrequency": "P1D",
                        "queryPeriod": "P1D",
                        "severity": "Low",
                        "suppressionDuration": "PT1H",
                        "suppressionEnabled": false,
                        "triggerOperator": "GreaterThan",
                        "triggerThreshold": 0,
                        "tactics": [
                          "CredentialAccess"
                        ],
                        "entityMappings": [
                          {
                            "entityType": "Account",
                            "fieldMappings": [
                              {
                                "columnName": "AccountCustomEntity",
                                "identifier": "FullName"
                              }
                            ]
                          },
                          {
                            "entityType": "IP",
                            "fieldMappings": [
                              {
                                "columnName": "IPCustomEntity",
                                "identifier": "Address"
                              }
                            ]
                          }
                        ]
                      }
                    },
                    {
                      "type": "Microsoft.OperationalInsights/workspaces/providers/metadata",
                      "apiVersion": "2021-03-01-preview",
                      "name": "[concat(parameters('workspace'),'/Microsoft.SecurityInsights/', '')]",
                      "properties": {
                        "description": "'Identifies mass secret retrieval from Azure Key Vault observed by a single user. \nMass secret retrival crossing a certain threshold is an indication of credential dump operations or mis-configured applications. \nYou can tweak the EventCountThreshold based on average count seen in your environment \nand also filter any known sources (IP/Account) and useragent combinations based on historical analysis to further reduce noise'\n",
                        "contentId": "24f8c234-d1ff-40ec-8b73-96b17a3a9c1c",
                        "version": "1.0.3",
                        "source": {
                          "kind": "Community"
                        },
                        "threatAnalysisTactics": [
                          "CredentialAccess"
                        ],
                        "threatAnalyticsTechniques": [
                          "T1003"
                        ],
                        "parentId": "24f8c234-d1ff-40ec-8b73-96b17a3a9c1c",
                        "kind": "AnalyticsRule",
                        "dependencies": {
                          "operator": "AND",
                          "criteria": [
                            {
                              "contentId": "KeyVaultData",
                              "kind": "DataType"
                            }
                          ]
                        }
                      }
                    }
                  ]
                }
              }
            }
          ]
        },
        "contentId": "24f8c234-d1ff-40ec-8b73-96b17a3a9c1c",
        "dependencies": {
          "operator": "AND",
          "criteria": [
            {
              "contentId": "24f8c234-d1ff-40ec-8b73-96b17a3a9c1c",
              "kind": "AnalyticsRule"
            }
          ]
        },
        "description": "'Identifies mass secret retrieval from Azure Key Vault observed by a single user. \nMass secret retrival crossing a certain threshold is an indication of credential dump operations or mis-configured applications. \nYou can tweak the EventCountThreshold based on average count seen in your environment \nand also filter any known sources (IP/Account) and useragent combinations based on historical analysis to further reduce noise'\n",
        "displayName": "Mass secret retrieval from Azure Key Vault",
        "source": {
          "kind": "Community"
        },
        "threatAnalysisTactics": [
          "CredentialAccess"
        ],
        "threatAnalyticsTechniques": [
          "T1003"
        ],
        "version": "1.0.3"
      },
      "name": "[concat(parameters('workspace'),'/Microsoft.SecurityInsights/', '24f8c234-d1ff-40ec-8b73-96b17a3a9c1c')]"
    }
  ]
}