{
  "$schema": "https://schema.management.azure.com/schemas/2019-04-01/deploymentTemplate.json#",
  "parameters": {
    "location": {
      "type": "string",
      "minLength": 1,
      "defaultValue": "[resourceGroup().location]",
      "metadata": {
        "description": "Not used, but needed to pass arm-ttk test `Location-Should-Not-Be-Hardcoded`.  We instead use the `workspace-location` which is derived from the LA workspace"
      }
    },
    "workspace-location": {
      "type": "string",
      "defaultValue": "",
      "metadata": {
        "description": "[concat('Region to deploy solution resources -- separate from location selection',parameters('location'))]"
      }
    },
    "workspace": {
      "defaultValue": "",
      "type": "string",
      "metadata": {
        "description": "Workspace name for Log Analytics where Microsoft Sentinel is setup"
      }
    }
  },
  "variables": {},
  "resources": [
    {
      "type": "Microsoft.OperationalInsights/workspaces/providers/packages",
      "location": "[parameters('workspace-location')]",
      "apiVersion": "2022-08-01",
      "properties": {
        "packageKind": "Standalone",
        "packageItems": {
          "resources": [
            {
              "type": "Microsoft.OperationalInsights/workspaces/providers/contentTemplates",
              "name": "[concat(parameters('workspace'),'/Microsoft.SecurityInsights/', '06c52a66-fffe-4d3b-a05a-646ff65b7ec2')]",
              "location": "[parameters('workspace-location')]",
              "kind": "shared",
              "apiVersion": "2022-08-01",
              "properties": {
                "contentId": "06c52a66-fffe-4d3b-a05a-646ff65b7ec2",
                "displayName": "RareDNSLookupWithDataTransfer",
                "contentKind": "HuntingQuery",
                "mainTemplate": {
                  "$schema": "https://schema.management.azure.com/schemas/2019-04-01/deploymentTemplate.json#",
                  "contentVersion": "1.0.0",
                  "resources": [
                    {
                      "type": "Microsoft.OperationalInsights/savedSearches",
                      "apiVersion": "2020-08-01",
                      "name": "06c52a66-fffe-4d3b-a05a-646ff65b7ec2",
                      "location": "[parameters('workspace-location')]",
                      "properties": {
                        "eTag": "*",
                        "displayName": "RareDNSLookupWithDataTransfer",
                        "category": "Hunting Queries",
                        "query": "\nlet starttime = todatetime('{{StartTimeISO}}');\nlet endtime = todatetime('{{EndTimeISO}}');\nlet lookback = totimespan((endtime-starttime)*7);\nlet lookupThreshold = 21;\nlet lookbackint = 7;\nlet binvalue = 1;\nlet bintime = make_timespan(binvalue,0);\nlet avgCalc = starttime/1h;\n// Identify all domain lookups before start time and after lookback time\nlet DomainLookups = DnsEvents\n| where TimeGenerated between(ago(lookback)..starttime)\n| where SubType == \"LookupQuery\"\n| where isnotempty(IPAddresses)\n| extend Domain = iff(countof(Name,'.') >= 2, strcat(split(Name,'.')[-2], '.',split(Name,'.')[-1]), Name)\n| summarize DomainCount = count() by Domain\n| project Domain, DailyAvgLookupCountOverLookback = DomainCount/lookbackint;\n// Common lookups should not include items that occurred more rarely over the lookback period.\nlet CommonLookups = DomainLookups\n| where DailyAvgLookupCountOverLookback > lookupThreshold;\n// Get current lookups to compare against the lookback period\nlet TodayLookups = DnsEvents\n| where TimeGenerated between(starttime..endtime)\n| where SubType == \"LookupQuery\"\n| where isnotempty(IPAddresses)\n| extend Domain = iff(countof(Name,'.') >= 2, strcat(split(Name,'.')[-2], '.',split(Name,'.')[-1]), Name)\n| summarize LookupStartTime = min(TimeGenerated), LookupEndTime = max(TimeGenerated), LookupCountToday = count() by ClientIP, Domain, IPAddresses\n| project LookupStartTime, LookupEndTime, ClientIP, LookupCountToday, Domain, IPAddresses;\n// Remove Common Lookups from lookback period from Todays lookups\nlet UncommonLookupsToday = TodayLookups\n| join kind=leftanti (\nCommonLookups\n)\non Domain;\n// Join back the Daily Average Lookup Count to add context to rarity over lookback period\nlet RareLookups = UncommonLookupsToday | join kind= innerunique (\nDomainLookups\n) on Domain\n| project LookupStartTime, LookupEndTime, ClientIP, Domain, IPAddresses, LookupCountToday, DailyAvgLookupCountOverLookback;\nlet DNSIPBreakout = RareLookups\n| extend DnsIPAddress = iff(IPAddresses has \",\", split(IPAddresses, \",\"), todynamic(IPAddresses))\n| mvexpand DnsIPAddress\n| extend DnsIPAddress = tostring(DnsIPAddress)\n| distinct LookupStartTime, LookupEndTime, ClientIP, Domain, DnsIPAddress, LookupCountToday, DailyAvgLookupCountOverLookback\n| extend IPCustomEntity = DnsIPAddress\n| where ipv4_is_private(DnsIPAddress) == false\n;\nlet DataMovement = ( union isfuzzy=true\n(CommonSecurityLog\n| where TimeGenerated between(starttime..endtime)\n| where DeviceVendor ==\"Palo Alto Networks\" and Activity == \"TRAFFIC\"\n| where ipv4_is_private(DestinationIP) == false\n| project DataType = DeviceVendor, TimeGenerated, SourceIP , SourcePort , DestinationIP, DestinationPort, ReceivedBytes, SentBytes\n| sort by SourceIP asc, SourcePort asc,TimeGenerated asc, DestinationIP asc, DestinationPort asc\n| summarize sum(ReceivedBytes), sum(SentBytes), ConnectionCount = count() by DataType, SourceIP, SourcePort, DestinationIP, DestinationPort\n| extend IPCustomEntity = DestinationIP\n| sort by sum_SentBytes desc\n),\n(WireData\n| where TimeGenerated between(starttime..endtime)\n| where Direction == \"Outbound\"\n| where ipv4_is_private(RemoteIP) == false\n| project DataType = Type, TimeGenerated , SourceIP = LocalIP , SourcePort = LocalPortNumber , DestinationIP = RemoteIP, DestinationPort = RemotePortNumber, ReceivedBytes, SentBytes\n| summarize sum(ReceivedBytes), sum(SentBytes), ConnectionCount = count() by DataType, SourceIP, SourcePort, DestinationIP, DestinationPort\n| extend IPCustomEntity = DestinationIP\n| extend DataType = Type\n| sort by sum_SentBytes desc\n),\n(VMConnection\n| where TimeGenerated between(starttime..endtime)\n| where Direction == \"outbound\"\n| where ipv4_is_private(DestinationIp) == false\n| project DataType = Type, TimeGenerated, SourceIP = SourceIp , DestinationIP = DestinationIp, DestinationPort, ReceivedBytes = BytesReceived, SentBytes = BytesSent\n| summarize sum(ReceivedBytes), sum(SentBytes), ConnectionCount = count() by DataType, SourceIP, DestinationIP, DestinationPort\n| sort by sum_SentBytes desc\n| extend IPCustomEntity = DestinationIP\n)\n);\nDNSIPBreakout | join kind = leftouter (\nDataMovement\n) on $left.DnsIPAddress == $right.DestinationIP and $left.ClientIP == $right.SourceIP\n| project-away DnsIPAddress, ClientIP\n// The below condition can be removed to see all DNS results.\n// This is used here as the goal of the query is to connect rare DNS lookups to a data type that can show byte transfers to that given DestinationIP\n| where isnotempty(DataType)\n| extend timestamp = LookupStartTime, IPCustomEntity = DestinationIP\n",
                        "version": 2,
                        "tags": [
                          {
                            "name": "description",
                            "value": "'This query is designed to help identify rare DNS connections and resulting data transfer to/from the associated domain.\nThis can help identify unexpected large data transfers to or from internal systems which may indicate data exfil or malicious tool download.\nFeel free to add additional data sources to connect DNS results too various network data that has byte transfer information included.'\n"
                          },
                          {
                            "name": "techniques",
                            "value": ""
                          },
                          {
                            "name": "tactics",
                            "value": "CommandAndControl,Exfiltration"
                          }
                        ]
                      }
                    },
                    {
                      "type": "Microsoft.OperationalInsights/workspaces/providers/metadata",
                      "apiVersion": "2021-03-01-preview",
                      "name": "[concat(parameters('workspace'),'/Microsoft.SecurityInsights/',concat('huntingQuery-', '06c52a66-fffe-4d3b-a05a-646ff65b7ec2'))]",
                      "properties": {
                        "description": "'This query is designed to help identify rare DNS connections and resulting data transfer to/from the associated domain.\nThis can help identify unexpected large data transfers to or from internal systems which may indicate data exfil or malicious tool download.\nFeel free to add additional data sources to connect DNS results too various network data that has byte transfer information included.'\n",
                        "contentId": "06c52a66-fffe-4d3b-a05a-646ff65b7ec2",
                        "version": "1.0.0",
                        "source": {
                          "kind": "Community"
                        },
                        "threatAnalysisTactics": [
                          "CommandAndControl",
                          "Exfiltration"
                        ],
                        "threatAnalyticsTechniques": [
                          "T1071",
                          "T1048"
                        ],
                        "parentId": "06c52a66-fffe-4d3b-a05a-646ff65b7ec2",
                        "kind": "HuntingQuery",
                        "dependencies": {
                          "operator": "AND",
                          "criteria": [
                            {
                              "contentId": "DnsEvents",
                              "kind": "DataType"
                            },
                            {
                              "contentId": "CommonSecurityLog",
                              "kind": "DataType"
                            },
                            {
                              "contentId": "WireData",
                              "kind": "DataType"
                            },
                            {
                              "contentId": "VMConnection",
                              "kind": "DataType"
                            }
                          ]
                        }
                      }
                    }
                  ]
                }
              }
            }
          ]
        },
        "contentId": "06c52a66-fffe-4d3b-a05a-646ff65b7ec2",
        "dependencies": {
          "operator": "AND",
          "criteria": [
            {
              "contentId": "06c52a66-fffe-4d3b-a05a-646ff65b7ec2",
              "kind": "HuntingQuery"
            }
          ]
        },
        "description": "'This query is designed to help identify rare DNS connections and resulting data transfer to/from the associated domain.\nThis can help identify unexpected large data transfers to or from internal systems which may indicate data exfil or malicious tool download.\nFeel free to add additional data sources to connect DNS results too various network data that has byte transfer information included.'\n",
        "displayName": "RareDNSLookupWithDataTransfer",
        "source": {
          "kind": "Community"
        },
        "threatAnalysisTactics": [
          "CommandAndControl",
          "Exfiltration"
        ],
        "threatAnalyticsTechniques": [
          "T1071",
          "T1048"
        ],
        "version": "1.0.0"
      },
      "name": "[concat(parameters('workspace'),'/Microsoft.SecurityInsights/', '06c52a66-fffe-4d3b-a05a-646ff65b7ec2')]"
    }
  ]
}