{
  "$schema": "https://schema.management.azure.com/schemas/2019-04-01/deploymentTemplate.json#",
  "parameters": {
    "location": {
      "type": "string",
      "minLength": 1,
      "defaultValue": "[resourceGroup().location]",
      "metadata": {
        "description": "Not used, but needed to pass arm-ttk test `Location-Should-Not-Be-Hardcoded`.  We instead use the `workspace-location` which is derived from the LA workspace"
      }
    },
    "workspace-location": {
      "type": "string",
      "defaultValue": "",
      "metadata": {
        "description": "[concat('Region to deploy solution resources -- separate from location selection',parameters('location'))]"
      }
    },
    "workspace": {
      "defaultValue": "",
      "type": "string",
      "metadata": {
        "description": "Workspace name for Log Analytics where Microsoft Sentinel is setup"
      }
    }
  },
  "variables": {},
  "resources": [
    {
      "type": "Microsoft.OperationalInsights/workspaces/providers/packages",
      "location": "[parameters('workspace-location')]",
      "apiVersion": "2022-08-01",
      "properties": {
        "packageKind": "Standalone",
        "packageItems": {
          "resources": [
            {
              "type": "Microsoft.OperationalInsights/workspaces/providers/contentTemplates",
              "name": "[concat(parameters('workspace'),'/Microsoft.SecurityInsights/', '1a6f998a-b9a4-4030-bd58-6606d66608f9')]",
              "location": "[parameters('workspace-location')]",
              "kind": "shared",
              "apiVersion": "2022-08-01",
              "properties": {
                "contentId": "1a6f998a-b9a4-4030-bd58-6606d66608f9",
                "displayName": "HostExportingMailboxAndRemovingExport[Solarigate]",
                "contentKind": "HuntingQuery",
                "mainTemplate": {
                  "$schema": "https://schema.management.azure.com/schemas/2019-04-01/deploymentTemplate.json#",
                  "contentVersion": "1.0.0",
                  "resources": [
                    {
                      "type": "Microsoft.OperationalInsights/savedSearches",
                      "apiVersion": "2020-08-01",
                      "name": "1a6f998a-b9a4-4030-bd58-6606d66608f9",
                      "location": "[parameters('workspace-location')]",
                      "properties": {
                        "eTag": "*",
                        "displayName": "HostExportingMailboxAndRemovingExport[Solarigate]",
                        "category": "Hunting Queries",
                        "query": "// Adjust the timeframe to change the window events need to occur within to alert\nlet timeframe = 1h;\nDeviceProcessEvents\n  | where FileName  in~ (\"powershell.exe\", \"cmd.exe\")\n  | where ProcessCommandLine  contains 'New-MailboxExportRequest'\n  | project-rename NewMailBoxExpCmd = ProcessCommandLine  \n  | summarize by DeviceName , timekey = bin(Timestamp, timeframe), NewMailBoxExpCmd, AccountName \n  | join kind=inner (DeviceProcessEvents\n  | where FileName in~ (\"powershell.exe\", \"cmd.exe\")\n  | where ProcessCommandLine contains 'Remove-MailboxExportRequest'\n  | project-rename RemoveMailBoxExpCmd = ProcessCommandLine\n  | summarize by DeviceName, timekey = bin(Timestamp, timeframe), RemoveMailBoxExpCmd, AccountName) on DeviceName, timekey, AccountName\n  | extend commands = pack_array(NewMailBoxExpCmd, RemoveMailBoxExpCmd)  \n  | summarize by timekey, DeviceName, tostring(commands), AccountName\n  | project-reorder timekey, DeviceName, AccountName, ['commands']\n  | extend HostCustomEntity = DeviceName, AccountCustomEntity = AccountName\n",
                        "version": 2,
                        "tags": [
                          {
                            "name": "description",
                            "value": "This hunting query looks for hosts exporting a mailbox from an on-prem Exchange server, followed by\nthat same host removing the export within a short time window. This pattern has been observed by attackers\nwhen exfiltrating emails from a target environment. A Mailbox export is unlikely to be a common command run so look for\nactivity from unexpected hosts and accounts.\nReference: https://www.volexity.com/blog/2020/12/14/dark-halo-leverages-solarwinds-compromise-to-breach-organizations/\nQuery insprired by Azure Sentinel detection https://github.com/Azure/Azure-Sentinel/blob/master/Hunting%20Queries/SecurityEvent/HostExportingMailboxAndRemovingExport.yaml\n"
                          },
                          {
                            "name": "tactics",
                            "value": "Collection"
                          }
                        ]
                      }
                    },
                    {
                      "type": "Microsoft.OperationalInsights/workspaces/providers/metadata",
                      "apiVersion": "2021-03-01-preview",
                      "name": "[concat(parameters('workspace'),'/Microsoft.SecurityInsights/',concat('huntingQuery-', '1a6f998a-b9a4-4030-bd58-6606d66608f9'))]",
                      "properties": {
                        "description": "This hunting query looks for hosts exporting a mailbox from an on-prem Exchange server, followed by\nthat same host removing the export within a short time window. This pattern has been observed by attackers\nwhen exfiltrating emails from a target environment. A Mailbox export is unlikely to be a common command run so look for\nactivity from unexpected hosts and accounts.\nReference: https://www.volexity.com/blog/2020/12/14/dark-halo-leverages-solarwinds-compromise-to-breach-organizations/\nQuery insprired by Azure Sentinel detection https://github.com/Azure/Azure-Sentinel/blob/master/Hunting%20Queries/SecurityEvent/HostExportingMailboxAndRemovingExport.yaml\n",
                        "version": "1.0.0",
                        "source": {
                          "kind": "Community"
                        },
                        "threatAnalysisTactics": [
                          "Collection"
                        ],
                        "contentId": "1a6f998a-b9a4-4030-bd58-6606d66608f9",
                        "parentId": "1a6f998a-b9a4-4030-bd58-6606d66608f9",
                        "kind": "HuntingQuery",
                        "dependencies": {
                          "operator": "AND",
                          "criteria": [
                            {
                              "contentId": "DeviceProcessEvents",
                              "kind": "DataType"
                            }
                          ]
                        }
                      }
                    }
                  ]
                }
              }
            }
          ]
        },
        "dependencies": {
          "operator": "AND",
          "criteria": [
            {
              "contentId": "1a6f998a-b9a4-4030-bd58-6606d66608f9",
              "kind": "HuntingQuery"
            }
          ]
        },
        "description": "This hunting query looks for hosts exporting a mailbox from an on-prem Exchange server, followed by\nthat same host removing the export within a short time window. This pattern has been observed by attackers\nwhen exfiltrating emails from a target environment. A Mailbox export is unlikely to be a common command run so look for\nactivity from unexpected hosts and accounts.\nReference: https://www.volexity.com/blog/2020/12/14/dark-halo-leverages-solarwinds-compromise-to-breach-organizations/\nQuery insprired by Azure Sentinel detection https://github.com/Azure/Azure-Sentinel/blob/master/Hunting%20Queries/SecurityEvent/HostExportingMailboxAndRemovingExport.yaml\n",
        "displayName": "HostExportingMailboxAndRemovingExport[Solarigate]",
        "packageId": "1a6f998a-b9a4-4030-bd58-6606d66608f9",
        "source": {
          "kind": "Community"
        },
        "threatAnalysisTactics": [
          "Collection"
        ],
        "version": "1.0.0"
      },
      "name": "[concat(parameters('workspace'),'/Microsoft.SecurityInsights/', '1a6f998a-b9a4-4030-bd58-6606d66608f9')]"
    }
  ]
}