{
  "$schema": "https://schema.management.azure.com/schemas/2019-04-01/deploymentTemplate.json#",
  "parameters": {
    "location": {
      "type": "string",
      "minLength": 1,
      "defaultValue": "[resourceGroup().location]",
      "metadata": {
        "description": "Not used, but needed to pass arm-ttk test `Location-Should-Not-Be-Hardcoded`.  We instead use the `workspace-location` which is derived from the LA workspace"
      }
    },
    "workspace-location": {
      "type": "string",
      "defaultValue": "",
      "metadata": {
        "description": "[concat('Region to deploy solution resources -- separate from location selection',parameters('location'))]"
      }
    },
    "workspace": {
      "defaultValue": "",
      "type": "string",
      "metadata": {
        "description": "Workspace name for Log Analytics where Microsoft Sentinel is setup"
      }
    }
  },
  "variables": {},
  "resources": [
    {
      "type": "Microsoft.OperationalInsights/workspaces/providers/packages",
      "location": "[parameters('workspace-location')]",
      "apiVersion": "2022-08-01",
      "properties": {
        "packageKind": "Standalone",
        "packageItems": {
          "resources": [
            {
              "type": "Microsoft.OperationalInsights/workspaces/providers/contentTemplates",
              "name": "[concat(parameters('workspace'),'/Microsoft.SecurityInsights/', '29752996-e85d-4905-a0e1-a7dcdfcda283')]",
              "location": "[parameters('workspace-location')]",
              "kind": "shared",
              "apiVersion": "2022-08-01",
              "properties": {
                "contentId": "29752996-e85d-4905-a0e1-a7dcdfcda283",
                "displayName": "New domain added to Whitelist",
                "contentKind": "HuntingQuery",
                "mainTemplate": {
                  "$schema": "https://schema.management.azure.com/schemas/2019-04-01/deploymentTemplate.json#",
                  "contentVersion": "1.0.0",
                  "resources": [
                    {
                      "type": "Microsoft.OperationalInsights/savedSearches",
                      "apiVersion": "2020-08-01",
                      "name": "29752996-e85d-4905-a0e1-a7dcdfcda283",
                      "location": "[parameters('workspace-location')]",
                      "properties": {
                        "eTag": "*",
                        "displayName": "New domain added to Whitelist",
                        "category": "Hunting Queries",
                        "query": "\nZoomLogs \n| where Event =~ \"account.settings_updated\"\n| extend NewDomains = columnifexists(\"payload_object_enforce_logon_domains\", \"\")\n| where isnotempty(NewDomains)\n| project TimeGenerated, Event, User, NewDomains\n| extend timestamp = TimeGenerated, AccountCustomEntity = User\n",
                        "version": 2,
                        "tags": [
                          {
                            "name": "description",
                            "value": "'This hunting query identifies new domains added to the domain login whitelist in Zoom.'\n"
                          },
                          {
                            "name": "techniques",
                            "value": ""
                          },
                          {
                            "name": "tactics",
                            "value": "Persistence"
                          }
                        ]
                      }
                    },
                    {
                      "type": "Microsoft.OperationalInsights/workspaces/providers/metadata",
                      "apiVersion": "2021-03-01-preview",
                      "name": "[concat(parameters('workspace'),'/Microsoft.SecurityInsights/',concat('huntingQuery-', '29752996-e85d-4905-a0e1-a7dcdfcda283'))]",
                      "properties": {
                        "description": "'This hunting query identifies new domains added to the domain login whitelist in Zoom.'\n",
                        "version": "1.0.0",
                        "source": {
                          "kind": "Community"
                        },
                        "threatAnalysisTactics": [
                          "Persistence"
                        ],
                        "threatAnalyticsTechniques": [
                          "T1098"
                        ],
                        "contentId": "29752996-e85d-4905-a0e1-a7dcdfcda283",
                        "parentId": "29752996-e85d-4905-a0e1-a7dcdfcda283",
                        "kind": "HuntingQuery"
                      }
                    }
                  ]
                }
              }
            }
          ]
        },
        "dependencies": {
          "operator": "AND",
          "criteria": [
            {
              "contentId": "29752996-e85d-4905-a0e1-a7dcdfcda283",
              "kind": "HuntingQuery"
            }
          ]
        },
        "description": "'This hunting query identifies new domains added to the domain login whitelist in Zoom.'\n",
        "displayName": "New domain added to Whitelist",
        "packageId": "29752996-e85d-4905-a0e1-a7dcdfcda283",
        "source": {
          "kind": "Community"
        },
        "threatAnalysisTactics": [
          "Persistence"
        ],
        "threatAnalyticsTechniques": [
          "T1098"
        ],
        "version": "1.0.0"
      },
      "name": "[concat(parameters('workspace'),'/Microsoft.SecurityInsights/', '29752996-e85d-4905-a0e1-a7dcdfcda283')]"
    }
  ]
}