{
  "$schema": "https://schema.management.azure.com/schemas/2019-04-01/deploymentTemplate.json#",
  "contentVersion": "1.0.0.0",
  "parameters": {
    "location": {
      "type": "string",
      "minLength": 1,
      "defaultValue": "[resourceGroup().location]",
      "metadata": {
        "description": "Not used, but needed to pass arm-ttk test `Location-Should-Not-Be-Hardcoded`.  We instead use the `workspace-location` which is derived from the LA workspace"
      }
    },
    "workspace-location": {
      "type": "string",
      "defaultValue": "",
      "metadata": {
        "description": "[concat('Region to deploy solution resources -- separate from location selection',parameters('location'))]"
      }
    },
    "workspace": {
      "defaultValue": "",
      "type": "string",
      "metadata": {
        "description": "Workspace name for Log Analytics where Microsoft Sentinel is setup"
      }
    }
  },
  "variables": {},
  "resources": [
    {
      "type": "Microsoft.OperationalInsights/workspaces/providers/packages",
      "location": "[parameters('workspace-location')]",
      "apiVersion": "2022-08-01",
      "properties": {
        "packageKind": "Standalone",
        "packageItems": {
          "resources": [
            {
              "type": "Microsoft.OperationalInsights/workspaces/providers/contentTemplates",
              "name": "[concat(parameters('workspace'),'/Microsoft.SecurityInsights/', '155f40c6-610d-497d-85fc-3cf06ec13256')]",
              "location": "[parameters('workspace-location')]",
              "apiVersion": "2022-08-01",
              "properties": {
                "contentId": "155f40c6-610d-497d-85fc-3cf06ec13256",
                "displayName": "Known Phosphorus group domains/IP",
                "contentKind": "AnalyticsRule",
                "mainTemplate": {
                  "$schema": "https://schema.management.azure.com/schemas/2019-04-01/deploymentTemplate.json#",
                  "contentVersion": "1.4.1",
                  "resources": [
                    {
                      "type": "Microsoft.OperationalInsights/workspaces/providers/alertRules",
                      "apiVersion": "2022-04-01-preview",
                      "name": "155f40c6-610d-497d-85fc-3cf06ec13256",
                      "kind": "Scheduled",
                      "location": "[parameters('workspace-location')]",
                      "properties": {
                        "description": "Matches domain name IOCs related to Phosphorus group activity with CommonSecurityLog, DnsEvents, OfficeActivity and VMConnection dataTypes.\nReferences: https://blogs.microsoft.com/on-the-issues/2019/03/27/new-steps-to-protect-customers-from-hacking/.",
                        "displayName": "Known Phosphorus group domains/IP",
                        "enabled": false,
                        "query": "\nlet DomainNames = dynamic([\"yahoo-verification.org\",\"support-servics.com\",\"verification-live.com\",\"com-mailbox.com\",\"com-myaccuants.com\",\"notification-accountservice.com\",\n\"accounts-web-mail.com\",\"customer-certificate.com\",\"session-users-activities.com\",\"user-profile-credentials.com\",\"verify-linke.com\",\"support-servics.net\",\"verify-linkedin.net\", \n\"yahoo-verification.net\",\"yahoo-verify.net\",\"outlook-verify.net\",\"com-users.net\",\"verifiy-account.net\",\"te1egram.net\",\"account-verifiy.net\",\"myaccount-services.net\",\n\"com-identifier-servicelog.name\",\"microsoft-update.bid\",\"outlook-livecom.bid\",\"update-microsoft.bid\",\"documentsfilesharing.cloud\",\"com-microsoftonline.club\",\n\"confirm-session-identifier.info\",\"session-management.info\",\"confirmation-service.info\",\"document-share.info\",\"broadcast-news.info\",\"customize-identity.info\",\"webemail.info\",\n\"com-identifier-servicelog.info\",\"documentsharing.info\",\"notification-accountservice.info\",\"identifier-activities.info\",\"documentofficupdate.info\",\"recoveryusercustomer.info\",\n\"serverbroadcast.info\",\"account-profile-users.info\",\"account-service-management.info\",\"accounts-manager.info\",\"activity-confirmation-service.info\",\"com-accountidentifier.info\",\n\"com-privacy-help.info\",\"com-sessionidentifier.info\",\"com-useraccount.info\",\"confirmation-users-service.info\",\"confirm-identity.info\",\"confirm-session-identification.info\",\n\"continue-session-identifier.info\",\"customer-recovery.info\",\"customers-activities.info\",\"elitemaildelivery.info\",\"email-delivery.info\",\"identify-user-session.info\",\n\"message-serviceprovider.info\",\"notificationapp.info\",\"notification-manager.info\",\"recognized-activity.info\",\"recover-customers-service.info\",\"recovery-session-change.info\",\n\"service-recovery-session.info\",\"service-session-continue.info\",\"session-mail-customers.info\",\"session-managment.info\",\"session-verify-user.info\",\"shop-sellwear.info\",\n\"supportmailservice.info\",\"terms-service-notification.info\",\"user-activity-issues.info\",\"useridentity-confirm.info\",\"users-issue-services.info\",\"verify-user-session.info\",\n\"login-gov.info\",\"notification-signal-agnecy.info\",\"notifications-center.info\",\"identifier-services-sessions.info\",\"customers-manager.info\",\"session-manager.info\",\n\"customer-managers.info\",\"confirmation-recovery-options.info\",\"service-session-confirm.info\",\"session-recovery-options.info\",\"services-session-confirmation.info\",\n\"notification-managers.info\",\"activities-services-notification.info\",\"activities-recovery-options.info\",\"activity-session-recovery.info\",\"customers-services.info\",\n\"sessions-notification.info\",\"download-teamspeak.info\",\"services-issue-notification.info\",\"microsoft-upgrade.mobi\",\"broadcastnews.pro\",\"mobile-messengerplus.network\"]);\nlet IPList = dynamic([\"51.91.200.147\"]);\nlet IPRegex = '[0-9]{1,3}\\\\.[0-9]{1,3}\\\\.[0-9]{1,3}\\\\.[0-9]{1,3}';\n(union isfuzzy=true\n(CommonSecurityLog \n| parse Message with * '(' DNSName ')' * \n| extend MessageIP = extract(IPRegex, 0, Message)\n| extend RequestURLIP = extract(IPRegex, 0, Message)\n| where (isnotempty(SourceIP) and SourceIP in (IPList)) or (isnotempty(DestinationIP) and DestinationIP in (IPList)) \nor (isnotempty(DNSName) and DNSName in~ (DomainNames)) or (isnotempty(DestinationHostName) and DestinationHostName in~ (DomainNames)) or (isnotempty(RequestURL) and (RequestURL has_any (DomainNames) or RequestURLIP in (IPList))) \nor (isnotempty(Message) and MessageIP in (IPList))\n| extend IPMatch = case(SourceIP in (IPList), \"SourceIP\", DestinationIP in (IPList), \"DestinationIP\", MessageIP in (IPList), \"Message\", RequestURLIP in (IPList), \"RequestUrl\", \"NoMatch\") \n| extend timestamp = TimeGenerated , IPCustomEntity = case(IPMatch == \"SourceIP\", SourceIP, IPMatch == \"DestinationIP\", DestinationIP,IPMatch == \"Message\", MessageIP,\nIPMatch == \"RequestUrl\", RequestURLIP,\"NoMatch\"), Account = SourceUserID, Host = DeviceName\n),\n(_Im_Dns (domain_has_any=DomainNames)\n| extend DestinationIPAddress = DnsResponseName, DNSName = DnsQuery, Host = Dvc\n| extend timestamp = TimeGenerated, IPCustomEntity = SrcIpAddr, HostCustomEntity = Host),\n(_Im_Dns (response_has_any_prefix=IPList)\n| extend DestinationIPAddress = DnsResponseName, DNSName = DnsQuery, Host = Dvc\n| extend timestamp = TimeGenerated, IPCustomEntity = SrcIpAddr, HostCustomEntity = Host),\n(_Im_WebSession(url_has_any=DomainNames)\n| extend DestinationIPAddress = DstIpAddr, DNSName = tostring(parse_url(Url)[\"Host\"]), Host = Dvc\n| extend timestamp = TimeGenerated, IPCustomEntity = SrcIpAddr, HostCustomEntity = Host),\n(VMConnection \n| parse RemoteDnsCanonicalNames with * '[\"' DNSName '\"]' *\n| where isnotempty(SourceIp) or isnotempty(DestinationIp) or isnotempty(DNSName)\n| where SourceIp in (IPList) or DestinationIp in (IPList) or DNSName in~ (DomainNames)\n| extend IPMatch = case( SourceIp in (IPList), \"SourceIP\", DestinationIp in (IPList), \"DestinationIP\", \"None\") \n| extend timestamp = TimeGenerated , IPCustomEntity = case(IPMatch == \"SourceIP\", SourceIp, IPMatch == \"DestinationIP\", DestinationIp, \"None\"), Host = Computer),\n(OfficeActivity\n| extend SourceIPAddress = ClientIP, Account = UserId\n| where  SourceIPAddress in (IPList)\n| extend timestamp = TimeGenerated , IPCustomEntity = SourceIPAddress , AccountCustomEntity = Account),\n(AzureDiagnostics \n| where ResourceType == \"AZUREFIREWALLS\"\n| where Category == \"AzureFirewallApplicationRule\"\n| parse msg_s with Protocol 'request from ' SourceHost ':' SourcePort 'to ' DestinationHost ':' DestinationPort '. Action:' Action\n| where isnotempty(DestinationHost)\n| where DestinationHost has_any (DomainNames)  \n| extend DNSName = DestinationHost \n| extend IPCustomEntity = SourceHost \n)\n)\n",
                        "queryFrequency": "P1D",
                        "queryPeriod": "P1D",
                        "severity": "High",
                        "suppressionDuration": "PT1H",
                        "suppressionEnabled": false,
                        "triggerOperator": "GreaterThan",
                        "triggerThreshold": 0,
                        "tactics": [
                          "CommandAndControl"
                        ],
                        "techniques": [
                          "T1071"
                        ],
                        "entityMappings": [
                          {
                            "entityType": "Account",
                            "fieldMappings": [
                              {
                                "columnName": "AccountCustomEntity",
                                "identifier": "FullName"
                              }
                            ]
                          },
                          {
                            "entityType": "Host",
                            "fieldMappings": [
                              {
                                "columnName": "HostCustomEntity",
                                "identifier": "FullName"
                              }
                            ]
                          },
                          {
                            "entityType": "IP",
                            "fieldMappings": [
                              {
                                "columnName": "IPCustomEntity",
                                "identifier": "Address"
                              }
                            ]
                          }
                        ]
                      }
                    },
                    {
                      "type": "Microsoft.OperationalInsights/workspaces/providers/metadata",
                      "apiVersion": "2021-03-01-preview",
                      "properties": {
                        "description": "'Matches domain name IOCs related to Phosphorus group activity with CommonSecurityLog, DnsEvents, OfficeActivity and VMConnection dataTypes.\nReferences: https://blogs.microsoft.com/on-the-issues/2019/03/27/new-steps-to-protect-customers-from-hacking/.'\n",
                        "version": "1.4.1",
                        "author": {
                          "name": "Community"
                        },
                        "support": {
                          "name": "Community",
                          "link": "https://github.com/Azure/Azure-Sentinel/issues",
                          "tier": "Community"
                        },
                        "source": {
                          "kind": "Community",
                          "name": "Standalone"
                        },
                        "threatAnalysisTactics": [
                          "CommandAndControl"
                        ],
                        "threatAnalyticsTechniques": [
                          "T1071"
                        ],
                        "contentId": "155f40c6-610d-497d-85fc-3cf06ec13256",
                        "parentId": "155f40c6-610d-497d-85fc-3cf06ec13256",
                        "kind": "AnalyticsRule",
                        "dependencies": {
                          "operator": "AND",
                          "criteria": [
                            {
                              "contentId": "SquidProxy_CL",
                              "kind": "DataType"
                            },
                            {
                              "contentId": "DnsEvents",
                              "kind": "DataType"
                            },
                            {
                              "contentId": "VMConnection",
                              "kind": "DataType"
                            },
                            {
                              "contentId": "CommonSecurityLog",
                              "kind": "DataType"
                            },
                            {
                              "contentId": "CommonSecurityLog",
                              "kind": "DataType"
                            },
                            {
                              "contentId": "OfficeActivity",
                              "kind": "DataType"
                            },
                            {
                              "contentId": "AzureDiagnostics",
                              "kind": "DataType"
                            },
                            {
                              "contentId": "CommonSecurityLog",
                              "kind": "DataType"
                            },
                            {
                              "contentId": "Syslog",
                              "kind": "DataType"
                            },
                            {
                              "contentId": "GCP_DNS_CL",
                              "kind": "DataType"
                            },
                            {
                              "contentId": "NXLog_DNS_Server_CL",
                              "kind": "DataType"
                            },
                            {
                              "contentId": "Cisco_Umbrella_dns_CL",
                              "kind": "DataType"
                            },
                            {
                              "contentId": "Corelight_CL",
                              "kind": "DataType"
                            }
                          ]
                        }
                      }
                    }
                  ]
                }
              }
            }
          ]
        },
        "author": {
          "name": "Community"
        },
        "dependencies": {
          "operator": "AND",
          "criteria": [
            {
              "contentId": "155f40c6-610d-497d-85fc-3cf06ec13256",
              "kind": "AnalyticsRule"
            }
          ]
        },
        "description": "'Matches domain name IOCs related to Phosphorus group activity with CommonSecurityLog, DnsEvents, OfficeActivity and VMConnection dataTypes.\nReferences: https://blogs.microsoft.com/on-the-issues/2019/03/27/new-steps-to-protect-customers-from-hacking/.'\n",
        "displayName": "Known Phosphorus group domains/IP",
        "packageId": "155f40c6-610d-497d-85fc-3cf06ec13256",
        "source": {
          "kind": "Community",
          "name": "Standalone"
        },
        "support": {
          "name": "Community",
          "link": "https://github.com/Azure/Azure-Sentinel/issues",
          "tier": "Community"
        },
        "threatAnalysisTactics": [
          "CommandAndControl"
        ],
        "threatAnalyticsTechniques": [
          "T1071"
        ],
        "version": "1.4.1"
      },
      "name": "[concat(parameters('workspace'),'/Microsoft.SecurityInsights/', '155f40c6-610d-497d-85fc-3cf06ec13256')]"
    }
  ]
}