{
  "$schema": "https://schema.management.azure.com/schemas/2019-04-01/deploymentTemplate.json#",
  "parameters": {
    "location": {
      "type": "string",
      "minLength": 1,
      "defaultValue": "[resourceGroup().location]",
      "metadata": {
        "description": "Not used, but needed to pass arm-ttk test `Location-Should-Not-Be-Hardcoded`.  We instead use the `workspace-location` which is derived from the LA workspace"
      }
    },
    "workspace-location": {
      "type": "string",
      "defaultValue": "",
      "metadata": {
        "description": "[concat('Region to deploy solution resources -- separate from location selection',parameters('location'))]"
      }
    },
    "workspace": {
      "defaultValue": "",
      "type": "string",
      "metadata": {
        "description": "Workspace name for Log Analytics where Microsoft Sentinel is setup"
      }
    }
  },
  "variables": {},
  "resources": [
    {
      "type": "Microsoft.OperationalInsights/workspaces/providers/packages",
      "location": "[parameters('workspace-location')]",
      "apiVersion": "2022-08-01",
      "properties": {
        "packageKind": "Standalone",
        "packageItems": {
          "resources": [
            {
              "type": "Microsoft.OperationalInsights/workspaces/providers/contentTemplates",
              "name": "[concat(parameters('workspace'),'/Microsoft.SecurityInsights/', '8e267e91-6bda-4b3c-bf68-9f5cbdd103a3')]",
              "location": "[parameters('workspace-location')]",
              "apiVersion": "2022-08-01",
              "properties": {
                "contentId": "8e267e91-6bda-4b3c-bf68-9f5cbdd103a3",
                "displayName": "External User Access Enabled",
                "contentKind": "AnalyticsRule",
                "mainTemplate": {
                  "$schema": "https://schema.management.azure.com/schemas/2019-04-01/deploymentTemplate.json#",
                  "contentVersion": "1.0.1",
                  "resources": [
                    {
                      "type": "Microsoft.OperationalInsights/workspaces/providers/alertRules",
                      "apiVersion": "2022-04-01-preview",
                      "name": "[concat(parameters('workspace'),'/Microsoft.SecurityInsights/', '' )]",
                      "kind": "Scheduled",
                      "location": "[parameters('workspace-location')]",
                      "properties": {
                        "description": "This alerts when the account setting is changed to allow either external domain access or anonymous access to meetings.",
                        "displayName": "External User Access Enabled",
                        "enabled": false,
                        "query": "\nZoomLogs\n| where Event =~ \"account.settings_updated\" \n| extend EnforceLogin = columnifexists(\"payload_object_settings_schedule_meeting_enfore_login_b\", \"\") \n| extend EnforceLoginDomain = columnifexists(\"payload_object_settings_schedule_meeting_enfore_login_b\", \"\") \n| extend GuestAlerts = columnifexists(\"payload_object_settings_in_meeting_alert_guest_join_b\", \"\") \n| where EnforceLogin == 'false' or EnforceLoginDomain == 'false' or GuestAlerts == 'false' \n| extend SettingChanged = case(EnforceLogin == 'false' and EnforceLoginDomain == 'false' and GuestAlerts == 'false', \"All settings changed\", \n                            EnforceLogin == 'false' and EnforceLoginDomain == 'false', \"Enforced Logons and Restricted Domains Changed\", \n                            EnforceLoginDomain == 'false' and GuestAlerts == 'false', \"Enforced Domains Changed\", \n                            EnforceLoginDomain == 'false', \"Enfored Domains Changed\", \n                            GuestAlerts == 'false', \"Guest Join Alerts Changed\", \n                            EnforceLogin == 'false', \"Enforced Logins Changed\", \n                            \"No Changes\")\n| extend timestamp = TimeGenerated, AccountCustomEntity = User\n",
                        "queryFrequency": "P1D",
                        "queryPeriod": "P1D",
                        "severity": "Low",
                        "suppressionDuration": "PT1H",
                        "suppressionEnabled": false,
                        "triggerOperator": "GreaterThan",
                        "triggerThreshold": 0,
                        "tactics": [
                          "CredentialAccess",
                          "Persistence"
                        ],
                        "entityMappings": [
                          {
                            "entityType": "Account",
                            "fieldMappings": [
                              {
                                "columnName": "AccountCustomEntity",
                                "identifier": "FullName"
                              }
                            ]
                          }
                        ]
                      }
                    },
                    {
                      "type": "Microsoft.OperationalInsights/workspaces/providers/metadata",
                      "apiVersion": "2021-03-01-preview",
                      "name": "[concat(parameters('workspace'),'/Microsoft.SecurityInsights/', '')]",
                      "properties": {
                        "description": "'This alerts when the account setting is changed to allow either external domain access or anonymous access to meetings.'\n",
                        "contentId": "8e267e91-6bda-4b3c-bf68-9f5cbdd103a3",
                        "version": "1.0.1",
                        "source": {
                          "kind": "Community"
                        },
                        "threatAnalysisTactics": [
                          "CredentialAccess",
                          "Persistence"
                        ],
                        "threatAnalyticsTechniques": [
                          "T1098",
                          "T1556"
                        ],
                        "parentId": "8e267e91-6bda-4b3c-bf68-9f5cbdd103a3",
                        "kind": "AnalyticsRule"
                      }
                    }
                  ]
                }
              }
            }
          ]
        },
        "contentId": "8e267e91-6bda-4b3c-bf68-9f5cbdd103a3",
        "dependencies": {
          "operator": "AND",
          "criteria": [
            {
              "contentId": "8e267e91-6bda-4b3c-bf68-9f5cbdd103a3",
              "kind": "AnalyticsRule"
            }
          ]
        },
        "description": "'This alerts when the account setting is changed to allow either external domain access or anonymous access to meetings.'\n",
        "displayName": "External User Access Enabled",
        "source": {
          "kind": "Community"
        },
        "threatAnalysisTactics": [
          "CredentialAccess",
          "Persistence"
        ],
        "threatAnalyticsTechniques": [
          "T1098",
          "T1556"
        ],
        "version": "1.0.1"
      },
      "name": "[concat(parameters('workspace'),'/Microsoft.SecurityInsights/', '8e267e91-6bda-4b3c-bf68-9f5cbdd103a3')]"
    }
  ]
}