{
  "$schema": "https://schema.management.azure.com/schemas/2019-04-01/deploymentTemplate.json#",
  "contentVersion": "1.0.1",
  "parameters": {
    "location": {
      "type": "string",
      "minLength": 1,
      "defaultValue": "[resourceGroup().location]",
      "metadata": {
        "description": "Not used, but needed to pass arm-ttk test `Location-Should-Not-Be-Hardcoded`.  We instead use the `workspace-location` which is derived from the LA workspace"
      }
    },
    "workspace": {
      "defaultValue": "",
      "type": "string",
      "metadata": {
        "description": "Workspace name for Log Analytics where Microsoft Sentinel is setup"
      }
    },
    "workspace-location": {
      "type": "string",
      "defaultValue": "",
      "metadata": {
        "description": "[concat('Region to deploy solution resources -- separate from location selection',parameters('location'))]"
      }
    }
  },
  "resources": [
    {
      "type": "Microsoft.OperationalInsights/workspaces/providers/contentTemplates",
      "name": "[concat(parameters('workspace'),'/Microsoft.SecurityInsights/',concat(concat(parameters('workspace'),'-ar-',uniquestring('e9edfe1c-3afd-11ec-8d3d-0242ac130003')),'1.0.1'))]",
      "location": "[parameters('workspace-location')]",
      "apiVersion": "2023-04-01-preview",
      "dependsOn": [
        "[extensionResourceId(resourceId('Microsoft.OperationalInsights/workspaces', parameters('workspace')), 'Microsoft.SecurityInsights/contentPackages', 'azuresentinel.azure-sentinel-solution-apachehttpserver')]"
      ],
      "properties": {
        "contentId": "e9edfe1c-3afd-11ec-8d3d-0242ac130003",
        "displayName": "Apache - Known malicious user agent",
        "contentKind": "AnalyticsRule",
        "mainTemplate": {
          "$schema": "https://schema.management.azure.com/schemas/2019-04-01/deploymentTemplate.json#",
          "contentVersion": "1.0.1",
          "parameters": {},
          "variables": {},
          "resources": [
            {
              "type": "Microsoft.SecurityInsights/AlertRuleTemplates",
              "name": "e9edfe1c-3afd-11ec-8d3d-0242ac130003",
              "apiVersion": "2022-04-01-preview",
              "kind": "Scheduled",
              "location": "[parameters('workspace-location')]",
              "properties": {
                "description": "Detects known malicious user agents",
                "displayName": "Apache - Known malicious user agent",
                "enabled": false,
                "query": "let mal_uas = dynamic(['Metasploit', '360Spider', '404checker', 'AllSubmitter', 'BackDoorBot', 'CATExplorador', 'Nikto', 'havij']);\nApacheHTTPServer\n| where HttpUserAgentOriginal has_any (mal_uas)\n| extend IPCustomEntity = SrcIpAddr\n",
                "queryFrequency": "PT10M",
                "queryPeriod": "PT10M",
                "severity": "High",
                "suppressionDuration": "PT1H",
                "suppressionEnabled": false,
                "triggerOperator": "GreaterThan",
                "triggerThreshold": 0,
                "status": "Available",
                "requiredDataConnectors": [
                  {
                    "connectorId": "ApacheHTTPServer",
                    "dataTypes": [
                      "ApacheHTTPServer"
                    ]
                  }
                ],
                "tactics": [
                  "InitialAccess"
                ],
                "techniques": [
                  "T1190",
                  "T1133"
                ],
                "entityMappings": [
                  {
                    "fieldMappings": [
                      {
                        "identifier": "Address",
                        "columnName": "IPCustomEntity"
                      }
                    ],
                    "entityType": "IP"
                  }
                ]
              }
            },
            {
              "type": "Microsoft.OperationalInsights/workspaces/providers/metadata",
              "apiVersion": "2022-01-01-preview",
              "name": "[concat(parameters('workspace'),'/Microsoft.SecurityInsights/',concat('AnalyticsRule-', last(split(resourceId('Microsoft.SecurityInsights/AlertRuleTemplates', 'e9edfe1c-3afd-11ec-8d3d-0242ac130003'),'/'))))]",
              "properties": {
                "description": "ApacheHTTPServer Analytics Rule 3",
                "parentId": "[resourceId('Microsoft.SecurityInsights/AlertRuleTemplates', 'e9edfe1c-3afd-11ec-8d3d-0242ac130003')]",
                "contentId": "e9edfe1c-3afd-11ec-8d3d-0242ac130003",
                "kind": "AnalyticsRule",
                "version": "1.0.1",
                "source": {
                  "kind": "Solution",
                  "name": "ApacheHTTPServer",
                  "sourceId": "azuresentinel.azure-sentinel-solution-apachehttpserver"
                },
                "author": {
                  "name": "Microsoft",
                  "email": "support@microsoft.com"
                },
                "support": {
                  "name": "Microsoft Corporation",
                  "email": "support@microsoft.com",
                  "tier": "Microsoft",
                  "link": "https://support.microsoft.com"
                }
              }
            }
          ]
        },
        "packageKind": "Solution",
        "packageVersion": "2.0.2",
        "packageName": "Apache Http Server",
        "packageId": "azuresentinel.azure-sentinel-solution-apachehttpserver",
        "contentProductId": "azuresentinel.azure-sentinel-solution-apachehttpse-ar-tfwbxvtdqstme",
        "id": "azuresentinel.azure-sentinel-solution-apachehttpse-ar-tfwbxvtdqstme",
        "contentSchemaVersion": "3.0.0",
        "version": "1.0.1",
        "isDeprecated": false
      }
    },
    {
      "type": "Microsoft.OperationalInsights/workspaces/providers/contentPackages",
      "name": "[concat(parameters('workspace'),'/Microsoft.SecurityInsights/', 'azuresentinel.azure-sentinel-solution-apachehttpserver')]",
      "location": "[parameters('workspace-location')]",
      "apiVersion": "2023-04-01-preview",
      "properties": {
        "version": "2.0.2",
        "kind": "Solution",
        "contentSchemaVersion": "3.0.0",
        "contentId": "azuresentinel.azure-sentinel-solution-apachehttpserver",
        "source": {
          "kind": "Solution",
          "name": "ApacheHTTPServer",
          "sourceId": "azuresentinel.azure-sentinel-solution-apachehttpserver"
        },
        "author": {
          "name": "Microsoft",
          "email": "support@microsoft.com"
        },
        "support": {
          "name": "Microsoft Corporation",
          "email": "support@microsoft.com",
          "tier": "Microsoft",
          "link": "https://support.microsoft.com"
        },
        "dependencies": {
          "operator": "AND",
          "criteria": [
            {
              "kind": "Workbook",
              "contentId": "ApacheHTTPServerWorkbook",
              "version": "1.0.0"
            },
            {
              "kind": "Parser",
              "contentId": "ApacheHTTPServer-Parser",
              "version": "1.0.0"
            },
            {
              "kind": "HuntingQuery",
              "contentId": "afe13b7c-38b8-11ec-8d3d-0242ac130003",
              "version": "1.0.0"
            },
            {
              "kind": "HuntingQuery",
              "contentId": "456ab502-38b8-11ec-8d3d-0242ac130003",
              "version": "1.0.0"
            },
            {
              "kind": "HuntingQuery",
              "contentId": "ae48a600-3ae9-11ec-8d3d-0242ac130003",
              "version": "1.0.0"
            },
            {
              "kind": "HuntingQuery",
              "contentId": "5ce3f2ed-0c81-407f-ae12-6ea00a6d9873",
              "version": "1.0.0"
            },
            {
              "kind": "HuntingQuery",
              "contentId": "4c1a164e-3ae9-11ec-8d3d-0242ac130003",
              "version": "1.0.0"
            },
            {
              "kind": "HuntingQuery",
              "contentId": "d2e85f1a-3ae8-11ec-8d3d-0242ac130003",
              "version": "1.0.0"
            },
            {
              "kind": "HuntingQuery",
              "contentId": "017d1bee-3aea-11ec-8d3d-0242ac130003",
              "version": "1.0.0"
            },
            {
              "kind": "HuntingQuery",
              "contentId": "c21ea046-3ae7-11ec-8d3d-0242ac130003",
              "version": "1.0.0"
            },
            {
              "kind": "HuntingQuery",
              "contentId": "28961fc8-3892-11ec-8d3d-0242ac130003",
              "version": "1.0.0"
            },
            {
              "kind": "HuntingQuery",
              "contentId": "ccdd22c6-3896-11ec-8d3d-0242ac130003",
              "version": "1.0.0"
            },
            {
              "kind": "DataConnector",
              "contentId": "ApacheHTTPServer",
              "version": "1.0.0"
            },
            {
              "kind": "AnalyticsRule",
              "contentId": "767f9dc4-3b01-11ec-8d3d-0242ac130003",
              "version": "1.0.1"
            },
            {
              "kind": "AnalyticsRule",
              "contentId": "54da6a42-3b00-11ec-8d3d-0242ac130003",
              "version": "1.0.1"
            },
            {
              "kind": "AnalyticsRule",
              "contentId": "e9edfe1c-3afd-11ec-8d3d-0242ac130003",
              "version": "1.0.1"
            },
            {
              "kind": "AnalyticsRule",
              "contentId": "15f5a956-3af9-11ec-8d3d-0242ac130003",
              "version": "1.0.1"
            },
            {
              "kind": "AnalyticsRule",
              "contentId": "1bf246a2-3af9-11ec-8d3d-0242ac130003",
              "version": "1.0.1"
            },
            {
              "kind": "AnalyticsRule",
              "contentId": "db5f16f0-3afe-11ec-8d3d-0242ac130003",
              "version": "1.0.1"
            },
            {
              "kind": "AnalyticsRule",
              "contentId": "c5d69e46-3b00-11ec-8d3d-0242ac130003",
              "version": "1.0.0"
            },
            {
              "kind": "AnalyticsRule",
              "contentId": "a0077556-3aff-11ec-8d3d-0242ac130003",
              "version": "1.0.0"
            },
            {
              "kind": "AnalyticsRule",
              "contentId": "14d7e15e-3afb-11ec-8d3d-0242ac130003",
              "version": "1.0.0"
            },
            {
              "kind": "AnalyticsRule",
              "contentId": "d1c52578-3afc-11ec-8d3d-0242ac130003",
              "version": "1.0.0"
            }
          ]
        },
        "firstPublishDate": "2021-10-27",
        "providers": [
          "Apache Software Foundation"
        ],
        "categories": {
          "domains": [
            "IT Operations"
          ]
        },
        "contentKind": "Solution",
        "contentProductId": "azuresentinel.azure-sentinel-solution-apachehttpse-sl-pvnt4j7mo6hyk",
        "id": "azuresentinel.azure-sentinel-solution-apachehttpse-sl-pvnt4j7mo6hyk",
        "displayName": "Apache Http Server",
        "publisherDisplayName": "Microsoft Sentinel, Microsoft Corporation",
        "descriptionHtml": "<p><strong>Note:</strong> <em>There may be <a target=\"_blank\" href=\"https://aka.ms/sentinelsolutionsknownissues\" rel=\"noopener\">known issues</a> pertaining to this Solution, please refer to them before installing.</em></p><p>The Apache HTTP Server data connector provides the capability to ingest <a target=\"_blank\" href=\"http://httpd.apache.org/\" rel=\"noopener\">Apache HTTP Server</a> events into Microsoft Sentinel. Refer to <a target=\"_blank\" href=\"https://httpd.apache.org/docs/2.4/logs.html\" rel=\"noopener\">Apache Logs documentation</a> for more information.</p><p><strong>Underlying Microsoft Technologies used:</strong></p><p>This solution takes a dependency on the following technologies, and some of these dependencies either may be in <a target=\"_blank\" href=\"https://azure.microsoft.com/support/legal/preview-supplemental-terms/\" rel=\"noopener\">Preview</a> state or might result in additional ingestion or operational costs:</p><p>a. <a target=\"_blank\" href=\"https://docs.microsoft.com/azure/azure-monitor/logs/data-collector-api?WT.mc_id=Portal-fx\" rel=\"noopener\">Azure Monitor HTTP Data Collector API</a></p><p><strong>Data Connectors:</strong> 1, <strong>Parsers:</strong> 1, <strong>Workbooks:</strong> 1, <strong>Analytic Rules:</strong> 10, <strong>Hunting Queries:</strong> 10</p><p><a target=\"_blank\" href=\"https://aka.ms/azuresentinel\" rel=\"noopener\">Learn more about Microsoft Sentinel</a> | <a target=\"_blank\" href=\"https://aka.ms/azuresentinelsolutionsdoc\" rel=\"noopener\">Learn more about Solutions</a></p>",
        "icon": "https://store-images.s-microsoft.com/image/apps.29754.ef421d59-bf57-4d7f-9319-09dc6f20d4d9.61b2049f-271b-43db-bb6e-7f785d24b50c.23922661-b55f-45b7-ae1d-db8154b90617",
        "isPreview": false,
        "isDeprecated": false
      }
    }
  ]
}