{
  "$schema": "https://schema.management.azure.com/schemas/2019-04-01/deploymentTemplate.json#",
  "contentVersion": "1.0",
  "parameters": {
    "location": {
      "type": "string",
      "minLength": 1,
      "defaultValue": "[resourceGroup().location]",
      "metadata": {
        "description": "Not used, but needed to pass arm-ttk test `Location-Should-Not-Be-Hardcoded`.  We instead use the `workspace-location` which is derived from the LA workspace"
      }
    },
    "workspace-location": {
      "type": "string",
      "defaultValue": "",
      "metadata": {
        "description": "[concat('Region to deploy solution resources -- separate from location selection',parameters('location'))]"
      }
    },
    "workspace": {
      "defaultValue": "",
      "type": "string",
      "metadata": {
        "description": "Workspace name for Log Analytics where Microsoft Sentinel is setup"
      }
    }
  },
  "resources": [
    {
      "type": "Microsoft.OperationalInsights/workspaces/providers/contentTemplates",
      "apiVersion": "2023-04-01-preview",
      "name": "[concat(parameters('workspace'),'/Microsoft.SecurityInsights/',concat(parameters('workspace'),'-pl-',uniquestring('Sync-Status')))]",
      "location": "[parameters('workspace-location')]",
      "dependsOn": [
        "[extensionResourceId(resourceId('Microsoft.OperationalInsights/workspaces', parameters('workspace')), 'Microsoft.SecurityInsights/contentPackages', 'azuresentinel.azure-sentinel-solution-atlassianjiraaudit')]"
      ],
      "properties": {
        "description": "Sync-Status Playbook with template version 3.0.0",
        "mainTemplate": {
          "$schema": "https://schema.management.azure.com/schemas/2019-04-01/deploymentTemplate.json#",
          "contentVersion": "1.0",
          "parameters": {
            "PlaybookName": {
              "defaultValue": "Sync-Status",
              "type": "string"
            }
          },
          "variables": {
            "AzureSentinelConnectionName": "[[concat('azuresentinel-', parameters('PlaybookName'))]",
            "connection-1": "[[concat('/subscriptions/', subscription().subscriptionId, '/providers/Microsoft.Web/locations/', variables('workspace-location-inline'), '/managedApis/azuresentinel')]",
            "_connection-1": "[[variables('connection-1')]",
            "workspace-location-inline": "[concat('[resourceGroup().locatio', 'n]')]",
            "workspace-name": "[parameters('workspace')]",
            "workspaceResourceId": "[[resourceId('microsoft.OperationalInsights/Workspaces', variables('workspace-name'))]"
          },
          "resources": [
            {
              "type": "Microsoft.Web/connections",
              "apiVersion": "2016-06-01",
              "name": "[[variables('AzureSentinelConnectionName')]",
              "location": "[[variables('workspace-location-inline')]",
              "properties": {
                "displayName": "[[parameters('PlaybookName')]",
                "parameterValueType": "Alternative",
                "api": {
                  "id": "[[variables('_connection-1')]"
                }
              }
            },
            {
              "type": "Microsoft.Logic/workflows",
              "apiVersion": "2017-07-01",
              "name": "[[parameters('PlaybookName')]",
              "location": "[[variables('workspace-location-inline')]",
              "identity": {
                "type": "SystemAssigned"
              },
              "tags": {
                "hidden-SentinelTemplateName": "SyncJIRAStatus",
                "hidden-SentinelTemplateVersion": "1.0",
                "hidden-SentinelWorkspaceId": "[[resourceId('microsoft.OperationalInsights/Workspaces', parameters('workspace'))]"
              },
              "dependsOn": [
                "[[resourceId('Microsoft.Web/connections', variables('AzureSentinelConnectionName'))]"
              ],
              "properties": {
                "state": "Enabled",
                "definition": {
                  "$schema": "https://schema.management.azure.com/providers/Microsoft.Logic/schemas/2016-06-01/workflowdefinition.json#",
                  "contentVersion": "1.0.0.0",
                  "parameters": {
                    "$connections": {
                      "type": "Object"
                    }
                  },
                  "triggers": {
                    "manual": {
                      "type": "Request",
                      "kind": "Http",
                      "inputs": {
                        "schema": {
                          "properties": {
                            "changelog": {
                              "properties": {
                                "maxResults": {
                                  "type": "integer"
                                },
                                "startAt": {
                                  "type": "integer"
                                },
                                "total": {
                                  "type": "integer"
                                }
                              },
                              "type": "object"
                            },
                            "fields": {
                              "properties": {
                                "aggregateprogress": {
                                  "properties": {
                                    "progress": {
                                      "type": "integer"
                                    },
                                    "total": {
                                      "type": "integer"
                                    }
                                  },
                                  "type": "object"
                                },
                                "attachment": {
                                  "items": {
                                    "properties": {
                                      "author": {
                                        "properties": {
                                          "accountId": {
                                            "type": "string"
                                          },
                                          "accountType": {
                                            "type": "string"
                                          },
                                          "active": {
                                            "type": "boolean"
                                          },
                                          "avatarUrls": {
                                            "properties": {
                                              "16x16": {
                                                "type": "string"
                                              },
                                              "24x24": {
                                                "type": "string"
                                              },
                                              "32x32": {
                                                "type": "string"
                                              },
                                              "48x48": {
                                                "type": "string"
                                              }
                                            },
                                            "type": "object"
                                          },
                                          "displayName": {
                                            "type": "string"
                                          },
                                          "self": {
                                            "type": "string"
                                          },
                                          "timeZone": {
                                            "type": "string"
                                          }
                                        },
                                        "type": "object"
                                      },
                                      "content": {
                                        "type": "string"
                                      },
                                      "created": {
                                        "type": "integer"
                                      },
                                      "filename": {
                                        "type": "string"
                                      },
                                      "id": {
                                        "type": "integer"
                                      },
                                      "mimeType": {
                                        "type": "string"
                                      },
                                      "self": {
                                        "type": "string"
                                      },
                                      "size": {
                                        "type": "integer"
                                      }
                                    },
                                    "required": [
                                      "self",
                                      "id",
                                      "filename",
                                      "author",
                                      "created",
                                      "size",
                                      "mimeType",
                                      "content"
                                    ],
                                    "type": "object"
                                  },
                                  "type": "array"
                                },
                                "comment": {
                                  "properties": {
                                    "comments": {
                                      "items": {
                                        "properties": {
                                          "author": {
                                            "properties": {
                                              "accountId": {
                                                "type": "string"
                                              },
                                              "accountType": {
                                                "type": "string"
                                              },
                                              "active": {
                                                "type": "boolean"
                                              },
                                              "avatarUrls": {
                                                "properties": {
                                                  "16x16": {
                                                    "type": "string"
                                                  },
                                                  "24x24": {
                                                    "type": "string"
                                                  },
                                                  "32x32": {
                                                    "type": "string"
                                                  },
                                                  "48x48": {
                                                    "type": "string"
                                                  }
                                                },
                                                "type": "object"
                                              },
                                              "displayName": {
                                                "type": "string"
                                              },
                                              "self": {
                                                "type": "string"
                                              },
                                              "timeZone": {
                                                "type": "string"
                                              }
                                            },
                                            "type": "object"
                                          },
                                          "body": {
                                            "type": "string"
                                          },
                                          "created": {
                                            "type": "integer"
                                          },
                                          "id": {
                                            "type": "integer"
                                          },
                                          "self": {
                                            "type": "string"
                                          },
                                          "updateAuthor": {
                                            "properties": {
                                              "accountId": {
                                                "type": "string"
                                              },
                                              "accountType": {
                                                "type": "string"
                                              },
                                              "active": {
                                                "type": "boolean"
                                              },
                                              "avatarUrls": {
                                                "properties": {
                                                  "16x16": {
                                                    "type": "string"
                                                  },
                                                  "24x24": {
                                                    "type": "string"
                                                  },
                                                  "32x32": {
                                                    "type": "string"
                                                  },
                                                  "48x48": {
                                                    "type": "string"
                                                  }
                                                },
                                                "type": "object"
                                              },
                                              "displayName": {
                                                "type": "string"
                                              },
                                              "self": {
                                                "type": "string"
                                              },
                                              "timeZone": {
                                                "type": "string"
                                              }
                                            },
                                            "type": "object"
                                          },
                                          "updated": {
                                            "type": "integer"
                                          }
                                        },
                                        "required": [
                                          "self",
                                          "id",
                                          "author",
                                          "body",
                                          "renderedBody",
                                          "updateAuthor",
                                          "created",
                                          "updated",
                                          "visibility"
                                        ],
                                        "type": "object"
                                      },
                                      "type": "array"
                                    },
                                    "last": {
                                      "type": "boolean"
                                    },
                                    "maxResults": {
                                      "type": "integer"
                                    },
                                    "startAt": {
                                      "type": "integer"
                                    },
                                    "total": {
                                      "type": "integer"
                                    }
                                  },
                                  "type": "object"
                                },
                                "components": {
                                  "type": "array"
                                },
                                "created": {
                                  "type": "integer"
                                },
                                "creator": {
                                  "properties": {
                                    "accountId": {
                                      "type": "string"
                                    },
                                    "accountType": {
                                      "type": "string"
                                    },
                                    "active": {
                                      "type": "boolean"
                                    },
                                    "avatarUrls": {
                                      "properties": {
                                        "16x16": {
                                          "type": "string"
                                        },
                                        "24x24": {
                                          "type": "string"
                                        },
                                        "32x32": {
                                          "type": "string"
                                        },
                                        "48x48": {
                                          "type": "string"
                                        }
                                      },
                                      "type": "object"
                                    },
                                    "displayName": {
                                      "type": "string"
                                    },
                                    "self": {
                                      "type": "string"
                                    },
                                    "timeZone": {
                                      "type": "string"
                                    }
                                  },
                                  "type": "object"
                                },
                                "customfield_10000": {
                                  "type": "string"
                                },
                                "customfield_10002": {
                                  "items": {
                                    "properties": {
                                      "_links": {
                                        "properties": {
                                          "self": {
                                            "type": "string"
                                          }
                                        },
                                        "type": "object"
                                      },
                                      "id": {
                                        "type": "string"
                                      },
                                      "name": {
                                        "type": "string"
                                      }
                                    },
                                    "required": [
                                      "id",
                                      "name",
                                      "_links"
                                    ],
                                    "type": "object"
                                  },
                                  "type": "array"
                                },
                                "customfield_10003": {
                                  "items": {
                                    "properties": {
                                      "accountId": {
                                        "type": "string"
                                      },
                                      "accountType": {
                                        "type": "string"
                                      },
                                      "active": {
                                        "type": "boolean"
                                      },
                                      "avatarUrls": {
                                        "properties": {
                                          "16x16": {
                                            "type": "string"
                                          },
                                          "24x24": {
                                            "type": "string"
                                          },
                                          "32x32": {
                                            "type": "string"
                                          },
                                          "48x48": {
                                            "type": "string"
                                          }
                                        },
                                        "type": "object"
                                      },
                                      "displayName": {
                                        "type": "string"
                                      },
                                      "self": {
                                        "type": "string"
                                      },
                                      "timeZone": {
                                        "type": "string"
                                      }
                                    },
                                    "required": [
                                      "self",
                                      "accountId",
                                      "avatarUrls",
                                      "displayName",
                                      "active",
                                      "timeZone",
                                      "accountType"
                                    ],
                                    "type": "object"
                                  },
                                  "type": "array"
                                },
                                "customfield_10010": {
                                  "properties": {
                                    "_links": {
                                      "properties": {
                                        "agent": {
                                          "type": "string"
                                        },
                                        "jiraRest": {
                                          "type": "string"
                                        },
                                        "self": {
                                          "type": "string"
                                        },
                                        "web": {
                                          "type": "string"
                                        }
                                      },
                                      "type": "object"
                                    },
                                    "currentStatus": {
                                      "properties": {
                                        "status": {
                                          "type": "string"
                                        },
                                        "statusCategory": {
                                          "type": "string"
                                        },
                                        "statusDate": {
                                          "properties": {
                                            "epochMillis": {
                                              "type": "integer"
                                            },
                                            "friendly": {
                                              "type": "string"
                                            },
                                            "iso8601": {
                                              "type": "string"
                                            },
                                            "jira": {
                                              "type": "string"
                                            }
                                          },
                                          "type": "object"
                                        }
                                      },
                                      "type": "object"
                                    },
                                    "requestType": {
                                      "properties": {
                                        "_expands": {
                                          "items": {
                                            "type": "string"
                                          },
                                          "type": "array"
                                        },
                                        "_links": {
                                          "properties": {
                                            "self": {
                                              "type": "string"
                                            }
                                          },
                                          "type": "object"
                                        },
                                        "description": {
                                          "type": "string"
                                        },
                                        "groupIds": {
                                          "type": "array"
                                        },
                                        "helpText": {
                                          "type": "string"
                                        },
                                        "icon": {
                                          "properties": {
                                            "_links": {
                                              "properties": {
                                                "iconUrls": {
                                                  "properties": {
                                                    "16x16": {
                                                      "type": "string"
                                                    },
                                                    "24x24": {
                                                      "type": "string"
                                                    },
                                                    "32x32": {
                                                      "type": "string"
                                                    },
                                                    "48x48": {
                                                      "type": "string"
                                                    }
                                                  },
                                                  "type": "object"
                                                }
                                              },
                                              "type": "object"
                                            },
                                            "id": {
                                              "type": "string"
                                            }
                                          },
                                          "type": "object"
                                        },
                                        "id": {
                                          "type": "string"
                                        },
                                        "issueTypeId": {
                                          "type": "string"
                                        },
                                        "name": {
                                          "type": "string"
                                        },
                                        "serviceDeskId": {
                                          "type": "string"
                                        }
                                      },
                                      "type": "object"
                                    }
                                  },
                                  "type": "object"
                                },
                                "customfield_10018": {
                                  "properties": {
                                    "hasEpicLinkFieldDependency": {
                                      "type": "boolean"
                                    },
                                    "nonEditableReason": {
                                      "properties": {
                                        "message": {
                                          "type": "string"
                                        },
                                        "reason": {
                                          "type": "string"
                                        }
                                      },
                                      "type": "object"
                                    },
                                    "showField": {
                                      "type": "boolean"
                                    }
                                  },
                                  "type": "object"
                                },
                                "customfield_10019": {
                                  "type": "string"
                                },
                                "customfield_10022": {
                                  "type": "string"
                                },
                                "customfield_10023": {
                                  "type": "string"
                                },
                                "customfield_10024": {
                                  "type": "array"
                                },
                                "customfield_10048": {
                                  "properties": {
                                    "_links": {
                                      "properties": {
                                        "self": {
                                          "type": "string"
                                        }
                                      },
                                      "type": "object"
                                    },
                                    "completedCycles": {
                                      "items": {
                                        "properties": {
                                          "breached": {
                                            "type": "boolean"
                                          },
                                          "elapsedTime": {
                                            "properties": {
                                              "friendly": {
                                                "type": "string"
                                              },
                                              "millis": {
                                                "type": "integer"
                                              }
                                            },
                                            "type": "object"
                                          },
                                          "goalDuration": {
                                            "properties": {
                                              "friendly": {
                                                "type": "string"
                                              },
                                              "millis": {
                                                "type": "integer"
                                              }
                                            },
                                            "type": "object"
                                          },
                                          "remainingTime": {
                                            "properties": {
                                              "friendly": {
                                                "type": "string"
                                              },
                                              "millis": {
                                                "type": "integer"
                                              }
                                            },
                                            "type": "object"
                                          },
                                          "startTime": {
                                            "properties": {
                                              "epochMillis": {
                                                "type": "integer"
                                              },
                                              "friendly": {
                                                "type": "string"
                                              },
                                              "iso8601": {
                                                "type": "string"
                                              },
                                              "jira": {
                                                "type": "string"
                                              }
                                            },
                                            "type": "object"
                                          },
                                          "stopTime": {
                                            "properties": {
                                              "epochMillis": {
                                                "type": "integer"
                                              },
                                              "friendly": {
                                                "type": "string"
                                              },
                                              "iso8601": {
                                                "type": "string"
                                              },
                                              "jira": {
                                                "type": "string"
                                              }
                                            },
                                            "type": "object"
                                          }
                                        },
                                        "required": [
                                          "startTime",
                                          "stopTime",
                                          "breached",
                                          "goalDuration",
                                          "elapsedTime",
                                          "remainingTime"
                                        ],
                                        "type": "object"
                                      },
                                      "type": "array"
                                    },
                                    "id": {
                                      "type": "string"
                                    },
                                    "name": {
                                      "type": "string"
                                    }
                                  },
                                  "type": "object"
                                },
                                "customfield_10051": {
                                  "properties": {
                                    "displayName": {
                                      "type": "string"
                                    },
                                    "languageCode": {
                                      "type": "string"
                                    }
                                  },
                                  "type": "object"
                                },
                                "customfield_10144": {
                                  "type": "string"
                                },
                                "customfield_10145": {
                                  "type": "string"
                                },
                                "customfield_10146": {
                                  "type": "string"
                                },
                                "customfield_10147": {
                                  "properties": {
                                    "id": {
                                      "type": "string"
                                    },
                                    "self": {
                                      "type": "string"
                                    },
                                    "value": {
                                      "type": "string"
                                    }
                                  },
                                  "type": "object"
                                },
                                "customfield_10149": {
                                  "properties": {
                                    "id": {
                                      "type": "string"
                                    },
                                    "self": {
                                      "type": "string"
                                    },
                                    "value": {
                                      "type": "string"
                                    }
                                  },
                                  "type": "object"
                                },
                                "customfield_10154": {
                                  "type": "string"
                                },
                                "customfield_10155": {
                                  "items": {
                                    "properties": {
                                      "id": {
                                        "type": "string"
                                      },
                                      "self": {
                                        "type": "string"
                                      },
                                      "value": {
                                        "type": "string"
                                      }
                                    },
                                    "required": [
                                      "self",
                                      "value",
                                      "id"
                                    ],
                                    "type": "object"
                                  },
                                  "type": "array"
                                },
                                "customfield_10158": {
                                  "type": "string"
                                },
                                "customfield_10162": {
                                  "type": "string"
                                },
                                "customfield_10169": {
                                  "type": "string"
                                },
                                "customfield_10170": {
                                  "type": "string"
                                },
                                "customfield_10172": {
                                  "type": "string"
                                },
                                "customfield_10173": {
                                  "type": "string"
                                },
                                "customfield_10175": {
                                  "type": "string"
                                },
                                "description": {
                                  "type": "string"
                                },
                                "fixVersions": {
                                  "type": "array"
                                },
                                "issuelinks": {
                                  "type": "array"
                                },
                                "issuerestriction": {
                                  "properties": {
                                    "issuerestrictions": {
                                      "type": "object"
                                    },
                                    "shouldDisplay": {
                                      "type": "boolean"
                                    }
                                  },
                                  "type": "object"
                                },
                                "issuetype": {
                                  "properties": {
                                    "description": {
                                      "type": "string"
                                    },
                                    "iconUrl": {
                                      "type": "string"
                                    },
                                    "id": {
                                      "type": "integer"
                                    },
                                    "name": {
                                      "type": "string"
                                    },
                                    "namedValue": {
                                      "type": "string"
                                    },
                                    "self": {
                                      "type": "string"
                                    },
                                    "statuses": {
                                      "type": "array"
                                    },
                                    "subtask": {
                                      "type": "boolean"
                                    }
                                  },
                                  "type": "object"
                                },
                                "labels": {
                                  "type": "array"
                                },
                                "priority": {
                                  "properties": {
                                    "iconUrl": {
                                      "type": "string"
                                    },
                                    "id": {
                                      "type": "integer"
                                    },
                                    "name": {
                                      "type": "string"
                                    },
                                    "namedValue": {
                                      "type": "string"
                                    },
                                    "self": {
                                      "type": "string"
                                    }
                                  },
                                  "type": "object"
                                },
                                "progress": {
                                  "properties": {
                                    "progress": {
                                      "type": "integer"
                                    },
                                    "total": {
                                      "type": "integer"
                                    }
                                  },
                                  "type": "object"
                                },
                                "project": {
                                  "properties": {
                                    "avatarUrls": {
                                      "properties": {
                                        "16x16": {
                                          "type": "string"
                                        },
                                        "24x24": {
                                          "type": "string"
                                        },
                                        "32x32": {
                                          "type": "string"
                                        },
                                        "48x48": {
                                          "type": "string"
                                        }
                                      },
                                      "type": "object"
                                    },
                                    "id": {
                                      "type": "integer"
                                    },
                                    "key": {
                                      "type": "string"
                                    },
                                    "name": {
                                      "type": "string"
                                    },
                                    "projectTypeKey": {
                                      "type": "string"
                                    },
                                    "self": {
                                      "type": "string"
                                    },
                                    "simplified": {
                                      "type": "boolean"
                                    }
                                  },
                                  "type": "object"
                                },
                                "reporter": {
                                  "properties": {
                                    "accountId": {
                                      "type": "string"
                                    },
                                    "accountType": {
                                      "type": "string"
                                    },
                                    "active": {
                                      "type": "boolean"
                                    },
                                    "avatarUrls": {
                                      "properties": {
                                        "16x16": {
                                          "type": "string"
                                        },
                                        "24x24": {
                                          "type": "string"
                                        },
                                        "32x32": {
                                          "type": "string"
                                        },
                                        "48x48": {
                                          "type": "string"
                                        }
                                      },
                                      "type": "object"
                                    },
                                    "displayName": {
                                      "type": "string"
                                    },
                                    "self": {
                                      "type": "string"
                                    },
                                    "timeZone": {
                                      "type": "string"
                                    }
                                  },
                                  "type": "object"
                                },
                                "resolution": {
                                  "properties": {
                                    "description": {
                                      "type": "string"
                                    },
                                    "id": {
                                      "type": "integer"
                                    },
                                    "name": {
                                      "type": "string"
                                    },
                                    "namedValue": {
                                      "type": "string"
                                    },
                                    "self": {
                                      "type": "string"
                                    }
                                  },
                                  "type": "object"
                                },
                                "resolutiondate": {
                                  "type": "integer"
                                },
                                "status": {
                                  "properties": {
                                    "description": {
                                      "type": "string"
                                    },
                                    "iconUrl": {
                                      "type": "string"
                                    },
                                    "id": {
                                      "type": "integer"
                                    },
                                    "name": {
                                      "type": "string"
                                    },
                                    "self": {
                                      "type": "string"
                                    },
                                    "statusCategory": {
                                      "properties": {
                                        "colorName": {
                                          "type": "string"
                                        },
                                        "id": {
                                          "type": "integer"
                                        },
                                        "key": {
                                          "type": "string"
                                        },
                                        "name": {
                                          "type": "string"
                                        },
                                        "self": {
                                          "type": "string"
                                        }
                                      },
                                      "type": "object"
                                    }
                                  },
                                  "type": "object"
                                },
                                "statuscategorychangedate": {
                                  "type": "string"
                                },
                                "subtasks": {
                                  "type": "array"
                                },
                                "summary": {
                                  "type": "string"
                                },
                                "timetracking": {
                                  "properties": {
                                    "originalEstimateSeconds": {
                                      "type": "integer"
                                    },
                                    "remainingEstimateSeconds": {
                                      "type": "integer"
                                    },
                                    "timeSpentSeconds": {
                                      "type": "integer"
                                    }
                                  },
                                  "type": "object"
                                },
                                "updated": {
                                  "type": "integer"
                                },
                                "versions": {
                                  "type": "array"
                                },
                                "votes": {
                                  "properties": {
                                    "hasVoted": {
                                      "type": "boolean"
                                    },
                                    "self": {
                                      "type": "string"
                                    },
                                    "votes": {
                                      "type": "integer"
                                    }
                                  },
                                  "type": "object"
                                },
                                "watches": {
                                  "properties": {
                                    "isWatching": {
                                      "type": "boolean"
                                    },
                                    "self": {
                                      "type": "string"
                                    },
                                    "watchCount": {
                                      "type": "integer"
                                    }
                                  },
                                  "type": "object"
                                },
                                "worklog": {
                                  "properties": {
                                    "last": {
                                      "type": "boolean"
                                    },
                                    "maxResults": {
                                      "type": "integer"
                                    },
                                    "startAt": {
                                      "type": "integer"
                                    },
                                    "total": {
                                      "type": "integer"
                                    },
                                    "worklogs": {
                                      "type": "array"
                                    }
                                  },
                                  "type": "object"
                                },
                                "workratio": {
                                  "type": "integer"
                                }
                              },
                              "type": "object"
                            },
                            "id": {
                              "type": "integer"
                            },
                            "key": {
                              "type": "string"
                            },
                            "self": {
                              "type": "string"
                            }
                          },
                          "type": "object"
                        }
                      }
                    }
                  },
                  "actions": {
                    "Switch": {
                      "cases": {
                        "Case": {
                          "case": "NEW",
                          "actions": {
                            "Update_incident_2": {
                              "type": "ApiConnection",
                              "inputs": {
                                "body": {
                                  "incidentArmId": "@triggerBody()?['fields']?['customfield_10175']",
                                  "status": "New"
                                },
                                "host": {
                                  "connection": {
                                    "name": "@parameters('$connections')['azuresentinel']['connectionId']"
                                  }
                                },
                                "method": "put",
                                "path": "/Incidents"
                              }
                            }
                          }
                        },
                        "Case_2": {
                          "case": "INDETERMINATE",
                          "actions": {
                            "Update_incident_3": {
                              "type": "ApiConnection",
                              "inputs": {
                                "body": {
                                  "incidentArmId": "@triggerBody()?['fields']?['customfield_10175']",
                                  "status": "Active"
                                },
                                "host": {
                                  "connection": {
                                    "name": "@parameters('$connections')['azuresentinel']['connectionId']"
                                  }
                                },
                                "method": "put",
                                "path": "/Incidents"
                              }
                            }
                          }
                        },
                        "Case_3": {
                          "case": "DONE",
                          "actions": {
                            "Update_incident": {
                              "type": "ApiConnection",
                              "inputs": {
                                "body": {
                                  "classification": {
                                    "ClassificationAndReason": "@{triggerBody()?['fields']?['customfield_10147']?['value']}",
                                    "ClassificationReasonText": "@triggerBody()?['fields']?['customfield_10146']"
                                  },
                                  "incidentArmId": "@triggerBody()?['fields']?['customfield_10175']",
                                  "status": "Closed"
                                },
                                "host": {
                                  "connection": {
                                    "name": "@parameters('$connections')['azuresentinel']['connectionId']"
                                  }
                                },
                                "method": "put",
                                "path": "/Incidents"
                              }
                            }
                          }
                        }
                      },
                      "expression": "@triggerBody()?['fields']?['customfield_10010']?['currentStatus']?['statusCategory']",
                      "type": "Switch"
                    }
                  }
                },
                "parameters": {
                  "$connections": {
                    "value": {
                      "azuresentinel": {
                        "connectionId": "[[resourceId('Microsoft.Web/connections', variables('AzureSentinelConnectionName'))]",
                        "connectionName": "[[variables('AzureSentinelConnectionName')]",
                        "id": "[[concat('/subscriptions/', subscription().subscriptionId, '/providers/Microsoft.Web/locations/', variables('workspace-location-inline'), '/managedApis/azuresentinel')]",
                        "connectionProperties": {
                          "authentication": {
                            "type": "ManagedServiceIdentity"
                          }
                        }
                      }
                    }
                  }
                }
              }
            },
            {
              "type": "Microsoft.OperationalInsights/workspaces/providers/metadata",
              "apiVersion": "2022-01-01-preview",
              "name": "[concat(parameters('workspace'),'/Microsoft.SecurityInsights/',concat('Playbook-', last(split(resourceId('Microsoft.Logic/workflows', 'Sync-Status'),'/'))))]",
              "properties": {
                "parentId": "[resourceId('Microsoft.Logic/workflows', 'Sync-Status')]",
                "contentId": "Sync-Status",
                "kind": "Playbook",
                "version": "1.0",
                "source": {
                  "kind": "Solution",
                  "name": "AtlassianJiraAudit",
                  "sourceId": "azuresentinel.azure-sentinel-solution-atlassianjiraaudit"
                },
                "author": {
                  "name": "Microsoft",
                  "email": "support@microsoft.com"
                },
                "support": {
                  "name": "Microsoft Corporation",
                  "email": "support@microsoft.com",
                  "tier": "Microsoft",
                  "link": "https://support.microsoft.com"
                }
              }
            }
          ],
          "metadata": {
            "title": "Sync Jira to Sentinel - Status",
            "description": "This Playbook will sync the status from JIRA to Microsoft Sentinel.",
            "prerequisites": [
              "1. Configure JIRA with for custom fields and automation rule. [Learn more](https://github.com/ThijsLecomte/Azure-Sentinel/tree/master/Playbooks/Sync-IncidentsWithJIRA#2-jira-configuration)",
              "2. After playbook is deployed, grant the playbook permissions on the Key Vault (Secret - Get) and on Microsoft Sentinel workspace (Microsoft Sentinel responder)",
              "Optional: deploy Azure Function to sync comments from Jira to Microsoft Sentinel."
            ],
            "lastUpdateTime": "2022-07-20T00:00:00Z",
            "entities": [
              "Account"
            ],
            "tags": [
              "Sync"
            ],
            "releaseNotes": [
              {
                "version": "1.0.0",
                "title": "Sync Jira to Sentinel - Status",
                "notes": [
                  "Initial version"
                ]
              }
            ]
          }
        },
        "packageKind": "Solution",
        "packageVersion": "3.0.0",
        "packageName": "AtlassianJiraAudit",
        "packageId": "azuresentinel.azure-sentinel-solution-atlassianjiraaudit",
        "contentSchemaVersion": "3.0.0",
        "contentId": "Sync-Status",
        "contentKind": "Playbook",
        "displayName": "Sync-Status",
        "contentProductId": "azuresentinel.azure-sentinel-solution-atlassianjir-pl-jpgoskbhubmem",
        "id": "azuresentinel.azure-sentinel-solution-atlassianjir-pl-jpgoskbhubmem",
        "version": "1.0",
        "isDeprecated": false
      }
    },
    {
      "type": "Microsoft.OperationalInsights/workspaces/providers/contentPackages",
      "apiVersion": "2023-04-01-preview",
      "location": "[parameters('workspace-location')]",
      "properties": {
        "version": "3.0.0",
        "kind": "Solution",
        "contentSchemaVersion": "3.0.0",
        "displayName": "Atlassian Jira Audit",
        "publisherDisplayName": "Microsoft Sentinel, Microsoft Corporation",
        "descriptionHtml": "<p><strong>Note:</strong> Please refer to the following before installing the solution:</p><p>• Review the solution <a target=\"_blank\" href=\"https://github.com/Azure/Azure-Sentinel/tree/master/Solutions/AtlassianJiraAudit/ReleaseNotes.md\" rel=\"noopener\">Release Notes</a></p><p>• There may be <a target=\"_blank\" href=\"https://aka.ms/sentinelsolutionsknownissues\" rel=\"noopener\">known issues</a> pertaining to this Solution, please refer to them before installing.</p><p>The <a target=\"_blank\" href=\"https://www.atlassian.com/software/jira\" rel=\"noopener\">Atlassian Jira</a> Audit solution provides the capability to ingest <a target=\"_blank\" href=\"https://support.atlassian.com/jira-cloud-administration/docs/audit-activities-in-jira-applications/\" rel=\"noopener\">Jira Audit Records</a> events into Microsoft Sentinel through the REST API. Refer to <a target=\"_blank\" href=\"https://developer.atlassian.com/cloud/jira/platform/rest/v3/api-group-audit-records/\" rel=\"noopener\">API documentation</a> for more information.</p><p><strong>Underlying Microsoft Technologies used:</strong></p><p>This solution takes a dependency on the following technologies, and some of these dependencies either may be in <a target=\"_blank\" href=\"https://azure.microsoft.com/support/legal/preview-supplemental-terms/\" rel=\"noopener\">Preview</a> state or might result in additional ingestion or operational costs.</p><p>a. <a target=\"_blank\" href=\"https://docs.microsoft.com/azure/azure-monitor/logs/data-collector-api?WT.mc_id=Portal-fx\" rel=\"noopener\">Azure Monitor HTTP Data Collector API</a></p><p>b.<a target=\"_blank\" href=\"https://azure.microsoft.com/services/functions/#overview\" rel=\"noopener\">Azure Functions</a></p><p><strong>Data Connectors:</strong> 1, <strong>Workbooks:</strong> 1, <strong>Analytic Rules:</strong> 10, <strong>Hunting Queries:</strong> 10, <strong>Playbooks:</strong> 7,<strong>Function App:</strong> 1</p><p><a target=\"_blank\" href=\"https://aka.ms/azuresentinel\" rel=\"noopener\">Learn more about Microsoft Sentinel</a> | <a target=\"_blank\" href=\"https://aka.ms/azuresentinelsolutionsdoc\" rel=\"noopener\">Learn more about Solutions</a></p>",
        "contentKind": "Solution",
        "contentProductId": "azuresentinel.azure-sentinel-solution-atlassianjir-sl-4wc4ipxhtq7ba",
        "id": "azuresentinel.azure-sentinel-solution-atlassianjir-sl-4wc4ipxhtq7ba",
        "icon": "https://store-images.s-microsoft.com/image/apps.50800.46bff4b5-9f45-4dd7-bd1d-8d8b93fcecb3.8de489ef-62ed-4112-9e97-6a8852e191e3.8c75feb8-152b-449e-a512-6013ab4a5e6f",
        "contentId": "azuresentinel.azure-sentinel-solution-atlassianjiraaudit",
        "parentId": "azuresentinel.azure-sentinel-solution-atlassianjiraaudit",
        "source": {
          "kind": "Solution",
          "name": "AtlassianJiraAudit",
          "sourceId": "azuresentinel.azure-sentinel-solution-atlassianjiraaudit"
        },
        "author": {
          "name": "Microsoft",
          "email": "support@microsoft.com"
        },
        "support": {
          "name": "Microsoft Corporation",
          "email": "support@microsoft.com",
          "tier": "Microsoft",
          "link": "https://support.microsoft.com"
        },
        "dependencies": {
          "operator": "AND",
          "criteria": [
            {
              "kind": "Workbook",
              "contentId": "AtlassianJiraAuditWorkbook",
              "version": "1.0.0"
            },
            {
              "kind": "AnalyticsRule",
              "contentId": "5b0cec45-4a91-4f08-bb1b-392427e8f440",
              "version": "1.0.0"
            },
            {
              "kind": "AnalyticsRule",
              "contentId": "b894593a-2b4c-4573-bc47-78715224a6f5",
              "version": "1.0.1"
            },
            {
              "kind": "AnalyticsRule",
              "contentId": "8c90f30f-c612-407c-91a0-c6a6b41ac199",
              "version": "1.0.0"
            },
            {
              "kind": "AnalyticsRule",
              "contentId": "72592618-fa57-45e1-9f01-ca8706a5e3f5",
              "version": "1.0.0"
            },
            {
              "kind": "AnalyticsRule",
              "contentId": "6bf42891-b54d-4b4e-8533-babc5b3ea4c5",
              "version": "1.0.1"
            },
            {
              "kind": "AnalyticsRule",
              "contentId": "fb6a8001-fe87-4177-a8f3-df2302215c4f",
              "version": "1.0.0"
            },
            {
              "kind": "AnalyticsRule",
              "contentId": "943176e8-b979-45c0-8ad3-58ba6cfd41f0",
              "version": "1.0.1"
            },
            {
              "kind": "AnalyticsRule",
              "contentId": "c13ecb19-4317-4d87-9a1c-52660dd44a7d",
              "version": "1.0.0"
            },
            {
              "kind": "AnalyticsRule",
              "contentId": "5d3af0aa-833e-48ed-a29a-8cfd2705c953",
              "version": "1.0.0"
            },
            {
              "kind": "AnalyticsRule",
              "contentId": "398aa0ca-45a2-4f79-bc21-ee583bbb63bc",
              "version": "1.0.0"
            },
            {
              "kind": "HuntingQuery",
              "contentId": "3fdc31f0-a166-4a4d-b861-f3cd262fd4a1",
              "version": "1.0.0"
            },
            {
              "kind": "HuntingQuery",
              "contentId": "aadc0945-a399-47ba-b285-c0c09ee06375",
              "version": "1.0.0"
            },
            {
              "kind": "HuntingQuery",
              "contentId": "103ccb8d-f910-4978-aba7-1ad598db822b",
              "version": "1.0.0"
            },
            {
              "kind": "HuntingQuery",
              "contentId": "e78cb74b-576b-4e35-a46c-8d328b2d4040",
              "version": "1.0.0"
            },
            {
              "kind": "HuntingQuery",
              "contentId": "eb409b8b-0267-4e95-b3a9-ee1a72c32409",
              "version": "1.0.0"
            },
            {
              "kind": "HuntingQuery",
              "contentId": "d208b406-1509-455c-8c7d-7ffe2f893f24",
              "version": "1.0.0"
            },
            {
              "kind": "HuntingQuery",
              "contentId": "3e6ff26d-05dc-4921-9a60-444a0e28cd45",
              "version": "1.0.0"
            },
            {
              "kind": "HuntingQuery",
              "contentId": "d4dd32bb-84a4-4fdc-9118-3039cbabb4f8",
              "version": "1.0.0"
            },
            {
              "kind": "HuntingQuery",
              "contentId": "2265bbd2-7e97-4d69-bdfc-eeb646730d8f",
              "version": "1.0.0"
            },
            {
              "kind": "HuntingQuery",
              "contentId": "2f875fa8-ced3-4059-b453-616dbc6eb276",
              "version": "1.0.0"
            },
            {
              "kind": "DataConnector",
              "contentId": "JiraAuditAPI",
              "version": "1.0.0"
            },
            {
              "kind": "Playbook",
              "contentId": "Create-Jira-Issue-alert-trigger",
              "version": "1.0"
            },
            {
              "kind": "Playbook",
              "contentId": "Create-Jira-Issue-incident-trigger",
              "version": "1.0"
            },
            {
              "kind": "Playbook",
              "contentId": "Jira-CreateAndUpdateIssue",
              "version": "1.0"
            },
            {
              "kind": "Playbook",
              "contentId": "Sync-AssignedUser",
              "version": "1.0"
            },
            {
              "kind": "Playbook",
              "contentId": "Add-JiraLinkComment",
              "version": "1.0"
            },
            {
              "kind": "AzureFunction",
              "contentId": "Sync-CommentsFunctionApp",
              "version": "1.0"
            },
            {
              "kind": "Playbook",
              "contentId": "Sync-Incidents",
              "version": "1.0"
            },
            {
              "kind": "Playbook",
              "contentId": "Sync-Status",
              "version": "1.0"
            }
          ]
        },
        "firstPublishDate": "2022-01-10",
        "providers": [
          "Atlassian"
        ],
        "categories": {
          "domains": [
            "DevOps",
            "Security - Automation (SOAR)"
          ]
        },
        "isPreview": false,
        "isDeprecated": false
      },
      "name": "[concat(parameters('workspace'),'/Microsoft.SecurityInsights/', 'azuresentinel.azure-sentinel-solution-atlassianjiraaudit')]"
    }
  ]
}