{
  "$schema": "https://schema.management.azure.com/schemas/2019-04-01/deploymentTemplate.json#",
  "contentVersion": "1.0.0",
  "parameters": {
    "location": {
      "type": "string",
      "minLength": 1,
      "defaultValue": "[resourceGroup().location]",
      "metadata": {
        "description": "Not used, but needed to pass arm-ttk test `Location-Should-Not-Be-Hardcoded`.  We instead use the `workspace-location` which is derived from the LA workspace"
      }
    },
    "workspace": {
      "defaultValue": "",
      "type": "string",
      "metadata": {
        "description": "Workspace name for Log Analytics where Microsoft Sentinel is setup"
      }
    },
    "workspace-location": {
      "type": "string",
      "defaultValue": "",
      "metadata": {
        "description": "[concat('Region to deploy solution resources -- separate from location selection',parameters('location'))]"
      }
    }
  },
  "resources": [
    {
      "type": "Microsoft.OperationalInsights/workspaces/providers/contentTemplates",
      "name": "[concat(parameters('workspace'),'/Microsoft.SecurityInsights/',concat(concat(parameters('workspace'),'-dc-',uniquestring('JiraAuditAPI')),'1.0.0'))]",
      "location": "[parameters('workspace-location')]",
      "apiVersion": "2023-04-01-preview",
      "dependsOn": [
        "[extensionResourceId(resourceId('Microsoft.OperationalInsights/workspaces', parameters('workspace')), 'Microsoft.SecurityInsights/contentPackages', 'azuresentinel.azure-sentinel-solution-atlassianjiraaudit')]"
      ],
      "properties": {
        "contentId": "JiraAuditAPI",
        "displayName": "Atlassian Jira Audit (using Azure Functions)",
        "contentKind": "DataConnector",
        "mainTemplate": {
          "$schema": "https://schema.management.azure.com/schemas/2019-04-01/deploymentTemplate.json#",
          "contentVersion": "1.0.0",
          "parameters": {},
          "variables": {},
          "resources": [
            {
              "name": "[concat(parameters('workspace'),'/Microsoft.SecurityInsights/','JiraAuditAPI')]",
              "apiVersion": "2021-03-01-preview",
              "type": "Microsoft.OperationalInsights/workspaces/providers/dataConnectors",
              "location": "[parameters('workspace-location')]",
              "kind": "GenericUI",
              "properties": {
                "connectorUiConfig": {
                  "id": "JiraAuditAPI",
                  "title": "Atlassian Jira Audit (using Azure Functions)",
                  "publisher": "Atlassian",
                  "descriptionMarkdown": "The [Atlassian Jira](https://www.atlassian.com/software/jira) Audit data connector provides the capability to ingest [Jira Audit Records](https://support.atlassian.com/jira-cloud-administration/docs/audit-activities-in-jira-applications/) events into Microsoft Sentinel through the REST API. Refer to [API documentation](https://developer.atlassian.com/cloud/jira/platform/rest/v3/api-group-audit-records/) for more information. The connector provides ability to get events which helps to examine potential security risks, analyze your team's use of collaboration, diagnose configuration problems and more.",
                  "additionalRequirementBanner": "These queries and workbooks are dependent on a parser based on Kusto to work as expected. Follow the steps to use this Kusto functions alias **JiraAudit** in queries and workbooks [Follow steps to get this Kusto functions>](https://aka.ms/sentinel-jiraauditapi-parser).",
                  "graphQueries": [
                    {
                      "metricName": "Total data received",
                      "legend": "Jira_Audit_CL",
                      "baseQuery": "Jira_Audit_CL"
                    }
                  ],
                  "sampleQueries": [
                    {
                      "description": "Jira Audit Events - All Activities",
                      "query": "JiraAudit\n | sort by TimeGenerated desc"
                    }
                  ],
                  "dataTypes": [
                    {
                      "name": "Jira_Audit_CL",
                      "lastDataReceivedQuery": "Jira_Audit_CL\n            | summarize Time = max(TimeGenerated)\n            | where isnotempty(Time)"
                    }
                  ],
                  "connectivityCriterias": [
                    {
                      "type": "IsConnectedQuery",
                      "value": [
                        "Jira_Audit_CL\n            | summarize LastLogReceived = max(TimeGenerated)\n            | project IsConnected = LastLogReceived > ago(30d)"
                      ]
                    }
                  ],
                  "availability": {
                    "status": 1,
                    "isPreview": false
                  },
                  "permissions": {
                    "resourceProvider": [
                      {
                        "provider": "Microsoft.OperationalInsights/workspaces",
                        "permissionsDisplayText": "read and write permissions on the workspace are required.",
                        "providerDisplayName": "Workspace",
                        "scope": "Workspace",
                        "requiredPermissions": {
                          "write": true,
                          "read": true,
                          "delete": true
                        }
                      },
                      {
                        "provider": "Microsoft.OperationalInsights/workspaces/sharedKeys",
                        "permissionsDisplayText": "read permissions to shared keys for the workspace are required. [See the documentation to learn more about workspace keys](https://docs.microsoft.com/azure/azure-monitor/platform/agent-windows#obtain-workspace-id-and-key).",
                        "providerDisplayName": "Keys",
                        "scope": "Workspace",
                        "requiredPermissions": {
                          "action": true
                        }
                      }
                    ],
                    "customs": [
                      {
                        "name": "Microsoft.Web/sites permissions",
                        "description": "Read and write permissions to Azure Functions to create a Function App is required. [See the documentation to learn more about Azure Functions](https://docs.microsoft.com/azure/azure-functions/)."
                      },
                      {
                        "name": "REST API Credentials/permissions",
                        "description": "**JiraAccessToken**, **JiraUsername** is required for REST API. [See the documentation to learn more about API](https://developer.atlassian.com/cloud/jira/platform/rest/v3/api-group-audit-records/). Check all [requirements and follow  the instructions](https://developer.atlassian.com/cloud/jira/platform/rest/v3/intro/#authentication) for obtaining credentials."
                      }
                    ]
                  },
                  "instructionSteps": [
                    {
                      "description": ">**NOTE:** This connector uses Azure Functions to connect to the Jira REST API to pull its logs into Microsoft Sentinel. This might result in additional data ingestion costs. Check the [Azure Functions pricing page](https://azure.microsoft.com/pricing/details/functions/) for details."
                    },
                    {
                      "description": ">**(Optional Step)** Securely store workspace and API authorization key(s) or token(s) in Azure Key Vault. Azure Key Vault provides a secure mechanism to store and retrieve key values. [Follow these instructions](https://docs.microsoft.com/azure/app-service/app-service-key-vault-references) to use Azure Key Vault with an Azure Function App."
                    },
                    {
                      "description": ">**NOTE:** This data connector depends on a parser based on a Kusto Function to work as expected. [Follow these steps](https://aka.ms/sentinel-jiraauditapi-parser) to create the Kusto functions alias, **JiraAudit**"
                    },
                    {
                      "description": "**STEP 1 - Configuration steps for the Jira API**\n\n [Follow the instructions](https://developer.atlassian.com/cloud/jira/platform/rest/v3/intro/#authentication) to obtain the credentials. \n"
                    },
                    {
                      "description": "**STEP 2 - Choose ONE from the following two deployment options to deploy the connector and the associated Azure Function**\n\n>**IMPORTANT:** Before deploying the Workspace data connector, have the Workspace ID and Workspace Primary Key (can be copied from the following).",
                      "instructions": [
                        {
                          "parameters": {
                            "fillWith": [
                              "WorkspaceId"
                            ],
                            "label": "Workspace ID"
                          },
                          "type": "CopyableLabel"
                        },
                        {
                          "parameters": {
                            "fillWith": [
                              "PrimaryKey"
                            ],
                            "label": "Primary Key"
                          },
                          "type": "CopyableLabel"
                        }
                      ]
                    },
                    {
                      "description": "Use this method for automated deployment of the Jira Audit data connector using an ARM Tempate.\n\n1. Click the **Deploy to Azure** button below. \n\n\t[![Deploy To Azure](https://aka.ms/deploytoazurebutton)](https://aka.ms/sentineljiraauditazuredeploy)\n2. Select the preferred **Subscription**, **Resource Group** and **Location**. \n> **NOTE:** Within the same resource group, you can't mix Windows and Linux apps in the same region. Select existing resource group without Windows apps in it or create new resource group.\n3. Enter the **JiraAccessToken**, **JiraUsername**, **JiraHomeSiteName** (short site name part, as example HOMESITENAME from https://HOMESITENAME.atlassian.net) and deploy. \n4. Mark the checkbox labeled **I agree to the terms and conditions stated above**. \n5. Click **Purchase** to deploy.",
                      "title": "Option 1 - Azure Resource Manager (ARM) Template"
                    },
                    {
                      "description": "Use the following step-by-step instructions to deploy the Jira Audit data connector manually with Azure Functions (Deployment via Visual Studio Code).",
                      "title": "Option 2 - Manual Deployment of Azure Functions"
                    },
                    {
                      "description": "**1. Deploy a Function App**\n\n> **NOTE:** You will need to [prepare VS code](https://docs.microsoft.com/azure/azure-functions/functions-create-first-function-python#prerequisites) for Azure function development.\n\n1. Download the [Azure Function App](https://aka.ms/sentinel-jiraauditapi-functionapp) file. Extract archive to your local development computer.\n2. Start VS Code. Choose File in the main menu and select Open Folder.\n3. Select the top level folder from extracted files.\n4. Choose the Azure icon in the Activity bar, then in the **Azure: Functions** area, choose the **Deploy to function app** button.\nIf you aren't already signed in, choose the Azure icon in the Activity bar, then in the **Azure: Functions** area, choose **Sign in to Azure**\nIf you're already signed in, go to the next step.\n5. Provide the following information at the prompts:\n\n\ta. **Select folder:** Choose a folder from your workspace or browse to one that contains your function app.\n\n\tb. **Select Subscription:** Choose the subscription to use.\n\n\tc. Select **Create new Function App in Azure** (Don't choose the Advanced option)\n\n\td. **Enter a globally unique name for the function app:** Type a name that is valid in a URL path. The name you type is validated to make sure that it's unique in Azure Functions. (e.g. JiraAuditXXXXX).\n\n\te. **Select a runtime:** Choose Python 3.8.\n\n\tf. Select a location for new resources. For better performance and lower costs choose the same [region](https://azure.microsoft.com/regions/) where Microsoft Sentinel is located.\n\n6. Deployment will begin. A notification is displayed after your function app is created and the deployment package is applied.\n7. Go to Azure Portal for the Function App configuration."
                    },
                    {
                      "description": "**2. Configure the Function App**\n\n1. In the Function App, select the Function App Name and select **Configuration**.\n2. In the **Application settings** tab, select ** New application setting**.\n3. Add each of the following application settings individually, with their respective string values (case-sensitive): \n\t\tJiraUsername\n\t\tJiraAccessToken\n\t\tJiraHomeSiteName\n\t\tWorkspaceID\n\t\tWorkspaceKey\n\t\tlogAnalyticsUri (optional)\n> - Use logAnalyticsUri to override the log analytics API endpoint for dedicated cloud. For example, for public cloud, leave the value empty; for Azure GovUS cloud environment, specify the value in the following format: `https://<CustomerId>.ods.opinsights.azure.us`.\n3. Once all application settings have been entered, click **Save**."
                    }
                  ]
                }
              }
            },
            {
              "type": "Microsoft.OperationalInsights/workspaces/providers/metadata",
              "apiVersion": "2022-01-01-preview",
              "name": "[concat(parameters('workspace'),'/Microsoft.SecurityInsights/',concat('DataConnector-', last(split(extensionResourceId(resourceId('Microsoft.OperationalInsights/workspaces', parameters('workspace')), 'Microsoft.SecurityInsights/dataConnectors', 'JiraAuditAPI'),'/'))))]",
              "properties": {
                "parentId": "[extensionResourceId(resourceId('Microsoft.OperationalInsights/workspaces', parameters('workspace')), 'Microsoft.SecurityInsights/dataConnectors', 'JiraAuditAPI')]",
                "contentId": "JiraAuditAPI",
                "kind": "DataConnector",
                "version": "1.0.0",
                "source": {
                  "kind": "Solution",
                  "name": "AtlassianJiraAudit",
                  "sourceId": "azuresentinel.azure-sentinel-solution-atlassianjiraaudit"
                },
                "author": {
                  "name": "Microsoft",
                  "email": "support@microsoft.com"
                },
                "support": {
                  "name": "Microsoft Corporation",
                  "email": "support@microsoft.com",
                  "tier": "Microsoft",
                  "link": "https://support.microsoft.com"
                }
              }
            }
          ]
        },
        "packageKind": "Solution",
        "packageVersion": "2.0.5",
        "packageName": "Atlassian Jira Audit",
        "packageId": "azuresentinel.azure-sentinel-solution-atlassianjiraaudit",
        "contentProductId": "azuresentinel.azure-sentinel-solution-atlassianjir-dc-rfewvugfxm2za",
        "id": "azuresentinel.azure-sentinel-solution-atlassianjir-dc-rfewvugfxm2za",
        "contentSchemaVersion": "3.0.0",
        "version": "1.0.0",
        "isDeprecated": false
      }
    },
    {
      "type": "Microsoft.OperationalInsights/workspaces/providers/contentPackages",
      "name": "[concat(parameters('workspace'),'/Microsoft.SecurityInsights/', 'azuresentinel.azure-sentinel-solution-atlassianjiraaudit')]",
      "location": "[parameters('workspace-location')]",
      "apiVersion": "2023-04-01-preview",
      "properties": {
        "version": "2.0.5",
        "kind": "Solution",
        "contentSchemaVersion": "3.0.0",
        "contentId": "azuresentinel.azure-sentinel-solution-atlassianjiraaudit",
        "source": {
          "kind": "Solution",
          "name": "AtlassianJiraAudit",
          "sourceId": "azuresentinel.azure-sentinel-solution-atlassianjiraaudit"
        },
        "author": {
          "name": "Microsoft",
          "email": "support@microsoft.com"
        },
        "support": {
          "name": "Microsoft Corporation",
          "email": "support@microsoft.com",
          "tier": "Microsoft",
          "link": "https://support.microsoft.com"
        },
        "dependencies": {
          "operator": "AND",
          "criteria": [
            {
              "kind": "Workbook",
              "contentId": "AtlassianJiraAuditWorkbook",
              "version": "1.0.0"
            },
            {
              "kind": "AnalyticsRule",
              "contentId": "5b0cec45-4a91-4f08-bb1b-392427e8f440",
              "version": "1.0.0"
            },
            {
              "kind": "AnalyticsRule",
              "contentId": "b894593a-2b4c-4573-bc47-78715224a6f5",
              "version": "1.0.1"
            },
            {
              "kind": "AnalyticsRule",
              "contentId": "8c90f30f-c612-407c-91a0-c6a6b41ac199",
              "version": "1.0.0"
            },
            {
              "kind": "AnalyticsRule",
              "contentId": "72592618-fa57-45e1-9f01-ca8706a5e3f5",
              "version": "1.0.0"
            },
            {
              "kind": "AnalyticsRule",
              "contentId": "6bf42891-b54d-4b4e-8533-babc5b3ea4c5",
              "version": "1.0.1"
            },
            {
              "kind": "AnalyticsRule",
              "contentId": "fb6a8001-fe87-4177-a8f3-df2302215c4f",
              "version": "1.0.0"
            },
            {
              "kind": "AnalyticsRule",
              "contentId": "943176e8-b979-45c0-8ad3-58ba6cfd41f0",
              "version": "1.0.1"
            },
            {
              "kind": "AnalyticsRule",
              "contentId": "c13ecb19-4317-4d87-9a1c-52660dd44a7d",
              "version": "1.0.0"
            },
            {
              "kind": "AnalyticsRule",
              "contentId": "5d3af0aa-833e-48ed-a29a-8cfd2705c953",
              "version": "1.0.0"
            },
            {
              "kind": "AnalyticsRule",
              "contentId": "398aa0ca-45a2-4f79-bc21-ee583bbb63bc",
              "version": "1.0.0"
            },
            {
              "kind": "HuntingQuery",
              "contentId": "3fdc31f0-a166-4a4d-b861-f3cd262fd4a1",
              "version": "1.0.0"
            },
            {
              "kind": "HuntingQuery",
              "contentId": "aadc0945-a399-47ba-b285-c0c09ee06375",
              "version": "1.0.0"
            },
            {
              "kind": "HuntingQuery",
              "contentId": "103ccb8d-f910-4978-aba7-1ad598db822b",
              "version": "1.0.0"
            },
            {
              "kind": "HuntingQuery",
              "contentId": "e78cb74b-576b-4e35-a46c-8d328b2d4040",
              "version": "1.0.0"
            },
            {
              "kind": "HuntingQuery",
              "contentId": "eb409b8b-0267-4e95-b3a9-ee1a72c32409",
              "version": "1.0.0"
            },
            {
              "kind": "HuntingQuery",
              "contentId": "d208b406-1509-455c-8c7d-7ffe2f893f24",
              "version": "1.0.0"
            },
            {
              "kind": "HuntingQuery",
              "contentId": "3e6ff26d-05dc-4921-9a60-444a0e28cd45",
              "version": "1.0.0"
            },
            {
              "kind": "HuntingQuery",
              "contentId": "d4dd32bb-84a4-4fdc-9118-3039cbabb4f8",
              "version": "1.0.0"
            },
            {
              "kind": "HuntingQuery",
              "contentId": "2265bbd2-7e97-4d69-bdfc-eeb646730d8f",
              "version": "1.0.0"
            },
            {
              "kind": "HuntingQuery",
              "contentId": "2f875fa8-ced3-4059-b453-616dbc6eb276",
              "version": "1.0.0"
            },
            {
              "kind": "DataConnector",
              "contentId": "JiraAuditAPI",
              "version": "1.0.0"
            },
            {
              "kind": "Playbook",
              "contentId": "Create-Jira-Issue-alert-trigger",
              "version": "1.0"
            },
            {
              "kind": "Playbook",
              "contentId": "Create-Jira-Issue-incident-trigger",
              "version": "1.0"
            },
            {
              "kind": "Playbook",
              "contentId": "Jira-CreateAndUpdateIssue",
              "version": "1.0"
            },
            {
              "kind": "Playbook",
              "contentId": "Sync-AssignedUser",
              "version": "1.0"
            },
            {
              "kind": "Playbook",
              "contentId": "Add-JiraLinkComment",
              "version": "1.0"
            },
            {
              "kind": "AzureFunction",
              "contentId": "Sync-CommentsFunctionApp",
              "version": "1.0"
            },
            {
              "kind": "Playbook",
              "contentId": "Sync-Incidents",
              "version": "1.0"
            },
            {
              "kind": "Playbook",
              "contentId": "Sync-Status",
              "version": "1.0"
            }
          ]
        },
        "firstPublishDate": "2022-01-10",
        "providers": [
          "Atlassian"
        ],
        "categories": {
          "domains": [
            "DevOps",
            "Security - Automation (SOAR)"
          ]
        },
        "contentKind": "Solution",
        "contentProductId": "azuresentinel.azure-sentinel-solution-atlassianjir-sl-lobt5epdi45ws",
        "id": "azuresentinel.azure-sentinel-solution-atlassianjir-sl-lobt5epdi45ws",
        "displayName": "Atlassian Jira Audit",
        "publisherDisplayName": "Microsoft Sentinel, Microsoft Corporation",
        "descriptionHtml": "<p><strong>Note:</strong> <em>There may be <a target=\"_blank\" href=\"https://aka.ms/sentinelsolutionsknownissues\" rel=\"noopener\">known issues</a> pertaining to this Solution, please refer to them before installing.</em></p><p>The <a target=\"_blank\" href=\"https://www.atlassian.com/software/jira\" rel=\"noopener\">Atlassian Jira</a> Audit solution provides the capability to ingest <a target=\"_blank\" href=\"https://support.atlassian.com/jira-cloud-administration/docs/audit-activities-in-jira-applications/\" rel=\"noopener\">Jira Audit Records</a> events into Microsoft Sentinel through the REST API. Refer to <a target=\"_blank\" href=\"https://developer.atlassian.com/cloud/jira/platform/rest/v3/api-group-audit-records/\" rel=\"noopener\">API documentation</a> for more information.</p><p><strong>Underlying Microsoft Technologies used:</strong></p><p>This solution takes a dependency on the following technologies, and some of these dependencies either may be in <a target=\"_blank\" href=\"https://azure.microsoft.com/support/legal/preview-supplemental-terms/\" rel=\"noopener\">Preview</a> state or might result in additional ingestion or operational costs.</p><p>a. <a target=\"_blank\" href=\"https://docs.microsoft.com/azure/azure-monitor/logs/data-collector-api?WT.mc_id=Portal-fx\" rel=\"noopener\">Azure Monitor HTTP Data Collector API</a></p><p>b.<a target=\"_blank\" href=\"https://azure.microsoft.com/services/functions/#overview\" rel=\"noopener\">Azure Functions</a></p><p><strong>Data Connectors:</strong> 1, <strong>Workbooks:</strong> 1, <strong>Analytic Rules:</strong> 10, <strong>Hunting Queries:</strong> 10, <strong>Playbooks:</strong> 7,<strong>Function App:</strong> 1</p><p><a target=\"_blank\" href=\"https://aka.ms/azuresentinel\" rel=\"noopener\">Learn more about Microsoft Sentinel</a> | <a target=\"_blank\" href=\"https://aka.ms/azuresentinelsolutionsdoc\" rel=\"noopener\">Learn more about Solutions</a></p>",
        "icon": "https://store-images.s-microsoft.com/image/apps.50800.46bff4b5-9f45-4dd7-bd1d-8d8b93fcecb3.8de489ef-62ed-4112-9e97-6a8852e191e3.8c75feb8-152b-449e-a512-6013ab4a5e6f",
        "isPreview": false,
        "isDeprecated": false
      }
    },
    {
      "name": "[concat(parameters('workspace'),'/Microsoft.SecurityInsights/','JiraAuditAPI')]",
      "apiVersion": "2021-03-01-preview",
      "type": "Microsoft.OperationalInsights/workspaces/providers/dataConnectors",
      "location": "[parameters('workspace-location')]",
      "kind": "GenericUI",
      "properties": {
        "connectorUiConfig": {
          "id": "JiraAuditAPI",
          "title": "Atlassian Jira Audit (using Azure Functions)",
          "publisher": "Atlassian",
          "descriptionMarkdown": "The [Atlassian Jira](https://www.atlassian.com/software/jira) Audit data connector provides the capability to ingest [Jira Audit Records](https://support.atlassian.com/jira-cloud-administration/docs/audit-activities-in-jira-applications/) events into Microsoft Sentinel through the REST API. Refer to [API documentation](https://developer.atlassian.com/cloud/jira/platform/rest/v3/api-group-audit-records/) for more information. The connector provides ability to get events which helps to examine potential security risks, analyze your team's use of collaboration, diagnose configuration problems and more.",
          "additionalRequirementBanner": "These queries and workbooks are dependent on a parser based on Kusto to work as expected. Follow the steps to use this Kusto functions alias **JiraAudit** in queries and workbooks [Follow steps to get this Kusto functions>](https://aka.ms/sentinel-jiraauditapi-parser).",
          "graphQueries": [
            {
              "metricName": "Total data received",
              "legend": "Jira_Audit_CL",
              "baseQuery": "Jira_Audit_CL"
            }
          ],
          "sampleQueries": [
            {
              "description": "Jira Audit Events - All Activities",
              "query": "JiraAudit\n | sort by TimeGenerated desc"
            }
          ],
          "dataTypes": [
            {
              "name": "Jira_Audit_CL",
              "lastDataReceivedQuery": "Jira_Audit_CL\n            | summarize Time = max(TimeGenerated)\n            | where isnotempty(Time)"
            }
          ],
          "connectivityCriterias": [
            {
              "type": "IsConnectedQuery",
              "value": [
                "Jira_Audit_CL\n            | summarize LastLogReceived = max(TimeGenerated)\n            | project IsConnected = LastLogReceived > ago(30d)"
              ]
            }
          ],
          "availability": {
            "status": 1,
            "isPreview": false
          },
          "permissions": {
            "resourceProvider": [
              {
                "provider": "Microsoft.OperationalInsights/workspaces",
                "permissionsDisplayText": "read and write permissions on the workspace are required.",
                "providerDisplayName": "Workspace",
                "scope": "Workspace",
                "requiredPermissions": {
                  "write": true,
                  "read": true,
                  "delete": true
                }
              },
              {
                "provider": "Microsoft.OperationalInsights/workspaces/sharedKeys",
                "permissionsDisplayText": "read permissions to shared keys for the workspace are required. [See the documentation to learn more about workspace keys](https://docs.microsoft.com/azure/azure-monitor/platform/agent-windows#obtain-workspace-id-and-key).",
                "providerDisplayName": "Keys",
                "scope": "Workspace",
                "requiredPermissions": {
                  "action": true
                }
              }
            ],
            "customs": [
              {
                "name": "Microsoft.Web/sites permissions",
                "description": "Read and write permissions to Azure Functions to create a Function App is required. [See the documentation to learn more about Azure Functions](https://docs.microsoft.com/azure/azure-functions/)."
              },
              {
                "name": "REST API Credentials/permissions",
                "description": "**JiraAccessToken**, **JiraUsername** is required for REST API. [See the documentation to learn more about API](https://developer.atlassian.com/cloud/jira/platform/rest/v3/api-group-audit-records/). Check all [requirements and follow  the instructions](https://developer.atlassian.com/cloud/jira/platform/rest/v3/intro/#authentication) for obtaining credentials."
              }
            ]
          },
          "instructionSteps": [
            {
              "description": ">**NOTE:** This connector uses Azure Functions to connect to the Jira REST API to pull its logs into Microsoft Sentinel. This might result in additional data ingestion costs. Check the [Azure Functions pricing page](https://azure.microsoft.com/pricing/details/functions/) for details."
            },
            {
              "description": ">**(Optional Step)** Securely store workspace and API authorization key(s) or token(s) in Azure Key Vault. Azure Key Vault provides a secure mechanism to store and retrieve key values. [Follow these instructions](https://docs.microsoft.com/azure/app-service/app-service-key-vault-references) to use Azure Key Vault with an Azure Function App."
            },
            {
              "description": ">**NOTE:** This data connector depends on a parser based on a Kusto Function to work as expected. [Follow these steps](https://aka.ms/sentinel-jiraauditapi-parser) to create the Kusto functions alias, **JiraAudit**"
            },
            {
              "description": "**STEP 1 - Configuration steps for the Jira API**\n\n [Follow the instructions](https://developer.atlassian.com/cloud/jira/platform/rest/v3/intro/#authentication) to obtain the credentials. \n"
            },
            {
              "description": "**STEP 2 - Choose ONE from the following two deployment options to deploy the connector and the associated Azure Function**\n\n>**IMPORTANT:** Before deploying the Workspace data connector, have the Workspace ID and Workspace Primary Key (can be copied from the following).",
              "instructions": [
                {
                  "parameters": {
                    "fillWith": [
                      "WorkspaceId"
                    ],
                    "label": "Workspace ID"
                  },
                  "type": "CopyableLabel"
                },
                {
                  "parameters": {
                    "fillWith": [
                      "PrimaryKey"
                    ],
                    "label": "Primary Key"
                  },
                  "type": "CopyableLabel"
                }
              ]
            },
            {
              "description": "Use this method for automated deployment of the Jira Audit data connector using an ARM Tempate.\n\n1. Click the **Deploy to Azure** button below. \n\n\t[![Deploy To Azure](https://aka.ms/deploytoazurebutton)](https://aka.ms/sentineljiraauditazuredeploy)\n2. Select the preferred **Subscription**, **Resource Group** and **Location**. \n> **NOTE:** Within the same resource group, you can't mix Windows and Linux apps in the same region. Select existing resource group without Windows apps in it or create new resource group.\n3. Enter the **JiraAccessToken**, **JiraUsername**, **JiraHomeSiteName** (short site name part, as example HOMESITENAME from https://HOMESITENAME.atlassian.net) and deploy. \n4. Mark the checkbox labeled **I agree to the terms and conditions stated above**. \n5. Click **Purchase** to deploy.",
              "title": "Option 1 - Azure Resource Manager (ARM) Template"
            },
            {
              "description": "Use the following step-by-step instructions to deploy the Jira Audit data connector manually with Azure Functions (Deployment via Visual Studio Code).",
              "title": "Option 2 - Manual Deployment of Azure Functions"
            },
            {
              "description": "**1. Deploy a Function App**\n\n> **NOTE:** You will need to [prepare VS code](https://docs.microsoft.com/azure/azure-functions/functions-create-first-function-python#prerequisites) for Azure function development.\n\n1. Download the [Azure Function App](https://aka.ms/sentinel-jiraauditapi-functionapp) file. Extract archive to your local development computer.\n2. Start VS Code. Choose File in the main menu and select Open Folder.\n3. Select the top level folder from extracted files.\n4. Choose the Azure icon in the Activity bar, then in the **Azure: Functions** area, choose the **Deploy to function app** button.\nIf you aren't already signed in, choose the Azure icon in the Activity bar, then in the **Azure: Functions** area, choose **Sign in to Azure**\nIf you're already signed in, go to the next step.\n5. Provide the following information at the prompts:\n\n\ta. **Select folder:** Choose a folder from your workspace or browse to one that contains your function app.\n\n\tb. **Select Subscription:** Choose the subscription to use.\n\n\tc. Select **Create new Function App in Azure** (Don't choose the Advanced option)\n\n\td. **Enter a globally unique name for the function app:** Type a name that is valid in a URL path. The name you type is validated to make sure that it's unique in Azure Functions. (e.g. JiraAuditXXXXX).\n\n\te. **Select a runtime:** Choose Python 3.8.\n\n\tf. Select a location for new resources. For better performance and lower costs choose the same [region](https://azure.microsoft.com/regions/) where Microsoft Sentinel is located.\n\n6. Deployment will begin. A notification is displayed after your function app is created and the deployment package is applied.\n7. Go to Azure Portal for the Function App configuration."
            },
            {
              "description": "**2. Configure the Function App**\n\n1. In the Function App, select the Function App Name and select **Configuration**.\n2. In the **Application settings** tab, select ** New application setting**.\n3. Add each of the following application settings individually, with their respective string values (case-sensitive): \n\t\tJiraUsername\n\t\tJiraAccessToken\n\t\tJiraHomeSiteName\n\t\tWorkspaceID\n\t\tWorkspaceKey\n\t\tlogAnalyticsUri (optional)\n> - Use logAnalyticsUri to override the log analytics API endpoint for dedicated cloud. For example, for public cloud, leave the value empty; for Azure GovUS cloud environment, specify the value in the following format: `https://<CustomerId>.ods.opinsights.azure.us`.\n3. Once all application settings have been entered, click **Save**."
            }
          ]
        }
      }
    },
    {
      "type": "Microsoft.OperationalInsights/workspaces/providers/metadata",
      "apiVersion": "2022-01-01-preview",
      "name": "[concat(parameters('workspace'),'/Microsoft.SecurityInsights/',concat('DataConnector-', last(split(extensionResourceId(resourceId('Microsoft.OperationalInsights/workspaces', parameters('workspace')), 'Microsoft.SecurityInsights/dataConnectors', 'JiraAuditAPI'),'/'))))]",
      "properties": {
        "parentId": "[extensionResourceId(resourceId('Microsoft.OperationalInsights/workspaces', parameters('workspace')), 'Microsoft.SecurityInsights/dataConnectors', 'JiraAuditAPI')]",
        "contentId": "JiraAuditAPI",
        "kind": "DataConnector",
        "version": "1.0.0",
        "source": {
          "kind": "Solution",
          "name": "AtlassianJiraAudit",
          "sourceId": "azuresentinel.azure-sentinel-solution-atlassianjiraaudit"
        },
        "author": {
          "name": "Microsoft",
          "email": "support@microsoft.com"
        },
        "support": {
          "name": "Microsoft Corporation",
          "email": "support@microsoft.com",
          "tier": "Microsoft",
          "link": "https://support.microsoft.com"
        }
      }
    }
  ]
}