{
  "$schema": "https://schema.management.azure.com/schemas/2019-04-01/deploymentTemplate.json#",
  "contentVersion": "1.0.2",
  "parameters": {
    "location": {
      "type": "string",
      "minLength": 1,
      "defaultValue": "[resourceGroup().location]",
      "metadata": {
        "description": "Not used, but needed to pass arm-ttk test `Location-Should-Not-Be-Hardcoded`.  We instead use the `workspace-location` which is derived from the LA workspace"
      }
    },
    "workspace": {
      "defaultValue": "",
      "type": "string",
      "metadata": {
        "description": "Workspace name for Log Analytics where Microsoft Sentinel is setup"
      }
    },
    "workspace-location": {
      "type": "string",
      "defaultValue": "",
      "metadata": {
        "description": "[concat('Region to deploy solution resources -- separate from location selection',parameters('location'))]"
      }
    }
  },
  "resources": [
    {
      "type": "Microsoft.OperationalInsights/workspaces/providers/contentTemplates",
      "name": "[concat(parameters('workspace'),'/Microsoft.SecurityInsights/',concat(concat(parameters('workspace'),'-ar-',uniquestring('4ebbb5c2-8802-11ec-a8a3-0242ac120002')),'1.0.2'))]",
      "location": "[parameters('workspace-location')]",
      "apiVersion": "2023-04-01-preview",
      "dependsOn": [
        "[extensionResourceId(resourceId('Microsoft.OperationalInsights/workspaces', parameters('workspace')), 'Microsoft.SecurityInsights/contentPackages', 'azuresentinel.azure-sentinel-solution-attackertools')]"
      ],
      "properties": {
        "contentId": "4ebbb5c2-8802-11ec-a8a3-0242ac120002",
        "displayName": "Credential Dumping Tools - Service Installation",
        "contentKind": "AnalyticsRule",
        "mainTemplate": {
          "$schema": "https://schema.management.azure.com/schemas/2019-04-01/deploymentTemplate.json#",
          "contentVersion": "1.0.2",
          "parameters": {},
          "variables": {},
          "resources": [
            {
              "type": "Microsoft.SecurityInsights/AlertRuleTemplates",
              "name": "4ebbb5c2-8802-11ec-a8a3-0242ac120002",
              "apiVersion": "2022-04-01-preview",
              "kind": "Scheduled",
              "location": "[parameters('workspace-location')]",
              "properties": {
                "description": "This query detects the installation of a Windows service that contains artifacts from credential dumping tools such as Mimikatz.",
                "displayName": "Credential Dumping Tools - Service Installation",
                "enabled": false,
                "query": "// Enter a reference list of decoy users (usernames) \"Case Sensitive\"\nlet MaliciousServiceArtifacts = dynamic ([\"fgexec\",\"cachedump\",\"mimikatz\",\"mimidrv\",\"wceservice\",\"pwdump\"]);\nEvent\n| where Source == \"Service Control Manager\" and EventID == 7045\n| parse EventData with * 'ServiceName\">' ServiceName \"<\" * 'ImagePath\">' ImagePath \"<\" *\n| where ServiceName has_any (MaliciousServiceArtifacts) or ImagePath has_any (MaliciousServiceArtifacts)\n| parse EventData with * 'AccountName\">' AccountName \"<\" *\n| summarize StartTime = min(TimeGenerated), EndTime = max(TimeGenerated) by EventID, Computer, ServiceName, ImagePath, AccountName\n| extend HostName = split(Computer, '.', 0)[0], DnsDomain = strcat_array(array_slice(split(Computer, '.'), 1, -1), '.')\n",
                "queryFrequency": "PT1H",
                "queryPeriod": "PT1H",
                "severity": "High",
                "suppressionDuration": "PT1H",
                "suppressionEnabled": false,
                "triggerOperator": "GreaterThan",
                "triggerThreshold": 0,
                "status": "Available",
                "requiredDataConnectors": [
                  {
                    "connectorId": "SecurityEvents",
                    "dataTypes": [
                      "Event"
                    ]
                  }
                ],
                "tactics": [
                  "CredentialAccess"
                ],
                "techniques": [
                  "T1003"
                ],
                "entityMappings": [
                  {
                    "entityType": "Account",
                    "fieldMappings": [
                      {
                        "columnName": "AccountName",
                        "identifier": "Name"
                      }
                    ]
                  },
                  {
                    "entityType": "File",
                    "fieldMappings": [
                      {
                        "columnName": "ImagePath",
                        "identifier": "Name"
                      }
                    ]
                  },
                  {
                    "entityType": "Host",
                    "fieldMappings": [
                      {
                        "columnName": "HostName",
                        "identifier": "HostName"
                      },
                      {
                        "columnName": "DnsDomain",
                        "identifier": "DnsDomain"
                      }
                    ]
                  }
                ]
              }
            },
            {
              "type": "Microsoft.OperationalInsights/workspaces/providers/metadata",
              "apiVersion": "2022-01-01-preview",
              "name": "[concat(parameters('workspace'),'/Microsoft.SecurityInsights/',concat('AnalyticsRule-', last(split(resourceId('Microsoft.SecurityInsights/AlertRuleTemplates', '4ebbb5c2-8802-11ec-a8a3-0242ac120002'),'/'))))]",
              "properties": {
                "description": "Attacker Tools Threat Protection Essentials Analytics Rule 2",
                "parentId": "[resourceId('Microsoft.SecurityInsights/AlertRuleTemplates', '4ebbb5c2-8802-11ec-a8a3-0242ac120002')]",
                "contentId": "4ebbb5c2-8802-11ec-a8a3-0242ac120002",
                "kind": "AnalyticsRule",
                "version": "1.0.2",
                "source": {
                  "kind": "Solution",
                  "name": "Attacker Tools Threat Protection Essentials",
                  "sourceId": "azuresentinel.azure-sentinel-solution-attackertools"
                },
                "author": {
                  "name": "Microsoft",
                  "email": "support@microsoft.com"
                },
                "support": {
                  "name": "Microsoft Corporation",
                  "email": "support@microsoft.com",
                  "tier": "Microsoft",
                  "link": "https://support.microsoft.com"
                }
              }
            }
          ]
        },
        "packageKind": "Solution",
        "packageVersion": "2.0.2",
        "packageName": "Attacker Tools Threat Protection Essentials",
        "packageId": "azuresentinel.azure-sentinel-solution-attackertools",
        "contentProductId": "azuresentinel.azure-sentinel-solution-attackertool-ar-7sb6x7sa45lks",
        "id": "azuresentinel.azure-sentinel-solution-attackertool-ar-7sb6x7sa45lks",
        "contentSchemaVersion": "3.0.0",
        "version": "1.0.2",
        "isDeprecated": false
      }
    },
    {
      "type": "Microsoft.OperationalInsights/workspaces/providers/contentPackages",
      "name": "[concat(parameters('workspace'),'/Microsoft.SecurityInsights/', 'azuresentinel.azure-sentinel-solution-attackertools')]",
      "location": "[parameters('workspace-location')]",
      "apiVersion": "2023-04-01-preview",
      "properties": {
        "version": "2.0.2",
        "kind": "Solution",
        "contentSchemaVersion": "3.0.0",
        "contentId": "azuresentinel.azure-sentinel-solution-attackertools",
        "source": {
          "kind": "Solution",
          "name": "Attacker Tools Threat Protection Essentials",
          "sourceId": "azuresentinel.azure-sentinel-solution-attackertools"
        },
        "author": {
          "name": "Microsoft",
          "email": "support@microsoft.com"
        },
        "support": {
          "name": "Microsoft Corporation",
          "email": "support@microsoft.com",
          "tier": "Microsoft",
          "link": "https://support.microsoft.com"
        },
        "dependencies": {
          "operator": "AND",
          "criteria": [
            {
              "kind": "HuntingQuery",
              "contentId": "dde206fc-3f0b-4175-bb5d-42d2aae9d4c9",
              "version": "1.0.1"
            },
            {
              "kind": "HuntingQuery",
              "contentId": "24ae555c-5e33-4b5d-827a-44206e39f6b4",
              "version": "1.0.1"
            },
            {
              "kind": "AnalyticsRule",
              "contentId": "c63ae777-d5e0-4113-8c9a-c2c9d3d09fcd",
              "version": "1.0.3"
            },
            {
              "kind": "AnalyticsRule",
              "contentId": "4ebbb5c2-8802-11ec-a8a3-0242ac120002",
              "version": "1.0.2"
            },
            {
              "kind": "AnalyticsRule",
              "contentId": "32ffb19e-8ed8-40ed-87a0-1adb4746b7c4",
              "version": "1.0.2"
            },
            {
              "kind": "AnalyticsRule",
              "contentId": "ef88eb96-861c-43a0-ab16-f3835a97c928",
              "version": "1.3.1"
            }
          ]
        },
        "firstPublishDate": "2022-11-16",
        "providers": [
          "Microsoft"
        ],
        "categories": {
          "domains": [
            "Security - Threat Protection"
          ]
        },
        "contentKind": "Solution",
        "contentProductId": "azuresentinel.azure-sentinel-solution-attackertool-sl-kgndn7ywk3uke",
        "id": "azuresentinel.azure-sentinel-solution-attackertool-sl-kgndn7ywk3uke",
        "displayName": "Attacker Tools Threat Protection Essentials",
        "publisherDisplayName": "Microsoft Sentinel, Microsoft Corporation",
        "descriptionHtml": "<p><strong>Note:</strong> <em>There may be <a target=\"_blank\" href=\"https://aka.ms/sentinelsolutionsknownissues\" rel=\"noopener\">known issues</a> pertaining to this Solution, please refer to them before installing.</em></p><p>The <strong>Attacker Tools Threat Protection Essentials</strong> solution contains security content that is relevant for detection of tools commonly used by attackers in various campaigns. These tools can be commercial, open-source, built-in or publicly available and have historically been seen used by adversaries in different phases of the ATTACK kill chain.</p><p><strong>Pre-requisites:</strong></p><p>This is a <a target=\"_blank\" href=\"https://learn.microsoft.com/en-us/azure/sentinel/sentinel-solutions-catalog#domain-solutions\" rel=\"noopener\">domain solution</a> and does not include any data connectors. The content in this solution supports the connectors listed below. Install one or more of the listed solutions, to unlock the value provided by this solution.</p><ol><li><p><a target=\"_blank\" href=\"https://ms.portal.azure.com/#create/azuresentinel.azure-sentinel-solution-securityeventsazure-sentinel-solution-securityevents\" rel=\"noopener\">Windows Security Events</a></p></li><li><p><a target=\"_blank\" href=\"https://ms.portal.azure.com/#create/azuresentinel.azure-sentinel-solution-dnsazure-sentinel-solution-dns\" rel=\"noopener\">Windows Server DNS</a></p></li><li><p><a target=\"_blank\" href=\"https://ms.portal.azure.com/#create/azuresentinel.azure-sentinel-solution-windowsforwardedeventsazure-sentinel-solution-windowsforwardedevents\" rel=\"noopener\">Windows Forwarded Events</a></p></li><li><p><a target=\"_blank\" href=\"https://ms.portal.azure.com/#create/azuresentinel.azure-sentinel-solution-azureactivedirectoryazure-sentinel-solution-azureactivedirectory\" rel=\"noopener\">Azure Active Directory</a></p></li></ol><p><strong>Keywords:</strong> attack tools, penetration testing, Impacket, Powercat, Nishang, Cobalt Strike, ADFind, Credential Dumping, PowerShell Empire</p><p><strong>Analytic Rules:</strong> 4, <strong>Hunting Queries:</strong> 2</p><p><a target=\"_blank\" href=\"https://aka.ms/azuresentinel\" rel=\"noopener\">Learn more about Microsoft Sentinel</a> | <a target=\"_blank\" href=\"https://aka.ms/azuresentinelsolutionsdoc\" rel=\"noopener\">Learn more about Solutions</a></p>",
        "icon": "https://store-images.s-microsoft.com/image/apps.33880.8168e919-91a7-4521-94e5-3c430ecc158b.ce4612b5-5616-43c4-92dd-687cda9c83a9.bfed2c49-0f76-4d2b-9e44-cb6a9bd57036",
        "isPreview": false,
        "isDeprecated": false
      }
    }
  ]
}