{
  "$schema": "https://schema.management.azure.com/schemas/2019-04-01/deploymentTemplate.json#",
  "contentVersion": "1.0.0",
  "parameters": {
    "location": {
      "type": "string",
      "minLength": 1,
      "defaultValue": "[resourceGroup().location]",
      "metadata": {
        "description": "Not used, but needed to pass arm-ttk test `Location-Should-Not-Be-Hardcoded`.  We instead use the `workspace-location` which is derived from the LA workspace"
      }
    },
    "workspace": {
      "defaultValue": "",
      "type": "string",
      "metadata": {
        "description": "Workspace name for Log Analytics where Microsoft Sentinel is setup"
      }
    },
    "workspace-location": {
      "type": "string",
      "defaultValue": "",
      "metadata": {
        "description": "[concat('Region to deploy solution resources -- separate from location selection',parameters('location'))]"
      }
    }
  },
  "resources": [
    {
      "type": "Microsoft.OperationalInsights/workspaces/providers/contentTemplates",
      "name": "[concat(parameters('workspace'),'/Microsoft.SecurityInsights/',concat(concat(parameters('workspace'),'-hq-',uniquestring('d214c244-4881-11ec-81d3-0242ac130003')),'1.0.0'))]",
      "location": "[parameters('workspace-location')]",
      "apiVersion": "2023-04-01-preview",
      "dependsOn": [
        "[extensionResourceId(resourceId('Microsoft.OperationalInsights/workspaces', parameters('workspace')), 'Microsoft.SecurityInsights/contentPackages', 'azuresentinel.azure-sentinel-solution-apachetomcat')]"
      ],
      "properties": {
        "contentId": "d214c244-4881-11ec-81d3-0242ac130003",
        "displayName": "Tomcat - Uncommon user agent strings",
        "contentKind": "HuntingQuery",
        "mainTemplate": {
          "$schema": "https://schema.management.azure.com/schemas/2019-04-01/deploymentTemplate.json#",
          "contentVersion": "1.0.0",
          "parameters": {},
          "variables": {},
          "resources": [
            {
              "type": "Microsoft.OperationalInsights/savedSearches",
              "apiVersion": "2020-08-01",
              "name": "Tomcat_Hunting_Query_9",
              "location": "[parameters('workspace-location')]",
              "properties": {
                "eTag": "*",
                "displayName": "Tomcat - Uncommon user agent strings",
                "category": "Hunting Queries",
                "query": "let ua_length = 20;\nTomcatEvent\n| where TimeGenerated > ago(24h)\n| where strlen(HttpUserAgentOriginal) < ua_length\n| extend UrlCustomEntity = HttpUserAgentOriginal\n",
                "version": 2,
                "tags": [
                  {
                    "name": "description",
                    "value": "Query searches uncommon user agent strings."
                  },
                  {
                    "name": "tactics",
                    "value": "InitialAccess"
                  },
                  {
                    "name": "techniques",
                    "value": "T1190,T1133"
                  }
                ]
              }
            },
            {
              "type": "Microsoft.OperationalInsights/workspaces/providers/metadata",
              "apiVersion": "2022-01-01-preview",
              "name": "[concat(parameters('workspace'),'/Microsoft.SecurityInsights/',concat('HuntingQuery-', last(split(resourceId('Microsoft.OperationalInsights/savedSearches', 'd214c244-4881-11ec-81d3-0242ac130003'),'/'))))]",
              "properties": {
                "description": "Tomcat Hunting Query 9",
                "parentId": "[resourceId('Microsoft.OperationalInsights/savedSearches', 'd214c244-4881-11ec-81d3-0242ac130003')]",
                "contentId": "d214c244-4881-11ec-81d3-0242ac130003",
                "kind": "HuntingQuery",
                "version": "1.0.0",
                "source": {
                  "kind": "Solution",
                  "name": "Tomcat",
                  "sourceId": "azuresentinel.azure-sentinel-solution-apachetomcat"
                },
                "author": {
                  "name": "Microsoft",
                  "email": "support@microsoft.com"
                },
                "support": {
                  "name": "Microsoft Corporation",
                  "email": "support@microsoft.com",
                  "tier": "Microsoft",
                  "link": "https://support.microsoft.com"
                }
              }
            }
          ]
        },
        "packageKind": "Solution",
        "packageVersion": "2.0.1",
        "packageName": "Apache Tomcat",
        "packageId": "azuresentinel.azure-sentinel-solution-apachetomcat",
        "contentProductId": "azuresentinel.azure-sentinel-solution-apachetomcat-hq-3b24zthpjmbwc",
        "id": "azuresentinel.azure-sentinel-solution-apachetomcat-hq-3b24zthpjmbwc",
        "contentSchemaVersion": "3.0.0",
        "version": "1.0.0",
        "isDeprecated": false
      }
    },
    {
      "type": "Microsoft.OperationalInsights/workspaces/providers/contentPackages",
      "name": "[concat(parameters('workspace'),'/Microsoft.SecurityInsights/', 'azuresentinel.azure-sentinel-solution-apachetomcat')]",
      "location": "[parameters('workspace-location')]",
      "apiVersion": "2023-04-01-preview",
      "properties": {
        "version": "2.0.1",
        "kind": "Solution",
        "contentSchemaVersion": "3.0.0",
        "contentId": "azuresentinel.azure-sentinel-solution-apachetomcat",
        "source": {
          "kind": "Solution",
          "name": "Tomcat",
          "sourceId": "azuresentinel.azure-sentinel-solution-apachetomcat"
        },
        "author": {
          "name": "Microsoft",
          "email": "support@microsoft.com"
        },
        "support": {
          "name": "Microsoft Corporation",
          "email": "support@microsoft.com",
          "tier": "Microsoft",
          "link": "https://support.microsoft.com"
        },
        "dependencies": {
          "operator": "AND",
          "criteria": [
            {
              "kind": "DataConnector",
              "contentId": "ApacheTomcat",
              "version": "1.0.0"
            },
            {
              "kind": "Parser",
              "contentId": "TomcatEvent-Parser",
              "version": "1.0.0"
            },
            {
              "kind": "Workbook",
              "contentId": "TomcatWorkbook",
              "version": "1.0.0"
            },
            {
              "kind": "AnalyticsRule",
              "contentId": "91f59cea-486f-11ec-81d3-0242ac130003",
              "version": "1.0.0"
            },
            {
              "kind": "AnalyticsRule",
              "contentId": "5e77a818-5825-4ff6-a901-80891c4774d1",
              "version": "1.0.0"
            },
            {
              "kind": "AnalyticsRule",
              "contentId": "4fa66058-4870-11ec-81d3-0242ac130003",
              "version": "1.0.0"
            },
            {
              "kind": "AnalyticsRule",
              "contentId": "7c9a1026-4872-11ec-81d3-0242ac130003",
              "version": "1.0.0"
            },
            {
              "kind": "AnalyticsRule",
              "contentId": "de9df79c-4872-11ec-81d3-0242ac130003",
              "version": "1.0.0"
            },
            {
              "kind": "AnalyticsRule",
              "contentId": "103d5ada-4874-11ec-81d3-0242ac130003",
              "version": "1.0.0"
            },
            {
              "kind": "AnalyticsRule",
              "contentId": "a45dd6ea-4874-11ec-81d3-0242ac130003",
              "version": "1.0.0"
            },
            {
              "kind": "AnalyticsRule",
              "contentId": "0c851bd4-4875-11ec-81d3-0242ac130003",
              "version": "1.0.0"
            },
            {
              "kind": "AnalyticsRule",
              "contentId": "ce84741e-4875-11ec-81d3-0242ac130003",
              "version": "1.0.0"
            },
            {
              "kind": "AnalyticsRule",
              "contentId": "875da588-4875-11ec-81d3-0242ac130003",
              "version": "1.0.0"
            },
            {
              "kind": "HuntingQuery",
              "contentId": "72ae8a54-4879-11ec-81d3-0242ac130003",
              "version": "1.0.0"
            },
            {
              "kind": "HuntingQuery",
              "contentId": "d5e1eb24-487a-11ec-81d3-0242ac130003",
              "version": "1.0.0"
            },
            {
              "kind": "HuntingQuery",
              "contentId": "7be944be-487f-11ec-81d3-0242ac130003",
              "version": "1.0.0"
            },
            {
              "kind": "HuntingQuery",
              "contentId": "c2e8ad40-4880-11ec-81d3-0242ac130003",
              "version": "1.0.0"
            },
            {
              "kind": "HuntingQuery",
              "contentId": "ed6686b4-4880-11ec-81d3-0242ac130003",
              "version": "1.0.0"
            },
            {
              "kind": "HuntingQuery",
              "contentId": "191bd49e-4881-11ec-81d3-0242ac130003",
              "version": "1.0.0"
            },
            {
              "kind": "HuntingQuery",
              "contentId": "60725e58-4881-11ec-81d3-0242ac130003",
              "version": "1.0.0"
            },
            {
              "kind": "HuntingQuery",
              "contentId": "919725a4-4881-11ec-81d3-0242ac130003",
              "version": "1.0.0"
            },
            {
              "kind": "HuntingQuery",
              "contentId": "d214c244-4881-11ec-81d3-0242ac130003",
              "version": "1.0.0"
            },
            {
              "kind": "HuntingQuery",
              "contentId": "033d672c-4882-11ec-81d3-0242ac130003",
              "version": "1.0.0"
            },
            {
              "kind": "HuntingQuery",
              "contentId": "2be563f0-4882-11ec-81d3-0242ac130003",
              "version": "1.0.0"
            }
          ]
        },
        "firstPublishDate": "2022-01-31",
        "providers": [
          "Apache"
        ],
        "categories": {
          "domains": [
            "DevOps",
            "Application"
          ]
        },
        "contentKind": "Solution",
        "contentProductId": "azuresentinel.azure-sentinel-solution-apachetomcat-sl-56hnruxbcbzo6",
        "id": "azuresentinel.azure-sentinel-solution-apachetomcat-sl-56hnruxbcbzo6",
        "displayName": "Apache Tomcat",
        "publisherDisplayName": "Microsoft Sentinel, Microsoft Corporation",
        "descriptionHtml": "<p><strong>Note:</strong> <em>There may be <a target=\"_blank\" href=\"https://aka.ms/sentinelsolutionsknownissues\" rel=\"noopener\">known issues</a> pertaining to this Solution, please refer to them before installing.</em></p><p>The Apache Tomcat Solution provides the capability to ingest <a target=\"_blank\" href=\"http://tomcat.apache.org/\" rel=\"noopener\">Apache Tomcat</a> events into Microsoft Sentinel. Refer to <a target=\"_blank\" href=\"http://tomcat.apache.org/tomcat-10.0-doc/logging.html\" rel=\"noopener\">Apache Tomcat documentation</a> for more information.</p><p><strong>Underlying Microsoft Technologies used:</strong></p><p>This solution takes a dependency on the following technologies, and some of these dependencies either may be in <a target=\"_blank\" href=\"https://azure.microsoft.com/support/legal/preview-supplemental-terms/\" rel=\"noopener\">Preview</a> state or might result in additional ingestion or operational costs:</p><p>a. <a target=\"_blank\" href=\"https://docs.microsoft.com/azure/azure-monitor/logs/data-collector-api?WT.mc_id=Portal-fx\" rel=\"noopener\">Azure Monitor HTTP Data Collector API</a></p><p><strong>Data Connectors:</strong> 1, <strong>Parsers:</strong> 1, <strong>Workbooks:</strong> 1, <strong>Analytic Rules:</strong> 10, <strong>Hunting Queries:</strong> 11</p><p><a target=\"_blank\" href=\"https://aka.ms/azuresentinel\" rel=\"noopener\">Learn more about Microsoft Sentinel</a> | <a target=\"_blank\" href=\"https://aka.ms/azuresentinelsolutionsdoc\" rel=\"noopener\">Learn more about Solutions</a></p>",
        "icon": "https://store-images.s-microsoft.com/image/apps.64133.b742d449-722f-4ae0-bc58-dbea429a2cb0.a0e48b71-a57d-4c6c-a6b3-0213cd94660a.9ae4e5e9-8c69-4af5-a6fc-20db0e67b32f",
        "isPreview": false,
        "isDeprecated": false
      }
    }
  ]
}