{
  "$schema": "https://schema.management.azure.com/schemas/2019-04-01/deploymentTemplate.json#",
  "contentVersion": "1.0.2",
  "parameters": {
    "location": {
      "type": "string",
      "minLength": 1,
      "defaultValue": "[resourceGroup().location]",
      "metadata": {
        "description": "Not used, but needed to pass arm-ttk test `Location-Should-Not-Be-Hardcoded`.  We instead use the `workspace-location` which is derived from the LA workspace"
      }
    },
    "workspace": {
      "defaultValue": "",
      "type": "string",
      "metadata": {
        "description": "Workspace name for Log Analytics where Microsoft Sentinel is setup"
      }
    },
    "workspace-location": {
      "type": "string",
      "defaultValue": "",
      "metadata": {
        "description": "[concat('Region to deploy solution resources -- separate from location selection',parameters('location'))]"
      }
    }
  },
  "resources": [
    {
      "type": "Microsoft.OperationalInsights/workspaces/providers/contentTemplates",
      "name": "[concat(parameters('workspace'),'/Microsoft.SecurityInsights/',concat(concat(parameters('workspace'),'-ar-',uniquestring('32ffb19e-8ed8-40ed-87a0-1adb4746b7c4')),'1.0.2'))]",
      "location": "[parameters('workspace-location')]",
      "apiVersion": "2023-04-01-preview",
      "dependsOn": [
        "[extensionResourceId(resourceId('Microsoft.OperationalInsights/workspaces', parameters('workspace')), 'Microsoft.SecurityInsights/contentPackages', 'azuresentinel.azure-sentinel-solution-attackertools')]"
      ],
      "properties": {
        "contentId": "32ffb19e-8ed8-40ed-87a0-1adb4746b7c4",
        "displayName": "Credential Dumping Tools - File Artifacts",
        "contentKind": "AnalyticsRule",
        "mainTemplate": {
          "$schema": "https://schema.management.azure.com/schemas/2019-04-01/deploymentTemplate.json#",
          "contentVersion": "1.0.2",
          "parameters": {},
          "variables": {},
          "resources": [
            {
              "type": "Microsoft.SecurityInsights/AlertRuleTemplates",
              "name": "32ffb19e-8ed8-40ed-87a0-1adb4746b7c4",
              "apiVersion": "2022-04-01-preview",
              "kind": "Scheduled",
              "location": "[parameters('workspace-location')]",
              "properties": {
                "description": "This query detects the creation of credential dumping tools files. Several credential dumping tools export files with hardcoded file names.\nRef: https://jpcertcc.github.io/ToolAnalysisResultSheet/",
                "displayName": "Credential Dumping Tools - File Artifacts",
                "enabled": false,
                "query": "// Enter a reference list of malicious file artifacts\nlet MaliciousFileArtifacts = dynamic ([\"lsass.dmp\",\"test.pwd\",\"lsremora.dll\",\"lsremora64.dll\",\"fgexec.exe\",\"pwdump\",\"kirbi\",\"wce_ccache\",\"wce_krbtkts\",\"wceaux.dll\",\"PwHashes\",\"SAM.out\",\"SECURITY.out\",\"SYSTEM.out\",\"NTDS.out\" \"DumpExt.dll\",\"DumpSvc.exe\",\"cachedump64.exe\",\"cachedump.exe\",\"pstgdump.exe\",\"servpw64.exe\",\"servpw.exe\",\"pwdump.exe\",\"fgdump-log\"]);\nEvent\n| where EventLog == \"Microsoft-Windows-Sysmon/Operational\" and EventID==11\n| parse EventData with * 'TargetFilename\">' TargetFilename \"<\" *\n| where TargetFilename has_any (MaliciousFileArtifacts)\n| parse EventData with * 'ProcessGuid\">' ProcessGuid \"<\" * 'Image\">' Image \"<\" *\n| summarize StartTime = min(TimeGenerated), EndTime = max(TimeGenerated) by EventID, Computer, Image, ProcessGuid, TargetFilename\n| extend HostName = split(Computer, '.', 0)[0], DnsDomain = strcat_array(array_slice(split(Computer, '.'), 1, -1), '.')\n",
                "queryFrequency": "PT1H",
                "queryPeriod": "PT1H",
                "severity": "High",
                "suppressionDuration": "PT1H",
                "suppressionEnabled": false,
                "triggerOperator": "GreaterThan",
                "triggerThreshold": 0,
                "status": "Available",
                "requiredDataConnectors": [
                  {
                    "connectorId": "SecurityEvents",
                    "dataTypes": [
                      "Event"
                    ]
                  }
                ],
                "tactics": [
                  "CredentialAccess"
                ],
                "techniques": [
                  "T1003"
                ],
                "entityMappings": [
                  {
                    "entityType": "File",
                    "fieldMappings": [
                      {
                        "columnName": "TargetFilename",
                        "identifier": "Name"
                      }
                    ]
                  },
                  {
                    "entityType": "Host",
                    "fieldMappings": [
                      {
                        "columnName": "HostName",
                        "identifier": "HostName"
                      },
                      {
                        "columnName": "DnsDomain",
                        "identifier": "DnsDomain"
                      }
                    ]
                  },
                  {
                    "entityType": "Process",
                    "fieldMappings": [
                      {
                        "columnName": "Image",
                        "identifier": "CommandLine"
                      }
                    ]
                  }
                ]
              }
            },
            {
              "type": "Microsoft.OperationalInsights/workspaces/providers/metadata",
              "apiVersion": "2022-01-01-preview",
              "name": "[concat(parameters('workspace'),'/Microsoft.SecurityInsights/',concat('AnalyticsRule-', last(split(resourceId('Microsoft.SecurityInsights/AlertRuleTemplates', '32ffb19e-8ed8-40ed-87a0-1adb4746b7c4'),'/'))))]",
              "properties": {
                "description": "Attacker Tools Threat Protection Essentials Analytics Rule 3",
                "parentId": "[resourceId('Microsoft.SecurityInsights/AlertRuleTemplates', '32ffb19e-8ed8-40ed-87a0-1adb4746b7c4')]",
                "contentId": "32ffb19e-8ed8-40ed-87a0-1adb4746b7c4",
                "kind": "AnalyticsRule",
                "version": "1.0.2",
                "source": {
                  "kind": "Solution",
                  "name": "Attacker Tools Threat Protection Essentials",
                  "sourceId": "azuresentinel.azure-sentinel-solution-attackertools"
                },
                "author": {
                  "name": "Microsoft",
                  "email": "support@microsoft.com"
                },
                "support": {
                  "name": "Microsoft Corporation",
                  "email": "support@microsoft.com",
                  "tier": "Microsoft",
                  "link": "https://support.microsoft.com"
                }
              }
            }
          ]
        },
        "packageKind": "Solution",
        "packageVersion": "2.0.2",
        "packageName": "Attacker Tools Threat Protection Essentials",
        "packageId": "azuresentinel.azure-sentinel-solution-attackertools",
        "contentProductId": "azuresentinel.azure-sentinel-solution-attackertool-ar-e6572squq5w3c",
        "id": "azuresentinel.azure-sentinel-solution-attackertool-ar-e6572squq5w3c",
        "contentSchemaVersion": "3.0.0",
        "version": "1.0.2",
        "isDeprecated": false
      }
    },
    {
      "type": "Microsoft.OperationalInsights/workspaces/providers/contentPackages",
      "name": "[concat(parameters('workspace'),'/Microsoft.SecurityInsights/', 'azuresentinel.azure-sentinel-solution-attackertools')]",
      "location": "[parameters('workspace-location')]",
      "apiVersion": "2023-04-01-preview",
      "properties": {
        "version": "2.0.2",
        "kind": "Solution",
        "contentSchemaVersion": "3.0.0",
        "contentId": "azuresentinel.azure-sentinel-solution-attackertools",
        "source": {
          "kind": "Solution",
          "name": "Attacker Tools Threat Protection Essentials",
          "sourceId": "azuresentinel.azure-sentinel-solution-attackertools"
        },
        "author": {
          "name": "Microsoft",
          "email": "support@microsoft.com"
        },
        "support": {
          "name": "Microsoft Corporation",
          "email": "support@microsoft.com",
          "tier": "Microsoft",
          "link": "https://support.microsoft.com"
        },
        "dependencies": {
          "operator": "AND",
          "criteria": [
            {
              "kind": "HuntingQuery",
              "contentId": "dde206fc-3f0b-4175-bb5d-42d2aae9d4c9",
              "version": "1.0.1"
            },
            {
              "kind": "HuntingQuery",
              "contentId": "24ae555c-5e33-4b5d-827a-44206e39f6b4",
              "version": "1.0.1"
            },
            {
              "kind": "AnalyticsRule",
              "contentId": "c63ae777-d5e0-4113-8c9a-c2c9d3d09fcd",
              "version": "1.0.3"
            },
            {
              "kind": "AnalyticsRule",
              "contentId": "4ebbb5c2-8802-11ec-a8a3-0242ac120002",
              "version": "1.0.2"
            },
            {
              "kind": "AnalyticsRule",
              "contentId": "32ffb19e-8ed8-40ed-87a0-1adb4746b7c4",
              "version": "1.0.2"
            },
            {
              "kind": "AnalyticsRule",
              "contentId": "ef88eb96-861c-43a0-ab16-f3835a97c928",
              "version": "1.3.1"
            }
          ]
        },
        "firstPublishDate": "2022-11-16",
        "providers": [
          "Microsoft"
        ],
        "categories": {
          "domains": [
            "Security - Threat Protection"
          ]
        },
        "contentKind": "Solution",
        "contentProductId": "azuresentinel.azure-sentinel-solution-attackertool-sl-kgndn7ywk3uke",
        "id": "azuresentinel.azure-sentinel-solution-attackertool-sl-kgndn7ywk3uke",
        "displayName": "Attacker Tools Threat Protection Essentials",
        "publisherDisplayName": "Microsoft Sentinel, Microsoft Corporation",
        "descriptionHtml": "<p><strong>Note:</strong> <em>There may be <a target=\"_blank\" href=\"https://aka.ms/sentinelsolutionsknownissues\" rel=\"noopener\">known issues</a> pertaining to this Solution, please refer to them before installing.</em></p><p>The <strong>Attacker Tools Threat Protection Essentials</strong> solution contains security content that is relevant for detection of tools commonly used by attackers in various campaigns. These tools can be commercial, open-source, built-in or publicly available and have historically been seen used by adversaries in different phases of the ATTACK kill chain.</p><p><strong>Pre-requisites:</strong></p><p>This is a <a target=\"_blank\" href=\"https://learn.microsoft.com/en-us/azure/sentinel/sentinel-solutions-catalog#domain-solutions\" rel=\"noopener\">domain solution</a> and does not include any data connectors. The content in this solution supports the connectors listed below. Install one or more of the listed solutions, to unlock the value provided by this solution.</p><ol><li><p><a target=\"_blank\" href=\"https://ms.portal.azure.com/#create/azuresentinel.azure-sentinel-solution-securityeventsazure-sentinel-solution-securityevents\" rel=\"noopener\">Windows Security Events</a></p></li><li><p><a target=\"_blank\" href=\"https://ms.portal.azure.com/#create/azuresentinel.azure-sentinel-solution-dnsazure-sentinel-solution-dns\" rel=\"noopener\">Windows Server DNS</a></p></li><li><p><a target=\"_blank\" href=\"https://ms.portal.azure.com/#create/azuresentinel.azure-sentinel-solution-windowsforwardedeventsazure-sentinel-solution-windowsforwardedevents\" rel=\"noopener\">Windows Forwarded Events</a></p></li><li><p><a target=\"_blank\" href=\"https://ms.portal.azure.com/#create/azuresentinel.azure-sentinel-solution-azureactivedirectoryazure-sentinel-solution-azureactivedirectory\" rel=\"noopener\">Azure Active Directory</a></p></li></ol><p><strong>Keywords:</strong> attack tools, penetration testing, Impacket, Powercat, Nishang, Cobalt Strike, ADFind, Credential Dumping, PowerShell Empire</p><p><strong>Analytic Rules:</strong> 4, <strong>Hunting Queries:</strong> 2</p><p><a target=\"_blank\" href=\"https://aka.ms/azuresentinel\" rel=\"noopener\">Learn more about Microsoft Sentinel</a> | <a target=\"_blank\" href=\"https://aka.ms/azuresentinelsolutionsdoc\" rel=\"noopener\">Learn more about Solutions</a></p>",
        "icon": "https://store-images.s-microsoft.com/image/apps.33880.8168e919-91a7-4521-94e5-3c430ecc158b.ce4612b5-5616-43c4-92dd-687cda9c83a9.bfed2c49-0f76-4d2b-9e44-cb6a9bd57036",
        "isPreview": false,
        "isDeprecated": false
      }
    }
  ]
}