{
  "$schema": "https://schema.management.azure.com/schemas/2019-04-01/deploymentTemplate.json#",
  "contentVersion": "1.0.0",
  "parameters": {
    "location": {
      "type": "string",
      "minLength": 1,
      "defaultValue": "[resourceGroup().location]",
      "metadata": {
        "description": "Not used, but needed to pass arm-ttk test `Location-Should-Not-Be-Hardcoded`.  We instead use the `workspace-location` which is derived from the LA workspace"
      }
    },
    "workspace-location": {
      "type": "string",
      "defaultValue": "",
      "metadata": {
        "description": "[concat('Region to deploy solution resources -- separate from location selection',parameters('location'))]"
      }
    },
    "workspace": {
      "defaultValue": "",
      "type": "string",
      "metadata": {
        "description": "Workspace name for Log Analytics where Microsoft Sentinel is setup"
      }
    }
  },
  "resources": [
    {
      "type": "Microsoft.OperationalInsights/workspaces/providers/contentTemplates",
      "apiVersion": "2023-04-01-preview",
      "name": "[concat(parameters('workspace'),'/Microsoft.SecurityInsights/',concat(concat(parameters('workspace'),'-pr-',uniquestring('ConfluenceAudit-Parser')),'1.0.0'))]",
      "location": "[parameters('workspace-location')]",
      "dependsOn": [
        "[extensionResourceId(resourceId('Microsoft.OperationalInsights/workspaces', parameters('workspace')), 'Microsoft.SecurityInsights/contentPackages', 'azuresentinel.azure-sentinel-solution-atlassianconfluenceaudit')]"
      ],
      "properties": {
        "description": "ConfluenceAudit Data Parser with template version 3.0.0",
        "mainTemplate": {
          "$schema": "https://schema.management.azure.com/schemas/2019-04-01/deploymentTemplate.json#",
          "contentVersion": "1.0.0",
          "parameters": {},
          "variables": {},
          "resources": [
            {
              "name": "[concat(parameters('workspace'),'/','ConfluenceAudit')]",
              "apiVersion": "2022-10-01",
              "type": "Microsoft.OperationalInsights/workspaces/savedSearches",
              "location": "[parameters('workspace-location')]",
              "properties": {
                "eTag": "*",
                "displayName": "ConfluenceAudit",
                "category": "Samples",
                "functionAlias": "ConfluenceAudit",
                "query": "\nlet Confluence_Audit_view  = view () { \r\n    Confluence_Audit_CL\r\n    | extend \r\n                EventVendor=\"Atlassian\",\r\n                EventProduct=\"Confluence\",\r\n                AuthorUsername=column_ifexists('author_username_s', ''),\r\n\t\t        AuthorUserKey=column_ifexists('author_userKey_g', ''),\r\n                AuthorAccountId=column_ifexists('author_accountId_s', ''),\r\n                AuthorType=column_ifexists('author_type_s', ''),\r\n                AuthorDisplayName=column_ifexists('author_displayName_s', ''),\r\n                AuthorIsExternalCollaborator=column_ifexists('author_isExternalCollaborator_b', ''),\r\n                AuthorAccountType=column_ifexists('author_accountType_s', ''),\r\n                AuthorPublicName=column_ifexists('author_publicName_s', ''),\r\n                AuthorExternalCollaborator=column_ifexists('author_externalCollaborator_b', ''),\r\n                RemoteAddress=column_ifexists('remoteAddress_s', ''),\r\n                CreationDate=column_ifexists('creationDate_d', ''),\r\n                Summary=column_ifexists('summary_s', ''),\r\n                Description=column_ifexists('description_s', ''),\r\n                Category=column_ifexists('Category', ''),\r\n                SysAdmin=column_ifexists('sysAdmin_b', ''),\r\n                SuperAdmin=column_ifexists('superAdmin_b', ''),\r\n                AffectedObjectName=column_ifexists('affectedObject_name_s', ''),\r\n                AffectedObjectObjectType=column_ifexists('affectedObject_objectType_s', ''),\r\n                ChangedValues=column_ifexists('changedValues_s', ''),\r\n                AssociatedObjects=column_ifexists('associatedObjects_s', ''),\r\n                UserIdentity=column_ifexists('author_accountId_s', ''),\r\n                SrcUserName=column_ifexists('author_displayName_s', ''),\r\n                DstUserSid=column_ifexists('author_userKey_s', ''),\r\n                SrcIpAddr=column_ifexists('remoteAddress_s', ''),\r\n                EventCreationTime=column_ifexists('creationDate_d', ''),\r\n                EventMessage=column_ifexists('summary_s', ''),\r\n                EventCategoryType =column_ifexists('Category', '')             \r\n    | project\r\n                TimeGenerated, \r\n                EventVendor,\r\n                EventProduct,\r\n                AuthorUsername,\r\n                AuthorAccountId,\r\n                AuthorType,\r\n                AuthorDisplayName,\r\n                AuthorIsExternalCollaborator,\r\n                AuthorUserKey,\r\n                AuthorAccountType,\r\n                AuthorPublicName,\r\n                AuthorExternalCollaborator,\r\n                RemoteAddress,\r\n                CreationDate,\r\n                Summary,\r\n                Description,\r\n                Category,\r\n                SysAdmin,\r\n                SuperAdmin,\r\n                AffectedObjectName,\r\n                AffectedObjectObjectType,\r\n                ChangedValues,\r\n                AssociatedObjects,\r\n                UserIdentity,\r\n                SrcUserName,\r\n                DstUserSid,\r\n                SrcIpAddr,\r\n                EventCreationTime,\r\n                EventMessage,\r\n                EventCategoryType               \r\n};\r\nConfluence_Audit_view\r\n",
                "functionParameters": "",
                "version": 1,
                "tags": [
                  {
                    "name": "description",
                    "value": "ConfluenceAudit"
                  }
                ]
              }
            },
            {
              "type": "Microsoft.OperationalInsights/workspaces/providers/metadata",
              "apiVersion": "2022-01-01-preview",
              "name": "[concat(parameters('workspace'),'/Microsoft.SecurityInsights/',concat('Parser-', last(split(resourceId('Microsoft.OperationalInsights/workspaces/savedSearches', parameters('workspace'), 'ConfluenceAudit'),'/'))))]",
              "dependsOn": [
                "[concat(parameters('workspace'),'/','ConfluenceAudit')]"
              ],
              "properties": {
                "parentId": "[resourceId('Microsoft.OperationalInsights/workspaces/savedSearches', parameters('workspace'), 'ConfluenceAudit')]",
                "contentId": "ConfluenceAudit-Parser",
                "kind": "Parser",
                "version": "1.0.0",
                "source": {
                  "name": "AtlassianConfluenceAudit",
                  "kind": "Solution",
                  "sourceId": "azuresentinel.azure-sentinel-solution-atlassianconfluenceaudit"
                },
                "author": {
                  "name": "Microsoft",
                  "email": "support@microsoft.com"
                },
                "support": {
                  "name": "Microsoft Corporation",
                  "email": "support@microsoft.com",
                  "tier": "Microsoft",
                  "link": "https://support.microsoft.com"
                }
              }
            }
          ]
        },
        "packageKind": "Solution",
        "packageVersion": "3.0.0",
        "packageName": "AtlassianConfluenceAudit",
        "packageId": "azuresentinel.azure-sentinel-solution-atlassianconfluenceaudit",
        "contentSchemaVersion": "3.0.0",
        "contentId": "ConfluenceAudit-Parser",
        "contentKind": "Parser",
        "displayName": "ConfluenceAudit",
        "contentProductId": "azuresentinel.azure-sentinel-solution-atlassiancon-pr-cc3f3y2bdjzvg",
        "id": "azuresentinel.azure-sentinel-solution-atlassiancon-pr-cc3f3y2bdjzvg",
        "version": "1.0.0",
        "isDeprecated": false
      }
    },
    {
      "type": "Microsoft.OperationalInsights/workspaces/providers/contentPackages",
      "apiVersion": "2023-04-01-preview",
      "location": "[parameters('workspace-location')]",
      "properties": {
        "version": "3.0.0",
        "kind": "Solution",
        "contentSchemaVersion": "3.0.0",
        "displayName": "Atlassian Confluence Audit",
        "publisherDisplayName": "Microsoft Sentinel, Microsoft Corporation",
        "descriptionHtml": "<p><strong>Note:</strong> Please refer to the following before installing the solution:</p><p>• Review the solution <a target=\"_blank\" href=\"https://github.com/Azure/Azure-Sentinel/blob/master/Solutions/AtlassianConfluenceAudit/ReleaseNotes.md\" rel=\"noopener\">Release Notes</a></p><p>• There may be <a target=\"_blank\" href=\"https://aka.ms/sentinelsolutionsknownissues\" rel=\"noopener\">known issues</a> pertaining to this Solution.</p><p>The <a target=\"_blank\" href=\"https://www.atlassian.com/software/confluence\" rel=\"noopener\">Atlassian Confluence Audit</a> solution provides the capability to ingest <a target=\"_blank\" href=\"https://support.atlassian.com/confluence-cloud/docs/view-the-audit-log/\" rel=\"noopener\">Confluence Audit Records</a> into Microsoft Sentinel.</p><p><strong>Underlying Microsoft Technologies used:</strong></p><p>This solution takes a dependency on the following technologies, and some of these dependencies either may be in <a target=\"_blank\" href=\"https://azure.microsoft.com/support/legal/preview-supplemental-terms/\" rel=\"noopener\">Preview</a> state or might result in additional ingestion or operational costs:</p><p>a. <a target=\"_blank\" href=\"https://learn.microsoft.com/azure/azure-monitor/logs/data-collector-api?WT.mc_id=Portal-fx\" rel=\"noopener\">Azure Monitor HTTP Data Collector API</a></p><p>b. <a target=\"_blank\" href=\"https://azure.microsoft.com/services/functions/#overview\" rel=\"noopener\">Azure Functions</a></p><p><strong>Data Connectors:</strong> 1, <strong>Parsers:</strong> 1</p><p><a target=\"_blank\" href=\"https://aka.ms/azuresentinel\" rel=\"noopener\">Learn more about Microsoft Sentinel</a> | <a target=\"_blank\" href=\"https://aka.ms/azuresentinelsolutionsdoc\" rel=\"noopener\">Learn more about Solutions</a></p>",
        "contentKind": "Solution",
        "contentProductId": "azuresentinel.azure-sentinel-solution-atlassiancon-sl-36uugnkepcuwc",
        "id": "azuresentinel.azure-sentinel-solution-atlassiancon-sl-36uugnkepcuwc",
        "icon": "https://store-images.s-microsoft.com/image/apps.64828.69524cd5-c719-43ad-9fd7-9438ed927a53.f3d1391c-9756-487b-a384-115b4ce2904d.d49e1d89-0890-4e50-921d-60a01237f39e",
        "contentId": "azuresentinel.azure-sentinel-solution-atlassianconfluenceaudit",
        "parentId": "azuresentinel.azure-sentinel-solution-atlassianconfluenceaudit",
        "source": {
          "kind": "Solution",
          "name": "AtlassianConfluenceAudit",
          "sourceId": "azuresentinel.azure-sentinel-solution-atlassianconfluenceaudit"
        },
        "author": {
          "name": "Microsoft",
          "email": "support@microsoft.com"
        },
        "support": {
          "name": "Microsoft Corporation",
          "email": "support@microsoft.com",
          "tier": "Microsoft",
          "link": "https://support.microsoft.com"
        },
        "dependencies": {
          "operator": "AND",
          "criteria": [
            {
              "kind": "DataConnector",
              "contentId": "ConfluenceAuditAPI",
              "version": "1.0.0"
            },
            {
              "kind": "Parser",
              "contentId": "ConfluenceAudit-Parser",
              "version": "1.0.0"
            }
          ]
        },
        "firstPublishDate": "2022-01-24",
        "providers": [
          "Atlassian"
        ],
        "categories": {
          "domains": [
            "IT Operations",
            "Application"
          ]
        },
        "isPreview": false,
        "isDeprecated": false
      },
      "name": "[concat(parameters('workspace'),'/Microsoft.SecurityInsights/', 'azuresentinel.azure-sentinel-solution-atlassianconfluenceaudit')]"
    },
    {
      "type": "Microsoft.OperationalInsights/workspaces/savedSearches",
      "apiVersion": "2022-10-01",
      "name": "[concat(parameters('workspace'),'/','ConfluenceAudit')]",
      "location": "[parameters('workspace-location')]",
      "properties": {
        "eTag": "*",
        "displayName": "ConfluenceAudit",
        "category": "Samples",
        "functionAlias": "ConfluenceAudit",
        "query": "\nlet Confluence_Audit_view  = view () { \r\n    Confluence_Audit_CL\r\n    | extend \r\n                EventVendor=\"Atlassian\",\r\n                EventProduct=\"Confluence\",\r\n                AuthorUsername=column_ifexists('author_username_s', ''),\r\n\t\t        AuthorUserKey=column_ifexists('author_userKey_g', ''),\r\n                AuthorAccountId=column_ifexists('author_accountId_s', ''),\r\n                AuthorType=column_ifexists('author_type_s', ''),\r\n                AuthorDisplayName=column_ifexists('author_displayName_s', ''),\r\n                AuthorIsExternalCollaborator=column_ifexists('author_isExternalCollaborator_b', ''),\r\n                AuthorAccountType=column_ifexists('author_accountType_s', ''),\r\n                AuthorPublicName=column_ifexists('author_publicName_s', ''),\r\n                AuthorExternalCollaborator=column_ifexists('author_externalCollaborator_b', ''),\r\n                RemoteAddress=column_ifexists('remoteAddress_s', ''),\r\n                CreationDate=column_ifexists('creationDate_d', ''),\r\n                Summary=column_ifexists('summary_s', ''),\r\n                Description=column_ifexists('description_s', ''),\r\n                Category=column_ifexists('Category', ''),\r\n                SysAdmin=column_ifexists('sysAdmin_b', ''),\r\n                SuperAdmin=column_ifexists('superAdmin_b', ''),\r\n                AffectedObjectName=column_ifexists('affectedObject_name_s', ''),\r\n                AffectedObjectObjectType=column_ifexists('affectedObject_objectType_s', ''),\r\n                ChangedValues=column_ifexists('changedValues_s', ''),\r\n                AssociatedObjects=column_ifexists('associatedObjects_s', ''),\r\n                UserIdentity=column_ifexists('author_accountId_s', ''),\r\n                SrcUserName=column_ifexists('author_displayName_s', ''),\r\n                DstUserSid=column_ifexists('author_userKey_s', ''),\r\n                SrcIpAddr=column_ifexists('remoteAddress_s', ''),\r\n                EventCreationTime=column_ifexists('creationDate_d', ''),\r\n                EventMessage=column_ifexists('summary_s', ''),\r\n                EventCategoryType =column_ifexists('Category', '')             \r\n    | project\r\n                TimeGenerated, \r\n                EventVendor,\r\n                EventProduct,\r\n                AuthorUsername,\r\n                AuthorAccountId,\r\n                AuthorType,\r\n                AuthorDisplayName,\r\n                AuthorIsExternalCollaborator,\r\n                AuthorUserKey,\r\n                AuthorAccountType,\r\n                AuthorPublicName,\r\n                AuthorExternalCollaborator,\r\n                RemoteAddress,\r\n                CreationDate,\r\n                Summary,\r\n                Description,\r\n                Category,\r\n                SysAdmin,\r\n                SuperAdmin,\r\n                AffectedObjectName,\r\n                AffectedObjectObjectType,\r\n                ChangedValues,\r\n                AssociatedObjects,\r\n                UserIdentity,\r\n                SrcUserName,\r\n                DstUserSid,\r\n                SrcIpAddr,\r\n                EventCreationTime,\r\n                EventMessage,\r\n                EventCategoryType               \r\n};\r\nConfluence_Audit_view\r\n",
        "functionParameters": "",
        "version": 1,
        "tags": [
          {
            "name": "description",
            "value": "ConfluenceAudit"
          }
        ]
      }
    },
    {
      "type": "Microsoft.OperationalInsights/workspaces/providers/metadata",
      "apiVersion": "2022-01-01-preview",
      "location": "[parameters('workspace-location')]",
      "name": "[concat(parameters('workspace'),'/Microsoft.SecurityInsights/',concat('Parser-', last(split(resourceId('Microsoft.OperationalInsights/workspaces/savedSearches', parameters('workspace'), 'ConfluenceAudit'),'/'))))]",
      "dependsOn": [
        "[resourceId('Microsoft.OperationalInsights/workspaces/savedSearches', parameters('workspace'), 'ConfluenceAudit')]"
      ],
      "properties": {
        "parentId": "[resourceId('Microsoft.OperationalInsights/workspaces/savedSearches', parameters('workspace'), 'ConfluenceAudit')]",
        "contentId": "ConfluenceAudit-Parser",
        "kind": "Parser",
        "version": "1.0.0",
        "source": {
          "kind": "Solution",
          "name": "AtlassianConfluenceAudit",
          "sourceId": "azuresentinel.azure-sentinel-solution-atlassianconfluenceaudit"
        },
        "author": {
          "name": "Microsoft",
          "email": "support@microsoft.com"
        },
        "support": {
          "name": "Microsoft Corporation",
          "email": "support@microsoft.com",
          "tier": "Microsoft",
          "link": "https://support.microsoft.com"
        }
      }
    }
  ]
}