{
  "$schema": "https://schema.management.azure.com/schemas/2019-04-01/deploymentTemplate.json#",
  "contentVersion": "1.0.0",
  "parameters": {
    "location": {
      "type": "string",
      "minLength": 1,
      "defaultValue": "[resourceGroup().location]",
      "metadata": {
        "description": "Not used, but needed to pass arm-ttk test `Location-Should-Not-Be-Hardcoded`.  We instead use the `workspace-location` which is derived from the LA workspace"
      }
    },
    "workspace-location": {
      "type": "string",
      "defaultValue": "",
      "metadata": {
        "description": "[concat('Region to deploy solution resources -- separate from location selection',parameters('location'))]"
      }
    },
    "workspace": {
      "defaultValue": "",
      "type": "string",
      "metadata": {
        "description": "Workspace name for Log Analytics where Microsoft Sentinel is setup"
      }
    }
  },
  "resources": [
    {
      "type": "Microsoft.OperationalInsights/workspaces/providers/contentTemplates",
      "apiVersion": "2023-04-01-preview",
      "name": "[concat(parameters('workspace'),'/Microsoft.SecurityInsights/',concat(parameters('workspace'),'-dc-',uniquestring('ArubaClearPass')))]",
      "location": "[parameters('workspace-location')]",
      "dependsOn": [
        "[extensionResourceId(resourceId('Microsoft.OperationalInsights/workspaces', parameters('workspace')), 'Microsoft.SecurityInsights/contentPackages', 'azuresentinel.azure-sentinel-solution-arubaclearpass')]"
      ],
      "properties": {
        "description": "Aruba ClearPass data connector with template version 3.0.0",
        "mainTemplate": {
          "$schema": "https://schema.management.azure.com/schemas/2019-04-01/deploymentTemplate.json#",
          "contentVersion": "1.0.0",
          "parameters": {},
          "variables": {},
          "resources": [
            {
              "name": "[concat(parameters('workspace'),'/Microsoft.SecurityInsights/','ArubaClearPass')]",
              "apiVersion": "2021-03-01-preview",
              "type": "Microsoft.OperationalInsights/workspaces/providers/dataConnectors",
              "location": "[parameters('workspace-location')]",
              "kind": "GenericUI",
              "properties": {
                "connectorUiConfig": {
                  "id": "ArubaClearPass",
                  "title": "[Deprecated] Aruba ClearPass via Legacy Agent",
                  "publisher": "Aruba Networks",
                  "descriptionMarkdown": "The [Aruba ClearPass](https://www.arubanetworks.com/products/security/network-access-control/secure-access/) connector allows you to easily connect your Aruba ClearPass with Microsoft Sentinel, to create custom dashboards, alerts, and improve investigation. This gives you more insight into your organization’s network and improves your security operation capabilities.",
                  "additionalRequirementBanner": "These queries are dependent on a parser based on a Kusto Function deployed as part of the solution.",
                  "graphQueries": [
                    {
                      "metricName": "Total data received",
                      "legend": "ArubaClearPass",
                      "baseQuery": "CommonSecurityLog\n| where DeviceVendor == \"Aruba Networks\" and DeviceProduct == \"ClearPass\""
                    }
                  ],
                  "sampleQueries": [
                    {
                      "description": "Top 10 Events by Username",
                      "query": "ArubaClearPass \n | summarize count() by UserName \n| top 10 by count_"
                    },
                    {
                      "description": "Top 10 Error Codes",
                      "query": "ArubaClearPass \n | summarize count() by ErrorCode \n| top 10 by count_"
                    }
                  ],
                  "connectivityCriterias": [
                    {
                      "type": "IsConnectedQuery",
                      "value": [
                        "CommonSecurityLog\n| where DeviceVendor == \"Aruba Networks\" and DeviceProduct == \"ClearPass\"\n | summarize LastLogReceived = max(TimeGenerated)\n | project IsConnected = LastLogReceived > ago(30d)"
                      ]
                    }
                  ],
                  "dataTypes": [
                    {
                      "name": "CommonSecurityLog (ArubaClearPass)",
                      "lastDataReceivedQuery": "CommonSecurityLog\n| where DeviceVendor == \"Aruba Networks\" and DeviceProduct == \"ClearPass\"\n | summarize Time = max(TimeGenerated)\n | where isnotempty(Time)"
                    }
                  ],
                  "availability": {
                    "status": 1,
                    "isPreview": false
                  },
                  "permissions": {
                    "resourceProvider": [
                      {
                        "provider": "Microsoft.OperationalInsights/workspaces",
                        "permissionsDisplayText": "read and write permissions are required.",
                        "providerDisplayName": "Workspace",
                        "scope": "Workspace",
                        "requiredPermissions": {
                          "read": true,
                          "write": true,
                          "delete": true
                        }
                      },
                      {
                        "provider": "Microsoft.OperationalInsights/workspaces/sharedKeys",
                        "permissionsDisplayText": "read permissions to shared keys for the workspace are required. [See the documentation to learn more about workspace keys](https://docs.microsoft.com/azure/azure-monitor/platform/agent-windows#obtain-workspace-id-and-key).",
                        "providerDisplayName": "Keys",
                        "scope": "Workspace",
                        "requiredPermissions": {
                          "action": true
                        }
                      }
                    ]
                  },
                  "instructionSteps": [
                    {
                      "description": "**NOTE:** This data connector depends on a parser based on a Kusto Function to work as expected which is deployed as part of the solution. To view the function code in Log Analytics, open Log Analytics/Microsoft Sentinel Logs blade, click Functions and search for the alias ArubaClearPass and load the function code or click [here](https://github.com/Azure/Azure-Sentinel/blob/master/Solutions/Aruba%20ClearPass/Parsers/ArubaClearPass.txt).The function usually takes 10-15 minutes to activate after solution installation/update."
                    },
                    {
                      "description": "Install and configure the Linux agent to collect your Common Event Format (CEF) Syslog messages and forward them to Microsoft Sentinel.\n\n> Notice that the data from all regions will be stored in the selected workspace",
                      "innerSteps": [
                        {
                          "title": "1.1 Select or create a Linux machine",
                          "description": "Select or create a Linux machine that Microsoft Sentinel will use as the proxy between your security solution and Microsoft Sentinel this machine can be on your on-prem environment, Azure or other clouds."
                        },
                        {
                          "title": "1.2 Install the CEF collector on the Linux machine",
                          "description": "Install the Microsoft Monitoring Agent on your Linux machine and configure the machine to listen on the necessary port and forward messages to your Microsoft Sentinel workspace. The CEF collector collects CEF messages on port 514 TCP.\n\n> 1. Make sure that you have Python on your machine using the following command: python -version.\n\n> 2. You must have elevated permissions (sudo) on your machine.",
                          "instructions": [
                            {
                              "parameters": {
                                "fillWith": [
                                  "WorkspaceId",
                                  "PrimaryKey"
                                ],
                                "label": "Run the following command to install and apply the CEF collector:",
                                "value": "sudo wget -O cef_installer.py https://raw.githubusercontent.com/Azure/Azure-Sentinel/master/DataConnectors/CEF/cef_installer.py&&sudo python cef_installer.py {0} {1}"
                              },
                              "type": "CopyableLabel"
                            }
                          ]
                        }
                      ],
                      "title": "1. Linux Syslog agent configuration"
                    },
                    {
                      "description": "Configure Aruba ClearPass to forward Syslog messages in CEF format to your Microsoft Sentinel workspace via the Syslog agent.\n1. [Follow these instructions](https://www.arubanetworks.com/techdocs/ClearPass/6.7/PolicyManager/Content/CPPM_UserGuide/Admin/syslogExportFilters_add_syslog_filter_general.htm) to configure the Aruba ClearPass to forward syslog.\n2. Use the IP address or hostname for the Linux device with the Linux agent installed as the Destination IP address.",
                      "title": "2. Forward Aruba ClearPass logs to a Syslog agent"
                    },
                    {
                      "description": "Follow the instructions to validate your connectivity:\n\nOpen Log Analytics to check if the logs are received using the CommonSecurityLog schema.\n\n>It may take about 20 minutes until the connection streams data to your workspace.\n\nIf the logs are not received, run the following connectivity validation script:\n\n> 1. Make sure that you have Python on your machine using the following command: python -version\n\n>2. You must have elevated permissions (sudo) on your machine",
                      "instructions": [
                        {
                          "parameters": {
                            "fillWith": [
                              "WorkspaceId"
                            ],
                            "label": "Run the following command to validate your connectivity:",
                            "value": "sudo wget -O cef_troubleshoot.py https://raw.githubusercontent.com/Azure/Azure-Sentinel/master/DataConnectors/CEF/cef_troubleshoot.py&&sudo python cef_troubleshoot.py  {0}"
                          },
                          "type": "CopyableLabel"
                        }
                      ],
                      "title": "3. Validate connection"
                    },
                    {
                      "description": "Make sure to configure the machine's security according to your organization's security policy\n\n\n[Learn more >](https://aka.ms/SecureCEF)",
                      "title": "4. Secure your machine "
                    }
                  ]
                }
              }
            },
            {
              "type": "Microsoft.OperationalInsights/workspaces/providers/metadata",
              "apiVersion": "2023-04-01-preview",
              "name": "[concat(parameters('workspace'),'/Microsoft.SecurityInsights/',concat('DataConnector-', last(split(extensionResourceId(resourceId('Microsoft.OperationalInsights/workspaces', parameters('workspace')), 'Microsoft.SecurityInsights/dataConnectors', 'ArubaClearPass'),'/'))))]",
              "properties": {
                "parentId": "[extensionResourceId(resourceId('Microsoft.OperationalInsights/workspaces', parameters('workspace')), 'Microsoft.SecurityInsights/dataConnectors', 'ArubaClearPass')]",
                "contentId": "ArubaClearPass",
                "kind": "DataConnector",
                "version": "1.0.0",
                "source": {
                  "kind": "Solution",
                  "name": "Aruba ClearPass",
                  "sourceId": "azuresentinel.azure-sentinel-solution-arubaclearpass"
                },
                "author": {
                  "name": "Aruba Networks"
                },
                "support": {
                  "tier": "Microsoft",
                  "name": "Microsoft Corporation",
                  "email": "support@microsoft.com",
                  "link": "https://support.microsoft.com/"
                }
              }
            }
          ]
        },
        "packageKind": "Solution",
        "packageVersion": "3.0.0",
        "packageName": "Aruba ClearPass",
        "packageId": "azuresentinel.azure-sentinel-solution-arubaclearpass",
        "contentSchemaVersion": "3.0.0",
        "contentId": "ArubaClearPass",
        "contentKind": "DataConnector",
        "displayName": "[Deprecated] Aruba ClearPass via Legacy Agent",
        "contentProductId": "azuresentinel.azure-sentinel-solution-arubaclearpa-dc-i2htn4ezkmjbg",
        "id": "azuresentinel.azure-sentinel-solution-arubaclearpa-dc-i2htn4ezkmjbg",
        "version": "1.0.0",
        "isDeprecated": false
      }
    },
    {
      "type": "Microsoft.OperationalInsights/workspaces/providers/contentPackages",
      "apiVersion": "2023-04-01-preview",
      "location": "[parameters('workspace-location')]",
      "properties": {
        "version": "3.0.0",
        "kind": "Solution",
        "contentSchemaVersion": "3.0.0",
        "displayName": "Aruba ClearPass",
        "publisherDisplayName": "Microsoft Sentinel, Microsoft Corporation",
        "descriptionHtml": "<p></p><p><strong>Note:</strong> Please refer to the following before installing the solution:</p><p>• Review the solution <a target=\"_blank\" href=\"https://github.com/Azure/Azure-Sentinel/tree/master/Solutions/Aruba%20ClearPass/ReleaseNotes.md\" rel=\"noopener\">Release Notes</a></p><p>• There may be <a target=\"_blank\" href=\"https://aka.ms/sentinelsolutionsknownissues\" rel=\"noopener\">known issues</a> pertaining to this Solution, please refer to them before installing.</p><p><a target=\"_blank\" href=\"https://www.arubanetworks.com/products/security/network-access-control/secure-access/\" rel=\"noopener\">The Aruba ClearPass</a> solution allows you to easily connect your Aruba ClearPass with Microsoft Sentinel.</p><ol><li><p><strong>Aruba ClearPass via AMA</strong> - This data connector helps in ingesting Aruba ClearPass logs into your Log Analytics Workspace using the new Azure Monitor Agent. Learn more about ingesting using the new Azure Monitor Agent <a target=\"_blank\" href=\"https://learn.microsoft.com/azure/sentinel/connect-cef-ama?WT.mc_id=Portal-fx\" rel=\"noopener\">here</a>. <strong>Microsoft recommends using this Data Connector</strong>.</p></li><li><p><strong>Aruba ClearPass via Legacy Agent</strong> - This data connector helps in ingesting Aruba ClearPass logs into your Log Analytics Workspace using the legacy Log Analytics agent.</p></li></ol><p><strong>NOTE:</strong> Microsoft recommends installation of Aruba ClearPass via AMA Connector. Legacy connector uses the Log Analytics agent which is about to be deprecated by <strong>Aug 31, 2024,</strong> and thus should only be installed where AMA is not supported. Using MMA and AMA on same machine can cause log duplication and extra ingestion cost <a target=\"_blank\" href=\"https://learn.microsoft.com/azure/sentinel/ama-migrate?WT.mc_id=Portal-fx\" rel=\"noopener\">more details</a>.</p><p><strong>Data Connectors:</strong> 2, <strong>Parsers:</strong> 1</p><p><a target=\"_blank\" href=\"https://aka.ms/azuresentinel\" rel=\"noopener\">Learn more about Microsoft Sentinel</a> | <a target=\"_blank\" href=\"https://aka.ms/azuresentinelsolutionsdoc\" rel=\"noopener\">Learn more about Solutions</a></p>",
        "contentKind": "Solution",
        "contentProductId": "azuresentinel.azure-sentinel-solution-arubaclearpa-sl-hcovnbceefgsc",
        "id": "azuresentinel.azure-sentinel-solution-arubaclearpa-sl-hcovnbceefgsc",
        "icon": "https://store-images.s-microsoft.com/image/apps.54109.fc3024ae-ac1c-41c9-a75b-74b067bd9cdd.5957d7d5-1e5a-488a-bae8-27d5ac2cde91.ba1b29e8-1509-4926-bc22-326d67cfd738",
        "contentId": "azuresentinel.azure-sentinel-solution-arubaclearpass",
        "parentId": "azuresentinel.azure-sentinel-solution-arubaclearpass",
        "source": {
          "kind": "Solution",
          "name": "Aruba ClearPass",
          "sourceId": "azuresentinel.azure-sentinel-solution-arubaclearpass"
        },
        "author": {
          "name": "Aruba Networks"
        },
        "support": {
          "name": "Microsoft Corporation",
          "email": "support@microsoft.com",
          "tier": "Microsoft",
          "link": "https://support.microsoft.com/"
        },
        "dependencies": {
          "operator": "AND",
          "criteria": [
            {
              "kind": "DataConnector",
              "contentId": "ArubaClearPass",
              "version": "1.0.0"
            },
            {
              "kind": "DataConnector",
              "contentId": "ArubaClearPassAma",
              "version": "1.0.0"
            },
            {
              "kind": "Parser",
              "contentId": "ArubaClearPass-Parser",
              "version": "1.0.0"
            }
          ]
        },
        "firstPublishDate": "2022-05-23",
        "providers": [
          "Aruba"
        ],
        "categories": {
          "domains": [
            "Security - Threat Protection"
          ]
        },
        "isPreview": false,
        "isDeprecated": false
      },
      "name": "[concat(parameters('workspace'),'/Microsoft.SecurityInsights/', 'azuresentinel.azure-sentinel-solution-arubaclearpass')]"
    },
    {
      "name": "[concat(parameters('workspace'),'/Microsoft.SecurityInsights/','ArubaClearPass')]",
      "apiVersion": "2021-03-01-preview",
      "type": "Microsoft.OperationalInsights/workspaces/providers/dataConnectors",
      "location": "[parameters('workspace-location')]",
      "kind": "GenericUI",
      "properties": {
        "connectorUiConfig": {
          "id": "ArubaClearPass",
          "title": "[Deprecated] Aruba ClearPass via Legacy Agent",
          "publisher": "Aruba Networks",
          "descriptionMarkdown": "The [Aruba ClearPass](https://www.arubanetworks.com/products/security/network-access-control/secure-access/) connector allows you to easily connect your Aruba ClearPass with Microsoft Sentinel, to create custom dashboards, alerts, and improve investigation. This gives you more insight into your organization’s network and improves your security operation capabilities.",
          "additionalRequirementBanner": "These queries are dependent on a parser based on a Kusto Function deployed as part of the solution.",
          "graphQueries": [
            {
              "metricName": "Total data received",
              "legend": "ArubaClearPass",
              "baseQuery": "CommonSecurityLog\n| where DeviceVendor == \"Aruba Networks\" and DeviceProduct == \"ClearPass\""
            }
          ],
          "sampleQueries": [
            {
              "description": "Top 10 Events by Username",
              "query": "ArubaClearPass \n | summarize count() by UserName \n| top 10 by count_"
            },
            {
              "description": "Top 10 Error Codes",
              "query": "ArubaClearPass \n | summarize count() by ErrorCode \n| top 10 by count_"
            }
          ],
          "connectivityCriterias": [
            {
              "type": "IsConnectedQuery",
              "value": [
                "CommonSecurityLog\n| where DeviceVendor == \"Aruba Networks\" and DeviceProduct == \"ClearPass\"\n | summarize LastLogReceived = max(TimeGenerated)\n | project IsConnected = LastLogReceived > ago(30d)"
              ]
            }
          ],
          "dataTypes": [
            {
              "name": "CommonSecurityLog (ArubaClearPass)",
              "lastDataReceivedQuery": "CommonSecurityLog\n| where DeviceVendor == \"Aruba Networks\" and DeviceProduct == \"ClearPass\"\n | summarize Time = max(TimeGenerated)\n | where isnotempty(Time)"
            }
          ],
          "availability": {
            "status": 1,
            "isPreview": false
          },
          "permissions": {
            "resourceProvider": [
              {
                "provider": "Microsoft.OperationalInsights/workspaces",
                "permissionsDisplayText": "read and write permissions are required.",
                "providerDisplayName": "Workspace",
                "scope": "Workspace",
                "requiredPermissions": {
                  "read": true,
                  "write": true,
                  "delete": true
                }
              },
              {
                "provider": "Microsoft.OperationalInsights/workspaces/sharedKeys",
                "permissionsDisplayText": "read permissions to shared keys for the workspace are required. [See the documentation to learn more about workspace keys](https://docs.microsoft.com/azure/azure-monitor/platform/agent-windows#obtain-workspace-id-and-key).",
                "providerDisplayName": "Keys",
                "scope": "Workspace",
                "requiredPermissions": {
                  "action": true
                }
              }
            ]
          },
          "instructionSteps": [
            {
              "description": "**NOTE:** This data connector depends on a parser based on a Kusto Function to work as expected which is deployed as part of the solution. To view the function code in Log Analytics, open Log Analytics/Microsoft Sentinel Logs blade, click Functions and search for the alias ArubaClearPass and load the function code or click [here](https://github.com/Azure/Azure-Sentinel/blob/master/Solutions/Aruba%20ClearPass/Parsers/ArubaClearPass.txt).The function usually takes 10-15 minutes to activate after solution installation/update."
            },
            {
              "description": "Install and configure the Linux agent to collect your Common Event Format (CEF) Syslog messages and forward them to Microsoft Sentinel.\n\n> Notice that the data from all regions will be stored in the selected workspace",
              "innerSteps": [
                {
                  "title": "1.1 Select or create a Linux machine",
                  "description": "Select or create a Linux machine that Microsoft Sentinel will use as the proxy between your security solution and Microsoft Sentinel this machine can be on your on-prem environment, Azure or other clouds."
                },
                {
                  "title": "1.2 Install the CEF collector on the Linux machine",
                  "description": "Install the Microsoft Monitoring Agent on your Linux machine and configure the machine to listen on the necessary port and forward messages to your Microsoft Sentinel workspace. The CEF collector collects CEF messages on port 514 TCP.\n\n> 1. Make sure that you have Python on your machine using the following command: python -version.\n\n> 2. You must have elevated permissions (sudo) on your machine.",
                  "instructions": [
                    {
                      "parameters": {
                        "fillWith": [
                          "WorkspaceId",
                          "PrimaryKey"
                        ],
                        "label": "Run the following command to install and apply the CEF collector:",
                        "value": "sudo wget -O cef_installer.py https://raw.githubusercontent.com/Azure/Azure-Sentinel/master/DataConnectors/CEF/cef_installer.py&&sudo python cef_installer.py {0} {1}"
                      },
                      "type": "CopyableLabel"
                    }
                  ]
                }
              ],
              "title": "1. Linux Syslog agent configuration"
            },
            {
              "description": "Configure Aruba ClearPass to forward Syslog messages in CEF format to your Microsoft Sentinel workspace via the Syslog agent.\n1. [Follow these instructions](https://www.arubanetworks.com/techdocs/ClearPass/6.7/PolicyManager/Content/CPPM_UserGuide/Admin/syslogExportFilters_add_syslog_filter_general.htm) to configure the Aruba ClearPass to forward syslog.\n2. Use the IP address or hostname for the Linux device with the Linux agent installed as the Destination IP address.",
              "title": "2. Forward Aruba ClearPass logs to a Syslog agent"
            },
            {
              "description": "Follow the instructions to validate your connectivity:\n\nOpen Log Analytics to check if the logs are received using the CommonSecurityLog schema.\n\n>It may take about 20 minutes until the connection streams data to your workspace.\n\nIf the logs are not received, run the following connectivity validation script:\n\n> 1. Make sure that you have Python on your machine using the following command: python -version\n\n>2. You must have elevated permissions (sudo) on your machine",
              "instructions": [
                {
                  "parameters": {
                    "fillWith": [
                      "WorkspaceId"
                    ],
                    "label": "Run the following command to validate your connectivity:",
                    "value": "sudo wget -O cef_troubleshoot.py https://raw.githubusercontent.com/Azure/Azure-Sentinel/master/DataConnectors/CEF/cef_troubleshoot.py&&sudo python cef_troubleshoot.py  {0}"
                  },
                  "type": "CopyableLabel"
                }
              ],
              "title": "3. Validate connection"
            },
            {
              "description": "Make sure to configure the machine's security according to your organization's security policy\n\n\n[Learn more >](https://aka.ms/SecureCEF)",
              "title": "4. Secure your machine "
            }
          ]
        }
      }
    },
    {
      "type": "Microsoft.OperationalInsights/workspaces/providers/metadata",
      "apiVersion": "2023-04-01-preview",
      "name": "[concat(parameters('workspace'),'/Microsoft.SecurityInsights/',concat('DataConnector-', last(split(extensionResourceId(resourceId('Microsoft.OperationalInsights/workspaces', parameters('workspace')), 'Microsoft.SecurityInsights/dataConnectors', 'ArubaClearPass'),'/'))))]",
      "properties": {
        "parentId": "[extensionResourceId(resourceId('Microsoft.OperationalInsights/workspaces', parameters('workspace')), 'Microsoft.SecurityInsights/dataConnectors', 'ArubaClearPass')]",
        "contentId": "ArubaClearPass",
        "kind": "DataConnector",
        "version": "1.0.0",
        "source": {
          "kind": "Solution",
          "name": "Aruba ClearPass",
          "sourceId": "azuresentinel.azure-sentinel-solution-arubaclearpass"
        },
        "author": {
          "name": "Aruba Networks"
        },
        "support": {
          "tier": "Microsoft",
          "name": "Microsoft Corporation",
          "email": "support@microsoft.com",
          "link": "https://support.microsoft.com/"
        }
      }
    }
  ]
}