{
  "$schema": "https://schema.management.azure.com/schemas/2019-04-01/deploymentTemplate.json#",
  "contentVersion": "1.0",
  "parameters": {
    "location": {
      "type": "string",
      "minLength": 1,
      "defaultValue": "[resourceGroup().location]",
      "metadata": {
        "description": "Not used, but needed to pass arm-ttk test `Location-Should-Not-Be-Hardcoded`.  We instead use the `workspace-location` which is derived from the LA workspace"
      }
    },
    "workspace-location": {
      "type": "string",
      "defaultValue": "",
      "metadata": {
        "description": "[concat('Region to deploy solution resources -- separate from location selection',parameters('location'))]"
      }
    },
    "workspace": {
      "defaultValue": "",
      "type": "string",
      "metadata": {
        "description": "Workspace name for Log Analytics where Microsoft Sentinel is setup"
      }
    }
  },
  "resources": [
    {
      "type": "Microsoft.OperationalInsights/workspaces/providers/contentTemplates",
      "apiVersion": "2023-04-01-preview",
      "name": "[concat(parameters('workspace'),'/Microsoft.SecurityInsights/',concat(parameters('workspace'),'-pl-',uniquestring('Jira-CreateAndUpdateIssue')))]",
      "location": "[parameters('workspace-location')]",
      "dependsOn": [
        "[extensionResourceId(resourceId('Microsoft.OperationalInsights/workspaces', parameters('workspace')), 'Microsoft.SecurityInsights/contentPackages', 'azuresentinel.azure-sentinel-solution-atlassianjiraaudit')]"
      ],
      "properties": {
        "description": "Jira-CreateAndUpdateIssue Playbook with template version 3.0.0",
        "mainTemplate": {
          "$schema": "https://schema.management.azure.com/schemas/2019-04-01/deploymentTemplate.json#",
          "contentVersion": "1.0",
          "parameters": {
            "PlaybookName": {
              "defaultValue": "Jira-CreateAndUpdateIssue",
              "type": "string"
            }
          },
          "variables": {
            "JiraConnectionName": "[[concat('Jira-', parameters('PlaybookName'))]",
            "MicrosoftSentinelConnectionName": "[[concat('MicrosoftSentinel-', parameters('PlaybookName'))]",
            "connection-2": "[[concat('/subscriptions/', subscription().subscriptionId, '/providers/Microsoft.Web/locations/', variables('workspace-location-inline'), '/managedApis/Jira')]",
            "_connection-2": "[[variables('connection-2')]",
            "connection-3": "[[concat('/subscriptions/', subscription().subscriptionId, '/providers/Microsoft.Web/locations/', variables('workspace-location-inline'), '/managedApis/Azuresentinel')]",
            "_connection-3": "[[variables('connection-3')]",
            "workspace-location-inline": "[concat('[resourceGroup().locatio', 'n]')]",
            "workspace-name": "[parameters('workspace')]",
            "workspaceResourceId": "[[resourceId('microsoft.OperationalInsights/Workspaces', variables('workspace-name'))]"
          },
          "resources": [
            {
              "properties": {
                "provisioningState": "Succeeded",
                "state": "Enabled",
                "definition": {
                  "$schema": "https://schema.management.azure.com/providers/Microsoft.Logic/schemas/2016-06-01/workflowdefinition.json#",
                  "contentVersion": "1.0.0.0",
                  "parameters": {
                    "$connections": {
                      "type": "Object"
                    }
                  },
                  "triggers": {
                    "Microsoft_Sentinel_incident": {
                      "type": "ApiConnectionWebhook",
                      "inputs": {
                        "body": {
                          "callback_url": "@{listCallbackUrl()}"
                        },
                        "host": {
                          "connection": {
                            "name": "@parameters('$connections')['microsoftsentinel']['connectionId']"
                          }
                        },
                        "path": "/incident-creation"
                      }
                    }
                  },
                  "actions": {
                    "Condition_-_create_or_update_incident": {
                      "actions": {
                        "Create_a_new_issue": {
                          "type": "ApiConnection",
                          "inputs": {
                            "body": {
                              "fields": {
                                "description": "Incident description: @{triggerBody()?['object']?['properties']?['description']};\nSeverity: @{triggerBody()?['object']?['properties']?['severity']};\nIncident URL:  @{triggerBody()?['object']?['properties']?['incidentUrl']}",
                                "issuetype": {
                                  "id": "10001"
                                },
                                "summary": "@triggerBody()?['object']?['properties']?['title']"
                              }
                            },
                            "host": {
                              "connection": {
                                "name": "@parameters('$connections')['Jira']['connectionId']"
                              }
                            },
                            "method": "post",
                            "path": "/issue",
                            "queries": {
                              "projectKey": "SEN"
                            }
                          }
                        },
                        "Update_incident": {
                          "runAfter": {
                            "Create_a_new_issue": [
                              "Succeeded"
                            ]
                          },
                          "type": "ApiConnection",
                          "inputs": {
                            "body": {
                              "incidentArmId": "@triggerBody()?['object']?['id']",
                              "tagsToAdd": {
                                "TagsToAdd": [
                                  {
                                    "Tag": "Jira Issue ID: @{body('Create_a_new_issue')?['id']}"
                                  }
                                ]
                              }
                            },
                            "host": {
                              "connection": {
                                "name": "@parameters('$connections')['microsoftsentinel']['connectionId']"
                              }
                            },
                            "method": "put",
                            "path": "/Incidents"
                          }
                        }
                      },
                      "runAfter": {
                        "Initialize_variable_-_status": [
                          "Succeeded"
                        ]
                      },
                      "else": {
                        "actions": {
                          "For_each": {
                            "foreach": "@triggerBody()?['object']?['properties']?['labels']",
                            "actions": {
                              "Condition": {
                                "actions": {
                                  "Add_comment": {
                                    "runAfter": {
                                      "Condition_-_status_update": [
                                        "Succeeded"
                                      ]
                                    },
                                    "type": "ApiConnection",
                                    "inputs": {
                                      "body": {
                                        "body": "Microsoft Sentinel incident is updated:\n\nUpdate fields: @{join(triggerBody()?['incidentUpdates']?['updatedFields'], '; ')}\nUpdate by: @{triggerBody()?['incidentUpdates']?['updatedBy']?['name']}\n\nNew values:\n@{outputs('Compose_alert')}\n@{outputs('Compose_severity')}\n@{outputs('Compose_owner')}\n@{outputs('Compose_status')}\n@{outputs('Compose_tag')}\n@{outputs('Compose_comment')}\n@{outputs('Compose_tactics')}"
                                      },
                                      "host": {
                                        "connection": {
                                          "name": "@parameters('$connections')['Jira']['connectionId']"
                                        }
                                      },
                                      "method": "post",
                                      "path": "/issue/@{encodeURIComponent(variables('Jira ID'))}/comment"
                                    }
                                  },
                                  "Condition_-_alert_updated": {
                                    "actions": {
                                      "Compose_alert": {
                                        "runAfter": {
                                          "For_each_-_new_alert": [
                                            "Succeeded"
                                          ]
                                        },
                                        "type": "Compose",
                                        "inputs": "Alerts: @{variables('New alert')}"
                                      },
                                      "For_each_-_new_alert": {
                                        "foreach": "@triggerBody()?['incidentUpdates']?['alerts']",
                                        "actions": {
                                          "Append_to_string_variable_-_alert": {
                                            "type": "AppendToStringVariable",
                                            "inputs": {
                                              "name": "New alert",
                                              "value": "@concat(items('For_each_-_new_alert')?['properties']?['alertDisplayName'], '; ')"
                                            }
                                          }
                                        },
                                        "type": "Foreach"
                                      }
                                    },
                                    "runAfter": {
                                      "Condition_-_comment_updated": [
                                        "Succeeded"
                                      ]
                                    },
                                    "expression": {
                                      "and": [
                                        {
                                          "contains": [
                                            "@triggerBody()?['incidentUpdates']?['updatedFields']",
                                            "Alerts"
                                          ]
                                        }
                                      ]
                                    },
                                    "type": "If"
                                  },
                                  "Condition_-_comment_updated": {
                                    "actions": {
                                      "Compose_comment": {
                                        "runAfter": {
                                          "For_each_-_new_comment": [
                                            "Succeeded"
                                          ]
                                        },
                                        "type": "Compose",
                                        "inputs": "Comment: @{variables('New comments')}"
                                      },
                                      "For_each_-_new_comment": {
                                        "foreach": "@triggerBody()?['incidentUpdates']?['comments']",
                                        "actions": {
                                          "Append_to_string_variable_-_comment": {
                                            "type": "AppendToStringVariable",
                                            "inputs": {
                                              "name": "New comments",
                                              "value": "@concat(items('For_each_-_new_comment')?['properties']?['message'], '; ')"
                                            }
                                          }
                                        },
                                        "type": "Foreach"
                                      }
                                    },
                                    "runAfter": {
                                      "Set_variable_-_Jira_ID": [
                                        "Succeeded"
                                      ]
                                    },
                                    "expression": {
                                      "and": [
                                        {
                                          "contains": [
                                            "@triggerBody()?['incidentUpdates']?['updatedFields']",
                                            "Comments"
                                          ]
                                        }
                                      ]
                                    },
                                    "type": "If"
                                  },
                                  "Condition_-_owner_update": {
                                    "actions": {
                                      "Append_to_string_variable_-_owner": {
                                        "type": "AppendToStringVariable",
                                        "inputs": {
                                          "name": "New owner",
                                          "value": "@triggerBody()?['object']?['properties']?['owner']?['assignedTo']"
                                        }
                                      },
                                      "Compose_owner": {
                                        "runAfter": {
                                          "Append_to_string_variable_-_owner": [
                                            "Succeeded"
                                          ]
                                        },
                                        "type": "Compose",
                                        "inputs": "Owner: @{variables('New owner')}"
                                      }
                                    },
                                    "runAfter": {
                                      "Condition_-_tag_updated": [
                                        "Succeeded"
                                      ]
                                    },
                                    "expression": {
                                      "and": [
                                        {
                                          "contains": [
                                            "@triggerBody()?['incidentUpdates']?['updatedFields']",
                                            "Owner"
                                          ]
                                        }
                                      ]
                                    },
                                    "type": "If"
                                  },
                                  "Condition_-_severity_update": {
                                    "actions": {
                                      "Append_to_string_variable_-_severity": {
                                        "type": "AppendToStringVariable",
                                        "inputs": {
                                          "name": "New severity",
                                          "value": "@triggerBody()?['object']?['properties']?['severity']"
                                        }
                                      },
                                      "Compose_severity": {
                                        "runAfter": {
                                          "Append_to_string_variable_-_severity": [
                                            "Succeeded"
                                          ]
                                        },
                                        "type": "Compose",
                                        "inputs": "Severity: @{variables('New severity')}"
                                      }
                                    },
                                    "runAfter": {
                                      "Condition_-_owner_update": [
                                        "Succeeded"
                                      ]
                                    },
                                    "expression": {
                                      "and": [
                                        {
                                          "contains": [
                                            "@triggerBody()?['incidentUpdates']?['updatedFields']",
                                            "Severity"
                                          ]
                                        }
                                      ]
                                    },
                                    "type": "If"
                                  },
                                  "Condition_-_status_update": {
                                    "actions": {
                                      "Append_to_string_variable_-_status": {
                                        "type": "AppendToStringVariable",
                                        "inputs": {
                                          "name": "New status",
                                          "value": "@triggerBody()?['object']?['properties']?['status']"
                                        }
                                      },
                                      "Compose_status": {
                                        "runAfter": {
                                          "Append_to_string_variable_-_status": [
                                            "Succeeded"
                                          ]
                                        },
                                        "type": "Compose",
                                        "inputs": "Status: @{variables('New status')}"
                                      }
                                    },
                                    "runAfter": {
                                      "Condition_-_tactics_update": [
                                        "Succeeded"
                                      ]
                                    },
                                    "expression": {
                                      "and": [
                                        {
                                          "contains": [
                                            "@triggerBody()?['incidentUpdates']?['updatedFields']",
                                            "Status"
                                          ]
                                        }
                                      ]
                                    },
                                    "type": "If"
                                  },
                                  "Condition_-_tactics_update": {
                                    "actions": {
                                      "Compose_tactics": {
                                        "type": "Compose",
                                        "inputs": "Tactics: @{join(triggerBody()?['incidentUpdates']?['tactics'], '; ')}"
                                      }
                                    },
                                    "runAfter": {
                                      "Condition_-_severity_update": [
                                        "Succeeded"
                                      ]
                                    },
                                    "expression": {
                                      "and": [
                                        {
                                          "contains": [
                                            "@triggerBody()?['incidentUpdates']?['updatedFields']",
                                            "Tactics"
                                          ]
                                        }
                                      ]
                                    },
                                    "type": "If"
                                  },
                                  "Condition_-_tag_updated": {
                                    "actions": {
                                      "Compose_tag": {
                                        "runAfter": {
                                          "For_each_-_new_tag": [
                                            "Succeeded"
                                          ]
                                        },
                                        "type": "Compose",
                                        "inputs": "Tags: @{variables('New tag')}"
                                      },
                                      "For_each_-_new_tag": {
                                        "foreach": "@triggerBody()?['incidentUpdates']?['labels']",
                                        "actions": {
                                          "Append_to_string_variable_-_tag": {
                                            "type": "AppendToStringVariable",
                                            "inputs": {
                                              "name": "New tag",
                                              "value": "@concat(items('For_each_-_new_tag')?['labelName'], '; ')"
                                            }
                                          }
                                        },
                                        "type": "Foreach"
                                      }
                                    },
                                    "runAfter": {
                                      "Condition_-_alert_updated": [
                                        "Succeeded"
                                      ]
                                    },
                                    "expression": {
                                      "and": [
                                        {
                                          "contains": [
                                            "@triggerBody()?['incidentUpdates']?['updatedFields']",
                                            "Labels"
                                          ]
                                        }
                                      ]
                                    },
                                    "type": "If"
                                  },
                                  "Set_variable_-_Jira_ID": {
                                    "type": "SetVariable",
                                    "inputs": {
                                      "name": "Jira ID",
                                      "value": "@{split(items('For_each')?['labelName'],': ')[1]}"
                                    }
                                  }
                                },
                                "expression": {
                                  "and": [
                                    {
                                      "contains": [
                                        "@items('For_each')?['labelName']",
                                        "Jira"
                                      ]
                                    }
                                  ]
                                },
                                "type": "If"
                              }
                            },
                            "type": "Foreach"
                          }
                        }
                      },
                      "expression": {
                        "and": [
                          {
                            "equals": [
                              "@triggerBody()?['incidentUpdates']?['updatedFields']",
                              "@null"
                            ]
                          }
                        ]
                      },
                      "type": "If"
                    },
                    "Initialize_variable_-_Jira_ID": {
                      "type": "InitializeVariable",
                      "inputs": {
                        "variables": [
                          {
                            "name": "Jira ID",
                            "type": "string"
                          }
                        ]
                      }
                    },
                    "Initialize_variable_-_alert": {
                      "runAfter": {
                        "Initialize_variable_-_comment": [
                          "Succeeded"
                        ]
                      },
                      "type": "InitializeVariable",
                      "inputs": {
                        "variables": [
                          {
                            "name": "New alert",
                            "type": "string"
                          }
                        ]
                      }
                    },
                    "Initialize_variable_-_comment": {
                      "runAfter": {
                        "Initialize_variable_-_Jira_ID": [
                          "Succeeded"
                        ]
                      },
                      "type": "InitializeVariable",
                      "inputs": {
                        "variables": [
                          {
                            "name": "New comments",
                            "type": "string"
                          }
                        ]
                      }
                    },
                    "Initialize_variable_-_owner": {
                      "runAfter": {
                        "Initialize_variable_-_tag": [
                          "Succeeded"
                        ]
                      },
                      "type": "InitializeVariable",
                      "inputs": {
                        "variables": [
                          {
                            "name": "New owner",
                            "type": "string"
                          }
                        ]
                      }
                    },
                    "Initialize_variable_-_severity": {
                      "runAfter": {
                        "Initialize_variable_-_owner": [
                          "Succeeded"
                        ]
                      },
                      "type": "InitializeVariable",
                      "inputs": {
                        "variables": [
                          {
                            "name": "New severity",
                            "type": "string"
                          }
                        ]
                      }
                    },
                    "Initialize_variable_-_status": {
                      "runAfter": {
                        "Initialize_variable_-_severity": [
                          "Succeeded"
                        ]
                      },
                      "type": "InitializeVariable",
                      "inputs": {
                        "variables": [
                          {
                            "name": "New status",
                            "type": "string"
                          }
                        ]
                      }
                    },
                    "Initialize_variable_-_tag": {
                      "runAfter": {
                        "Initialize_variable_-_alert": [
                          "Succeeded"
                        ]
                      },
                      "type": "InitializeVariable",
                      "inputs": {
                        "variables": [
                          {
                            "name": "New tag",
                            "type": "string"
                          }
                        ]
                      }
                    }
                  }
                },
                "parameters": {
                  "$connections": {
                    "value": {
                      "Jira": {
                        "connectionId": "[[resourceId('Microsoft.Web/connections', variables('JiraConnectionName'))]",
                        "connectionName": "[[variables('JiraConnectionName')]",
                        "id": "[[concat('/subscriptions/', subscription().subscriptionId, '/providers/Microsoft.Web/locations/', variables('workspace-location-inline'), '/managedApis/Jira')]"
                      },
                      "microsoftsentinel": {
                        "connectionId": "[[resourceId('Microsoft.Web/connections', variables('MicrosoftSentinelConnectionName'))]",
                        "connectionName": "[[variables('MicrosoftSentinelConnectionName')]",
                        "id": "[[concat('/subscriptions/', subscription().subscriptionId, '/providers/Microsoft.Web/locations/', variables('workspace-location-inline'), '/managedApis/Azuresentinel')]",
                        "connectionProperties": {
                          "authentication": {
                            "type": "ManagedServiceIdentity"
                          }
                        }
                      }
                    }
                  }
                }
              },
              "name": "[[parameters('PlaybookName')]",
              "type": "Microsoft.Logic/workflows",
              "location": "[[variables('workspace-location-inline')]",
              "tags": {
                "hidden-SentinelTemplateName": "CreateAndUpdateJiraIssue",
                "hidden-SentinelTemplateVersion": "1.0",
                "hidden-SentinelWorkspaceId": "[[resourceId('microsoft.OperationalInsights/Workspaces', parameters('workspace'))]"
              },
              "identity": {
                "type": "SystemAssigned"
              },
              "apiVersion": "2017-07-01",
              "dependsOn": [
                "[[resourceId('Microsoft.Web/connections', variables('JiraConnectionName'))]",
                "[[resourceId('Microsoft.Web/connections', variables('MicrosoftSentinelConnectionName'))]"
              ]
            },
            {
              "type": "Microsoft.Web/connections",
              "apiVersion": "2016-06-01",
              "name": "[[variables('JiraConnectionName')]",
              "location": "[[variables('workspace-location-inline')]",
              "kind": "V1",
              "properties": {
                "displayName": "[[variables('JiraConnectionName')]",
                "api": {
                  "id": "[[variables('_connection-2')]"
                }
              }
            },
            {
              "type": "Microsoft.Web/connections",
              "apiVersion": "2016-06-01",
              "name": "[[variables('MicrosoftSentinelConnectionName')]",
              "location": "[[variables('workspace-location-inline')]",
              "kind": "V1",
              "properties": {
                "displayName": "[[variables('MicrosoftSentinelConnectionName')]",
                "parameterValueType": "Alternative",
                "api": {
                  "id": "[[variables('_connection-3')]"
                }
              }
            },
            {
              "type": "Microsoft.OperationalInsights/workspaces/providers/metadata",
              "apiVersion": "2022-01-01-preview",
              "name": "[concat(parameters('workspace'),'/Microsoft.SecurityInsights/',concat('Playbook-', last(split(resourceId('Microsoft.Logic/workflows', 'Jira-CreateAndUpdateIssue'),'/'))))]",
              "properties": {
                "parentId": "[resourceId('Microsoft.Logic/workflows', 'Jira-CreateAndUpdateIssue')]",
                "contentId": "Jira-CreateAndUpdateIssue",
                "kind": "Playbook",
                "version": "1.0",
                "source": {
                  "kind": "Solution",
                  "name": "AtlassianJiraAudit",
                  "sourceId": "azuresentinel.azure-sentinel-solution-atlassianjiraaudit"
                },
                "author": {
                  "name": "Microsoft",
                  "email": "support@microsoft.com"
                },
                "support": {
                  "name": "Microsoft Corporation",
                  "email": "support@microsoft.com",
                  "tier": "Microsoft",
                  "link": "https://support.microsoft.com"
                }
              }
            }
          ],
          "metadata": {
            "title": "Create And Update Jira Issue",
            "description": "This playbook will create or update incident in Jira. When incident is created, playbook will run and create issue in Jira. When incident is updated, playbook will run and add update to comment section.",
            "prerequisites": [
              "We will need following data to make Jira connector:",
              "1. Jira instance (ex. xyz.atlassian.net)",
              "2. Jira API (create API token on https://id.atlassian.com/manage-profile/security/api-tokens)",
              "3. User email"
            ],
            "postDeployment": [
              "1. Add Microsoft Sentinel Responder role to the playbook's managed identity.",
              "2. Authorize Jira connection with: Jira instance, API token, user name.",
              "3. Create an automation rules for when incident is created or updated and add this playbook as an action"
            ],
            "lastUpdateTime": "2022-07-20T00:00:00Z",
            "tags": [
              "Sync",
              "Incident Update"
            ],
            "releaseNotes": [
              {
                "version": "1.0.0",
                "title": "Create And Update Jira Issue",
                "notes": [
                  "Initial version"
                ]
              }
            ]
          }
        },
        "packageKind": "Solution",
        "packageVersion": "3.0.0",
        "packageName": "AtlassianJiraAudit",
        "packageId": "azuresentinel.azure-sentinel-solution-atlassianjiraaudit",
        "contentSchemaVersion": "3.0.0",
        "contentId": "Jira-CreateAndUpdateIssue",
        "contentKind": "Playbook",
        "displayName": "Jira-CreateAndUpdateIssue",
        "contentProductId": "azuresentinel.azure-sentinel-solution-atlassianjir-pl-gjjjev7uiy2k6",
        "id": "azuresentinel.azure-sentinel-solution-atlassianjir-pl-gjjjev7uiy2k6",
        "version": "1.0",
        "isDeprecated": false
      }
    },
    {
      "type": "Microsoft.OperationalInsights/workspaces/providers/contentPackages",
      "apiVersion": "2023-04-01-preview",
      "location": "[parameters('workspace-location')]",
      "properties": {
        "version": "3.0.0",
        "kind": "Solution",
        "contentSchemaVersion": "3.0.0",
        "displayName": "Atlassian Jira Audit",
        "publisherDisplayName": "Microsoft Sentinel, Microsoft Corporation",
        "descriptionHtml": "<p><strong>Note:</strong> Please refer to the following before installing the solution:</p><p>• Review the solution <a target=\"_blank\" href=\"https://github.com/Azure/Azure-Sentinel/tree/master/Solutions/AtlassianJiraAudit/ReleaseNotes.md\" rel=\"noopener\">Release Notes</a></p><p>• There may be <a target=\"_blank\" href=\"https://aka.ms/sentinelsolutionsknownissues\" rel=\"noopener\">known issues</a> pertaining to this Solution, please refer to them before installing.</p><p>The <a target=\"_blank\" href=\"https://www.atlassian.com/software/jira\" rel=\"noopener\">Atlassian Jira</a> Audit solution provides the capability to ingest <a target=\"_blank\" href=\"https://support.atlassian.com/jira-cloud-administration/docs/audit-activities-in-jira-applications/\" rel=\"noopener\">Jira Audit Records</a> events into Microsoft Sentinel through the REST API. Refer to <a target=\"_blank\" href=\"https://developer.atlassian.com/cloud/jira/platform/rest/v3/api-group-audit-records/\" rel=\"noopener\">API documentation</a> for more information.</p><p><strong>Underlying Microsoft Technologies used:</strong></p><p>This solution takes a dependency on the following technologies, and some of these dependencies either may be in <a target=\"_blank\" href=\"https://azure.microsoft.com/support/legal/preview-supplemental-terms/\" rel=\"noopener\">Preview</a> state or might result in additional ingestion or operational costs.</p><p>a. <a target=\"_blank\" href=\"https://docs.microsoft.com/azure/azure-monitor/logs/data-collector-api?WT.mc_id=Portal-fx\" rel=\"noopener\">Azure Monitor HTTP Data Collector API</a></p><p>b.<a target=\"_blank\" href=\"https://azure.microsoft.com/services/functions/#overview\" rel=\"noopener\">Azure Functions</a></p><p><strong>Data Connectors:</strong> 1, <strong>Workbooks:</strong> 1, <strong>Analytic Rules:</strong> 10, <strong>Hunting Queries:</strong> 10, <strong>Playbooks:</strong> 7,<strong>Function App:</strong> 1</p><p><a target=\"_blank\" href=\"https://aka.ms/azuresentinel\" rel=\"noopener\">Learn more about Microsoft Sentinel</a> | <a target=\"_blank\" href=\"https://aka.ms/azuresentinelsolutionsdoc\" rel=\"noopener\">Learn more about Solutions</a></p>",
        "contentKind": "Solution",
        "contentProductId": "azuresentinel.azure-sentinel-solution-atlassianjir-sl-4wc4ipxhtq7ba",
        "id": "azuresentinel.azure-sentinel-solution-atlassianjir-sl-4wc4ipxhtq7ba",
        "icon": "https://store-images.s-microsoft.com/image/apps.50800.46bff4b5-9f45-4dd7-bd1d-8d8b93fcecb3.8de489ef-62ed-4112-9e97-6a8852e191e3.8c75feb8-152b-449e-a512-6013ab4a5e6f",
        "contentId": "azuresentinel.azure-sentinel-solution-atlassianjiraaudit",
        "parentId": "azuresentinel.azure-sentinel-solution-atlassianjiraaudit",
        "source": {
          "kind": "Solution",
          "name": "AtlassianJiraAudit",
          "sourceId": "azuresentinel.azure-sentinel-solution-atlassianjiraaudit"
        },
        "author": {
          "name": "Microsoft",
          "email": "support@microsoft.com"
        },
        "support": {
          "name": "Microsoft Corporation",
          "email": "support@microsoft.com",
          "tier": "Microsoft",
          "link": "https://support.microsoft.com"
        },
        "dependencies": {
          "operator": "AND",
          "criteria": [
            {
              "kind": "Workbook",
              "contentId": "AtlassianJiraAuditWorkbook",
              "version": "1.0.0"
            },
            {
              "kind": "AnalyticsRule",
              "contentId": "5b0cec45-4a91-4f08-bb1b-392427e8f440",
              "version": "1.0.0"
            },
            {
              "kind": "AnalyticsRule",
              "contentId": "b894593a-2b4c-4573-bc47-78715224a6f5",
              "version": "1.0.1"
            },
            {
              "kind": "AnalyticsRule",
              "contentId": "8c90f30f-c612-407c-91a0-c6a6b41ac199",
              "version": "1.0.0"
            },
            {
              "kind": "AnalyticsRule",
              "contentId": "72592618-fa57-45e1-9f01-ca8706a5e3f5",
              "version": "1.0.0"
            },
            {
              "kind": "AnalyticsRule",
              "contentId": "6bf42891-b54d-4b4e-8533-babc5b3ea4c5",
              "version": "1.0.1"
            },
            {
              "kind": "AnalyticsRule",
              "contentId": "fb6a8001-fe87-4177-a8f3-df2302215c4f",
              "version": "1.0.0"
            },
            {
              "kind": "AnalyticsRule",
              "contentId": "943176e8-b979-45c0-8ad3-58ba6cfd41f0",
              "version": "1.0.1"
            },
            {
              "kind": "AnalyticsRule",
              "contentId": "c13ecb19-4317-4d87-9a1c-52660dd44a7d",
              "version": "1.0.0"
            },
            {
              "kind": "AnalyticsRule",
              "contentId": "5d3af0aa-833e-48ed-a29a-8cfd2705c953",
              "version": "1.0.0"
            },
            {
              "kind": "AnalyticsRule",
              "contentId": "398aa0ca-45a2-4f79-bc21-ee583bbb63bc",
              "version": "1.0.0"
            },
            {
              "kind": "HuntingQuery",
              "contentId": "3fdc31f0-a166-4a4d-b861-f3cd262fd4a1",
              "version": "1.0.0"
            },
            {
              "kind": "HuntingQuery",
              "contentId": "aadc0945-a399-47ba-b285-c0c09ee06375",
              "version": "1.0.0"
            },
            {
              "kind": "HuntingQuery",
              "contentId": "103ccb8d-f910-4978-aba7-1ad598db822b",
              "version": "1.0.0"
            },
            {
              "kind": "HuntingQuery",
              "contentId": "e78cb74b-576b-4e35-a46c-8d328b2d4040",
              "version": "1.0.0"
            },
            {
              "kind": "HuntingQuery",
              "contentId": "eb409b8b-0267-4e95-b3a9-ee1a72c32409",
              "version": "1.0.0"
            },
            {
              "kind": "HuntingQuery",
              "contentId": "d208b406-1509-455c-8c7d-7ffe2f893f24",
              "version": "1.0.0"
            },
            {
              "kind": "HuntingQuery",
              "contentId": "3e6ff26d-05dc-4921-9a60-444a0e28cd45",
              "version": "1.0.0"
            },
            {
              "kind": "HuntingQuery",
              "contentId": "d4dd32bb-84a4-4fdc-9118-3039cbabb4f8",
              "version": "1.0.0"
            },
            {
              "kind": "HuntingQuery",
              "contentId": "2265bbd2-7e97-4d69-bdfc-eeb646730d8f",
              "version": "1.0.0"
            },
            {
              "kind": "HuntingQuery",
              "contentId": "2f875fa8-ced3-4059-b453-616dbc6eb276",
              "version": "1.0.0"
            },
            {
              "kind": "DataConnector",
              "contentId": "JiraAuditAPI",
              "version": "1.0.0"
            },
            {
              "kind": "Playbook",
              "contentId": "Create-Jira-Issue-alert-trigger",
              "version": "1.0"
            },
            {
              "kind": "Playbook",
              "contentId": "Create-Jira-Issue-incident-trigger",
              "version": "1.0"
            },
            {
              "kind": "Playbook",
              "contentId": "Jira-CreateAndUpdateIssue",
              "version": "1.0"
            },
            {
              "kind": "Playbook",
              "contentId": "Sync-AssignedUser",
              "version": "1.0"
            },
            {
              "kind": "Playbook",
              "contentId": "Add-JiraLinkComment",
              "version": "1.0"
            },
            {
              "kind": "AzureFunction",
              "contentId": "Sync-CommentsFunctionApp",
              "version": "1.0"
            },
            {
              "kind": "Playbook",
              "contentId": "Sync-Incidents",
              "version": "1.0"
            },
            {
              "kind": "Playbook",
              "contentId": "Sync-Status",
              "version": "1.0"
            }
          ]
        },
        "firstPublishDate": "2022-01-10",
        "providers": [
          "Atlassian"
        ],
        "categories": {
          "domains": [
            "DevOps",
            "Security - Automation (SOAR)"
          ]
        },
        "isPreview": false,
        "isDeprecated": false
      },
      "name": "[concat(parameters('workspace'),'/Microsoft.SecurityInsights/', 'azuresentinel.azure-sentinel-solution-atlassianjiraaudit')]"
    }
  ]
}