{
  "$schema": "https://schema.management.azure.com/schemas/2019-04-01/deploymentTemplate.json#",
  "contentVersion": "1.0.0",
  "parameters": {
    "location": {
      "type": "string",
      "minLength": 1,
      "defaultValue": "[resourceGroup().location]",
      "metadata": {
        "description": "Not used, but needed to pass arm-ttk test `Location-Should-Not-Be-Hardcoded`.  We instead use the `workspace-location` which is derived from the LA workspace"
      }
    },
    "workspace-location": {
      "type": "string",
      "defaultValue": "",
      "metadata": {
        "description": "[concat('Region to deploy solution resources -- separate from location selection',parameters('location'))]"
      }
    },
    "workspace": {
      "defaultValue": "",
      "type": "string",
      "metadata": {
        "description": "Workspace name for Log Analytics where Microsoft Sentinel is setup"
      }
    }
  },
  "resources": [
    {
      "type": "Microsoft.OperationalInsights/workspaces/providers/contentTemplates",
      "apiVersion": "2023-04-01-preview",
      "name": "[concat(parameters('workspace'),'/Microsoft.SecurityInsights/',concat(parameters('workspace'),'-wb-',uniquestring('AmazonWebServicesUserActivitiesWorkbook')))]",
      "location": "[parameters('workspace-location')]",
      "dependsOn": [
        "[extensionResourceId(resourceId('Microsoft.OperationalInsights/workspaces', parameters('workspace')), 'Microsoft.SecurityInsights/contentPackages', 'azuresentinel.azure-sentinel-solution-amazonwebservices')]"
      ],
      "properties": {
        "description": "AmazonWebServicesUserActivities Workbook with template version 3.0.0",
        "mainTemplate": {
          "$schema": "https://schema.management.azure.com/schemas/2019-04-01/deploymentTemplate.json#",
          "contentVersion": "1.0.0",
          "parameters": {},
          "variables": {},
          "resources": [
            {
              "type": "Microsoft.Insights/workbooks",
              "name": "AmazonWebServicesUserActivitiesWorkbook",
              "location": "[parameters('workspace-location')]",
              "kind": "shared",
              "apiVersion": "2021-08-01",
              "metadata": {
                "description": "Gain insights into AWS user activities, including failed sign-in attempts, IP addresses, regions, user agents, and identity types, as well as potential malicious user activities with assumed roles."
              },
              "properties": {
                "displayName": "AWS User Activities",
                "serializedData": "{\"version\":\"Notebook/1.0\",\"items\":[{\"type\":1,\"content\":{\"json\":\"## AWS user activities\"},\"name\":\"text - 1\"},{\"type\":9,\"content\":{\"version\":\"KqlParameterItem/1.0\",\"query\":\"\",\"parameters\":[{\"id\":\"b075dcf3-76b9-412a-8094-f7dfe264b4a1\",\"version\":\"KqlParameterItem/1.0\",\"name\":\"TimeRange\",\"type\":4,\"isRequired\":true,\"value\":{\"durationMs\":1209600000},\"typeSettings\":{\"selectableValues\":[{\"durationMs\":300000},{\"durationMs\":900000},{\"durationMs\":1800000},{\"durationMs\":3600000},{\"durationMs\":14400000},{\"durationMs\":43200000},{\"durationMs\":86400000},{\"durationMs\":172800000},{\"durationMs\":259200000},{\"durationMs\":604800000},{\"durationMs\":1209600000},{\"durationMs\":2419200000},{\"durationMs\":2592000000},{\"durationMs\":5184000000},{\"durationMs\":7776000000}],\"allowCustom\":true}}],\"style\":\"pills\",\"queryType\":0,\"resourceType\":\"microsoft.operationalinsights/workspaces\"},\"name\":\"parameters - 0\"},{\"type\":1,\"content\":{\"json\":\"### Signin and login events\"},\"name\":\"text - 6\"},{\"type\":3,\"content\":{\"version\":\"KqlItem/1.0\",\"query\":\"AWSCloudTrail\\r\\n| where EventName contains \\\"Login\\\"\\r\\n| project TimeGenerated, UserIdentityArn, SourceIpAddress, LoginResult = tostring(parse_json(ResponseElements).ConsoleLogin), EventName, UserIdentityUserName\\r\\n| where LoginResult != \\\"\\\"\\r\\n| summarize count() by TimeGenerated, LoginResult, EventName, UserIdentityUserName, bin(TimeGenerated, {TimeRange:grain})\",\"size\":0,\"exportToExcelOptions\":\"visible\",\"title\":\"Sign-in events\",\"timeContext\":{\"durationMs\":0},\"timeContextFromParameter\":\"TimeRange\",\"queryType\":0,\"resourceType\":\"microsoft.operationalinsights/workspaces\",\"visualization\":\"areachart\"},\"customWidth\":\"50\",\"name\":\"query - 2\"},{\"type\":3,\"content\":{\"version\":\"KqlItem/1.0\",\"query\":\"let data = AWSCloudTrail\\r\\n| where EventName contains \\\"Login\\\"\\r\\n| extend LoginResult = tostring(parse_json(ResponseElements).ConsoleLogin)\\r\\n| where LoginResult != \\\"\\\";\\r\\nlet appData = data\\r\\n| summarize TotalCount = count() by LoginResult\\r\\n| join kind=inner (data\\r\\n    | make-series Trend = count() default = 0 on TimeGenerated in range({TimeRange:start}, {TimeRange:end}, {TimeRange:grain}) by LoginResult\\r\\n    | project-away TimeGenerated) on LoginResult\\r\\n| order by TotalCount desc, LoginResult asc\\r\\n| project LoginResult, TotalCount, Trend\\r\\n| serialize Id = row_number();\\r\\ndata\\r\\n| summarize TotalCount = count() by EventName , LoginResult\\r\\n| join kind=inner (data\\r\\n    | make-series Trend = count() default = 0 on TimeGenerated in range({TimeRange:start}, {TimeRange:end}, {TimeRange:grain}) by LoginResult, EventName\\r\\n    | project-away TimeGenerated) on LoginResult, EventName\\r\\n| order by TotalCount desc, LoginResult asc\\r\\n| project LoginResult, EventName, TotalCount, Trend\\r\\n| serialize Id = row_number(1000000)\\r\\n| join kind=inner (appData) on LoginResult\\r\\n| project Id, Name = EventName, Type = 'EventName', ['LoginResults Count'] = TotalCount, Trend, ParentId = Id1\\r\\n| union (appData \\r\\n    | project Id, Name = LoginResult, Type = 'LoginResult', ['LoginResults Count'] = TotalCount,  Trend)\\r\\n| order by ['LoginResults Count'] desc, Name asc\",\"size\":0,\"exportToExcelOptions\":\"visible\",\"title\":\"Sign-in events results\",\"timeContext\":{\"durationMs\":0},\"timeContextFromParameter\":\"TimeRange\",\"queryType\":0,\"resourceType\":\"microsoft.operationalinsights/workspaces\",\"gridSettings\":{\"formatters\":[{\"columnMatch\":\"Id\",\"formatter\":5,\"formatOptions\":{\"showIcon\":true}},{\"columnMatch\":\"Name\",\"formatter\":18,\"formatOptions\":{\"showIcon\":true,\"thresholdsOptions\":\"icons\",\"thresholdsGrid\":[{\"operator\":\"==\",\"thresholdValue\":\"Success\",\"representation\":\"success\",\"text\":\"{0}{1}\"},{\"operator\":\"==\",\"thresholdValue\":\"Failure\",\"representation\":\"failed\",\"text\":\"{0}{1}\"},{\"operator\":\"Default\",\"representation\":\"Blank\",\"text\":\"{0}{1}\"}]}},{\"columnMatch\":\"Type\",\"formatter\":0,\"formatOptions\":{\"showIcon\":true}},{\"columnMatch\":\"LoginResults Count\",\"formatter\":8,\"formatOptions\":{\"min\":0,\"palette\":\"blueDark\",\"showIcon\":true}},{\"columnMatch\":\"Trend\",\"formatter\":9,\"formatOptions\":{\"min\":0,\"palette\":\"purple\",\"showIcon\":true}},{\"columnMatch\":\"ParentId\",\"formatter\":5,\"formatOptions\":{\"showIcon\":true}}],\"hierarchySettings\":{\"idColumn\":\"Id\",\"parentColumn\":\"ParentId\",\"treeType\":0,\"expanderColumn\":\"Name\"}}},\"customWidth\":\"50\",\"name\":\"query - 3\"},{\"type\":3,\"content\":{\"version\":\"KqlItem/1.0\",\"query\":\"AWSCloudTrail\\r\\n| where EventName contains \\\"login\\\" or EventName contains \\\"signin\\\"\\r\\n| extend Result = tostring(parse_json(ResponseElements).ConsoleLogin)\\r\\n| where Result != \\\"\\\"\\r\\n| summarize Success = sum(Result == \\\"Success\\\"), Failure = sum(Result == \\\"Failure\\\") by UserIdentityUserName, UserIdentityAccountId, SourceIpAddress, EventName\\r\\n//| summarize NumberOfIPs = count() by UserIdentityUserName, UserIdentityAccountId, Success, Failure, EventName\\r\\n| sort by Failure desc \\r\\n\",\"size\":0,\"exportToExcelOptions\":\"visible\",\"title\":\"User sign-ins, by failure rate, and IP addresses\",\"timeContext\":{\"durationMs\":0},\"timeContextFromParameter\":\"TimeRange\",\"queryType\":0,\"resourceType\":\"microsoft.operationalinsights/workspaces\",\"gridSettings\":{\"formatters\":[{\"columnMatch\":\"UserIdentityUserName\",\"formatter\":5,\"formatOptions\":{\"showIcon\":true}},{\"columnMatch\":\"UserIdentityAccountId\",\"formatter\":0,\"formatOptions\":{\"showIcon\":true,\"aggregation\":\"Unique\"}},{\"columnMatch\":\"SourceIpAddress\",\"formatter\":0,\"formatOptions\":{\"showIcon\":true,\"aggregation\":\"Unique\"}},{\"columnMatch\":\"EventName\",\"formatter\":0,\"formatOptions\":{\"showIcon\":true,\"aggregation\":\"Unique\"}},{\"columnMatch\":\"Success\",\"formatter\":8,\"formatOptions\":{\"min\":0,\"palette\":\"greenRed\",\"showIcon\":true,\"aggregation\":\"Sum\"}},{\"columnMatch\":\"Failure\",\"formatter\":8,\"formatOptions\":{\"palette\":\"greenRed\",\"showIcon\":true,\"aggregation\":\"Sum\"}},{\"columnMatch\":\"NumberOfIPs\",\"formatter\":4,\"formatOptions\":{\"min\":0,\"palette\":\"blue\",\"showIcon\":true,\"aggregation\":\"Unique\"}},{\"columnMatch\":\"$gen_group\",\"formatter\":0,\"formatOptions\":{\"showIcon\":true}}],\"hierarchySettings\":{\"treeType\":1,\"groupBy\":[\"UserIdentityUserName\"]},\"sortBy\":[{\"itemKey\":\"$gen_heatmap_Failure_5\",\"sortOrder\":2}]}},\"customWidth\":\"50\",\"name\":\"query - 4\"},{\"type\":3,\"content\":{\"version\":\"KqlItem/1.0\",\"query\":\"AWSCloudTrail\\r\\n| where EventName contains \\\"login\\\" or EventName contains \\\"signin\\\"\\r\\n| summarize count() by Event = strcat(EventTypeName, \\\": \\\", EventName), bin(TimeGenerated, {TimeRange:grain})\\r\\n\",\"size\":0,\"exportToExcelOptions\":\"visible\",\"title\":\"Console and API signin events over time\",\"timeContext\":{\"durationMs\":0},\"timeContextFromParameter\":\"TimeRange\",\"queryType\":0,\"resourceType\":\"microsoft.operationalinsights/workspaces\",\"visualization\":\"barchart\"},\"customWidth\":\"50\",\"name\":\"query - 5\"},{\"type\":3,\"content\":{\"version\":\"KqlItem/1.0\",\"query\":\"AWSCloudTrail\\r\\n| where EventName contains \\\"Login\\\"\\r\\n| where tostring(parse_json(ResponseElements).ConsoleLogin) == \\\"Failure\\\"\\r\\n| summarize count() by UserIdentityUserName, UserIdentityArn, SourceIpAddress, ErrorMessage, UserAgent, AWSRegion,  TimeGenerated \",\"size\":0,\"exportToExcelOptions\":\"visible\",\"title\":\"Failed sign-ins\",\"timeContext\":{\"durationMs\":0},\"timeContextFromParameter\":\"TimeRange\",\"queryType\":0,\"resourceType\":\"microsoft.operationalinsights/workspaces\",\"gridSettings\":{\"formatters\":[{\"columnMatch\":\"UserIdentityUserName\",\"formatter\":7,\"formatOptions\":{\"linkTarget\":\"GenericDetails\",\"linkIsContextBlade\":true,\"showIcon\":true}},{\"columnMatch\":\"UserIdentityArn\",\"formatter\":5,\"formatOptions\":{\"showIcon\":true}},{\"columnMatch\":\"SourceIpAddress\",\"formatter\":0,\"formatOptions\":{\"showIcon\":true}},{\"columnMatch\":\"ErrorMessage\",\"formatter\":0,\"formatOptions\":{\"showIcon\":true}},{\"columnMatch\":\"UserAgent\",\"formatter\":5,\"formatOptions\":{\"showIcon\":true}},{\"columnMatch\":\"AWSRegion\",\"formatter\":5,\"formatOptions\":{\"showIcon\":true}},{\"columnMatch\":\"TimeGenerated\",\"formatter\":6,\"formatOptions\":{\"showIcon\":true},\"dateFormat\":{\"formatName\":\"fullDateTimePattern\"}},{\"columnMatch\":\"count_\",\"formatter\":8,\"formatOptions\":{\"min\":0,\"palette\":\"redDark\",\"showIcon\":true}}],\"filter\":true}},\"name\":\"query - 8\"},{\"type\":1,\"content\":{\"json\":\"---\\r\\n### Activities, by user types\"},\"name\":\"text - 7\"},{\"type\":3,\"content\":{\"version\":\"KqlItem/1.0\",\"query\":\"AWSCloudTrail\\r\\n| where UserIdentityType == \\\"IAMUser\\\"\\r\\n| summarize NumberOfEvents = count() by UserIdentityUserName, bin(TimeGenerated, {TimeRange:grain})\\r\\n\",\"size\":0,\"exportToExcelOptions\":\"visible\",\"title\":\"Active users\",\"timeContext\":{\"durationMs\":0},\"timeContextFromParameter\":\"TimeRange\",\"queryType\":0,\"resourceType\":\"microsoft.operationalinsights/workspaces\",\"visualization\":\"barchart\"},\"customWidth\":\"33\",\"name\":\"query - 9\"},{\"type\":3,\"content\":{\"version\":\"KqlItem/1.0\",\"query\":\"AWSCloudTrail\\r\\n| summarize NumberOfEvents = count() by UserIdentityAccountId , bin(TimeGenerated, {TimeRange:grain})\\r\\n| where UserIdentityAccountId != \\\"\\\"\",\"size\":0,\"exportDefaultValue\":\"*\",\"exportToExcelOptions\":\"visible\",\"title\":\"Active account IDs\",\"timeContext\":{\"durationMs\":0},\"timeContextFromParameter\":\"TimeRange\",\"queryType\":0,\"resourceType\":\"microsoft.operationalinsights/workspaces\",\"visualization\":\"barchart\"},\"customWidth\":\"33\",\"name\":\"query - 10\"},{\"type\":3,\"content\":{\"version\":\"KqlItem/1.0\",\"query\":\"AWSCloudTrail\\r\\n| summarize count() by UserIdentityType, bin(TimeGenerated, {TimeRange:grain})\",\"size\":0,\"exportToExcelOptions\":\"visible\",\"title\":\"User identity types\",\"timeContext\":{\"durationMs\":0},\"timeContextFromParameter\":\"TimeRange\",\"queryType\":0,\"resourceType\":\"microsoft.operationalinsights/workspaces\",\"visualization\":\"barchart\"},\"customWidth\":\"33\",\"name\":\"query - 15\"},{\"type\":3,\"content\":{\"version\":\"KqlItem/1.0\",\"query\":\"AWSCloudTrail\\r\\n//| where UserIdentityAccountId != \\\"\\\"\\r\\n//| where UserIdentityUserName != \\\"\\\"\\r\\n| summarize NumberOfEvents = count() by UserIdentityAccountId, UserIdentityUserName, EventName,SourceIpAddress, UserIdentityType, EventTypeName, TimeGenerated\\r\\n| order by NumberOfEvents desc\",\"size\":0,\"showAnalytics\":true,\"exportToExcelOptions\":\"visible\",\"title\":\"Summary\",\"timeContext\":{\"durationMs\":0},\"timeContextFromParameter\":\"TimeRange\",\"queryType\":0,\"resourceType\":\"microsoft.operationalinsights/workspaces\",\"gridSettings\":{\"formatters\":[{\"columnMatch\":\"UserIdentityAccountId\",\"formatter\":7,\"formatOptions\":{\"linkTarget\":\"GenericDetails\",\"linkIsContextBlade\":true,\"showIcon\":true}},{\"columnMatch\":\"UserIdentityUserName\",\"formatter\":0,\"formatOptions\":{\"showIcon\":true}},{\"columnMatch\":\"EventName\",\"formatter\":5,\"formatOptions\":{\"showIcon\":true}},{\"columnMatch\":\"SourceIpAddress\",\"formatter\":5,\"formatOptions\":{\"showIcon\":true}},{\"columnMatch\":\"UserIdentityType\",\"formatter\":0,\"formatOptions\":{\"showIcon\":true}},{\"columnMatch\":\"EventTypeName\",\"formatter\":5,\"formatOptions\":{\"showIcon\":true}},{\"columnMatch\":\"TimeGenerated\",\"formatter\":5,\"formatOptions\":{\"showIcon\":true}},{\"columnMatch\":\"NumberOfEvents\",\"formatter\":4,\"formatOptions\":{\"min\":0,\"palette\":\"purple\",\"showIcon\":true}}],\"rowLimit\":1000,\"filter\":true}},\"customWidth\":\"50\",\"name\":\"query - 15\"},{\"type\":3,\"content\":{\"version\":\"KqlItem/1.0\",\"query\":\"AWSCloudTrail\\r\\n| where EventName == \\\"GetCallerIdentity\\\"\\r\\n| where UserIdentityType == \\\"AssumedRole\\\" \\r\\n| summarize Count = count() by SourceIpAddress, UserIdentityAccountId, UserIdentityPrincipalid, AWSRegion, TimeGenerated\\r\\n| sort by Count desc nulls last \",\"size\":0,\"exportToExcelOptions\":\"visible\",\"title\":\"Suspicious assumed-role account reconnaissance\",\"timeContext\":{\"durationMs\":0},\"timeContextFromParameter\":\"TimeRange\",\"queryType\":0,\"resourceType\":\"microsoft.operationalinsights/workspaces\",\"gridSettings\":{\"formatters\":[{\"columnMatch\":\"SourceIpAddress\",\"formatter\":0,\"formatOptions\":{\"showIcon\":true}},{\"columnMatch\":\"UserIdentityAccountId\",\"formatter\":0,\"formatOptions\":{\"showIcon\":true}},{\"columnMatch\":\"UserIdentityPrincipalid\",\"formatter\":0,\"formatOptions\":{\"showIcon\":true}},{\"columnMatch\":\"AWSRegion\",\"formatter\":0,\"formatOptions\":{\"showIcon\":true}},{\"columnMatch\":\"TimeGenerated\",\"formatter\":0,\"formatOptions\":{\"showIcon\":true}},{\"columnMatch\":\"Count\",\"formatter\":8,\"formatOptions\":{\"min\":0,\"palette\":\"redDark\",\"showIcon\":true}}]}},\"customWidth\":\"50\",\"name\":\"query - 11\"},{\"type\":1,\"content\":{\"json\":\"---\\r\\n### Region activities\"},\"name\":\"text - 19\"},{\"type\":3,\"content\":{\"version\":\"KqlItem/1.0\",\"query\":\"let data = AWSCloudTrail;\\r\\nlet appData = data\\r\\n| summarize TotalCount = count() by AWSRegion\\r\\n| join kind=inner (data\\r\\n    | make-series Trend = count() default = 0 on TimeGenerated in range({TimeRange:start}, {TimeRange:end}, {TimeRange:grain}) by AWSRegion\\r\\n    | project-away TimeGenerated) on AWSRegion\\r\\n| order by TotalCount desc, AWSRegion asc\\r\\n| project AWSRegion, TotalCount, Trend\\r\\n| serialize Id = row_number();\\r\\ndata\\r\\n| summarize TotalCount = count() by EventName , AWSRegion\\r\\n| join kind=inner (data\\r\\n    | make-series Trend = count() default = 0 on TimeGenerated in range({TimeRange:start}, {TimeRange:end}, {TimeRange:grain}) by AWSRegion, EventName\\r\\n    | project-away TimeGenerated) on AWSRegion, EventName\\r\\n| order by TotalCount desc, AWSRegion asc\\r\\n| project AWSRegion, EventName, TotalCount, Trend\\r\\n| serialize Id = row_number(1000000)\\r\\n| join kind=inner (appData) on AWSRegion\\r\\n| project Id, Name = EventName, Type = 'EventName', ['AWSRegions Count'] = TotalCount, Trend,  ParentId = Id1\\r\\n| union (appData \\r\\n    | project Id, Name = AWSRegion, Type = 'AWSRegion', ['AWSRegions Count'] = TotalCount,  Trend)\\r\\n| order by ['AWSRegions Count'] desc, Name asc\",\"size\":0,\"exportParameterName\":\"RegionFilter\",\"exportDefaultValue\":\"{ \\\"Name\\\":\\\"\\\", \\\"Type\\\":\\\"*\\\"}\",\"showAnalytics\":true,\"exportToExcelOptions\":\"visible\",\"title\":\"Activities, by region - click to filter\",\"timeContext\":{\"durationMs\":0},\"timeContextFromParameter\":\"TimeRange\",\"queryType\":0,\"resourceType\":\"microsoft.operationalinsights/workspaces\",\"gridSettings\":{\"formatters\":[{\"columnMatch\":\"Id\",\"formatter\":5,\"formatOptions\":{\"showIcon\":true}},{\"columnMatch\":\"Name\",\"formatter\":0,\"formatOptions\":{\"showIcon\":true}},{\"columnMatch\":\"Type\",\"formatter\":0,\"formatOptions\":{\"showIcon\":true}},{\"columnMatch\":\"AWSRegions Count\",\"formatter\":4,\"formatOptions\":{\"min\":0,\"palette\":\"orange\",\"showIcon\":true}},{\"columnMatch\":\"Trend\",\"formatter\":10,\"formatOptions\":{\"min\":0,\"palette\":\"lightBlue\",\"showIcon\":true}},{\"columnMatch\":\"ParentId\",\"formatter\":5,\"formatOptions\":{\"showIcon\":true}}],\"filter\":true,\"hierarchySettings\":{\"idColumn\":\"Id\",\"parentColumn\":\"ParentId\",\"treeType\":0,\"expanderColumn\":\"Name\"}}},\"customWidth\":\"50\",\"name\":\"query - 13\"},{\"type\":3,\"content\":{\"version\":\"KqlItem/1.0\",\"query\":\"let details = dynamic({RegionFilter});\\r\\nAWSCloudTrail\\r\\n| where details.Type == \\\"*\\\" or (details.Type == \\\"EventName\\\" and details.Name == EventName) or (details.Type == \\\"AWSRegion\\\" and details.Name == AWSRegion)\\r\\n| summarize count() by AWSRegion, bin(TimeGenerated, {TimeRange:grain})\\r\\n\",\"size\":0,\"exportToExcelOptions\":\"visible\",\"title\":\"Activities, by region over time\",\"timeContext\":{\"durationMs\":0},\"timeContextFromParameter\":\"TimeRange\",\"queryType\":0,\"resourceType\":\"microsoft.operationalinsights/workspaces\",\"visualization\":\"linechart\"},\"customWidth\":\"50\",\"name\":\"query - 12\"},{\"type\":1,\"content\":{\"json\":\"---\\r\\n### User agent\"},\"name\":\"text - 18\"},{\"type\":3,\"content\":{\"version\":\"KqlItem/1.0\",\"query\":\"AWSCloudTrail\\r\\n| summarize Count = count() by UserAgent\\r\\n| order by Count\\r\\n\",\"size\":0,\"exportFieldName\":\"UserAgent\",\"exportParameterName\":\"UserAgent\",\"exportDefaultValue\":\"All\",\"showAnalytics\":true,\"exportToExcelOptions\":\"visible\",\"title\":\"User agent activities - click to filter\",\"timeContext\":{\"durationMs\":0},\"timeContextFromParameter\":\"TimeRange\",\"queryType\":0,\"resourceType\":\"microsoft.operationalinsights/workspaces\",\"gridSettings\":{\"formatters\":[{\"columnMatch\":\"UserAgent\",\"formatter\":0,\"formatOptions\":{\"showIcon\":true}},{\"columnMatch\":\"Count\",\"formatter\":8,\"formatOptions\":{\"min\":0,\"palette\":\"blueDark\",\"showIcon\":true}}],\"filter\":true}},\"customWidth\":\"40\",\"name\":\"query - 16\"},{\"type\":3,\"content\":{\"version\":\"KqlItem/1.0\",\"query\":\"AWSCloudTrail\\r\\n| where '{UserAgent}' == UserAgent or '{UserAgent}' == \\\"All\\\"\\r\\n| summarize Count = count() by UserAgent, TimeGenerated\",\"size\":0,\"exportToExcelOptions\":\"visible\",\"title\":\"User agent activities over time\",\"timeContext\":{\"durationMs\":0},\"timeContextFromParameter\":\"TimeRange\",\"queryType\":0,\"resourceType\":\"microsoft.operationalinsights/workspaces\",\"visualization\":\"linechart\"},\"customWidth\":\"60\",\"name\":\"query - 17\"}],\"fromTemplateId\":\"sentinel-AWSUserActivities\",\"$schema\":\"https://github.com/Microsoft/Application-Insights-Workbooks/blob/master/schema/workbook.json\"}\r\n",
                "version": "1.0",
                "sourceId": "[resourceId('microsoft.OperationalInsights/Workspaces', parameters('workspace'))]",
                "category": "sentinel"
              }
            },
            {
              "type": "Microsoft.OperationalInsights/workspaces/providers/metadata",
              "apiVersion": "2022-01-01-preview",
              "name": "[concat(parameters('workspace'),'/Microsoft.SecurityInsights/',concat('Workbook-', last(split(resourceId('Microsoft.Insights/workbooks', 'AmazonWebServicesUserActivitiesWorkbook'),'/'))))]",
              "properties": {
                "description": "@{workbookKey=AmazonWebServicesUserActivitiesWorkbook; logoFileName=amazon_web_services_Logo.svg; description=Gain insights into AWS user activities, including failed sign-in attempts, IP addresses, regions, user agents, and identity types, as well as potential malicious user activities with assumed roles.; dataTypesDependencies=System.Object[]; dataConnectorsDependencies=System.Object[]; previewImagesFileNames=System.Object[]; version=1.0.0; title=AWS User Activities; templateRelativePath=AmazonWebServicesUserActivities.json; subtitle=; provider=Microsoft}.description",
                "parentId": "[resourceId('Microsoft.Insights/workbooks', 'AmazonWebServicesUserActivitiesWorkbook')]",
                "contentId": "AmazonWebServicesUserActivitiesWorkbook",
                "kind": "Workbook",
                "version": "1.0.0",
                "source": {
                  "kind": "Solution",
                  "name": "Amazon Web Services",
                  "sourceId": "azuresentinel.azure-sentinel-solution-amazonwebservices"
                },
                "author": {
                  "name": "Microsoft"
                },
                "support": {
                  "name": "Microsoft Corporation",
                  "email": "support@microsoft.com",
                  "tier": "Microsoft",
                  "link": "https://support.microsoft.com"
                },
                "dependencies": {
                  "operator": "AND",
                  "criteria": [
                    {
                      "contentId": "AWSCloudTrail",
                      "kind": "DataType"
                    },
                    {
                      "contentId": "AWS",
                      "kind": "DataConnector"
                    }
                  ]
                }
              }
            }
          ]
        },
        "packageKind": "Solution",
        "packageVersion": "3.0.0",
        "packageName": "Amazon Web Services",
        "packageId": "azuresentinel.azure-sentinel-solution-amazonwebservices",
        "contentSchemaVersion": "3.0.0",
        "contentId": "AmazonWebServicesUserActivitiesWorkbook",
        "contentKind": "Workbook",
        "displayName": "AWS User Activities",
        "contentProductId": "azuresentinel.azure-sentinel-solution-amazonwebser-wb-3vfjar352zor4",
        "id": "azuresentinel.azure-sentinel-solution-amazonwebser-wb-3vfjar352zor4",
        "version": "1.0.0",
        "isDeprecated": false
      }
    },
    {
      "type": "Microsoft.OperationalInsights/workspaces/providers/contentPackages",
      "apiVersion": "2023-04-01-preview",
      "location": "[parameters('workspace-location')]",
      "properties": {
        "version": "3.0.0",
        "kind": "Solution",
        "contentSchemaVersion": "3.0.0",
        "displayName": "Amazon Web Services",
        "publisherDisplayName": "Microsoft Sentinel, Microsoft Corporation",
        "descriptionHtml": "<p><b>Note</b>: <i>Please refer to the following before installing the solution</i></p><p></p><ul><li><i>Review the solution <a target=\"_blank\" href=\"https://github.com/Azure/Azure-Sentinel/blob/master/Solutions/Amazon%20Web%20Services/ReleaseNotes.md\">Release Notes</a>.</i></li><li><i>There may be <a target=\"_blank\" href=\"https://aka.ms/sentinelsolutionsknownissues\" rel=\"noopener\">known issues</a> pertaining to this Solution, please refer to them before installing.</i></li></ul><p>The Amazon Web Services solution for Microsoft Sentinel allows you to enable Security monitoring of AWS services by allowing ingestion of logs from the AWS CloudTrail platform, VPC Flow Logs, AWS GuardDuty and AWS CloudWatch.<br></p><p><b>Data Connectors:</b> 2, <b>Workbooks:</b> 2, <b>Analytic Rules:</b> 56, <b>Hunting Queries:</b> 36</p><p><a target=\"_blank\" href=\"https://aka.ms/azuresentinel\" rel=\"noopener\">Learn more about Microsoft Sentinel</a> | <a target=\"_blank\" href=\"https://aka.ms/azuresentinelsolutionsdoc\" rel=\"noopener\">Learn more about Solutions</a></p>",
        "contentKind": "Solution",
        "contentProductId": "azuresentinel.azure-sentinel-solution-amazonwebser-sl-jpp3ilqqws2hs",
        "id": "azuresentinel.azure-sentinel-solution-amazonwebser-sl-jpp3ilqqws2hs",
        "icon": "https://store-images.s-microsoft.com/image/apps.64685.2be652b5-01b5-4297-91de-fb1bdca4520e.3b2d6c32-9299-492f-9684-b4890e8acdd9.dff4bda0-283e-49e6-9007-b35209b0a2fd",
        "contentId": "azuresentinel.azure-sentinel-solution-amazonwebservices",
        "parentId": "azuresentinel.azure-sentinel-solution-amazonwebservices",
        "source": {
          "kind": "Solution",
          "name": "Amazon Web Services",
          "sourceId": "azuresentinel.azure-sentinel-solution-amazonwebservices"
        },
        "author": {
          "name": "Microsoft"
        },
        "support": {
          "name": "Microsoft Corporation",
          "email": "support@microsoft.com",
          "tier": "Microsoft",
          "link": "https://support.microsoft.com"
        },
        "dependencies": {
          "operator": "AND",
          "criteria": [
            {
              "kind": "DataConnector",
              "contentId": "AWS",
              "version": "1.0.0"
            },
            {
              "kind": "DataConnector",
              "contentId": "AwsS3",
              "version": "1.0.0"
            },
            {
              "kind": "Workbook",
              "contentId": "AmazonWebServicesNetworkActivitiesWorkbook",
              "version": "1.0.0"
            },
            {
              "kind": "Workbook",
              "contentId": "AmazonWebServicesUserActivitiesWorkbook",
              "version": "1.0.0"
            },
            {
              "kind": "AnalyticsRule",
              "contentId": "8c2ef238-67a0-497d-b1dd-5c8a0f533e25",
              "version": "1.0.2"
            },
            {
              "kind": "AnalyticsRule",
              "contentId": "65360bb0-8986-4ade-a89d-af3cf44d28aa",
              "version": "1.0.3"
            },
            {
              "kind": "AnalyticsRule",
              "contentId": "610d3850-c26f-4f20-8d86-f10fdf2425f5",
              "version": "1.0.2"
            },
            {
              "kind": "AnalyticsRule",
              "contentId": "d25b1998-a592-4bc5-8a3a-92b39eedb1bc",
              "version": "1.0.4"
            },
            {
              "kind": "AnalyticsRule",
              "contentId": "32555639-b639-4c2b-afda-c0ae0abefa55",
              "version": "1.0.2"
            },
            {
              "kind": "AnalyticsRule",
              "contentId": "826bb2f8-7894-4785-9a6b-a8a855d8366f",
              "version": "1.0.2"
            },
            {
              "kind": "AnalyticsRule",
              "contentId": "4f19d4e3-ec5f-4abc-9e61-819eb131758c",
              "version": "1.0.2"
            },
            {
              "kind": "AnalyticsRule",
              "contentId": "c7bfadd4-34a6-4fa5-82f8-3691a32261e8",
              "version": "1.0.2"
            },
            {
              "kind": "AnalyticsRule",
              "contentId": "0ee2aafb-4500-4e36-bcb1-e90eec2f0b9b",
              "version": "1.0.2"
            },
            {
              "kind": "AnalyticsRule",
              "contentId": "bf0cde21-0c41-48f6-a40c-6b5bd71fa106",
              "version": "1.0.5"
            },
            {
              "kind": "AnalyticsRule",
              "contentId": "f6928301-56da-4d2c-aabe-e1a552bc8892",
              "version": "1.0.2"
            },
            {
              "kind": "AnalyticsRule",
              "contentId": "21702832-aff3-4bd6-a8e1-663b6818503d",
              "version": "1.0.1"
            },
            {
              "kind": "AnalyticsRule",
              "contentId": "0adab960-5565-4978-ba6d-044553e4acc4",
              "version": "1.0.1"
            },
            {
              "kind": "AnalyticsRule",
              "contentId": "9da99021-d318-4711-a78a-6dea76129b3a",
              "version": "1.0.2"
            },
            {
              "kind": "AnalyticsRule",
              "contentId": "efdc3cff-f006-426f-97fd-4657862f7b9a",
              "version": "1.0.3"
            },
            {
              "kind": "AnalyticsRule",
              "contentId": "6f675c17-7a61-440c-abd1-c73ef4d748ec",
              "version": "1.0.2"
            },
            {
              "kind": "AnalyticsRule",
              "contentId": "8a607285-d95c-473d-8aab-59920de63af6",
              "version": "1.0.2"
            },
            {
              "kind": "AnalyticsRule",
              "contentId": "8e15998e-1e32-4b6d-abd1-e8482e8f3def",
              "version": "1.0.2"
            },
            {
              "kind": "AnalyticsRule",
              "contentId": "467cbe7e-e6d4-4f4e-8e44-84dd01932c32",
              "version": "1.0.2"
            },
            {
              "kind": "AnalyticsRule",
              "contentId": "22115d3c-e87c-485a-9130-33797d619124",
              "version": "1.0.3"
            },
            {
              "kind": "AnalyticsRule",
              "contentId": "6009c632-94e9-4ffb-a11a-b4b99f457f88",
              "version": "1.0.3"
            },
            {
              "kind": "AnalyticsRule",
              "contentId": "a694e977-740c-4578-9f8f-5e39029f1d23",
              "version": "1.0.3"
            },
            {
              "kind": "AnalyticsRule",
              "contentId": "56626956-304f-4408-8ea6-7ba5746ce09e",
              "version": "1.0.3"
            },
            {
              "kind": "AnalyticsRule",
              "contentId": "796a45ee-220b-42be-8415-c8c933cf3b6d",
              "version": "1.0.2"
            },
            {
              "kind": "AnalyticsRule",
              "contentId": "aaa2c05e-fdd4-4fa0-9072-6cffe3641b34",
              "version": "1.0.2"
            },
            {
              "kind": "AnalyticsRule",
              "contentId": "454133a7-5427-4a7c-bdc4-0adfa84dda16",
              "version": "1.0.2"
            },
            {
              "kind": "AnalyticsRule",
              "contentId": "19602494-94af-43c8-90ba-eb0e14999612",
              "version": "1.0.1"
            },
            {
              "kind": "AnalyticsRule",
              "contentId": "633a91df-d031-4b6e-a413-607a61540559",
              "version": "1.0.1"
            },
            {
              "kind": "AnalyticsRule",
              "contentId": "f8ea7d50-e33b-4b9d-9c3e-a59fcbcee281",
              "version": "1.0.2"
            },
            {
              "kind": "AnalyticsRule",
              "contentId": "60dfc193-0f73-4279-b43c-110ade02b201",
              "version": "1.0.2"
            },
            {
              "kind": "AnalyticsRule",
              "contentId": "139e7116-3884-4246-9978-c8f740770bdf",
              "version": "1.0.1"
            },
            {
              "kind": "AnalyticsRule",
              "contentId": "49ce5322-60d7-4b02-ad79-99f650aa5790",
              "version": "1.0.1"
            },
            {
              "kind": "AnalyticsRule",
              "contentId": "afb4191b-a142-4065-a0da-f721ee3d006c",
              "version": "1.0.1"
            },
            {
              "kind": "AnalyticsRule",
              "contentId": "719d5204-10ab-4b1f-aee1-da7326750260",
              "version": "1.0.1"
            },
            {
              "kind": "AnalyticsRule",
              "contentId": "b9be2aa6-911d-4131-8658-d2a537ed49f4",
              "version": "1.0.1"
            },
            {
              "kind": "AnalyticsRule",
              "contentId": "e20d35a3-4fec-4c8b-81b1-fc33b41990b0",
              "version": "1.0.1"
            },
            {
              "kind": "AnalyticsRule",
              "contentId": "d7c39e15-997f-49e5-a782-73bf07db8aa5",
              "version": "1.0.1"
            },
            {
              "kind": "AnalyticsRule",
              "contentId": "d0953d50-3dc1-4fa3-80fa-4d3e973a0959",
              "version": "1.0.1"
            },
            {
              "kind": "AnalyticsRule",
              "contentId": "fc3061bb-319c-4fe9-abe2-f59899a6d907",
              "version": "1.0.1"
            },
            {
              "kind": "AnalyticsRule",
              "contentId": "48896551-1c28-4a09-8388-e51e5a927d23",
              "version": "1.0.1"
            },
            {
              "kind": "AnalyticsRule",
              "contentId": "a2b2a984-c820-4d93-830e-139bffd81fa3",
              "version": "1.0.1"
            },
            {
              "kind": "AnalyticsRule",
              "contentId": "370f0e5e-da1d-4a14-8ced-d1d7ab66a8d7",
              "version": "1.0.1"
            },
            {
              "kind": "AnalyticsRule",
              "contentId": "8e01c41d-bd4c-4bbe-aed5-18592735052d",
              "version": "1.0.1"
            },
            {
              "kind": "AnalyticsRule",
              "contentId": "c668c09f-5a49-43f9-b249-6b89a31ec8fb",
              "version": "1.0.1"
            },
            {
              "kind": "AnalyticsRule",
              "contentId": "8f1630c2-2e45-4df2-be43-50fba90f601d",
              "version": "1.0.2"
            },
            {
              "kind": "AnalyticsRule",
              "contentId": "31b9e94b-0df6-4a3d-a297-3457b53c5d86",
              "version": "1.0.1"
            },
            {
              "kind": "AnalyticsRule",
              "contentId": "b7a44e0d-ae4c-4fb2-be1b-aa0e45f2327b",
              "version": "1.0.1"
            },
            {
              "kind": "AnalyticsRule",
              "contentId": "6b9b4ee6-f4c1-4b86-8c8c-beb0bb59ae44",
              "version": "1.0.1"
            },
            {
              "kind": "AnalyticsRule",
              "contentId": "44a5b65e-b0a9-4591-aabc-388fd92a28c4",
              "version": "1.0.1"
            },
            {
              "kind": "AnalyticsRule",
              "contentId": "09f2a28b-3286-4268-9e2f-33805f104e5d",
              "version": "1.0.1"
            },
            {
              "kind": "AnalyticsRule",
              "contentId": "b442b9e2-5cc4-4129-a85b-a5ef38a9e5f0",
              "version": "1.0.1"
            },
            {
              "kind": "AnalyticsRule",
              "contentId": "bce1dcba-4948-414d-8838-6385afb9d496",
              "version": "1.0.1"
            },
            {
              "kind": "AnalyticsRule",
              "contentId": "874a1762-3fd7-4489-b411-6d4a9e9e8a59",
              "version": "1.0.1"
            },
            {
              "kind": "AnalyticsRule",
              "contentId": "75647b58-bcc8-4eb5-9658-46698d3fa153",
              "version": "1.0.1"
            },
            {
              "kind": "AnalyticsRule",
              "contentId": "8c2dc344-9352-4ca1-8863-b1b7a5e09e59",
              "version": "1.0.1"
            },
            {
              "kind": "AnalyticsRule",
              "contentId": "9e457dc4-81f0-4d25-bc37-a5fa4a17946a",
              "version": "1.0.1"
            },
            {
              "kind": "HuntingQuery",
              "contentId": "e0a67cd7-b4e5-4468-aae0-26cb16a1bbd2",
              "version": "1.0.0"
            },
            {
              "kind": "HuntingQuery",
              "contentId": "e1a91db8-f2b3-4531-bff6-da133d4f4f1a",
              "version": "1.0.0"
            },
            {
              "kind": "HuntingQuery",
              "contentId": "0db42a94-e7c8-4bf1-99a7-1a2fb4158212",
              "version": "1.0.0"
            },
            {
              "kind": "HuntingQuery",
              "contentId": "5b6ee21d-da53-46eb-827c-eab2a9ba3d2f",
              "version": "1.0.0"
            },
            {
              "kind": "HuntingQuery",
              "contentId": "e0d57543-acbd-428b-bb96-24a67506f84d",
              "version": "1.0.0"
            },
            {
              "kind": "HuntingQuery",
              "contentId": "81a8880f-cc20-40ce-98d6-2fc6a1c5b9a4",
              "version": "1.0.0"
            },
            {
              "kind": "HuntingQuery",
              "contentId": "2b8cecfe-f705-432d-9f38-08207b9473e1",
              "version": "1.0.0"
            },
            {
              "kind": "HuntingQuery",
              "contentId": "48c49b1d-2aa0-442b-96e3-cae6ad1251cd",
              "version": "1.0.0"
            },
            {
              "kind": "HuntingQuery",
              "contentId": "a2772445-9bb1-4176-9481-b262cb59118a",
              "version": "1.0.0"
            },
            {
              "kind": "HuntingQuery",
              "contentId": "4e3c81bf-61a4-47f4-b20d-a5a414ea08aa",
              "version": "1.0.0"
            },
            {
              "kind": "HuntingQuery",
              "contentId": "b5b172b1-d976-4113-af1f-02f7bf7d2092",
              "version": "1.0.0"
            },
            {
              "kind": "HuntingQuery",
              "contentId": "4fbbae0a-ce5b-4b2a-b5e6-700920561680",
              "version": "1.0.0"
            },
            {
              "kind": "HuntingQuery",
              "contentId": "c9ccaebf-314c-446d-b3f6-314560ccb0e1",
              "version": "1.0.0"
            },
            {
              "kind": "HuntingQuery",
              "contentId": "13afb771-5d55-4d69-a745-83d2fc69a923",
              "version": "1.0.0"
            },
            {
              "kind": "HuntingQuery",
              "contentId": "bf130d1d-702b-4af6-9528-8bc4229e59f4",
              "version": "1.0.0"
            },
            {
              "kind": "HuntingQuery",
              "contentId": "7e258a45-b356-44f6-9a62-2643cef7b869",
              "version": "1.0.0"
            },
            {
              "kind": "HuntingQuery",
              "contentId": "d022a62c-643b-4e8a-b583-0230e32a96e4",
              "version": "1.0.0"
            },
            {
              "kind": "HuntingQuery",
              "contentId": "d82ea1db-f600-4c9e-8ba8-d271e9c12eb8",
              "version": "1.0.0"
            },
            {
              "kind": "HuntingQuery",
              "contentId": "77d0aadc-aaea-4346-b61a-bf7ac6b71bba",
              "version": "1.0.0"
            },
            {
              "kind": "HuntingQuery",
              "contentId": "2dd2143b-6667-4a7a-b04f-98d22caeffac",
              "version": "1.0.0"
            },
            {
              "kind": "HuntingQuery",
              "contentId": "838f59d4-fe47-422b-819d-1be502940547",
              "version": "1.0.0"
            },
            {
              "kind": "HuntingQuery",
              "contentId": "3b7df29e-a798-4b6b-9ef7-73b9a3cf56a2",
              "version": "1.0.0"
            },
            {
              "kind": "HuntingQuery",
              "contentId": "05167149-4670-4a9f-b34e-5a0a92243194",
              "version": "1.0.0"
            },
            {
              "kind": "HuntingQuery",
              "contentId": "a3a19731-9e82-49b6-9142-2dd570feefd5",
              "version": "1.0.0"
            },
            {
              "kind": "HuntingQuery",
              "contentId": "49bae199-ea04-4a2e-95a6-e3a1f68ab259",
              "version": "1.0.0"
            },
            {
              "kind": "HuntingQuery",
              "contentId": "4055466c-8a84-44c6-91d0-46469f3ba0b9",
              "version": "1.0.0"
            },
            {
              "kind": "HuntingQuery",
              "contentId": "e73ebd34-4f04-4684-a5f0-dba820127ce8",
              "version": "1.0.0"
            },
            {
              "kind": "HuntingQuery",
              "contentId": "b9b0fd12-d72d-4f66-a013-c1acdeea2670",
              "version": "1.0.0"
            },
            {
              "kind": "HuntingQuery",
              "contentId": "70c36558-e6d8-48b4-98b3-185d555cd5af",
              "version": "1.0.0"
            },
            {
              "kind": "HuntingQuery",
              "contentId": "356aa5a8-fa6f-4eb9-baa9-ffcf725e3e82",
              "version": "1.0.0"
            },
            {
              "kind": "HuntingQuery",
              "contentId": "6eb59239-78c5-401d-acfa-5cb9b3d31cd4",
              "version": "1.0.0"
            },
            {
              "kind": "HuntingQuery",
              "contentId": "82ecf967-d6e9-4757-8f5d-42c562a8f05f",
              "version": "1.0.0"
            },
            {
              "kind": "HuntingQuery",
              "contentId": "67af1633-311f-4a94-bc8f-f904a54637b2",
              "version": "1.0.0"
            },
            {
              "kind": "HuntingQuery",
              "contentId": "0cd3eb95-6c8e-4eeb-8338-a0decdc0a328",
              "version": "1.0.0"
            },
            {
              "kind": "HuntingQuery",
              "contentId": "46685737-676a-4084-8e98-31b2998062db",
              "version": "1.0.0"
            },
            {
              "kind": "HuntingQuery",
              "contentId": "70a6e84f-6f3b-4ce1-83d6-ea6df9e7a9dd",
              "version": "1.0.0"
            }
          ]
        },
        "firstPublishDate": "2022-05-26",
        "providers": [
          "Amazon Web Services"
        ],
        "categories": {
          "domains": [
            "Security - Cloud Security"
          ]
        },
        "isPreview": false,
        "isDeprecated": false
      },
      "name": "[concat(parameters('workspace'),'/Microsoft.SecurityInsights/', 'azuresentinel.azure-sentinel-solution-amazonwebservices')]"
    }
  ]
}