{
  "$schema": "https://schema.management.azure.com/schemas/2019-04-01/deploymentTemplate.json#",
  "contentVersion": "1.0",
  "parameters": {
    "location": {
      "type": "string",
      "minLength": 1,
      "defaultValue": "[resourceGroup().location]",
      "metadata": {
        "description": "Not used, but needed to pass arm-ttk test `Location-Should-Not-Be-Hardcoded`.  We instead use the `workspace-location` which is derived from the LA workspace"
      }
    },
    "workspace": {
      "defaultValue": "",
      "type": "string",
      "metadata": {
        "description": "Workspace name for Log Analytics where Microsoft Sentinel is setup"
      }
    },
    "workspace-location": {
      "type": "string",
      "defaultValue": "",
      "metadata": {
        "description": "[concat('Region to deploy solution resources -- separate from location selection',parameters('location'))]"
      }
    }
  },
  "resources": [
    {
      "type": "Microsoft.OperationalInsights/workspaces/providers/contentTemplates",
      "name": "[concat(parameters('workspace'),'/Microsoft.SecurityInsights/',concat(concat(parameters('workspace'),'-fa-',uniquestring('Sync-CommentsFunctionApp')),'1.0'))]",
      "location": "[parameters('workspace-location')]",
      "apiVersion": "2023-04-01-preview",
      "dependsOn": [
        "[extensionResourceId(resourceId('Microsoft.OperationalInsights/workspaces', parameters('workspace')), 'Microsoft.SecurityInsights/contentPackages', 'azuresentinel.azure-sentinel-solution-atlassianjiraaudit')]"
      ],
      "properties": {
        "contentId": "Sync-CommentsFunctionApp",
        "displayName": "jira-sync",
        "contentKind": "AzureFunction",
        "mainTemplate": {
          "$schema": "https://schema.management.azure.com/schemas/2019-04-01/deploymentTemplate.json#",
          "contentVersion": "1.0",
          "parameters": {
            "FunctionAppName": {
              "defaultValue": "jira-sync",
              "type": "string"
            }
          },
          "variables": {
            "hostingPlanName": "[[concat(parameters('FunctionAppName'),'hostingPlan')]",
            "storageName": "[[concat('deploy', uniqueString(resourceGroup().id))]",
            "packageURL": "https://github.com/Azure/Azure-Sentinel/blob/master/Solutions/AtlassianJiraAudit/Playbooks/Sync-CommentsFunctionApp/tc-function-cc-sync.zip?raw=true",
            "workspace-location-inline": "[concat('[resourceGroup().locatio', 'n]')]",
            "playbookContentId6": "Sync-CommentsFunctionApp",
            "playbookId6": "[[resourceId('Microsoft.Logic/workflows', 'Sync-CommentsFunctionApp')]",
            "workspace-name": "[parameters('workspace')]",
            "workspaceResourceId": "[[resourceId('microsoft.OperationalInsights/Workspaces', variables('workspace-name'))]"
          },
          "resources": [
            {
              "apiVersion": "2021-09-01",
              "type": "Microsoft.Storage/storageAccounts",
              "name": "[[variables('storageName')]",
              "location": "[[variables('workspace-location-inline')]",
              "sku": {
                "name": "Standard_LRS",
                "tier": "Standard"
              }
            },
            {
              "apiVersion": "2015-08-01",
              "name": "[[variables('hostingPlanName')]",
              "kind": "functionapp",
              "type": "Microsoft.Web/serverfarms",
              "location": "[[variables('workspace-location-inline')]",
              "sku": {
                "name": "Y1",
                "tier": "Dynamic",
                "size": "Y1",
                "family": "Y",
                "capacity": 0
              },
              "properties": {
                "name": "[[variables('hostingPlanName')]"
              }
            },
            {
              "apiVersion": "2015-08-01",
              "name": "[[parameters('FunctionAppName')]",
              "type": "Microsoft.Web/sites",
              "location": "[[variables('workspace-location-inline')]",
              "kind": "functionapp",
              "dependsOn": [
                "[[resourceId('Microsoft.Web/serverfarms', variables('hostingPlanName'))]",
                "[[resourceId('Microsoft.Storage/storageAccounts', variables('storageName'))]"
              ],
              "properties": {
                "serverFarmId": "[[variables('hostingPlanName')]",
                "siteConfig": {
                  "appSettings": [
                    {
                      "name": "AzureWebJobsDashboard",
                      "value": "[[concat('DefaultEndpointsProtocol=https;AccountName=', variables('storageName'), ';EndpointSuffix=', environment().suffixes.storage, ';AccountKey=',listKeys(resourceId('Microsoft.Storage/storageAccounts', variables('storageName')), '2022-05-01').keys[0].value)]"
                    },
                    {
                      "name": "AzureWebJobsStorage",
                      "value": "[[concat('DefaultEndpointsProtocol=https;AccountName=', variables('storageName'), ';EndpointSuffix=', environment().suffixes.storage, ';AccountKey=',listKeys(resourceId('Microsoft.Storage/storageAccounts', variables('storageName')), '2022-05-01').keys[0].value)]"
                    },
                    {
                      "name": "FUNCTIONS_EXTENSION_VERSION",
                      "value": "~3"
                    },
                    {
                      "name": "WEBSITE_CONTENTAZUREFILECONNECTIONSTRING",
                      "value": "[[concat('DefaultEndpointsProtocol=https;AccountName=', variables('storageName'), ';EndpointSuffix=', environment().suffixes.storage, ';AccountKey=',listKeys(resourceId('Microsoft.Storage/storageAccounts', variables('storageName')), '2022-05-01').keys[0].value)]"
                    },
                    {
                      "name": "WEBSITE_NODE_DEFAULT_VERSION",
                      "value": "~10"
                    },
                    {
                      "name": "WEBSITE_CONTENTSHARE",
                      "value": "[[toLower(parameters('FunctionAppName'))]"
                    }
                  ]
                }
              },
              "resources": [
                {
                  "name": "MSDeploy",
                  "type": "extensions",
                  "location": "[[variables('workspace-location-inline')]",
                  "apiVersion": "2015-08-01",
                  "dependsOn": [
                    "[[concat('Microsoft.Web/sites/', parameters('FunctionAppName'))]"
                  ],
                  "properties": {
                    "packageUri": "[[variables('packageURL')]"
                  }
                }
              ]
            },
            {
              "type": "Microsoft.OperationalInsights/workspaces/providers/metadata",
              "apiVersion": "2022-01-01-preview",
              "name": "[[concat(variables('workspace-name'),'/Microsoft.SecurityInsights/',concat('AzureFunction-', last(split(variables('playbookId6'),'/'))))]",
              "properties": {
                "parentId": "[[variables('playbookId6')]",
                "contentId": "Sync-CommentsFunctionApp",
                "kind": "AzureFunction",
                "version": "1.0",
                "source": {
                  "kind": "Solution",
                  "name": "AtlassianJiraAudit",
                  "sourceId": "azuresentinel.azure-sentinel-solution-atlassianjiraaudit"
                },
                "author": {
                  "name": "Microsoft",
                  "email": "support@microsoft.com"
                },
                "support": {
                  "name": "Microsoft Corporation",
                  "email": "support@microsoft.com",
                  "tier": "Microsoft",
                  "link": "https://support.microsoft.com"
                }
              }
            }
          ]
        },
        "packageKind": "Solution",
        "packageVersion": "2.0.5",
        "packageName": "Atlassian Jira Audit",
        "packageId": "azuresentinel.azure-sentinel-solution-atlassianjiraaudit",
        "contentProductId": "azuresentinel.azure-sentinel-solution-atlassianjir-fa-eenb2mjwxpuvw",
        "id": "azuresentinel.azure-sentinel-solution-atlassianjir-fa-eenb2mjwxpuvw",
        "contentSchemaVersion": "3.0.0",
        "version": "1.0",
        "isDeprecated": false
      }
    },
    {
      "type": "Microsoft.OperationalInsights/workspaces/providers/contentPackages",
      "name": "[concat(parameters('workspace'),'/Microsoft.SecurityInsights/', 'azuresentinel.azure-sentinel-solution-atlassianjiraaudit')]",
      "location": "[parameters('workspace-location')]",
      "apiVersion": "2023-04-01-preview",
      "properties": {
        "version": "2.0.5",
        "kind": "Solution",
        "contentSchemaVersion": "3.0.0",
        "contentId": "azuresentinel.azure-sentinel-solution-atlassianjiraaudit",
        "source": {
          "kind": "Solution",
          "name": "AtlassianJiraAudit",
          "sourceId": "azuresentinel.azure-sentinel-solution-atlassianjiraaudit"
        },
        "author": {
          "name": "Microsoft",
          "email": "support@microsoft.com"
        },
        "support": {
          "name": "Microsoft Corporation",
          "email": "support@microsoft.com",
          "tier": "Microsoft",
          "link": "https://support.microsoft.com"
        },
        "dependencies": {
          "operator": "AND",
          "criteria": [
            {
              "kind": "Workbook",
              "contentId": "AtlassianJiraAuditWorkbook",
              "version": "1.0.0"
            },
            {
              "kind": "AnalyticsRule",
              "contentId": "5b0cec45-4a91-4f08-bb1b-392427e8f440",
              "version": "1.0.0"
            },
            {
              "kind": "AnalyticsRule",
              "contentId": "b894593a-2b4c-4573-bc47-78715224a6f5",
              "version": "1.0.1"
            },
            {
              "kind": "AnalyticsRule",
              "contentId": "8c90f30f-c612-407c-91a0-c6a6b41ac199",
              "version": "1.0.0"
            },
            {
              "kind": "AnalyticsRule",
              "contentId": "72592618-fa57-45e1-9f01-ca8706a5e3f5",
              "version": "1.0.0"
            },
            {
              "kind": "AnalyticsRule",
              "contentId": "6bf42891-b54d-4b4e-8533-babc5b3ea4c5",
              "version": "1.0.1"
            },
            {
              "kind": "AnalyticsRule",
              "contentId": "fb6a8001-fe87-4177-a8f3-df2302215c4f",
              "version": "1.0.0"
            },
            {
              "kind": "AnalyticsRule",
              "contentId": "943176e8-b979-45c0-8ad3-58ba6cfd41f0",
              "version": "1.0.1"
            },
            {
              "kind": "AnalyticsRule",
              "contentId": "c13ecb19-4317-4d87-9a1c-52660dd44a7d",
              "version": "1.0.0"
            },
            {
              "kind": "AnalyticsRule",
              "contentId": "5d3af0aa-833e-48ed-a29a-8cfd2705c953",
              "version": "1.0.0"
            },
            {
              "kind": "AnalyticsRule",
              "contentId": "398aa0ca-45a2-4f79-bc21-ee583bbb63bc",
              "version": "1.0.0"
            },
            {
              "kind": "HuntingQuery",
              "contentId": "3fdc31f0-a166-4a4d-b861-f3cd262fd4a1",
              "version": "1.0.0"
            },
            {
              "kind": "HuntingQuery",
              "contentId": "aadc0945-a399-47ba-b285-c0c09ee06375",
              "version": "1.0.0"
            },
            {
              "kind": "HuntingQuery",
              "contentId": "103ccb8d-f910-4978-aba7-1ad598db822b",
              "version": "1.0.0"
            },
            {
              "kind": "HuntingQuery",
              "contentId": "e78cb74b-576b-4e35-a46c-8d328b2d4040",
              "version": "1.0.0"
            },
            {
              "kind": "HuntingQuery",
              "contentId": "eb409b8b-0267-4e95-b3a9-ee1a72c32409",
              "version": "1.0.0"
            },
            {
              "kind": "HuntingQuery",
              "contentId": "d208b406-1509-455c-8c7d-7ffe2f893f24",
              "version": "1.0.0"
            },
            {
              "kind": "HuntingQuery",
              "contentId": "3e6ff26d-05dc-4921-9a60-444a0e28cd45",
              "version": "1.0.0"
            },
            {
              "kind": "HuntingQuery",
              "contentId": "d4dd32bb-84a4-4fdc-9118-3039cbabb4f8",
              "version": "1.0.0"
            },
            {
              "kind": "HuntingQuery",
              "contentId": "2265bbd2-7e97-4d69-bdfc-eeb646730d8f",
              "version": "1.0.0"
            },
            {
              "kind": "HuntingQuery",
              "contentId": "2f875fa8-ced3-4059-b453-616dbc6eb276",
              "version": "1.0.0"
            },
            {
              "kind": "DataConnector",
              "contentId": "JiraAuditAPI",
              "version": "1.0.0"
            },
            {
              "kind": "Playbook",
              "contentId": "Create-Jira-Issue-alert-trigger",
              "version": "1.0"
            },
            {
              "kind": "Playbook",
              "contentId": "Create-Jira-Issue-incident-trigger",
              "version": "1.0"
            },
            {
              "kind": "Playbook",
              "contentId": "Jira-CreateAndUpdateIssue",
              "version": "1.0"
            },
            {
              "kind": "Playbook",
              "contentId": "Sync-AssignedUser",
              "version": "1.0"
            },
            {
              "kind": "Playbook",
              "contentId": "Add-JiraLinkComment",
              "version": "1.0"
            },
            {
              "kind": "AzureFunction",
              "contentId": "Sync-CommentsFunctionApp",
              "version": "1.0"
            },
            {
              "kind": "Playbook",
              "contentId": "Sync-Incidents",
              "version": "1.0"
            },
            {
              "kind": "Playbook",
              "contentId": "Sync-Status",
              "version": "1.0"
            }
          ]
        },
        "firstPublishDate": "2022-01-10",
        "providers": [
          "Atlassian"
        ],
        "categories": {
          "domains": [
            "DevOps",
            "Security - Automation (SOAR)"
          ]
        },
        "contentKind": "Solution",
        "contentProductId": "azuresentinel.azure-sentinel-solution-atlassianjir-sl-lobt5epdi45ws",
        "id": "azuresentinel.azure-sentinel-solution-atlassianjir-sl-lobt5epdi45ws",
        "displayName": "Atlassian Jira Audit",
        "publisherDisplayName": "Microsoft Sentinel, Microsoft Corporation",
        "descriptionHtml": "<p><strong>Note:</strong> <em>There may be <a target=\"_blank\" href=\"https://aka.ms/sentinelsolutionsknownissues\" rel=\"noopener\">known issues</a> pertaining to this Solution, please refer to them before installing.</em></p><p>The <a target=\"_blank\" href=\"https://www.atlassian.com/software/jira\" rel=\"noopener\">Atlassian Jira</a> Audit solution provides the capability to ingest <a target=\"_blank\" href=\"https://support.atlassian.com/jira-cloud-administration/docs/audit-activities-in-jira-applications/\" rel=\"noopener\">Jira Audit Records</a> events into Microsoft Sentinel through the REST API. Refer to <a target=\"_blank\" href=\"https://developer.atlassian.com/cloud/jira/platform/rest/v3/api-group-audit-records/\" rel=\"noopener\">API documentation</a> for more information.</p><p><strong>Underlying Microsoft Technologies used:</strong></p><p>This solution takes a dependency on the following technologies, and some of these dependencies either may be in <a target=\"_blank\" href=\"https://azure.microsoft.com/support/legal/preview-supplemental-terms/\" rel=\"noopener\">Preview</a> state or might result in additional ingestion or operational costs.</p><p>a. <a target=\"_blank\" href=\"https://docs.microsoft.com/azure/azure-monitor/logs/data-collector-api?WT.mc_id=Portal-fx\" rel=\"noopener\">Azure Monitor HTTP Data Collector API</a></p><p>b.<a target=\"_blank\" href=\"https://azure.microsoft.com/services/functions/#overview\" rel=\"noopener\">Azure Functions</a></p><p><strong>Data Connectors:</strong> 1, <strong>Workbooks:</strong> 1, <strong>Analytic Rules:</strong> 10, <strong>Hunting Queries:</strong> 10, <strong>Playbooks:</strong> 7,<strong>Function App:</strong> 1</p><p><a target=\"_blank\" href=\"https://aka.ms/azuresentinel\" rel=\"noopener\">Learn more about Microsoft Sentinel</a> | <a target=\"_blank\" href=\"https://aka.ms/azuresentinelsolutionsdoc\" rel=\"noopener\">Learn more about Solutions</a></p>",
        "icon": "https://store-images.s-microsoft.com/image/apps.50800.46bff4b5-9f45-4dd7-bd1d-8d8b93fcecb3.8de489ef-62ed-4112-9e97-6a8852e191e3.8c75feb8-152b-449e-a512-6013ab4a5e6f",
        "isPreview": false,
        "isDeprecated": false
      }
    }
  ]
}