{
  "$schema": "https://schema.management.azure.com/schemas/2019-04-01/deploymentTemplate.json#",
  "contentVersion": "1.0.0",
  "parameters": {
    "location": {
      "type": "string",
      "minLength": 1,
      "defaultValue": "[resourceGroup().location]",
      "metadata": {
        "description": "Not used, but needed to pass arm-ttk test `Location-Should-Not-Be-Hardcoded`.  We instead use the `workspace-location` which is derived from the LA workspace"
      }
    },
    "workspace": {
      "defaultValue": "",
      "type": "string",
      "metadata": {
        "description": "Workspace name for Log Analytics where Microsoft Sentinel is setup"
      }
    },
    "workspace-location": {
      "type": "string",
      "defaultValue": "",
      "metadata": {
        "description": "[concat('Region to deploy solution resources -- separate from location selection',parameters('location'))]"
      }
    }
  },
  "resources": [
    {
      "type": "Microsoft.OperationalInsights/workspaces/providers/contentTemplates",
      "name": "[concat(parameters('workspace'),'/Microsoft.SecurityInsights/',concat(concat(parameters('workspace'),'-wb-',uniquestring('TomcatWorkbook')),'1.0.0'))]",
      "location": "[parameters('workspace-location')]",
      "apiVersion": "2023-04-01-preview",
      "dependsOn": [
        "[extensionResourceId(resourceId('Microsoft.OperationalInsights/workspaces', parameters('workspace')), 'Microsoft.SecurityInsights/contentPackages', 'azuresentinel.azure-sentinel-solution-apachetomcat')]"
      ],
      "properties": {
        "contentId": "TomcatWorkbook",
        "displayName": "ApacheTomcat",
        "contentKind": "Workbook",
        "mainTemplate": {
          "$schema": "https://schema.management.azure.com/schemas/2019-04-01/deploymentTemplate.json#",
          "contentVersion": "1.0.0",
          "parameters": {},
          "variables": {},
          "resources": [
            {
              "type": "Microsoft.Insights/workbooks",
              "name": "TomcatWorkbook",
              "location": "[parameters('workspace-location')]",
              "kind": "shared",
              "apiVersion": "2021-08-01",
              "metadata": {
                "description": "Sets the time name for analysis"
              },
              "properties": {
                "displayName": "ApacheTomcat",
                "serializedData": "{\"version\":\"Notebook/1.0\",\"items\":[{\"type\":1,\"content\":{\"json\":\"**NOTE**: This data connector depends on a parser based on Kusto Function **TomcatEvent** to work as expected. [Follow steps to get this Kusto Function](https://aka.ms/sentinel-ApacheTomcat-parser) \"},\"name\":\"text - 8\"},{\"type\":9,\"content\":{\"version\":\"KqlParameterItem/1.0\",\"parameters\":[{\"id\":\"cd8447d9-b096-4673-92d8-2a1e8291a125\",\"version\":\"KqlParameterItem/1.0\",\"name\":\"TimeRange\",\"type\":4,\"description\":\"Sets the time name for analysis\",\"value\":{\"durationMs\":7776000000},\"typeSettings\":{\"selectableValues\":[{\"durationMs\":900000},{\"durationMs\":3600000},{\"durationMs\":86400000},{\"durationMs\":604800000},{\"durationMs\":2592000000},{\"durationMs\":7776000000}]},\"timeContext\":{\"durationMs\":86400000}}],\"style\":\"pills\",\"queryType\":0,\"resourceType\":\"microsoft.operationalinsights/workspaces\"},\"name\":\"parameters - 11\"},{\"type\":3,\"content\":{\"version\":\"KqlItem/1.0\",\"query\":\"TomcatEvent\\r\\n| make-series TotalEvents = count() default = 0 on TimeGenerated from {TimeRange:start} to {TimeRange:end} step {TimeRange:grain};\",\"size\":0,\"title\":\"Events Over Time\",\"timeContext\":{\"durationMs\":0},\"timeContextFromParameter\":\"TimeRange\",\"queryType\":0,\"resourceType\":\"microsoft.operationalinsights/workspaces\",\"visualization\":\"timechart\",\"graphSettings\":{\"type\":0}},\"customWidth\":\"60\",\"name\":\"query - 12\",\"styleSettings\":{\"maxWidth\":\"55\"}},{\"type\":3,\"content\":{\"version\":\"KqlItem/1.0\",\"query\":\"//Total Http status code  result\\r\\nTomcatEvent\\r\\n| where isnotempty( HttpStatusCode)\\r\\n| extend HttpStatus = case(\\r\\n    HttpStatusCode startswith \\\"1\\\", \\\"Informational\\\", \\r\\n    HttpStatusCode startswith \\\"2\\\", \\\"Success\\\", \\r\\n    HttpStatusCode startswith \\\"3\\\", \\\"Redirect\\\",\\r\\n    HttpStatusCode startswith \\\"4\\\", \\\"Client Error\\\",\\r\\n    HttpStatusCode startswith \\\"5\\\", \\\"Server Error\\\",\\r\\n    \\\"Unknown\\\")\\r\\n| summarize TotalHttpStatus = count() by HttpStatus\",\"size\":3,\"title\":\"HTTP Status Codes\",\"timeContext\":{\"durationMs\":7776000000},\"timeContextFromParameter\":\"TimeRange\",\"queryType\":0,\"resourceType\":\"microsoft.operationalinsights/workspaces\",\"visualization\":\"piechart\"},\"customWidth\":\"30\",\"name\":\"query - 0\",\"styleSettings\":{\"maxWidth\":\"30\"}},{\"type\":12,\"content\":{\"version\":\"NotebookGroup/1.0\",\"groupType\":\"editable\",\"items\":[{\"type\":12,\"content\":{\"version\":\"NotebookGroup/1.0\",\"groupType\":\"editable\",\"items\":[{\"type\":3,\"content\":{\"version\":\"KqlItem/1.0\",\"query\":\"TomcatEvent\\r\\n| where isnotempty( SrcIpAddr)\\r\\n| summarize dcount(SrcIpAddr) \",\"size\":3,\"title\":\"Unique IP Addresses\",\"timeContext\":{\"durationMs\":7776000000},\"timeContextFromParameter\":\"TimeRange\",\"queryType\":0,\"resourceType\":\"microsoft.operationalinsights/workspaces\",\"visualization\":\"card\",\"textSettings\":{\"style\":\"bignumber\"}},\"name\":\"query - 0\"}]},\"name\":\"group - 1\"},{\"type\":12,\"content\":{\"version\":\"NotebookGroup/1.0\",\"groupType\":\"editable\",\"items\":[{\"type\":3,\"content\":{\"version\":\"KqlItem/1.0\",\"query\":\"TomcatEvent\\r\\n| where HttpStatusCode >= 500 and HttpStatusCode <= 599 \\r\\n| count\",\"size\":3,\"title\":\"Total Server Errors\",\"timeContext\":{\"durationMs\":7776000000},\"timeContextFromParameter\":\"TimeRange\",\"queryType\":0,\"resourceType\":\"microsoft.operationalinsights/workspaces\",\"visualization\":\"card\",\"textSettings\":{\"style\":\"bignumber\"}},\"name\":\"query - 0\"}]},\"name\":\"group - 2\"},{\"type\":12,\"content\":{\"version\":\"NotebookGroup/1.0\",\"groupType\":\"editable\",\"items\":[{\"type\":3,\"content\":{\"version\":\"KqlItem/1.0\",\"query\":\"TomcatEvent\\r\\n| where HttpStatusCode >= 400 and HttpStatusCode <= 499 \\r\\n| count\",\"size\":3,\"title\":\"Total Client Errors\",\"timeContext\":{\"durationMs\":7776000000},\"timeContextFromParameter\":\"TimeRange\",\"queryType\":0,\"resourceType\":\"microsoft.operationalinsights/workspaces\",\"visualization\":\"card\",\"textSettings\":{\"style\":\"bignumber\"}},\"name\":\"query - 0\"}]},\"name\":\"group - 2\"}]},\"customWidth\":\"10\",\"name\":\"group - 9\",\"styleSettings\":{\"maxWidth\":\"100\",\"showBorder\":true}},{\"type\":3,\"content\":{\"version\":\"KqlItem/1.0\",\"query\":\"//Top IP requested\\r\\nTomcatEvent\\r\\n| summarize TotalRequests = count() by SrcIpAddr\\r\\n| project-rename SourceIP=SrcIpAddr\\r\\n| top 10 by TotalRequests desc \",\"size\":3,\"title\":\"Top 10 Sources\",\"timeContext\":{\"durationMs\":7776000000},\"timeContextFromParameter\":\"TimeRange\",\"queryType\":0,\"resourceType\":\"microsoft.operationalinsights/workspaces\",\"visualization\":\"piechart\"},\"customWidth\":\"34\",\"name\":\"query - 1\"},{\"type\":3,\"content\":{\"version\":\"KqlItem/1.0\",\"query\":\"//Top IP requested with server error\\r\\nTomcatEvent\\r\\n| where HttpStatusCode >= 500 and HttpStatusCode <600\\r\\n| summarize TotalEvents = count() by SrcIpAddr\\r\\n| project-rename SourceIP = SrcIpAddr\\r\\n| top 10 by TotalEvents desc \",\"size\":3,\"title\":\"Top Source IP addresses with server error\",\"timeContext\":{\"durationMs\":7776000000},\"timeContextFromParameter\":\"TimeRange\",\"queryType\":0,\"resourceType\":\"microsoft.operationalinsights/workspaces\",\"visualization\":\"piechart\"},\"customWidth\":\"33\",\"name\":\"query - 3\",\"styleSettings\":{\"margin\":\"10\",\"padding\":\"10\"}},{\"type\":3,\"content\":{\"version\":\"KqlItem/1.0\",\"query\":\"//Top IP requested with client error\\r\\nTomcatEvent\\r\\n| where HttpStatusCode >= 400 and HttpStatusCode <500\\r\\n| summarize TotalEvents = count() by SrcIpAddr\\r\\n| project-rename SourceIP = SrcIpAddr\\r\\n| top 10 by SourceIP desc \",\"size\":3,\"title\":\"Top Source IP addresses with client error\",\"timeContext\":{\"durationMs\":7776000000},\"timeContextFromParameter\":\"TimeRange\",\"queryType\":0,\"resourceType\":\"microsoft.operationalinsights/workspaces\",\"visualization\":\"piechart\",\"gridSettings\":{\"sortBy\":[{\"itemKey\":\"TotalEvents\",\"sortOrder\":2}]},\"sortBy\":[{\"itemKey\":\"TotalEvents\",\"sortOrder\":2}]},\"customWidth\":\"33\",\"name\":\"query - 2\"},{\"type\":3,\"content\":{\"version\":\"KqlItem/1.0\",\"query\":\"//Top file requested\\r\\nTomcatEvent\\r\\n| extend File = extract(@\\\".*\\\\/([a-zA-Z0-9-._]*)\\\", 1, tostring(UrlOriginal))\\r\\n| where isnotempty(File)\\r\\n| summarize TotalEvents = count() by File\\r\\n| top 10 by TotalEvents desc\",\"size\":3,\"title\":\"Top files requested\",\"timeContext\":{\"durationMs\":7776000000},\"timeContextFromParameter\":\"TimeRange\",\"queryType\":0,\"resourceType\":\"microsoft.operationalinsights/workspaces\",\"visualization\":\"barchart\"},\"name\":\"query - 8\"},{\"type\":3,\"content\":{\"version\":\"KqlItem/1.0\",\"query\":\"TomcatEvent\\r\\n| extend File = extract(@\\\".*\\\\/([a-zA-Z0-9-._]*)\\\", 1, tostring(UrlOriginal))\\r\\n| where isnotempty(File)\\r\\n| sort by TimeGenerated desc \\r\\n| project File, strcat(iff(HttpStatusCode startswith \\\"4\\\" or HttpStatusCode startswith \\\"5\\\", '❌', '✅')), HttpStatusCode\\r\\n| project-rename Result = Column1, FileName=File\",\"size\":0,\"title\":\"Latest files accessed\",\"timeContext\":{\"durationMs\":7776000000},\"timeContextFromParameter\":\"TimeRange\",\"queryType\":0,\"resourceType\":\"microsoft.operationalinsights/workspaces\",\"gridSettings\":{\"rowLimit\":50,\"filter\":true}},\"customWidth\":\"35\",\"name\":\"query - 12\",\"styleSettings\":{\"maxWidth\":\"33\"}},{\"type\":3,\"content\":{\"version\":\"KqlItem/1.0\",\"query\":\"TomcatEvent\\r\\n| where  TimeGenerated > ago(40d)\\r\\n| where HttpStatusCode >= 400 and HttpStatusCode <= 599 \\r\\n| where UrlOriginal != '/'\\r\\n| summarize TotalEvents = count() by tostring(UrlOriginal)\\r\\n| top 10 by TotalEvents desc \",\"size\":3,\"title\":\"Top URLs with Error\",\"timeContext\":{\"durationMs\":7776000000},\"timeContextFromParameter\":\"TimeRange\",\"queryType\":0,\"resourceType\":\"microsoft.operationalinsights/workspaces\",\"visualization\":\"table\"},\"customWidth\":\"35\",\"name\":\"query - 10\",\"styleSettings\":{\"maxWidth\":\"100\"}},{\"type\":3,\"content\":{\"version\":\"KqlItem/1.0\",\"query\":\"let Average_Body_Bytes = TomcatEvent\\r\\n| summarize Avg_ByUrl = avg(tolong(HttpResponseBodyBytes))\\r\\n| extend K = 1;\\r\\nTomcatEvent\\r\\n| extend K = 1\\r\\n| join kind=inner Average_Body_Bytes on K\\r\\n| where HttpResponseBodyBytes > Avg_ByUrl*1.5\\r\\n| order by tolong(HttpResponseBodyBytes)\\r\\n| summarize RequestSize=max(tolong(HttpResponseBodyBytes)) by SrcIpAddr\\r\\n| project-rename SourceIP=SrcIpAddr\\r\\n\",\"size\":3,\"title\":\"Top sources with large request size\",\"timeContext\":{\"durationMs\":7776000000},\"timeContextFromParameter\":\"TimeRange\",\"queryType\":0,\"resourceType\":\"microsoft.operationalinsights/workspaces\",\"visualization\":\"table\",\"gridSettings\":{\"rowLimit\":10},\"graphSettings\":{\"type\":0,\"topContent\":{\"columnMatch\":\"SrcIpAddr\",\"formatter\":1},\"centerContent\":{\"columnMatch\":\"LargeRequest\",\"formatter\":1,\"numberFormat\":{\"unit\":17,\"options\":{\"maximumSignificantDigits\":3,\"maximumFractionDigits\":2}}}},\"chartSettings\":{\"showMetrics\":false,\"showLegend\":true}},\"customWidth\":\"30\",\"name\":\"query - 7\"}],\"fromTemplateId\":\"sentinel-TomcatWorkbook\",\"$schema\":\"https://github.com/Microsoft/Application-Insights-Workbooks/blob/master/schema/workbook.json\"}\r\n",
                "version": "1.0",
                "sourceId": "[resourceId('microsoft.OperationalInsights/Workspaces', parameters('workspace'))]",
                "category": "sentinel"
              }
            },
            {
              "type": "Microsoft.OperationalInsights/workspaces/providers/metadata",
              "apiVersion": "2022-01-01-preview",
              "name": "[concat(parameters('workspace'),'/Microsoft.SecurityInsights/',concat('Workbook-', last(split(resourceId('Microsoft.Insights/workbooks', 'TomcatWorkbook'),'/'))))]",
              "properties": {
                "description": "@{workbookKey=TomcatWorkbook; logoFileName=Azure_Sentinel.svg; description=Sets the time name for analysis; dataTypesDependencies=System.Object[]; dataConnectorsDependencies=System.Object[]; previewImagesFileNames=System.Object[]; version=1.0.0; title=ApacheTomcat; templateRelativePath=Tomcat.json; subtitle=; provider=Apache}.description",
                "parentId": "[resourceId('Microsoft.Insights/workbooks', 'TomcatWorkbook')]",
                "contentId": "TomcatWorkbook",
                "kind": "Workbook",
                "version": "1.0.0",
                "source": {
                  "kind": "Solution",
                  "name": "Tomcat",
                  "sourceId": "azuresentinel.azure-sentinel-solution-apachetomcat"
                },
                "author": {
                  "name": "Microsoft",
                  "email": "support@microsoft.com"
                },
                "support": {
                  "name": "Microsoft Corporation",
                  "email": "support@microsoft.com",
                  "tier": "Microsoft",
                  "link": "https://support.microsoft.com"
                },
                "dependencies": {
                  "operator": "AND",
                  "criteria": [
                    {
                      "contentId": "Tomcat_CL",
                      "kind": "DataType"
                    },
                    {
                      "contentId": "ApacheTomcat",
                      "kind": "DataConnector"
                    }
                  ]
                }
              }
            }
          ]
        },
        "packageKind": "Solution",
        "packageVersion": "2.0.1",
        "packageName": "Apache Tomcat",
        "packageId": "azuresentinel.azure-sentinel-solution-apachetomcat",
        "contentProductId": "azuresentinel.azure-sentinel-solution-apachetomcat-wb-ykexthrzf7xxw",
        "id": "azuresentinel.azure-sentinel-solution-apachetomcat-wb-ykexthrzf7xxw",
        "contentSchemaVersion": "3.0.0",
        "version": "1.0.0",
        "isDeprecated": false
      }
    },
    {
      "type": "Microsoft.OperationalInsights/workspaces/providers/contentPackages",
      "name": "[concat(parameters('workspace'),'/Microsoft.SecurityInsights/', 'azuresentinel.azure-sentinel-solution-apachetomcat')]",
      "location": "[parameters('workspace-location')]",
      "apiVersion": "2023-04-01-preview",
      "properties": {
        "version": "2.0.1",
        "kind": "Solution",
        "contentSchemaVersion": "3.0.0",
        "contentId": "azuresentinel.azure-sentinel-solution-apachetomcat",
        "source": {
          "kind": "Solution",
          "name": "Tomcat",
          "sourceId": "azuresentinel.azure-sentinel-solution-apachetomcat"
        },
        "author": {
          "name": "Microsoft",
          "email": "support@microsoft.com"
        },
        "support": {
          "name": "Microsoft Corporation",
          "email": "support@microsoft.com",
          "tier": "Microsoft",
          "link": "https://support.microsoft.com"
        },
        "dependencies": {
          "operator": "AND",
          "criteria": [
            {
              "kind": "DataConnector",
              "contentId": "ApacheTomcat",
              "version": "1.0.0"
            },
            {
              "kind": "Parser",
              "contentId": "TomcatEvent-Parser",
              "version": "1.0.0"
            },
            {
              "kind": "Workbook",
              "contentId": "TomcatWorkbook",
              "version": "1.0.0"
            },
            {
              "kind": "AnalyticsRule",
              "contentId": "91f59cea-486f-11ec-81d3-0242ac130003",
              "version": "1.0.0"
            },
            {
              "kind": "AnalyticsRule",
              "contentId": "5e77a818-5825-4ff6-a901-80891c4774d1",
              "version": "1.0.0"
            },
            {
              "kind": "AnalyticsRule",
              "contentId": "4fa66058-4870-11ec-81d3-0242ac130003",
              "version": "1.0.0"
            },
            {
              "kind": "AnalyticsRule",
              "contentId": "7c9a1026-4872-11ec-81d3-0242ac130003",
              "version": "1.0.0"
            },
            {
              "kind": "AnalyticsRule",
              "contentId": "de9df79c-4872-11ec-81d3-0242ac130003",
              "version": "1.0.0"
            },
            {
              "kind": "AnalyticsRule",
              "contentId": "103d5ada-4874-11ec-81d3-0242ac130003",
              "version": "1.0.0"
            },
            {
              "kind": "AnalyticsRule",
              "contentId": "a45dd6ea-4874-11ec-81d3-0242ac130003",
              "version": "1.0.0"
            },
            {
              "kind": "AnalyticsRule",
              "contentId": "0c851bd4-4875-11ec-81d3-0242ac130003",
              "version": "1.0.0"
            },
            {
              "kind": "AnalyticsRule",
              "contentId": "ce84741e-4875-11ec-81d3-0242ac130003",
              "version": "1.0.0"
            },
            {
              "kind": "AnalyticsRule",
              "contentId": "875da588-4875-11ec-81d3-0242ac130003",
              "version": "1.0.0"
            },
            {
              "kind": "HuntingQuery",
              "contentId": "72ae8a54-4879-11ec-81d3-0242ac130003",
              "version": "1.0.0"
            },
            {
              "kind": "HuntingQuery",
              "contentId": "d5e1eb24-487a-11ec-81d3-0242ac130003",
              "version": "1.0.0"
            },
            {
              "kind": "HuntingQuery",
              "contentId": "7be944be-487f-11ec-81d3-0242ac130003",
              "version": "1.0.0"
            },
            {
              "kind": "HuntingQuery",
              "contentId": "c2e8ad40-4880-11ec-81d3-0242ac130003",
              "version": "1.0.0"
            },
            {
              "kind": "HuntingQuery",
              "contentId": "ed6686b4-4880-11ec-81d3-0242ac130003",
              "version": "1.0.0"
            },
            {
              "kind": "HuntingQuery",
              "contentId": "191bd49e-4881-11ec-81d3-0242ac130003",
              "version": "1.0.0"
            },
            {
              "kind": "HuntingQuery",
              "contentId": "60725e58-4881-11ec-81d3-0242ac130003",
              "version": "1.0.0"
            },
            {
              "kind": "HuntingQuery",
              "contentId": "919725a4-4881-11ec-81d3-0242ac130003",
              "version": "1.0.0"
            },
            {
              "kind": "HuntingQuery",
              "contentId": "d214c244-4881-11ec-81d3-0242ac130003",
              "version": "1.0.0"
            },
            {
              "kind": "HuntingQuery",
              "contentId": "033d672c-4882-11ec-81d3-0242ac130003",
              "version": "1.0.0"
            },
            {
              "kind": "HuntingQuery",
              "contentId": "2be563f0-4882-11ec-81d3-0242ac130003",
              "version": "1.0.0"
            }
          ]
        },
        "firstPublishDate": "2022-01-31",
        "providers": [
          "Apache"
        ],
        "categories": {
          "domains": [
            "DevOps",
            "Application"
          ]
        },
        "contentKind": "Solution",
        "contentProductId": "azuresentinel.azure-sentinel-solution-apachetomcat-sl-56hnruxbcbzo6",
        "id": "azuresentinel.azure-sentinel-solution-apachetomcat-sl-56hnruxbcbzo6",
        "displayName": "Apache Tomcat",
        "publisherDisplayName": "Microsoft Sentinel, Microsoft Corporation",
        "descriptionHtml": "<p><strong>Note:</strong> <em>There may be <a target=\"_blank\" href=\"https://aka.ms/sentinelsolutionsknownissues\" rel=\"noopener\">known issues</a> pertaining to this Solution, please refer to them before installing.</em></p><p>The Apache Tomcat Solution provides the capability to ingest <a target=\"_blank\" href=\"http://tomcat.apache.org/\" rel=\"noopener\">Apache Tomcat</a> events into Microsoft Sentinel. Refer to <a target=\"_blank\" href=\"http://tomcat.apache.org/tomcat-10.0-doc/logging.html\" rel=\"noopener\">Apache Tomcat documentation</a> for more information.</p><p><strong>Underlying Microsoft Technologies used:</strong></p><p>This solution takes a dependency on the following technologies, and some of these dependencies either may be in <a target=\"_blank\" href=\"https://azure.microsoft.com/support/legal/preview-supplemental-terms/\" rel=\"noopener\">Preview</a> state or might result in additional ingestion or operational costs:</p><p>a. <a target=\"_blank\" href=\"https://docs.microsoft.com/azure/azure-monitor/logs/data-collector-api?WT.mc_id=Portal-fx\" rel=\"noopener\">Azure Monitor HTTP Data Collector API</a></p><p><strong>Data Connectors:</strong> 1, <strong>Parsers:</strong> 1, <strong>Workbooks:</strong> 1, <strong>Analytic Rules:</strong> 10, <strong>Hunting Queries:</strong> 11</p><p><a target=\"_blank\" href=\"https://aka.ms/azuresentinel\" rel=\"noopener\">Learn more about Microsoft Sentinel</a> | <a target=\"_blank\" href=\"https://aka.ms/azuresentinelsolutionsdoc\" rel=\"noopener\">Learn more about Solutions</a></p>",
        "icon": "https://store-images.s-microsoft.com/image/apps.64133.b742d449-722f-4ae0-bc58-dbea429a2cb0.a0e48b71-a57d-4c6c-a6b3-0213cd94660a.9ae4e5e9-8c69-4af5-a6fc-20db0e67b32f",
        "isPreview": false,
        "isDeprecated": false
      }
    }
  ]
}