{
  "$schema": "https://schema.management.azure.com/schemas/2019-04-01/deploymentTemplate.json#",
  "contentVersion": "1.0.0",
  "parameters": {
    "location": {
      "type": "string",
      "minLength": 1,
      "defaultValue": "[resourceGroup().location]",
      "metadata": {
        "description": "Not used, but needed to pass arm-ttk test `Location-Should-Not-Be-Hardcoded`.  We instead use the `workspace-location` which is derived from the LA workspace"
      }
    },
    "workspace-location": {
      "type": "string",
      "defaultValue": "",
      "metadata": {
        "description": "[concat('Region to deploy solution resources -- separate from location selection',parameters('location'))]"
      }
    },
    "workspace": {
      "defaultValue": "",
      "type": "string",
      "metadata": {
        "description": "Workspace name for Log Analytics where Microsoft Sentinel is setup"
      }
    }
  },
  "resources": [
    {
      "type": "Microsoft.OperationalInsights/workspaces/providers/contentTemplates",
      "apiVersion": "2023-04-01-preview",
      "name": "[concat(parameters('workspace'),'/Microsoft.SecurityInsights/',concat(parameters('workspace'),'-pr-',uniquestring('ArubaClearPass-Parser')))]",
      "location": "[parameters('workspace-location')]",
      "dependsOn": [
        "[extensionResourceId(resourceId('Microsoft.OperationalInsights/workspaces', parameters('workspace')), 'Microsoft.SecurityInsights/contentPackages', 'azuresentinel.azure-sentinel-solution-arubaclearpass')]"
      ],
      "properties": {
        "description": "ArubaClearPass Data Parser with template version 3.0.0",
        "mainTemplate": {
          "$schema": "https://schema.management.azure.com/schemas/2019-04-01/deploymentTemplate.json#",
          "contentVersion": "1.0.0",
          "parameters": {},
          "variables": {},
          "resources": [
            {
              "name": "[concat(parameters('workspace'),'/','ArubaClearPass')]",
              "apiVersion": "2022-10-01",
              "type": "Microsoft.OperationalInsights/workspaces/savedSearches",
              "location": "[parameters('workspace-location')]",
              "properties": {
                "eTag": "*",
                "displayName": "ArubaClearPass",
                "category": "Microsoft Sentinel Parser",
                "functionAlias": "ArubaClearPass",
                "query": "let LogHeader =\nCommonSecurityLog\n| where DeviceVendor == \"Aruba Networks\" and DeviceProduct == \"ClearPass\"\n| extend Category = coalesce(\n                            extract(@'cat=([^;]+)(\\;|$)',1, AdditionalExtensions),                            \n                            column_ifexists(\"DeviceEventCategory\", \"\")\n                        ),\n        Outcome = coalesce(\n                            extract(@'outcome=([^;]+)\\;',1, AdditionalExtensions),                            \n                            column_ifexists(\"EventOutcome\", \"\")\n                        )\n| project-rename DvcIpAddr = DeviceAddress,\n                 DvcVersion = DeviceVersion,\n                 SrcIpAddr = SourceIP;\nlet InsightLogs = LogHeader\n| where Activity == \"Insight Logs\" or Category == \"Insight Logs\"\n// Version 6.5\n| extend UserName = extract(@'Auth.Username=([^;]+)\\;',1, AdditionalExtensions),\n        AuthorizationSources = extract(@'Auth.Authorization-Sources=([^;]+)\\;',1, AdditionalExtensions),\n        NetworkProtocol = extract(@'Auth.Protocol=([^;]+)\\;',1, AdditionalExtensions),\n        RequestTimestamp = extract(@'Auth.Request-Timestamp=([^;]+)\\;',1, AdditionalExtensions),\n        LoginStatus = extract(@'Auth.Login-Status=([^;]+)\\;',1, AdditionalExtensions),\n        Source = extract(@'Auth.Source=([^;]+)\\;',1, AdditionalExtensions),\n        EnforcementProfiles = extract(@'Auth.Enforcement-Profiles=([^;]+)\\;',1, AdditionalExtensions),\n        NasPort = extract(@'Auth.NAS-Port=([^;]+)\\;',1, AdditionalExtensions),\n        TimestampFormat = extract(@'TimestampFormat=([^;]+)\\;',1, AdditionalExtensions),\n        Ssid = extract(@'Auth.SSID=([^;]+)\\;',1, AdditionalExtensions),\n        NasPortType = extract(@'Auth.NAS-Port-Type=([^;]+)\\;',1, AdditionalExtensions),\n        ErrorCode = extract(@'Auth.Error-Code=([^;]+)\\;',1, AdditionalExtensions),\n        Roles = extract(@'Auth.Roles=([^;]+)\\;',1, AdditionalExtensions),\n        Service = extract(@'Auth.Service=([^;]+)\\;',1, AdditionalExtensions),\n        SrcMacAddr = extract(@'Auth.Host-MAC-Address=([^;]+)\\;',1, AdditionalExtensions),\n        Unhealthy = extract(@'Auth.Unhealthy=([^;]+)\\;',1, AdditionalExtensions),\n        NasIpAddr = extract(@'Auth.NAS-IP-Address=([^;]+)\\;',1, AdditionalExtensions),\n        CalledStationId = extract(@'Auth.CalledStationId=([^;]+)\\;',1, AdditionalExtensions),\n        NasIdentifier = extract(@'Auth.NAS-Identifier=([^;]+)\\;',1, AdditionalExtensions)\n// Version 6.6+\n| extend EndpointStatus = extract(@'ArubaClearpassEndpointStatus=([^;]+)\\;',1, AdditionalExtensions),\n         EndpointConflict = extract(@'ArubaClearpassEndpointConflict=([^;]+)\\;',1, AdditionalExtensions),\n         EndpointDvcCategory = iif(DeviceCustomString3Label == \"Endpoint.Device-Category\", DeviceCustomString3, \"\"),\n         EndpointDvcFamily = iif(DeviceCustomString4Label == \"Endpoint.Device-Family\", DeviceCustomString4, \"\"),\n         EndpointDvcName = iif(DeviceCustomString5Label == \"Endpoint.Device-Name\", DeviceCustomString5, \"\"),\n         EndpointMacVendor = iif(DeviceCustomString6Label == \"Endpoint.MAC-Vendor\", DeviceCustomString6, \"\"),        \n         EndpointAddedDate= iif(DeviceCustomDate1Label == \"Endpoint.Added-At\", todatetime(DeviceCustomDate1), todatetime(\"\"))\n| extend Category = iif(isempty(Category), \"Insight Logs\", Category); \nlet AuditRecords = LogHeader\n| where Activity == \"Audit Records\" or Category == \"Audit Records\"\n| extend TimestampFormat = extract(@'timeFormat=([^;]+)\\;',1, AdditionalExtensions),\n        UserName = extract(@'usrName=([^;]+)(\\;|$)',1, AdditionalExtensions)\n| extend Category = iif(isempty(Category), \"Audit Records\", Category);\nlet SessionLogs = LogHeader\n| where Activity == \"Session Logs\" or Category == \"Session Logs\"\n| extend Timestamp = extract(@'RADIUS.Acct-Timestamp=([^;]+)\\;',1, AdditionalExtensions),\n        CallingStationId = extract(@'RADIUS.Acct-Calling-Station-Id=([^;]+)\\;',1, AdditionalExtensions),\n        InputOctets = extract(@'RADIUS.Acct-Input-Octets=([^;]+)\\;',1, AdditionalExtensions),\n        TimestampFormat = extract(@'TimestampFormat=([^;]+)\\;',1, AdditionalExtensions),\n        SessionTime = extract(@'RADIUS.Acct-Session-Time=([^;]+)\\;',1, AdditionalExtensions),\n        FramedIpAddr = extract(@'RADIUS.Acct-Framed-IP-Address=([^;]+)\\;',1, AdditionalExtensions),\n        Source = extract(@'RADIUS.Auth-Source=([^;]+)\\;',1, AdditionalExtensions),\n        Method = extract(@'RADIUS.Auth-Method=([^;]+)\\;',1, AdditionalExtensions),\n        SessionId = extract(@'RADIUS.Acct-Session-Id=([^;]+)\\;',1, AdditionalExtensions),\n        ServiceName = extract(@'RADIUS.Acct-Service-Name=([^;]+)\\;',1, AdditionalExtensions),\n        NasPortNumber = extract(@'RADIUS.Acct-NAS-Port=([^;]+)\\;',1, AdditionalExtensions),\n        NasPortType = extract(@'RADIUS.Acct-NAS-Port-Type=([^;]+)\\;',1, AdditionalExtensions),\n        OutputOctets = extract(@'RADIUS.Acct-Output-Octets=([^;]+)\\;',1, AdditionalExtensions),\n        UserName = extract(@'RADIUS.Acct-Username=([^;]+)\\;',1, AdditionalExtensions),\n        NasIpAddr = extract(@'RADIUS.Acct-NAS-IP-Address=([^;]+)\\;',1, AdditionalExtensions)\n| project-rename DstServiceName = DestinationServiceName,\n                 DstUserPriviledges = DestinationUserPrivileges,\n                 DstUserName = DestinationUserName,\n                 DstMacAddr = DestinationMACAddress\n| extend Category = iif(isempty(Category), \"Sessions Logs\", Category);\nlet SystemLogs = LogHeader\n| where Activity == \"System Logs\" or Category == \"ClearPass System Events\"\n| extend Description = extract(@'description=([^;]+)\\;',1, AdditionalExtensions),\n         Action = extract(@'daction=([^;]+)\\;',1, AdditionalExtensions),\n         InputOctets = extract(@'RADIUS.Acct-Input-Octets=([^;]+)\\;',1, AdditionalExtensions),\n         TimeFormat = extract(@'devTimeFormat=([^;]+)\\;',1, AdditionalExtensions)\n| extend Category = iif(isempty(Category), \"System Logs\", \"System Logs\");\nunion SessionLogs, InsightLogs, AuditRecords, SystemLogs\n",
                "functionParameters": "",
                "version": 2,
                "tags": [
                  {
                    "name": "description",
                    "value": ""
                  }
                ]
              }
            },
            {
              "type": "Microsoft.OperationalInsights/workspaces/providers/metadata",
              "apiVersion": "2022-01-01-preview",
              "name": "[concat(parameters('workspace'),'/Microsoft.SecurityInsights/',concat('Parser-', last(split(resourceId('Microsoft.OperationalInsights/workspaces/savedSearches', parameters('workspace'), 'ArubaClearPass'),'/'))))]",
              "dependsOn": [
                "[resourceId('Microsoft.OperationalInsights/workspaces/savedSearches', parameters('workspace'), 'ArubaClearPass')]"
              ],
              "properties": {
                "parentId": "[resourceId('Microsoft.OperationalInsights/workspaces/savedSearches', parameters('workspace'), 'ArubaClearPass')]",
                "contentId": "ArubaClearPass-Parser",
                "kind": "Parser",
                "version": "1.0.0",
                "source": {
                  "name": "Aruba ClearPass",
                  "kind": "Solution",
                  "sourceId": "azuresentinel.azure-sentinel-solution-arubaclearpass"
                },
                "author": {
                  "name": "Aruba Networks"
                },
                "support": {
                  "tier": "Microsoft",
                  "name": "Microsoft Corporation",
                  "email": "support@microsoft.com",
                  "link": "https://support.microsoft.com/"
                }
              }
            }
          ]
        },
        "packageKind": "Solution",
        "packageVersion": "3.0.0",
        "packageName": "Aruba ClearPass",
        "packageId": "azuresentinel.azure-sentinel-solution-arubaclearpass",
        "contentSchemaVersion": "3.0.0",
        "contentId": "ArubaClearPass-Parser",
        "contentKind": "Parser",
        "displayName": "ArubaClearPass",
        "contentProductId": "azuresentinel.azure-sentinel-solution-arubaclearpa-pr-tl2qrzwmqvczo",
        "id": "azuresentinel.azure-sentinel-solution-arubaclearpa-pr-tl2qrzwmqvczo",
        "version": "1.0.0",
        "isDeprecated": false
      }
    },
    {
      "type": "Microsoft.OperationalInsights/workspaces/providers/contentPackages",
      "apiVersion": "2023-04-01-preview",
      "location": "[parameters('workspace-location')]",
      "properties": {
        "version": "3.0.0",
        "kind": "Solution",
        "contentSchemaVersion": "3.0.0",
        "displayName": "Aruba ClearPass",
        "publisherDisplayName": "Microsoft Sentinel, Microsoft Corporation",
        "descriptionHtml": "<p></p><p><strong>Note:</strong> Please refer to the following before installing the solution:</p><p>• Review the solution <a target=\"_blank\" href=\"https://github.com/Azure/Azure-Sentinel/tree/master/Solutions/Aruba%20ClearPass/ReleaseNotes.md\" rel=\"noopener\">Release Notes</a></p><p>• There may be <a target=\"_blank\" href=\"https://aka.ms/sentinelsolutionsknownissues\" rel=\"noopener\">known issues</a> pertaining to this Solution, please refer to them before installing.</p><p><a target=\"_blank\" href=\"https://www.arubanetworks.com/products/security/network-access-control/secure-access/\" rel=\"noopener\">The Aruba ClearPass</a> solution allows you to easily connect your Aruba ClearPass with Microsoft Sentinel.</p><ol><li><p><strong>Aruba ClearPass via AMA</strong> - This data connector helps in ingesting Aruba ClearPass logs into your Log Analytics Workspace using the new Azure Monitor Agent. Learn more about ingesting using the new Azure Monitor Agent <a target=\"_blank\" href=\"https://learn.microsoft.com/azure/sentinel/connect-cef-ama?WT.mc_id=Portal-fx\" rel=\"noopener\">here</a>. <strong>Microsoft recommends using this Data Connector</strong>.</p></li><li><p><strong>Aruba ClearPass via Legacy Agent</strong> - This data connector helps in ingesting Aruba ClearPass logs into your Log Analytics Workspace using the legacy Log Analytics agent.</p></li></ol><p><strong>NOTE:</strong> Microsoft recommends installation of Aruba ClearPass via AMA Connector. Legacy connector uses the Log Analytics agent which is about to be deprecated by <strong>Aug 31, 2024,</strong> and thus should only be installed where AMA is not supported. Using MMA and AMA on same machine can cause log duplication and extra ingestion cost <a target=\"_blank\" href=\"https://learn.microsoft.com/azure/sentinel/ama-migrate?WT.mc_id=Portal-fx\" rel=\"noopener\">more details</a>.</p><p><strong>Data Connectors:</strong> 2, <strong>Parsers:</strong> 1</p><p><a target=\"_blank\" href=\"https://aka.ms/azuresentinel\" rel=\"noopener\">Learn more about Microsoft Sentinel</a> | <a target=\"_blank\" href=\"https://aka.ms/azuresentinelsolutionsdoc\" rel=\"noopener\">Learn more about Solutions</a></p>",
        "contentKind": "Solution",
        "contentProductId": "azuresentinel.azure-sentinel-solution-arubaclearpa-sl-hcovnbceefgsc",
        "id": "azuresentinel.azure-sentinel-solution-arubaclearpa-sl-hcovnbceefgsc",
        "icon": "https://store-images.s-microsoft.com/image/apps.54109.fc3024ae-ac1c-41c9-a75b-74b067bd9cdd.5957d7d5-1e5a-488a-bae8-27d5ac2cde91.ba1b29e8-1509-4926-bc22-326d67cfd738",
        "contentId": "azuresentinel.azure-sentinel-solution-arubaclearpass",
        "parentId": "azuresentinel.azure-sentinel-solution-arubaclearpass",
        "source": {
          "kind": "Solution",
          "name": "Aruba ClearPass",
          "sourceId": "azuresentinel.azure-sentinel-solution-arubaclearpass"
        },
        "author": {
          "name": "Aruba Networks"
        },
        "support": {
          "name": "Microsoft Corporation",
          "email": "support@microsoft.com",
          "tier": "Microsoft",
          "link": "https://support.microsoft.com/"
        },
        "dependencies": {
          "operator": "AND",
          "criteria": [
            {
              "kind": "DataConnector",
              "contentId": "ArubaClearPass",
              "version": "1.0.0"
            },
            {
              "kind": "DataConnector",
              "contentId": "ArubaClearPassAma",
              "version": "1.0.0"
            },
            {
              "kind": "Parser",
              "contentId": "ArubaClearPass-Parser",
              "version": "1.0.0"
            }
          ]
        },
        "firstPublishDate": "2022-05-23",
        "providers": [
          "Aruba"
        ],
        "categories": {
          "domains": [
            "Security - Threat Protection"
          ]
        },
        "isPreview": false,
        "isDeprecated": false
      },
      "name": "[concat(parameters('workspace'),'/Microsoft.SecurityInsights/', 'azuresentinel.azure-sentinel-solution-arubaclearpass')]"
    },
    {
      "type": "Microsoft.OperationalInsights/workspaces/savedSearches",
      "apiVersion": "2022-10-01",
      "name": "[concat(parameters('workspace'),'/','ArubaClearPass')]",
      "location": "[parameters('workspace-location')]",
      "properties": {
        "eTag": "*",
        "displayName": "ArubaClearPass",
        "category": "Microsoft Sentinel Parser",
        "functionAlias": "ArubaClearPass",
        "query": "let LogHeader =\nCommonSecurityLog\n| where DeviceVendor == \"Aruba Networks\" and DeviceProduct == \"ClearPass\"\n| extend Category = coalesce(\n                            extract(@'cat=([^;]+)(\\;|$)',1, AdditionalExtensions),                            \n                            column_ifexists(\"DeviceEventCategory\", \"\")\n                        ),\n        Outcome = coalesce(\n                            extract(@'outcome=([^;]+)\\;',1, AdditionalExtensions),                            \n                            column_ifexists(\"EventOutcome\", \"\")\n                        )\n| project-rename DvcIpAddr = DeviceAddress,\n                 DvcVersion = DeviceVersion,\n                 SrcIpAddr = SourceIP;\nlet InsightLogs = LogHeader\n| where Activity == \"Insight Logs\" or Category == \"Insight Logs\"\n// Version 6.5\n| extend UserName = extract(@'Auth.Username=([^;]+)\\;',1, AdditionalExtensions),\n        AuthorizationSources = extract(@'Auth.Authorization-Sources=([^;]+)\\;',1, AdditionalExtensions),\n        NetworkProtocol = extract(@'Auth.Protocol=([^;]+)\\;',1, AdditionalExtensions),\n        RequestTimestamp = extract(@'Auth.Request-Timestamp=([^;]+)\\;',1, AdditionalExtensions),\n        LoginStatus = extract(@'Auth.Login-Status=([^;]+)\\;',1, AdditionalExtensions),\n        Source = extract(@'Auth.Source=([^;]+)\\;',1, AdditionalExtensions),\n        EnforcementProfiles = extract(@'Auth.Enforcement-Profiles=([^;]+)\\;',1, AdditionalExtensions),\n        NasPort = extract(@'Auth.NAS-Port=([^;]+)\\;',1, AdditionalExtensions),\n        TimestampFormat = extract(@'TimestampFormat=([^;]+)\\;',1, AdditionalExtensions),\n        Ssid = extract(@'Auth.SSID=([^;]+)\\;',1, AdditionalExtensions),\n        NasPortType = extract(@'Auth.NAS-Port-Type=([^;]+)\\;',1, AdditionalExtensions),\n        ErrorCode = extract(@'Auth.Error-Code=([^;]+)\\;',1, AdditionalExtensions),\n        Roles = extract(@'Auth.Roles=([^;]+)\\;',1, AdditionalExtensions),\n        Service = extract(@'Auth.Service=([^;]+)\\;',1, AdditionalExtensions),\n        SrcMacAddr = extract(@'Auth.Host-MAC-Address=([^;]+)\\;',1, AdditionalExtensions),\n        Unhealthy = extract(@'Auth.Unhealthy=([^;]+)\\;',1, AdditionalExtensions),\n        NasIpAddr = extract(@'Auth.NAS-IP-Address=([^;]+)\\;',1, AdditionalExtensions),\n        CalledStationId = extract(@'Auth.CalledStationId=([^;]+)\\;',1, AdditionalExtensions),\n        NasIdentifier = extract(@'Auth.NAS-Identifier=([^;]+)\\;',1, AdditionalExtensions)\n// Version 6.6+\n| extend EndpointStatus = extract(@'ArubaClearpassEndpointStatus=([^;]+)\\;',1, AdditionalExtensions),\n         EndpointConflict = extract(@'ArubaClearpassEndpointConflict=([^;]+)\\;',1, AdditionalExtensions),\n         EndpointDvcCategory = iif(DeviceCustomString3Label == \"Endpoint.Device-Category\", DeviceCustomString3, \"\"),\n         EndpointDvcFamily = iif(DeviceCustomString4Label == \"Endpoint.Device-Family\", DeviceCustomString4, \"\"),\n         EndpointDvcName = iif(DeviceCustomString5Label == \"Endpoint.Device-Name\", DeviceCustomString5, \"\"),\n         EndpointMacVendor = iif(DeviceCustomString6Label == \"Endpoint.MAC-Vendor\", DeviceCustomString6, \"\"),        \n         EndpointAddedDate= iif(DeviceCustomDate1Label == \"Endpoint.Added-At\", todatetime(DeviceCustomDate1), todatetime(\"\"))\n| extend Category = iif(isempty(Category), \"Insight Logs\", Category); \nlet AuditRecords = LogHeader\n| where Activity == \"Audit Records\" or Category == \"Audit Records\"\n| extend TimestampFormat = extract(@'timeFormat=([^;]+)\\;',1, AdditionalExtensions),\n        UserName = extract(@'usrName=([^;]+)(\\;|$)',1, AdditionalExtensions)\n| extend Category = iif(isempty(Category), \"Audit Records\", Category);\nlet SessionLogs = LogHeader\n| where Activity == \"Session Logs\" or Category == \"Session Logs\"\n| extend Timestamp = extract(@'RADIUS.Acct-Timestamp=([^;]+)\\;',1, AdditionalExtensions),\n        CallingStationId = extract(@'RADIUS.Acct-Calling-Station-Id=([^;]+)\\;',1, AdditionalExtensions),\n        InputOctets = extract(@'RADIUS.Acct-Input-Octets=([^;]+)\\;',1, AdditionalExtensions),\n        TimestampFormat = extract(@'TimestampFormat=([^;]+)\\;',1, AdditionalExtensions),\n        SessionTime = extract(@'RADIUS.Acct-Session-Time=([^;]+)\\;',1, AdditionalExtensions),\n        FramedIpAddr = extract(@'RADIUS.Acct-Framed-IP-Address=([^;]+)\\;',1, AdditionalExtensions),\n        Source = extract(@'RADIUS.Auth-Source=([^;]+)\\;',1, AdditionalExtensions),\n        Method = extract(@'RADIUS.Auth-Method=([^;]+)\\;',1, AdditionalExtensions),\n        SessionId = extract(@'RADIUS.Acct-Session-Id=([^;]+)\\;',1, AdditionalExtensions),\n        ServiceName = extract(@'RADIUS.Acct-Service-Name=([^;]+)\\;',1, AdditionalExtensions),\n        NasPortNumber = extract(@'RADIUS.Acct-NAS-Port=([^;]+)\\;',1, AdditionalExtensions),\n        NasPortType = extract(@'RADIUS.Acct-NAS-Port-Type=([^;]+)\\;',1, AdditionalExtensions),\n        OutputOctets = extract(@'RADIUS.Acct-Output-Octets=([^;]+)\\;',1, AdditionalExtensions),\n        UserName = extract(@'RADIUS.Acct-Username=([^;]+)\\;',1, AdditionalExtensions),\n        NasIpAddr = extract(@'RADIUS.Acct-NAS-IP-Address=([^;]+)\\;',1, AdditionalExtensions)\n| project-rename DstServiceName = DestinationServiceName,\n                 DstUserPriviledges = DestinationUserPrivileges,\n                 DstUserName = DestinationUserName,\n                 DstMacAddr = DestinationMACAddress\n| extend Category = iif(isempty(Category), \"Sessions Logs\", Category);\nlet SystemLogs = LogHeader\n| where Activity == \"System Logs\" or Category == \"ClearPass System Events\"\n| extend Description = extract(@'description=([^;]+)\\;',1, AdditionalExtensions),\n         Action = extract(@'daction=([^;]+)\\;',1, AdditionalExtensions),\n         InputOctets = extract(@'RADIUS.Acct-Input-Octets=([^;]+)\\;',1, AdditionalExtensions),\n         TimeFormat = extract(@'devTimeFormat=([^;]+)\\;',1, AdditionalExtensions)\n| extend Category = iif(isempty(Category), \"System Logs\", \"System Logs\");\nunion SessionLogs, InsightLogs, AuditRecords, SystemLogs\n",
        "functionParameters": "",
        "version": 2,
        "tags": [
          {
            "name": "description",
            "value": ""
          }
        ]
      }
    },
    {
      "type": "Microsoft.OperationalInsights/workspaces/providers/metadata",
      "apiVersion": "2022-01-01-preview",
      "location": "[parameters('workspace-location')]",
      "name": "[concat(parameters('workspace'),'/Microsoft.SecurityInsights/',concat('Parser-', last(split(resourceId('Microsoft.OperationalInsights/workspaces/savedSearches', parameters('workspace'), 'ArubaClearPass'),'/'))))]",
      "dependsOn": [
        "[resourceId('Microsoft.OperationalInsights/workspaces/savedSearches', parameters('workspace'), 'ArubaClearPass')]"
      ],
      "properties": {
        "parentId": "[resourceId('Microsoft.OperationalInsights/workspaces/savedSearches', parameters('workspace'), 'ArubaClearPass')]",
        "contentId": "ArubaClearPass-Parser",
        "kind": "Parser",
        "version": "1.0.0",
        "source": {
          "kind": "Solution",
          "name": "Aruba ClearPass",
          "sourceId": "azuresentinel.azure-sentinel-solution-arubaclearpass"
        },
        "author": {
          "name": "Aruba Networks"
        },
        "support": {
          "tier": "Microsoft",
          "name": "Microsoft Corporation",
          "email": "support@microsoft.com",
          "link": "https://support.microsoft.com/"
        }
      }
    }
  ]
}