{
  "$schema": "https://schema.management.azure.com/schemas/2019-04-01/deploymentTemplate.json#",
  "contentVersion": "1.0.0",
  "parameters": {
    "location": {
      "type": "string",
      "minLength": 1,
      "defaultValue": "[resourceGroup().location]",
      "metadata": {
        "description": "Not used, but needed to pass arm-ttk test `Location-Should-Not-Be-Hardcoded`.  We instead use the `workspace-location` which is derived from the LA workspace"
      }
    },
    "workspace": {
      "defaultValue": "",
      "type": "string",
      "metadata": {
        "description": "Workspace name for Log Analytics where Microsoft Sentinel is setup"
      }
    },
    "workspace-location": {
      "type": "string",
      "defaultValue": "",
      "metadata": {
        "description": "[concat('Region to deploy solution resources -- separate from location selection',parameters('location'))]"
      }
    }
  },
  "resources": [
    {
      "type": "Microsoft.OperationalInsights/workspaces/providers/contentTemplates",
      "name": "[concat(parameters('workspace'),'/Microsoft.SecurityInsights/',concat(concat(parameters('workspace'),'-pr-',uniquestring('ApacheHTTPServer-Parser')),'1.0.0'))]",
      "location": "[parameters('workspace-location')]",
      "apiVersion": "2023-04-01-preview",
      "dependsOn": [
        "[extensionResourceId(resourceId('Microsoft.OperationalInsights/workspaces', parameters('workspace')), 'Microsoft.SecurityInsights/contentPackages', 'azuresentinel.azure-sentinel-solution-apachehttpserver')]"
      ],
      "properties": {
        "contentId": "ApacheHTTPServer-Parser",
        "displayName": "ApacheHTTPServer",
        "contentKind": "Parser",
        "mainTemplate": {
          "$schema": "https://schema.management.azure.com/schemas/2019-04-01/deploymentTemplate.json#",
          "contentVersion": "1.0.0",
          "parameters": {},
          "variables": {},
          "resources": [
            {
              "name": "[concat(parameters('workspace'),'/','ApacheHTTPServer')]",
              "apiVersion": "2020-08-01",
              "type": "Microsoft.OperationalInsights/workspaces/savedSearches",
              "location": "[parameters('workspace-location')]",
              "properties": {
                "eTag": "*",
                "displayName": "ApacheHTTPServer",
                "category": "Samples",
                "functionAlias": "ApacheHTTPServer",
                "query": "\nlet apache_accesslog_events =() {\r\nApacheHTTPServer_CL\r\n| where RawData matches regex @'(\\d{1,3}\\.\\d{1,3}\\.\\d{1,3}\\.\\d{1,3}).*\\[.*\\]\\s\\\"(GET|POST).*?\\\"\\s([1-5][0-9]{2})\\s(\\d+)\\s\\\"(.*?)\\\"\\s\\\"(.*?)\\\".*'\r\n| extend EventProduct = 'Apache'\r\n| extend EventType = 'AccessLog'\r\n| extend EventData = split(RawData, '\"')\r\n| extend SubEventData0 = split(trim_start(@' ', (trim_end(@' ', tostring(EventData[0])))), ' ')\r\n| extend SubEventData1 = split(EventData[1], ' ')\r\n| extend SubEventData2 = split(trim_start(@' ', (trim_end(@' ', tostring(EventData[2])))), ' ')\r\n| extend SrcIpAddr = tostring(SubEventData0[0])\r\n| extend ClientIdentity = SubEventData0[1]\r\n| extend SrcUserName = SubEventData0[2]\r\n| extend EventStartTime = todatetime(replace(@'\\/', @'-', replace(@'(\\d{2}\\/\\w{3}\\/\\d{4}):(\\d{2}\\:\\d{2}\\:\\d{2})', @'\\1 \\2', extract(@'\\[(.*?)\\+\\d+\\]', 1, RawData))))\r\n| extend HttpRequestMethod = SubEventData1[0]\r\n| extend UrlOriginal = SubEventData1[1]\r\n| extend HttpVersion = SubEventData1[2]\r\n| extend HttpStatusCode = SubEventData2[0]\r\n| extend HttpResponseBodyBytes = SubEventData2[1]\r\n| extend HttpReferrerOriginal = EventData[3]\r\n| extend HttpUserAgentOriginal = EventData[5]\r\n};\r\nlet apache_errorlog_events=() {\r\nApacheHTTPServer_CL\r\n| where RawData matches regex @'\\A\\[.*?\\]\\s\\[.*\\]\\s\\[.*\\].*'\r\n| extend EventProduct = 'Apache'\r\n| extend EventType = 'ErrorLog'\r\n| extend EventSeverity = 'Error'\r\n| extend EventStartTime = todatetime(extract(@'\\[\\w{3}\\s(.*?)\\]', 1, RawData))\r\n| extend SrcIpAddr = extract(@'\\[client (\\d{1,3}\\.\\d{1,3}\\.\\d{1,3}\\.\\d{1,3})\\]', 1, RawData)\r\n| extend EventMessage = extract(@'\\[client \\d{1,3}\\.\\d{1,3}\\.\\d{1,3}\\.\\d{1,3}\\]\\s(.*)', 1, RawData)\r\n};\r\nunion isfuzzy=true apache_accesslog_events, apache_errorlog_events\r\n| project TimeGenerated\r\n        , EventProduct\r\n        , EventType\r\n        , EventSeverity\r\n        , EventStartTime\r\n        , SrcIpAddr\r\n        , ClientIdentity\r\n        , SrcUserName\r\n        , HttpRequestMethod\r\n        , UrlOriginal\r\n        , HttpVersion\r\n        , HttpStatusCode\r\n        , HttpResponseBodyBytes\r\n        , HttpReferrerOriginal\r\n        , HttpUserAgentOriginal\r\n\t\t, EventMessage\r\n",
                "version": 1,
                "tags": [
                  {
                    "name": "description",
                    "value": "ApacheHTTPServer"
                  }
                ]
              }
            },
            {
              "type": "Microsoft.OperationalInsights/workspaces/providers/metadata",
              "apiVersion": "2022-01-01-preview",
              "name": "[concat(parameters('workspace'),'/Microsoft.SecurityInsights/',concat('Parser-', last(split(resourceId('Microsoft.OperationalInsights/workspaces/savedSearches', parameters('workspace'), 'ApacheHTTPServer'),'/'))))]",
              "dependsOn": [
                "[concat(parameters('workspace'),'/','ApacheHTTPServer')]"
              ],
              "properties": {
                "parentId": "[resourceId('Microsoft.OperationalInsights/workspaces/savedSearches', parameters('workspace'), 'ApacheHTTPServer')]",
                "contentId": "ApacheHTTPServer-Parser",
                "kind": "Parser",
                "version": "1.0.0",
                "source": {
                  "name": "ApacheHTTPServer",
                  "kind": "Solution",
                  "sourceId": "azuresentinel.azure-sentinel-solution-apachehttpserver"
                },
                "author": {
                  "name": "Microsoft",
                  "email": "support@microsoft.com"
                },
                "support": {
                  "name": "Microsoft Corporation",
                  "email": "support@microsoft.com",
                  "tier": "Microsoft",
                  "link": "https://support.microsoft.com"
                }
              }
            }
          ]
        },
        "packageKind": "Solution",
        "packageVersion": "2.0.2",
        "packageName": "Apache Http Server",
        "packageId": "azuresentinel.azure-sentinel-solution-apachehttpserver",
        "contentProductId": "azuresentinel.azure-sentinel-solution-apachehttpse-pr-ebdkeikig4lkk",
        "id": "azuresentinel.azure-sentinel-solution-apachehttpse-pr-ebdkeikig4lkk",
        "contentSchemaVersion": "3.0.0",
        "version": "1.0.0",
        "isDeprecated": false
      }
    },
    {
      "type": "Microsoft.OperationalInsights/workspaces/providers/contentPackages",
      "name": "[concat(parameters('workspace'),'/Microsoft.SecurityInsights/', 'azuresentinel.azure-sentinel-solution-apachehttpserver')]",
      "location": "[parameters('workspace-location')]",
      "apiVersion": "2023-04-01-preview",
      "properties": {
        "version": "2.0.2",
        "kind": "Solution",
        "contentSchemaVersion": "3.0.0",
        "contentId": "azuresentinel.azure-sentinel-solution-apachehttpserver",
        "source": {
          "kind": "Solution",
          "name": "ApacheHTTPServer",
          "sourceId": "azuresentinel.azure-sentinel-solution-apachehttpserver"
        },
        "author": {
          "name": "Microsoft",
          "email": "support@microsoft.com"
        },
        "support": {
          "name": "Microsoft Corporation",
          "email": "support@microsoft.com",
          "tier": "Microsoft",
          "link": "https://support.microsoft.com"
        },
        "dependencies": {
          "operator": "AND",
          "criteria": [
            {
              "kind": "Workbook",
              "contentId": "ApacheHTTPServerWorkbook",
              "version": "1.0.0"
            },
            {
              "kind": "Parser",
              "contentId": "ApacheHTTPServer-Parser",
              "version": "1.0.0"
            },
            {
              "kind": "HuntingQuery",
              "contentId": "afe13b7c-38b8-11ec-8d3d-0242ac130003",
              "version": "1.0.0"
            },
            {
              "kind": "HuntingQuery",
              "contentId": "456ab502-38b8-11ec-8d3d-0242ac130003",
              "version": "1.0.0"
            },
            {
              "kind": "HuntingQuery",
              "contentId": "ae48a600-3ae9-11ec-8d3d-0242ac130003",
              "version": "1.0.0"
            },
            {
              "kind": "HuntingQuery",
              "contentId": "5ce3f2ed-0c81-407f-ae12-6ea00a6d9873",
              "version": "1.0.0"
            },
            {
              "kind": "HuntingQuery",
              "contentId": "4c1a164e-3ae9-11ec-8d3d-0242ac130003",
              "version": "1.0.0"
            },
            {
              "kind": "HuntingQuery",
              "contentId": "d2e85f1a-3ae8-11ec-8d3d-0242ac130003",
              "version": "1.0.0"
            },
            {
              "kind": "HuntingQuery",
              "contentId": "017d1bee-3aea-11ec-8d3d-0242ac130003",
              "version": "1.0.0"
            },
            {
              "kind": "HuntingQuery",
              "contentId": "c21ea046-3ae7-11ec-8d3d-0242ac130003",
              "version": "1.0.0"
            },
            {
              "kind": "HuntingQuery",
              "contentId": "28961fc8-3892-11ec-8d3d-0242ac130003",
              "version": "1.0.0"
            },
            {
              "kind": "HuntingQuery",
              "contentId": "ccdd22c6-3896-11ec-8d3d-0242ac130003",
              "version": "1.0.0"
            },
            {
              "kind": "DataConnector",
              "contentId": "ApacheHTTPServer",
              "version": "1.0.0"
            },
            {
              "kind": "AnalyticsRule",
              "contentId": "767f9dc4-3b01-11ec-8d3d-0242ac130003",
              "version": "1.0.1"
            },
            {
              "kind": "AnalyticsRule",
              "contentId": "54da6a42-3b00-11ec-8d3d-0242ac130003",
              "version": "1.0.1"
            },
            {
              "kind": "AnalyticsRule",
              "contentId": "e9edfe1c-3afd-11ec-8d3d-0242ac130003",
              "version": "1.0.1"
            },
            {
              "kind": "AnalyticsRule",
              "contentId": "15f5a956-3af9-11ec-8d3d-0242ac130003",
              "version": "1.0.1"
            },
            {
              "kind": "AnalyticsRule",
              "contentId": "1bf246a2-3af9-11ec-8d3d-0242ac130003",
              "version": "1.0.1"
            },
            {
              "kind": "AnalyticsRule",
              "contentId": "db5f16f0-3afe-11ec-8d3d-0242ac130003",
              "version": "1.0.1"
            },
            {
              "kind": "AnalyticsRule",
              "contentId": "c5d69e46-3b00-11ec-8d3d-0242ac130003",
              "version": "1.0.0"
            },
            {
              "kind": "AnalyticsRule",
              "contentId": "a0077556-3aff-11ec-8d3d-0242ac130003",
              "version": "1.0.0"
            },
            {
              "kind": "AnalyticsRule",
              "contentId": "14d7e15e-3afb-11ec-8d3d-0242ac130003",
              "version": "1.0.0"
            },
            {
              "kind": "AnalyticsRule",
              "contentId": "d1c52578-3afc-11ec-8d3d-0242ac130003",
              "version": "1.0.0"
            }
          ]
        },
        "firstPublishDate": "2021-10-27",
        "providers": [
          "Apache Software Foundation"
        ],
        "categories": {
          "domains": [
            "IT Operations"
          ]
        },
        "contentKind": "Solution",
        "contentProductId": "azuresentinel.azure-sentinel-solution-apachehttpse-sl-pvnt4j7mo6hyk",
        "id": "azuresentinel.azure-sentinel-solution-apachehttpse-sl-pvnt4j7mo6hyk",
        "displayName": "Apache Http Server",
        "publisherDisplayName": "Microsoft Sentinel, Microsoft Corporation",
        "descriptionHtml": "<p><strong>Note:</strong> <em>There may be <a target=\"_blank\" href=\"https://aka.ms/sentinelsolutionsknownissues\" rel=\"noopener\">known issues</a> pertaining to this Solution, please refer to them before installing.</em></p><p>The Apache HTTP Server data connector provides the capability to ingest <a target=\"_blank\" href=\"http://httpd.apache.org/\" rel=\"noopener\">Apache HTTP Server</a> events into Microsoft Sentinel. Refer to <a target=\"_blank\" href=\"https://httpd.apache.org/docs/2.4/logs.html\" rel=\"noopener\">Apache Logs documentation</a> for more information.</p><p><strong>Underlying Microsoft Technologies used:</strong></p><p>This solution takes a dependency on the following technologies, and some of these dependencies either may be in <a target=\"_blank\" href=\"https://azure.microsoft.com/support/legal/preview-supplemental-terms/\" rel=\"noopener\">Preview</a> state or might result in additional ingestion or operational costs:</p><p>a. <a target=\"_blank\" href=\"https://docs.microsoft.com/azure/azure-monitor/logs/data-collector-api?WT.mc_id=Portal-fx\" rel=\"noopener\">Azure Monitor HTTP Data Collector API</a></p><p><strong>Data Connectors:</strong> 1, <strong>Parsers:</strong> 1, <strong>Workbooks:</strong> 1, <strong>Analytic Rules:</strong> 10, <strong>Hunting Queries:</strong> 10</p><p><a target=\"_blank\" href=\"https://aka.ms/azuresentinel\" rel=\"noopener\">Learn more about Microsoft Sentinel</a> | <a target=\"_blank\" href=\"https://aka.ms/azuresentinelsolutionsdoc\" rel=\"noopener\">Learn more about Solutions</a></p>",
        "icon": "https://store-images.s-microsoft.com/image/apps.29754.ef421d59-bf57-4d7f-9319-09dc6f20d4d9.61b2049f-271b-43db-bb6e-7f785d24b50c.23922661-b55f-45b7-ae1d-db8154b90617",
        "isPreview": false,
        "isDeprecated": false
      }
    },
    {
      "type": "Microsoft.OperationalInsights/workspaces/savedSearches",
      "apiVersion": "2021-06-01",
      "name": "[concat(parameters('workspace'),'/','ApacheHTTPServer')]",
      "location": "[parameters('workspace-location')]",
      "properties": {
        "eTag": "*",
        "displayName": "ApacheHTTPServer",
        "category": "Samples",
        "functionAlias": "ApacheHTTPServer",
        "query": "\nlet apache_accesslog_events =() {\r\nApacheHTTPServer_CL\r\n| where RawData matches regex @'(\\d{1,3}\\.\\d{1,3}\\.\\d{1,3}\\.\\d{1,3}).*\\[.*\\]\\s\\\"(GET|POST).*?\\\"\\s([1-5][0-9]{2})\\s(\\d+)\\s\\\"(.*?)\\\"\\s\\\"(.*?)\\\".*'\r\n| extend EventProduct = 'Apache'\r\n| extend EventType = 'AccessLog'\r\n| extend EventData = split(RawData, '\"')\r\n| extend SubEventData0 = split(trim_start(@' ', (trim_end(@' ', tostring(EventData[0])))), ' ')\r\n| extend SubEventData1 = split(EventData[1], ' ')\r\n| extend SubEventData2 = split(trim_start(@' ', (trim_end(@' ', tostring(EventData[2])))), ' ')\r\n| extend SrcIpAddr = tostring(SubEventData0[0])\r\n| extend ClientIdentity = SubEventData0[1]\r\n| extend SrcUserName = SubEventData0[2]\r\n| extend EventStartTime = todatetime(replace(@'\\/', @'-', replace(@'(\\d{2}\\/\\w{3}\\/\\d{4}):(\\d{2}\\:\\d{2}\\:\\d{2})', @'\\1 \\2', extract(@'\\[(.*?)\\+\\d+\\]', 1, RawData))))\r\n| extend HttpRequestMethod = SubEventData1[0]\r\n| extend UrlOriginal = SubEventData1[1]\r\n| extend HttpVersion = SubEventData1[2]\r\n| extend HttpStatusCode = SubEventData2[0]\r\n| extend HttpResponseBodyBytes = SubEventData2[1]\r\n| extend HttpReferrerOriginal = EventData[3]\r\n| extend HttpUserAgentOriginal = EventData[5]\r\n};\r\nlet apache_errorlog_events=() {\r\nApacheHTTPServer_CL\r\n| where RawData matches regex @'\\A\\[.*?\\]\\s\\[.*\\]\\s\\[.*\\].*'\r\n| extend EventProduct = 'Apache'\r\n| extend EventType = 'ErrorLog'\r\n| extend EventSeverity = 'Error'\r\n| extend EventStartTime = todatetime(extract(@'\\[\\w{3}\\s(.*?)\\]', 1, RawData))\r\n| extend SrcIpAddr = extract(@'\\[client (\\d{1,3}\\.\\d{1,3}\\.\\d{1,3}\\.\\d{1,3})\\]', 1, RawData)\r\n| extend EventMessage = extract(@'\\[client \\d{1,3}\\.\\d{1,3}\\.\\d{1,3}\\.\\d{1,3}\\]\\s(.*)', 1, RawData)\r\n};\r\nunion isfuzzy=true apache_accesslog_events, apache_errorlog_events\r\n| project TimeGenerated\r\n        , EventProduct\r\n        , EventType\r\n        , EventSeverity\r\n        , EventStartTime\r\n        , SrcIpAddr\r\n        , ClientIdentity\r\n        , SrcUserName\r\n        , HttpRequestMethod\r\n        , UrlOriginal\r\n        , HttpVersion\r\n        , HttpStatusCode\r\n        , HttpResponseBodyBytes\r\n        , HttpReferrerOriginal\r\n        , HttpUserAgentOriginal\r\n\t\t, EventMessage\r\n",
        "version": 1
      }
    },
    {
      "type": "Microsoft.OperationalInsights/workspaces/providers/metadata",
      "apiVersion": "2022-01-01-preview",
      "location": "[parameters('workspace-location')]",
      "name": "[concat(parameters('workspace'),'/Microsoft.SecurityInsights/',concat('Parser-', last(split(resourceId('Microsoft.OperationalInsights/workspaces/savedSearches', parameters('workspace'), 'ApacheHTTPServer'),'/'))))]",
      "dependsOn": [
        "[resourceId('Microsoft.OperationalInsights/workspaces/savedSearches', parameters('workspace'), 'ApacheHTTPServer')]"
      ],
      "properties": {
        "parentId": "[resourceId('Microsoft.OperationalInsights/workspaces/savedSearches', parameters('workspace'), 'ApacheHTTPServer')]",
        "contentId": "ApacheHTTPServer-Parser",
        "kind": "Parser",
        "version": "1.0.0",
        "source": {
          "kind": "Solution",
          "name": "ApacheHTTPServer",
          "sourceId": "azuresentinel.azure-sentinel-solution-apachehttpserver"
        },
        "author": {
          "name": "Microsoft",
          "email": "support@microsoft.com"
        },
        "support": {
          "name": "Microsoft Corporation",
          "email": "support@microsoft.com",
          "tier": "Microsoft",
          "link": "https://support.microsoft.com"
        }
      }
    }
  ]
}