{
  "$schema": "https://schema.management.azure.com/schemas/2019-04-01/deploymentTemplate.json#",
  "contentVersion": "1.3.1",
  "parameters": {
    "location": {
      "type": "string",
      "minLength": 1,
      "defaultValue": "[resourceGroup().location]",
      "metadata": {
        "description": "Not used, but needed to pass arm-ttk test `Location-Should-Not-Be-Hardcoded`.  We instead use the `workspace-location` which is derived from the LA workspace"
      }
    },
    "workspace-location": {
      "type": "string",
      "defaultValue": "",
      "metadata": {
        "description": "[concat('Region to deploy solution resources -- separate from location selection',parameters('location'))]"
      }
    },
    "workspace": {
      "defaultValue": "",
      "type": "string",
      "metadata": {
        "description": "Workspace name for Log Analytics where Microsoft Sentinel is setup"
      }
    }
  },
  "resources": [
    {
      "type": "Microsoft.OperationalInsights/workspaces/providers/contentTemplates",
      "apiVersion": "2023-04-01-preview",
      "name": "[concat(parameters('workspace'),'/Microsoft.SecurityInsights/',concat(parameters('workspace'),'-ar-',uniquestring('ef88eb96-861c-43a0-ab16-f3835a97c928')))]",
      "location": "[parameters('workspace-location')]",
      "dependsOn": [
        "[extensionResourceId(resourceId('Microsoft.OperationalInsights/workspaces', parameters('workspace')), 'Microsoft.SecurityInsights/contentPackages', 'azuresentinel.azure-sentinel-solution-attackertools')]"
      ],
      "properties": {
        "description": "powershell_empire_AnalyticalRules Analytics Rule with template version 3.0.0",
        "mainTemplate": {
          "$schema": "https://schema.management.azure.com/schemas/2019-04-01/deploymentTemplate.json#",
          "contentVersion": "1.3.1",
          "parameters": {},
          "variables": {},
          "resources": [
            {
              "type": "Microsoft.SecurityInsights/AlertRuleTemplates",
              "name": "ef88eb96-861c-43a0-ab16-f3835a97c928",
              "apiVersion": "2022-04-01-preview",
              "kind": "Scheduled",
              "location": "[parameters('workspace-location')]",
              "properties": {
                "description": "This query identifies use of PowerShell Empire's cmdlets within the command line data of the PowerShell process, indicating potential use of the post-exploitation tool.",
                "displayName": "Powershell Empire Cmdlets Executed in Command Line",
                "enabled": false,
                "query": "let regexEmpire = tostring(toscalar(externaldata(cmdlets:string)[@\"https://raw.githubusercontent.com/Azure/Azure-Sentinel/master/Sample%20Data/Feeds/EmpireCommandString.txt\"] with (format=\"txt\")));\n(union isfuzzy=true\n (SecurityEvent\n| where EventID == 4688\n//consider filtering on filename if perf issues occur\n//where FileName in~ (\"powershell.exe\",\"powershell_ise.exe\",\"pwsh.exe\")\n| where not(ParentProcessName has_any ('gc_worker.exe', 'gc_service.exe'))\n| where CommandLine has \"-encodedCommand\"\n| parse kind=regex flags=i CommandLine with * \"-EncodedCommand \" encodedCommand\n| extend encodedCommand = iff(encodedCommand has \" \", tostring(split(encodedCommand, \" \")[0]), encodedCommand)\n// Note: currently the base64_decode_tostring function is limited to supporting UTF8\n| extend decodedCommand = translate('\\0','', base64_decode_tostring(substring(encodedCommand, 0, strlen(encodedCommand) -  (strlen(encodedCommand) %8)))), encodedCommand, CommandLine , strlen(encodedCommand)\n| extend EfectiveCommand = iff(isnotempty(encodedCommand), decodedCommand, CommandLine)\n| where EfectiveCommand matches regex regexEmpire\n| project timestamp = TimeGenerated, Computer, SubjectUserName, SubjectDomainName, FileName = Process, EfectiveCommand, decodedCommand, encodedCommand, CommandLine, ParentProcessName\n| extend HostName = split(Computer, '.', 0)[0], DnsDomain = strcat_array(array_slice(split(Computer, '.'), 1, -1), '.')\n),\n(WindowsEvent\n| where EventID == 4688\n| where EventData has_any (\"-encodedCommand\", \"powershell.exe\",\"powershell_ise.exe\",\"pwsh.exe\")\n| where not(EventData has_any ('gc_worker.exe', 'gc_service.exe'))\n//consider filtering on filename if perf issues occur\n//extend NewProcessName = tostring(EventData.NewProcessName)\n//extend Process=tostring(split(NewProcessName, '\\\\')[-1])\n//FileName = Process\n//where FileName in~ (\"powershell.exe\",\"powershell_ise.exe\",\"pwsh.exe\")\n| extend ParentProcessName = tostring(EventData.ParentProcessName)\n| where not(ParentProcessName has_any ('gc_worker.exe', 'gc_service.exe'))\n| extend CommandLine = tostring(EventData.CommandLine)\n| where CommandLine has \"-encodedCommand\"\n| parse kind=regex flags=i CommandLine with * \"-EncodedCommand \" encodedCommand\n| extend encodedCommand = iff(encodedCommand has \" \", tostring(split(encodedCommand, \" \")[0]), encodedCommand)\n// Note: currently the base64_decode_tostring function is limited to supporting UTF8\n| extend decodedCommand = translate('\\0','', base64_decode_tostring(substring(encodedCommand, 0, strlen(encodedCommand) -  (strlen(encodedCommand) %8)))), encodedCommand, CommandLine , strlen(encodedCommand)\n| extend EfectiveCommand = iff(isnotempty(encodedCommand), decodedCommand, CommandLine)\n| where EfectiveCommand matches regex regexEmpire\n| extend SubjectUserName = tostring(EventData.SubjectUserName)\n| extend SubjectDomainName = tostring(EventData.SubjectDomainName)\n| extend NewProcessName = tostring(EventData.NewProcessName)\n| extend Process=tostring(split(NewProcessName, '\\\\')[-1])\n| project timestamp = TimeGenerated, Computer, SubjectUserName, SubjectDomainName, FileName = Process, EfectiveCommand, decodedCommand, encodedCommand, CommandLine, ParentProcessName\n| extend HostName = split(Computer, '.', 0)[0], DnsDomain = strcat_array(array_slice(split(Computer, '.'), 1, -1), '.')\n))\n",
                "queryFrequency": "PT12H",
                "queryPeriod": "PT12H",
                "severity": "Medium",
                "suppressionDuration": "PT1H",
                "suppressionEnabled": false,
                "triggerOperator": "GreaterThan",
                "triggerThreshold": 0,
                "status": "Available",
                "requiredDataConnectors": [
                  {
                    "dataTypes": [
                      "SecurityEvent"
                    ],
                    "connectorId": "SecurityEvents"
                  },
                  {
                    "dataTypes": [
                      "SecurityEvent"
                    ],
                    "connectorId": "WindowsSecurityEvents"
                  },
                  {
                    "dataTypes": [
                      "SecurityEvents"
                    ],
                    "connectorId": "WindowsSecurityEvents"
                  },
                  {
                    "dataTypes": [
                      "WindowsEvent"
                    ],
                    "connectorId": "WindowsForwardedEvents"
                  }
                ],
                "tactics": [
                  "Collection",
                  "CommandAndControl",
                  "CredentialAccess",
                  "DefenseEvasion",
                  "Discovery",
                  "Execution",
                  "Exfiltration",
                  "LateralMovement",
                  "Persistence",
                  "PrivilegeEscalation"
                ],
                "techniques": [
                  "T1548",
                  "T1134",
                  "T1134",
                  "T1134",
                  "T1087",
                  "T1087",
                  "T1557",
                  "T1071",
                  "T1560",
                  "T1547",
                  "T1547",
                  "T1547",
                  "T1217",
                  "T1115",
                  "T1059",
                  "T1059",
                  "T1059",
                  "T1136",
                  "T1136",
                  "T1543",
                  "T1555",
                  "T1484",
                  "T1482",
                  "T1114",
                  "T1573",
                  "T1546",
                  "T1041",
                  "T1567",
                  "T1567",
                  "T1068",
                  "T1210",
                  "T1083",
                  "T1615",
                  "T1574",
                  "T1574",
                  "T1574",
                  "T1574",
                  "T1574",
                  "T1070",
                  "T1105",
                  "T1056",
                  "T1056",
                  "T1106",
                  "T1046",
                  "T1135",
                  "T1040",
                  "T1027",
                  "T1003",
                  "T1057",
                  "T1055",
                  "T1021",
                  "T1021",
                  "T1053",
                  "T1113",
                  "T1518",
                  "T1558",
                  "T1558",
                  "T1082",
                  "T1016",
                  "T1049",
                  "T1569",
                  "T1127",
                  "T1552",
                  "T1552",
                  "T1550",
                  "T1125",
                  "T1102",
                  "T1047"
                ],
                "entityMappings": [
                  {
                    "fieldMappings": [
                      {
                        "columnName": "SubjectUserName",
                        "identifier": "Name"
                      },
                      {
                        "columnName": "SubjectDomainName",
                        "identifier": "NTDomain"
                      }
                    ],
                    "entityType": "Account"
                  },
                  {
                    "fieldMappings": [
                      {
                        "columnName": "HostName",
                        "identifier": "HostName"
                      },
                      {
                        "columnName": "DnsDomain",
                        "identifier": "DnsDomain"
                      }
                    ],
                    "entityType": "Host"
                  }
                ]
              }
            },
            {
              "type": "Microsoft.OperationalInsights/workspaces/providers/metadata",
              "apiVersion": "2022-01-01-preview",
              "name": "[concat(parameters('workspace'),'/Microsoft.SecurityInsights/',concat('AnalyticsRule-', last(split(resourceId('Microsoft.SecurityInsights/AlertRuleTemplates', 'ef88eb96-861c-43a0-ab16-f3835a97c928'),'/'))))]",
              "properties": {
                "description": "Attacker Tools Threat Protection Essentials Analytics Rule 4",
                "parentId": "[resourceId('Microsoft.SecurityInsights/AlertRuleTemplates', 'ef88eb96-861c-43a0-ab16-f3835a97c928')]",
                "contentId": "ef88eb96-861c-43a0-ab16-f3835a97c928",
                "kind": "AnalyticsRule",
                "version": "1.3.1",
                "source": {
                  "kind": "Solution",
                  "name": "Attacker Tools Threat Protection Essentials",
                  "sourceId": "azuresentinel.azure-sentinel-solution-attackertools"
                },
                "author": {
                  "name": "Microsoft",
                  "email": "support@microsoft.com"
                },
                "support": {
                  "name": "Microsoft Corporation",
                  "email": "support@microsoft.com",
                  "tier": "Microsoft",
                  "link": "https://support.microsoft.com"
                }
              }
            }
          ]
        },
        "packageKind": "Solution",
        "packageVersion": "3.0.0",
        "packageName": "Attacker Tools Threat Protection Essentials",
        "packageId": "azuresentinel.azure-sentinel-solution-attackertools",
        "contentSchemaVersion": "3.0.0",
        "contentId": "ef88eb96-861c-43a0-ab16-f3835a97c928",
        "contentKind": "AnalyticsRule",
        "displayName": "Powershell Empire Cmdlets Executed in Command Line",
        "contentProductId": "azuresentinel.azure-sentinel-solution-attackertool-ar-x6hwlcr455xnc",
        "id": "azuresentinel.azure-sentinel-solution-attackertool-ar-x6hwlcr455xnc",
        "version": "1.3.1",
        "isDeprecated": false
      }
    },
    {
      "type": "Microsoft.OperationalInsights/workspaces/providers/contentPackages",
      "apiVersion": "2023-04-01-preview",
      "location": "[parameters('workspace-location')]",
      "properties": {
        "version": "3.0.0",
        "kind": "Solution",
        "contentSchemaVersion": "3.0.0",
        "displayName": "Attacker Tools Threat Protection Essentials",
        "publisherDisplayName": "Microsoft Sentinel, Microsoft Corporation",
        "descriptionHtml": "<p><b>Note:</b> Please refer to the following before installing the solution:</p><p>• Review the solution <a target=\"_blank\" href=\"https://github.com/Azure/Azure-Sentinel/tree/master/Solutions/Attacker%20Tools%20Threat%20Protection%20Essentials/ReleaseNotes.md\" rel=\"noopener\">Release Notes</a></p><p>• There may be <a target=\"_blank\" href=\"https://aka.ms/sentinelsolutionsknownissues\" rel=\"noopener\">known issues</a> pertaining to this Solution, please refer to them before installing.</p><p>The <b>Attacker Tools Threat Protection Essentials</b> solution contains security content that is relevant for detection of tools commonly used by attackers in various campaigns. These tools can be commercial, open-source, built-in or publicly available and have historically been seen used by adversaries in different phases of the ATTACK kill chain.</p><p><b>Pre-requisites:</b></p><p>This is a <a target=\"_blank\" href=\"https://learn.microsoft.com/en-us/azure/sentinel/sentinel-solutions-catalog#domain-solutions\" rel=\"noopener\">domain solution</a> and does not include any data connectors. The content in this solution supports the connectors listed below. Install one or more of the listed solutions, to unlock the value provided by this solution.</p><ol><li><p><a target=\"_blank\" href=\"https://ms.portal.azure.com/#create/azuresentinel.azure-sentinel-solution-securityeventsazure-sentinel-solution-securityevents\" rel=\"noopener\">Windows Security Events</a></p></li><li><p><a target=\"_blank\" href=\"https://ms.portal.azure.com/#create/azuresentinel.azure-sentinel-solution-dnsazure-sentinel-solution-dns\" rel=\"noopener\">Windows Server DNS</a></p></li><li><p><a target=\"_blank\" href=\"https://ms.portal.azure.com/#create/azuresentinel.azure-sentinel-solution-windowsforwardedeventsazure-sentinel-solution-windowsforwardedevents\" rel=\"noopener\">Windows Forwarded Events</a></p></li><li><p><a target=\"_blank\" href=\"https://ms.portal.azure.com/#create/azuresentinel.azure-sentinel-solution-azureactivedirectoryazure-sentinel-solution-azureactivedirectory\" rel=\"noopener\">Microsoft Entra ID</a></p></li></ol><p><b>Keywords:</b> attack tools, penetration testing, Impacket, Powercat, Nishang, Cobalt Strike, ADFind, Credential Dumping, PowerShell Empire</p><p><b>Analytic Rules:</b> 4, <b>Hunting Queries:</b> 2</p><p><a target=\"_blank\" href=\"https://aka.ms/azuresentinel\" rel=\"noopener\">Learn more about Microsoft Sentinel</a> | <a target=\"_blank\" href=\"https://aka.ms/azuresentinelsolutionsdoc\" rel=\"noopener\">Learn more about Solutions</a></p>",
        "contentKind": "Solution",
        "contentProductId": "azuresentinel.azure-sentinel-solution-attackertool-sl-otyu6dtec4qmk",
        "id": "azuresentinel.azure-sentinel-solution-attackertool-sl-otyu6dtec4qmk",
        "icon": "https://store-images.s-microsoft.com/image/apps.33880.8168e919-91a7-4521-94e5-3c430ecc158b.ce4612b5-5616-43c4-92dd-687cda9c83a9.bfed2c49-0f76-4d2b-9e44-cb6a9bd57036",
        "contentId": "azuresentinel.azure-sentinel-solution-attackertools",
        "parentId": "azuresentinel.azure-sentinel-solution-attackertools",
        "source": {
          "kind": "Solution",
          "name": "Attacker Tools Threat Protection Essentials",
          "sourceId": "azuresentinel.azure-sentinel-solution-attackertools"
        },
        "author": {
          "name": "Microsoft",
          "email": "support@microsoft.com"
        },
        "support": {
          "name": "Microsoft Corporation",
          "email": "support@microsoft.com",
          "tier": "Microsoft",
          "link": "https://support.microsoft.com"
        },
        "dependencies": {
          "operator": "AND",
          "criteria": [
            {
              "kind": "HuntingQuery",
              "contentId": "dde206fc-3f0b-4175-bb5d-42d2aae9d4c9",
              "version": "1.0.1"
            },
            {
              "kind": "HuntingQuery",
              "contentId": "24ae555c-5e33-4b5d-827a-44206e39f6b4",
              "version": "1.0.1"
            },
            {
              "kind": "AnalyticsRule",
              "contentId": "c63ae777-d5e0-4113-8c9a-c2c9d3d09fcd",
              "version": "1.0.3"
            },
            {
              "kind": "AnalyticsRule",
              "contentId": "4ebbb5c2-8802-11ec-a8a3-0242ac120002",
              "version": "1.0.2"
            },
            {
              "kind": "AnalyticsRule",
              "contentId": "32ffb19e-8ed8-40ed-87a0-1adb4746b7c4",
              "version": "1.0.2"
            },
            {
              "kind": "AnalyticsRule",
              "contentId": "ef88eb96-861c-43a0-ab16-f3835a97c928",
              "version": "1.3.1"
            }
          ]
        },
        "firstPublishDate": "2022-11-16",
        "providers": [
          "Microsoft"
        ],
        "categories": {
          "domains": [
            "Security - Threat Protection"
          ]
        },
        "isPreview": false,
        "isDeprecated": false
      },
      "name": "[concat(parameters('workspace'),'/Microsoft.SecurityInsights/', 'azuresentinel.azure-sentinel-solution-attackertools')]"
    }
  ]
}