{
  "$schema": "https://schema.management.azure.com/schemas/2019-04-01/deploymentTemplate.json#",
  "parameters": {
    "location": {
      "type": "string",
      "minLength": 1,
      "defaultValue": "[resourceGroup().location]",
      "metadata": {
        "description": "Not used, but needed to pass arm-ttk test `Location-Should-Not-Be-Hardcoded`.  We instead use the `workspace-location` which is derived from the LA workspace"
      }
    },
    "workspace-location": {
      "type": "string",
      "defaultValue": "",
      "metadata": {
        "description": "[concat('Region to deploy solution resources -- separate from location selection',parameters('location'))]"
      }
    },
    "workspace": {
      "defaultValue": "",
      "type": "string",
      "metadata": {
        "description": "Workspace name for Log Analytics where Microsoft Sentinel is setup"
      }
    }
  },
  "variables": {},
  "resources": [
    {
      "type": "Microsoft.OperationalInsights/workspaces/providers/packages",
      "location": "[parameters('workspace-location')]",
      "apiVersion": "2022-08-01",
      "properties": {
        "packageKind": "Standalone",
        "packageItems": {
          "resources": [
            {
              "type": "Microsoft.OperationalInsights/workspaces/providers/contentTemplates",
              "name": "[concat(parameters('workspace'),'/Microsoft.SecurityInsights/', '132beb12-7146-45a5-9132-c82feee53b71')]",
              "location": "[parameters('workspace-location')]",
              "kind": "shared",
              "apiVersion": "2022-08-01",
              "properties": {
                "contentId": "132beb12-7146-45a5-9132-c82feee53b71",
                "displayName": "MITRE - Suspicious Events",
                "contentKind": "HuntingQuery",
                "mainTemplate": {
                  "$schema": "https://schema.management.azure.com/schemas/2019-04-01/deploymentTemplate.json#",
                  "contentVersion": "1.0.0",
                  "resources": [
                    {
                      "type": "Microsoft.OperationalInsights/savedSearches",
                      "apiVersion": "2020-08-01",
                      "name": "132beb12-7146-45a5-9132-c82feee53b71",
                      "location": "[parameters('workspace-location')]",
                      "properties": {
                        "eTag": "*",
                        "displayName": "MITRE - Suspicious Events",
                        "category": "Hunting Queries",
                        "query": "let weights = dynamic({\"Low\":1, \"Medium\":3, \"High\":5}); //Assign weights to the risk levels\n//Low risk events\nlet lowRiskEvents =\n    DeviceProcessEvents \n    | where\n        (FileName =~ \"powershell.exe\" and ProcessCommandLine has \"-command\") //T1086 PowerShell\n        or\n        (FileName =~ \"powershell.exe\" and ProcessCommandLine contains \"-nop\") //T1086 PowerShell\n        or\n        (FileName =~ \"schtasks.exe\" and ProcessCommandLine has \"create\") //T1053 Scheduled Task\n        or\n        (FileName =~ \"installutil.exe\") //T1118 InstallUtil\n        or\n        (FileName =~ \"msbuild.exe\") //T1127 Trusted Developer Utilities\n        or\n        (FileName =~ \"nbtstat.exe\") //T1016 System Network Configuration Discovery\n        or\n        (FileName == \"mshta.exe\") //T1170 Mshta\n        or\n        (FileName =~ \"netsh.exe\") //T1089 Disabling Security Tools, T1063 Security Software Discovery\n        or\n        (FileName == \"net.exe\" and ProcessCommandLine has \" start \") //T1007 System Service Discovery\n    | extend Weight = toint((weights[\"Low\"]));\n//Medium risk events\nlet mediumRiskEvents =\n    DeviceProcessEvents \n    | where\n        (FileName =~ \"regsvcs.exe\") //T1121 Regsvcs/Regasm\n        or\n        (FileName =~ \"arp.exe\" and ProcessCommandLine has \"-a\") //T1016 System Network Configuration Discovery\n        or\n        (FileName =~ \"ipconfig.exe\" and ProcessCommandLine has \"all\") //T1016 System Network Configuration Discovery\n        or\n        (FileName startswith \"psexe\") //T1035 Service Execution\n        or\n        (FileName == \"net.exe\" and ProcessCommandLine has \" share \") //T1135 Network Share Discovery\n        or\n        (FileName =~ \"netsh.exe\" and ProcessCommandLine has \"interface show\") //T1016 System Network Configuration Discovery\n    | extend Weight = toint((weights[\"Medium\"]));\n//Higher risk events\nlet highRiskEvents =\n    DeviceProcessEvents \n    | where\n        (FileName =~ \"net.exe\" and ProcessCommandLine has \"config\") //T1016 System Network Configuration Discovery\n        or\n        (FileName =~ \"net.exe\" and ProcessCommandLine has \"time\") //T1124 System Time Discovery\n        or \n        (FileName =~ \"w32tm.exe\" and ProcessCommandLine has \"/tz\") //T1124 System Time Discovery\n        or\n        (FileName == \"cmstp.exe\") //T1191 CMSTP\n        or\n        (FileName =~ \"netsh.exe\" and (ProcessCommandLine has \"portproxy\" or ProcessCommandLine has \"p\")) //T1090 Connection Proxy\n    | extend Weight = toint((weights[\"High\"]));\nunion kind=outer lowRiskEvents, mediumRiskEvents, highRiskEvents\n| project Timestamp, DeviceName, FileName, ProcessCommandLine, InitiatingProcessCommandLine, Weight\n| summarize Start_Time=min(Timestamp), End_Time=max(Timestamp), Weight_Sum=sum(Weight), Processes=makeset(FileName), Commands=makeset(ProcessCommandLine) by DeviceName\n| where Weight_Sum > 30\n| sort by Weight_Sum desc \n",
                        "version": 2,
                        "tags": [
                          {
                            "name": "description",
                            "value": "Description:.\nThe query looks for several different MITRE techniques, grouped by risk level.\nA weighting is applied to each risk level and a total score calculated per machine.\nTechniques can be added/removed as required.\n"
                          }
                        ]
                      }
                    },
                    {
                      "type": "Microsoft.OperationalInsights/workspaces/providers/metadata",
                      "apiVersion": "2021-03-01-preview",
                      "name": "[concat(parameters('workspace'),'/Microsoft.SecurityInsights/',concat('huntingQuery-', '132beb12-7146-45a5-9132-c82feee53b71'))]",
                      "properties": {
                        "description": "Description:.\nThe query looks for several different MITRE techniques, grouped by risk level.\nA weighting is applied to each risk level and a total score calculated per machine.\nTechniques can be added/removed as required.\n",
                        "contentId": "132beb12-7146-45a5-9132-c82feee53b71",
                        "version": "1.0.0",
                        "source": {
                          "kind": "Community"
                        },
                        "parentId": "132beb12-7146-45a5-9132-c82feee53b71",
                        "kind": "HuntingQuery",
                        "dependencies": {
                          "operator": "AND",
                          "criteria": [
                            {
                              "contentId": "DeviceProcessEvents",
                              "kind": "DataType"
                            }
                          ]
                        }
                      }
                    }
                  ]
                }
              }
            }
          ]
        },
        "contentId": "132beb12-7146-45a5-9132-c82feee53b71",
        "dependencies": {
          "operator": "AND",
          "criteria": [
            {
              "contentId": "132beb12-7146-45a5-9132-c82feee53b71",
              "kind": "HuntingQuery"
            }
          ]
        },
        "description": "Description:.\nThe query looks for several different MITRE techniques, grouped by risk level.\nA weighting is applied to each risk level and a total score calculated per machine.\nTechniques can be added/removed as required.\n",
        "displayName": "MITRE - Suspicious Events",
        "source": {
          "kind": "Community"
        },
        "version": "1.0.0"
      },
      "name": "[concat(parameters('workspace'),'/Microsoft.SecurityInsights/', '132beb12-7146-45a5-9132-c82feee53b71')]"
    }
  ]
}