{
  "$schema": "https://schema.management.azure.com/schemas/2019-04-01/deploymentTemplate.json#",
  "parameters": {
    "location": {
      "type": "string",
      "minLength": 1,
      "defaultValue": "[resourceGroup().location]",
      "metadata": {
        "description": "Not used, but needed to pass arm-ttk test `Location-Should-Not-Be-Hardcoded`.  We instead use the `workspace-location` which is derived from the LA workspace"
      }
    },
    "workspace-location": {
      "type": "string",
      "defaultValue": "",
      "metadata": {
        "description": "[concat('Region to deploy solution resources -- separate from location selection',parameters('location'))]"
      }
    },
    "workspace": {
      "defaultValue": "",
      "type": "string",
      "metadata": {
        "description": "Workspace name for Log Analytics where Microsoft Sentinel is setup"
      }
    }
  },
  "variables": {},
  "resources": [
    {
      "type": "Microsoft.OperationalInsights/workspaces/providers/packages",
      "location": "[parameters('workspace-location')]",
      "apiVersion": "2022-08-01",
      "properties": {
        "packageKind": "Standalone",
        "packageItems": {
          "resources": [
            {
              "type": "Microsoft.OperationalInsights/workspaces/providers/contentTemplates",
              "name": "[concat(parameters('workspace'),'/Microsoft.SecurityInsights/', '3b9a44d7-c651-45ed-816c-eae583a6f2f1')]",
              "location": "[parameters('workspace-location')]",
              "apiVersion": "2022-08-01",
              "properties": {
                "contentId": "3b9a44d7-c651-45ed-816c-eae583a6f2f1",
                "displayName": "Azure DevOps Build Variable Modified by New User.",
                "contentKind": "AnalyticsRule",
                "mainTemplate": {
                  "$schema": "https://schema.management.azure.com/schemas/2019-04-01/deploymentTemplate.json#",
                  "contentVersion": "1.0.1",
                  "resources": [
                    {
                      "type": "Microsoft.OperationalInsights/workspaces/providers/alertRules",
                      "apiVersion": "2022-04-01-preview",
                      "name": "[concat(parameters('workspace'),'/Microsoft.SecurityInsights/', '' )]",
                      "kind": "Scheduled",
                      "location": "[parameters('workspace-location')]",
                      "properties": {
                        "description": "Variables can be configured and used at any stage of the build process in Azure DevOps to inject values. An attacker with the required permissions could modify \nor add to these variables to conduct malicious activity such as changing paths or remote endpoints called during the build. As variables are often changed by users, \njust detecting these changes would have a high false positive rate. This detection looks for modifications to variable groups where that user has not been observed \nmodifying them before.",
                        "displayName": "Azure DevOps Build Variable Modified by New User.",
                        "enabled": false,
                        "query": "let lookback = 14d;\nlet timeframe = 1d;\nlet historical_data =\nAzureDevOpsAuditing\n| where TimeGenerated > ago(lookback) and TimeGenerated < ago(timeframe)\n| where OperationName =~ \"Library.VariableGroupModified\"\n| extend variables = Data.Variables\n| extend VariableGroupId = tostring(Data.VariableGroupId)\n| extend UserKey = strcat(VariableGroupId, \"-\", ActorUserId)\n| project UserKey;\nAzureDevOpsAuditing\n| where TimeGenerated > ago(timeframe)\n| where OperationName =~ \"Library.VariableGroupModified\"\n| extend VariableGroupName = tostring(Data.VariableGroupName)\n| extend VariableGroupId = tostring(Data.VariableGroupId)\n| extend UserKey = strcat(VariableGroupId, \"-\", ActorUserId)\n| where UserKey !in (historical_data)\n| project-away UserKey\n| project-reorder TimeGenerated, VariableGroupName, ActorUPN, IpAddress, UserAgent\n| extend timestamp = TimeGenerated, AccountCustomEntity = ActorUPN, IPCustomEntity = IpAddress\n",
                        "queryFrequency": "P1D",
                        "queryPeriod": "P14D",
                        "severity": "Medium",
                        "suppressionDuration": "PT1H",
                        "suppressionEnabled": false,
                        "triggerOperator": "GreaterThan",
                        "triggerThreshold": 0,
                        "tactics": [
                          "DefenseEvasion"
                        ],
                        "entityMappings": [
                          {
                            "entityType": "Account",
                            "fieldMappings": [
                              {
                                "columnName": "AccountCustomEntity",
                                "identifier": "FullName"
                              }
                            ]
                          },
                          {
                            "entityType": "IP",
                            "fieldMappings": [
                              {
                                "columnName": "IPCustomEntity",
                                "identifier": "Address"
                              }
                            ]
                          }
                        ]
                      }
                    },
                    {
                      "type": "Microsoft.OperationalInsights/workspaces/providers/metadata",
                      "apiVersion": "2021-03-01-preview",
                      "name": "[concat(parameters('workspace'),'/Microsoft.SecurityInsights/', '')]",
                      "properties": {
                        "description": "'Variables can be configured and used at any stage of the build process in Azure DevOps to inject values. An attacker with the required permissions could modify \nor add to these variables to conduct malicious activity such as changing paths or remote endpoints called during the build. As variables are often changed by users, \njust detecting these changes would have a high false positive rate. This detection looks for modifications to variable groups where that user has not been observed \nmodifying them before.'\n",
                        "version": "1.0.1",
                        "source": {
                          "kind": "Community"
                        },
                        "threatAnalysisTactics": [
                          "DefenseEvasion"
                        ],
                        "threatAnalyticsTechniques": [
                          "T1578"
                        ],
                        "contentId": "3b9a44d7-c651-45ed-816c-eae583a6f2f1",
                        "parentId": "3b9a44d7-c651-45ed-816c-eae583a6f2f1",
                        "kind": "AnalyticsRule"
                      }
                    }
                  ]
                }
              }
            }
          ]
        },
        "dependencies": {
          "operator": "AND",
          "criteria": [
            {
              "contentId": "3b9a44d7-c651-45ed-816c-eae583a6f2f1",
              "kind": "AnalyticsRule"
            }
          ]
        },
        "description": "'Variables can be configured and used at any stage of the build process in Azure DevOps to inject values. An attacker with the required permissions could modify \nor add to these variables to conduct malicious activity such as changing paths or remote endpoints called during the build. As variables are often changed by users, \njust detecting these changes would have a high false positive rate. This detection looks for modifications to variable groups where that user has not been observed \nmodifying them before.'\n",
        "displayName": "Azure DevOps Build Variable Modified by New User.",
        "packageId": "3b9a44d7-c651-45ed-816c-eae583a6f2f1",
        "source": {
          "kind": "Community"
        },
        "threatAnalysisTactics": [
          "DefenseEvasion"
        ],
        "threatAnalyticsTechniques": [
          "T1578"
        ],
        "version": "1.0.1"
      },
      "name": "[concat(parameters('workspace'),'/Microsoft.SecurityInsights/', '3b9a44d7-c651-45ed-816c-eae583a6f2f1')]"
    }
  ]
}