{
  "$schema": "https://schema.management.azure.com/schemas/2019-04-01/deploymentTemplate.json#",
  "contentVersion": "1.0.0.0",
  "parameters": {
    "location": {
      "type": "string",
      "minLength": 1,
      "defaultValue": "[resourceGroup().location]",
      "metadata": {
        "description": "Not used, but needed to pass arm-ttk test `Location-Should-Not-Be-Hardcoded`.  We instead use the `workspace-location` which is derived from the LA workspace"
      }
    },
    "workspace-location": {
      "type": "string",
      "defaultValue": "",
      "metadata": {
        "description": "[concat('Region to deploy solution resources -- separate from location selection',parameters('location'))]"
      }
    },
    "workspace": {
      "defaultValue": "",
      "type": "string",
      "metadata": {
        "description": "Workspace name for Log Analytics where Microsoft Sentinel is setup"
      }
    }
  },
  "variables": {},
  "resources": [
    {
      "type": "Microsoft.OperationalInsights/workspaces/providers/packages",
      "location": "[parameters('workspace-location')]",
      "apiVersion": "2022-08-01",
      "properties": {
        "packageKind": "Standalone",
        "packageItems": {
          "resources": [
            {
              "type": "Microsoft.OperationalInsights/workspaces/providers/contentTemplates",
              "name": "[concat(parameters('workspace'),'/Microsoft.SecurityInsights/', 'e70fa6e0-796a-4e85-9420-98b17b0bb749')]",
              "location": "[parameters('workspace-location')]",
              "apiVersion": "2022-08-01",
              "properties": {
                "contentId": "e70fa6e0-796a-4e85-9420-98b17b0bb749",
                "displayName": "Solorigate Defender Detections",
                "contentKind": "AnalyticsRule",
                "mainTemplate": {
                  "$schema": "https://schema.management.azure.com/schemas/2019-04-01/deploymentTemplate.json#",
                  "contentVersion": "1.0.3",
                  "resources": [
                    {
                      "type": "Microsoft.OperationalInsights/workspaces/providers/alertRules",
                      "apiVersion": "2022-04-01-preview",
                      "name": "e70fa6e0-796a-4e85-9420-98b17b0bb749",
                      "kind": "Scheduled",
                      "location": "[parameters('workspace-location')]",
                      "properties": {
                        "description": "Surfaces any Defender Alert for Solorigate Events. In Microsoft Sentinel the SecurityAlerts table includes only the Device Name of the affected device, this query joins the DeviceInfo table to clearly connect other information such as\n Device group, ip, logged on users etc. This way, the Microsoft Sentinel user can have all the pertinent device info in one view for all the the Solarigate Defender alerts.",
                        "displayName": "Solorigate Defender Detections",
                        "enabled": false,
                        "query": "DeviceInfo\n| extend DeviceName = tolower(DeviceName)\n| join (SecurityAlert\n| where ProviderName =~ \"MDATP\"\n| extend ThreatName = tostring(parse_json(ExtendedProperties).ThreatName)\n| where ThreatName has \"Solorigate\"\n| extend HostCustomEntity = tolower(CompromisedEntity)\n) on $left.DeviceName == $right.HostCustomEntity\n| project TimeGenerated, DisplayName, ThreatName, CompromisedEntity, PublicIP, MachineGroup, AlertSeverity, Description, LoggedOnUsers, DeviceId, TenantId, HostCustomEntity\n| extend timestamp = TimeGenerated, IPCustomEntity = PublicIP\n",
                        "queryFrequency": "P1D",
                        "queryPeriod": "P1D",
                        "severity": "High",
                        "status": "Available",
                        "suppressionDuration": "PT1H",
                        "suppressionEnabled": false,
                        "triggerOperator": "GreaterThan",
                        "triggerThreshold": 0,
                        "tactics": [
                          "InitialAccess"
                        ],
                        "techniques": [
                          "T1195"
                        ],
                        "entityMappings": [
                          {
                            "entityType": "Host",
                            "fieldMappings": [
                              {
                                "columnName": "HostCustomEntity",
                                "identifier": "FullName"
                              }
                            ]
                          },
                          {
                            "entityType": "IP",
                            "fieldMappings": [
                              {
                                "columnName": "IPCustomEntity",
                                "identifier": "Address"
                              }
                            ]
                          }
                        ],
                        "requiredDataConnectors": [
                          {
                            "connectorId": "MicrosoftDefenderAdvancedThreatProtection",
                            "dataTypes": [
                              "SecurityAlert (MDATP)"
                            ]
                          },
                          {
                            "connectorId": "MicrosoftThreatProtection",
                            "dataTypes": [
                              "DeviceInfo"
                            ]
                          }
                        ]
                      }
                    },
                    {
                      "type": "Microsoft.OperationalInsights/workspaces/providers/metadata",
                      "apiVersion": "2021-03-01-preview",
                      "properties": {
                        "description": "Surfaces any Defender Alert for Solorigate Events. In Microsoft Sentinel the SecurityAlerts table includes only the Device Name of the affected device, this query joins the DeviceInfo table to clearly connect other information such as\n Device group, ip, logged on users etc. This way, the Microsoft Sentinel user can have all the pertinent device info in one view for all the the Solarigate Defender alerts.",
                        "version": "1.0.3",
                        "author": {
                          "name": "Pete Bryan"
                        },
                        "support": {
                          "tier": "Community",
                          "name": "Community",
                          "link": "https://github.com/Azure/Azure-Sentinel/issues"
                        },
                        "source": {
                          "kind": "Community",
                          "name": "Standalone"
                        },
                        "threatAnalysisTactics": [
                          "InitialAccess"
                        ],
                        "threatAnalyticsTechniques": [
                          "T1195"
                        ],
                        "contentId": "e70fa6e0-796a-4e85-9420-98b17b0bb749",
                        "parentId": "e70fa6e0-796a-4e85-9420-98b17b0bb749",
                        "kind": "AnalyticsRule",
                        "dependencies": {
                          "operator": "AND",
                          "criteria": [
                            {
                              "contentId": "SecurityAlert (MDATP)",
                              "kind": "DataType"
                            },
                            {
                              "contentId": "DeviceInfo",
                              "kind": "DataType"
                            }
                          ]
                        }
                      }
                    }
                  ]
                }
              }
            }
          ]
        },
        "author": {
          "name": "Pete Bryan"
        },
        "categories": {
          "domains": [
            "Security - 0-day Vulnerability"
          ]
        },
        "dependencies": {
          "operator": "AND",
          "criteria": [
            {
              "contentId": "e70fa6e0-796a-4e85-9420-98b17b0bb749",
              "kind": "AnalyticsRule"
            }
          ]
        },
        "description": "Surfaces any Defender Alert for Solorigate Events. In Microsoft Sentinel the SecurityAlerts table includes only the Device Name of the affected device, this query joins the DeviceInfo table to clearly connect other information such as\n Device group, ip, logged on users etc. This way, the Microsoft Sentinel user can have all the pertinent device info in one view for all the the Solarigate Defender alerts.",
        "displayName": "Solorigate Defender Detections",
        "packageId": "e70fa6e0-796a-4e85-9420-98b17b0bb749",
        "source": {
          "kind": "Community",
          "name": "Standalone"
        },
        "support": {
          "tier": "Community",
          "name": "Community",
          "link": "https://github.com/Azure/Azure-Sentinel/issues"
        },
        "threatAnalysisTactics": [
          "InitialAccess"
        ],
        "threatAnalyticsTechniques": [
          "T1195"
        ],
        "version": "1.0.3"
      },
      "name": "[concat(parameters('workspace'),'/Microsoft.SecurityInsights/', 'e70fa6e0-796a-4e85-9420-98b17b0bb749')]"
    }
  ]
}