{
  "$schema": "https://schema.management.azure.com/schemas/2019-04-01/deploymentTemplate.json#",
  "contentVersion": "1.0.0.0",
  "parameters": {
    "location": {
      "type": "string",
      "minLength": 1,
      "defaultValue": "[resourceGroup().location]",
      "metadata": {
        "description": "Not used, but needed to pass arm-ttk test `Location-Should-Not-Be-Hardcoded`.  We instead use the `workspace-location` which is derived from the LA workspace"
      }
    },
    "workspace-location": {
      "type": "string",
      "defaultValue": "",
      "metadata": {
        "description": "[concat('Region to deploy solution resources -- separate from location selection',parameters('location'))]"
      }
    },
    "workspace": {
      "defaultValue": "",
      "type": "string",
      "metadata": {
        "description": "Workspace name for Log Analytics where Microsoft Sentinel is setup"
      }
    }
  },
  "variables": {},
  "resources": [
    {
      "type": "Microsoft.OperationalInsights/workspaces/providers/packages",
      "location": "[parameters('workspace-location')]",
      "apiVersion": "2022-08-01",
      "properties": {
        "packageKind": "Standalone",
        "packageItems": {
          "resources": [
            {
              "type": "Microsoft.OperationalInsights/workspaces/providers/contentTemplates",
              "name": "[concat(parameters('workspace'),'/Microsoft.SecurityInsights/', '02BE358B-8733-46B7-8E3D-624B1F918237')]",
              "location": "[parameters('workspace-location')]",
              "kind": "shared",
              "apiVersion": "2022-08-01",
              "properties": {
                "contentId": "02BE358B-8733-46B7-8E3D-624B1F918237",
                "displayName": "Microsoft Defender AV Engine up to date info",
                "contentKind": "HuntingQuery",
                "mainTemplate": {
                  "$schema": "https://schema.management.azure.com/schemas/2019-04-01/deploymentTemplate.json#",
                  "contentVersion": "1.0.0",
                  "resources": [
                    {
                      "type": "Microsoft.OperationalInsights/savedSearches",
                      "apiVersion": "2020-08-01",
                      "name": "02BE358B-8733-46B7-8E3D-624B1F918237",
                      "location": "[parameters('workspace-location')]",
                      "properties": {
                        "eTag": "*",
                        "displayName": "Microsoft Defender AV Engine up to date info",
                        "category": "Hunting Queries",
                        "query": "let expiringPublishdate = ago(8d);\nDeviceTvmInfoGathering\n| extend DataRefreshTimestamp = Timestamp,    \nAvIsEngineUpToDateTemp = tostring(AdditionalFields.AvIsEngineUptodate),   \nAvSignatureDataRefreshTime = todatetime(AdditionalFields.AvSignatureDataRefreshTime), \nAvSignaturePublishTime = todatetime(AdditionalFields.AvSignaturePublishTime),    \nAvEngineVersion =  tostring(AdditionalFields.AvEngineVersion)\n| extend AvIsEngineUpToDate = iif(((((isempty(AvIsEngineUpToDateTemp)\nor (isnull(AvSignatureDataRefreshTime)))\nor (isnull(AvSignaturePublishTime)))\nor (AvSignatureDataRefreshTime < expiringPublishdate))\nor (AvSignaturePublishTime < expiringPublishdate)), \"Unknown\", tostring(AvIsEngineUpToDateTemp))  \n| extend AvEngineVersion = iif(AvEngineVersion == \"\", \"Unknown\", AvEngineVersion)\n| project DeviceId, DeviceName,  OSPlatform, AvEngineVersion, DataRefreshTimestamp, AvIsEngineUpToDate, AvSignaturePublishTime, AvSignatureDataRefreshTime\n| summarize DeviceCount = count(), DataRefreshTimestamp = max(DataRefreshTimestamp), EngineUpToDateDeviceCount = countif(AvIsEngineUpToDate == \"true\"), EngineNotUpToDateDeviceCount = countif(AvIsEngineUpToDate == \"false\"), EngineNotAvailableDeviceCount = countif(AvIsEngineUpToDate == \"Unknown\") by OSPlatform,AvEngineVersion\n",
                        "version": 2,
                        "tags": [
                          {
                            "name": "description",
                            "value": "'Provides the Engine version and total count of up to date devices, not up to date devices and count of devices whose status is not available relevant to the Engine version.'\n"
                          }
                        ]
                      }
                    },
                    {
                      "type": "Microsoft.OperationalInsights/workspaces/providers/metadata",
                      "apiVersion": "2021-03-01-preview",
                      "name": "[concat(parameters('workspace'),'/Microsoft.SecurityInsights/',concat('huntingQuery-', '02BE358B-8733-46B7-8E3D-624B1F918237'))]",
                      "properties": {
                        "description": "'Provides the Engine version and total count of up to date devices, not up to date devices and count of devices whose status is not available relevant to the Engine version.'\n",
                        "version": "1.0.0",
                        "author": {
                          "name": "Community"
                        },
                        "support": {
                          "name": "Community",
                          "link": "https://github.com/Azure/Azure-Sentinel/issues",
                          "tier": "Community"
                        },
                        "source": {
                          "kind": "Community",
                          "name": "Standalone"
                        },
                        "threatAnalysisTactics": [],
                        "threatAnalyticsTechniques": [],
                        "contentId": "02BE358B-8733-46B7-8E3D-624B1F918237",
                        "parentId": "02BE358B-8733-46B7-8E3D-624B1F918237",
                        "kind": "HuntingQuery"
                      }
                    }
                  ]
                }
              }
            }
          ]
        },
        "author": {
          "name": "Community"
        },
        "dependencies": {
          "operator": "AND",
          "criteria": [
            {
              "contentId": "02BE358B-8733-46B7-8E3D-624B1F918237",
              "kind": "HuntingQuery"
            }
          ]
        },
        "description": "'Provides the Engine version and total count of up to date devices, not up to date devices and count of devices whose status is not available relevant to the Engine version.'\n",
        "displayName": "Microsoft Defender AV Engine up to date info",
        "packageId": "02BE358B-8733-46B7-8E3D-624B1F918237",
        "source": {
          "kind": "Community",
          "name": "Standalone"
        },
        "support": {
          "name": "Community",
          "link": "https://github.com/Azure/Azure-Sentinel/issues",
          "tier": "Community"
        },
        "threatAnalysisTactics": [],
        "threatAnalyticsTechniques": [],
        "version": "1.0.0"
      },
      "name": "02BE358B-8733-46B7-8E3D-624B1F918237"
    }
  ]
}