{
  "$schema": "https://schema.management.azure.com/schemas/2019-04-01/deploymentTemplate.json#",
  "contentVersion": "1.0.0.0",
  "parameters": {
    "location": {
      "type": "string",
      "minLength": 1,
      "defaultValue": "[resourceGroup().location]",
      "metadata": {
        "description": "Not used, but needed to pass arm-ttk test `Location-Should-Not-Be-Hardcoded`.  We instead use the `workspace-location` which is derived from the LA workspace"
      }
    },
    "workspace-location": {
      "type": "string",
      "defaultValue": "",
      "metadata": {
        "description": "[concat('Region to deploy solution resources -- separate from location selection',parameters('location'))]"
      }
    },
    "workspace": {
      "defaultValue": "",
      "type": "string",
      "metadata": {
        "description": "Workspace name for Log Analytics where Microsoft Sentinel is setup"
      }
    }
  },
  "variables": {},
  "resources": [
    {
      "type": "Microsoft.OperationalInsights/workspaces/providers/packages",
      "location": "[parameters('workspace-location')]",
      "apiVersion": "2022-08-01",
      "properties": {
        "packageKind": "Standalone",
        "packageItems": {
          "resources": [
            {
              "type": "Microsoft.OperationalInsights/workspaces/providers/contentTemplates",
              "name": "[concat(parameters('workspace'),'/Microsoft.SecurityInsights/', 'OrcaAlertsOverviewWorkbook')]",
              "location": "[parameters('workspace-location')]",
              "kind": "shared",
              "apiVersion": "2022-08-01",
              "contentVersion": "1.0.0",
              "metadata": "A visualized overview of Orca security alerts.\nExplore, analize and learn about your security posture using Orca alerts Overview",
              "properties": {
                "contentId": "OrcaAlertsOverviewWorkbook",
                "version": "1.1.0",
                "displayName": "Orca alerts overview",
                "contentKind": "Workbook",
                "mainTemplate": {
                  "$schema": "https://schema.management.azure.com/schemas/2019-04-01/deploymentTemplate.json#",
                  "contentVersion": "1.1.0",
                  "parameters": {},
                  "resources": [
                    {
                      "type": "Microsoft.Insights/workbooks",
                      "name": "OrcaAlertsOverviewWorkbook",
                      "location": "[parameters('workspace-location')]",
                      "kind": "shared",
                      "apiVersion": "2021-08-01",
                      "metadata": "A visualized overview of Orca security alerts.\nExplore, analize and learn about your security posture using Orca alerts Overview",
                      "properties": {
                        "displayName": "Orca alerts overview",
                        "serializedData": "{\"version\":\"Notebook/1.0\",\"items\":[{\"type\":3,\"content\":{\"version\":\"KqlItem/1.0\",\"query\":\"OrcaAlerts_CL \\n| summarize count(alert_id_s) by time_t \",\"size\":0,\"queryType\":0,\"resourceType\":\"microsoft.operationalinsights/workspaces\",\"visualization\":\"linechart\"},\"name\":\"Alerts over time\"},{\"type\":3,\"content\":{\"version\":\"KqlItem/1.0\",\"query\":\"OrcaAlerts_CL \\n| summarize count(alert_id_s) by asset_type_s \\n\",\"size\":3,\"queryType\":0,\"resourceType\":\"microsoft.operationalinsights/workspaces\",\"visualization\":\"piechart\"},\"customWidth\":\"33\",\"name\":\"query - 2\"},{\"type\":3,\"content\":{\"version\":\"KqlItem/1.0\",\"query\":\"OrcaAlerts_CL \\n| summarize count(alert_id_s) by alert_type_s \",\"size\":3,\"queryType\":0,\"resourceType\":\"microsoft.operationalinsights/workspaces\",\"visualization\":\"piechart\",\"tileSettings\":{\"showBorder\":false},\"graphSettings\":{\"type\":0},\"mapSettings\":{\"locInfo\":\"LatLong\",\"sizeSettings\":\"score_d\",\"sizeAggregation\":\"Sum\",\"legendMetric\":\"score_d\",\"legendAggregation\":\"Sum\",\"itemColorSettings\":{\"type\":\"heatmap\",\"colorAggregation\":\"Sum\",\"nodeColorField\":\"score_d\",\"heatmapPalette\":\"greenRed\"}}},\"customWidth\":\"33\",\"name\":\"query - 1\"},{\"type\":3,\"content\":{\"version\":\"KqlItem/1.0\",\"query\":\"OrcaAlerts_CL \\n| summarize count() by tostring(score_d)\\n\",\"size\":3,\"queryType\":0,\"resourceType\":\"microsoft.operationalinsights/workspaces\",\"visualization\":\"piechart\"},\"customWidth\":\"33\",\"name\":\"query - 3\"}],\"fromTemplateId\":\"sentinel-Alerts overview\",\"$schema\":\"https://github.com/Microsoft/Application-Insights-Workbooks/blob/master/schema/workbook.json\"}\r\n",
                        "version": "1.0",
                        "sourceId": "[resourceId('microsoft.OperationalInsights/Workspaces', parameters('workspace'))]",
                        "category": "sentinel"
                      }
                    },
                    {
                      "type": "Microsoft.OperationalInsights/workspaces/providers/metadata",
                      "apiVersion": "2021-03-01-preview",
                      "name": "[concat(parameters('workspace'),'/Microsoft.SecurityInsights/',concat('Workbook-', 'OrcaAlertsOverviewWorkbook'))]",
                      "properties": {
                        "description": "A visualized overview of Orca security alerts.\nExplore, analize and learn about your security posture using Orca alerts Overview",
                        "version": "1.1.0",
                        "previewImages": [
                          "OrcaAlertsWhite.png"
                        ],
                        "previewImagesDark": [
                          "OrcaAlertsBlack.png"
                        ],
                        "icon": "Orca_logo.svg",
                        "author": {
                          "name": "Community"
                        },
                        "support": {
                          "name": "Community",
                          "link": "https://github.com/Azure/Azure-Sentinel/issues",
                          "tier": "Community"
                        },
                        "source": {
                          "kind": "Community",
                          "name": "Standalone"
                        },
                        "contentId": "OrcaAlertsOverviewWorkbook",
                        "parentId": "[resourceId('Microsoft.Insights/workbooks', 'OrcaAlertsOverviewWorkbook')]",
                        "kind": "Workbook",
                        "dependencies": {
                          "operator": "AND",
                          "criteria": [
                            {
                              "contentId": "OrcaAlerts_CL",
                              "kind": "DataType"
                            }
                          ]
                        }
                      }
                    }
                  ]
                }
              }
            }
          ]
        },
        "author": {
          "name": "Community"
        },
        "dependencies": {
          "operator": "AND",
          "criteria": [
            {
              "contentId": "OrcaAlertsOverviewWorkbook",
              "kind": "Workbook"
            }
          ]
        },
        "description": "A visualized overview of Orca security alerts.\nExplore, analize and learn about your security posture using Orca alerts Overview",
        "displayName": "Orca alerts overview",
        "icon": "Orca_logo.svg",
        "packageId": "OrcaAlertsOverviewWorkbook",
        "previewImages": [
          "OrcaAlertsWhite.png"
        ],
        "previewImagesDark": [
          "OrcaAlertsBlack.png"
        ],
        "source": {
          "kind": "Community",
          "name": "Standalone"
        },
        "support": {
          "name": "Community",
          "link": "https://github.com/Azure/Azure-Sentinel/issues",
          "tier": "Community"
        },
        "version": "1.1.0"
      },
      "name": "[concat(parameters('workspace'),'/Microsoft.SecurityInsights/', 'OrcaAlertsOverviewWorkbook')]"
    }
  ]
}