{
  "$schema": "https://schema.management.azure.com/schemas/2019-04-01/deploymentTemplate.json#",
  "parameters": {
    "location": {
      "type": "string",
      "minLength": 1,
      "defaultValue": "[resourceGroup().location]",
      "metadata": {
        "description": "Not used, but needed to pass arm-ttk test `Location-Should-Not-Be-Hardcoded`.  We instead use the `workspace-location` which is derived from the LA workspace"
      }
    },
    "workspace-location": {
      "type": "string",
      "defaultValue": "",
      "metadata": {
        "description": "[concat('Region to deploy solution resources -- separate from location selection',parameters('location'))]"
      }
    },
    "workspace": {
      "defaultValue": "",
      "type": "string",
      "metadata": {
        "description": "Workspace name for Log Analytics where Microsoft Sentinel is setup"
      }
    }
  },
  "variables": {},
  "resources": [
    {
      "type": "Microsoft.OperationalInsights/workspaces/providers/packages",
      "location": "[parameters('workspace-location')]",
      "apiVersion": "2022-08-01",
      "properties": {
        "packageKind": "Standalone",
        "packageItems": {
          "resources": [
            {
              "type": "Microsoft.OperationalInsights/workspaces/providers/contentTemplates",
              "name": "[concat(parameters('workspace'),'/Microsoft.SecurityInsights/', '0c068643-049c-4c10-8771-ef3865627aa2')]",
              "location": "[parameters('workspace-location')]",
              "kind": "shared",
              "apiVersion": "2022-08-01",
              "properties": {
                "contentId": "0c068643-049c-4c10-8771-ef3865627aa2",
                "displayName": "ExecuteBase64DecodedPayload",
                "contentKind": "HuntingQuery",
                "mainTemplate": {
                  "$schema": "https://schema.management.azure.com/schemas/2019-04-01/deploymentTemplate.json#",
                  "contentVersion": "1.0.0",
                  "resources": [
                    {
                      "type": "Microsoft.OperationalInsights/savedSearches",
                      "apiVersion": "2020-08-01",
                      "name": "0c068643-049c-4c10-8771-ef3865627aa2",
                      "location": "[parameters('workspace-location')]",
                      "properties": {
                        "eTag": "*",
                        "displayName": "ExecuteBase64DecodedPayload",
                        "category": "Hunting Queries",
                        "query": "DeviceProcessEvents \n| where Timestamp > ago(14d) \n| where ProcessCommandLine contains \".decode('base64')\"\n        or ProcessCommandLine contains \".b64decode(\"\n        or ProcessCommandLine contains \"base64 --decode\"\n        or ProcessCommandLine contains \".decode64(\" \n| project Timestamp , DeviceName , FileName , FolderPath , ProcessCommandLine , InitiatingProcessCommandLine \n| top 100 by Timestamp \n",
                        "version": 2,
                        "tags": [
                          {
                            "name": "description",
                            "value": "Process executed from binary hidden in Base64 encoded file.  Encoding malicious software is a.\nTechnique to obfuscate files from detection.\nThe first and second ProcessCommandLine component is looking for Python decoding base64.\nThe third ProcesssCommandLine component is looking for the Bash/sh commandline base64 decoding tool.\nThe fourth one is looking for Ruby decoding base64.\n"
                          }
                        ]
                      }
                    },
                    {
                      "type": "Microsoft.OperationalInsights/workspaces/providers/metadata",
                      "apiVersion": "2021-03-01-preview",
                      "name": "[concat(parameters('workspace'),'/Microsoft.SecurityInsights/',concat('huntingQuery-', '0c068643-049c-4c10-8771-ef3865627aa2'))]",
                      "properties": {
                        "description": "Process executed from binary hidden in Base64 encoded file.  Encoding malicious software is a.\nTechnique to obfuscate files from detection.\nThe first and second ProcessCommandLine component is looking for Python decoding base64.\nThe third ProcesssCommandLine component is looking for the Bash/sh commandline base64 decoding tool.\nThe fourth one is looking for Ruby decoding base64.\n",
                        "contentId": "0c068643-049c-4c10-8771-ef3865627aa2",
                        "version": "1.0.0",
                        "source": {
                          "kind": "Community"
                        },
                        "parentId": "0c068643-049c-4c10-8771-ef3865627aa2",
                        "kind": "HuntingQuery",
                        "dependencies": {
                          "operator": "AND",
                          "criteria": [
                            {
                              "contentId": "DeviceProcessEvents",
                              "kind": "DataType"
                            }
                          ]
                        }
                      }
                    }
                  ]
                }
              }
            }
          ]
        },
        "contentId": "0c068643-049c-4c10-8771-ef3865627aa2",
        "dependencies": {
          "operator": "AND",
          "criteria": [
            {
              "contentId": "0c068643-049c-4c10-8771-ef3865627aa2",
              "kind": "HuntingQuery"
            }
          ]
        },
        "description": "Process executed from binary hidden in Base64 encoded file.  Encoding malicious software is a.\nTechnique to obfuscate files from detection.\nThe first and second ProcessCommandLine component is looking for Python decoding base64.\nThe third ProcesssCommandLine component is looking for the Bash/sh commandline base64 decoding tool.\nThe fourth one is looking for Ruby decoding base64.\n",
        "displayName": "ExecuteBase64DecodedPayload",
        "source": {
          "kind": "Community"
        },
        "version": "1.0.0"
      },
      "name": "[concat(parameters('workspace'),'/Microsoft.SecurityInsights/', '0c068643-049c-4c10-8771-ef3865627aa2')]"
    }
  ]
}