{
  "$schema": "https://schema.management.azure.com/schemas/2019-04-01/deploymentTemplate.json#",
  "contentVersion": "1.0.0.0",
  "parameters": {
    "location": {
      "type": "string",
      "minLength": 1,
      "defaultValue": "[resourceGroup().location]",
      "metadata": {
        "description": "Not used, but needed to pass arm-ttk test `Location-Should-Not-Be-Hardcoded`.  We instead use the `workspace-location` which is derived from the LA workspace"
      }
    },
    "workspace-location": {
      "type": "string",
      "defaultValue": "",
      "metadata": {
        "description": "[concat('Region to deploy solution resources -- separate from location selection',parameters('location'))]"
      }
    },
    "workspace": {
      "defaultValue": "",
      "type": "string",
      "metadata": {
        "description": "Workspace name for Log Analytics where Microsoft Sentinel is setup"
      }
    }
  },
  "variables": {},
  "resources": [
    {
      "type": "Microsoft.OperationalInsights/workspaces/providers/packages",
      "location": "[parameters('workspace-location')]",
      "apiVersion": "2022-08-01",
      "properties": {
        "packageKind": "Standalone",
        "packageItems": {
          "resources": [
            {
              "type": "Microsoft.OperationalInsights/workspaces/providers/contentTemplates",
              "name": "[concat(parameters('workspace'),'/Microsoft.SecurityInsights/', '1bb4a007-7d1d-4506-ada9-222604f54ec6')]",
              "location": "[parameters('workspace-location')]",
              "kind": "shared",
              "apiVersion": "2022-08-01",
              "properties": {
                "contentId": "1bb4a007-7d1d-4506-ada9-222604f54ec6",
                "displayName": "Possible SpringShell Exploitation Attempt (CVE-2022-22965)",
                "contentKind": "HuntingQuery",
                "mainTemplate": {
                  "$schema": "https://schema.management.azure.com/schemas/2019-04-01/deploymentTemplate.json#",
                  "contentVersion": "1.0.0",
                  "resources": [
                    {
                      "type": "Microsoft.OperationalInsights/savedSearches",
                      "apiVersion": "2020-08-01",
                      "name": "1bb4a007-7d1d-4506-ada9-222604f54ec6",
                      "location": "[parameters('workspace-location')]",
                      "properties": {
                        "eTag": "*",
                        "displayName": "Possible SpringShell Exploitation Attempt (CVE-2022-22965)",
                        "category": "Hunting Queries",
                        "query": "let spring4shellstring = dynamic([\"class.module.classLoader.resources.context.parent.pipeline.first.pattern=\"]);\nAzureDiagnostics\n| where Category in (\"FrontdoorWebApplicationFirewallLog\", \"FrontdoorAccessLog\", \"ApplicationGatewayFirewallLog\", \"ApplicationGatewayAccessLog\")\n| extend originalRequestUriWithArgs_s = column_ifexists(\"originalRequestUriWithArgs_s\", \"\"), \n   userAgent_s = column_ifexists(\"userAgent_s\", \"\"), \n   clientIP_s = column_ifexists(\"clientIP_s\", \"\"),  \n   clientPort_d = column_ifexists(\"originalRequestUriWithArgs_s\", \"\"),\n   host_s = column_ifexists(\"host_s\", \"\"),\n   requestUri_s = column_ifexists(\"requestUri_s\", \"\"),\n   httpStatus_d = column_ifexists(\"httpStatus_d\",\"\"),\n   listenerName_s = column_ifexists(\"listenerName_s\", \"\"),\n   httpMethod_s = column_ifexists(\"httpMethod_s\", \"\")\n| where httpMethod_s =~ 'POST'\n| where originalRequestUriWithArgs_s has_any (spring4shellstring) or requestUri_s has_any (spring4shellstring)\n| summarize Total = count() by originalRequestUriWithArgs_s, userAgent_s, clientIP_s,clientPort_d, TimeGenerated, host_s, requestUri_s, httpStatus_d,listenerName_s, httpMethod_s, Category\n| extend IPCustomEntity = clientIP_s, timestamp = TimeGenerated, UrlCustomEntity = requestUri_s, HostCustomEntity = host_s\n",
                        "version": 2,
                        "tags": [
                          {
                            "name": "description",
                            "value": "'This hunting query looks in Azure Web Application Firewall data to find possible SpringShell Exploitation Attempt (CVE-2022-22965).\n The Spring Framework is one of the most widely used lightweight open-source framework for Java. To exploit the vulnerability attackers can  \n send a specially crafted query to a web server running the Spring Core framework to change the target of logging facility and create a new \n malicious JSP file in a location accessible by http requests. Attackers then make requests to the malicious backdoor to run system commands.\n Reference: https://www.microsoft.com/security/blog/2022/04/04/springshell-rce-vulnerability-guidance-for-protecting-against-and-detecting-cve-2022-22965/'\n"
                          },
                          {
                            "name": "techniques",
                            "value": ""
                          },
                          {
                            "name": "tactics",
                            "value": "InitialAccess"
                          }
                        ]
                      }
                    },
                    {
                      "type": "Microsoft.OperationalInsights/workspaces/providers/metadata",
                      "apiVersion": "2021-03-01-preview",
                      "name": "[concat(parameters('workspace'),'/Microsoft.SecurityInsights/',concat('huntingQuery-', '1bb4a007-7d1d-4506-ada9-222604f54ec6'))]",
                      "properties": {
                        "description": "'This hunting query looks in Azure Web Application Firewall data to find possible SpringShell Exploitation Attempt (CVE-2022-22965).\n The Spring Framework is one of the most widely used lightweight open-source framework for Java. To exploit the vulnerability attackers can  \n send a specially crafted query to a web server running the Spring Core framework to change the target of logging facility and create a new \n malicious JSP file in a location accessible by http requests. Attackers then make requests to the malicious backdoor to run system commands.\n Reference: https://www.microsoft.com/security/blog/2022/04/04/springshell-rce-vulnerability-guidance-for-protecting-against-and-detecting-cve-2022-22965/'\n",
                        "version": "1.0.0",
                        "author": {
                          "name": "Community"
                        },
                        "support": {
                          "name": "Community",
                          "link": "https://github.com/Azure/Azure-Sentinel/issues",
                          "tier": "Community"
                        },
                        "source": {
                          "kind": "Community",
                          "name": "Standalone"
                        },
                        "threatAnalysisTactics": [
                          "InitialAccess"
                        ],
                        "threatAnalyticsTechniques": [
                          "T1190"
                        ],
                        "contentId": "1bb4a007-7d1d-4506-ada9-222604f54ec6",
                        "parentId": "1bb4a007-7d1d-4506-ada9-222604f54ec6",
                        "kind": "HuntingQuery",
                        "dependencies": {
                          "operator": "AND",
                          "criteria": [
                            {
                              "contentId": "AzureDiagnostics",
                              "kind": "DataType"
                            }
                          ]
                        }
                      }
                    }
                  ]
                }
              }
            }
          ]
        },
        "author": {
          "name": "Community"
        },
        "dependencies": {
          "operator": "AND",
          "criteria": [
            {
              "contentId": "1bb4a007-7d1d-4506-ada9-222604f54ec6",
              "kind": "HuntingQuery"
            }
          ]
        },
        "description": "'This hunting query looks in Azure Web Application Firewall data to find possible SpringShell Exploitation Attempt (CVE-2022-22965).\n The Spring Framework is one of the most widely used lightweight open-source framework for Java. To exploit the vulnerability attackers can  \n send a specially crafted query to a web server running the Spring Core framework to change the target of logging facility and create a new \n malicious JSP file in a location accessible by http requests. Attackers then make requests to the malicious backdoor to run system commands.\n Reference: https://www.microsoft.com/security/blog/2022/04/04/springshell-rce-vulnerability-guidance-for-protecting-against-and-detecting-cve-2022-22965/'\n",
        "displayName": "Possible SpringShell Exploitation Attempt (CVE-2022-22965)",
        "packageId": "1bb4a007-7d1d-4506-ada9-222604f54ec6",
        "source": {
          "kind": "Community",
          "name": "Standalone"
        },
        "support": {
          "name": "Community",
          "link": "https://github.com/Azure/Azure-Sentinel/issues",
          "tier": "Community"
        },
        "threatAnalysisTactics": [
          "InitialAccess"
        ],
        "threatAnalyticsTechniques": [
          "T1190"
        ],
        "version": "1.0.0"
      },
      "name": "1bb4a007-7d1d-4506-ada9-222604f54ec6"
    }
  ]
}