{
  "$schema": "https://schema.management.azure.com/schemas/2019-04-01/deploymentTemplate.json#",
  "parameters": {
    "location": {
      "type": "string",
      "minLength": 1,
      "defaultValue": "[resourceGroup().location]",
      "metadata": {
        "description": "Not used, but needed to pass arm-ttk test `Location-Should-Not-Be-Hardcoded`.  We instead use the `workspace-location` which is derived from the LA workspace"
      }
    },
    "workspace-location": {
      "type": "string",
      "defaultValue": "",
      "metadata": {
        "description": "[concat('Region to deploy solution resources -- separate from location selection',parameters('location'))]"
      }
    },
    "workspace": {
      "defaultValue": "",
      "type": "string",
      "metadata": {
        "description": "Workspace name for Log Analytics where Microsoft Sentinel is setup"
      }
    }
  },
  "variables": {},
  "resources": [
    {
      "type": "Microsoft.OperationalInsights/workspaces/providers/packages",
      "location": "[parameters('workspace-location')]",
      "apiVersion": "2022-08-01",
      "properties": {
        "packageKind": "Standalone",
        "packageItems": {
          "resources": [
            {
              "type": "Microsoft.OperationalInsights/workspaces/providers/contentTemplates",
              "name": "[concat(parameters('workspace'),'/Microsoft.SecurityInsights/', '261d966b-5c1a-4d28-b444-3a8caac6246e')]",
              "location": "[parameters('workspace-location')]",
              "kind": "shared",
              "apiVersion": "2022-08-01",
              "properties": {
                "contentId": "261d966b-5c1a-4d28-b444-3a8caac6246e",
                "displayName": "PowershellCommand footprint",
                "contentKind": "HuntingQuery",
                "mainTemplate": {
                  "$schema": "https://schema.management.azure.com/schemas/2019-04-01/deploymentTemplate.json#",
                  "contentVersion": "1.0.0",
                  "resources": [
                    {
                      "type": "Microsoft.OperationalInsights/savedSearches",
                      "apiVersion": "2020-08-01",
                      "name": "261d966b-5c1a-4d28-b444-3a8caac6246e",
                      "location": "[parameters('workspace-location')]",
                      "properties": {
                        "eTag": "*",
                        "displayName": "PowershellCommand footprint",
                        "category": "Hunting Queries",
                        "query": "let powershellCommandName = \"Invoke-RickAscii\";\nDeviceEvents\n| where ActionType == \"PowerShellCommand\"\n// This filter improves query performance, as it avoids needing to parse Command from all rows and only then applying a filter\n| where AdditionalFields contains powershellCommandName\n// Extract the powershell command name from the Command field in the AdditionalFields JSON column\n| project PowershellCommand=extractjson(\"$.Command\", AdditionalFields, typeof(string)), InitiatingProcessCommandLine, InitiatingProcessParentFileName, Timestamp, DeviceId\n// Do an exact case-insensitive match on the command name field\n| where PowershellCommand =~ powershellCommandName\n",
                        "version": 2,
                        "tags": [
                          {
                            "name": "description",
                            "value": "Find all machines running a given Powersehll cmdlet.\nThis covers all Powershell commands executed in the Powershell engine by any process.\n"
                          }
                        ]
                      }
                    },
                    {
                      "type": "Microsoft.OperationalInsights/workspaces/providers/metadata",
                      "apiVersion": "2021-03-01-preview",
                      "name": "[concat(parameters('workspace'),'/Microsoft.SecurityInsights/',concat('huntingQuery-', '261d966b-5c1a-4d28-b444-3a8caac6246e'))]",
                      "properties": {
                        "description": "Find all machines running a given Powersehll cmdlet.\nThis covers all Powershell commands executed in the Powershell engine by any process.\n",
                        "version": "1.0.0",
                        "source": {
                          "kind": "Community"
                        },
                        "contentId": "261d966b-5c1a-4d28-b444-3a8caac6246e",
                        "parentId": "261d966b-5c1a-4d28-b444-3a8caac6246e",
                        "kind": "HuntingQuery",
                        "dependencies": {
                          "operator": "AND",
                          "criteria": [
                            {
                              "contentId": "DeviceEvents",
                              "kind": "DataType"
                            }
                          ]
                        }
                      }
                    }
                  ]
                }
              }
            }
          ]
        },
        "dependencies": {
          "operator": "AND",
          "criteria": [
            {
              "contentId": "261d966b-5c1a-4d28-b444-3a8caac6246e",
              "kind": "HuntingQuery"
            }
          ]
        },
        "description": "Find all machines running a given Powersehll cmdlet.\nThis covers all Powershell commands executed in the Powershell engine by any process.\n",
        "displayName": "PowershellCommand footprint",
        "packageId": "261d966b-5c1a-4d28-b444-3a8caac6246e",
        "source": {
          "kind": "Community"
        },
        "version": "1.0.0"
      },
      "name": "[concat(parameters('workspace'),'/Microsoft.SecurityInsights/', '261d966b-5c1a-4d28-b444-3a8caac6246e')]"
    }
  ]
}