{
  "$schema": "https://schema.management.azure.com/schemas/2019-04-01/deploymentTemplate.json#",
  "parameters": {
    "location": {
      "type": "string",
      "minLength": 1,
      "defaultValue": "[resourceGroup().location]",
      "metadata": {
        "description": "Not used, but needed to pass arm-ttk test `Location-Should-Not-Be-Hardcoded`.  We instead use the `workspace-location` which is derived from the LA workspace"
      }
    },
    "workspace-location": {
      "type": "string",
      "defaultValue": "",
      "metadata": {
        "description": "[concat('Region to deploy solution resources -- separate from location selection',parameters('location'))]"
      }
    },
    "workspace": {
      "defaultValue": "",
      "type": "string",
      "metadata": {
        "description": "Workspace name for Log Analytics where Microsoft Sentinel is setup"
      }
    }
  },
  "variables": {},
  "resources": [
    {
      "type": "Microsoft.OperationalInsights/workspaces/providers/packages",
      "location": "[parameters('workspace-location')]",
      "apiVersion": "2022-08-01",
      "properties": {
        "packageKind": "Standalone",
        "packageItems": {
          "resources": [
            {
              "type": "Microsoft.OperationalInsights/workspaces/providers/contentTemplates",
              "name": "[concat(parameters('workspace'),'/Microsoft.SecurityInsights/', 'ab4b6944-a20d-42ab-8b63-238426525801')]",
              "location": "[parameters('workspace-location')]",
              "apiVersion": "2022-08-01",
              "properties": {
                "contentId": "ab4b6944-a20d-42ab-8b63-238426525801",
                "displayName": "Solorigate Domains Found in VM Insights",
                "contentKind": "AnalyticsRule",
                "mainTemplate": {
                  "$schema": "https://schema.management.azure.com/schemas/2019-04-01/deploymentTemplate.json#",
                  "contentVersion": "1.0.0",
                  "resources": [
                    {
                      "type": "Microsoft.OperationalInsights/workspaces/providers/alertRules",
                      "apiVersion": "2022-04-01-preview",
                      "name": "[concat(parameters('workspace'),'/Microsoft.SecurityInsights/', '' )]",
                      "kind": "Scheduled",
                      "location": "[parameters('workspace-location')]",
                      "properties": {
                        "description": "Identifies connections to Solorigate-related DNS records based on VM insights data",
                        "displayName": "Solorigate Domains Found in VM Insights",
                        "enabled": false,
                        "query": "\nlet domains = dynamic([\"incomeupdate.com\",\"zupertech.com\",\"databasegalore.com\",\"panhardware.com\",\"avsvmcloud.com\",\"digitalcollege.org\",\"freescanonline.com\",\"deftsecurity.com\",\"thedoccloud.com\",\"virtualdataserver.com\",\"lcomputers.com\",\"webcodez.com\",\"globalnetworkissues.com\",\"kubecloud.com\",\"seobundlekit.com\",\"solartrackingsystem.net\",\"virtualwebdata.com\"]);\nlet timeframe = 1h;\nlet connections = VMConnection \n    | where TimeGenerated >= ago(timeframe)\n    | extend DNSName = set_union(todynamic(RemoteDnsCanonicalNames),todynamic(RemoteDnsQuestions))\n    | mv-expand DNSName\n    | where isnotempty(DNSName)\n    | where DNSName has_any (domains)\n    | extend IPCustomEntity = RemoteIp\n    | summarize TimeGenerated = arg_min(TimeGenerated, *), requests = count() by IPCustomEntity, DNSName = tostring(DNSName), AgentId, Machine, Process;\nlet processes = VMProcess\n    | where TimeGenerated >= ago(timeframe)\n    | project AgentId, Machine, Process, UserName, UserDomain, ExecutablePath, CommandLine, FirstPid\n    | extend exePathArr = split(ExecutablePath, \"\\\\\")\n    | extend DirectoryName = array_strcat(array_slice(exePathArr, 0, array_length(exePathArr) - 2), \"\\\\\")\n    | extend Filename = array_strcat(array_slice(exePathArr, array_length(exePathArr) - 1, array_length(exePathArr)), \"\\\\\")\n    | project-away exePathArr;\nlet computers = VMComputer\n    | where TimeGenerated >= ago(timeframe)\n    | project HostCustomEntity = HostName, AzureResourceId = _ResourceId, AgentId, Machine;\nconnections | join kind = inner (processes) on AgentId, Machine, Process\n            | join kind = inner (computers) on AgentId, Machine\n             \n",
                        "queryFrequency": "PT1H",
                        "queryPeriod": "PT1H",
                        "severity": "High",
                        "suppressionDuration": "PT1H",
                        "suppressionEnabled": false,
                        "triggerOperator": "GreaterThan",
                        "triggerThreshold": 0,
                        "tactics": [
                          "CommandAndControl"
                        ],
                        "entityMappings": [
                          {
                            "entityType": "Host",
                            "fieldMappings": [
                              {
                                "columnName": "HostCustomEntity",
                                "identifier": "HostName"
                              }
                            ]
                          },
                          {
                            "entityType": "IP",
                            "fieldMappings": [
                              {
                                "columnName": "IPCustomEntity",
                                "identifier": "Address"
                              }
                            ]
                          },
                          {
                            "entityType": "DNS",
                            "fieldMappings": [
                              {
                                "columnName": "DNSName",
                                "identifier": "DomainName"
                              }
                            ]
                          },
                          {
                            "entityType": "Process",
                            "fieldMappings": [
                              {
                                "columnName": "FirstPid",
                                "identifier": "ProcessId"
                              },
                              {
                                "columnName": "CommandLine",
                                "identifier": "CommandLine"
                              }
                            ]
                          },
                          {
                            "entityType": "File",
                            "fieldMappings": [
                              {
                                "columnName": "DirectoryName",
                                "identifier": "Directory"
                              },
                              {
                                "columnName": "Filename",
                                "identifier": "Name"
                              }
                            ]
                          }
                        ]
                      }
                    },
                    {
                      "type": "Microsoft.OperationalInsights/workspaces/providers/metadata",
                      "apiVersion": "2021-03-01-preview",
                      "name": "[concat(parameters('workspace'),'/Microsoft.SecurityInsights/', '')]",
                      "properties": {
                        "description": "'Identifies connections to Solorigate-related DNS records based on VM insights data'\n",
                        "contentId": "ab4b6944-a20d-42ab-8b63-238426525801",
                        "version": "1.0.0",
                        "source": {
                          "kind": "Community"
                        },
                        "threatAnalysisTactics": [
                          "CommandAndControl"
                        ],
                        "threatAnalyticsTechniques": [
                          "T1102"
                        ],
                        "parentId": "ab4b6944-a20d-42ab-8b63-238426525801",
                        "kind": "AnalyticsRule",
                        "dependencies": {
                          "operator": "AND",
                          "criteria": [
                            {
                              "contentId": "VMConnection",
                              "kind": "DataType"
                            },
                            {
                              "contentId": "VMProcess",
                              "kind": "DataType"
                            },
                            {
                              "contentId": "VMComputer",
                              "kind": "DataType"
                            }
                          ]
                        }
                      }
                    }
                  ]
                }
              }
            }
          ]
        },
        "contentId": "ab4b6944-a20d-42ab-8b63-238426525801",
        "dependencies": {
          "operator": "AND",
          "criteria": [
            {
              "contentId": "ab4b6944-a20d-42ab-8b63-238426525801",
              "kind": "AnalyticsRule"
            }
          ]
        },
        "description": "'Identifies connections to Solorigate-related DNS records based on VM insights data'\n",
        "displayName": "Solorigate Domains Found in VM Insights",
        "source": {
          "kind": "Community"
        },
        "threatAnalysisTactics": [
          "CommandAndControl"
        ],
        "threatAnalyticsTechniques": [
          "T1102"
        ],
        "version": "1.0.0"
      },
      "name": "[concat(parameters('workspace'),'/Microsoft.SecurityInsights/', 'ab4b6944-a20d-42ab-8b63-238426525801')]"
    }
  ]
}