{
  "$schema": "https://schema.management.azure.com/schemas/2019-04-01/deploymentTemplate.json#",
  "parameters": {
    "location": {
      "type": "string",
      "minLength": 1,
      "defaultValue": "[resourceGroup().location]",
      "metadata": {
        "description": "Not used, but needed to pass arm-ttk test `Location-Should-Not-Be-Hardcoded`.  We instead use the `workspace-location` which is derived from the LA workspace"
      }
    },
    "workspace-location": {
      "type": "string",
      "defaultValue": "",
      "metadata": {
        "description": "[concat('Region to deploy solution resources -- separate from location selection',parameters('location'))]"
      }
    },
    "workspace": {
      "defaultValue": "",
      "type": "string",
      "metadata": {
        "description": "Workspace name for Log Analytics where Microsoft Sentinel is setup"
      }
    }
  },
  "variables": {},
  "resources": [
    {
      "type": "Microsoft.OperationalInsights/workspaces/providers/packages",
      "location": "[parameters('workspace-location')]",
      "apiVersion": "2022-08-01",
      "properties": {
        "packageKind": "Standalone",
        "packageItems": {
          "resources": [
            {
              "type": "Microsoft.OperationalInsights/workspaces/providers/contentTemplates",
              "name": "[concat(parameters('workspace'),'/Microsoft.SecurityInsights/', '29a1815a-3ada-4182-a178-e52c483d2f95')]",
              "location": "[parameters('workspace-location')]",
              "kind": "shared",
              "apiVersion": "2022-08-01",
              "properties": {
                "contentId": "29a1815a-3ada-4182-a178-e52c483d2f95",
                "displayName": "Solorigate Encoded Domain in URL",
                "contentKind": "HuntingQuery",
                "mainTemplate": {
                  "$schema": "https://schema.management.azure.com/schemas/2019-04-01/deploymentTemplate.json#",
                  "contentVersion": "1.0.0",
                  "resources": [
                    {
                      "type": "Microsoft.OperationalInsights/savedSearches",
                      "apiVersion": "2020-08-01",
                      "name": "29a1815a-3ada-4182-a178-e52c483d2f95",
                      "location": "[parameters('workspace-location')]",
                      "properties": {
                        "eTag": "*",
                        "displayName": "Solorigate Encoded Domain in URL",
                        "category": "Hunting Queries",
                        "query": "\nlet dictionary = dynamic([\"r\",\"q\",\"3\",\"g\",\"s\",\"a\",\"l\",\"t\",\"6\",\"u\",\"1\",\"i\",\"y\",\"f\",\"z\",\"o\",\"p\",\"5\",\"7\",\"2\",\"d\",\"4\",\"9\",\"b\",\"n\",\"x\",\"8\",\"c\",\"v\",\"m\",\"k\",\"e\",\"w\",\"h\",\"j\"]);\nlet regex_bad_domains = SigninLogs\n//Collect domains from tenant from signin logs\n| extend domain = tostring(split(UserPrincipalName, \"@\", 1)[0])\n| where domain != \"\"\n| summarize by domain\n| extend split_domain = split(domain, \".\")\n//This cuts back on domains such as na.contoso.com by electing not to match on the \"na\" portion\n| extend target_string = iff(strlen(split_domain[0]) <= 2, split_domain[1], split_domain[0])\n| extend target_string = split(target_string, \"-\")\n| mv-expand target_string\n//Rip all of the alphanumeric out of the domain name\n| extend string_chars = extract_all(@\"([a-z0-9])\", tostring(target_string))\n//Guid for tracking our data\n| extend guid = new_guid()\n//Expand to get all of the individual chars from the domain\n| mv-expand string_chars\n| extend chars = tostring(string_chars)\n//Conduct computation to encode the domain as per actor spec\n| extend computed_char = array_index_of(dictionary, chars)\n| extend computed_char = dictionary[(computed_char + 4) % array_length(dictionary)] \n| summarize make_list(computed_char) by guid, domain\n| extend target_encoded = tostring(strcat_array(list_computed_char, \"\"))\n//These are probably too small, but can be edited (expect FP's when going too small)\n| where strlen(target_encoded) > 5\n| distinct target_encoded\n| summarize make_set(target_encoded)\n//Key to join to DNS\n| extend key = 1;\nDnsEvents\n| summarize StartTime = min(TimeGenerated), EndTime = max(TimeGenerated) by Name\n| extend key = 1\n//For each DNS query join the malicious domain list\n| join kind=inner ( \n    regex_bad_domains\n) on key\n| project-away key\n//Expand each malicious key for each DNS query observed\n| mv-expand set_target_encoded\n//IndexOf allows us to fuzzy match on the substring\n| extend match = indexof(Name, set_target_encoded)\n| where match > -1\n| extend timestamp = StartTime, DomainCustomEntity = Name\n",
                        "version": 2,
                        "tags": [
                          {
                            "name": "description",
                            "value": "'Looks for a logon domain seen in Azure AD logs appearing in a DNS query encoded with the DGA encoding used in the Solorigate incident.\nReference: https://blogs.microsoft.com/on-the-issues/2020/12/13/customers-protect-nation-state-cyberattacks/'\n"
                          },
                          {
                            "name": "techniques",
                            "value": ""
                          },
                          {
                            "name": "tactics",
                            "value": "CommandAndControl"
                          }
                        ]
                      }
                    },
                    {
                      "type": "Microsoft.OperationalInsights/workspaces/providers/metadata",
                      "apiVersion": "2021-03-01-preview",
                      "name": "[concat(parameters('workspace'),'/Microsoft.SecurityInsights/',concat('huntingQuery-', '29a1815a-3ada-4182-a178-e52c483d2f95'))]",
                      "properties": {
                        "description": "'Looks for a logon domain seen in Azure AD logs appearing in a DNS query encoded with the DGA encoding used in the Solorigate incident.\nReference: https://blogs.microsoft.com/on-the-issues/2020/12/13/customers-protect-nation-state-cyberattacks/'\n",
                        "contentId": "29a1815a-3ada-4182-a178-e52c483d2f95",
                        "version": "1.0.0",
                        "source": {
                          "kind": "Community"
                        },
                        "threatAnalysisTactics": [
                          "CommandAndControl"
                        ],
                        "threatAnalyticsTechniques": [
                          "T1568"
                        ],
                        "parentId": "29a1815a-3ada-4182-a178-e52c483d2f95",
                        "kind": "HuntingQuery",
                        "dependencies": {
                          "operator": "AND",
                          "criteria": [
                            {
                              "contentId": "DnsEvents",
                              "kind": "DataType"
                            },
                            {
                              "contentId": "SigninLogs",
                              "kind": "DataType"
                            }
                          ]
                        }
                      }
                    }
                  ]
                }
              }
            }
          ]
        },
        "contentId": "29a1815a-3ada-4182-a178-e52c483d2f95",
        "dependencies": {
          "operator": "AND",
          "criteria": [
            {
              "contentId": "29a1815a-3ada-4182-a178-e52c483d2f95",
              "kind": "HuntingQuery"
            }
          ]
        },
        "description": "'Looks for a logon domain seen in Azure AD logs appearing in a DNS query encoded with the DGA encoding used in the Solorigate incident.\nReference: https://blogs.microsoft.com/on-the-issues/2020/12/13/customers-protect-nation-state-cyberattacks/'\n",
        "displayName": "Solorigate Encoded Domain in URL",
        "source": {
          "kind": "Community"
        },
        "threatAnalysisTactics": [
          "CommandAndControl"
        ],
        "threatAnalyticsTechniques": [
          "T1568"
        ],
        "version": "1.0.0"
      },
      "name": "[concat(parameters('workspace'),'/Microsoft.SecurityInsights/', '29a1815a-3ada-4182-a178-e52c483d2f95')]"
    }
  ]
}