{
  "$schema": "https://schema.management.azure.com/schemas/2019-04-01/deploymentTemplate.json#",
  "contentVersion": "1.0.0.0",
  "parameters": {
    "location": {
      "type": "string",
      "minLength": 1,
      "defaultValue": "[resourceGroup().location]",
      "metadata": {
        "description": "Not used, but needed to pass arm-ttk test `Location-Should-Not-Be-Hardcoded`.  We instead use the `workspace-location` which is derived from the LA workspace"
      }
    },
    "workspace-location": {
      "type": "string",
      "defaultValue": "",
      "metadata": {
        "description": "[concat('Region to deploy solution resources -- separate from location selection',parameters('location'))]"
      }
    },
    "workspace": {
      "defaultValue": "",
      "type": "string",
      "metadata": {
        "description": "Workspace name for Log Analytics where Microsoft Sentinel is setup"
      }
    }
  },
  "variables": {},
  "resources": [
    {
      "type": "Microsoft.OperationalInsights/workspaces/providers/packages",
      "location": "[parameters('workspace-location')]",
      "apiVersion": "2022-08-01",
      "properties": {
        "packageKind": "Standalone",
        "packageItems": {
          "resources": [
            {
              "type": "Microsoft.OperationalInsights/workspaces/providers/contentTemplates",
              "name": "[concat(parameters('workspace'),'/Microsoft.SecurityInsights/', 'd6190dde-8fd2-456a-ac5b-0a32400b0464')]",
              "location": "[parameters('workspace-location')]",
              "apiVersion": "2022-08-01",
              "properties": {
                "contentId": "d6190dde-8fd2-456a-ac5b-0a32400b0464",
                "displayName": "Process executed from binary hidden in Base64 encoded file",
                "contentKind": "AnalyticsRule",
                "mainTemplate": {
                  "$schema": "https://schema.management.azure.com/schemas/2019-04-01/deploymentTemplate.json#",
                  "contentVersion": "1.1.1",
                  "resources": [
                    {
                      "type": "Microsoft.OperationalInsights/workspaces/providers/alertRules",
                      "apiVersion": "2022-04-01-preview",
                      "name": "d6190dde-8fd2-456a-ac5b-0a32400b0464",
                      "kind": "Scheduled",
                      "location": "[parameters('workspace-location')]",
                      "properties": {
                        "description": "Encoding malicious software is a technique used to obfuscate files from detection. \nThe first CommandLine component is looking for Python decoding base64. \nThe second CommandLine component is looking for Bash/sh command line base64 decoding.\nThe third one is looking for Ruby decoding base64.",
                        "displayName": "Process executed from binary hidden in Base64 encoded file",
                        "enabled": false,
                        "query": "let ProcessCreationEvents=() {\nlet processEvents=(union isfuzzy=true\n(SecurityEvent\n| where EventID==4688\n| where isnotempty(CommandLine)\n| project TimeGenerated, Computer, Account = SubjectUserName, AccountDomain = SubjectDomainName, FileName = Process, CommandLine, ParentProcessName\n),\n(WindowsEvent\n| where EventID==4688\n| where EventData has_any (\".decode('base64')\", \"base64 --decode\", \".decode64(\" )\n| extend CommandLine = tostring(EventData.CommandLine)\n| where isnotempty(CommandLine)\n| extend SubjectUserName = tostring(EventData.SubjectUserName)\n| extend SubjectDomainName = tostring(EventData.SubjectDomainName)\n| extend NewProcessName = tostring(EventData.NewProcessName)\n| extend FileName=tostring(split(NewProcessName, '\\\\')[-1])\n| extend ParentProcessName = tostring(EventData.ParentProcessName)\n| project TimeGenerated, Computer, Account = SubjectUserName, AccountDomain = SubjectDomainName, CommandLine, ParentProcessName\n));\nprocessEvents;\n};\nProcessCreationEvents \n| where CommandLine contains \".decode('base64')\"\n        or CommandLine contains \"base64 --decode\"\n        or CommandLine contains \".decode64(\" \n| summarize StartTimeUtc = min(TimeGenerated), EndTimeUtc = max(TimeGenerated), CountToday = count() by Computer, Account, AccountDomain, FileName, CommandLine, ParentProcessName \n| extend timestamp = StartTimeUtc, AccountCustomEntity = Account, HostCustomEntity = Computer\n",
                        "queryFrequency": "P1D",
                        "queryPeriod": "P1D",
                        "severity": "Medium",
                        "suppressionDuration": "PT1H",
                        "suppressionEnabled": false,
                        "triggerOperator": "GreaterThan",
                        "triggerThreshold": 0,
                        "tactics": [
                          "Execution",
                          "DefenseEvasion"
                        ],
                        "techniques": [
                          "T1059",
                          "T1027",
                          "T1140"
                        ],
                        "entityMappings": [
                          {
                            "entityType": "Account",
                            "fieldMappings": [
                              {
                                "columnName": "AccountCustomEntity",
                                "identifier": "FullName"
                              }
                            ]
                          },
                          {
                            "entityType": "Host",
                            "fieldMappings": [
                              {
                                "columnName": "HostCustomEntity",
                                "identifier": "FullName"
                              }
                            ]
                          }
                        ]
                      }
                    },
                    {
                      "type": "Microsoft.OperationalInsights/workspaces/providers/metadata",
                      "apiVersion": "2021-03-01-preview",
                      "properties": {
                        "description": "'Encoding malicious software is a technique used to obfuscate files from detection. \nThe first CommandLine component is looking for Python decoding base64. \nThe second CommandLine component is looking for Bash/sh command line base64 decoding.\nThe third one is looking for Ruby decoding base64.'\n",
                        "version": "1.1.1",
                        "author": {
                          "name": "Community"
                        },
                        "support": {
                          "name": "Community",
                          "link": "https://github.com/Azure/Azure-Sentinel/issues",
                          "tier": "Community"
                        },
                        "source": {
                          "kind": "Community",
                          "name": "Standalone"
                        },
                        "threatAnalysisTactics": [
                          "Execution",
                          "DefenseEvasion"
                        ],
                        "threatAnalyticsTechniques": [
                          "T1059",
                          "T1027",
                          "T1140"
                        ],
                        "contentId": "d6190dde-8fd2-456a-ac5b-0a32400b0464",
                        "parentId": "d6190dde-8fd2-456a-ac5b-0a32400b0464",
                        "kind": "AnalyticsRule",
                        "dependencies": {
                          "operator": "AND",
                          "criteria": [
                            {
                              "contentId": "SecurityEvent",
                              "kind": "DataType"
                            },
                            {
                              "contentId": "SecurityEvent",
                              "kind": "DataType"
                            },
                            {
                              "contentId": "SecurityEvents",
                              "kind": "DataType"
                            },
                            {
                              "contentId": "WindowsEvent",
                              "kind": "DataType"
                            }
                          ]
                        }
                      }
                    }
                  ]
                }
              }
            }
          ]
        },
        "author": {
          "name": "Community"
        },
        "dependencies": {
          "operator": "AND",
          "criteria": [
            {
              "contentId": "d6190dde-8fd2-456a-ac5b-0a32400b0464",
              "kind": "AnalyticsRule"
            }
          ]
        },
        "description": "'Encoding malicious software is a technique used to obfuscate files from detection. \nThe first CommandLine component is looking for Python decoding base64. \nThe second CommandLine component is looking for Bash/sh command line base64 decoding.\nThe third one is looking for Ruby decoding base64.'\n",
        "displayName": "Process executed from binary hidden in Base64 encoded file",
        "packageId": "d6190dde-8fd2-456a-ac5b-0a32400b0464",
        "source": {
          "kind": "Community",
          "name": "Standalone"
        },
        "support": {
          "name": "Community",
          "link": "https://github.com/Azure/Azure-Sentinel/issues",
          "tier": "Community"
        },
        "threatAnalysisTactics": [
          "Execution",
          "DefenseEvasion"
        ],
        "threatAnalyticsTechniques": [
          "T1059",
          "T1027",
          "T1140"
        ],
        "version": "1.1.1"
      },
      "name": "[concat(parameters('workspace'),'/Microsoft.SecurityInsights/', 'd6190dde-8fd2-456a-ac5b-0a32400b0464')]"
    }
  ]
}