{
  "$schema": "https://schema.management.azure.com/schemas/2019-04-01/deploymentTemplate.json#",
  "parameters": {
    "location": {
      "type": "string",
      "minLength": 1,
      "defaultValue": "[resourceGroup().location]",
      "metadata": {
        "description": "Not used, but needed to pass arm-ttk test `Location-Should-Not-Be-Hardcoded`.  We instead use the `workspace-location` which is derived from the LA workspace"
      }
    },
    "workspace-location": {
      "type": "string",
      "defaultValue": "",
      "metadata": {
        "description": "[concat('Region to deploy solution resources -- separate from location selection',parameters('location'))]"
      }
    },
    "workspace": {
      "defaultValue": "",
      "type": "string",
      "metadata": {
        "description": "Workspace name for Log Analytics where Microsoft Sentinel is setup"
      }
    }
  },
  "variables": {},
  "resources": [
    {
      "type": "Microsoft.OperationalInsights/workspaces/providers/packages",
      "location": "[parameters('workspace-location')]",
      "apiVersion": "2022-08-01",
      "properties": {
        "packageKind": "Standalone",
        "packageItems": {
          "resources": [
            {
              "type": "Microsoft.OperationalInsights/workspaces/providers/contentTemplates",
              "name": "[concat(parameters('workspace'),'/Microsoft.SecurityInsights/', 'd1aba9a3-5ab1-45ef-8ed4-da57dc3c0d32')]",
              "location": "[parameters('workspace-location')]",
              "apiVersion": "2022-08-01",
              "properties": {
                "contentId": "d1aba9a3-5ab1-45ef-8ed4-da57dc3c0d32",
                "displayName": "ProofpointPOD - Multiple large emails to the same recipient",
                "contentKind": "AnalyticsRule",
                "mainTemplate": {
                  "$schema": "https://schema.management.azure.com/schemas/2019-04-01/deploymentTemplate.json#",
                  "contentVersion": "1.0.1",
                  "resources": [
                    {
                      "type": "Microsoft.OperationalInsights/workspaces/providers/alertRules",
                      "apiVersion": "2022-04-01-preview",
                      "name": "[concat(parameters('workspace'),'/Microsoft.SecurityInsights/', '' )]",
                      "kind": "Scheduled",
                      "location": "[parameters('workspace-location')]",
                      "properties": {
                        "description": "Detects when multiple emails with large size where sent to the same recipient.",
                        "displayName": "ProofpointPOD - Multiple large emails to the same recipient",
                        "enabled": false,
                        "query": "let lbtime = 30m;\nlet msgthreshold = 3;\nlet msgszthreshold = 3000000;\nProofpointPOD\n| where TimeGenerated > ago(lbtime)\n| where EventType == 'message'\n| where NetworkDirection == 'outbound'\n| where NetworkBytes > msgszthreshold\n| summarize count() by SrcUserUpn, DstUserUpn\n| where count_ > msgthreshold\n| extend AccountCustomEntity = SrcUserUpn\n",
                        "queryFrequency": "PT30M",
                        "queryPeriod": "PT30M",
                        "severity": "Medium",
                        "suppressionDuration": "PT1H",
                        "suppressionEnabled": false,
                        "triggerOperator": "GreaterThan",
                        "triggerThreshold": 0,
                        "tactics": [
                          "Exfiltration"
                        ],
                        "entityMappings": [
                          {
                            "entityType": "Account",
                            "fieldMappings": [
                              {
                                "columnName": "AccountCustomEntity",
                                "identifier": "FullName"
                              }
                            ]
                          }
                        ]
                      }
                    },
                    {
                      "type": "Microsoft.OperationalInsights/workspaces/providers/metadata",
                      "apiVersion": "2021-03-01-preview",
                      "name": "[concat(parameters('workspace'),'/Microsoft.SecurityInsights/', '')]",
                      "properties": {
                        "description": "'Detects when multiple emails with large size where sent to the same recipient.'\n",
                        "contentId": "d1aba9a3-5ab1-45ef-8ed4-da57dc3c0d32",
                        "version": "1.0.1",
                        "source": {
                          "kind": "Community"
                        },
                        "threatAnalysisTactics": [
                          "Exfiltration"
                        ],
                        "threatAnalyticsTechniques": [
                          "T1567"
                        ],
                        "parentId": "d1aba9a3-5ab1-45ef-8ed4-da57dc3c0d32",
                        "kind": "AnalyticsRule",
                        "dependencies": {
                          "operator": "AND",
                          "criteria": [
                            {
                              "contentId": "ProofpointPOD_message_CL",
                              "kind": "DataType"
                            }
                          ]
                        }
                      }
                    }
                  ]
                }
              }
            }
          ]
        },
        "contentId": "d1aba9a3-5ab1-45ef-8ed4-da57dc3c0d32",
        "dependencies": {
          "operator": "AND",
          "criteria": [
            {
              "contentId": "d1aba9a3-5ab1-45ef-8ed4-da57dc3c0d32",
              "kind": "AnalyticsRule"
            }
          ]
        },
        "description": "'Detects when multiple emails with large size where sent to the same recipient.'\n",
        "displayName": "ProofpointPOD - Multiple large emails to the same recipient",
        "source": {
          "kind": "Community"
        },
        "threatAnalysisTactics": [
          "Exfiltration"
        ],
        "threatAnalyticsTechniques": [
          "T1567"
        ],
        "version": "1.0.1"
      },
      "name": "[concat(parameters('workspace'),'/Microsoft.SecurityInsights/', 'd1aba9a3-5ab1-45ef-8ed4-da57dc3c0d32')]"
    }
  ]
}