{
  "$schema": "https://schema.management.azure.com/schemas/2019-04-01/deploymentTemplate.json#",
  "parameters": {
    "location": {
      "type": "string",
      "minLength": 1,
      "defaultValue": "[resourceGroup().location]",
      "metadata": {
        "description": "Not used, but needed to pass arm-ttk test `Location-Should-Not-Be-Hardcoded`.  We instead use the `workspace-location` which is derived from the LA workspace"
      }
    },
    "workspace-location": {
      "type": "string",
      "defaultValue": "",
      "metadata": {
        "description": "[concat('Region to deploy solution resources -- separate from location selection',parameters('location'))]"
      }
    },
    "workspace": {
      "defaultValue": "",
      "type": "string",
      "metadata": {
        "description": "Workspace name for Log Analytics where Microsoft Sentinel is setup"
      }
    }
  },
  "variables": {},
  "resources": [
    {
      "type": "Microsoft.OperationalInsights/workspaces/providers/packages",
      "location": "[parameters('workspace-location')]",
      "apiVersion": "2022-08-01",
      "properties": {
        "packageKind": "Standalone",
        "packageItems": {
          "resources": [
            {
              "type": "Microsoft.OperationalInsights/workspaces/providers/contentTemplates",
              "name": "[concat(parameters('workspace'),'/Microsoft.SecurityInsights/', 'a172107d-794c-48c0-bc26-d3349fe10b4d')]",
              "location": "[parameters('workspace-location')]",
              "apiVersion": "2022-08-01",
              "properties": {
                "contentId": "a172107d-794c-48c0-bc26-d3349fe10b4d",
                "displayName": "Dev-0530 IOC - July 2022",
                "contentKind": "AnalyticsRule",
                "mainTemplate": {
                  "$schema": "https://schema.management.azure.com/schemas/2019-04-01/deploymentTemplate.json#",
                  "contentVersion": "1.0.0",
                  "resources": [
                    {
                      "type": "Microsoft.OperationalInsights/workspaces/providers/alertRules",
                      "apiVersion": "2022-04-01-preview",
                      "name": "[concat(parameters('workspace'),'/Microsoft.SecurityInsights/', '' )]",
                      "kind": "Scheduled",
                      "location": "[parameters('workspace-location')]",
                      "properties": {
                        "description": "Identifies a IOC match related to Dev-0530 actor across various data sources.",
                        "displayName": "Dev-0530 IOC - July 2022",
                        "enabled": false,
                        "query": "let iocs = externaldata(DateAdded:string,IoC:string,Type:string) [@\"https://raw.githubusercontent.com/Azure/Azure-Sentinel/master/Sample%20Data/Feeds/Dev-0530_July2022.csv\"] with (format=\"csv\", ignoreFirstRecord=True);\nlet sha256Hashes = (iocs | where Type =~ \"sha256\" | project IoC);\nlet IPList = (iocs | where Type =~ \"ip\"| project IoC);\n(union isfuzzy=true \n(DeviceProcessEvents\n| where InitiatingProcessSHA256 in (sha256Hashes) or SHA256 in (sha256Hashes) or ( InitiatingProcessCommandLine has ('cmd.exe /Q /c schtasks /create /tn lockertask /tr') \nand InitiatingProcessCommandLine has ('sc minute /mo 1 /F /ru system'))\n| project TimeGenerated, ActionType, DeviceId, DeviceName, InitiatingProcessAccountDomain, InitiatingProcessAccountName, InitiatingProcessCommandLine, InitiatingProcessFolderPath, InitiatingProcessId, InitiatingProcessParentFileName, InitiatingProcessFileName,  InitiatingProcessSHA256, Type, AccountName, SHA256\n| extend Account = AccountName, Computer = DeviceName,  CommandLine = InitiatingProcessCommandLine, FileHash = case(InitiatingProcessSHA256 in (sha256Hashes), \"InitiatingProcessSHA256\", SHA256 in (sha256Hashes), \"SHA256\", \"No Match\")\n| extend timestamp = TimeGenerated, HostCustomEntity = Computer , AccountCustomEntity = Account, ProcessCustomEntity = InitiatingProcessFileName, FileHashCustomEntity = case(FileHash == \"InitiatingProcessSHA256\", InitiatingProcessSHA256, FileHash == \"SHA256\", SHA256, \"No Match\")\n),\n( SecurityEvent\n| where EventID == 4688\n| where ( CommandLine has ('cmd.exe /Q /c schtasks /create /tn lockertask /tr') and CommandLine has ('/sc minute /mo 1 /F /ru system'))\n| project TimeGenerated, Computer, NewProcessName, ParentProcessName, Account, NewProcessId, Type, EventID, CommandLine\n| extend timestamp = TimeGenerated, HostCustomEntity = Computer , AccountCustomEntity = Account, ProcessCustomEntity = NewProcessName\n),\n( imFileEvent\n| where Hash in~ (sha256Hashes) or  ( ActingProcessCommandLine has ('cmd.exe /Q /c schtasks /create /tn lockertask /tr') and ActingProcessCommandLine has ('/sc minute /mo 1 /F /ru system'))\n| extend Account = ActorUsername, Computer = DvcHostname, IPAddress = SrcIpAddr, CommandLine = ActingProcessCommandLine, FileHash = TargetFileSHA256\n| project Type, TimeGenerated, Computer, Account, IPAddress, CommandLine, FileHash\n| extend timestamp = TimeGenerated, AccountCustomEntity = Account, HostCustomEntity = Computer, FileHashCustomEntity = FileHash\n),\n(Event\n| where Source == \"Microsoft-Windows-Sysmon\"\n| where EventID == 1\n| extend EvData = parse_xml(EventData)\n| extend EventDetail = EvData.DataItem.EventData.Data\n| extend Image = EventDetail.[4].[\"#text\"],  CommandLine = EventDetail.[10].[\"#text\"], Hashes = tostring(EventDetail.[17].[\"#text\"])\n| extend Hashes = extract_all(@\"(?P<key>\\w+)=(?P<value>[a-zA-Z0-9]+)\", dynamic([\"key\",\"value\"]), Hashes)\n| extend Hashes = column_ifexists(\"Hashes\", \"\"), CommandLine = column_ifexists(\"CommandLine\", \"\")\n| where (Hashes has_any (sha256Hashes) ) or ( CommandLine has ('cmd.exe /Q /c schtasks /create /tn lockertask /tr') and CommandLine has ('/sc minute /mo 1 /F /ru system')) \n| project TimeGenerated, EventDetail, UserName, Computer, Type, Source, Hashes, CommandLine, Image\n| extend Type = strcat(Type, \": \", Source)\n| extend timestamp = TimeGenerated, HostCustomEntity = Computer , AccountCustomEntity = UserName, ProcessCustomEntity = tostring(split(Image, '\\\\', -1)[-1]), FileHashCustomEntity = Hashes\n),\n(DeviceFileEvents\n| where SHA256 has_any (sha256Hashes)\n| project TimeGenerated, ActionType, DeviceId, DeviceName, InitiatingProcessAccountDomain, InitiatingProcessAccountName, InitiatingProcessCommandLine, InitiatingProcessFolderPath, InitiatingProcessId, InitiatingProcessParentFileName, InitiatingProcessFileName, InitiatingProcessSHA256, Type\n| extend timestamp = TimeGenerated, HostCustomEntity = DeviceName , AccountCustomEntity = InitiatingProcessAccountName, ProcessCustomEntity = InitiatingProcessFileName, AlgorithmCustomEntity = \"SHA256\", FileHashCustomEntity = InitiatingProcessSHA256,  CommandLine = InitiatingProcessCommandLine,Image = InitiatingProcessFolderPath\n),\n(EmailEvents\n| where SenderFromAddress == 'H0lyGh0st@mail2tor.com'\n| extend timestamp = TimeGenerated, IPCustomEntity = SenderIPv4, AccountCustomEntity = SenderFromAddress \n),\n(CommonSecurityLog \n| where isnotempty(SourceIP) or isnotempty(DestinationIP) \n| where SourceIP in (IPList) or DestinationIP in (IPList) or Message has_any (IPList) or FileHash in (sha256Hashes)\n| extend IPMatch = case(SourceIP in (IPList), \"SourceIP\", DestinationIP in (IPList), \"DestinationIP\", \"Message\")  \n| summarize StartTimeUtc = min(TimeGenerated), EndTimeUtc = max(TimeGenerated) by SourceIP, DestinationIP, DeviceProduct, DeviceAction, Message, Protocol, SourcePort, DestinationPort, DeviceAddress, DeviceName, IPMatch , FileHash\n| extend timestamp = StartTimeUtc, IPCustomEntity = case(IPMatch == \"SourceIP\", SourceIP, IPMatch == \"DestinationIP\", DestinationIP, \"IP in Message Field\")  \n), \n(OfficeActivity \n|extend SourceIPAddress = ClientIP, Account = UserId \n| where  SourceIPAddress in (IPList) \n| extend timestamp = TimeGenerated , IPCustomEntity = SourceIPAddress , AccountCustomEntity = Account \n),\n(SigninLogs \n| where isnotempty(IPAddress) \n| where IPAddress in (IPList) \n| extend timestamp = TimeGenerated, AccountCustomEntity = UserPrincipalName, IPCustomEntity = IPAddress \n),\n(AADNonInteractiveUserSignInLogs \n| where isnotempty(IPAddress) \n| where IPAddress in (IPList) \n| extend timestamp = TimeGenerated, AccountCustomEntity = UserPrincipalName, IPCustomEntity = IPAddress \n), \n(W3CIISLog  \n| where isnotempty(cIP) \n| where cIP in (IPList) \n| extend timestamp = TimeGenerated, IPCustomEntity = cIP, HostCustomEntity = Computer, AccountCustomEntity = csUserName \n), \n(AzureActivity  \n| where isnotempty(CallerIpAddress) \n| where CallerIpAddress in (IPList) \n| extend timestamp = TimeGenerated, IPCustomEntity = CallerIpAddress, AccountCustomEntity = Caller \n), \n( \nAWSCloudTrail \n| where isnotempty(SourceIpAddress) \n| where SourceIpAddress in (IPList) \n| extend timestamp = TimeGenerated, IPCustomEntity = SourceIpAddress, AccountCustomEntity = UserIdentityUserName \n), \n( \nDeviceNetworkEvents \n| where isnotempty(RemoteIP)  \n| where RemoteIP in (IPList)  \n| extend timestamp = TimeGenerated, IPCustomEntity = RemoteIP, HostCustomEntity = DeviceName  \n),\n(\nAzureDiagnostics\n| where ResourceType == \"AZUREFIREWALLS\"\n| where Category == \"AzureFirewallApplicationRule\"\n| parse msg_s with Protocol 'request from ' SourceHost ':' SourcePort 'to ' DestinationHost ':' DestinationPort '. Action:' Action\n| where isnotempty(DestinationHost)\n| where DestinationHost has_any (IPList)  \n| extend DestinationIP = DestinationHost \n| extend IPCustomEntity = SourceHost\n),\n(\nAzureDiagnostics\n| where ResourceType == \"AZUREFIREWALLS\"\n| where Category == \"AzureFirewallNetworkRule\"\n| parse msg_s with Protocol 'request from ' SourceHost ':' SourcePort 'to ' DestinationHost ':' DestinationPort '. Action:' Action\n| where isnotempty(DestinationHost)\n| where DestinationHost has_any (IPList)  \n| extend DestinationIP = DestinationHost \n| extend IPCustomEntity = SourceHost\n)\n)\n",
                        "queryFrequency": "PT12H",
                        "queryPeriod": "PT12H",
                        "severity": "High",
                        "suppressionDuration": "PT1H",
                        "suppressionEnabled": false,
                        "triggerOperator": "GreaterThan",
                        "triggerThreshold": 0,
                        "tactics": [
                          "Impact"
                        ],
                        "entityMappings": [
                          {
                            "entityType": "Account",
                            "fieldMappings": [
                              {
                                "columnName": "AccountCustomEntity",
                                "identifier": "FullName"
                              }
                            ]
                          },
                          {
                            "entityType": "Host",
                            "fieldMappings": [
                              {
                                "columnName": "HostCustomEntity",
                                "identifier": "FullName"
                              }
                            ]
                          },
                          {
                            "entityType": "IP",
                            "fieldMappings": [
                              {
                                "columnName": "IPCustomEntity",
                                "identifier": "Address"
                              }
                            ]
                          },
                          {
                            "entityType": "FileHash",
                            "fieldMappings": [
                              {
                                "columnName": "AlgorithmCustomEntity",
                                "identifier": "Algorithm"
                              },
                              {
                                "columnName": "FileHashCustomEntity",
                                "identifier": "Value"
                              }
                            ]
                          },
                          {
                            "entityType": "Process",
                            "fieldMappings": [
                              {
                                "columnName": "ProcessCustomEntity",
                                "identifier": "ProcessId"
                              }
                            ]
                          }
                        ]
                      }
                    },
                    {
                      "type": "Microsoft.OperationalInsights/workspaces/providers/metadata",
                      "apiVersion": "2021-03-01-preview",
                      "name": "[concat(parameters('workspace'),'/Microsoft.SecurityInsights/', '')]",
                      "properties": {
                        "description": "'Identifies a IOC match related to Dev-0530 actor across various data sources.'\n",
                        "version": "1.0.0",
                        "source": {
                          "kind": "Community"
                        },
                        "threatAnalysisTactics": [
                          "Impact"
                        ],
                        "threatAnalyticsTechniques": [
                          "T1486"
                        ],
                        "contentId": "a172107d-794c-48c0-bc26-d3349fe10b4d",
                        "parentId": "a172107d-794c-48c0-bc26-d3349fe10b4d",
                        "kind": "AnalyticsRule",
                        "dependencies": {
                          "operator": "AND",
                          "criteria": [
                            {
                              "contentId": "CommonSecurityLog",
                              "kind": "DataType"
                            },
                            {
                              "contentId": "CommonSecurityLog",
                              "kind": "DataType"
                            },
                            {
                              "contentId": "DeviceFileEvents",
                              "kind": "DataType"
                            },
                            {
                              "contentId": "DeviceProcessEvents",
                              "kind": "DataType"
                            },
                            {
                              "contentId": "DeviceNetworkEvents",
                              "kind": "DataType"
                            },
                            {
                              "contentId": "EmailEvents",
                              "kind": "DataType"
                            },
                            {
                              "contentId": "SecurityEvent",
                              "kind": "DataType"
                            },
                            {
                              "contentId": "OfficeActivity",
                              "kind": "DataType"
                            },
                            {
                              "contentId": "SigninLogs",
                              "kind": "DataType"
                            },
                            {
                              "contentId": "AADNonInteractiveUserSignInLogs",
                              "kind": "DataType"
                            },
                            {
                              "contentId": "W3CIISLog",
                              "kind": "DataType"
                            },
                            {
                              "contentId": "AzureActivity",
                              "kind": "DataType"
                            },
                            {
                              "contentId": "AWSCloudTrail",
                              "kind": "DataType"
                            },
                            {
                              "contentId": "AzureDiagnostics",
                              "kind": "DataType"
                            }
                          ]
                        }
                      }
                    }
                  ]
                }
              }
            }
          ]
        },
        "dependencies": {
          "operator": "AND",
          "criteria": [
            {
              "contentId": "a172107d-794c-48c0-bc26-d3349fe10b4d",
              "kind": "AnalyticsRule"
            }
          ]
        },
        "description": "'Identifies a IOC match related to Dev-0530 actor across various data sources.'\n",
        "displayName": "Dev-0530 IOC - July 2022",
        "packageId": "a172107d-794c-48c0-bc26-d3349fe10b4d",
        "source": {
          "kind": "Community"
        },
        "threatAnalysisTactics": [
          "Impact"
        ],
        "threatAnalyticsTechniques": [
          "T1486"
        ],
        "version": "1.0.0"
      },
      "name": "[concat(parameters('workspace'),'/Microsoft.SecurityInsights/', 'a172107d-794c-48c0-bc26-d3349fe10b4d')]"
    }
  ]
}