{
  "$schema": "https://schema.management.azure.com/schemas/2019-04-01/deploymentTemplate.json#",
  "parameters": {
    "location": {
      "type": "string",
      "minLength": 1,
      "defaultValue": "[resourceGroup().location]",
      "metadata": {
        "description": "Not used, but needed to pass arm-ttk test `Location-Should-Not-Be-Hardcoded`.  We instead use the `workspace-location` which is derived from the LA workspace"
      }
    },
    "workspace-location": {
      "type": "string",
      "defaultValue": "",
      "metadata": {
        "description": "[concat('Region to deploy solution resources -- separate from location selection',parameters('location'))]"
      }
    },
    "workspace": {
      "defaultValue": "",
      "type": "string",
      "metadata": {
        "description": "Workspace name for Log Analytics where Microsoft Sentinel is setup"
      }
    }
  },
  "variables": {},
  "resources": [
    {
      "type": "Microsoft.OperationalInsights/workspaces/providers/packages",
      "location": "[parameters('workspace-location')]",
      "apiVersion": "2022-08-01",
      "properties": {
        "packageKind": "Standalone",
        "packageItems": {
          "resources": [
            {
              "type": "Microsoft.OperationalInsights/workspaces/providers/contentTemplates",
              "name": "[concat(parameters('workspace'),'/Microsoft.SecurityInsights/', '18793540-3b93-4a7f-8e30-871291a1c6cf')]",
              "location": "[parameters('workspace-location')]",
              "kind": "shared",
              "apiVersion": "2022-08-01",
              "properties": {
                "contentId": "18793540-3b93-4a7f-8e30-871291a1c6cf",
                "displayName": "Multiple AAD Admins Removed",
                "contentKind": "HuntingQuery",
                "mainTemplate": {
                  "$schema": "https://schema.management.azure.com/schemas/2019-04-01/deploymentTemplate.json#",
                  "contentVersion": "1.0.0",
                  "resources": [
                    {
                      "type": "Microsoft.OperationalInsights/savedSearches",
                      "apiVersion": "2020-08-01",
                      "name": "18793540-3b93-4a7f-8e30-871291a1c6cf",
                      "location": "[parameters('workspace-location')]",
                      "properties": {
                        "eTag": "*",
                        "displayName": "Multiple AAD Admins Removed",
                        "category": "Hunting Queries",
                        "query": "let removedAccountsThreshold = 5;\nlet starttime = todatetime('{{StartTimeISO}}');\nlet endtime = todatetime('{{EndTimeISO}}');\nAuditLogs\n| where TimeGenerated between (starttime .. endtime)\n| where OperationName in~ (\"Remove member from role\", \"Remove eligible member from role\")\n| where Identity !has \"MS-PIM\"\n| extend roleName = trim('\"' , tostring(TargetResources[0].modifiedProperties[1].oldValue))\n| where roleName in~ (\"Company Administrator\", \"Global Administrator\") // Add more roles you found interesting here\n| where TargetResources[0].type =~ \"User\"\n| extend Actor = tostring(TargetResources[0].id), removedUserUpn = tostring(TargetResources[0].userPrincipalName)\n| summarize StartTime = min(TimeGenerated), EndTime = max(TimeGenerated), removedAccounts = dcount(removedUserUpn), removedUserUPN=make_set(removedUserUpn) by Actor\n| where removedAccounts > removedAccountsThreshold\n| extend timestamp = StartTime, AccountCustomEntity = Actor\n",
                        "version": 2,
                        "tags": [
                          {
                            "name": "description",
                            "value": "'Looks for multiple users that had their admin role removed by a single user within a certain period.\nThe default threshold is 5 removals, this can be edited in the query.'\n"
                          },
                          {
                            "name": "techniques",
                            "value": ""
                          },
                          {
                            "name": "tactics",
                            "value": "Impact"
                          }
                        ]
                      }
                    },
                    {
                      "type": "Microsoft.OperationalInsights/workspaces/providers/metadata",
                      "apiVersion": "2021-03-01-preview",
                      "name": "[concat(parameters('workspace'),'/Microsoft.SecurityInsights/',concat('huntingQuery-', '18793540-3b93-4a7f-8e30-871291a1c6cf'))]",
                      "properties": {
                        "description": "'Looks for multiple users that had their admin role removed by a single user within a certain period.\nThe default threshold is 5 removals, this can be edited in the query.'\n",
                        "version": "1.0.0",
                        "source": {
                          "kind": "Community"
                        },
                        "threatAnalysisTactics": [
                          "Impact"
                        ],
                        "threatAnalyticsTechniques": [
                          "T1531"
                        ],
                        "contentId": "18793540-3b93-4a7f-8e30-871291a1c6cf",
                        "parentId": "18793540-3b93-4a7f-8e30-871291a1c6cf",
                        "kind": "HuntingQuery",
                        "dependencies": {
                          "operator": "AND",
                          "criteria": [
                            {
                              "contentId": "AuditLogs",
                              "kind": "DataType"
                            }
                          ]
                        }
                      }
                    }
                  ]
                }
              }
            }
          ]
        },
        "dependencies": {
          "operator": "AND",
          "criteria": [
            {
              "contentId": "18793540-3b93-4a7f-8e30-871291a1c6cf",
              "kind": "HuntingQuery"
            }
          ]
        },
        "description": "'Looks for multiple users that had their admin role removed by a single user within a certain period.\nThe default threshold is 5 removals, this can be edited in the query.'\n",
        "displayName": "Multiple AAD Admins Removed",
        "packageId": "18793540-3b93-4a7f-8e30-871291a1c6cf",
        "source": {
          "kind": "Community"
        },
        "threatAnalysisTactics": [
          "Impact"
        ],
        "threatAnalyticsTechniques": [
          "T1531"
        ],
        "version": "1.0.0"
      },
      "name": "[concat(parameters('workspace'),'/Microsoft.SecurityInsights/', '18793540-3b93-4a7f-8e30-871291a1c6cf')]"
    }
  ]
}