{
  "$schema": "https://schema.management.azure.com/schemas/2019-04-01/deploymentTemplate.json#",
  "parameters": {
    "location": {
      "type": "string",
      "minLength": 1,
      "defaultValue": "[resourceGroup().location]",
      "metadata": {
        "description": "Not used, but needed to pass arm-ttk test `Location-Should-Not-Be-Hardcoded`.  We instead use the `workspace-location` which is derived from the LA workspace"
      }
    },
    "workspace-location": {
      "type": "string",
      "defaultValue": "",
      "metadata": {
        "description": "[concat('Region to deploy solution resources -- separate from location selection',parameters('location'))]"
      }
    },
    "workspace": {
      "defaultValue": "",
      "type": "string",
      "metadata": {
        "description": "Workspace name for Log Analytics where Microsoft Sentinel is setup"
      }
    }
  },
  "variables": {},
  "resources": [
    {
      "type": "Microsoft.OperationalInsights/workspaces/providers/packages",
      "location": "[parameters('workspace-location')]",
      "apiVersion": "2022-08-01",
      "properties": {
        "packageKind": "Standalone",
        "packageItems": {
          "resources": [
            {
              "type": "Microsoft.OperationalInsights/workspaces/providers/contentTemplates",
              "name": "[concat(parameters('workspace'),'/Microsoft.SecurityInsights/', '84cccc86-5c11-4b3a-aca6-7c8f738ed0f7')]",
              "location": "[parameters('workspace-location')]",
              "apiVersion": "2022-08-01",
              "properties": {
                "contentId": "84cccc86-5c11-4b3a-aca6-7c8f738ed0f7",
                "displayName": "Service Principal Assigned Privileged Role",
                "contentKind": "AnalyticsRule",
                "mainTemplate": {
                  "$schema": "https://schema.management.azure.com/schemas/2019-04-01/deploymentTemplate.json#",
                  "contentVersion": "1.0.0",
                  "resources": [
                    {
                      "type": "Microsoft.OperationalInsights/workspaces/providers/alertRules",
                      "apiVersion": "2022-04-01-preview",
                      "name": "[concat(parameters('workspace'),'/Microsoft.SecurityInsights/', '' )]",
                      "kind": "Scheduled",
                      "location": "[parameters('workspace-location')]",
                      "properties": {
                        "description": "Detects a privileged role being added to a Service Principal.\n  Ensure that any assignment to a Service Principal is valid and appropriate - Service Principals should not be assigned to very highly privileged roles such as Global Admin.\n  Ref: https://docs.microsoft.com/azure/active-directory/fundamentals/security-operations-privileged-accounts#changes-to-privileged-accounts",
                        "displayName": "Service Principal Assigned Privileged Role",
                        "enabled": false,
                        "query": "AuditLogs\n  | where OperationName has_all (\"member to role\", \"add\")\n  | where Result =~ \"Success\"\n  | extend type_ = tostring(TargetResources[0].type)\n  | where type_ =~ \"ServicePrincipal\"\n  | where isnotempty(TargetResources)\n  | extend ServicePrincipal = tostring(TargetResources[0].displayName)\n  | extend SPID = tostring(TargetResources[0].id)\n  | mv-expand TargetResources[0].modifiedProperties\n  | extend TargetResources_0_modifiedProperties = columnifexists(\"TargetResources_0_modifiedProperties\", '')\n  | where isnotempty(TargetResources_0_modifiedProperties)\n  | where TargetResources_0_modifiedProperties.displayName =~ \"Role.DisplayName\"\n  | extend TargetRole = parse_json(tostring(TargetResources_0_modifiedProperties.newValue))\n  | where TargetRole contains \"admin\"\n  | extend AddedByApp = iif(\n  isnotempty(tostring(parse_json(tostring(InitiatedBy.app)).servicePrincipalName)),\n  tostring(parse_json(tostring(InitiatedBy.app)).servicePrincipalName),\n  tostring(parse_json(tostring(InitiatedBy.app)).displayName)\n  )\n  | extend AddedByUser = tostring(parse_json(tostring(InitiatedBy.user)).userPrincipalName)\n  | extend AddedBy = iif(isnotempty(AddedByApp), AddedByApp, AddedByUser)\n  | extend IpAddress = tostring(parse_json(tostring(InitiatedBy.user)).ipAddress)\n  | project-reorder TimeGenerated, ServicePrincipal, SPID, TargetRole, AddedBy, IpAddress\n  | project-away AddedByApp, AddedByUser\n",
                        "queryFrequency": "P1D",
                        "queryPeriod": "P1D",
                        "severity": "Medium",
                        "suppressionDuration": "PT1H",
                        "suppressionEnabled": false,
                        "triggerOperator": "GreaterThan",
                        "triggerThreshold": 0,
                        "tactics": [
                          "PrivilegeEscalation"
                        ],
                        "entityMappings": [
                          {
                            "entityType": "Account",
                            "fieldMappings": [
                              {
                                "columnName": "SPID",
                                "identifier": "AadUserId"
                              }
                            ]
                          },
                          {
                            "entityType": "Account",
                            "fieldMappings": [
                              {
                                "columnName": "AddedBy",
                                "identifier": "FullName"
                              }
                            ]
                          }
                        ]
                      }
                    },
                    {
                      "type": "Microsoft.OperationalInsights/workspaces/providers/metadata",
                      "apiVersion": "2021-03-01-preview",
                      "name": "[concat(parameters('workspace'),'/Microsoft.SecurityInsights/', '')]",
                      "properties": {
                        "description": "'Detects a privileged role being added to a Service Principal.\n  Ensure that any assignment to a Service Principal is valid and appropriate - Service Principals should not be assigned to very highly privileged roles such as Global Admin.\n  Ref: https://docs.microsoft.com/azure/active-directory/fundamentals/security-operations-privileged-accounts#changes-to-privileged-accounts'\n",
                        "contentId": "84cccc86-5c11-4b3a-aca6-7c8f738ed0f7",
                        "version": "1.0.0",
                        "source": {
                          "kind": "Community"
                        },
                        "threatAnalysisTactics": [
                          "PrivilegeEscalation"
                        ],
                        "threatAnalyticsTechniques": [
                          "T1078.004"
                        ],
                        "parentId": "84cccc86-5c11-4b3a-aca6-7c8f738ed0f7",
                        "kind": "AnalyticsRule",
                        "dependencies": {
                          "operator": "AND",
                          "criteria": [
                            {
                              "contentId": "AuditLogs",
                              "kind": "DataType"
                            }
                          ]
                        }
                      }
                    }
                  ]
                }
              }
            }
          ]
        },
        "contentId": "84cccc86-5c11-4b3a-aca6-7c8f738ed0f7",
        "dependencies": {
          "operator": "AND",
          "criteria": [
            {
              "contentId": "84cccc86-5c11-4b3a-aca6-7c8f738ed0f7",
              "kind": "AnalyticsRule"
            }
          ]
        },
        "description": "'Detects a privileged role being added to a Service Principal.\n  Ensure that any assignment to a Service Principal is valid and appropriate - Service Principals should not be assigned to very highly privileged roles such as Global Admin.\n  Ref: https://docs.microsoft.com/azure/active-directory/fundamentals/security-operations-privileged-accounts#changes-to-privileged-accounts'\n",
        "displayName": "Service Principal Assigned Privileged Role",
        "source": {
          "kind": "Community"
        },
        "threatAnalysisTactics": [
          "PrivilegeEscalation"
        ],
        "threatAnalyticsTechniques": [
          "T1078.004"
        ],
        "version": "1.0.0"
      },
      "name": "[concat(parameters('workspace'),'/Microsoft.SecurityInsights/', '84cccc86-5c11-4b3a-aca6-7c8f738ed0f7')]"
    }
  ]
}