{
  "$schema": "https://schema.management.azure.com/schemas/2019-04-01/deploymentTemplate.json#",
  "parameters": {
    "location": {
      "type": "string",
      "minLength": 1,
      "defaultValue": "[resourceGroup().location]",
      "metadata": {
        "description": "Not used, but needed to pass arm-ttk test `Location-Should-Not-Be-Hardcoded`.  We instead use the `workspace-location` which is derived from the LA workspace"
      }
    },
    "workspace-location": {
      "type": "string",
      "defaultValue": "",
      "metadata": {
        "description": "[concat('Region to deploy solution resources -- separate from location selection',parameters('location'))]"
      }
    },
    "workspace": {
      "defaultValue": "",
      "type": "string",
      "metadata": {
        "description": "Workspace name for Log Analytics where Microsoft Sentinel is setup"
      }
    }
  },
  "variables": {},
  "resources": [
    {
      "type": "Microsoft.OperationalInsights/workspaces/providers/packages",
      "location": "[parameters('workspace-location')]",
      "apiVersion": "2022-08-01",
      "properties": {
        "packageKind": "Standalone",
        "packageItems": {
          "resources": [
            {
              "type": "Microsoft.OperationalInsights/workspaces/providers/contentTemplates",
              "name": "[concat(parameters('workspace'),'/Microsoft.SecurityInsights/', 'e7470b35-0128-4508-bfc9-e01cfb3c2eb7')]",
              "location": "[parameters('workspace-location')]",
              "apiVersion": "2022-08-01",
              "properties": {
                "contentId": "e7470b35-0128-4508-bfc9-e01cfb3c2eb7",
                "displayName": "Detecting Macro Invoking ShellBrowserWindow COM Objects",
                "contentKind": "AnalyticsRule",
                "mainTemplate": {
                  "$schema": "https://schema.management.azure.com/schemas/2019-04-01/deploymentTemplate.json#",
                  "contentVersion": "1.0.0",
                  "resources": [
                    {
                      "type": "Microsoft.OperationalInsights/workspaces/providers/alertRules",
                      "apiVersion": "2022-04-01-preview",
                      "name": "[concat(parameters('workspace'),'/Microsoft.SecurityInsights/', '' )]",
                      "kind": "Scheduled",
                      "location": "[parameters('workspace-location')]",
                      "properties": {
                        "description": "This query detects a macro invoking ShellBrowserWindow COM Objects evade naive parent/child Office detection rules.\nRef: https://blog.menasec.net/2019/02/threat-hunting-doc-with-macro-invoking.html",
                        "displayName": "Detecting Macro Invoking ShellBrowserWindow COM Objects",
                        "enabled": false,
                        "query": "Event\n | where EventLog == \"Microsoft-Windows-Sysmon/Operational\" and EventID==1\n | parse EventData with * 'Image\">' Image \"<\" * 'CommandLine\">' CommandLine \"<\" * 'ParentImage\">' ParentImage \"<\" *\n | where ParentImage has \"svchost.exe\" and Image has \"rundll32.exe\" and CommandLine has \"{c08afd90-f2a1-11d1-8455-00a0c91f3880}\"\n | parse EventData with * 'ProcessGuid\">' ProcessGuid \"<\" * 'Description\">' Description \"<\" * 'CurrentDirectory\">' CurrentDirectory \"<\" * 'User\">' User \"<\" * 'LogonGuid\">' LogonGuid \"<\" * 'ParentProcessGuid\">' ParentProcessGuid \"<\" * 'ParentImage\">' ParentImage \"<\" * 'ParentCommandLine\">' ParentCommandLine \"<\" * 'ParentUser\">' ParentUser \"<\" *\n | summarize StartTime = min(TimeGenerated), EndTime = max(TimeGenerated) by EventID, Computer, User, ParentImage, ParentProcessGuid, ParentCommandLine, ParentUser, Image, ProcessGuid, CommandLine, Description\n",
                        "queryFrequency": "PT1H",
                        "queryPeriod": "PT1H",
                        "severity": "Medium",
                        "suppressionDuration": "PT1H",
                        "suppressionEnabled": false,
                        "triggerOperator": "GreaterThan",
                        "triggerThreshold": 0,
                        "tactics": [
                          "LateralMovement"
                        ],
                        "entityMappings": [
                          {
                            "entityType": "Process",
                            "fieldMappings": [
                              {
                                "columnName": "CommandLine",
                                "identifier": "CommandLine"
                              }
                            ]
                          },
                          {
                            "entityType": "Host",
                            "fieldMappings": [
                              {
                                "columnName": "Computer",
                                "identifier": "FullName"
                              }
                            ]
                          },
                          {
                            "entityType": "Account",
                            "fieldMappings": [
                              {
                                "columnName": "User",
                                "identifier": "FullName"
                              }
                            ]
                          }
                        ]
                      }
                    },
                    {
                      "type": "Microsoft.OperationalInsights/workspaces/providers/metadata",
                      "apiVersion": "2021-03-01-preview",
                      "name": "[concat(parameters('workspace'),'/Microsoft.SecurityInsights/', '')]",
                      "properties": {
                        "description": "'This query detects a macro invoking ShellBrowserWindow COM Objects evade naive parent/child Office detection rules.\nRef: https://blog.menasec.net/2019/02/threat-hunting-doc-with-macro-invoking.html'\n",
                        "contentId": "e7470b35-0128-4508-bfc9-e01cfb3c2eb7",
                        "version": "1.0.0",
                        "source": {
                          "kind": "Community"
                        },
                        "threatAnalysisTactics": [
                          "LateralMovement"
                        ],
                        "threatAnalyticsTechniques": [
                          "T1021.003"
                        ],
                        "parentId": "e7470b35-0128-4508-bfc9-e01cfb3c2eb7",
                        "kind": "AnalyticsRule",
                        "dependencies": {
                          "operator": "AND",
                          "criteria": [
                            {
                              "contentId": "SecurityEvent",
                              "kind": "DataType"
                            }
                          ]
                        }
                      }
                    }
                  ]
                }
              }
            }
          ]
        },
        "contentId": "e7470b35-0128-4508-bfc9-e01cfb3c2eb7",
        "dependencies": {
          "operator": "AND",
          "criteria": [
            {
              "contentId": "e7470b35-0128-4508-bfc9-e01cfb3c2eb7",
              "kind": "AnalyticsRule"
            }
          ]
        },
        "description": "'This query detects a macro invoking ShellBrowserWindow COM Objects evade naive parent/child Office detection rules.\nRef: https://blog.menasec.net/2019/02/threat-hunting-doc-with-macro-invoking.html'\n",
        "displayName": "Detecting Macro Invoking ShellBrowserWindow COM Objects",
        "source": {
          "kind": "Community"
        },
        "threatAnalysisTactics": [
          "LateralMovement"
        ],
        "threatAnalyticsTechniques": [
          "T1021.003"
        ],
        "version": "1.0.0"
      },
      "name": "[concat(parameters('workspace'),'/Microsoft.SecurityInsights/', 'e7470b35-0128-4508-bfc9-e01cfb3c2eb7')]"
    }
  ]
}