{
  "$schema": "https://schema.management.azure.com/schemas/2019-04-01/deploymentTemplate.json#",
  "parameters": {
    "location": {
      "type": "string",
      "minLength": 1,
      "defaultValue": "[resourceGroup().location]",
      "metadata": {
        "description": "Not used, but needed to pass arm-ttk test `Location-Should-Not-Be-Hardcoded`.  We instead use the `workspace-location` which is derived from the LA workspace"
      }
    },
    "workspace-location": {
      "type": "string",
      "defaultValue": "",
      "metadata": {
        "description": "[concat('Region to deploy solution resources -- separate from location selection',parameters('location'))]"
      }
    },
    "workspace": {
      "defaultValue": "",
      "type": "string",
      "metadata": {
        "description": "Workspace name for Log Analytics where Microsoft Sentinel is setup"
      }
    }
  },
  "variables": {},
  "resources": [
    {
      "type": "Microsoft.OperationalInsights/workspaces/providers/packages",
      "location": "[parameters('workspace-location')]",
      "apiVersion": "2022-08-01",
      "properties": {
        "packageKind": "Standalone",
        "packageItems": {
          "resources": [
            {
              "type": "Microsoft.OperationalInsights/workspaces/providers/contentTemplates",
              "name": "[concat(parameters('workspace'),'/Microsoft.SecurityInsights/', '09c49590-4e9d-4da9-a34d-17222d0c9e7e')]",
              "location": "[parameters('workspace-location')]",
              "apiVersion": "2022-08-01",
              "properties": {
                "contentId": "09c49590-4e9d-4da9-a34d-17222d0c9e7e",
                "displayName": "A client made a web request to a potentially harmful file (ASIM Web Session schema)",
                "contentKind": "AnalyticsRule",
                "mainTemplate": {
                  "$schema": "https://schema.management.azure.com/schemas/2019-04-01/deploymentTemplate.json#",
                  "contentVersion": "1.1.0",
                  "resources": [
                    {
                      "type": "Microsoft.OperationalInsights/workspaces/providers/alertRules",
                      "apiVersion": "2022-04-01-preview",
                      "name": "[concat(parameters('workspace'),'/Microsoft.SecurityInsights/', '' )]",
                      "kind": "Scheduled",
                      "location": "[parameters('workspace-location')]",
                      "properties": {
                        "description": "This rule identifies a web request to a URL that holds a file type, including .ps1, .bat, .vbs, and .scr that can be harmful if downloaded. This rule uses the [Advanced Security Information Model (ASIM)](https://aka.ms/AboutASIM) and supports any web session source that complies with ASIM. To use this Analytics Rule, deploy the Advanced Security Information Model (ASIM).\n This analytic rule uses [ASIM](https://aka.ms/AboutASIM) and supports any built-in or custom source that supports the ASIM WebSession schema (ASIM WebSession Schema)",
                        "displayName": "A client made a web request to a potentially harmful file (ASIM Web Session schema)",
                        "enabled": false,
                        "query": "let default_file_ext_blocklist = dynamic(['.ps1', '.vbs', '.bat', '.scr']);\nlet custom_file_ext_blocklist=toscalar(_GetWatchlist('RiskyFileTypes') | extend Extension=column_ifexists(\"Extension\",\"\") | where isnotempty(Extension) | summarize make_set(Extension));\nlet file_ext_blocklist = array_concat(default_file_ext_blocklist, custom_file_ext_blocklist);\n_Im_WebSession(url_has_any=file_ext_blocklist, eventresult='Success')\n| extend requestedFileName=tostring(split(tostring(parse_url(Url)[\"Path\"]),'/')[-1])\n| extend requestedFileExt=extract(@(\\.\\w+)$,1,requestedFileName, typeof(string))\n| where requestedFileExtension in (file_ext_blocklist)\n| summarize LastAttemptTime=max(TimeGenerated), NumFailedAttempts=count() by SrcIpAddr, requestedFileName, Url\n| extend IPCustomEntity = SrcIpAddr, UrlCustomEntity=Url\n",
                        "queryFrequency": "PT10M",
                        "queryPeriod": "PT10M",
                        "severity": "Medium",
                        "suppressionDuration": "PT1H",
                        "suppressionEnabled": false,
                        "triggerOperator": "GreaterThan",
                        "triggerThreshold": 0,
                        "tactics": [
                          "InitialAccess"
                        ],
                        "entityMappings": [
                          {
                            "entityType": "IP",
                            "fieldMappings": [
                              {
                                "columnName": "IPCustomEntity",
                                "identifier": "Address"
                              }
                            ]
                          },
                          {
                            "entityType": "URL",
                            "fieldMappings": [
                              {
                                "columnName": "UrlCustomEntity",
                                "identifier": "Url"
                              }
                            ]
                          }
                        ],
                        "eventGroupingSettings": {
                          "aggregationKind": "AlertPerResult"
                        },
                        "customDetails": {
                          "requestedFileExt": "requestedFileExt",
                          "Username": "SrcUsername",
                          "requestedFileName": "requestedFileName"
                        },
                        "alertDetailsOverride": {
                          "alertDisplayNameFormat": "Client {{SrcIpAddr}} accessed a URL with potentially harmful extension {{requestedFileExt}}",
                          "alertDescriptionFormat": "The client at address {{SrcIpAddr}} accessed the URL {{Url}} that has the extension {{requestedFileExt}}. Downloading a file with this extension may be harmful and may indicate malicious activity."
                        }
                      }
                    },
                    {
                      "type": "Microsoft.OperationalInsights/workspaces/providers/metadata",
                      "apiVersion": "2021-03-01-preview",
                      "name": "[concat(parameters('workspace'),'/Microsoft.SecurityInsights/', '')]",
                      "properties": {
                        "description": "'This rule identifies a web request to a URL that holds a file type, including .ps1, .bat, .vbs, and .scr that can be harmful if downloaded. This rule uses the [Advanced Security Information Model (ASIM)](https://aka.ms/AboutASIM) and supports any web session source that complies with ASIM. To use this Analytics Rule, deploy the Advanced Security Information Model (ASIM).\n This analytic rule uses [ASIM](https://aka.ms/AboutASIM) and supports any built-in or custom source that supports the ASIM WebSession schema (ASIM WebSession Schema)'\n",
                        "contentId": "09c49590-4e9d-4da9-a34d-17222d0c9e7e",
                        "version": "1.1.0",
                        "source": {
                          "kind": "Community"
                        },
                        "threatAnalysisTactics": [
                          "InitialAccess"
                        ],
                        "parentId": "09c49590-4e9d-4da9-a34d-17222d0c9e7e",
                        "kind": "AnalyticsRule",
                        "dependencies": {
                          "operator": "AND",
                          "criteria": [
                            {
                              "contentId": "SquidProxy_CL",
                              "kind": "DataType"
                            },
                            {
                              "contentId": "CommonSecurityLog",
                              "kind": "DataType"
                            }
                          ]
                        }
                      }
                    }
                  ]
                }
              }
            }
          ]
        },
        "contentId": "09c49590-4e9d-4da9-a34d-17222d0c9e7e",
        "dependencies": {
          "operator": "AND",
          "criteria": [
            {
              "contentId": "09c49590-4e9d-4da9-a34d-17222d0c9e7e",
              "kind": "AnalyticsRule"
            }
          ]
        },
        "description": "'This rule identifies a web request to a URL that holds a file type, including .ps1, .bat, .vbs, and .scr that can be harmful if downloaded. This rule uses the [Advanced Security Information Model (ASIM)](https://aka.ms/AboutASIM) and supports any web session source that complies with ASIM. To use this Analytics Rule, deploy the Advanced Security Information Model (ASIM).\n This analytic rule uses [ASIM](https://aka.ms/AboutASIM) and supports any built-in or custom source that supports the ASIM WebSession schema (ASIM WebSession Schema)'\n",
        "displayName": "A client made a web request to a potentially harmful file (ASIM Web Session schema)",
        "source": {
          "kind": "Community"
        },
        "threatAnalysisTactics": [
          "InitialAccess"
        ],
        "version": "1.1.0"
      },
      "name": "[concat(parameters('workspace'),'/Microsoft.SecurityInsights/', '09c49590-4e9d-4da9-a34d-17222d0c9e7e')]"
    }
  ]
}