{
  "$schema": "https://schema.management.azure.com/schemas/2019-04-01/deploymentTemplate.json#",
  "contentVersion": "1.0.0.0",
  "parameters": {
    "location": {
      "type": "string",
      "minLength": 1,
      "defaultValue": "[resourceGroup().location]",
      "metadata": {
        "description": "Not used, but needed to pass arm-ttk test `Location-Should-Not-Be-Hardcoded`.  We instead use the `workspace-location` which is derived from the LA workspace"
      }
    },
    "workspace-location": {
      "type": "string",
      "defaultValue": "",
      "metadata": {
        "description": "[concat('Region to deploy solution resources -- separate from location selection',parameters('location'))]"
      }
    },
    "workspace": {
      "defaultValue": "",
      "type": "string",
      "metadata": {
        "description": "Workspace name for Log Analytics where Microsoft Sentinel is setup"
      }
    }
  },
  "variables": {},
  "resources": [
    {
      "type": "Microsoft.OperationalInsights/workspaces/providers/packages",
      "location": "[parameters('workspace-location')]",
      "apiVersion": "2022-08-01",
      "properties": {
        "packageKind": "Standalone",
        "packageItems": {
          "resources": [
            {
              "type": "Microsoft.OperationalInsights/workspaces/providers/contentTemplates",
              "name": "[concat(parameters('workspace'),'/Microsoft.SecurityInsights/', '62085097-d113-459f-9ea7-30216f2ee6af')]",
              "location": "[parameters('workspace-location')]",
              "apiVersion": "2022-08-01",
              "properties": {
                "contentId": "62085097-d113-459f-9ea7-30216f2ee6af",
                "displayName": "AD user enabled and password not set within 48 hours",
                "contentKind": "AnalyticsRule",
                "mainTemplate": {
                  "$schema": "https://schema.management.azure.com/schemas/2019-04-01/deploymentTemplate.json#",
                  "contentVersion": "1.0.0",
                  "resources": [
                    {
                      "type": "Microsoft.OperationalInsights/workspaces/providers/alertRules",
                      "apiVersion": "2022-04-01-preview",
                      "name": "62085097-d113-459f-9ea7-30216f2ee6af",
                      "kind": "Scheduled",
                      "location": "[parameters('workspace-location')]",
                      "properties": {
                        "description": "Identifies when an account is enabled with a default password and the password is not set by the user within 48 hours.\nEffectively, there is an event 4722 indicating an account was enabled and within 48 hours, no event 4723 occurs which \nindicates there was no attempt by the user to set the password. This will show any attempts (success or fail) that occur \nafter 48 hours, which can indicate too long of a time period in setting the password to something that only the user knows.\nIt is recommended that this time period is adjusted per your internal company policy.",
                        "displayName": "AD user enabled and password not set within 48 hours",
                        "enabled": false,
                        "query": "\nlet starttime = 3d;\nlet SecEvents = materialize ( SecurityEvent | where TimeGenerated >= ago(starttime)\n| where EventID in (4722,4723) | where TargetUserName !endswith \"$\"\n| project TimeGenerated, EventID, Activity, Computer, TargetAccount, TargetSid, SubjectAccount, SubjectUserSid);\nlet userEnable = SecEvents\n| extend EventID4722Time = TimeGenerated\n// 4722: User Account Enabled\n| where EventID == 4722\n| project Time_Event4722 = TimeGenerated, TargetAccount, TargetSid, SubjectAccount_Event4722 = SubjectAccount, SubjectUserSid_Event4722 = SubjectUserSid, Activity_4722 = Activity, Computer_4722 = Computer;\nlet userPwdSet = SecEvents\n// 4723: Attempt made by user to set password\n| where EventID == 4723\n| project Time_Event4723 = TimeGenerated, TargetAccount, TargetSid, SubjectAccount_Event4723 = SubjectAccount, SubjectUserSid_Event4723 = SubjectUserSid, Activity_4723 = Activity, Computer_4723 = Computer;\nuserEnable | join kind=leftouter userPwdSet on TargetAccount, TargetSid\n| extend PasswordSetAttemptDelta_Min = datetime_diff('minute', Time_Event4723, Time_Event4722)\n| where PasswordSetAttemptDelta_Min > 2880 or isempty(PasswordSetAttemptDelta_Min)\n| project-away TargetAccount1, TargetSid1\n| extend Reason = @\"User either has not yet attempted to set the initial password after account was enabled or it occurred after 48 hours\"\n| order by Time_Event4722 asc \n| extend timestamp = Time_Event4722, AccountCustomEntity = TargetAccount, HostCustomEntity = Computer_4722\n| project-reorder Time_Event4722, Time_Event4723, PasswordSetAttemptDelta_Min, TargetAccount, TargetSid\n",
                        "queryFrequency": "P1D",
                        "queryPeriod": "P3D",
                        "severity": "Low",
                        "suppressionDuration": "PT1H",
                        "suppressionEnabled": false,
                        "triggerOperator": "GreaterThan",
                        "triggerThreshold": 0,
                        "tactics": [
                          "Persistence"
                        ],
                        "techniques": [
                          "T1098"
                        ],
                        "entityMappings": [
                          {
                            "entityType": "Account",
                            "fieldMappings": [
                              {
                                "columnName": "AccountCustomEntity",
                                "identifier": "FullName"
                              },
                              {
                                "columnName": "TargetSid",
                                "identifier": "Sid"
                              }
                            ]
                          },
                          {
                            "entityType": "Host",
                            "fieldMappings": [
                              {
                                "columnName": "HostCustomEntity",
                                "identifier": "FullName"
                              }
                            ]
                          }
                        ]
                      }
                    },
                    {
                      "type": "Microsoft.OperationalInsights/workspaces/providers/metadata",
                      "apiVersion": "2021-03-01-preview",
                      "properties": {
                        "description": "'Identifies when an account is enabled with a default password and the password is not set by the user within 48 hours.\nEffectively, there is an event 4722 indicating an account was enabled and within 48 hours, no event 4723 occurs which \nindicates there was no attempt by the user to set the password. This will show any attempts (success or fail) that occur \nafter 48 hours, which can indicate too long of a time period in setting the password to something that only the user knows.\nIt is recommended that this time period is adjusted per your internal company policy.'\n",
                        "version": "1.0.0",
                        "author": {
                          "name": "Community"
                        },
                        "support": {
                          "name": "Community",
                          "link": "https://github.com/Azure/Azure-Sentinel/issues",
                          "tier": "Community"
                        },
                        "source": {
                          "kind": "Community",
                          "name": "Standalone"
                        },
                        "threatAnalysisTactics": [
                          "Persistence"
                        ],
                        "threatAnalyticsTechniques": [
                          "T1098"
                        ],
                        "contentId": "62085097-d113-459f-9ea7-30216f2ee6af",
                        "parentId": "62085097-d113-459f-9ea7-30216f2ee6af",
                        "kind": "AnalyticsRule",
                        "dependencies": {
                          "operator": "AND",
                          "criteria": [
                            {
                              "contentId": "SecurityEvent",
                              "kind": "DataType"
                            },
                            {
                              "contentId": "SecurityEvent",
                              "kind": "DataType"
                            }
                          ]
                        }
                      }
                    }
                  ]
                }
              }
            }
          ]
        },
        "author": {
          "name": "Community"
        },
        "dependencies": {
          "operator": "AND",
          "criteria": [
            {
              "contentId": "62085097-d113-459f-9ea7-30216f2ee6af",
              "kind": "AnalyticsRule"
            }
          ]
        },
        "description": "'Identifies when an account is enabled with a default password and the password is not set by the user within 48 hours.\nEffectively, there is an event 4722 indicating an account was enabled and within 48 hours, no event 4723 occurs which \nindicates there was no attempt by the user to set the password. This will show any attempts (success or fail) that occur \nafter 48 hours, which can indicate too long of a time period in setting the password to something that only the user knows.\nIt is recommended that this time period is adjusted per your internal company policy.'\n",
        "displayName": "AD user enabled and password not set within 48 hours",
        "packageId": "62085097-d113-459f-9ea7-30216f2ee6af",
        "source": {
          "kind": "Community",
          "name": "Standalone"
        },
        "support": {
          "name": "Community",
          "link": "https://github.com/Azure/Azure-Sentinel/issues",
          "tier": "Community"
        },
        "threatAnalysisTactics": [
          "Persistence"
        ],
        "threatAnalyticsTechniques": [
          "T1098"
        ],
        "version": "1.0.0"
      },
      "name": "[concat(parameters('workspace'),'/Microsoft.SecurityInsights/', '62085097-d113-459f-9ea7-30216f2ee6af')]"
    }
  ]
}