{
  "$schema": "https://schema.management.azure.com/schemas/2019-04-01/deploymentTemplate.json#",
  "contentVersion": "1.0.0.0",
  "parameters": {
    "location": {
      "type": "string",
      "minLength": 1,
      "defaultValue": "[resourceGroup().location]",
      "metadata": {
        "description": "Not used, but needed to pass arm-ttk test `Location-Should-Not-Be-Hardcoded`.  We instead use the `workspace-location` which is derived from the LA workspace"
      }
    },
    "workspace-location": {
      "type": "string",
      "defaultValue": "",
      "metadata": {
        "description": "[concat('Region to deploy solution resources -- separate from location selection',parameters('location'))]"
      }
    },
    "workspace": {
      "defaultValue": "",
      "type": "string",
      "metadata": {
        "description": "Workspace name for Log Analytics where Microsoft Sentinel is setup"
      }
    }
  },
  "variables": {},
  "resources": [
    {
      "type": "Microsoft.OperationalInsights/workspaces/providers/packages",
      "location": "[parameters('workspace-location')]",
      "apiVersion": "2022-08-01",
      "properties": {
        "packageKind": "Standalone",
        "packageItems": {
          "resources": [
            {
              "type": "Microsoft.OperationalInsights/workspaces/providers/contentTemplates",
              "name": "[concat(parameters('workspace'),'/Microsoft.SecurityInsights/', '233441b9-cc92-4c9b-87fa-73b855fcd4b8')]",
              "location": "[parameters('workspace-location')]",
              "kind": "shared",
              "apiVersion": "2022-08-01",
              "properties": {
                "contentId": "233441b9-cc92-4c9b-87fa-73b855fcd4b8",
                "displayName": "Preview - TI map File entity to Security Event",
                "contentKind": "HuntingQuery",
                "mainTemplate": {
                  "$schema": "https://schema.management.azure.com/schemas/2019-04-01/deploymentTemplate.json#",
                  "contentVersion": "1.0.0",
                  "resources": [
                    {
                      "type": "Microsoft.OperationalInsights/savedSearches",
                      "apiVersion": "2020-08-01",
                      "name": "233441b9-cc92-4c9b-87fa-73b855fcd4b8",
                      "location": "[parameters('workspace-location')]",
                      "properties": {
                        "eTag": "*",
                        "displayName": "Preview - TI map File entity to Security Event",
                        "category": "Hunting Queries",
                        "query": "\nlet starttime = todatetime('{{StartTimeISO}}');\nlet endtime = todatetime('{{EndTimeISO}}');\nlet ioc_lookBack = 14d;\nThreatIntelligenceIndicator\n| where TimeGenerated >= ago(ioc_lookBack) and ExpirationDateTime > now()\n| where Active == true\n| where isnotempty(FileName)\n// using innerunique to keep perf fast and result set low, we only need one match to indicate potential malicious activity that needs to be investigated\n| join kind=innerunique (\n  SecurityEvent \n  | where TimeGenerated between(starttime..endtime)\n  | where EventID in (\"4688\",\"8002\",\"4648\",\"4673\")\n  | where isnotempty(Process)\n  | extend SecurityEvent_TimeGenerated = TimeGenerated, Event = EventID\n)\non $left.FileName == $right.Process\n| where SecurityEvent_TimeGenerated < ExpirationDateTime\n| summarize SecurityEvent_TimeGenerated = arg_max(SecurityEvent_TimeGenerated, *) by IndicatorId, Process\n| project SecurityEvent_TimeGenerated, Description, ActivityGroupNames, IndicatorId, ThreatType, Url, ExpirationDateTime, ConfidenceScore,\nFileName, Computer, IpAddress, Account, Event, Activity\n| extend timestamp = SecurityEvent_TimeGenerated, AccountCustomEntity = Account, HostCustomEntity = Computer, IPCustomEntity = IpAddress, URLCustomEntity = Url\n",
                        "version": 2,
                        "tags": [
                          {
                            "name": "description",
                            "value": "'Identifies a match in Security Event data from any FileName IOC from TI.\nAs File name matches can create noise, this is best as hunting query'\n"
                          },
                          {
                            "name": "tactics",
                            "value": "Impact"
                          }
                        ]
                      }
                    },
                    {
                      "type": "Microsoft.OperationalInsights/workspaces/providers/metadata",
                      "apiVersion": "2021-03-01-preview",
                      "name": "[concat(parameters('workspace'),'/Microsoft.SecurityInsights/',concat('huntingQuery-', '233441b9-cc92-4c9b-87fa-73b855fcd4b8'))]",
                      "properties": {
                        "description": "'Identifies a match in Security Event data from any FileName IOC from TI.\nAs File name matches can create noise, this is best as hunting query'\n",
                        "version": "1.0.0",
                        "author": {
                          "name": "Community"
                        },
                        "support": {
                          "name": "Community",
                          "link": "https://github.com/Azure/Azure-Sentinel/issues",
                          "tier": "Community"
                        },
                        "source": {
                          "kind": "Community",
                          "name": "Standalone"
                        },
                        "threatAnalysisTactics": [
                          "Impact"
                        ],
                        "contentId": "233441b9-cc92-4c9b-87fa-73b855fcd4b8",
                        "parentId": "233441b9-cc92-4c9b-87fa-73b855fcd4b8",
                        "kind": "HuntingQuery",
                        "dependencies": {
                          "operator": "AND",
                          "criteria": [
                            {
                              "contentId": "SecurityEvent",
                              "kind": "DataType"
                            },
                            {
                              "contentId": "ThreatIntelligenceIndicator",
                              "kind": "DataType"
                            },
                            {
                              "contentId": "ThreatIntelligenceIndicator",
                              "kind": "DataType"
                            }
                          ]
                        }
                      }
                    }
                  ]
                }
              }
            }
          ]
        },
        "author": {
          "name": "Community"
        },
        "dependencies": {
          "operator": "AND",
          "criteria": [
            {
              "contentId": "233441b9-cc92-4c9b-87fa-73b855fcd4b8",
              "kind": "HuntingQuery"
            }
          ]
        },
        "description": "'Identifies a match in Security Event data from any FileName IOC from TI.\nAs File name matches can create noise, this is best as hunting query'\n",
        "displayName": "Preview - TI map File entity to Security Event",
        "packageId": "233441b9-cc92-4c9b-87fa-73b855fcd4b8",
        "source": {
          "kind": "Community",
          "name": "Standalone"
        },
        "support": {
          "name": "Community",
          "link": "https://github.com/Azure/Azure-Sentinel/issues",
          "tier": "Community"
        },
        "threatAnalysisTactics": [
          "Impact"
        ],
        "version": "1.0.0"
      },
      "name": "233441b9-cc92-4c9b-87fa-73b855fcd4b8"
    }
  ]
}