{
  "$schema": "https://schema.management.azure.com/schemas/2019-04-01/deploymentTemplate.json#",
  "contentVersion": "1.0.0.0",
  "parameters": {
    "location": {
      "type": "string",
      "minLength": 1,
      "defaultValue": "[resourceGroup().location]",
      "metadata": {
        "description": "Not used, but needed to pass arm-ttk test `Location-Should-Not-Be-Hardcoded`.  We instead use the `workspace-location` which is derived from the LA workspace"
      }
    },
    "workspace-location": {
      "type": "string",
      "defaultValue": "",
      "metadata": {
        "description": "[concat('Region to deploy solution resources -- separate from location selection',parameters('location'))]"
      }
    },
    "workspace": {
      "defaultValue": "",
      "type": "string",
      "metadata": {
        "description": "Workspace name for Log Analytics where Microsoft Sentinel is setup"
      }
    }
  },
  "variables": {},
  "resources": [
    {
      "type": "Microsoft.OperationalInsights/workspaces/providers/packages",
      "location": "[parameters('workspace-location')]",
      "apiVersion": "2022-08-01",
      "properties": {
        "packageKind": "Standalone",
        "packageItems": {
          "resources": [
            {
              "type": "Microsoft.OperationalInsights/workspaces/providers/contentTemplates",
              "name": "[concat(parameters('workspace'),'/Microsoft.SecurityInsights/', '1572e66b-20a7-4012-9ec4-77ec4b101bc8')]",
              "location": "[parameters('workspace-location')]",
              "apiVersion": "2022-08-01",
              "properties": {
                "contentId": "1572e66b-20a7-4012-9ec4-77ec4b101bc8",
                "displayName": "Potential Kerberoasting",
                "contentKind": "AnalyticsRule",
                "mainTemplate": {
                  "$schema": "https://schema.management.azure.com/schemas/2019-04-01/deploymentTemplate.json#",
                  "contentVersion": "1.1.1",
                  "resources": [
                    {
                      "type": "Microsoft.OperationalInsights/workspaces/providers/alertRules",
                      "apiVersion": "2022-04-01-preview",
                      "name": "1572e66b-20a7-4012-9ec4-77ec4b101bc8",
                      "kind": "Scheduled",
                      "location": "[parameters('workspace-location')]",
                      "properties": {
                        "description": "A service principal name (SPN) is used to uniquely identify a service instance in a Windows environment. \nEach SPN is usually associated with a service account. Organizations may have used service accounts with weak passwords in their environment. \nAn attacker can try requesting Kerberos ticket-granting service (TGS) service tickets for any SPN from a domain controller (DC) which contains \na hash of the Service account. This can then be used for offline cracking. This hunting query looks for accounts that are generating excessive \nrequests to different resources within the last hour compared with the previous 24 hours.  Normal users would not make an unusually large number \nof request within a small time window. This is based on 4769 events which can be very noisy so environment based tweaking might be needed.",
                        "displayName": "Potential Kerberoasting",
                        "enabled": false,
                        "query": "\nlet starttime = 1d;\nlet endtime = 1h;\nlet prev23hThreshold = 4;\nlet prev1hThreshold = 15;\nlet Kerbevent = (union isfuzzy=true\n(SecurityEvent\n| where TimeGenerated >= ago(starttime)\n| where EventID == 4769\n| parse EventData with * 'TicketEncryptionType\">' TicketEncryptionType \"<\" *\n| where TicketEncryptionType == '0x17'\n| parse EventData with * 'TicketOptions\">' TicketOptions \"<\" *\n| where TicketOptions == '0x40810000'\n| parse EventData with * 'Status\">' Status \"<\" *\n| where Status == '0x0'\n| parse EventData with * 'ServiceName\">' ServiceName \"<\" *\n| where ServiceName !contains \"$\" and ServiceName !contains \"krbtgt\" \n| parse EventData with * 'TargetUserName\">' TargetUserName \"<\" *\n| where TargetUserName !contains \"$@\" and TargetUserName !contains ServiceName\n| parse EventData with * 'IpAddress\">::ffff:' ClientIPAddress \"<\" *\n),\n(\nWindowsEvent\n| where TimeGenerated >= ago(starttime)\n| where EventID == 4769 and EventData has '0x17' and EventData has '0x40810000' and EventData has 'krbtgt'\n| extend TicketEncryptionType = tostring(EventData.TicketEncryptionType)\n| where TicketEncryptionType == '0x17'\n| extend TicketOptions = tostring(EventData.TicketOptions)\n| where TicketOptions == '0x40810000'\n| extend Status = tostring(EventData.Status)\n| where Status == '0x0'\n| extend ServiceName = tostring(EventData.ServiceName)\n| where ServiceName !contains \"$\" and ServiceName !contains \"krbtgt\"\n| extend TargetUserName = tostring(EventData.TargetUserName) \n| where TargetUserName !contains \"$@\" and TargetUserName !contains ServiceName\n| extend ClientIPAddress = tostring(EventData.IpAddress) \n));\nlet Kerbevent23h = Kerbevent\n| where TimeGenerated >= ago(starttime) and TimeGenerated < ago(endtime)\n| summarize ServiceNameCountPrev23h = dcount(ServiceName), ServiceNameSet23h = makeset(ServiceName) \nby Computer, TargetUserName,TargetDomainName, ClientIPAddress, TicketOptions, TicketEncryptionType, Status\n| where ServiceNameCountPrev23h < prev23hThreshold;\nlet Kerbevent1h = \nKerbevent\n| where TimeGenerated >= ago(endtime)\n| summarize min(TimeGenerated), max(TimeGenerated), ServiceNameCountPrev1h = dcount(ServiceName), ServiceNameSet1h = makeset(ServiceName) \nby Computer, TargetUserName,TargetDomainName, ClientIPAddress, TicketOptions, TicketEncryptionType, Status;\nKerbevent1h \n| join kind=leftanti\n(\nKerbevent23h\n) on TargetUserName, TargetDomainName\n// Threshold value set above is based on testing, this value may need to be changed for your environment.\n| where ServiceNameCountPrev1h > prev1hThreshold\n| project StartTimeUtc = min_TimeGenerated, EndTimeUtc = max_TimeGenerated, TargetUserName, Computer, ClientIPAddress, TicketOptions, \nTicketEncryptionType, Status, ServiceNameCountPrev1h, ServiceNameSet1h, TargetDomainName\n| extend timestamp = StartTimeUtc, AccountCustomEntity = strcat(TargetDomainName,\"\\\\\", TargetUserName), HostCustomEntity = Computer, IPCustomEntity = ClientIPAddress\n",
                        "queryFrequency": "PT1H",
                        "queryPeriod": "P1D",
                        "severity": "Medium",
                        "suppressionDuration": "PT1H",
                        "suppressionEnabled": false,
                        "triggerOperator": "GreaterThan",
                        "triggerThreshold": 0,
                        "tactics": [
                          "CredentialAccess"
                        ],
                        "techniques": [
                          "T1558"
                        ],
                        "entityMappings": [
                          {
                            "entityType": "Account",
                            "fieldMappings": [
                              {
                                "columnName": "AccountCustomEntity",
                                "identifier": "FullName"
                              }
                            ]
                          },
                          {
                            "entityType": "Host",
                            "fieldMappings": [
                              {
                                "columnName": "HostCustomEntity",
                                "identifier": "FullName"
                              }
                            ]
                          },
                          {
                            "entityType": "IP",
                            "fieldMappings": [
                              {
                                "columnName": "IPCustomEntity",
                                "identifier": "Address"
                              }
                            ]
                          }
                        ]
                      }
                    },
                    {
                      "type": "Microsoft.OperationalInsights/workspaces/providers/metadata",
                      "apiVersion": "2021-03-01-preview",
                      "properties": {
                        "description": "'A service principal name (SPN) is used to uniquely identify a service instance in a Windows environment. \nEach SPN is usually associated with a service account. Organizations may have used service accounts with weak passwords in their environment. \nAn attacker can try requesting Kerberos ticket-granting service (TGS) service tickets for any SPN from a domain controller (DC) which contains \na hash of the Service account. This can then be used for offline cracking. This hunting query looks for accounts that are generating excessive \nrequests to different resources within the last hour compared with the previous 24 hours.  Normal users would not make an unusually large number \nof request within a small time window. This is based on 4769 events which can be very noisy so environment based tweaking might be needed.'\n",
                        "version": "1.1.1",
                        "author": {
                          "name": "Community"
                        },
                        "support": {
                          "name": "Community",
                          "link": "https://github.com/Azure/Azure-Sentinel/issues",
                          "tier": "Community"
                        },
                        "source": {
                          "kind": "Community",
                          "name": "Standalone"
                        },
                        "threatAnalysisTactics": [
                          "CredentialAccess"
                        ],
                        "threatAnalyticsTechniques": [
                          "T1558"
                        ],
                        "contentId": "1572e66b-20a7-4012-9ec4-77ec4b101bc8",
                        "parentId": "1572e66b-20a7-4012-9ec4-77ec4b101bc8",
                        "kind": "AnalyticsRule",
                        "dependencies": {
                          "operator": "AND",
                          "criteria": [
                            {
                              "contentId": "SecurityEvent",
                              "kind": "DataType"
                            },
                            {
                              "contentId": "SecurityEvent",
                              "kind": "DataType"
                            },
                            {
                              "contentId": "WindowsEvent",
                              "kind": "DataType"
                            }
                          ]
                        }
                      }
                    }
                  ]
                }
              }
            }
          ]
        },
        "author": {
          "name": "Community"
        },
        "dependencies": {
          "operator": "AND",
          "criteria": [
            {
              "contentId": "1572e66b-20a7-4012-9ec4-77ec4b101bc8",
              "kind": "AnalyticsRule"
            }
          ]
        },
        "description": "'A service principal name (SPN) is used to uniquely identify a service instance in a Windows environment. \nEach SPN is usually associated with a service account. Organizations may have used service accounts with weak passwords in their environment. \nAn attacker can try requesting Kerberos ticket-granting service (TGS) service tickets for any SPN from a domain controller (DC) which contains \na hash of the Service account. This can then be used for offline cracking. This hunting query looks for accounts that are generating excessive \nrequests to different resources within the last hour compared with the previous 24 hours.  Normal users would not make an unusually large number \nof request within a small time window. This is based on 4769 events which can be very noisy so environment based tweaking might be needed.'\n",
        "displayName": "Potential Kerberoasting",
        "packageId": "1572e66b-20a7-4012-9ec4-77ec4b101bc8",
        "source": {
          "kind": "Community",
          "name": "Standalone"
        },
        "support": {
          "name": "Community",
          "link": "https://github.com/Azure/Azure-Sentinel/issues",
          "tier": "Community"
        },
        "threatAnalysisTactics": [
          "CredentialAccess"
        ],
        "threatAnalyticsTechniques": [
          "T1558"
        ],
        "version": "1.1.1"
      },
      "name": "[concat(parameters('workspace'),'/Microsoft.SecurityInsights/', '1572e66b-20a7-4012-9ec4-77ec4b101bc8')]"
    }
  ]
}