{
  "properties": {
    "id": "holmsecurityswedenab1639511288603.holmsecurity_sc_sentinel",
    "packageKind": "Solution",
    "displayName": "Holm Security for Azure Sentinel",
    "version": null,
    "publisherDisplayName": "H.O.L.M. Security Sweden AB",
    "descriptionHtml": "<p>Holm Security data connector for Azure Sentinel allows you to easily connect your account in Security Center and continuously get asset & vulnerability data into Azure Sentinel. </p><p>It includes the following features:</p><p><ul><ul><li>All your Web and Network asset will be available in Azure Sentinel.</li><li>Vulnerability severity data are mapped to each asset.</li><li>Enables you to view dashboards, create custom alerts, correlate with other data points.  </li></ul></ul></p><p><br></p><p>Integration between Holm Security and Azure Sentinel is enabled by pulling information from Holm Security REST API.<br></p><p>You need an API token and API URL from Holm Security in order to get started.</p>",
    "icon": "https://store-images.s-microsoft.com/image/apps.30855.a4f930d4-0057-4e64-bec5-2a063d14a751.9819fbbb-08bb-4a84-a766-ad987f51a59d.dd95558a-ac71-4d19-ae78-4bdb39ace20c",
    "contentSchemaVersion": null
  },
  "mainTemplate": {
    "$schema": "https://schema.management.azure.com/schemas/2019-04-01/deploymentTemplate.json#",
    "contentVersion": "1.0.2.0",
    "metadata": {
      "author": "Nikita Grunskii - nikita.grunskii@holmsecurity.com",
      "comments": "Solution template for Holm Security"
    },
    "parameters": {
      "location": {
        "type": "string",
        "minLength": 1,
        "defaultValue": "[resourceGroup().location]",
        "metadata": {
          "description": "Not used, but needed to pass arm-ttk test `Location-Should-Not-Be-Hardcoded`.  We instead use the `workspace-location` which is derived from the LA workspace"
        }
      },
      "workspace-location": {
        "type": "string",
        "minLength": 1,
        "defaultValue": "[parameters('location')]",
        "metadata": {
          "description": "Region to deploy solution resources"
        }
      },
      "workspace": {
        "defaultValue": "",
        "type": "string",
        "metadata": {
          "description": "Workspace name for Log Analytics where Sentinel is setup"
        }
      },
      "connector1-name": {
        "type": "string",
        "defaultValue": "85d31267-23c7-476b-aaa9-9c58a7d48db4"
      }
    },
    "variables": {
      "connector1-source": "[concat('/subscriptions/',subscription().subscriptionId,'/resourceGroups/',resourceGroup().name,'/providers/Microsoft.OperationalInsights/workspaces/',parameters('workspace'),'/providers/Microsoft.SecurityInsights/dataConnectors/',parameters('connector1-name'))]",
      "_connector1-source": "[variables('connector1-source')]"
    },
    "resources": [
      {
        "name": "pid-a4f930d4-0057-4e64-bec5-2a063d14a751-partnercenter",
        "type": "Microsoft.Resources/deployments",
        "apiVersion": "2020-10-01",
        "properties": {
          "mode": "Incremental",
          "template": {
            "$schema": "https://schema.management.azure.com/schemas/2019-04-01/deploymentTemplate.json#",
            "contentVersion": "1.0.0.0",
            "resources": []
          }
        }
      },
      {
        "id": "[variables('_connector1-source')]",
        "name": "[concat(parameters('workspace'),'/Microsoft.SecurityInsights/',parameters('connector1-name'))]",
        "apiVersion": "2021-03-01-preview",
        "type": "Microsoft.OperationalInsights/workspaces/providers/dataConnectors",
        "location": "[parameters('workspace-location')]",
        "kind": "GenericUI",
        "properties": {
          "connectorUiConfig": {
            "title": "Holm Security Asset Data",
            "publisher": "Holm Security",
            "descriptionMarkdown": "The connector provides the capability to poll data from Holm Security Center into Azure Sentinel.",
            "graphQueries": [
              {
                "metricName": "Total data received",
                "legend": "net_assets_CL",
                "baseQuery": "net_assets_CL"
              },
              {
                "metricName": "Total data received",
                "legend": "web_assets_CL",
                "baseQuery": "web_assets_CL"
              }
            ],
            "sampleQueries": [
              {
                "description": "All low net assets",
                "query": "net_assets_Cl\n            | where severity_s  == 'low'"
              },
              {
                "description": "All low web assets",
                "query": "web_assets_Cl\n            | where severity_s  == 'low'"
              }
            ],
            "dataTypes": [
              {
                "name": "net_assets_CL",
                "lastDataReceivedQuery": "net_assets_CL\n            | summarize Time = max(TimeGenerated)\n            | where isnotempty(Time)"
              },
              {
                "name": "web_assets_CL",
                "lastDataReceivedQuery": "web_assets_CL\n            | summarize Time = max(TimeGenerated)\n            | where isnotempty(Time)"
              }
            ],
            "connectivityCriterias": [
              {
                "type": "IsConnectedQuery",
                "value": [
                  "net_assets_CL\n            | summarize LastLogReceived = max(TimeGenerated)\n            | project IsConnected = LastLogReceived > ago(30d)"
                ]
              },
              {
                "type": "IsConnectedQuery",
                "value": [
                  "web_assets_CL\n            | summarize LastLogReceived = max(TimeGenerated)\n            | project IsConnected = LastLogReceived > ago(30d)"
                ]
              }
            ],
            "availability": {
              "status": 1,
              "isPreview": true
            },
            "permissions": {
              "resourceProvider": [
                {
                  "provider": "Microsoft.OperationalInsights/workspaces",
                  "permissionsDisplayText": "read and write permissions on the workspace are required.",
                  "providerDisplayName": "Workspace",
                  "scope": "Workspace",
                  "requiredPermissions": {
                    "write": true,
                    "read": true,
                    "delete": true
                  }
                },
                {
                  "provider": "Microsoft.OperationalInsights/workspaces/sharedKeys",
                  "permissionsDisplayText": "read permissions to shared keys for the workspace are required. [See the documentation to learn more about workspace keys](https://docs.microsoft.com/azure/azure-monitor/platform/agent-windows#obtain-workspace-id-and-key).",
                  "providerDisplayName": "Keys",
                  "scope": "Workspace",
                  "requiredPermissions": {
                    "action": true
                  }
                }
              ],
              "customs": [
                {
                  "name": "Microsoft.Web/sites permissions",
                  "description": "Read and write permissions to Azure Functions to create a Function App is required. [See the documentation to learn more about Azure Functions](https://docs.microsoft.com/azure/azure-functions/)."
                },
                {
                  "name": "Holm Security API Token",
                  "description": "Holm Security API Token is required. [Holm Security API Token](https://support.holmsecurity.com/hc/en-us)"
                }
              ]
            },
            "instructionSteps": [
              {
                "description": ">**NOTE:** This connector uses Azure Functions to connect to a Holm Security Assets to pull its logs into Azure Sentinel. This might result in additional data ingestion costs. Check the [Azure Functions pricing page](https://azure.microsoft.com/pricing/details/functions/) for details."
              },
              {
                "description": ">**(Optional Step)** Securely store workspace and API authorization key(s) or token(s) in Azure Key Vault. Azure Key Vault provides a secure mechanism to store and retrieve key values. [Follow these instructions](https://docs.microsoft.com/azure/app-service/app-service-key-vault-references) to use Azure Key Vault with an Azure Function App."
              },
              {
                "description": "**STEP 1 - Configuration steps for the Holm Security API**\n\n [Follow these instructions](https://support.holmsecurity.com/hc/en-us/articles/360027651591-How-do-I-set-up-an-API-token-) to create an API authentication token."
              },
              {
                "description": "**STEP 2 - Use the below deployment option to deploy the connector and the associated Azure Function**\n\n>**IMPORTANT:** Before deploying the Holm Security connector, have the Workspace ID  and Workspace Primary Key (can be copied from the following), as well as the Holm Security API authorization Token, readily available.",
                "instructions": [
                  {
                    "parameters": {
                      "fillWith": [
                        "WorkspaceId"
                      ],
                      "label": "Workspace ID"
                    },
                    "type": "CopyableLabel"
                  },
                  {
                    "parameters": {
                      "fillWith": [
                        "PrimaryKey"
                      ],
                      "label": "Primary Key"
                    },
                    "type": "CopyableLabel"
                  }
                ]
              },
              {
                "description": "**Option 1 - Azure Resource Manager (ARM) Template**\n\nUse this method for automated deployment of the Holm Security connector.\n\n1. Click the **Deploy to Azure** button below. \n\n\t[![Deploy To Azure](https://aka.ms/deploytoazurebutton)](https://aka.ms/sentinel-holmsecurityassets-azuredeploy)\n2. Select the preferred **Subscription**, **Resource Group** and **Location**. \n3. Enter the **Workspace ID**, **Workspace Key**, **API Username**, **API Password**, 'and/or Other required fields'. \n>Note: If using Azure Key Vault secrets for any of the values above, use the`@Microsoft.KeyVault(SecretUri={Security Identifier})`schema in place of the string values. Refer to [Key Vault references documentation](https://docs.microsoft.com/azure/app-service/app-service-key-vault-references) for further details. \n4. Mark the checkbox labeled **I agree to the terms and conditions stated above**. \n5. Click **Purchase** to deploy.",
                "title": "Azure Resource Manager (ARM) Template Deployment"
              }
            ]
          }
        }
      }
    ],
    "outputs": {}
  }
}