{
  "properties": {
    "id": "cyberdefensegroupbv1625581149103.eset_protect",
    "packageKind": "Solution",
    "displayName": "ESET PROTECT integration for Azure Sentinel",
    "version": null,
    "publisherDisplayName": "Cyber Defense Group B.V.",
    "descriptionHtml": "This connector gathers all events generated by ESET software through the central management solution ESET PROTECT (formerly ESET Security Management Center). This includes Anti-Virus detections, Firewall detections but also more advanced EDR detections. For a complete list of events please refer to [the documentation](https://help.eset.com/protect_admin/latest/en-US/events-exported-to-json-format.html).",
    "icon": "https://store-images.s-microsoft.com/image/apps.11096.2bd71299-7344-4be1-83b7-5532e6dfe94f.01f7636b-e983-46bc-9e70-3129b0a70a10.ae702099-2f6a-42ea-9b03-a40e3844d11f",
    "contentSchemaVersion": null
  },
  "mainTemplate": {
    "$schema": "https://schema.management.azure.com/schemas/2019-04-01/deploymentTemplate.json#",
    "contentVersion": "1.0.0.0",
    "metadata": {
      "author": "Donny Maasland - donny.maasland@eset.nl. Katelyn Overbeeke - katelyn.overbeeke@eset.nl",
      "comments": "Solution template for ESETPROTECT"
    },
    "parameters": {
      "location": {
        "type": "string",
        "minLength": 1,
        "defaultValue": "[resourceGroup().location]",
        "metadata": {
          "description": "Not used, but needed to pass arm-ttk test `Location-Should-Not-Be-Hardcoded`.  We instead use the `workspace-location` which is derived from the LA workspace"
        }
      },
      "workspace-location": {
        "type": "string",
        "minLength": 1,
        "defaultValue": "[parameters('location')]",
        "metadata": {
          "description": "Region to deploy solution resources"
        }
      },
      "workspace": {
        "defaultValue": "",
        "type": "string",
        "metadata": {
          "description": "Workspace name for Log Analytics where Sentinel is setup"
        }
      },
      "formattedTimeNow": {
        "type": "string",
        "defaultValue": "[utcNow('g')]",
        "metadata": {
          "description": "Appended to workbook displayNames to make them unique"
        }
      },
      "workbook1-id": {
        "type": "string",
        "defaultValue": "[newGuid()]",
        "minLength": 1,
        "metadata": {
          "description": "Unique id for the workbook"
        }
      },
      "workbook1-name": {
        "type": "string",
        "defaultValue": "ESETPROTECT",
        "minLength": 1,
        "metadata": {
          "description": "Name for the workbook"
        }
      },
      "analytic1-id": {
        "type": "string",
        "defaultValue": "[newGuid()]",
        "minLength": 1,
        "metadata": {
          "description": "Unique id for the scheduled alert rule"
        }
      },
      "analytic2-id": {
        "type": "string",
        "defaultValue": "[newGuid()]",
        "minLength": 1,
        "metadata": {
          "description": "Unique id for the scheduled alert rule"
        }
      },
      "connector1-name": {
        "type": "string",
        "defaultValue": "ebb0c875-aca2-4767-8d9e-c58e58fabe56"
      }
    },
    "variables": {
      "workbook-source": "[concat(resourceGroup().id, '/providers/Microsoft.OperationalInsights/workspaces/',parameters('workspace'))]",
      "_workbook-source": "[variables('workbook-source')]",
      "workspace-dependency": "[concat('Microsoft.OperationalInsights/workspaces/', parameters('workspace'))]",
      "connector1-source": "[concat('/subscriptions/',subscription().subscriptionId,'/resourceGroups/',resourceGroup().name,'/providers/Microsoft.OperationalInsights/workspaces/',parameters('workspace'),'/providers/Microsoft.SecurityInsights/dataConnectors/',parameters('connector1-name'))]",
      "_connector1-source": "[variables('connector1-source')]"
    },
    "resources": [
      {
        "name": "pid-2bd71299-7344-4be1-83b7-5532e6dfe94f-partnercenter",
        "type": "Microsoft.Resources/deployments",
        "apiVersion": "2020-10-01",
        "properties": {
          "mode": "Incremental",
          "template": {
            "$schema": "https://schema.management.azure.com/schemas/2019-04-01/deploymentTemplate.json#",
            "contentVersion": "1.0.0.0",
            "resources": []
          }
        }
      },
      {
        "type": "Microsoft.Insights/workbooks",
        "name": "[parameters('workbook1-id')]",
        "location": "[parameters('workspace-location')]",
        "kind": "shared",
        "apiVersion": "2020-02-12",
        "properties": {
          "displayName": "[concat(parameters('workbook1-name'), ' - ', parameters('formattedTimeNow'))]",
          "serializedData": "{\"version\":\"Notebook/1.0\",\"items\":[{\"type\":1,\"content\":{\"json\":\"## ESET PROTECT\\n**NOTE**: This workbook depends on a parser based on Kusto Function to work as expected [**ESETPROTECT**](https://aka.ms/sentinelgithubparsersesetprotect) which is deployed with the Azure Sentinel Solution.\"},\"name\":\"text - 2\"},{\"type\":9,\"content\":{\"version\":\"KqlParameterItem/1.0\",\"parameters\":[{\"id\":\"c84a31aa-79fc-45f8-8991-8b56e0545a8c\",\"version\":\"KqlParameterItem/1.0\",\"name\":\"TimeRange\",\"type\":4,\"isRequired\":true,\"value\":{\"durationMs\":259200000},\"typeSettings\":{\"selectableValues\":[{\"durationMs\":3600000},{\"durationMs\":14400000},{\"durationMs\":43200000},{\"durationMs\":86400000},{\"durationMs\":172800000},{\"durationMs\":259200000},{\"durationMs\":604800000},{\"durationMs\":1209600000},{\"durationMs\":2419200000},{\"durationMs\":2592000000},{\"durationMs\":5184000000},{\"durationMs\":7776000000}],\"allowCustom\":true},\"timeContext\":{\"durationMs\":86400000}}],\"style\":\"pills\",\"queryType\":0,\"resourceType\":\"microsoft.operationalinsights/workspaces\"},\"name\":\"parameters - 2\"},{\"type\":3,\"content\":{\"version\":\"KqlItem/1.0\",\"query\":\"ESETPROTECT\\r\\n| where TimeGenerated {TimeRange}\\r\\n| summarize events_count = count() by tostring(EventType), bin(TimeGenerated, {TimeRange:grain})\",\"size\":0,\"title\":\"Events\",\"queryType\":0,\"resourceType\":\"microsoft.operationalinsights/workspaces\",\"visualization\":\"barchart\"},\"customWidth\":\"50\",\"name\":\"allEventsOverTIme\"},{\"type\":3,\"content\":{\"version\":\"KqlItem/1.0\",\"query\":\"ESETPROTECT\\r\\n| where TimeGenerated {TimeRange}\\r\\n| where EventType == \\\"Threat_Event\\\"\\r\\n| summarize events_count = count() by tostring(ThreatName), bin(TimeGenerated, {TimeRange:grain})\",\"size\":0,\"title\":\"Threats\",\"queryType\":0,\"resourceType\":\"microsoft.operationalinsights/workspaces\",\"visualization\":\"barchart\"},\"customWidth\":\"50\",\"name\":\"queryThreatsOverTime\"},{\"type\":3,\"content\":{\"version\":\"KqlItem/1.0\",\"query\":\"ESETPROTECT\\r\\n| where TimeGenerated {TimeRange}\\r\\n| where EventType == 'Threat_Event'\\r\\n| summarize events_count = count() by tostring(EventType)\",\"size\":3,\"title\":\"Top threats\",\"queryType\":0,\"resourceType\":\"microsoft.operationalinsights/workspaces\",\"visualization\":\"piechart\",\"tileSettings\":{\"showBorder\":false,\"titleContent\":{\"columnMatch\":\"threat_name_s\",\"formatter\":1},\"leftContent\":{\"columnMatch\":\"events_count\",\"formatter\":12,\"formatOptions\":{\"palette\":\"auto\"},\"numberFormat\":{\"unit\":17,\"options\":{\"maximumSignificantDigits\":3,\"maximumFractionDigits\":2}}}}},\"customWidth\":\"33\",\"name\":\"queryTopThreats\"},{\"type\":3,\"content\":{\"version\":\"KqlItem/1.0\",\"query\":\"ESETPROTECT\\r\\n| where TimeGenerated {TimeRange}\\r\\n| where EventType == 'Threat_Event'\\r\\n| summarize events_count = count() by tostring(ThreatCategory)\",\"size\":3,\"title\":\"Top threats by type\",\"queryType\":0,\"resourceType\":\"microsoft.operationalinsights/workspaces\",\"visualization\":\"piechart\"},\"customWidth\":\"33\",\"name\":\"queryTopThreatsByType\"},{\"type\":3,\"content\":{\"version\":\"KqlItem/1.0\",\"query\":\"ESETPROTECT\\r\\n| where TimeGenerated {TimeRange}\\r\\n| where EventType == 'Threat_Event'\\r\\n| summarize events_count = count() by HostName\",\"size\":3,\"title\":\"Most attacked hosts\",\"queryType\":0,\"resourceType\":\"microsoft.operationalinsights/workspaces\",\"visualization\":\"piechart\"},\"customWidth\":\"33\",\"name\":\"queryMostAttackedHosts\"},{\"type\":3,\"content\":{\"version\":\"KqlItem/1.0\",\"query\":\"ESETPROTECT\\r\\n| where TimeGenerated {TimeRange}\\r\\n| where EventType == 'Threat_Event'\\r\\n| summarize events_count = count() by tostring(SrcUserName)\",\"size\":3,\"title\":\"Most attacked users\",\"queryType\":0,\"resourceType\":\"microsoft.operationalinsights/workspaces\",\"visualization\":\"piechart\"},\"customWidth\":\"33\",\"name\":\"queryMostAttackedUsers\"},{\"type\":3,\"content\":{\"version\":\"KqlItem/1.0\",\"query\":\"ESETPROTECT\\r\\n| where TimeGenerated {TimeRange}\\r\\n| where EventType == \\\"FirewallAggregated_Event\\\"\\r\\n| where not(\\r\\n    ipv4_is_match(tostring(SrcDvcIpAddr), '192.168.0.0/24') or\\r\\n    ipv4_is_match(tostring(SrcDvcIpAddr), '172.16.0.0/12') or\\r\\n    ipv4_is_match(tostring(SrcDvcIpAddr), '10.0.0.0/8')\\r\\n    )\\r\\n| summarize count() by tostring(SrcDvcIpAddr)\",\"size\":3,\"title\":\"Top remote attackers\",\"queryType\":0,\"resourceType\":\"microsoft.operationalinsights/workspaces\",\"visualization\":\"piechart\"},\"customWidth\":\"33\",\"name\":\"queryTopRemoteAttackers\"},{\"type\":3,\"content\":{\"version\":\"KqlItem/1.0\",\"query\":\"ESETPROTECT\\r\\n| where TimeGenerated {TimeRange}\\r\\n| where EventType == \\\"FilteredWebsites_Event\\\"\\r\\n| where EventResult == \\\"blocked\\\"\\r\\n| summarize count() by tostring(FilePath)\",\"size\":3,\"title\":\"Most blocked sites\",\"queryType\":0,\"resourceType\":\"microsoft.operationalinsights/workspaces\",\"visualization\":\"piechart\"},\"customWidth\":\"33\",\"name\":\"queryMostBlockedSites\"},{\"type\":3,\"content\":{\"version\":\"KqlItem/1.0\",\"query\":\"ESETPROTECT\\r\\n| where TimeGenerated {TimeRange}\\r\\n| where EventType == \\\"Threat_Event\\\"\\r\\n| project TimeGenerated, HostName, SrcUserName, ThreatCategory, ThreatName, ProcessFilePath, EventResult\\r\\n| sort by TimeGenerated desc\",\"size\":0,\"showAnalytics\":true,\"title\":\"Latest threats\",\"showExportToExcel\":true,\"exportToExcelOptions\":\"all\",\"queryType\":0,\"resourceType\":\"microsoft.operationalinsights/workspaces\",\"visualization\":\"table\",\"gridSettings\":{\"rowLimit\":1000,\"filter\":true}},\"name\":\"queryLatestThreats\"}],\"fromTemplateId\":\"sentinel-ESETPROTECT\",\"$schema\":\"https://raw.githubusercontent.com/microsoft/Application-Insights-Workbooks/master/schema/workbook.json\"}\n",
          "version": "1.0",
          "sourceId": "[variables('_workbook-source')]",
          "category": "sentinel"
        }
      },
      {
        "type": "Microsoft.OperationalInsights/workspaces/providers/alertRules",
        "name": "[concat(parameters('workspace'),'/Microsoft.SecurityInsights/',parameters('analytic1-id'))]",
        "apiVersion": "2020-01-01",
        "kind": "Scheduled",
        "location": "[parameters('workspace-location')]",
        "properties": {
          "description": "Escalates threats detected by ESET.",
          "displayName": "Threats detected by ESET",
          "enabled": false,
          "query": "ESETPROTECT\n| where EventType == \"Threat_Event\"\n| extend HostCustomEntity = DvcHostname, AccountCustomEntity = SrcUserName, IPCustomEntity = DvcIpAddr, FileHashCustomEntity = FileHashSha1, FileHashAlgo = \"SHA1\"\n",
          "queryFrequency": "PT5M",
          "queryPeriod": "PT5M",
          "severity": "Low",
          "suppressionDuration": "PT1H",
          "suppressionEnabled": false,
          "triggerOperator": "GreaterThan",
          "triggerThreshold": 0,
          "tactics": [
            "Execution"
          ]
        }
      },
      {
        "type": "Microsoft.OperationalInsights/workspaces/providers/alertRules",
        "name": "[concat(parameters('workspace'),'/Microsoft.SecurityInsights/',parameters('analytic2-id'))]",
        "apiVersion": "2020-01-01",
        "kind": "Scheduled",
        "location": "[parameters('workspace-location')]",
        "properties": {
          "description": "Create alert on websites blocked by ESET.",
          "displayName": "Website blocked by ESET",
          "enabled": false,
          "query": "ESETPROTECT\n| where EventType == 'FilteredWebsites_Event'\n| extend AccountCustomEntity = SrcUserName, URLCustomEntity = FilePath, HostCustomEntity = DvcHostname, IPCustomEntity = DvcIpAddr\n",
          "queryFrequency": "PT5M",
          "queryPeriod": "PT5M",
          "severity": "Low",
          "suppressionDuration": "PT1H",
          "suppressionEnabled": false,
          "triggerOperator": "GreaterThan",
          "triggerThreshold": 0,
          "tactics": [
            "Exfiltration",
            "CommandAndControl",
            "InitialAccess"
          ]
        }
      },
      {
        "type": "Microsoft.OperationalInsights/workspaces",
        "apiVersion": "2020-08-01",
        "name": "[parameters('workspace')]",
        "location": "[parameters('workspace-location')]",
        "resources": [
          {
            "type": "savedSearches",
            "apiVersion": "2020-08-01",
            "name": "ESETPROTECT Data Parser",
            "dependsOn": [
              "[variables('workspace-dependency')]"
            ],
            "properties": {
              "eTag": "*",
              "displayName": "ESETPROTECT Data Parser",
              "category": "Samples",
              "functionAlias": "ESETPROTECT",
              "query": "\n\nlet LogHeader = Syslog\n    | where ProcessName == \"ERAServer\"\n    | project-rename EventProduct = ProcessName \n    | extend EventVendor = \"ESET\",\n        Message = parse_json(SyslogMessage)\n    | extend EventType = Message['event_type'],\n        DvcIpAddr = Message['ipv4'],\n        EventResourceId = Message['source_uuid'],\n        EventCreationTime = make_datetime(Message['occured']),\n        EventSeverity = Message['severity'],\n        DvcHostname = Message['hostname'];\nlet ThreatEvents = LogHeader\n    | where EventType == \"Threat_Event\"\n    | extend ThreatCategory = Message['threat_type'],\n        ThreatName = Message['threat_name'],\n        ThreatFlags = Message['threat_flags'],\n        EventSubType = Message['scanner_id'],\n        EngineVersion = Message['engine_version'],\n        ObjectType = Message['object_type'],\n        FilePath = Message['object_uri'],\n        EventResult = Message['action_taken'],\n        EventError = Message['action_error'],\n        ScanId = Message['scanner_id'],\n        ThreatHandled = Message['threat_handled'],\n        NeedRestart = Message['need_restart'],\n        ProcessFilePath = Message['processname'],\n        EventMessage = Message['circumstances'],\n        FileHashSha1 = Message['hash'],\n        SrcUserDomain = todynamic(iff(Message['username'] contains '\\\\', split(Message['username'], '\\\\')[0], '')),\n        SrcUserName = todynamic(iff(Message['username'] contains '\\\\', split(Message['username'], '\\\\')[1], Message['username'])),\n        FirstSeen = make_datetime(Message['firstseen']);\nlet FirewallEvents = LogHeader\n    | where EventType == \"FirewallAggregated_Event\"\n    | extend EventMessage = Message['event'],\n        SrcDvcIpAddr = Message['source_address'],\n        SrcIpIsIpv6 = tobool(iff(Message['source_address_type'] == \"IPv6\", true, false)),\n        SrcPortNumber = Message['source_port'],\n        DstDvcIpAddr = Message['target_address'],\n        DstIpIsIpv6 = tobool(iff(Message['target_address_type'] == \"IPv6\", true, false)),\n        DstPortNumber = Message['target_port'],\n        NetworkProtocol = Message['protocol'],\n        DstUserDomain = todynamic(iff(tobool(Message['inbound']), iff(Message['account'] contains '\\\\', split(Message['account'], '\\\\')[0], ''), '')),\n        DstUserName = todynamic(iff(tobool(Message['inbound']), iff(Message['account'] contains '\\\\', split(Message['account'], '\\\\')[1], Message['account']), '')),\n        SrcUserDomain = todynamic(iff(tobool(Message['inbound']), '', iff(Message['account'] contains '\\\\', split(Message['account'], '\\\\')[0], ''))),\n        SrcUserName = todynamic(iff(tobool(Message['inbound']), '', iff(Message['account'] contains '\\\\', split(Message['account'], '\\\\')[1], Message['account']))),\n        ProcessFilePath = Message['process_name'],\n        NetworkRuleName = Message['rule_name'],\n        NetworkRuleNumber = Message['rule_id'],\n        NetworkDirection = todynamic(iff(tobool(Message['inbound']), \"Inbound\", \"Outbound\")),\n        ThreatName = Message['threat_name'],\n        EventCount = Message['aggregate_count'];\nlet HipsEvents = LogHeader\n    | where EventType == \"HIPSAggregated_Event\"\n    | extend ProcessFilePath = Message['application'],\n        EventSubType = Message['action'],\n        NetworkRuleName = Message['rule_name'],\n        NetworkRuleNumber = Message['rule_id'],\n        EventCount = Message['aggregate_count'];\nlet AuditEvents = LogHeader\n    | where EventType == \"Audit_Event\"\n    | extend SrcUserDomain = todynamic(iff(Message['action'] == 'Login attempt', '', Message['domain'])),\n        DstUserDomain = todynamic(iff(Message['action'] != 'Login attempt', '', Message['domain'])),\n        EventSubType = Message['action'],\n        EventMessage = Message['detail'],\n        DstUserName = Message['target'],\n        SrcUserName = Message['user'],\n        EventResult = Message['result'];\nlet EnterpriseInspectorAlertEvents = LogHeader\n    | where EventType == \"EnterpriseInspectorAlert_Event\"\n    | extend ProcessFilePath = Message['processname'],\n        SrcUserDomain = todynamic(iff(Message['username'] contains '\\\\', split(Message['username'], '\\\\')[0], '')),\n        SrcUserName = todynamic(iff(Message['username'] contains '\\\\', split(Message['username'], '\\\\')[1], Message['username'])),\n        NetworkRuleName = Message['rulename'],\n        FileHashSha1 = Message['hash'],\n        EventCount = Message['count'],\n        EventReportUrl = Message['eiconsolelink'];\nlet BlockedFilesEvents = LogHeader\n    | where EventType == \"BlockedFiles_Event\"\n    | extend ProcessFilePath = Message['processname'],\n        SrcUserDomain = todynamic(iff(Message['username'] contains '\\\\', split(Message['username'], '\\\\')[0], '')),\n        SrcUserName = todynamic(iff(Message['username'] contains '\\\\', split(Message['username'], '\\\\')[1], Message['username'])),\n        ThreatHandled = Message['resolved'],\n        FileHashSha1 = Message['hash'],\n        FilePath = Message['object_uri'],\n        EventSubType = Message['action'],\n        FirstSeen = make_datetime(Message['firstseen']),\n        EventMessage = Message['cause'];\nlet FilteredWebsiteEvents = LogHeader\n    | where EventType == \"FilteredWebsites_Event\"\n    | extend ProcessFilePath = Message['processname'],\n        SrcUserDomain = todynamic(iff(Message['username'] contains '\\\\', split(Message['username'], '\\\\')[0], '')),\n        SrcUserName = todynamic(iff(Message['username'] contains '\\\\', split(Message['username'], '\\\\')[1], Message['username'])),\n        ThreatHandled = Message['resolved'],\n        FileHashSha1 = Message['hash'],\n        EventMessage = Message['event'],\n        NetworkRuleNumber = Message['rule_id'],\n        EventResult = Message['action_taken'],\n        ScanId = Message['scanner_id'],\n        FilePath = Message['object_uri'],\n        UrlOriginal = Message['target_address'];\nunion ThreatEvents, AuditEvents, FirewallEvents, HipsEvents, BlockedFilesEvents, FilteredWebsiteEvents, EnterpriseInspectorAlertEvents\n| project-away SyslogMessage, Message\n",
              "version": 1
            }
          }
        ]
      },
      {
        "id": "[variables('_connector1-source')]",
        "name": "[concat(parameters('workspace'),'/Microsoft.SecurityInsights/',parameters('connector1-name'))]",
        "apiVersion": "2021-03-01-preview",
        "type": "Microsoft.OperationalInsights/workspaces/providers/dataConnectors",
        "location": "[parameters('workspace-location')]",
        "kind": "GenericUI",
        "properties": {
          "connectorUiConfig": {
            "title": "ESET PROTECT",
            "publisher": "ESET",
            "descriptionMarkdown": "This connector gathers all events generated by ESET software through the central management solution ESET PROTECT (formerly ESET Security Management Center). This includes Anti-Virus detections, Firewall detections but also more advanced EDR detections. For a complete list of events please refer to [the documentation](https://help.eset.com/protect_admin/latest/en-US/events-exported-to-json-format.html).",
            "graphQueries": [
              {
                "metricName": "Total data received",
                "legend": "ESETPROTECT",
                "baseQuery": "ESETPROTECT"
              }
            ],
            "sampleQueries": [
              {
                "description": "ESET threat events",
                "query": "ESETPROTECT\n| where EventType == 'Threat_Event'\n| sort by TimeGenerated desc"
              },
              {
                "description": "Top 10 detected threats",
                "query": "ESETPROTECT\n| where EventType == 'Threat_Event'\n| summarize ThreatCount = count() by tostring(ThreatName)\n| top 10 by ThreatCount"
              },
              {
                "description": "ESET firewall events",
                "query": "ESETPROTECT\n| where EventType == 'FirewallAggregated_Event'\n| sort by TimeGenerated desc"
              },
              {
                "description": "ESET threat events",
                "query": "ESETPROTECT\n| where EventType == 'Threat_Event'\n| sort by TimeGenerated desc"
              },
              {
                "description": "ESET threat events from Real-time file system protection",
                "query": "ESETPROTECT\n| where EventType == 'Threat_Event'\n| where ScanId == 'Real-time file system protection'\n| sort by TimeGenerated desc"
              },
              {
                "description": "Query ESET threat events from On-demand scanner",
                "query": "ESETPROTECT\n| where EventType == 'Threat_Event'\n| where ScanId == 'On-demand scanner'\n| sort by TimeGenerated desc"
              },
              {
                "description": "Top hosts by number of threat events",
                "query": "ESETPROTECT\n| where EventType == 'Threat_Event'\n| summarize threat_events_count = count() by HostName\n| sort by threat_events_count desc"
              },
              {
                "description": "ESET web sites filter",
                "query": "ESETPROTECT\n| where EventType == 'FilteredWebsites_Event'\n| sort by TimeGenerated desc"
              },
              {
                "description": "ESET audit events",
                "query": "ESETPROTECT\n| where EventType == 'Audit_Event'\n| sort by TimeGenerated desc"
              }
            ],
            "dataTypes": [
              {
                "name": "Syslog (ESETPROTECT)",
                "lastDataReceivedQuery": "ESETPROTECT\n| summarize Time = max(TimeGenerated)\n| where isnotempty(Time)"
              }
            ],
            "connectivityCriterias": [
              {
                "type": "IsConnectedQuery",
                "value": [
                  "ESETPROTECT\n| summarize LastLogReceived = max(TimeGenerated)\n| project IsConnected = LastLogReceived > ago(30d)"
                ]
              }
            ],
            "availability": {
              "status": 1,
              "isPreview": true
            },
            "permissions": {
              "resourceProvider": [
                {
                  "provider": "Microsoft.OperationalInsights/workspaces",
                  "permissionsDisplayText": "write permission is required.",
                  "providerDisplayName": "Workspace",
                  "scope": "Workspace",
                  "requiredPermissions": {
                    "write": true,
                    "delete": true
                  }
                }
              ]
            },
            "instructionSteps": [
              {
                "description": ">This data connector depends on a parser based on a Kusto Function to work as expected. [Follow these steps](https://aka.ms/sentinel-esetprotect-parser) to create the Kusto Functions alias, **ESETPROTECT**"
              },
              {
                "description": "Typically, you should install the agent on a different computer from the one on which the logs are generated.\n\n>  Syslog logs are collected only from **Linux** agents.",
                "instructions": [
                  {
                    "parameters": {
                      "title": "Choose where to install the agent:",
                      "instructionSteps": [
                        {
                          "title": "Install agent on Azure Linux Virtual Machine",
                          "description": "Select the machine to install the agent on and then click **Connect**.",
                          "instructions": [
                            {
                              "parameters": {
                                "linkType": "InstallAgentOnLinuxVirtualMachine"
                              },
                              "type": "InstallAgent"
                            }
                          ]
                        },
                        {
                          "title": "Install agent on a non-Azure Linux Machine",
                          "description": "Download the agent on the relevant machine and follow the instructions.",
                          "instructions": [
                            {
                              "parameters": {
                                "linkType": "InstallAgentOnLinuxNonAzure"
                              },
                              "type": "InstallAgent"
                            }
                          ]
                        }
                      ]
                    },
                    "type": "InstructionStepsGroup"
                  }
                ],
                "title": "1. Install and onboard the agent for Linux"
              },
              {
                "description": "Configure the facilities you want to collect and their severities.\n\n1.  Under workspace advanced settings **Configuration**, select **Data** and then **Syslog**.\n2.  Select **Apply below configuration to my machines** and select the facilities and severities. The default ESET PROTECT facility is **user**.\n3.  Click **Save**.",
                "instructions": [
                  {
                    "parameters": {
                      "linkType": "OpenSyslogSettings"
                    },
                    "type": "InstallAgent"
                  }
                ],
                "title": "2. Configure the logs to be collected"
              },
              {
                "description": "Configure ESET PROTECT to send all events thorugh Syslog.\n\n1.  Follow [these instructions](https://help.eset.com/protect_admin/latest/en-US/admin_server_settings_syslog.html) to configure syslog output. Make sure to select **BSD** as the format and **TCP** as the transport.\n\n2.  Follow [these instructions](https://help.eset.com/protect_admin/latest/en-US/admin_server_settings_export_to_syslog.html) to export all logs to syslog. Select **JSON** as the output format.",
                "instructions": [
                  {
                    "parameters": {
                      "linkType": "OpenSyslogSettings"
                    },
                    "type": "InstallAgent"
                  }
                ],
                "title": "3. Configure ESET PROTECT"
              }
            ],
            "additionalRequirementBanner": "This data connector depends on a parser based on Kusto Function to work as expected. Follow the steps to use this Kusto Function alias **ESETPROTECT** in queries and workbooks. [Follow steps to get this Kusto Function>](https://aka.ms/sentinel-esetprotect-parser)"
          }
        }
      }
    ],
    "outputs": {}
  }
}