{
  "properties": {
    "id": "hyas.insight",
    "packageKind": "Solution",
    "displayName": "HYAS Insight",
    "version": null,
    "publisherDisplayName": "HYAS Infosec Inc",
    "descriptionHtml": "<span id=\"docs-internal-guid-881e92e0-7fff-2fc3-5f7a-0366a2b6999e\">HYAS Insight is a threat investigation and attribution solution that uses exclusive data sources and non-traditional mechanisms to improve visibility and productivity for analysts, researchers, and investigators while increasing the accuracy of findings. HYAS Insight connects attack instances and campaigns to billions of indicators of compromise to deliver insights and visibility. With an easy-to-use user interface, transforms, and API access, HYAS Insight combines rich threat data into a powerful research and attribution solution. HYAS Insight is complemented by the HYAS Intelligence team that helps organizations to better understand the nature of the threats they face on a daily basis</span><div><span id=\"docs-internal-guid-a6f98d22-7fff-cef4-a45d-6f4ef93f8760\"><p dir=\"ltr\"><br></p></span></div>",
    "icon": "https://store-images.s-microsoft.com/image/apps.34099.b365b1cf-e340-4dab-b256-b9225416ddb9.682b86a7-a6fe-4c5f-9460-d673b4897959.c3d062f7-c069-475c-9066-243db0cf1361",
    "contentSchemaVersion": null
  },
  "mainTemplate": {}
}