{
  "$schema": "https://schema.management.azure.com/schemas/2019-04-01/deploymentTemplate.json#",
  "contentVersion": "1.0.0.0",
  "parameters": {
    "location": {
      "type": "string",
      "minLength": 1,
      "defaultValue": "[resourceGroup().location]",
      "metadata": {
        "description": "Not used, but needed to pass arm-ttk test `Location-Should-Not-Be-Hardcoded`.  We instead use the `workspace-location` which is derived from the LA workspace"
      }
    },
    "workspace-location": {
      "type": "string",
      "defaultValue": "",
      "metadata": {
        "description": "[concat('Region to deploy solution resources -- separate from location selection',parameters('location'))]"
      }
    },
    "workspace": {
      "defaultValue": "",
      "type": "string",
      "metadata": {
        "description": "Workspace name for Log Analytics where Microsoft Sentinel is setup"
      }
    }
  },
  "variables": {},
  "resources": [
    {
      "type": "Microsoft.OperationalInsights/workspaces/providers/packages",
      "location": "[parameters('workspace-location')]",
      "apiVersion": "2022-08-01",
      "properties": {
        "packageKind": "Standalone",
        "packageItems": {
          "resources": [
            {
              "type": "Microsoft.OperationalInsights/workspaces/providers/contentTemplates",
              "name": "[concat(parameters('workspace'),'/Microsoft.SecurityInsights/', 'dc99e38c-f4e9-4837-94d7-353ac0b01a77')]",
              "location": "[parameters('workspace-location')]",
              "apiVersion": "2022-08-01",
              "properties": {
                "contentId": "dc99e38c-f4e9-4837-94d7-353ac0b01a77",
                "displayName": "User account created without expected attributes defined",
                "contentKind": "AnalyticsRule",
                "mainTemplate": {
                  "$schema": "https://schema.management.azure.com/schemas/2019-04-01/deploymentTemplate.json#",
                  "contentVersion": "1.0.2",
                  "resources": [
                    {
                      "type": "Microsoft.OperationalInsights/workspaces/providers/alertRules",
                      "apiVersion": "2022-04-01-preview",
                      "name": "dc99e38c-f4e9-4837-94d7-353ac0b01a77",
                      "kind": "Scheduled",
                      "location": "[parameters('workspace-location')]",
                      "properties": {
                        "description": "This query looks for accounts being created that do not have attributes populated that are commonly populated in the tenant.\n  Attackers may attempt to add accounts as a means of establishing persistant access to an environment, looking for anomalies in created accounts may help identify illegitimately created accounts.\n  Created accounts should be investigated to ensure they were legitimated created.\n  Ref: https://docs.microsoft.com/azure/active-directory/fundamentals/security-operations-user-accounts#accounts-not-following-naming-policies",
                        "displayName": "User account created without expected attributes defined",
                        "enabled": false,
                        "query": "let threshold = 10;\n  let default_ad_attributes = dynamic([\"LastDirSyncTime\", \"StsRefreshTokensValidFrom\", \"Included Updated Properties\", \"AccountEnabled\", \"Action Client Name\", \"SourceAnchor\"]);\n  AuditLogs\n  | where OperationName =~ \"Add user\"\n  | where Result =~ \"success\"\n  | extend properties = TargetResources[0].modifiedProperties\n  | mv-expand properties\n  | evaluate bag_unpack(properties)\n  | extend displayName = column_ifexists(\"displayName\", \"Unknown Value\")\n  | summarize count() by displayName, TenantId\n  | where displayName !in (default_ad_attributes)\n  | top threshold by count_ desc\n  | summarize make_set(displayName) by TenantId\n  | join kind=inner (AuditLogs\n  | where Result =~ \"success\"\n  | where OperationName =~ \"Add user\"\n  | extend CreatingUserPrincipalName = tostring(parse_json(tostring(InitiatedBy.user)).userPrincipalName)\n  | extend CreatedUserPrincipalName = tostring(TargetResources[0].userPrincipalName)\n  | extend AccountProperties = TargetResources[0].modifiedProperties\n  | mv-expand AccountProperties\n  | extend PropName = tostring(AccountProperties.displayName)) on TenantId\n  | summarize makeset(PropName) by TimeGenerated, CorrelationId, CreatedUserPrincipalName, CreatingUserPrincipalName, tostring(set_displayName)\n  | extend missing_props = set_difference(todynamic(set_displayName), set_PropName)\n  | where array_length(missing_props) > 0\n  | join kind=innerunique (AuditLogs\n  | where Result =~ \"success\"\n  | where OperationName =~ \"Add user\"\n  | extend CreatedUserPrincipalName = tostring(TargetResources[0].userPrincipalName)) on CorrelationId, CreatedUserPrincipalName\n  | extend ExpectedProperties = set_displayName\n  | project-away set_displayName, set_PropName\n",
                        "queryFrequency": "P1D",
                        "queryPeriod": "P1D",
                        "severity": "Low",
                        "status": "Available",
                        "suppressionDuration": "PT1H",
                        "suppressionEnabled": false,
                        "triggerOperator": "GreaterThan",
                        "triggerThreshold": 0,
                        "tactics": [
                          "Persistence"
                        ],
                        "techniques": [
                          "T1136"
                        ],
                        "entityMappings": [
                          {
                            "entityType": "Account",
                            "fieldMappings": [
                              {
                                "columnName": "CreatingUserPrincipalName",
                                "identifier": "FullName"
                              }
                            ]
                          },
                          {
                            "entityType": "Account",
                            "fieldMappings": [
                              {
                                "columnName": "CreatedUserPrincipalName",
                                "identifier": "FullName"
                              }
                            ]
                          }
                        ],
                        "requiredDataConnectors": [
                          {
                            "connectorId": "AzureActiveDirectory",
                            "dataTypes": [
                              "AuditLogs"
                            ]
                          }
                        ]
                      }
                    },
                    {
                      "type": "Microsoft.OperationalInsights/workspaces/providers/metadata",
                      "apiVersion": "2021-03-01-preview",
                      "properties": {
                        "description": "This query looks for accounts being created that do not have attributes populated that are commonly populated in the tenant.\n  Attackers may attempt to add accounts as a means of establishing persistant access to an environment, looking for anomalies in created accounts may help identify illegitimately created accounts.\n  Created accounts should be investigated to ensure they were legitimated created.\n  Ref: https://docs.microsoft.com/azure/active-directory/fundamentals/security-operations-user-accounts#accounts-not-following-naming-policies",
                        "version": "1.0.2",
                        "author": {
                          "name": "Pete Bryan"
                        },
                        "support": {
                          "tier": "Community",
                          "name": "Community",
                          "link": "https://github.com/Azure/Azure-Sentinel/issues"
                        },
                        "source": {
                          "kind": "Community",
                          "name": "Standalone"
                        },
                        "threatAnalysisTactics": [
                          "Persistence"
                        ],
                        "threatAnalyticsTechniques": [
                          "T1136.003"
                        ],
                        "contentId": "dc99e38c-f4e9-4837-94d7-353ac0b01a77",
                        "parentId": "dc99e38c-f4e9-4837-94d7-353ac0b01a77",
                        "kind": "AnalyticsRule",
                        "dependencies": {
                          "operator": "AND",
                          "criteria": [
                            {
                              "contentId": "AuditLogs",
                              "kind": "DataType"
                            }
                          ]
                        }
                      }
                    }
                  ]
                }
              }
            }
          ]
        },
        "author": {
          "name": "Pete Bryan"
        },
        "categories": {
          "domains": [
            "Security - Others"
          ]
        },
        "dependencies": {
          "operator": "AND",
          "criteria": [
            {
              "contentId": "dc99e38c-f4e9-4837-94d7-353ac0b01a77",
              "kind": "AnalyticsRule"
            }
          ]
        },
        "description": "This query looks for accounts being created that do not have attributes populated that are commonly populated in the tenant.\n  Attackers may attempt to add accounts as a means of establishing persistant access to an environment, looking for anomalies in created accounts may help identify illegitimately created accounts.\n  Created accounts should be investigated to ensure they were legitimated created.\n  Ref: https://docs.microsoft.com/azure/active-directory/fundamentals/security-operations-user-accounts#accounts-not-following-naming-policies",
        "displayName": "User account created without expected attributes defined",
        "packageId": "dc99e38c-f4e9-4837-94d7-353ac0b01a77",
        "source": {
          "kind": "Community",
          "name": "Standalone"
        },
        "support": {
          "tier": "Community",
          "name": "Community",
          "link": "https://github.com/Azure/Azure-Sentinel/issues"
        },
        "threatAnalysisTactics": [
          "Persistence"
        ],
        "threatAnalyticsTechniques": [
          "T1136.003"
        ],
        "version": "1.0.2"
      },
      "name": "[concat(parameters('workspace'),'/Microsoft.SecurityInsights/', 'dc99e38c-f4e9-4837-94d7-353ac0b01a77')]"
    }
  ]
}