{
  "$schema": "https://schema.management.azure.com/schemas/2019-04-01/deploymentTemplate.json#",
  "contentVersion": "1.0.0.0",
  "parameters": {
    "location": {
      "type": "string",
      "minLength": 1,
      "defaultValue": "[resourceGroup().location]",
      "metadata": {
        "description": "Not used, but needed to pass arm-ttk test `Location-Should-Not-Be-Hardcoded`.  We instead use the `workspace-location` which is derived from the LA workspace"
      }
    },
    "workspace-location": {
      "type": "string",
      "defaultValue": "",
      "metadata": {
        "description": "[concat('Region to deploy solution resources -- separate from location selection',parameters('location'))]"
      }
    },
    "workspace": {
      "defaultValue": "",
      "type": "string",
      "metadata": {
        "description": "Workspace name for Log Analytics where Microsoft Sentinel is setup"
      }
    }
  },
  "variables": {},
  "resources": [
    {
      "type": "Microsoft.OperationalInsights/workspaces/providers/packages",
      "location": "[parameters('workspace-location')]",
      "apiVersion": "2022-08-01",
      "properties": {
        "packageKind": "Standalone",
        "packageItems": {
          "resources": [
            {
              "type": "Microsoft.OperationalInsights/workspaces/providers/contentTemplates",
              "name": "[concat(parameters('workspace'),'/Microsoft.SecurityInsights/', 'ba144bf8-75b8-406f-9420-ed74397f9479')]",
              "location": "[parameters('workspace-location')]",
              "apiVersion": "2022-08-01",
              "properties": {
                "contentId": "ba144bf8-75b8-406f-9420-ed74397f9479",
                "displayName": "IP with multiple failed Azure AD logins successfully logs in to Palo Alto VPN",
                "contentKind": "AnalyticsRule",
                "mainTemplate": {
                  "$schema": "https://schema.management.azure.com/schemas/2019-04-01/deploymentTemplate.json#",
                  "contentVersion": "1.0.1",
                  "resources": [
                    {
                      "type": "Microsoft.OperationalInsights/workspaces/providers/alertRules",
                      "apiVersion": "2022-04-01-preview",
                      "name": "ba144bf8-75b8-406f-9420-ed74397f9479",
                      "kind": "Scheduled",
                      "location": "[parameters('workspace-location')]",
                      "properties": {
                        "description": "This query creates a list of IP addresses with a number failed login attempts to AAD \nabove a set threshold.  It then looks for any successful Palo Alto VPN logins from any\nof these IPs within the same timeframe.",
                        "displayName": "IP with multiple failed Azure AD logins successfully logs in to Palo Alto VPN",
                        "enabled": false,
                        "query": "//Set a threshold of failed AAD signins from an IP address within 1 day above which we want to deem those logins suspicious.\nlet signin_threshold = 5; \n//Make a list of IPs with AAD signin failures above our threshold.\nlet aadFunc = (tableName:string){\nlet suspicious_signins = \n    table(tableName)\n    //Looking for logon failure results\n    | where ResultType !in (\"0\", \"50125\", \"50140\")\n    //Exclude localhost addresses to reduce the chance of FPs\n    | where IPAddress !in (\"127.0.0.1\", \"::1\")\n    | summarize count() by IPAddress\n    | where count_ >  signin_threshold\n    | summarize make_set(IPAddress);\n    suspicious_signins\n};\nlet aadSignin = aadFunc(\"SigninLogs\");\nlet aadNonInt = aadFunc(\"AADNonInteractiveUserSignInLogs\");\nlet suspicious_signins = \nunion isfuzzy=true aadSignin, aadNonInt\n| summarize make_set(set_IPAddress);\n//See if any of those IPs have sucessfully logged into PA VPNs during the same timeperiod\nCommonSecurityLog\n    //Select only PA VPN sucessful logons\n    | where DeviceVendor == \"Palo Alto Networks\" and DeviceEventClassID == \"globalprotect\"\n    | where Message has \"GlobalProtect gateway user authentication succeeded\"\n    //Parse out the logon source IP from the Message field to match on\n    | extend SourceIP = extract(\"Login from: ([^,]+)\", 1, Message) \n    | where SourceIP in (suspicious_signins)\n    | extend Reason = \"Multiple failed AAD logins from SourceIP\"\n    //Parse out other useful information from Message field\n    | extend User = extract('User name: ([^,]+)', 1, Message) \n    | extend ClientOS = extract('Client OS version: ([^,\\\"]+)', 1, Message)\n    | extend Location = extract('Source region: ([^,]{2})',1, Message)\n    | project TimeGenerated, Reason, SourceIP, User, ClientOS, Location, Message, DeviceName, ReceiptTime, DeviceVendor, DeviceEventClassID, Computer, FileName\n    | extend AccountCustomEntity = User, IPCustomEntity = SourceIP, timestamp = TimeGenerated, HostCustomEntity = DeviceName \n",
                        "queryFrequency": "P1D",
                        "queryPeriod": "P1D",
                        "severity": "Medium",
                        "status": "Available",
                        "suppressionDuration": "PT1H",
                        "suppressionEnabled": false,
                        "triggerOperator": "GreaterThan",
                        "triggerThreshold": 0,
                        "tactics": [
                          "InitialAccess",
                          "CredentialAccess"
                        ],
                        "techniques": [
                          "T1078",
                          "T1110"
                        ],
                        "entityMappings": [
                          {
                            "entityType": "Account",
                            "fieldMappings": [
                              {
                                "columnName": "AccountCustomEntity",
                                "identifier": "FullName"
                              }
                            ]
                          },
                          {
                            "entityType": "Host",
                            "fieldMappings": [
                              {
                                "columnName": "HostCustomEntity",
                                "identifier": "FullName"
                              }
                            ]
                          },
                          {
                            "entityType": "IP",
                            "fieldMappings": [
                              {
                                "columnName": "IPCustomEntity",
                                "identifier": "Address"
                              }
                            ]
                          }
                        ],
                        "requiredDataConnectors": [
                          {
                            "connectorId": "AzureActiveDirectory",
                            "dataTypes": [
                              "SigninLogs"
                            ]
                          },
                          {
                            "connectorId": "AzureActiveDirectory",
                            "dataTypes": [
                              "AADNonInteractiveUserSignInLogs"
                            ]
                          },
                          {
                            "connectorId": "PaloAltoNetworks",
                            "dataTypes": [
                              "CommonSecurityLog"
                            ]
                          }
                        ]
                      }
                    },
                    {
                      "type": "Microsoft.OperationalInsights/workspaces/providers/metadata",
                      "apiVersion": "2021-03-01-preview",
                      "properties": {
                        "description": "This query creates a list of IP addresses with a number failed login attempts to AAD \nabove a set threshold.  It then looks for any successful Palo Alto VPN logins from any\nof these IPs within the same timeframe.",
                        "version": "1.0.1",
                        "author": {
                          "name": "Pete Bryan"
                        },
                        "support": {
                          "tier": "Community",
                          "name": "Community",
                          "link": "https://github.com/Azure/Azure-Sentinel/issues"
                        },
                        "source": {
                          "kind": "Community",
                          "name": "Standalone"
                        },
                        "threatAnalysisTactics": [
                          "InitialAccess",
                          "CredentialAccess"
                        ],
                        "threatAnalyticsTechniques": [
                          "T1078",
                          "T1110"
                        ],
                        "contentId": "ba144bf8-75b8-406f-9420-ed74397f9479",
                        "parentId": "ba144bf8-75b8-406f-9420-ed74397f9479",
                        "kind": "AnalyticsRule",
                        "dependencies": {
                          "operator": "AND",
                          "criteria": [
                            {
                              "contentId": "SigninLogs",
                              "kind": "DataType"
                            },
                            {
                              "contentId": "AADNonInteractiveUserSignInLogs",
                              "kind": "DataType"
                            },
                            {
                              "contentId": "CommonSecurityLog",
                              "kind": "DataType"
                            }
                          ]
                        }
                      }
                    }
                  ]
                }
              }
            }
          ]
        },
        "author": {
          "name": "Pete Bryan"
        },
        "categories": {
          "domains": [
            "Security - Others",
            "Identity"
          ]
        },
        "dependencies": {
          "operator": "AND",
          "criteria": [
            {
              "contentId": "ba144bf8-75b8-406f-9420-ed74397f9479",
              "kind": "AnalyticsRule"
            }
          ]
        },
        "description": "This query creates a list of IP addresses with a number failed login attempts to AAD \nabove a set threshold.  It then looks for any successful Palo Alto VPN logins from any\nof these IPs within the same timeframe.",
        "displayName": "IP with multiple failed Azure AD logins successfully logs in to Palo Alto VPN",
        "packageId": "ba144bf8-75b8-406f-9420-ed74397f9479",
        "source": {
          "kind": "Community",
          "name": "Standalone"
        },
        "support": {
          "tier": "Community",
          "name": "Community",
          "link": "https://github.com/Azure/Azure-Sentinel/issues"
        },
        "threatAnalysisTactics": [
          "InitialAccess",
          "CredentialAccess"
        ],
        "threatAnalyticsTechniques": [
          "T1078",
          "T1110"
        ],
        "version": "1.0.1"
      },
      "name": "[concat(parameters('workspace'),'/Microsoft.SecurityInsights/', 'ba144bf8-75b8-406f-9420-ed74397f9479')]"
    }
  ]
}