{
  "$schema": "https://schema.management.azure.com/schemas/2019-04-01/deploymentTemplate.json#",
  "contentVersion": "1.0.0.0",
  "parameters": {
    "location": {
      "type": "string",
      "minLength": 1,
      "defaultValue": "[resourceGroup().location]",
      "metadata": {
        "description": "Not used, but needed to pass arm-ttk test `Location-Should-Not-Be-Hardcoded`.  We instead use the `workspace-location` which is derived from the LA workspace"
      }
    },
    "workspace-location": {
      "type": "string",
      "defaultValue": "",
      "metadata": {
        "description": "[concat('Region to deploy solution resources -- separate from location selection',parameters('location'))]"
      }
    },
    "workspace": {
      "defaultValue": "",
      "type": "string",
      "metadata": {
        "description": "Workspace name for Log Analytics where Microsoft Sentinel is setup"
      }
    }
  },
  "variables": {},
  "resources": [
    {
      "type": "Microsoft.OperationalInsights/workspaces/providers/packages",
      "location": "[parameters('workspace-location')]",
      "apiVersion": "2022-08-01",
      "properties": {
        "packageKind": "Standalone",
        "packageItems": {
          "resources": [
            {
              "type": "Microsoft.OperationalInsights/workspaces/providers/contentTemplates",
              "name": "[concat(parameters('workspace'),'/Microsoft.SecurityInsights/', 'a523786c-8382-4029-80e9-f1a7ecd067c1')]",
              "location": "[parameters('workspace-location')]",
              "kind": "shared",
              "apiVersion": "2022-08-01",
              "properties": {
                "contentId": "a523786c-8382-4029-80e9-f1a7ecd067c1",
                "displayName": "Suspect Mailbox Export on IIS/OWA",
                "contentKind": "HuntingQuery",
                "mainTemplate": {
                  "$schema": "https://schema.management.azure.com/schemas/2019-04-01/deploymentTemplate.json#",
                  "contentVersion": "1.0.0",
                  "resources": [
                    {
                      "type": "Microsoft.OperationalInsights/savedSearches",
                      "apiVersion": "2020-08-01",
                      "name": "a523786c-8382-4029-80e9-f1a7ecd067c1",
                      "location": "[parameters('workspace-location')]",
                      "properties": {
                        "eTag": "*",
                        "displayName": "Suspect Mailbox Export on IIS/OWA",
                        "category": "Hunting Queries",
                        "query": "\nlet excludeIps = dynamic([\"127.0.0.1\", \"::1\"]);\nlet scriptingExt = dynamic([\"aspx\", \"ashx\", \"asp\"]);\nW3CIISLog\n| where csUriStem contains \"/owa/\"\n//The actor pulls a file back but won't send it any URI params\n| where isempty(csUriQuery)\n| extend file_ext = tostring(split(csUriStem, \".\")[-1])\n//Giving your file a known scripting extension will throw an error\n//rather than just serving the file as it will try to interpret the script\n| where file_ext !in~ (scriptingExt)\n//The actor was seen using image files, but we go wider in case they change this behaviour\n//| where file_ext in~ (\"jpg\", \"jpeg\", \"png\", \"bmp\")\n| extend file_name = tostring(split(csUriStem, \"/\")[-1])\n| where file_name != \"\"\n| where cIP !in~ (excludeIps)\n//Exclude local addresses, using the ipv4_is_private operator\n| where ipv4_is_private(cIP) == false and  cIP !startswith \"fe80\" and cIP !startswith \"::\" and cIP !startswith \"127.\"\n| project file_ext, csUriStem, file_name, Computer, cIP, sIP, TenantId, TimeGenerated\n| summarize StartTime = min(TimeGenerated), EndTime = max(TimeGenerated), dcount(cIP), AccessingIPs=make_set(cIP), AccessTimes=make_set(TimeGenerated), Access=count() by TenantId, file_name, Computer, csUriStem\n//Collection of the exfiltration will occur only once, lets check for 2 accesses in case they mess up\n//Tailor this for hunting\n| where Access <= 2 and dcount_cIP == 1\n| extend timestamp = StartTime, HostCustomEntity = Computer\n",
                        "version": 2,
                        "tags": [
                          {
                            "name": "description",
                            "value": "The hunting query looks for suspicious files accessed on a IIS server that might indicate exfiltration hosting.\nThis technique has been observed when exporting mailbox files from OWA servers.\nReference: https://www.volexity.com/blog/2020/12/14/dark-halo-leverages-solarwinds-compromise-to-breach-organizations/"
                          },
                          {
                            "name": "techniques",
                            "value": ""
                          },
                          {
                            "name": "tactics",
                            "value": "Exfiltration"
                          }
                        ]
                      }
                    },
                    {
                      "type": "Microsoft.OperationalInsights/workspaces/providers/metadata",
                      "apiVersion": "2021-03-01-preview",
                      "name": "[concat(parameters('workspace'),'/Microsoft.SecurityInsights/',concat('huntingQuery-', 'a523786c-8382-4029-80e9-f1a7ecd067c1'))]",
                      "properties": {
                        "description": "The hunting query looks for suspicious files accessed on a IIS server that might indicate exfiltration hosting.\nThis technique has been observed when exporting mailbox files from OWA servers.\nReference: https://www.volexity.com/blog/2020/12/14/dark-halo-leverages-solarwinds-compromise-to-breach-organizations/",
                        "version": "1.0.0",
                        "author": {
                          "name": "Pete Bryan"
                        },
                        "support": {
                          "tier": "Community",
                          "name": "Community",
                          "link": "https://github.com/Azure/Azure-Sentinel/issues"
                        },
                        "source": {
                          "kind": "Community",
                          "name": "Standalone"
                        },
                        "threatAnalysisTactics": [
                          "Exfiltration"
                        ],
                        "threatAnalyticsTechniques": [
                          "T1567"
                        ],
                        "contentId": "a523786c-8382-4029-80e9-f1a7ecd067c1",
                        "parentId": "a523786c-8382-4029-80e9-f1a7ecd067c1",
                        "kind": "HuntingQuery",
                        "dependencies": {
                          "operator": "AND",
                          "criteria": [
                            {
                              "contentId": "W3CIISLog",
                              "kind": "DataType"
                            }
                          ]
                        }
                      }
                    }
                  ]
                }
              }
            }
          ]
        },
        "author": {
          "name": "Pete Bryan"
        },
        "categories": {
          "domains": [
            "Security - Threat Protection"
          ]
        },
        "dependencies": {
          "operator": "AND",
          "criteria": [
            {
              "contentId": "a523786c-8382-4029-80e9-f1a7ecd067c1",
              "kind": "HuntingQuery"
            }
          ]
        },
        "description": "The hunting query looks for suspicious files accessed on a IIS server that might indicate exfiltration hosting.\nThis technique has been observed when exporting mailbox files from OWA servers.\nReference: https://www.volexity.com/blog/2020/12/14/dark-halo-leverages-solarwinds-compromise-to-breach-organizations/",
        "displayName": "Suspect Mailbox Export on IIS/OWA",
        "packageId": "a523786c-8382-4029-80e9-f1a7ecd067c1",
        "source": {
          "kind": "Community",
          "name": "Standalone"
        },
        "support": {
          "tier": "Community",
          "name": "Community",
          "link": "https://github.com/Azure/Azure-Sentinel/issues"
        },
        "threatAnalysisTactics": [
          "Exfiltration"
        ],
        "threatAnalyticsTechniques": [
          "T1567"
        ],
        "version": "1.0.0"
      },
      "name": "a523786c-8382-4029-80e9-f1a7ecd067c1"
    }
  ]
}