{
  "$schema": "https://schema.management.azure.com/schemas/2019-04-01/deploymentTemplate.json#",
  "contentVersion": "1.0.0.0",
  "parameters": {
    "location": {
      "type": "string",
      "minLength": 1,
      "defaultValue": "[resourceGroup().location]",
      "metadata": {
        "description": "Not used, but needed to pass arm-ttk test `Location-Should-Not-Be-Hardcoded`.  We instead use the `workspace-location` which is derived from the LA workspace"
      }
    },
    "workspace-location": {
      "type": "string",
      "defaultValue": "",
      "metadata": {
        "description": "[concat('Region to deploy solution resources -- separate from location selection',parameters('location'))]"
      }
    },
    "workspace": {
      "defaultValue": "",
      "type": "string",
      "metadata": {
        "description": "Workspace name for Log Analytics where Microsoft Sentinel is setup"
      }
    }
  },
  "variables": {},
  "resources": [
    {
      "type": "Microsoft.OperationalInsights/workspaces/providers/packages",
      "location": "[parameters('workspace-location')]",
      "apiVersion": "2022-08-01",
      "properties": {
        "packageKind": "Standalone",
        "packageItems": {
          "resources": [
            {
              "type": "Microsoft.OperationalInsights/workspaces/providers/contentTemplates",
              "name": "[concat(parameters('workspace'),'/Microsoft.SecurityInsights/', 'cf83633e-5dfd-4887-993b-c910452439da')]",
              "location": "[parameters('workspace-location')]",
              "kind": "shared",
              "apiVersion": "2022-08-01",
              "properties": {
                "contentId": "cf83633e-5dfd-4887-993b-c910452439da",
                "displayName": "Failed attempt to access Azure Portal",
                "contentKind": "HuntingQuery",
                "mainTemplate": {
                  "$schema": "https://schema.management.azure.com/schemas/2019-04-01/deploymentTemplate.json#",
                  "contentVersion": "1.0.0",
                  "resources": [
                    {
                      "type": "Microsoft.OperationalInsights/savedSearches",
                      "apiVersion": "2020-08-01",
                      "name": "cf83633e-5dfd-4887-993b-c910452439da",
                      "location": "[parameters('workspace-location')]",
                      "properties": {
                        "eTag": "*",
                        "displayName": "Failed attempt to access Azure Portal",
                        "category": "Hunting Queries",
                        "query": "\nSigninLogs\n| where AppDisplayName contains \"Azure Portal\"\n// 50126 - Invalid username or password, or invalid on-premises username or password.\n// 50020? - The user doesn't exist in the tenant.\n| where ResultType in ( \"50126\" , \"50020\")\n| extend OS = DeviceDetail.operatingSystem, Browser = DeviceDetail.browser\n| extend StatusCode = tostring(Status.errorCode), StatusDetails = tostring(Status.additionalDetails)\n| extend State = tostring(LocationDetails.state), City = tostring(LocationDetails.city)\n| summarize StartTime = min(TimeGenerated), EndTime = max(TimeGenerated), IPAddresses = makeset(IPAddress), DistinctIPCount = dcount(IPAddress), \nmakeset(OS), makeset(Browser), makeset(City), AttemptCount = count() \nby UserDisplayName, UserPrincipalName, AppDisplayName, ResultType, ResultDescription, StatusCode, StatusDetails, Location, State\n| extend timestamp = StartTime, AccountCustomEntity = UserPrincipalName\n| sort by AttemptCount\n",
                        "version": 2,
                        "tags": [
                          {
                            "name": "description",
                            "value": "Access attempts to Azure Portal from an unauthorized user. Either invalid password or the user account does not exist."
                          },
                          {
                            "name": "techniques",
                            "value": ""
                          },
                          {
                            "name": "tactics",
                            "value": "InitialAccess"
                          }
                        ]
                      }
                    },
                    {
                      "type": "Microsoft.OperationalInsights/workspaces/providers/metadata",
                      "apiVersion": "2021-03-01-preview",
                      "name": "[concat(parameters('workspace'),'/Microsoft.SecurityInsights/',concat('huntingQuery-', 'cf83633e-5dfd-4887-993b-c910452439da'))]",
                      "properties": {
                        "description": "Access attempts to Azure Portal from an unauthorized user. Either invalid password or the user account does not exist.",
                        "version": "1.0.0",
                        "author": {
                          "name": "Shain"
                        },
                        "support": {
                          "tier": "Community",
                          "name": "Community",
                          "link": "https://github.com/Azure/Azure-Sentinel/issues"
                        },
                        "source": {
                          "kind": "Community",
                          "name": "Standalone"
                        },
                        "threatAnalysisTactics": [
                          "InitialAccess"
                        ],
                        "threatAnalyticsTechniques": [
                          "T1078"
                        ],
                        "contentId": "cf83633e-5dfd-4887-993b-c910452439da",
                        "parentId": "cf83633e-5dfd-4887-993b-c910452439da",
                        "kind": "HuntingQuery",
                        "dependencies": {
                          "operator": "AND",
                          "criteria": [
                            {
                              "contentId": "SigninLogs",
                              "kind": "DataType"
                            }
                          ]
                        }
                      }
                    }
                  ]
                }
              }
            }
          ]
        },
        "author": {
          "name": "Shain"
        },
        "categories": {
          "domains": [
            "Security - Other",
            "Identity"
          ]
        },
        "dependencies": {
          "operator": "AND",
          "criteria": [
            {
              "contentId": "cf83633e-5dfd-4887-993b-c910452439da",
              "kind": "HuntingQuery"
            }
          ]
        },
        "description": "Access attempts to Azure Portal from an unauthorized user. Either invalid password or the user account does not exist.",
        "displayName": "Failed attempt to access Azure Portal",
        "packageId": "cf83633e-5dfd-4887-993b-c910452439da",
        "source": {
          "kind": "Community",
          "name": "Standalone"
        },
        "support": {
          "tier": "Community",
          "name": "Community",
          "link": "https://github.com/Azure/Azure-Sentinel/issues"
        },
        "threatAnalysisTactics": [
          "InitialAccess"
        ],
        "threatAnalyticsTechniques": [
          "T1078"
        ],
        "version": "1.0.0"
      },
      "name": "cf83633e-5dfd-4887-993b-c910452439da"
    }
  ]
}