{
  "$schema": "https://schema.management.azure.com/schemas/2019-04-01/deploymentTemplate.json#",
  "contentVersion": "1.0",
  "parameters": {
    "location": {
      "type": "string",
      "minLength": 1,
      "defaultValue": "[resourceGroup().location]",
      "metadata": {
        "description": "Not used, but needed to pass arm-ttk test `Location-Should-Not-Be-Hardcoded`.  We instead use the `workspace-location` which is derived from the LA workspace"
      }
    },
    "workspace": {
      "defaultValue": "",
      "type": "string",
      "metadata": {
        "description": "Workspace name for Log Analytics where Microsoft Sentinel is setup"
      }
    },
    "workspace-location": {
      "type": "string",
      "defaultValue": "",
      "metadata": {
        "description": "[concat('Region to deploy solution resources -- separate from location selection',parameters('location'))]"
      }
    }
  },
  "resources": [
    {
      "type": "Microsoft.OperationalInsights/workspaces/providers/contentTemplates",
      "name": "[concat(parameters('workspace'),'/Microsoft.SecurityInsights/',concat(concat(parameters('workspace'),'-pl-',uniquestring('ProofpointTAP-CheckAccountInVAP')),'1.0'))]",
      "location": "[parameters('workspace-location')]",
      "apiVersion": "2023-04-01-preview",
      "dependsOn": [
        "[extensionResourceId(resourceId('Microsoft.OperationalInsights/workspaces', parameters('workspace')), 'Microsoft.SecurityInsights/contentPackages', 'azuresentinel.azure-sentinel-proofpoint')]"
      ],
      "properties": {
        "contentId": "ProofpointTAP-CheckAccountInVAP",
        "displayName": " ProofpointTAP-CheckAccountInVAP",
        "contentKind": "Playbook",
        "mainTemplate": {
          "$schema": "https://schema.management.azure.com/schemas/2019-04-01/deploymentTemplate.json#",
          "contentVersion": "1.0",
          "parameters": {
            "PlaybookName": {
              "defaultValue": "ProofpointTAP-CheckAccountInVAP",
              "type": "String"
            },
            "customApis_ProofpointTAP_name": {
              "defaultValue": "ProofpointTAP",
              "type": "string"
            }
          },
          "variables": {
            "AzureSentinelConnectionName": "[[concat('azuresentinel-', parameters('PlaybookName'))]",
            "ProofpointTAPCustomAPIConnectionName": "[[concat('proofpointtap-connection-', parameters('PlaybookName'))]",
            "connection-1": "[[concat('/subscriptions/', subscription().subscriptionId, '/providers/Microsoft.Web/locations/', variables('workspace-location-inline'), '/managedApis/azuresentinel')]",
            "_connection-1": "[[variables('connection-1')]",
            "connection-2": "[[concat('/subscriptions/', subscription().subscriptionId, '/resourceGroups/', resourceGroup().name, '/providers/Microsoft.Web/customApis/', parameters('customApis_proofpointtap_name'))]",
            "_connection-2": "[[variables('connection-2')]",
            "workspace-location-inline": "[concat('[resourceGroup().locatio', 'n]')]",
            "workspace-name": "[parameters('workspace')]",
            "workspaceResourceId": "[[resourceId('microsoft.OperationalInsights/Workspaces', variables('workspace-name'))]"
          },
          "resources": [
            {
              "type": "Microsoft.Web/connections",
              "apiVersion": "2016-06-01",
              "name": "[[variables('AzureSentinelConnectionName')]",
              "location": "[[variables('workspace-location-inline')]",
              "properties": {
                "displayName": "[[variables('AzureSentinelConnectionName')]",
                "api": {
                  "id": "[[variables('_connection-1')]"
                }
              }
            },
            {
              "type": "Microsoft.Web/connections",
              "apiVersion": "2016-06-01",
              "name": "[[variables('ProofpointTAPCustomAPIConnectionName')]",
              "location": "[[variables('workspace-location-inline')]",
              "kind": "V1",
              "properties": {
                "displayName": "[[variables('ProofpointTAPCustomAPIConnectionName')]",
                "api": {
                  "id": "[[variables('_connection-2')]"
                }
              }
            },
            {
              "type": "Microsoft.Logic/workflows",
              "apiVersion": "2017-07-01",
              "name": "[[parameters('PlaybookName')]",
              "location": "[[variables('workspace-location-inline')]",
              "dependsOn": [
                "[[resourceId('Microsoft.Web/connections', variables('AzureSentinelConnectionName'))]",
                "[[resourceId('Microsoft.Web/connections', variables('ProofpointTAPCustomAPIConnectionName'))]"
              ],
              "properties": {
                "state": "Enabled",
                "definition": {
                  "$schema": "https://schema.management.azure.com/providers/Microsoft.Logic/schemas/2016-06-01/workflowdefinition.json#",
                  "actions": {
                    "Condition": {
                      "actions": {
                        "Add_comment_to_incident_(V3)": {
                          "inputs": {
                            "body": {
                              "incidentArmId": "@body('Change_incident_severity_to_high')?['id']",
                              "message": "<p><strong></strong><strong>@{outputs('Create_logo')}</strong><strong>ProofpointTAP CheckAccountInVAP Playbook</strong><br>\nThe following users are in VAP list:<br>\n@{body('Create_HTML_table')}</p>"
                            },
                            "host": {
                              "connection": {
                                "name": "@parameters('$connections')['azuresentinel']['connectionId']"
                              }
                            },
                            "method": "post",
                            "path": "/Incidents/Comment"
                          },
                          "runAfter": {
                            "Create_logo": [
                              "Succeeded"
                            ]
                          },
                          "type": "ApiConnection"
                        },
                        "Change_incident_severity_to_high": {
                          "inputs": {
                            "body": {
                              "incidentArmId": "@triggerBody()?['object']?['id']",
                              "severity": "High"
                            },
                            "host": {
                              "connection": {
                                "name": "@parameters('$connections')['azuresentinel']['connectionId']"
                              }
                            },
                            "method": "put",
                            "path": "/Incidents"
                          },
                          "type": "ApiConnection"
                        },
                        "Create_HTML_table": {
                          "inputs": {
                            "format": "HTML",
                            "from": "@variables('incident_vap_emails')"
                          },
                          "runAfter": {
                            "Change_incident_severity_to_high": [
                              "Succeeded"
                            ]
                          },
                          "type": "Table"
                        },
                        "Create_logo": {
                          "inputs": "<img src=\"https://github.com/Azure/Azure-Sentinel/raw/master/Playbooks/ProofpointTAP/ProofpointTAPConnector/proofpointlogo.png\"  width=\"32\" height=\"32\">",
                          "runAfter": {
                            "Create_HTML_table": [
                              "Succeeded"
                            ]
                          },
                          "type": "Compose"
                        }
                      },
                      "expression": {
                        "and": [
                          {
                            "greater": [
                              "@length(variables('incident_vap_emails'))",
                              0
                            ]
                          }
                        ]
                      },
                      "runAfter": {
                        "Initialize_variable": [
                          "Succeeded"
                        ]
                      },
                      "type": "If"
                    },
                    "Entities_-_Get_Accounts": {
                      "inputs": {
                        "body": "@triggerBody()?['object']?['properties']?['relatedEntities']",
                        "host": {
                          "connection": {
                            "name": "@parameters('$connections')['azuresentinel']['connectionId']"
                          }
                        },
                        "method": "post",
                        "path": "/entities/account"
                      },
                      "type": "ApiConnection"
                    },
                    "Filter_array": {
                      "description": "Filter \"emails\" array with emails that are present in \"vap_emails\" array",
                      "inputs": {
                        "from": "@variables('emails')",
                        "where": "@contains(variables('vap_emails'), item())"
                      },
                      "runAfter": {
                        "For_each_user_from_\"Get_Very_Attacked_People\"_action_": [
                          "Succeeded"
                        ]
                      },
                      "type": "Query"
                    },
                    "For_each_account_in_incident": {
                      "actions": {
                        "Append_to_array_variable": {
                          "description": "Parsing email from Account object and adding it to \"emails\" variable.",
                          "inputs": {
                            "name": "emails",
                            "value": "@concat(trim(replace(replace(replace(item()?['Name'], '\"', ''), '[', ''), ']', '')), '@', trim(replace(replace(replace(item()?['UPNSuffix'], '\"', ''), '[', ''), ']', '')))"
                          },
                          "type": "AppendToArrayVariable"
                        }
                      },
                      "foreach": "@body('Entities_-_Get_Accounts')?['Accounts']",
                      "runAfter": {
                        "Initialize_variable_\"emails\"": [
                          "Succeeded"
                        ]
                      },
                      "type": "Foreach"
                    },
                    "For_each_user_from_\"Get_Very_Attacked_People\"_action_": {
                      "actions": {
                        "For_each_user's_email": {
                          "actions": {
                            "Append_user's_email_to_\"vap_emails\"_variable": {
                              "inputs": {
                                "name": "vap_emails",
                                "value": "@items('For_each_user''s_email')"
                              },
                              "type": "AppendToArrayVariable"
                            }
                          },
                          "foreach": "@items('For_each_user_from_\"Get_Very_Attacked_People\"_action_')?['identity']?['emails']",
                          "type": "Foreach"
                        }
                      },
                      "foreach": "@body('Get_Very_Attacked_People')?['users']",
                      "runAfter": {
                        "Initialize_variable_\"vap_emails\"": [
                          "Succeeded"
                        ]
                      },
                      "type": "Foreach"
                    },
                    "Get_Very_Attacked_People": {
                      "inputs": {
                        "host": {
                          "connection": {
                            "name": "@parameters('$connections')['proofpointtapapi']['connectionId']"
                          }
                        },
                        "method": "get",
                        "path": "/v2/people/vap",
                        "queries": {
                          "page": 1,
                          "size": 1000,
                          "window": 14
                        }
                      },
                      "runAfter": {
                        "For_each_account_in_incident": [
                          "Succeeded"
                        ]
                      },
                      "type": "ApiConnection"
                    },
                    "Initialize_variable": {
                      "inputs": {
                        "variables": [
                          {
                            "name": "incident_vap_emails",
                            "type": "array",
                            "value": "@body('Filter_array')"
                          }
                        ]
                      },
                      "runAfter": {
                        "Filter_array": [
                          "Succeeded"
                        ]
                      },
                      "type": "InitializeVariable"
                    },
                    "Initialize_variable_\"emails\"": {
                      "description": "This variable will contain emails from incident.",
                      "inputs": {
                        "variables": [
                          {
                            "name": "emails",
                            "type": "array"
                          }
                        ]
                      },
                      "runAfter": {
                        "Entities_-_Get_Accounts": [
                          "Succeeded"
                        ]
                      },
                      "type": "InitializeVariable"
                    },
                    "Initialize_variable_\"vap_emails\"": {
                      "description": "This variable will contain emails from \"Get Very Attacked People\" action",
                      "inputs": {
                        "variables": [
                          {
                            "name": "vap_emails",
                            "type": "array"
                          }
                        ]
                      },
                      "runAfter": {
                        "Get_Very_Attacked_People": [
                          "Succeeded"
                        ]
                      },
                      "type": "InitializeVariable"
                    }
                  },
                  "contentVersion": "1.0.0.0",
                  "parameters": {
                    "$connections": {
                      "type": "Object"
                    }
                  },
                  "triggers": {
                    "When_Azure_Sentinel_incident_creation_rule_was_triggered": {
                      "inputs": {
                        "body": {
                          "callback_url": "@{listCallbackUrl()}"
                        },
                        "host": {
                          "connection": {
                            "name": "@parameters('$connections')['azuresentinel']['connectionId']"
                          }
                        },
                        "path": "/incident-creation"
                      },
                      "type": "ApiConnectionWebhook"
                    }
                  }
                },
                "parameters": {
                  "$connections": {
                    "value": {
                      "azuresentinel": {
                        "connectionName": "[[variables('AzureSentinelConnectionName')]",
                        "connectionId": "[[resourceId('Microsoft.Web/connections', variables('AzureSentinelConnectionName'))]",
                        "id": "[[concat('/subscriptions/',subscription().subscriptionId, '/providers/Microsoft.Web/locations/',variables('workspace-location-inline'),'/managedApis/azuresentinel')]"
                      },
                      "proofpointtapapi": {
                        "connectionId": "[[resourceId('Microsoft.Web/connections', variables('ProofpointTAPCustomAPIConnectionName'))]",
                        "connectionName": "[[variables('ProofpointTAPCustomAPIConnectionName')]",
                        "id": "[[concat('/subscriptions/', subscription().subscriptionId, '/resourceGroups/', resourceGroup().name, '/providers/Microsoft.Web/customApis/', parameters('customApis_proofpointtap_name'))]"
                      }
                    }
                  }
                }
              },
              "tags": {
                "hidden-SentinelWorkspaceId": "[[resourceId('microsoft.OperationalInsights/Workspaces', parameters('workspace'))]"
              }
            },
            {
              "type": "Microsoft.OperationalInsights/workspaces/providers/metadata",
              "apiVersion": "2022-01-01-preview",
              "name": "[concat(parameters('workspace'),'/Microsoft.SecurityInsights/',concat('Playbook-', last(split(resourceId('Microsoft.Logic/workflows', 'ProofpointTAP-CheckAccountInVAP'),'/'))))]",
              "properties": {
                "parentId": "[resourceId('Microsoft.Logic/workflows', 'ProofpointTAP-CheckAccountInVAP')]",
                "contentId": "ProofpointTAP-CheckAccountInVAP",
                "kind": "Playbook",
                "version": "1.0",
                "source": {
                  "kind": "Solution",
                  "name": "ProofPointTap",
                  "sourceId": "azuresentinel.azure-sentinel-proofpoint"
                },
                "author": {
                  "name": "Microsoft",
                  "email": "support@microsoft.com"
                },
                "support": {
                  "tier": "Microsoft",
                  "name": "Microsoft Corporation",
                  "email": "support@microsoft.com",
                  "link": "https://support.microsoft.com/"
                },
                "dependencies": {
                  "criteria": [
                    {
                      "kind": "LogicAppsCustomConnector",
                      "contentId": "ProofpointTAPConnector",
                      "version": "1.0"
                    }
                  ]
                }
              }
            }
          ],
          "metadata": {
            "title": " ProofpointTAP-CheckAccountInVAP",
            "description": "Once a new sentinel incident is created, this playbook gets triggered and performs the following actions:\n\n1. Gets [Very Attacked People](https://help.proofpoint.com/Threat_Insight_Dashboard/API_Documentation/People_API#.2Fv2.2Fpeople.2Fvap) for the latest 14 days.\n\n 2. Enriches the incident with information whether incident's users are in VAP list and changes incident severity.",
            "prerequisites": [
              "1. ProofpointTAP Custom Connector has to be deployed prior to the deployment of this playbook under the same subscription.",
              "2. ProofpointTAP API credentials are required. Refer to ProofpointTAP Custom Connector documentation."
            ],
            "postDeployment": [
              "**a. Authorize connections**",
              "Once deployment is complete, authorize each connection.",
              "1.Click the MicroSoft Sentinel connection resource",
              "2.Click edit API connection",
              "3.Click Authorize",
              "4.Sign in",
              "5.Click Save",
              "6.Repeat steps for Proofpoint TAP connector API Connection. Provide the Service Principal and the secret for authorizing.",
              "**b. Configurations in Sentinel**",
              "1.In MicroSoft Sentinel, analytical rules have to be configured to trigger an incident with risky user account. In the *Entity maping* section of the analytics rule creation workflow, user's email has to be mapped to **FullName** identitfier of the **Account** entity type. Check the [documentation](https://docs.microsoft.com/azure/sentinel/map-data-fields-to-entities) to learn more about mapping entities.",
              "2.Configure the automation rules to trigger the playbooks."
            ],
            "lastUpdateTime": "2022-08-04T00:00:00Z",
            "entities": [
              "Account"
            ],
            "releaseNotes": [
              {
                "version": "1.0.0",
                "title": "ProofpointTAP-CheckAccountInVAP",
                "notes": [
                  "Initial version"
                ]
              }
            ]
          }
        },
        "packageKind": "Solution",
        "packageVersion": "2.0.3",
        "packageName": "Proofpoint TAP Solution",
        "packageId": "azuresentinel.azure-sentinel-proofpoint",
        "contentProductId": "azuresentinel.azure-sentinel-proofpoint-pl-4ayz2g2kq256g",
        "id": "azuresentinel.azure-sentinel-proofpoint-pl-4ayz2g2kq256g",
        "contentSchemaVersion": "3.0.0"
      }
    }
  ]
}