{
  "$schema": "https://schema.management.azure.com/schemas/2019-04-01/deploymentTemplate.json#",
  "contentVersion": "1.0.0.0",
  "parameters": {
    "location": {
      "type": "string",
      "minLength": 1,
      "defaultValue": "[resourceGroup().location]",
      "metadata": {
        "description": "Not used, but needed to pass arm-ttk test `Location-Should-Not-Be-Hardcoded`.  We instead use the `workspace-location` which is derived from the LA workspace"
      }
    },
    "workspace-location": {
      "type": "string",
      "defaultValue": "",
      "metadata": {
        "description": "[concat('Region to deploy solution resources -- separate from location selection',parameters('location'))]"
      }
    },
    "workspace": {
      "defaultValue": "",
      "type": "string",
      "metadata": {
        "description": "Workspace name for Log Analytics where Microsoft Sentinel is setup"
      }
    }
  },
  "variables": {},
  "resources": [
    {
      "type": "Microsoft.OperationalInsights/workspaces/providers/packages",
      "location": "[parameters('workspace-location')]",
      "apiVersion": "2022-08-01",
      "properties": {
        "packageKind": "Standalone",
        "packageItems": {
          "resources": [
            {
              "type": "Microsoft.OperationalInsights/workspaces/providers/contentTemplates",
              "name": "[concat(parameters('workspace'),'/Microsoft.SecurityInsights/', '0a8f410d-38b5-4d75-90da-32b472b97230')]",
              "location": "[parameters('workspace-location')]",
              "kind": "shared",
              "apiVersion": "2022-08-01",
              "properties": {
                "contentId": "0a8f410d-38b5-4d75-90da-32b472b97230",
                "displayName": "Non-owner mailbox login activity",
                "contentKind": "HuntingQuery",
                "mainTemplate": {
                  "$schema": "https://schema.management.azure.com/schemas/2019-04-01/deploymentTemplate.json#",
                  "contentVersion": "1.0.0",
                  "resources": [
                    {
                      "type": "Microsoft.OperationalInsights/savedSearches",
                      "apiVersion": "2020-08-01",
                      "name": "0a8f410d-38b5-4d75-90da-32b472b97230",
                      "location": "[parameters('workspace-location')]",
                      "properties": {
                        "eTag": "*",
                        "displayName": "Non-owner mailbox login activity",
                        "category": "Hunting Queries",
                        "query": "\nOfficeActivity\n| where Operation == \"MailboxLogin\" and Logon_Type != \"Owner\" \n| summarize StartTime = min(TimeGenerated), EndTime = max(TimeGenerated), count() by Operation, OrganizationName, UserType, UserId, MailboxOwnerUPN, Logon_Type, ClientIP\n| extend timestamp = StartTime, AccountCustomEntity = UserId, IPCustomEntity = ClientIP\n",
                        "version": 2,
                        "tags": [
                          {
                            "name": "description",
                            "value": "'This will help you determine if mailbox access observed with Admin/Delegate Logontype. \nThe logon type indicates mailbox accessed from non-owner user. Exchange allows Admin \nand delegate permissions to access other user's inbox.\nIf your organization has valid admin, delegate access given to users, you can whitelist those and investigate other results.\nReferences: https://docs.microsoft.com/office/office-365-management-api/office-365-management-activity-api-schema#logontype'\n"
                          },
                          {
                            "name": "techniques",
                            "value": ""
                          },
                          {
                            "name": "tactics",
                            "value": "Collection,Exfiltration"
                          }
                        ]
                      }
                    },
                    {
                      "type": "Microsoft.OperationalInsights/workspaces/providers/metadata",
                      "apiVersion": "2021-03-01-preview",
                      "name": "[concat(parameters('workspace'),'/Microsoft.SecurityInsights/',concat('huntingQuery-', '0a8f410d-38b5-4d75-90da-32b472b97230'))]",
                      "properties": {
                        "description": "'This will help you determine if mailbox access observed with Admin/Delegate Logontype. \nThe logon type indicates mailbox accessed from non-owner user. Exchange allows Admin \nand delegate permissions to access other user's inbox.\nIf your organization has valid admin, delegate access given to users, you can whitelist those and investigate other results.\nReferences: https://docs.microsoft.com/office/office-365-management-api/office-365-management-activity-api-schema#logontype'\n",
                        "version": "1.0.0",
                        "author": {
                          "name": "Community"
                        },
                        "support": {
                          "name": "Community",
                          "link": "https://github.com/Azure/Azure-Sentinel/issues",
                          "tier": "Community"
                        },
                        "source": {
                          "kind": "Community",
                          "name": "Standalone"
                        },
                        "threatAnalysisTactics": [
                          "Collection",
                          "Exfiltration"
                        ],
                        "threatAnalyticsTechniques": [
                          "T1114",
                          "T1020"
                        ],
                        "contentId": "0a8f410d-38b5-4d75-90da-32b472b97230",
                        "parentId": "0a8f410d-38b5-4d75-90da-32b472b97230",
                        "kind": "HuntingQuery",
                        "dependencies": {
                          "operator": "AND",
                          "criteria": [
                            {
                              "contentId": "OfficeActivity (Exchange)",
                              "kind": "DataType"
                            }
                          ]
                        }
                      }
                    }
                  ]
                }
              }
            }
          ]
        },
        "author": {
          "name": "Community"
        },
        "dependencies": {
          "operator": "AND",
          "criteria": [
            {
              "contentId": "0a8f410d-38b5-4d75-90da-32b472b97230",
              "kind": "HuntingQuery"
            }
          ]
        },
        "description": "'This will help you determine if mailbox access observed with Admin/Delegate Logontype. \nThe logon type indicates mailbox accessed from non-owner user. Exchange allows Admin \nand delegate permissions to access other user's inbox.\nIf your organization has valid admin, delegate access given to users, you can whitelist those and investigate other results.\nReferences: https://docs.microsoft.com/office/office-365-management-api/office-365-management-activity-api-schema#logontype'\n",
        "displayName": "Non-owner mailbox login activity",
        "packageId": "0a8f410d-38b5-4d75-90da-32b472b97230",
        "source": {
          "kind": "Community",
          "name": "Standalone"
        },
        "support": {
          "name": "Community",
          "link": "https://github.com/Azure/Azure-Sentinel/issues",
          "tier": "Community"
        },
        "threatAnalysisTactics": [
          "Collection",
          "Exfiltration"
        ],
        "threatAnalyticsTechniques": [
          "T1114",
          "T1020"
        ],
        "version": "1.0.0"
      },
      "name": "0a8f410d-38b5-4d75-90da-32b472b97230"
    }
  ]
}