{
  "$schema": "https://schema.management.azure.com/schemas/2019-04-01/deploymentTemplate.json#",
  "contentVersion": "1.0.0.0",
  "parameters": {
    "location": {
      "type": "string",
      "minLength": 1,
      "defaultValue": "[resourceGroup().location]",
      "metadata": {
        "description": "Not used, but needed to pass arm-ttk test `Location-Should-Not-Be-Hardcoded`.  We instead use the `workspace-location` which is derived from the LA workspace"
      }
    },
    "workspace-location": {
      "type": "string",
      "defaultValue": "",
      "metadata": {
        "description": "[concat('Region to deploy solution resources -- separate from location selection',parameters('location'))]"
      }
    },
    "workspace": {
      "defaultValue": "",
      "type": "string",
      "metadata": {
        "description": "Workspace name for Log Analytics where Microsoft Sentinel is setup"
      }
    }
  },
  "variables": {},
  "resources": [
    {
      "type": "Microsoft.OperationalInsights/workspaces/providers/packages",
      "location": "[parameters('workspace-location')]",
      "apiVersion": "2022-08-01",
      "properties": {
        "packageKind": "Standalone",
        "packageItems": {
          "resources": [
            {
              "type": "Microsoft.OperationalInsights/workspaces/providers/contentTemplates",
              "name": "[concat(parameters('workspace'),'/Microsoft.SecurityInsights/', '8699df3f-f89e-431f-9dea-056c4ce7014a')]",
              "location": "[parameters('workspace-location')]",
              "kind": "shared",
              "apiVersion": "2022-08-01",
              "properties": {
                "contentId": "8699df3f-f89e-431f-9dea-056c4ce7014a",
                "displayName": "User returning more data than daily average",
                "contentKind": "HuntingQuery",
                "mainTemplate": {
                  "$schema": "https://schema.management.azure.com/schemas/2019-04-01/deploymentTemplate.json#",
                  "contentVersion": "1.0.0",
                  "resources": [
                    {
                      "type": "Microsoft.OperationalInsights/savedSearches",
                      "apiVersion": "2020-08-01",
                      "name": "8699df3f-f89e-431f-9dea-056c4ce7014a",
                      "location": "[parameters('workspace-location')]",
                      "properties": {
                        "eTag": "*",
                        "displayName": "User returning more data than daily average",
                        "category": "Hunting Queries",
                        "query": "\nlet starttime = todatetime('{{StartTimeISO}}');\nlet endtime = todatetime('{{EndTimeISO}}');\nlet lookback = totimespan((endtime-starttime)*7);\nlet threshold = 10;\nlet baseline = 10000;\nlet diff = 5;\nlet anomolous_users = (\nLAQueryLogs\n| where TimeGenerated between(startofday(ago(lookback))..starttime)\n| summarize score=sum(ResponseRowCount) by AADEmail\n| join kind = fullouter (LAQueryLogs\n| where TimeGenerated between(starttime..endtime)\n| summarize score_now=sum(ResponseRowCount) by AADEmail)\non AADEmail\n| extend hist_score = iif((score/29)*threshold > baseline, (score/29)*threshold, baseline)\n| where isnotempty(score)\n| where score_now > hist_score*diff\n| project AADEmail);\nLAQueryLogs\n| where TimeGenerated between(starttime..endtime)\n| where AADEmail in(anomolous_users)\n| extend timestamp = TimeGenerated, AccountCustomEntity = AADEmail\n// Comment out the line below to see the queries run by users.\n| summarize total_rows = sum(ResponseRowCount), NoQueries = count(), AvgQuerySize = sum(ResponseRowCount)/count() by AADEmail\n",
                        "version": 2,
                        "tags": [
                          {
                            "name": "description",
                            "value": "This hunting query looks for users whose total returned data that is significantly above their average."
                          },
                          {
                            "name": "techniques",
                            "value": ""
                          },
                          {
                            "name": "tactics",
                            "value": "Exfiltration"
                          }
                        ]
                      }
                    },
                    {
                      "type": "Microsoft.OperationalInsights/workspaces/providers/metadata",
                      "apiVersion": "2021-03-01-preview",
                      "name": "[concat(parameters('workspace'),'/Microsoft.SecurityInsights/',concat('huntingQuery-', '8699df3f-f89e-431f-9dea-056c4ce7014a'))]",
                      "properties": {
                        "description": "This hunting query looks for users whose total returned data that is significantly above their average.",
                        "version": "1.0.0",
                        "author": {
                          "name": "Pete Bryan"
                        },
                        "support": {
                          "tier": "Microsoft",
                          "name": "Microsoft",
                          "email": "support@microsoft.com",
                          "link": "https://support.microsoft.com"
                        },
                        "source": {
                          "kind": "Community",
                          "name": "Standalone"
                        },
                        "threatAnalysisTactics": [
                          "Exfiltration"
                        ],
                        "threatAnalyticsTechniques": [
                          "T1030"
                        ],
                        "contentId": "8699df3f-f89e-431f-9dea-056c4ce7014a",
                        "parentId": "8699df3f-f89e-431f-9dea-056c4ce7014a",
                        "kind": "HuntingQuery",
                        "dependencies": {
                          "operator": "AND",
                          "criteria": [
                            {
                              "contentId": "LAQueryLogs",
                              "kind": "DataType"
                            }
                          ]
                        }
                      }
                    }
                  ]
                }
              }
            }
          ]
        },
        "author": {
          "name": "Pete Bryan"
        },
        "categories": {
          "domains": [
            "Security - Threat Protection"
          ]
        },
        "dependencies": {
          "operator": "AND",
          "criteria": [
            {
              "contentId": "8699df3f-f89e-431f-9dea-056c4ce7014a",
              "kind": "HuntingQuery"
            }
          ]
        },
        "description": "This hunting query looks for users whose total returned data that is significantly above their average.",
        "displayName": "User returning more data than daily average",
        "packageId": "8699df3f-f89e-431f-9dea-056c4ce7014a",
        "source": {
          "kind": "Community",
          "name": "Standalone"
        },
        "support": {
          "tier": "Microsoft",
          "name": "Microsoft",
          "email": "support@microsoft.com",
          "link": "https://support.microsoft.com"
        },
        "threatAnalysisTactics": [
          "Exfiltration"
        ],
        "threatAnalyticsTechniques": [
          "T1030"
        ],
        "version": "1.0.0"
      },
      "name": "8699df3f-f89e-431f-9dea-056c4ce7014a"
    }
  ]
}