{
  "$schema": "https://schema.management.azure.com/schemas/2019-04-01/deploymentTemplate.json#",
  "contentVersion": "1.0.0.0",
  "parameters": {
    "location": {
      "type": "string",
      "minLength": 1,
      "defaultValue": "[resourceGroup().location]",
      "metadata": {
        "description": "Not used, but needed to pass arm-ttk test `Location-Should-Not-Be-Hardcoded`.  We instead use the `workspace-location` which is derived from the LA workspace"
      }
    },
    "workspace-location": {
      "type": "string",
      "defaultValue": "",
      "metadata": {
        "description": "[concat('Region to deploy solution resources -- separate from location selection',parameters('location'))]"
      }
    },
    "workspace": {
      "defaultValue": "",
      "type": "string",
      "metadata": {
        "description": "Workspace name for Log Analytics where Microsoft Sentinel is setup"
      }
    }
  },
  "variables": {},
  "resources": [
    {
      "type": "Microsoft.OperationalInsights/workspaces/providers/packages",
      "location": "[parameters('workspace-location')]",
      "apiVersion": "2022-08-01",
      "properties": {
        "packageKind": "Standalone",
        "packageItems": {
          "resources": [
            {
              "type": "Microsoft.OperationalInsights/workspaces/providers/contentTemplates",
              "name": "[concat(parameters('workspace'),'/Microsoft.SecurityInsights/', 'bc17381e-07ee-48a2-931f-06a3d9e149c9')]",
              "location": "[parameters('workspace-location')]",
              "kind": "shared",
              "apiVersion": "2022-08-01",
              "properties": {
                "contentId": "bc17381e-07ee-48a2-931f-06a3d9e149c9",
                "displayName": "Same User - Successful logon for a given App and failure on another App within 1m and low distribution",
                "contentKind": "HuntingQuery",
                "mainTemplate": {
                  "$schema": "https://schema.management.azure.com/schemas/2019-04-01/deploymentTemplate.json#",
                  "contentVersion": "1.0.0",
                  "resources": [
                    {
                      "type": "Microsoft.OperationalInsights/savedSearches",
                      "apiVersion": "2020-08-01",
                      "name": "bc17381e-07ee-48a2-931f-06a3d9e149c9",
                      "location": "[parameters('workspace-location')]",
                      "properties": {
                        "eTag": "*",
                        "displayName": "Same User - Successful logon for a given App and failure on another App within 1m and low distribution",
                        "category": "Hunting Queries",
                        "query": "\nlet logonDiff = 1m;\nlet Success = SigninLogs\n| where ResultType == \"0\"\n| where AppDisplayName !in (\"Office 365 Exchange Online\", \"Skype for Business Online\", \"Office 365 SharePoint Online\")\n| project SuccessLogonTime = TimeGenerated, UserPrincipalName, IPAddress , SuccessAppDisplayName = AppDisplayName;\nlet Fail = SigninLogs\n| where ResultType !in (\"0\", \"50140\")\n| where ResultDescription !~ \"Other\"\n| where AppDisplayName !in (\"Office 365 Exchange Online\", \"Skype for Business Online\", \"Office 365 SharePoint Online\")\n| project FailedLogonTime = TimeGenerated, UserPrincipalName, IPAddress , FailedAppDisplayName = AppDisplayName, ResultType, ResultDescription;\nlet InitialDataSet =\nSuccess | join kind= inner (\nFail\n) on UserPrincipalName, IPAddress\n| where isnotempty(FailedAppDisplayName)\n| where SuccessLogonTime < FailedLogonTime and FailedLogonTime - SuccessLogonTime <= logonDiff and SuccessAppDisplayName != FailedAppDisplayName;\nlet InitialHits =\nInitialDataSet\n| summarize FailedLogonTime = min(FailedLogonTime), SuccessLogonTime = min(SuccessLogonTime)\nby UserPrincipalName, SuccessAppDisplayName, FailedAppDisplayName, IPAddress, ResultType, ResultDescription;\n// Only take hits where there is 5 or less distinct AppDisplayNames on the success side as this limits highly active applications where failures occur more regularly\nlet Distribution =\nInitialDataSet\n| summarize count(SuccessAppDisplayName) by SuccessAppDisplayName, ResultType\n| where count_SuccessAppDisplayName <= 5;\nInitialHits | join (\n   Distribution\n) on SuccessAppDisplayName, ResultType\n| project UserPrincipalName, SuccessLogonTime, IPAddress, SuccessAppDisplayName, FailedLogonTime, FailedAppDisplayName, ResultType, ResultDescription\n| extend timestamp = SuccessLogonTime, AccountCustomEntity = UserPrincipalName, IPCustomEntity = IPAddress\n",
                        "version": 2,
                        "tags": [
                          {
                            "name": "description",
                            "value": "This identifies when a user account successfully logs onto a given App and within 1 minute fails to logon to a different App.\nThis may indicate a malicious attempt at accessing disallowed Apps for discovery or potential lateral movement"
                          },
                          {
                            "name": "techniques",
                            "value": ""
                          },
                          {
                            "name": "tactics",
                            "value": "Discovery,LateralMovement"
                          }
                        ]
                      }
                    },
                    {
                      "type": "Microsoft.OperationalInsights/workspaces/providers/metadata",
                      "apiVersion": "2021-03-01-preview",
                      "name": "[concat(parameters('workspace'),'/Microsoft.SecurityInsights/',concat('huntingQuery-', 'bc17381e-07ee-48a2-931f-06a3d9e149c9'))]",
                      "properties": {
                        "description": "This identifies when a user account successfully logs onto a given App and within 1 minute fails to logon to a different App.\nThis may indicate a malicious attempt at accessing disallowed Apps for discovery or potential lateral movement",
                        "version": "1.0.0",
                        "author": {
                          "name": "Shain"
                        },
                        "support": {
                          "tier": "Community",
                          "name": "Community",
                          "link": "https://github.com/Azure/Azure-Sentinel/issues"
                        },
                        "source": {
                          "kind": "Community",
                          "name": "Standalone"
                        },
                        "threatAnalysisTactics": [
                          "Discovery",
                          "LateralMovement"
                        ],
                        "threatAnalyticsTechniques": [
                          "T1087",
                          "T1021"
                        ],
                        "contentId": "bc17381e-07ee-48a2-931f-06a3d9e149c9",
                        "parentId": "bc17381e-07ee-48a2-931f-06a3d9e149c9",
                        "kind": "HuntingQuery",
                        "dependencies": {
                          "operator": "AND",
                          "criteria": [
                            {
                              "contentId": "SigninLogs",
                              "kind": "DataType"
                            }
                          ]
                        }
                      }
                    }
                  ]
                }
              }
            }
          ]
        },
        "author": {
          "name": "Shain"
        },
        "categories": {
          "domains": [
            "Security - Other",
            "Identity"
          ]
        },
        "dependencies": {
          "operator": "AND",
          "criteria": [
            {
              "contentId": "bc17381e-07ee-48a2-931f-06a3d9e149c9",
              "kind": "HuntingQuery"
            }
          ]
        },
        "description": "This identifies when a user account successfully logs onto a given App and within 1 minute fails to logon to a different App.\nThis may indicate a malicious attempt at accessing disallowed Apps for discovery or potential lateral movement",
        "displayName": "Same User - Successful logon for a given App and failure on another App within 1m and low distribution",
        "packageId": "bc17381e-07ee-48a2-931f-06a3d9e149c9",
        "source": {
          "kind": "Community",
          "name": "Standalone"
        },
        "support": {
          "tier": "Community",
          "name": "Community",
          "link": "https://github.com/Azure/Azure-Sentinel/issues"
        },
        "threatAnalysisTactics": [
          "Discovery",
          "LateralMovement"
        ],
        "threatAnalyticsTechniques": [
          "T1087",
          "T1021"
        ],
        "version": "1.0.0"
      },
      "name": "bc17381e-07ee-48a2-931f-06a3d9e149c9"
    }
  ]
}