{
  "$schema": "https://schema.management.azure.com/schemas/2019-04-01/deploymentTemplate.json#",
  "contentVersion": "1.0.3",
  "parameters": {
    "location": {
      "type": "string",
      "minLength": 1,
      "defaultValue": "[resourceGroup().location]",
      "metadata": {
        "description": "Not used, but needed to pass arm-ttk test `Location-Should-Not-Be-Hardcoded`.  We instead use the `workspace-location` which is derived from the LA workspace"
      }
    },
    "workspace": {
      "defaultValue": "",
      "type": "string",
      "metadata": {
        "description": "Workspace name for Log Analytics where Microsoft Sentinel is setup"
      }
    },
    "workspace-location": {
      "type": "string",
      "defaultValue": "",
      "metadata": {
        "description": "[concat('Region to deploy solution resources -- separate from location selection',parameters('location'))]"
      }
    }
  },
  "resources": [
    {
      "type": "Microsoft.OperationalInsights/workspaces/providers/contentTemplates",
      "name": "[concat(parameters('workspace'),'/Microsoft.SecurityInsights/',concat(concat(parameters('workspace'),'-ar-',uniquestring('0558155e-4556-447e-9a22-828f2a7de06b')),'1.0.3'))]",
      "location": "[parameters('workspace-location')]",
      "apiVersion": "2023-04-01-preview",
      "dependsOn": [
        "[extensionResourceId(resourceId('Microsoft.OperationalInsights/workspaces', parameters('workspace')), 'Microsoft.SecurityInsights/contentPackages', 'azuresentinel.azure-sentinel-proofpoint')]"
      ],
      "properties": {
        "contentId": "0558155e-4556-447e-9a22-828f2a7de06b",
        "displayName": "Malware attachment delivered",
        "contentKind": "AnalyticsRule",
        "mainTemplate": {
          "$schema": "https://schema.management.azure.com/schemas/2019-04-01/deploymentTemplate.json#",
          "contentVersion": "1.0.3",
          "parameters": {},
          "variables": {},
          "resources": [
            {
              "type": "Microsoft.SecurityInsights/AlertRuleTemplates",
              "name": "0558155e-4556-447e-9a22-828f2a7de06b",
              "apiVersion": "2022-04-01-preview",
              "kind": "Scheduled",
              "location": "[parameters('workspace-location')]",
              "properties": {
                "description": "This query identifies a message containing a malware attachment that was delivered.",
                "displayName": "Malware attachment delivered",
                "enabled": false,
                "query": "ProofPointTAPMessagesDelivered_CL\n| mv-expand todynamic(threatsInfoMap_s)\n| mv-expand todynamic(messageParts_s)\n| extend threatType = tostring(threatsInfoMap_s.threatType), classification = tostring(threatsInfoMap_s.classification)\n| extend filename = tostring(messageParts_s.filename)\n| where threatType =~ \"attachment\" and classification =~ \"malware\"\n| summarize filenames = make_set(filename), StartTime = min(TimeGenerated), EndTime = max(TimeGenerated), count() by TimeGenerated, Sender = sender_s, SenderIPAddress = senderIP_s, Recipient = recipient_s, threatType, classification,  Subject = subject_s\n| extend timestamp = StartTime, AccountCustomEntity = Recipient, IPCustomEntity = SenderIPAddress\n",
                "queryFrequency": "PT1H",
                "queryPeriod": "PT1H",
                "severity": "Medium",
                "suppressionDuration": "PT1H",
                "suppressionEnabled": false,
                "triggerOperator": "GreaterThan",
                "triggerThreshold": 0,
                "status": "Available",
                "requiredDataConnectors": [
                  {
                    "dataTypes": [
                      "ProofPointTAPMessagesDelivered_CL"
                    ],
                    "connectorId": "ProofpointTAP"
                  }
                ],
                "tactics": [
                  "InitialAccess"
                ],
                "techniques": [
                  "T1566"
                ],
                "entityMappings": [
                  {
                    "fieldMappings": [
                      {
                        "identifier": "FullName",
                        "columnName": "AccountCustomEntity"
                      }
                    ],
                    "entityType": "Account"
                  },
                  {
                    "fieldMappings": [
                      {
                        "identifier": "Address",
                        "columnName": "IPCustomEntity"
                      }
                    ],
                    "entityType": "IP"
                  }
                ]
              }
            },
            {
              "type": "Microsoft.OperationalInsights/workspaces/providers/metadata",
              "apiVersion": "2022-01-01-preview",
              "name": "[concat(parameters('workspace'),'/Microsoft.SecurityInsights/',concat('AnalyticsRule-', last(split(resourceId('Microsoft.SecurityInsights/AlertRuleTemplates', '0558155e-4556-447e-9a22-828f2a7de06b'),'/'))))]",
              "properties": {
                "description": "ProofPointTap Analytics Rule 1",
                "parentId": "[resourceId('Microsoft.SecurityInsights/AlertRuleTemplates', '0558155e-4556-447e-9a22-828f2a7de06b')]",
                "contentId": "0558155e-4556-447e-9a22-828f2a7de06b",
                "kind": "AnalyticsRule",
                "version": "1.0.3",
                "source": {
                  "kind": "Solution",
                  "name": "ProofPointTap",
                  "sourceId": "azuresentinel.azure-sentinel-proofpoint"
                },
                "author": {
                  "name": "Microsoft",
                  "email": "support@microsoft.com"
                },
                "support": {
                  "tier": "Microsoft",
                  "name": "Microsoft Corporation",
                  "email": "support@microsoft.com",
                  "link": "https://support.microsoft.com/"
                }
              }
            }
          ]
        },
        "packageKind": "Solution",
        "packageVersion": "2.0.3",
        "packageName": "Proofpoint TAP Solution",
        "packageId": "azuresentinel.azure-sentinel-proofpoint",
        "contentSchemaVersion": "3.0.0"
      }
    }
  ]
}