{
  "$schema": "https://schema.management.azure.com/schemas/2019-04-01/deploymentTemplate.json#",
  "contentVersion": "1.0.0",
  "parameters": {
    "location": {
      "type": "string",
      "minLength": 1,
      "defaultValue": "[resourceGroup().location]",
      "metadata": {
        "description": "Not used, but needed to pass arm-ttk test `Location-Should-Not-Be-Hardcoded`.  We instead use the `workspace-location` which is derived from the LA workspace"
      }
    },
    "workspace": {
      "defaultValue": "",
      "type": "string",
      "metadata": {
        "description": "Workspace name for Log Analytics where Microsoft Sentinel is setup"
      }
    },
    "workspace-location": {
      "type": "string",
      "defaultValue": "",
      "metadata": {
        "description": "[concat('Region to deploy solution resources -- separate from location selection',parameters('location'))]"
      }
    }
  },
  "resources": [
    {
      "type": "Microsoft.OperationalInsights/workspaces/providers/contentTemplates",
      "name": "[concat(parameters('workspace'),'/Microsoft.SecurityInsights/',concat(concat(parameters('workspace'),'-hq-',uniquestring('67af1633-311f-4a94-bc8f-f904a54637b2')),'1.0.0'))]",
      "location": "[parameters('workspace-location')]",
      "apiVersion": "2023-04-01-preview",
      "dependsOn": [
        "[extensionResourceId(resourceId('Microsoft.OperationalInsights/workspaces', parameters('workspace')), 'Microsoft.SecurityInsights/contentPackages', 'azuresentinel.azure-sentinel-solution-amazonwebservices')]"
      ],
      "properties": {
        "contentId": "67af1633-311f-4a94-bc8f-f904a54637b2",
        "displayName": "",
        "contentKind": "HuntingQuery",
        "mainTemplate": {
          "$schema": "https://schema.management.azure.com/schemas/2019-04-01/deploymentTemplate.json#",
          "contentVersion": "1.0.0",
          "parameters": {},
          "variables": {},
          "resources": [
            {
              "type": "Microsoft.OperationalInsights/savedSearches",
              "apiVersion": "2020-08-01",
              "name": "Amazon_Web_Services_Hunting_Query_33",
              "location": "[parameters('workspace-location')]",
              "properties": {
                "eTag": "*",
                "displayName": "Suspicious activity of STS token related to ECS",
                "category": "Hunting Queries",
                "query": "let aws_public_ips = externaldata(prefixes: string)\n[ \n    h@'https://aka.ms/awspublicipaddresse/aws-public-ip-addresses/ip-ranges.json'\n]\nwith(format='multijson');\nlet timeframe = 30m;\nlet lookback = 12h;\n//Get the AccessKey in the STS token (IMDS) when EC2 service assumes the Role periodically\nlet sts_token = AWSCloudTrail\n| where TimeGenerated >= ago (lookback)\n| where EventSource == \"sts.amazonaws.com\" and SourceIpAddress == \"ec2.amazonaws.com\"\n| extend instanceId = tostring(parse_json(RequestParameters).roleSessionName)\n| extend token = tostring(parse_json(ResponseElements).credentials.accessKeyId);\n//Identify if the EC2 belongs to ECS/EKS\nlet typeOfEC2 = AWSCloudTrail\n| where TimeGenerated >= ago (lookback)\n| extend instanceId = tostring(split(UserIdentityPrincipalid, \":\")[1])\n| join sts_token on instanceId\n| where UserAgent startswith \"Amazon ECS Agent\"\n| project-away SourceIpAddress1, UserIdentityUserName1, UserIdentityArn1, TimeGenerated1;\n//Get the identities who used that STS token - this can be the EC2 which assumed it (legit),\n//but it can also be an external identity (attacker) which abuses the token permissions \nlet tokenUsage = AWSCloudTrail\n| where TimeGenerated >= ago (timeframe)\n| join kind=inner typeOfEC2 on $left.UserIdentityAccessKeyId == $right.token\n| extend region = AWSRegion\n| project-away SourceIpAddress1, UserIdentityUserName1, UserIdentityArn1, TimeGenerated1;\n//Check whether the called identity is legit\naws_public_ips\n| mv-expand todynamic(prefixes)\n| extend ip_prefix=tostring(todynamic(prefixes.['ip_prefix']))\n| extend region=tostring(todynamic(prefixes.['region']))\n| extend service=tostring(todynamic(prefixes.['service']))\n| project-away prefixes\n| where service == \"EC2\" \n| join kind=inner tokenUsage on region\n| where SourceIpAddress !contains \"amazonaws.com\"\n| where ipv4_is_private(SourceIpAddress) == false\n| extend IsInRange = ipv4_is_in_range(SourceIpAddress, ip_prefix)\n| extend UserIdentityUserName = iff(isnotempty(UserIdentityUserName), UserIdentityUserName, tostring(split(UserIdentityArn,'/')[-1]))\n| extend timestamp = TimeGenerated, IPCustomEntity = SourceIpAddress, AccountCustomEntity = UserIdentityUserName, AssumedRoleArn = UserIdentityArn\n| summarize timestamp=arg_max(timestamp,*), r = make_set(IsInRange) by SourceIpAddress, UserIdentityUserName, UserIdentityArn\n| where not (set_has_element(r, true))\n| project-away ip_prefix, IsInRange\n",
                "version": 2,
                "tags": [
                  {
                    "name": "description",
                    "value": "Suspicious activity of the STS token of an EC2 machine hosted by ECS (for example, by SSRF) indicates a possible token hijacking. An attacker may have stolen the token and could abuse its permissions to escalate privileges and move laterally in the cloud account."
                  },
                  {
                    "name": "tactics",
                    "value": "CredentialAccess"
                  },
                  {
                    "name": "techniques",
                    "value": "T1528"
                  }
                ]
              }
            },
            {
              "type": "Microsoft.OperationalInsights/workspaces/providers/metadata",
              "apiVersion": "2022-01-01-preview",
              "name": "[concat(parameters('workspace'),'/Microsoft.SecurityInsights/',concat('HuntingQuery-', last(split(resourceId('Microsoft.OperationalInsights/savedSearches', '67af1633-311f-4a94-bc8f-f904a54637b2'),'/'))))]",
              "properties": {
                "description": "Amazon Web Services Hunting Query 33",
                "parentId": "[resourceId('Microsoft.OperationalInsights/savedSearches', '67af1633-311f-4a94-bc8f-f904a54637b2')]",
                "contentId": "67af1633-311f-4a94-bc8f-f904a54637b2",
                "kind": "HuntingQuery",
                "version": "1.0.0",
                "source": {
                  "kind": "Solution",
                  "name": "Amazon Web Services",
                  "sourceId": "azuresentinel.azure-sentinel-solution-amazonwebservices"
                },
                "author": {
                  "name": "Microsoft"
                },
                "support": {
                  "name": "Microsoft Corporation",
                  "email": "support@microsoft.com",
                  "tier": "Microsoft",
                  "link": "https://support.microsoft.com"
                }
              }
            }
          ]
        },
        "packageKind": "Solution",
        "packageVersion": "2.0.5",
        "packageName": "Amazon Web Services",
        "packageId": "azuresentinel.azure-sentinel-solution-amazonwebservices",
        "contentSchemaVersion": "3.0.0"
      }
    }
  ]
}