{
  "$schema": "https://schema.management.azure.com/schemas/2019-04-01/deploymentTemplate.json#",
  "contentVersion": "1.0.0",
  "parameters": {
    "location": {
      "type": "string",
      "minLength": 1,
      "defaultValue": "[resourceGroup().location]",
      "metadata": {
        "description": "Not used, but needed to pass arm-ttk test `Location-Should-Not-Be-Hardcoded`.  We instead use the `workspace-location` which is derived from the LA workspace"
      }
    },
    "workspace": {
      "defaultValue": "",
      "type": "string",
      "metadata": {
        "description": "Workspace name for Log Analytics where Microsoft Sentinel is setup"
      }
    },
    "workspace-location": {
      "type": "string",
      "defaultValue": "",
      "metadata": {
        "description": "[concat('Region to deploy solution resources -- separate from location selection',parameters('location'))]"
      }
    }
  },
  "resources": [
    {
      "type": "Microsoft.OperationalInsights/workspaces/providers/contentTemplates",
      "name": "[concat(parameters('workspace'),'/Microsoft.SecurityInsights/',concat(concat(parameters('workspace'),'-ar-',uniquestring('21702832-aff3-4bd6-a8e1-663b6818503d')),'1.0.0'))]",
      "location": "[parameters('workspace-location')]",
      "apiVersion": "2023-04-01-preview",
      "dependsOn": [
        "[extensionResourceId(resourceId('Microsoft.OperationalInsights/workspaces', parameters('workspace')), 'Microsoft.SecurityInsights/contentPackages', 'azuresentinel.azure-sentinel-solution-amazonwebservices')]"
      ],
      "properties": {
        "contentId": "21702832-aff3-4bd6-a8e1-663b6818503d",
        "displayName": "Suspicious command sent to EC2",
        "contentKind": "AnalyticsRule",
        "mainTemplate": {
          "$schema": "https://schema.management.azure.com/schemas/2019-04-01/deploymentTemplate.json#",
          "contentVersion": "1.0.0",
          "parameters": {},
          "variables": {},
          "resources": [
            {
              "type": "Microsoft.SecurityInsights/AlertRuleTemplates",
              "name": "21702832-aff3-4bd6-a8e1-663b6818503d",
              "apiVersion": "2022-04-01-preview",
              "kind": "Scheduled",
              "location": "[parameters('workspace-location')]",
              "properties": {
                "description": "An attacker with the necessary permissions could be executing code remotely on a machine and saving the output to his own S3 bucket. Verify this action with the user identity.",
                "displayName": "Suspicious command sent to EC2",
                "enabled": false,
                "query": "let command_executed = AWSCloudTrail\n| where EventName in (\"SendCommand\",\"CreateAssociation\") and isempty(ErrorCode) and isempty(ErrorMessage)\n| extend params = tostring(parse_json(RequestParameters).parameters)\n| extend s3bucketCommand = tostring(parse_json(RequestParameters).outputS3BucketName)\n| extend s3bucketAssociation = tostring(parse_json(RequestParameters).outputLocation.s3Location.outputS3BucketName)\n| where isnotempty(params)\n| extend commandId = tostring(parse_json(ResponseElements).command.commandId)\n| extend associationId = tostring(parse_json(ResponseElements).associationDescription.associationId)\n| extend executionId = iff(isnotempty(commandId), commandId, associationId)\n| extend s3bucket = iff(isnotempty(s3bucketCommand), s3bucketCommand, s3bucketAssociation)\n| extend UserIdentityUserName = iff(isnotempty(UserIdentityUserName), UserIdentityUserName, tostring(split(UserIdentityArn,'/')[-1]))\n| extend timestamp = TimeGenerated, IPCustomEntity = SourceIpAddress, AccountCustomEntity = UserIdentityUserName;\nAWSCloudTrail\n| where EventName == \"PutObject\" and isempty(ErrorCode) and isempty(ErrorMessage)\n| extend s3bucket = tostring(parse_json(RequestParameters).bucketName)\n| mv-expand todynamic(Resources)\n| extend accountId=tostring(todynamic(Resources.['accountId']))\n| where Resources contains \"accountId\" and accountId <> RecipientAccountId\n| join command_executed on s3bucket\n",
                "queryFrequency": "P1D",
                "queryPeriod": "P1D",
                "severity": "High",
                "suppressionDuration": "PT1H",
                "suppressionEnabled": false,
                "triggerOperator": "GreaterThan",
                "triggerThreshold": 0,
                "status": "Available",
                "requiredDataConnectors": [
                  {
                    "dataTypes": [
                      "AWSCloudTrail"
                    ],
                    "connectorId": "AWS"
                  }
                ],
                "tactics": [
                  "Execution"
                ],
                "techniques": [
                  "T1204"
                ],
                "entityMappings": [
                  {
                    "entityType": "Account",
                    "fieldMappings": [
                      {
                        "identifier": "FullName",
                        "columnName": "AccountCustomEntity"
                      }
                    ]
                  },
                  {
                    "entityType": "IP",
                    "fieldMappings": [
                      {
                        "identifier": "Address",
                        "columnName": "IPCustomEntity"
                      }
                    ]
                  }
                ]
              }
            },
            {
              "type": "Microsoft.OperationalInsights/workspaces/providers/metadata",
              "apiVersion": "2022-01-01-preview",
              "name": "[concat(parameters('workspace'),'/Microsoft.SecurityInsights/',concat('AnalyticsRule-', last(split(resourceId('Microsoft.SecurityInsights/AlertRuleTemplates', '21702832-aff3-4bd6-a8e1-663b6818503d'),'/'))))]",
              "properties": {
                "description": "Amazon Web Services Analytics Rule 12",
                "parentId": "[resourceId('Microsoft.SecurityInsights/AlertRuleTemplates', '21702832-aff3-4bd6-a8e1-663b6818503d')]",
                "contentId": "21702832-aff3-4bd6-a8e1-663b6818503d",
                "kind": "AnalyticsRule",
                "version": "1.0.0",
                "source": {
                  "kind": "Solution",
                  "name": "Amazon Web Services",
                  "sourceId": "azuresentinel.azure-sentinel-solution-amazonwebservices"
                },
                "author": {
                  "name": "Microsoft"
                },
                "support": {
                  "name": "Microsoft Corporation",
                  "email": "support@microsoft.com",
                  "tier": "Microsoft",
                  "link": "https://support.microsoft.com"
                }
              }
            }
          ]
        },
        "packageKind": "Solution",
        "packageVersion": "2.0.5",
        "packageName": "Amazon Web Services",
        "packageId": "azuresentinel.azure-sentinel-solution-amazonwebservices",
        "contentSchemaVersion": "3.0.0"
      }
    }
  ]
}