{
  "$schema": "https://schema.management.azure.com/schemas/2019-04-01/deploymentTemplate.json#",
  "contentVersion": "1.0",
  "parameters": {
    "location": {
      "type": "string",
      "minLength": 1,
      "defaultValue": "[resourceGroup().location]",
      "metadata": {
        "description": "Not used, but needed to pass arm-ttk test `Location-Should-Not-Be-Hardcoded`.  We instead use the `workspace-location` which is derived from the LA workspace"
      }
    },
    "workspace": {
      "defaultValue": "",
      "type": "string",
      "metadata": {
        "description": "Workspace name for Log Analytics where Microsoft Sentinel is setup"
      }
    },
    "workspace-location": {
      "type": "string",
      "defaultValue": "",
      "metadata": {
        "description": "[concat('Region to deploy solution resources -- separate from location selection',parameters('location'))]"
      }
    }
  },
  "resources": [
    {
      "type": "Microsoft.OperationalInsights/workspaces/providers/contentTemplates",
      "name": "[concat(parameters('workspace'),'/Microsoft.SecurityInsights/',concat(concat(parameters('workspace'),'-pl-',uniquestring('AbuseIPDB-EnrichIncidentByIPInfo')),'1.0'))]",
      "location": "[parameters('workspace-location')]",
      "apiVersion": "2023-04-01-preview",
      "dependsOn": [
        "[extensionResourceId(resourceId('Microsoft.OperationalInsights/workspaces', parameters('workspace')), 'Microsoft.SecurityInsights/contentPackages', 'azuresentinel.azure-sentinel-solution-abuseipdb')]"
      ],
      "properties": {
        "contentId": "AbuseIPDB-EnrichIncidentByIPInfo",
        "displayName": "AbuseIPDB Enrich Incident By IP Info",
        "contentKind": "Playbook",
        "mainTemplate": {
          "$schema": "https://schema.management.azure.com/schemas/2019-04-01/deploymentTemplate.json#",
          "contentVersion": "1.0",
          "parameters": {
            "PlaybookName": {
              "defaultValue": "AbuseIPDB-EnrichIncidentByIPInfo",
              "type": "String"
            },
            "customApis_AbuseIPDBAPI_name": {
              "defaultValue": "AbuseIPDBAPI",
              "type": "string",
              "metadata": {
                "description": "Name of the AbuseIPDBAPI Connector"
              }
            }
          },
          "variables": {
            "AzureSentinelConnectionName": "[[concat('azuresentinel-', parameters('PlaybookName'))]",
            "AbuseIPDBConnectionName": "[[concat('abuseipdb-connection-', parameters('PlaybookName'))]",
            "connection-1": "[[concat('/subscriptions/', subscription().subscriptionId, '/providers/Microsoft.Web/locations/', variables('workspace-location-inline'), '/managedApis/azuresentinel')]",
            "_connection-1": "[[variables('connection-1')]",
            "connection-2": "[[concat('/subscriptions/', subscription().subscriptionId, '/resourceGroups/', resourceGroup().name, '/providers/Microsoft.Web/customApis/', parameters('customApis_AbuseIPDBAPI_name'))]",
            "_connection-2": "[[variables('connection-2')]",
            "workspace-location-inline": "[concat('[resourceGroup().locatio', 'n]')]",
            "workspace-name": "[parameters('workspace')]",
            "workspaceResourceId": "[[resourceId('microsoft.OperationalInsights/Workspaces', variables('workspace-name'))]"
          },
          "resources": [
            {
              "type": "Microsoft.Web/connections",
              "apiVersion": "2016-06-01",
              "name": "[[variables('AzureSentinelConnectionName')]",
              "location": "[[variables('workspace-location-inline')]",
              "properties": {
                "displayName": "[[variables('AzureSentinelConnectionName')]",
                "api": {
                  "id": "[[variables('_connection-1')]"
                }
              }
            },
            {
              "type": "Microsoft.Web/connections",
              "apiVersion": "2016-06-01",
              "name": "[[variables('AbuseIPDBConnectionName')]",
              "location": "[[variables('workspace-location-inline')]",
              "kind": "V1",
              "properties": {
                "displayName": "[[variables('AbuseIPDBConnectionName')]",
                "api": {
                  "id": "[[variables('_connection-2')]"
                }
              }
            },
            {
              "type": "Microsoft.Logic/workflows",
              "apiVersion": "2017-07-01",
              "name": "[[parameters('PlaybookName')]",
              "location": "[[variables('workspace-location-inline')]",
              "dependsOn": [
                "[[resourceId('Microsoft.Web/connections', variables('AzureSentinelConnectionName'))]",
                "[[resourceId('Microsoft.Web/connections', variables('AbuseIPDBConnectionName'))]"
              ],
              "properties": {
                "state": "Enabled",
                "definition": {
                  "$schema": "https://schema.management.azure.com/providers/Microsoft.Logic/schemas/2016-06-01/workflowdefinition.json#",
                  "actions": {
                    "Add_comment_to_incident_(V3)": {
                      "inputs": {
                        "body": {
                          "incidentArmId": "@triggerBody()?['object']?['id']",
                          "message": "<p><span style=\"font-size: 14px\"><strong></strong></span><span style=\"font-size: 14px\"><strong>@{outputs('Get_Logo')}</strong></span><span style=\"font-size: 14px\"><strong><br>\nAbuseIPDB IP Checking Results:</strong></span><br>\n@{outputs('Compose')}</p>"
                        },
                        "host": {
                          "connection": {
                            "name": "@parameters('$connections')['azuresentinel']['connectionId']"
                          }
                        },
                        "method": "post",
                        "path": "/Incidents/Comment"
                      },
                      "runAfter": {
                        "Compose": [
                          "Succeeded"
                        ]
                      },
                      "type": "ApiConnection"
                    },
                    "Check_each_IP_in_AbuseIPDB": {
                      "actions": {
                        "Append_Result_to_Result_List": {
                          "inputs": {
                            "name": "Result List",
                            "value": {
                              "abuseConfidenceScore": "@body('AuseIPDB_CHECK_Endpoint')?['data']?['abuseConfidenceScore']",
                              "hostnames": "@body('AuseIPDB_CHECK_Endpoint')?['data']?['hostnames']",
                              "ipAddress": "@body('AuseIPDB_CHECK_Endpoint')?['data']?['ipAddress']",
                              "ipVersion": "@body('AuseIPDB_CHECK_Endpoint')?['data']?['ipVersion']",
                              "isPublic": "@body('AuseIPDB_CHECK_Endpoint')?['data']?['isPublic']",
                              "isWhitelisted": "@body('AuseIPDB_CHECK_Endpoint')?['data']?['isWhitelisted']",
                              "isp": "@body('AuseIPDB_CHECK_Endpoint')?['data']?['isp']",
                              "lastReportedAt": "@body('AuseIPDB_CHECK_Endpoint')?['data']?['lastReportedAt']",
                              "numDistinctUsers": "@body('AuseIPDB_CHECK_Endpoint')?['data']?['numDistinctUsers']",
                              "totalReports": "@body('AuseIPDB_CHECK_Endpoint')?['data']?['totalReports']",
                              "usageType": "@body('AuseIPDB_CHECK_Endpoint')?['data']?['usageType']"
                            }
                          },
                          "runAfter": {
                            "AuseIPDB_CHECK_Endpoint": [
                              "Succeeded"
                            ]
                          },
                          "type": "AppendToArrayVariable"
                        },
                        "AuseIPDB_CHECK_Endpoint": {
                          "inputs": {
                            "host": {
                              "connection": {
                                "name": "@parameters('$connections')['AbuseIPDBAPI']['connectionId']"
                              }
                            },
                            "method": "get",
                            "path": "/check",
                            "queries": {
                              "ipAddress": "@items('Check_each_IP_in_AbuseIPDB')?['Address']"
                            }
                          },
                          "type": "ApiConnection"
                        }
                      },
                      "foreach": "@body('Entities_-_Get_IPs')?['IPs']",
                      "runAfter": {
                        "Initialize_Results_List": [
                          "Succeeded"
                        ]
                      },
                      "type": "Foreach"
                    },
                    "Compose": {
                      "inputs": "@body('Create_HTML_table_with_Results')",
                      "runAfter": {
                        "Create_HTML_table_with_Results": [
                          "Succeeded"
                        ]
                      },
                      "type": "Compose"
                    },
                    "Create_HTML_table_with_Results": {
                      "inputs": {
                        "format": "HTML",
                        "from": "@variables('Result List')"
                      },
                      "runAfter": {
                        "Check_each_IP_in_AbuseIPDB": [
                          "Succeeded"
                        ]
                      },
                      "type": "Table"
                    },
                    "Entities_-_Get_IPs": {
                      "inputs": {
                        "body": "@triggerBody()?['object']?['properties']?['relatedEntities']",
                        "host": {
                          "connection": {
                            "name": "@parameters('$connections')['azuresentinel']['connectionId']"
                          }
                        },
                        "method": "post",
                        "path": "/entities/ip"
                      },
                      "type": "ApiConnection"
                    },
                    "Get_Logo": {
                      "inputs": "<img src=\"https://www.abuseipdb.com/img/abuseipdb.png.pagespeed.ce.CI8T6WsXU7.png\"  width=\"152\" height=\"32\"> ",
                      "runAfter": {
                        "Entities_-_Get_IPs": [
                          "Succeeded"
                        ]
                      },
                      "type": "Compose"
                    },
                    "Initialize_Results_List": {
                      "inputs": {
                        "variables": [
                          {
                            "name": "Result List",
                            "type": "array"
                          }
                        ]
                      },
                      "runAfter": {
                        "Get_Logo": [
                          "Succeeded"
                        ]
                      },
                      "type": "InitializeVariable"
                    }
                  },
                  "contentVersion": "1.0.0.0",
                  "parameters": {
                    "$connections": {
                      "type": "Object"
                    }
                  },
                  "triggers": {
                    "Microsoft_Sentinel_incident": {
                      "inputs": {
                        "body": {
                          "callback_url": "@{listCallbackUrl()}"
                        },
                        "host": {
                          "connection": {
                            "name": "@parameters('$connections')['azuresentinel']['connectionId']"
                          }
                        },
                        "path": "/incident-creation"
                      },
                      "type": "ApiConnectionWebhook"
                    }
                  }
                },
                "parameters": {
                  "$connections": {
                    "value": {
                      "azuresentinel": {
                        "connectionName": "[[variables('AzureSentinelConnectionName')]",
                        "connectionId": "[[resourceId('Microsoft.Web/connections', variables('AzureSentinelConnectionName'))]",
                        "id": "[[concat('/subscriptions/',subscription().subscriptionId, '/providers/Microsoft.Web/locations/',variables('workspace-location-inline'),'/managedApis/azuresentinel')]"
                      },
                      "AbuseIPDBAPI": {
                        "connectionId": "[[resourceId('Microsoft.Web/connections', variables('AbuseIPDBConnectionName'))]",
                        "connectionName": "[[variables('AbuseIPDBConnectionName')]",
                        "id": "[[concat('/subscriptions/', subscription().subscriptionId, '/resourceGroups/', resourceGroup().name, '/providers/Microsoft.Web/customApis/', parameters('customApis_AbuseIPDBAPI_name'))]"
                      }
                    }
                  }
                }
              },
              "tags": {
                "hidden-SentinelWorkspaceId": "[[resourceId('microsoft.OperationalInsights/Workspaces', parameters('workspace'))]"
              }
            },
            {
              "type": "Microsoft.OperationalInsights/workspaces/providers/metadata",
              "apiVersion": "2022-01-01-preview",
              "name": "[concat(parameters('workspace'),'/Microsoft.SecurityInsights/',concat('Playbook-', last(split(resourceId('Microsoft.Logic/workflows', 'AbuseIPDB-EnrichIncidentByIPInfo'),'/'))))]",
              "properties": {
                "parentId": "[resourceId('Microsoft.Logic/workflows', 'AbuseIPDB-EnrichIncidentByIPInfo')]",
                "contentId": "AbuseIPDB-EnrichIncidentByIPInfo",
                "kind": "Playbook",
                "version": "1.0",
                "source": {
                  "kind": "Solution",
                  "name": "AbuseIPDB",
                  "sourceId": "azuresentinel.azure-sentinel-solution-abuseipdb"
                },
                "author": {
                  "name": "Microsoft",
                  "email": "support@microsoft.com"
                },
                "support": {
                  "tier": "Microsoft",
                  "name": "Microsoft Corporation",
                  "email": "support@microsoft.com",
                  "link": "https://support.microsoft.com/"
                },
                "dependencies": {
                  "criteria": [
                    {
                      "kind": "LogicAppsCustomConnector",
                      "contentId": "AbuseIPDBAPIConnector",
                      "version": "1.0"
                    }
                  ]
                }
              }
            }
          ],
          "metadata": {
            "title": "AbuseIPDB Enrich Incident By IP Info",
            "description": "Once a new sentinal incident is created, this playbook gets triggered and performs the following actions:\n 1. [Gets Information](https://docs.abuseipdb.com/#check-endpoint) from AbuseIPDB by IP`s, provided in the alert custom entities. \n 2. Enriches the incident with the obtained info.",
            "prerequisites": [
              "1. AbuseIPDBAPI Custom Connector has to be deployed prior to the deployment of this playbook under the same subscription."
            ],
            "postDeployment": [
              "**a. Authorize connections**",
              "Once deployment is complete, authorize each connection.",
              "1. Open playbook which has been deployed.",
              "2. Click API connection on left side blade.",
              "3. Click the Microsoft Sentinel connection resource.",
              "4. Click edit API connection.",
              "5. Click Authorize.",
              "6. Sign in.",
              "7. Click Save.",
              "8. Repeat steps for other connections."
            ],
            "lastUpdateTime": "2022-09-20T00:00:00Z",
            "entities": [
              "Ip"
            ],
            "releaseNotes": [
              {
                "version": "1.0.0",
                "title": "AbuseIPDB Enrich Incident By IP Info",
                "notes": [
                  "Initial version"
                ]
              }
            ]
          }
        },
        "packageKind": "Solution",
        "packageVersion": "2.0.0",
        "packageName": "AbuseIPDB",
        "packageId": "azuresentinel.azure-sentinel-solution-abuseipdb",
        "contentSchemaVersion": "3.0.0"
      }
    }
  ]
}