{
  "$schema": "https://schema.management.azure.com/schemas/2019-04-01/deploymentTemplate.json#",
  "contentVersion": "1.0.0",
  "parameters": {
    "location": {
      "type": "string",
      "minLength": 1,
      "defaultValue": "[resourceGroup().location]",
      "metadata": {
        "description": "Not used, but needed to pass arm-ttk test `Location-Should-Not-Be-Hardcoded`.  We instead use the `workspace-location` which is derived from the LA workspace"
      }
    },
    "workspace": {
      "defaultValue": "",
      "type": "string",
      "metadata": {
        "description": "Workspace name for Log Analytics where Microsoft Sentinel is setup"
      }
    },
    "workspace-location": {
      "type": "string",
      "defaultValue": "",
      "metadata": {
        "description": "[concat('Region to deploy solution resources -- separate from location selection',parameters('location'))]"
      }
    }
  },
  "resources": [
    {
      "type": "Microsoft.OperationalInsights/workspaces/providers/contentTemplates",
      "name": "[concat(parameters('workspace'),'/Microsoft.SecurityInsights/',concat(concat(parameters('workspace'),'-pr-',uniquestring('ProofpointPOD-Parser')),'1.0.0'))]",
      "location": "[parameters('workspace-location')]",
      "apiVersion": "2023-04-01-preview",
      "dependsOn": [
        "[extensionResourceId(resourceId('Microsoft.OperationalInsights/workspaces', parameters('workspace')), 'Microsoft.SecurityInsights/contentPackages', 'azuresentinel.azure-sentinel-proofpointpod')]"
      ],
      "properties": {
        "contentId": "ProofpointPOD-Parser",
        "displayName": "ProofpointPOD Data Parser",
        "contentKind": "Parser",
        "mainTemplate": {
          "$schema": "https://schema.management.azure.com/schemas/2019-04-01/deploymentTemplate.json#",
          "contentVersion": "1.0.0",
          "parameters": {},
          "variables": {},
          "resources": [
            {
              "name": "[concat(parameters('workspace'),'/','ProofpointPOD Data Parser')]",
              "apiVersion": "2020-08-01",
              "type": "Microsoft.OperationalInsights/workspaces/savedSearches",
              "location": "[parameters('workspace-location')]",
              "properties": {
                "eTag": "*",
                "displayName": "ProofpointPOD Data Parser",
                "category": "Samples",
                "functionAlias": "ProofpointPOD",
                "query": "\nlet ProofpointPOD_maillog_view = view () { \r\n    union isfuzzy=true ProofpointPOD_maillog_CL, maillog_CL | where isnotempty( pps_cid_s) and event_type_s == \"maillog\"\r\n    | extend \r\n                SmMsgid=column_ifexists('sm_msgid_g', ''),\r\n                PpsCid=column_ifexists('pps_cid_s', ''),\r\n                PpsAgent=column_ifexists('pps_agent_s', ''),\r\n                Id=column_ifexists('id_s', ''),\r\n                SmNrcpts=column_ifexists('sm_nrcpts_s', ''),\r\n                SmAuth=column_ifexists('sm_auth_s', ''),\r\n                SmClass=column_ifexists('sm_class_s', ''),\r\n                SmQid=column_ifexists('sm_qid_s', ''),\r\n                MetadataOriginDataAgent=column_ifexists('metadata_origin_data_agent_s', ''),\r\n                MetadataOriginDataCid=column_ifexists('metadata_origin_data_cid_s', ''),\r\n                SmMailer=column_ifexists('sm_mailer_s', ''),\r\n                SmDsn=column_ifexists('sm_dsn_s', ''),\r\n                SmPri=column_ifexists('sm_pri_s', ''),\r\n                SmXdelay=column_ifexists('sm_xdelay_s', ''),\r\n                SmCtladdr=column_ifexists('sm_ctladdr_s', ''),\r\n                EventUid=column_ifexists('sm_msgid_s', ''),\r\n                NetworkBytes=toreal( column_ifexists('sm_sizeBytes_s', '')),\r\n                TlsEstablished=column_ifexists('sm_tls_verify_s', ''),\r\n                SrcNatIpAddr=column_ifexists('sm_relay_s', ''),\r\n                ProcessName=column_ifexists('sm_daemon_s', ''),\r\n                NetworkProtocol=column_ifexists('sm_proto_s', ''),\r\n                SrcUserUpn=column_ifexists('sm_from_s', ''),\r\n                EventOriginalTime=column_ifexists('ts_t', ''),\r\n                EventOriginalMessage=column_ifexists('data_s', ''),\r\n                EventType=column_ifexists('event_type_s', ''),\r\n                NetworkConnectionStateDetailed=column_ifexists('sm_stat_s', ''),\r\n                DstUserUpn=column_ifexists('sm_to_s', ''),\r\n                NetworkDuration=column_ifexists('sm_delay_s', ''),\r\n                EventVendor=\"Proofpoint\",\r\n                EventProduct=\"Proofpoint On Demand Email Security\"\r\n    | project\r\n                TimeGenerated, \r\n                EventVendor,\r\n                EventProduct,\r\n                SmMsgid,\r\n                PpsCid,\r\n                PpsAgent,\r\n                Id,\r\n                SmNrcpts,\r\n                SmAuth,\r\n                SmClass,\r\n                SmQid,\r\n                MetadataOriginDataAgent,\r\n                MetadataOriginDataCid,\r\n                SmMailer,\r\n                SmDsn,\r\n                SmPri,\r\n                SmXdelay,\r\n                SmCtladdr,\r\n                EventUid,\r\n                NetworkBytes,\r\n                TlsEstablished,\r\n                SrcNatIpAddr,\r\n                ProcessName,\r\n                NetworkProtocol,\r\n                SrcUserUpn,\r\n                EventOriginalTime,\r\n                EventOriginalMessage,\r\n                EventType,\r\n                NetworkConnectionStateDetailed,\r\n                DstUserUpn,\r\n                NetworkDuration\r\n};\r\nlet ProofpointPOD_message_view = view () { \r\n    union isfuzzy=true ProofpointPOD_message_CL, message_CL | where event_type_s == \"message\"\r\n    | extend \r\n                FilterModulesUrldefenseCountsNoRewriteIsLargeMsgPartSize=column_ifexists('filter_modules_urldefense_counts_noRewriteIsLargeMsgPartSize_d', ''),\r\n\t\t        PpsVersion=column_ifexists('pps_version_s', ''),\r\n\t\t        PpsCid=column_ifexists('pps_cid_s', ''),\r\n\t\t        MsgParts=column_ifexists('msgParts_s', ''),\r\n\t\t        MetadataOriginDataAgent=column_ifexists('metadata_origin_data_agent_s', ''),\r\n\t\t        MetadataOriginDataVersion=column_ifexists('metadata_origin_data_version_s', ''),\r\n\t\t        MetadataOriginDataCid=column_ifexists('metadata_origin_data_cid_s', ''),\r\n\t\t        ConnectionHelo=column_ifexists('connection_helo_s', ''),\r\n\t\t        MsgLang=column_ifexists('msg_lang_s', ''),\r\n\t\t        MsgNormalizedHeaderSubject=column_ifexists('msg_normalizedHeader_subject_s', ''),\r\n\t\t        MsgNormalizedHeaderMessageId=column_ifexists('msg_normalizedHeader_message_id_s', ''),\r\n\t\t        MsgNormalizedHeaderTo=column_ifexists('msg_normalizedHeader_to_s', ''),\r\n\t\t        MsgNormalizedHeadertoHashed=column_ifexists('msg_normalizedHeader_toHashed_s', ''),\r\n\t\t        MsgNormalizedHeaderFrom=column_ifexists('msg_normalizedHeader_from_s', ''),\r\n\t\t        MsgNormalizedHeaderFromHashed=column_ifexists('msg_normalizedHeader_fromHashed_s', ''),\r\n\t\t        MsgHeaderFrom=column_ifexists('msg_header_from_s', ''),\r\n\t\t        MsgHeaderFromHashed=column_ifexists('msg_header_fromHashed_s', ''),\r\n\t\t        MsgHeaderMessageId=column_ifexists('msg_header_message_id_s', ''),\r\n\t\t        MsgHeaderSubject=column_ifexists('msg_header_subject_s', ''),\r\n\t\t        MsgHeaderTo=column_ifexists('msg_header_to_s', ''),\r\n\t\t        MsgHeaderToHashed=column_ifexists('msg_header_toHashed_s', ''),\r\n\t\t        MsgParsedAddressesFromHashed=column_ifexists('msg_parsedAddresses_fromHashed_s', ''),\r\n\t\t        MsgParsedAddressesFrom=column_ifexists('msg_parsedAddresses_from_s', ''),\r\n\t\t        MsgParsedAddressesToHashed=column_ifexists('msg_parsedAddresses_toHashed_s', ''),\r\n\t\t        MsgParsedAddressesTo=column_ifexists('msg_parsedAddresses_to_s', ''),\r\n\t\t        FilterActions=column_ifexists('filter_actions_s', ''),\r\n\t\t        FilterRoutes=column_ifexists('filter_routes_s', ''),\r\n\t\t        FilterQid=column_ifexists('filter_qid_s', ''),\r\n\t\t        FilterIsMsgEncrypted=column_ifexists('filter_isMsgEncrypted_b', ''),\r\n\t\t        FilterIsMsgReinjected=column_ifexists('filter_isMsgReinjected_b', ''),\r\n\t\t        FilterQuarantineRule=column_ifexists('filter_quarantine_rule_s', ''),\r\n\t\t        FilterQuarantineFolder=column_ifexists('filter_quarantine_folder_s', ''),\r\n\t\t        FilterModulesDmarcSrvid=column_ifexists('filter_modules_dmarc_srvid_s', ''),\r\n\t\t        FilterModulesDmarcRecords=column_ifexists('filter_modules_dmarc_records_s', ''),\r\n\t\t        FilterModulesDmarcFilterdResult=column_ifexists('filter_modules_dmarc_filterdResult_s', ''),\r\n\t\t        FilterModulesDmarcAuthResults=column_ifexists('filter_modules_dmarc_authResults_s', ''),\r\n\t\t        FilterModulesSpfDomain=column_ifexists('filter_modules_spf_domain_s', ''),\r\n\t\t        FilterModulesSpfResult=column_ifexists('filter_modules_spf_result_s', ''),\r\n\t\t        FilterModulesSpamTriggeredClassifier=column_ifexists('filter_modules_spam_triggeredClassifier_s', ''),\r\n\t\t        FilterModulesSpamSafeBlockedListMatches=column_ifexists('filter_modules_spam_safeBlockedListMatches_s', ''),\r\n\t\t        FilterModulesSpamVersionEngine=column_ifexists('filter_modules_spam_version_engine_s', ''),\r\n\t\t        FilterModulesSpamVersionDefinitions=column_ifexists('filter_modules_spam_version_definitions_s', ''),\r\n\t\t        FilterModulesSpamScoresOverall=column_ifexists('filter_modules_spam_scores_overall_d', ''),\r\n\t\t        FilterModulesSpamScoresEngine=column_ifexists('filter_modules_spam_scores_engine_d', ''),\r\n\t\t        FilterModulesSpamScoresClassifiers=column_ifexists('filter_modules_spam_scores_classifiers_s', ''),\r\n\t\t        FilterModulesSpamLangs=column_ifexists('filter_modules_spam_langs_s', ''),\r\n\t\t        FilterModulesUrldefenseVersionEngine=column_ifexists('filter_modules_urldefense_version_engine_s', ''),\r\n\t\t        FilterModulesUrldefenseCountsUnique=column_ifexists('filter_modules_urldefense_counts_unique_d', ''),\r\n\t\t        FilterModulesUrldefenseCountsRewritten=column_ifexists('filter_modules_urldefense_counts_rewritten_d', ''),\r\n\t\t        FilterModulesUrldefenseCountsTotal=column_ifexists('filter_modules_urldefense_counts_total_d', ''),\r\n\t\t        FilterModulesDkimv=column_ifexists('filter_modules_dkimv_s', ''),\r\n\t\t        FilterModulesPdrV2Response=column_ifexists('filter_modules_pdr_v2_response_s', ''),\r\n\t\t        FilterModulesZerohourScore=column_ifexists('filter_modules_zerohour_score_s', ''),\r\n\t\t        FilterDisposition=column_ifexists('filter_disposition_s', ''),\r\n\t\t        FilterSuborgsRcpts=column_ifexists('filter_suborgs_rcpts_s', ''),\r\n\t        \tFilterSuborgsSender=column_ifexists('filter_suborgs_sender_s', ''),\r\n\t        \tFilterMsgSizeBytes=column_ifexists('filter_msgSizeBytes_d', ''),\r\n\t\t        FilterVerifiedRcptsHashed=column_ifexists('filter_verified_rcptsHashed_s', ''),\r\n\t\t        FilterVerifiedRcpts=column_ifexists('filter_verified_rcpts_s', ''),\r\n\t        \tGuid=column_ifexists('guid_s', ''),\r\n\t        \tEnvelopeRcptsHashed=column_ifexists('envelope_rcptsHashed_s', ''),\r\n\t        \tEnvelopeFromHashed=column_ifexists('envelope_fromHashed_s', ''),\r\n\t        \tMsgNormalizedHeaderReturnPathHashed=column_ifexists('msg_normalizedHeader_return_pathHashed_s', ''),\r\n\t        \tMsgNormalizedHeaderXMailer=column_ifexists('msg_normalizedHeader_x_mailer_s', ''),\r\n\t\t        MsgNormalizedHeaderReturnPath=column_ifexists('msg_normalizedHeader_return_path_s', ''),\r\n\t\t        MsgHeaderXMailer=column_ifexists('msg_header_x_mailer_s', ''),\r\n\t\t        MsgHeaderReturnPathHashed=column_ifexists('msg_header_return_pathHashed_s', ''),\r\n\t\t        MsgHeaderReturnPath=column_ifexists('msg_header_return_path_s', ''),\r\n\t\t        FilterModulesSpamCharsets=column_ifexists('filter_modules_spam_charsets_s', ''),\r\n\t\t        FilterModulesDmarcAlignment=column_ifexists('filter_modules_dmarc_alignment_s', ''),\r\n\t\t        MsgNormalizedHeaderXOriginatingIp=column_ifexists('msg_normalizedHeader_x_originating_ip_s', ''),\r\n\t\t        MsgHeaderXOriginatingIp=column_ifexists('msg_header_x_originating_ip_s', ''),\r\n\t\t        MsgNormalizedHeaderReplyTo=column_ifexists('msg_normalizedHeader_reply_to_s', ''),\r\n\t\t        MsgNormalizedHeaderReplyToHashed=column_ifexists('msg_normalizedHeader_reply_toHashed_s', ''),\r\n\t\t        MsgHeaderReplyToHashed=column_ifexists('msg_header_reply_toHashed_s', ''),\r\n\t\t        MsgHeaderReplyTo=column_ifexists('msg_header_reply_to_s', ''),\r\n\t\t        FilterModulesUrldefenseCountsNoRewriteIsEmail=column_ifexists('filter_modules_urldefense_counts_noRewriteIsEmail_d', ''),\r\n\t\t        FilterModulesPdrV2Rscore=column_ifexists('filter_modules_pdr_v2_rscore_d', ''),\r\n\t\t        FilterOrigGuid=column_ifexists('filter_origGuid_s', ''),\r\n\t\t        MsgNormalizedHeaderCc=column_ifexists('msg_normalizedHeader_cc_s', ''),\r\n\t\t        MsgNormalizedHeaderCcHashed=column_ifexists('msg_normalizedHeader_ccHashed_s', ''),\r\n\t\t        MsgParsedAddressesCcHashed=column_ifexists('msg_parsedAddresses_ccHashed_s', ''),\r\n\t\t        MsgParsedAddressesCc=column_ifexists('msg_parsedAddresses_cc_s', ''),\r\n\t\t        MsgHeaderCcHashed=column_ifexists('msg_header_ccHashed_s', ''),\r\n\t\t        MsgHeaderCc=column_ifexists('msg_header_cc_s', ''),\r\n\t\t        FilterModulesAvVirusNames=column_ifexists('filter_modules_av_virusNames_s', ''),\r\n\t\t        FilterThrottleIp=column_ifexists('filter_throttleIp_s', ''),\r\n\t\t        FilterModulesUrldefenseCountsNoRewriteIsUnsupportedScheme=column_ifexists('filter_modules_urldefense_counts_noRewriteIsUnsupportedScheme_d', ''),\r\n\t\t        FilterModulesUrldefenseCountsNoRewriteIsSchemeless=column_ifexists('filter_modules_urldefense_counts_noRewriteIsSchemeless_d', ''),\r\n\t\t        FilterModulesUrldefenseCountsNoRewriteIsMaxLengthExceeded=column_ifexists('filter_modules_urldefense_counts_noRewriteIsMaxLengthExceeded_d', ''),\r\n\t\t        FilterModulesUrldefenseCountsNoRewriteIsExcludedDomain=column_ifexists('filter_modules_urldefense_counts_noRewriteIsExcludedDomain_d', ''),\r\n                PpsAgent=column_ifexists('pps_agent_s', ''),\r\n                EventOriginalTime=column_ifexists('ts_t', ''),\r\n                TlsCipher=column_ifexists('connection_tls_inbound_cipher_s', ''),\r\n                TlsCipherBits=column_ifexists('connection_tls_inbound_cipherBits_d', ''),\r\n                TlsVersion=column_ifexists('connection_tls_inbound_version_s', ''),\r\n                SrcIpAddr=column_ifexists('connection_ip_s', ''),\r\n                NetworkSessionId=column_ifexists('connection_sid_s', ''),\r\n                SrcDvcHostname=column_ifexists('connection_host_s', ''),\r\n                SrcGeoCountry=column_ifexists('connection_country_s', ''),\r\n                NetworkProtocol=column_ifexists('connection_protocol_s', ''),\r\n                NetworkConnectionState=column_ifexists('connection_resolveStatus_s', ''),\r\n                NetworkBytes=toreal( column_ifexists('sm_sizeBytes_s', '')),\r\n                NetworkDuration=column_ifexists('filter_durationSecs_d', ''),\r\n                EventStartTime=column_ifexists('filter_startTime_t', ''),\r\n                NetworkDirection=column_ifexists('filter_routeDirection_s', ''),\r\n                DstUserUpn=column_ifexists('envelope_rcpts_s', ''),\r\n                SrcUserUpn=column_ifexists('envelope_from_s', ''),\r\n                EventType=column_ifexists('event_type_s', ''),\r\n                EventVendor=\"Proofpoint\",\r\n                EventProduct=\"Proofpoint On Demand Email Security\"\r\n    | project\r\n                TimeGenerated, \r\n                EventVendor,\r\n                EventProduct,\r\n                FilterModulesUrldefenseCountsNoRewriteIsLargeMsgPartSize,\r\n                PpsVersion,\r\n                PpsCid,\r\n                MsgParts,\r\n                MetadataOriginDataAgent,\r\n                MetadataOriginDataVersion,\r\n                MetadataOriginDataCid,\r\n                ConnectionHelo,\r\n                MsgLang,\r\n                MsgNormalizedHeaderSubject,\r\n                MsgNormalizedHeaderMessageId,\r\n                MsgNormalizedHeaderTo,\r\n                MsgNormalizedHeadertoHashed,\r\n                MsgNormalizedHeaderFrom,\r\n                MsgNormalizedHeaderFromHashed,\r\n                MsgHeaderFrom,\r\n                MsgHeaderFromHashed,\r\n                MsgHeaderMessageId,\r\n                MsgHeaderSubject,\r\n                MsgHeaderTo,\r\n                MsgHeaderToHashed,\r\n                MsgParsedAddressesFromHashed,\r\n                MsgParsedAddressesFrom,\r\n                MsgParsedAddressesToHashed,\r\n                MsgParsedAddressesTo,\r\n                FilterActions,\r\n                FilterRoutes,\r\n                FilterQid,\r\n                FilterIsMsgEncrypted,\r\n                FilterIsMsgReinjected,\r\n                FilterQuarantineRule,\r\n                FilterQuarantineFolder,\r\n                FilterModulesDmarcSrvid,\r\n                FilterModulesDmarcRecords,\r\n                FilterModulesDmarcFilterdResult,\r\n                FilterModulesDmarcAuthResults,\r\n                FilterModulesSpfDomain,\r\n                FilterModulesSpfResult,\r\n                FilterModulesSpamTriggeredClassifier,\r\n                FilterModulesSpamSafeBlockedListMatches,\r\n                FilterModulesSpamVersionEngine,\r\n                FilterModulesSpamVersionDefinitions,\r\n                FilterModulesSpamScoresOverall,\r\n                FilterModulesSpamScoresEngine,\r\n                FilterModulesSpamScoresClassifiers,\r\n                FilterModulesSpamLangs,\r\n                FilterModulesUrldefenseVersionEngine,\r\n                FilterModulesUrldefenseCountsUnique,\r\n                FilterModulesUrldefenseCountsRewritten,\r\n                FilterModulesUrldefenseCountsTotal,\r\n                FilterModulesDkimv,\r\n                FilterModulesPdrV2Response,\r\n                FilterModulesZerohourScore,\r\n                FilterDisposition,\r\n                FilterSuborgsRcpts,\r\n                FilterSuborgsSender,\r\n                FilterMsgSizeBytes,\r\n                FilterVerifiedRcptsHashed,\r\n                FilterVerifiedRcpts,\r\n                Guid,\r\n                EnvelopeRcptsHashed,\r\n                EnvelopeFromHashed,\r\n                MsgNormalizedHeaderReturnPathHashed,\r\n                MsgNormalizedHeaderXMailer,\r\n                MsgNormalizedHeaderReturnPath,\r\n                MsgHeaderXMailer,\r\n                MsgHeaderReturnPathHashed,\r\n                MsgHeaderReturnPath,\r\n                FilterModulesSpamCharsets,\r\n                FilterModulesDmarcAlignment,\r\n                MsgNormalizedHeaderXOriginatingIp,\r\n                MsgHeaderXOriginatingIp,\r\n                MsgNormalizedHeaderReplyTo,\r\n                MsgNormalizedHeaderReplyToHashed,\r\n                MsgHeaderReplyToHashed,\r\n                MsgHeaderReplyTo,\r\n                FilterModulesUrldefenseCountsNoRewriteIsEmail,\r\n                FilterModulesPdrV2Rscore,\r\n                FilterOrigGuid,\r\n                MsgNormalizedHeaderCc,\r\n                MsgNormalizedHeaderCcHashed,\r\n                MsgParsedAddressesCcHashed,\r\n                MsgParsedAddressesCc,\r\n                MsgHeaderCcHashed,\r\n                MsgHeaderCc,\r\n                FilterModulesAvVirusNames,\r\n                FilterThrottleIp,\r\n                FilterModulesUrldefenseCountsNoRewriteIsUnsupportedScheme,\r\n                FilterModulesUrldefenseCountsNoRewriteIsSchemeless,\r\n                FilterModulesUrldefenseCountsNoRewriteIsMaxLengthExceeded,\r\n                FilterModulesUrldefenseCountsNoRewriteIsExcludedDomain,\r\n                PpsAgent,\r\n                SrcDvcHostname,\r\n                EventOriginalTime,\r\n                TlsCipher,\r\n                TlsCipherBits,\r\n                TlsVersion,\r\n                SrcIpAddr,\r\n                NetworkSessionId,\r\n                SrcGeoCountry,\r\n                NetworkProtocol,\r\n                NetworkConnectionState,\r\n                NetworkBytes,\r\n                NetworkDuration,\r\n                EventStartTime,\r\n                NetworkDirection,\r\n                DstUserUpn,\r\n                SrcUserUpn,\r\n                EventType\r\n\t| join kind=inner  (\r\n\t\tProofpointPOD_message_CL\r\n\t\t| extend Guid = column_ifexists('guid_s', ''),\r\n\t\t    MsgParts=column_ifexists('msgParts_s', '')\r\n\t\t| extend d = parse_json(MsgParts)\r\n\t\t| mv-apply d on (where isnotempty(d.urls)\r\n\t\t    | extend URL_LIST = tostring(d.urls))\r\n\t\t| extend e = parse_json(URL_LIST)\r\n\t\t| mv-apply e on (where isnotempty(e.url)\r\n\t\t    | extend URLLIST = tostring(e.url))\r\n\t\t| summarize make_set(URLLIST) by Guid\r\n        )\r\n        on Guid\r\n    | project-away Guid1\r\n    | project-rename Urls = set_URLLIST\r\n};\r\nunion isfuzzy=true ProofpointPOD_message_view, ProofpointPOD_maillog_view\r\n",
                "version": 1,
                "tags": [
                  {
                    "name": "description",
                    "value": "ProofpointPOD Data Parser"
                  }
                ]
              }
            },
            {
              "type": "Microsoft.OperationalInsights/workspaces/providers/metadata",
              "apiVersion": "2022-01-01-preview",
              "name": "[concat(parameters('workspace'),'/Microsoft.SecurityInsights/',concat('Parser-', last(split(resourceId('Microsoft.OperationalInsights/workspaces/savedSearches', parameters('workspace'), 'ProofpointPOD Data Parser'),'/'))))]",
              "dependsOn": [
                "[concat(parameters('workspace'),'/','ProofpointPOD Data Parser')]"
              ],
              "properties": {
                "parentId": "[resourceId('Microsoft.OperationalInsights/workspaces/savedSearches', parameters('workspace'), 'ProofpointPOD Data Parser')]",
                "contentId": "ProofpointPOD-Parser",
                "kind": "Parser",
                "version": "1.0.0",
                "source": {
                  "name": "Proofpoint On demand(POD) Email Security",
                  "kind": "Solution",
                  "sourceId": "azuresentinel.azure-sentinel-proofpointpod"
                },
                "author": {
                  "name": "Microsoft",
                  "email": "support@microsoft.com"
                },
                "support": {
                  "tier": "Microsoft",
                  "name": "Microsoft Corporation",
                  "email": "support@microsoft.com",
                  "link": "https://support.microsoft.com/"
                }
              }
            }
          ]
        },
        "packageKind": "Solution",
        "packageVersion": "2.0.5",
        "packageName": "Proofpoint On demand (POD) Email Security",
        "packageId": "azuresentinel.azure-sentinel-proofpointpod",
        "contentSchemaVersion": "3.0.0"
      }
    }
  ]
}