{
  "$schema": "https://schema.management.azure.com/schemas/2019-04-01/deploymentTemplate.json#",
  "contentVersion": "1.0.0",
  "parameters": {
    "location": {
      "type": "string",
      "minLength": 1,
      "defaultValue": "[resourceGroup().location]",
      "metadata": {
        "description": "Not used, but needed to pass arm-ttk test `Location-Should-Not-Be-Hardcoded`.  We instead use the `workspace-location` which is derived from the LA workspace"
      }
    },
    "workspace": {
      "defaultValue": "",
      "type": "string",
      "metadata": {
        "description": "Workspace name for Log Analytics where Microsoft Sentinel is setup"
      }
    },
    "workspace-location": {
      "type": "string",
      "defaultValue": "",
      "metadata": {
        "description": "[concat('Region to deploy solution resources -- separate from location selection',parameters('location'))]"
      }
    }
  },
  "resources": [
    {
      "type": "Microsoft.OperationalInsights/workspaces/providers/contentTemplates",
      "name": "[concat(parameters('workspace'),'/Microsoft.SecurityInsights/',concat(concat(parameters('workspace'),'-ar-',uniquestring('b442b9e2-5cc4-4129-a85b-a5ef38a9e5f0')),'1.0.0'))]",
      "location": "[parameters('workspace-location')]",
      "apiVersion": "2023-04-01-preview",
      "dependsOn": [
        "[extensionResourceId(resourceId('Microsoft.OperationalInsights/workspaces', parameters('workspace')), 'Microsoft.SecurityInsights/contentPackages', 'azuresentinel.azure-sentinel-solution-amazonwebservices')]"
      ],
      "properties": {
        "contentId": "b442b9e2-5cc4-4129-a85b-a5ef38a9e5f0",
        "displayName": "S3 bucket suspicious ransomware activity",
        "contentKind": "AnalyticsRule",
        "mainTemplate": {
          "$schema": "https://schema.management.azure.com/schemas/2019-04-01/deploymentTemplate.json#",
          "contentVersion": "1.0.0",
          "parameters": {},
          "variables": {},
          "resources": [
            {
              "type": "Microsoft.SecurityInsights/AlertRuleTemplates",
              "name": "b442b9e2-5cc4-4129-a85b-a5ef38a9e5f0",
              "apiVersion": "2022-04-01-preview",
              "kind": "Scheduled",
              "location": "[parameters('workspace-location')]",
              "properties": {
                "description": "Suspicious S3 bucket activity indicating ransomware was detected.\nAn attacker might download all the objects in a compromised S3 bucket, encrypt them with his own key, then upload them back to the same bucket, overwriting the existing ones.",
                "displayName": "S3 bucket suspicious ransomware activity",
                "enabled": false,
                "query": "let timeframe = 1h;\nlet lookback = 2h;\n// The attacker downloads the object(s) from the compromised bucket\nlet GetObject = AWSCloudTrail\n| where TimeGenerated >= ago(lookback)\n| where EventName == \"GetObject\" and isempty(ErrorCode) and isempty(ErrorMessage)\n| extend bucketName = tostring(parse_json(RequestParameters).bucketName), keyName = tostring(parse_json(RequestParameters).key)\n| project-rename StartTime = TimeGenerated;\n// Then, the attacker overwrites the same object(s) but encrypted with his own key\nlet PutObject = AWSCloudTrail\n| where TimeGenerated >= ago(timeframe)\n| where EventName == \"PutObject\" and isempty(ErrorCode) and isempty(ErrorMessage)\n| extend bucketName = tostring(parse_json(RequestParameters).bucketName), keyName = tostring(parse_json(RequestParameters).key)\n| extend kmsId = tostring(parse_json(RequestParameters).[\"x-amz-server-side-encryption-aws-kms-key-id\"])\n| where tostring(kmsId) !has tostring(RecipientAccountId) and kmsId <> \"\";\nPutObject\n| join kind=inner \n(\n   GetObject\n)\non $left.bucketName == $right.bucketName, $left.keyName == $right.keyName\n| where TimeGenerated > StartTime\n| extend UserIdentityUserName = iff(isnotempty(UserIdentityUserName), UserIdentityUserName, tostring(split(UserIdentityArn,'/')[-1]))\n| extend timestamp = StartTime, IPCustomEntity = SourceIpAddress, AccountCustomEntity = UserIdentityUserName\n",
                "queryFrequency": "PT1H",
                "queryPeriod": "PT1H",
                "severity": "High",
                "suppressionDuration": "PT1H",
                "suppressionEnabled": false,
                "triggerOperator": "GreaterThan",
                "triggerThreshold": 0,
                "status": "Available",
                "requiredDataConnectors": [
                  {
                    "dataTypes": [
                      "AWSCloudTrail"
                    ],
                    "connectorId": "AWS"
                  }
                ],
                "tactics": [
                  "Impact"
                ],
                "techniques": [
                  "T1486"
                ],
                "entityMappings": [
                  {
                    "entityType": "Account",
                    "fieldMappings": [
                      {
                        "identifier": "FullName",
                        "columnName": "AccountCustomEntity"
                      }
                    ]
                  },
                  {
                    "entityType": "IP",
                    "fieldMappings": [
                      {
                        "identifier": "Address",
                        "columnName": "IPCustomEntity"
                      }
                    ]
                  }
                ]
              }
            },
            {
              "type": "Microsoft.OperationalInsights/workspaces/providers/metadata",
              "apiVersion": "2022-01-01-preview",
              "name": "[concat(parameters('workspace'),'/Microsoft.SecurityInsights/',concat('AnalyticsRule-', last(split(resourceId('Microsoft.SecurityInsights/AlertRuleTemplates', 'b442b9e2-5cc4-4129-a85b-a5ef38a9e5f0'),'/'))))]",
              "properties": {
                "description": "Amazon Web Services Analytics Rule 51",
                "parentId": "[resourceId('Microsoft.SecurityInsights/AlertRuleTemplates', 'b442b9e2-5cc4-4129-a85b-a5ef38a9e5f0')]",
                "contentId": "b442b9e2-5cc4-4129-a85b-a5ef38a9e5f0",
                "kind": "AnalyticsRule",
                "version": "1.0.0",
                "source": {
                  "kind": "Solution",
                  "name": "Amazon Web Services",
                  "sourceId": "azuresentinel.azure-sentinel-solution-amazonwebservices"
                },
                "author": {
                  "name": "Microsoft"
                },
                "support": {
                  "name": "Microsoft Corporation",
                  "email": "support@microsoft.com",
                  "tier": "Microsoft",
                  "link": "https://support.microsoft.com"
                }
              }
            }
          ]
        },
        "packageKind": "Solution",
        "packageVersion": "2.0.5",
        "packageName": "Amazon Web Services",
        "packageId": "azuresentinel.azure-sentinel-solution-amazonwebservices",
        "contentSchemaVersion": "3.0.0"
      }
    }
  ]
}