{
  "$schema": "https://schema.management.azure.com/schemas/2019-04-01/deploymentTemplate.json#",
  "contentVersion": "1.0.0",
  "parameters": {
    "location": {
      "type": "string",
      "minLength": 1,
      "defaultValue": "[resourceGroup().location]",
      "metadata": {
        "description": "Not used, but needed to pass arm-ttk test `Location-Should-Not-Be-Hardcoded`.  We instead use the `workspace-location` which is derived from the LA workspace"
      }
    },
    "workspace": {
      "defaultValue": "",
      "type": "string",
      "metadata": {
        "description": "Workspace name for Log Analytics where Microsoft Sentinel is setup"
      }
    },
    "workspace-location": {
      "type": "string",
      "defaultValue": "",
      "metadata": {
        "description": "[concat('Region to deploy solution resources -- separate from location selection',parameters('location'))]"
      }
    }
  },
  "resources": [
    {
      "type": "Microsoft.OperationalInsights/workspaces/providers/contentTemplates",
      "name": "[concat(parameters('workspace'),'/Microsoft.SecurityInsights/',concat(concat(parameters('workspace'),'-ar-',uniquestring('6116dc19-475a-4148-84b2-efe89c073e27')),'1.0.0'))]",
      "location": "[parameters('workspace-location')]",
      "apiVersion": "2023-04-01-preview",
      "dependsOn": [
        "[extensionResourceId(resourceId('Microsoft.OperationalInsights/workspaces', parameters('workspace')), 'Microsoft.SecurityInsights/contentPackages', 'azuresentinel.azure-sentinel-qualysvm')]"
      ],
      "properties": {
        "contentId": "6116dc19-475a-4148-84b2-efe89c073e27",
        "displayName": "New High Severity Vulnerability Detected Across Multiple Hosts",
        "contentKind": "AnalyticsRule",
        "mainTemplate": {
          "$schema": "https://schema.management.azure.com/schemas/2019-04-01/deploymentTemplate.json#",
          "contentVersion": "1.0.0",
          "parameters": {},
          "variables": {},
          "resources": [
            {
              "type": "Microsoft.SecurityInsights/AlertRuleTemplates",
              "name": "6116dc19-475a-4148-84b2-efe89c073e27",
              "apiVersion": "2022-04-01-preview",
              "kind": "Scheduled",
              "location": "[parameters('workspace-location')]",
              "properties": {
                "description": "This creates an incident when a new high severity vulnerability is detected across multilple hosts",
                "displayName": "New High Severity Vulnerability Detected Across Multiple Hosts",
                "enabled": false,
                "query": "\nlet threshold = 10;\nQualysHostDetectionV2_CL\n| extend Status = tostring(Status_s), Vulnerability = tostring(QID_s), Severity = tostring(Severity_s)\n| where Status =~ \"New\" and Severity == \"5\"\n| summarize StartTime = min(TimeGenerated), EndTime = max(TimeGenerated), dcount(NetBios_s) by tostring(QID_s)\n| where dcount_NetBios_s >= threshold\n| extend timestamp = StartTime\n",
                "queryFrequency": "PT1H",
                "queryPeriod": "PT1H",
                "severity": "Medium",
                "suppressionDuration": "PT1H",
                "suppressionEnabled": false,
                "triggerOperator": "GreaterThan",
                "triggerThreshold": 0,
                "status": "Available",
                "requiredDataConnectors": [
                  {
                    "dataTypes": [
                      "QualysHostDetection_CL"
                    ],
                    "connectorId": "QualysVulnerabilityManagement"
                  }
                ],
                "tactics": [
                  "InitialAccess"
                ]
              }
            },
            {
              "type": "Microsoft.OperationalInsights/workspaces/providers/metadata",
              "apiVersion": "2022-01-01-preview",
              "name": "[concat(parameters('workspace'),'/Microsoft.SecurityInsights/',concat('AnalyticsRule-', last(split(resourceId('Microsoft.SecurityInsights/AlertRuleTemplates', '6116dc19-475a-4148-84b2-efe89c073e27'),'/'))))]",
              "properties": {
                "description": "QualysVM Analytics Rule 2",
                "parentId": "[resourceId('Microsoft.SecurityInsights/AlertRuleTemplates', '6116dc19-475a-4148-84b2-efe89c073e27')]",
                "contentId": "6116dc19-475a-4148-84b2-efe89c073e27",
                "kind": "AnalyticsRule",
                "version": "1.0.0",
                "source": {
                  "kind": "Solution",
                  "name": "QualysVM",
                  "sourceId": "azuresentinel.azure-sentinel-qualysvm"
                },
                "author": {
                  "name": "Microsoft",
                  "email": "support@microsoft.com"
                },
                "support": {
                  "name": "Microsoft Corporation",
                  "email": "support@microsoft.com",
                  "tier": "Microsoft",
                  "link": "https://support.microsoft.com"
                }
              }
            }
          ]
        },
        "packageKind": "Solution",
        "packageVersion": "2.0.1",
        "packageName": "Qualys VM Solution",
        "packageId": "azuresentinel.azure-sentinel-qualysvm",
        "contentSchemaVersion": "3.0.0"
      }
    }
  ]
}