{
  "$schema": "https://schema.management.azure.com/schemas/2019-04-01/deploymentTemplate.json#",
  "contentVersion": "1.0.0",
  "parameters": {
    "location": {
      "type": "string",
      "minLength": 1,
      "defaultValue": "[resourceGroup().location]",
      "metadata": {
        "description": "Not used, but needed to pass arm-ttk test `Location-Should-Not-Be-Hardcoded`.  We instead use the `workspace-location` which is derived from the LA workspace"
      }
    },
    "workspace": {
      "defaultValue": "",
      "type": "string",
      "metadata": {
        "description": "Workspace name for Log Analytics where Microsoft Sentinel is setup"
      }
    },
    "workspace-location": {
      "type": "string",
      "defaultValue": "",
      "metadata": {
        "description": "[concat('Region to deploy solution resources -- separate from location selection',parameters('location'))]"
      }
    }
  },
  "resources": [
    {
      "type": "Microsoft.OperationalInsights/workspaces/providers/contentTemplates",
      "name": "[concat(parameters('workspace'),'/Microsoft.SecurityInsights/',concat(concat(parameters('workspace'),'-hq-',uniquestring('e73ebd34-4f04-4684-a5f0-dba820127ce8')),'1.0.0'))]",
      "location": "[parameters('workspace-location')]",
      "apiVersion": "2023-04-01-preview",
      "dependsOn": [
        "[extensionResourceId(resourceId('Microsoft.OperationalInsights/workspaces', parameters('workspace')), 'Microsoft.SecurityInsights/contentPackages', 'azuresentinel.azure-sentinel-solution-amazonwebservices')]"
      ],
      "properties": {
        "contentId": "e73ebd34-4f04-4684-a5f0-dba820127ce8",
        "displayName": "",
        "contentKind": "HuntingQuery",
        "mainTemplate": {
          "$schema": "https://schema.management.azure.com/schemas/2019-04-01/deploymentTemplate.json#",
          "contentVersion": "1.0.0",
          "parameters": {},
          "variables": {},
          "resources": [
            {
              "type": "Microsoft.OperationalInsights/savedSearches",
              "apiVersion": "2020-08-01",
              "name": "Amazon_Web_Services_Hunting_Query_27",
              "location": "[parameters('workspace-location')]",
              "properties": {
                "eTag": "*",
                "displayName": "CreatePolicyVersion with excessive permissions",
                "category": "Hunting Queries",
                "query": "let check_actions = AWSCloudTrail\n| where EventName == \"CreatePolicyVersion\" and isempty(ErrorCode) and isempty(ErrorMessage)\n| extend state=parse_json(parse_json(replace_string(tostring(parse_json(RequestParameters)['policyDocument']),'\\\\\"','\"')).['Statement'])\n| mv-expand state\n| extend Action= tostring(parse_json(state.['Action'][0])), Effect=tostring(parse_json(state.['Effect']))\n| where Action has \"*\" and Effect == 'Allow'\n| distinct AwsEventId;\nAWSCloudTrail\n| where EventName == \"CreatePolicyVersion\" and isempty(ErrorCode) and isempty(ErrorMessage)\n| join kind=inner (check_actions) on AwsEventId\n| extend UserIdentityUserName = iff(isnotempty(UserIdentityUserName), UserIdentityUserName, tostring(split(UserIdentityArn,'/')[-1]))\n| project-away AwsEventId1\n",
                "version": 2,
                "tags": [
                  {
                    "name": "description",
                    "value": "A policy with excessive permissions detected. Attacker could use that policy to escalate privileges and for malicious activities. Verify the policy creation with the entity."
                  },
                  {
                    "name": "tactics",
                    "value": "PrivilegeEscalation"
                  },
                  {
                    "name": "techniques",
                    "value": "T1484"
                  }
                ]
              }
            },
            {
              "type": "Microsoft.OperationalInsights/workspaces/providers/metadata",
              "apiVersion": "2022-01-01-preview",
              "name": "[concat(parameters('workspace'),'/Microsoft.SecurityInsights/',concat('HuntingQuery-', last(split(resourceId('Microsoft.OperationalInsights/savedSearches', 'e73ebd34-4f04-4684-a5f0-dba820127ce8'),'/'))))]",
              "properties": {
                "description": "Amazon Web Services Hunting Query 27",
                "parentId": "[resourceId('Microsoft.OperationalInsights/savedSearches', 'e73ebd34-4f04-4684-a5f0-dba820127ce8')]",
                "contentId": "e73ebd34-4f04-4684-a5f0-dba820127ce8",
                "kind": "HuntingQuery",
                "version": "1.0.0",
                "source": {
                  "kind": "Solution",
                  "name": "Amazon Web Services",
                  "sourceId": "azuresentinel.azure-sentinel-solution-amazonwebservices"
                },
                "author": {
                  "name": "Microsoft"
                },
                "support": {
                  "name": "Microsoft Corporation",
                  "email": "support@microsoft.com",
                  "tier": "Microsoft",
                  "link": "https://support.microsoft.com"
                }
              }
            }
          ]
        },
        "packageKind": "Solution",
        "packageVersion": "2.0.5",
        "packageName": "Amazon Web Services",
        "packageId": "azuresentinel.azure-sentinel-solution-amazonwebservices",
        "contentSchemaVersion": "3.0.0"
      }
    }
  ]
}