{
  "$schema": "https://schema.management.azure.com/schemas/2019-04-01/deploymentTemplate.json#",
  "contentVersion": "1.0.3",
  "parameters": {
    "location": {
      "type": "string",
      "minLength": 1,
      "defaultValue": "[resourceGroup().location]",
      "metadata": {
        "description": "Not used, but needed to pass arm-ttk test `Location-Should-Not-Be-Hardcoded`.  We instead use the `workspace-location` which is derived from the LA workspace"
      }
    },
    "workspace": {
      "defaultValue": "",
      "type": "string",
      "metadata": {
        "description": "Workspace name for Log Analytics where Microsoft Sentinel is setup"
      }
    },
    "workspace-location": {
      "type": "string",
      "defaultValue": "",
      "metadata": {
        "description": "[concat('Region to deploy solution resources -- separate from location selection',parameters('location'))]"
      }
    }
  },
  "resources": [
    {
      "type": "Microsoft.OperationalInsights/workspaces/providers/contentTemplates",
      "name": "[concat(parameters('workspace'),'/Microsoft.SecurityInsights/',concat(concat(parameters('workspace'),'-ar-',uniquestring('8675dd7a-795e-4d56-a79c-fc848c5ee61c')),'1.0.3'))]",
      "location": "[parameters('workspace-location')]",
      "apiVersion": "2023-04-01-preview",
      "dependsOn": [
        "[extensionResourceId(resourceId('Microsoft.OperationalInsights/workspaces', parameters('workspace')), 'Microsoft.SecurityInsights/contentPackages', 'azuresentinel.azure-sentinel-proofpoint')]"
      ],
      "properties": {
        "contentId": "8675dd7a-795e-4d56-a79c-fc848c5ee61c",
        "displayName": "Malware Link Clicked",
        "contentKind": "AnalyticsRule",
        "mainTemplate": {
          "$schema": "https://schema.management.azure.com/schemas/2019-04-01/deploymentTemplate.json#",
          "contentVersion": "1.0.3",
          "parameters": {},
          "variables": {},
          "resources": [
            {
              "type": "Microsoft.SecurityInsights/AlertRuleTemplates",
              "name": "8675dd7a-795e-4d56-a79c-fc848c5ee61c",
              "apiVersion": "2022-04-01-preview",
              "kind": "Scheduled",
              "location": "[parameters('workspace-location')]",
              "properties": {
                "description": "This query identifies a user clicking on an email link whose threat category is classified as a malware",
                "displayName": "Malware Link Clicked",
                "enabled": false,
                "query": "ProofPointTAPClicksPermitted_CL\n| where classification_s =~ \"malware\"\n| summarize StartTime = min(TimeGenerated), EndTime = max(TimeGenerated), count() by TimeGenerated, Sender = sender_s, SenderIPAddress = senderIP_s, Recipient = recipient_s, TimeClicked = clickTime_t, URLClicked = url_s\n| extend timestamp = StartTime, AccountCustomEntity = Recipient, IPCustomEntity = SenderIPAddress, URLCustomEntity = URLClicked\n",
                "queryFrequency": "PT1H",
                "queryPeriod": "PT1H",
                "severity": "Medium",
                "suppressionDuration": "PT1H",
                "suppressionEnabled": false,
                "triggerOperator": "GreaterThan",
                "triggerThreshold": 0,
                "status": "Available",
                "requiredDataConnectors": [
                  {
                    "dataTypes": [
                      "ProofPointTAPClicksPermitted_CL"
                    ],
                    "connectorId": "ProofpointTAP"
                  }
                ],
                "tactics": [
                  "InitialAccess"
                ],
                "techniques": [
                  "T1566"
                ],
                "entityMappings": [
                  {
                    "fieldMappings": [
                      {
                        "identifier": "FullName",
                        "columnName": "AccountCustomEntity"
                      }
                    ],
                    "entityType": "Account"
                  },
                  {
                    "fieldMappings": [
                      {
                        "identifier": "Address",
                        "columnName": "IPCustomEntity"
                      }
                    ],
                    "entityType": "IP"
                  },
                  {
                    "fieldMappings": [
                      {
                        "identifier": "Url",
                        "columnName": "URLCustomEntity"
                      }
                    ],
                    "entityType": "URL"
                  }
                ]
              }
            },
            {
              "type": "Microsoft.OperationalInsights/workspaces/providers/metadata",
              "apiVersion": "2022-01-01-preview",
              "name": "[concat(parameters('workspace'),'/Microsoft.SecurityInsights/',concat('AnalyticsRule-', last(split(resourceId('Microsoft.SecurityInsights/AlertRuleTemplates', '8675dd7a-795e-4d56-a79c-fc848c5ee61c'),'/'))))]",
              "properties": {
                "description": "ProofPointTap Analytics Rule 2",
                "parentId": "[resourceId('Microsoft.SecurityInsights/AlertRuleTemplates', '8675dd7a-795e-4d56-a79c-fc848c5ee61c')]",
                "contentId": "8675dd7a-795e-4d56-a79c-fc848c5ee61c",
                "kind": "AnalyticsRule",
                "version": "1.0.3",
                "source": {
                  "kind": "Solution",
                  "name": "ProofPointTap",
                  "sourceId": "azuresentinel.azure-sentinel-proofpoint"
                },
                "author": {
                  "name": "Microsoft",
                  "email": "support@microsoft.com"
                },
                "support": {
                  "tier": "Microsoft",
                  "name": "Microsoft Corporation",
                  "email": "support@microsoft.com",
                  "link": "https://support.microsoft.com/"
                }
              }
            }
          ]
        },
        "packageKind": "Solution",
        "packageVersion": "2.0.3",
        "packageName": "Proofpoint TAP Solution",
        "packageId": "azuresentinel.azure-sentinel-proofpoint",
        "contentSchemaVersion": "3.0.0"
      }
    }
  ]
}