{
  "$schema": "https://schema.management.azure.com/schemas/2019-04-01/deploymentTemplate.json#",
  "parameters": {
    "location": {
      "type": "string",
      "minLength": 1,
      "defaultValue": "[resourceGroup().location]",
      "metadata": {
        "description": "Not used, but needed to pass arm-ttk test `Location-Should-Not-Be-Hardcoded`.  We instead use the `workspace-location` which is derived from the LA workspace"
      }
    },
    "workspace-location": {
      "type": "string",
      "defaultValue": "",
      "metadata": {
        "description": "[concat('Region to deploy solution resources -- separate from location selection',parameters('location'))]"
      }
    },
    "workspace": {
      "defaultValue": "",
      "type": "string",
      "metadata": {
        "description": "Workspace name for Log Analytics where Microsoft Sentinel is setup"
      }
    }
  },
  "variables": {},
  "resources": [
    {
      "type": "Microsoft.OperationalInsights/workspaces/providers/packages",
      "location": "[parameters('workspace-location')]",
      "apiVersion": "2022-08-01",
      "properties": {
        "packageKind": "Standalone",
        "packageItems": {
          "resources": [
            {
              "type": "Microsoft.OperationalInsights/workspaces/providers/contentTemplates",
              "name": "[concat(parameters('workspace'),'/Microsoft.SecurityInsights/', 'a09a0b8e-30fe-4ebf-94a0-cffe50f579cd')]",
              "location": "[parameters('workspace-location')]",
              "apiVersion": "2022-08-01",
              "properties": {
                "contentId": "a09a0b8e-30fe-4ebf-94a0-cffe50f579cd",
                "displayName": "User State changed from Guest to Member",
                "contentKind": "AnalyticsRule",
                "mainTemplate": {
                  "$schema": "https://schema.management.azure.com/schemas/2019-04-01/deploymentTemplate.json#",
                  "contentVersion": "1.0.0",
                  "resources": [
                    {
                      "type": "Microsoft.OperationalInsights/workspaces/providers/alertRules",
                      "apiVersion": "2022-04-01-preview",
                      "name": "[concat(parameters('workspace'),'/Microsoft.SecurityInsights/', '' )]",
                      "kind": "Scheduled",
                      "location": "[parameters('workspace-location')]",
                      "properties": {
                        "description": "Detects when a guest account in a tenant is converted to a member of the tenant.\n  Monitoring guest accounts and the access they are provided is important to detect potential account abuse.\n  Accounts converted to members should be investigated to ensure the activity was legitimate.\n  Ref: https://docs.microsoft.com/azure/active-directory/fundamentals/security-operations-user-accounts#monitoring-for-failed-unusual-sign-ins",
                        "displayName": "User State changed from Guest to Member",
                        "enabled": false,
                        "query": "AuditLogs\n  | where OperationName =~ \"Update user\"\n  | where Result =~ \"success\"\n  | mv-expand TargetResources\n  | mv-expand TargetResources.modifiedProperties\n  | where TargetResources_modifiedProperties.displayName =~ \"TargetId.UserType\"\n  | extend UpdatingServicePrincipal = tostring(parse_json(tostring(InitiatedBy.app)).servicePrincipalId)\n  | extend UpdatingUserPrincipal = tostring(parse_json(tostring(InitiatedBy.user)).userPrincipalName)\n  | extend UpdatingUser = iif(isnotempty(UpdatingServicePrincipal), UpdatingServicePrincipal, UpdatingUserPrincipal)\n  | extend UpdatedUserPrincipalName = tostring(TargetResources.userPrincipalName)\n  | project-reorder TimeGenerated, UpdatedUserPrincipalName, UpdatingUser\n  | where parse_json(tostring(TargetResources_modifiedProperties.newValue)) =~ \"\\\"Member\\\"\" and parse_json(tostring(TargetResources_modifiedProperties.oldValue)) =~ \"\\\"Guest\\\"\"\n",
                        "queryFrequency": "P1D",
                        "queryPeriod": "P1D",
                        "severity": "Medium",
                        "suppressionDuration": "PT1H",
                        "suppressionEnabled": false,
                        "triggerOperator": "GreaterThan",
                        "triggerThreshold": 0,
                        "tactics": [
                          "Persistence"
                        ],
                        "entityMappings": [
                          {
                            "entityType": "Account",
                            "fieldMappings": [
                              {
                                "columnName": "UpdatingUser",
                                "identifier": "FullName"
                              }
                            ]
                          },
                          {
                            "entityType": "Account",
                            "fieldMappings": [
                              {
                                "columnName": "UpdatedUserPrincipalName",
                                "identifier": "FullName"
                              }
                            ]
                          }
                        ]
                      }
                    },
                    {
                      "type": "Microsoft.OperationalInsights/workspaces/providers/metadata",
                      "apiVersion": "2021-03-01-preview",
                      "name": "[concat(parameters('workspace'),'/Microsoft.SecurityInsights/', '')]",
                      "properties": {
                        "description": "'Detects when a guest account in a tenant is converted to a member of the tenant.\n  Monitoring guest accounts and the access they are provided is important to detect potential account abuse.\n  Accounts converted to members should be investigated to ensure the activity was legitimate.\n  Ref: https://docs.microsoft.com/azure/active-directory/fundamentals/security-operations-user-accounts#monitoring-for-failed-unusual-sign-ins'\n",
                        "contentId": "a09a0b8e-30fe-4ebf-94a0-cffe50f579cd",
                        "version": "1.0.0",
                        "source": {
                          "kind": "Community"
                        },
                        "threatAnalysisTactics": [
                          "Persistence"
                        ],
                        "threatAnalyticsTechniques": [
                          "T1098"
                        ],
                        "parentId": "a09a0b8e-30fe-4ebf-94a0-cffe50f579cd",
                        "kind": "AnalyticsRule",
                        "dependencies": {
                          "operator": "AND",
                          "criteria": [
                            {
                              "contentId": "AuditLogs",
                              "kind": "DataType"
                            }
                          ]
                        }
                      }
                    }
                  ]
                }
              }
            }
          ]
        },
        "contentId": "a09a0b8e-30fe-4ebf-94a0-cffe50f579cd",
        "dependencies": {
          "operator": "AND",
          "criteria": [
            {
              "contentId": "a09a0b8e-30fe-4ebf-94a0-cffe50f579cd",
              "kind": "AnalyticsRule"
            }
          ]
        },
        "description": "'Detects when a guest account in a tenant is converted to a member of the tenant.\n  Monitoring guest accounts and the access they are provided is important to detect potential account abuse.\n  Accounts converted to members should be investigated to ensure the activity was legitimate.\n  Ref: https://docs.microsoft.com/azure/active-directory/fundamentals/security-operations-user-accounts#monitoring-for-failed-unusual-sign-ins'\n",
        "displayName": "User State changed from Guest to Member",
        "source": {
          "kind": "Community"
        },
        "threatAnalysisTactics": [
          "Persistence"
        ],
        "threatAnalyticsTechniques": [
          "T1098"
        ],
        "version": "1.0.0"
      },
      "name": "[concat(parameters('workspace'),'/Microsoft.SecurityInsights/', 'a09a0b8e-30fe-4ebf-94a0-cffe50f579cd')]"
    }
  ]
}