{
  "$schema": "https://schema.management.azure.com/schemas/2019-04-01/deploymentTemplate.json#",
  "contentVersion": "1.0.0.0",
  "parameters": {
    "location": {
      "type": "string",
      "minLength": 1,
      "defaultValue": "[resourceGroup().location]",
      "metadata": {
        "description": "Not used, but needed to pass arm-ttk test `Location-Should-Not-Be-Hardcoded`.  We instead use the `workspace-location` which is derived from the LA workspace"
      }
    },
    "workspace-location": {
      "type": "string",
      "defaultValue": "",
      "metadata": {
        "description": "[concat('Region to deploy solution resources -- separate from location selection',parameters('location'))]"
      }
    },
    "workspace": {
      "defaultValue": "",
      "type": "string",
      "metadata": {
        "description": "Workspace name for Log Analytics where Microsoft Sentinel is setup"
      }
    }
  },
  "variables": {},
  "resources": [
    {
      "type": "Microsoft.OperationalInsights/workspaces/providers/packages",
      "location": "[parameters('workspace-location')]",
      "apiVersion": "2022-08-01",
      "properties": {
        "packageKind": "Standalone",
        "packageItems": {
          "resources": [
            {
              "type": "Microsoft.OperationalInsights/workspaces/providers/contentTemplates",
              "name": "[concat(parameters('workspace'),'/Microsoft.SecurityInsights/', '0b9ae89d-8cad-461c-808f-0494f70ad5c4')]",
              "location": "[parameters('workspace-location')]",
              "apiVersion": "2022-08-01",
              "properties": {
                "contentId": "0b9ae89d-8cad-461c-808f-0494f70ad5c4",
                "displayName": "Multiple Password Reset by user",
                "contentKind": "AnalyticsRule",
                "mainTemplate": {
                  "$schema": "https://schema.management.azure.com/schemas/2019-04-01/deploymentTemplate.json#",
                  "contentVersion": "2.1.2",
                  "resources": [
                    {
                      "type": "Microsoft.OperationalInsights/workspaces/providers/alertRules",
                      "apiVersion": "2022-04-01-preview",
                      "name": "0b9ae89d-8cad-461c-808f-0494f70ad5c4",
                      "kind": "Scheduled",
                      "location": "[parameters('workspace-location')]",
                      "properties": {
                        "description": "This query will determine multiple password resets by user across multiple data sources. \nAccount manipulation including password reset may aid adversaries in maintaining access to credentials \nand certain permission levels within an environment.",
                        "displayName": "Multiple Password Reset by user",
                        "enabled": false,
                        "query": "\nlet PerUserThreshold = 5;\nlet TotalThreshold = 100;\nlet action = dynamic([\"change\", \"changed\", \"reset\"]);\nlet pWord = dynamic([\"password\", \"credentials\"]);\nlet PasswordResetMultiDataSource =\n(union isfuzzy=true\n(//Password reset events\n//4723: An attempt was made to change an account's password\n//4724: An attempt was made to reset an accounts password\nSecurityEvent\n| where EventID in (\"4723\",\"4724\")\n| project TimeGenerated, Computer, AccountType, Account, Type, TargetUserName),\n(//Password reset events\n//4723: An attempt was made to change an account's password\n//4724: An attempt was made to reset an accounts password\nWindowsEvent\n| where EventID in (\"4723\",\"4724\")\n| extend SubjectUserSid = tostring(EventData.SubjectUserSid)\n| extend TargetUserName = tostring(EventData.TargetUserName)\n| extend Account =  strcat(tostring(EventData.SubjectDomainName),\"\\\\\", tostring(EventData.SubjectUserName))\n| extend AccountType=case(Account endswith \"$\" or SubjectUserSid in (\"S-1-5-18\", \"S-1-5-19\", \"S-1-5-20\"), \"Machine\", isempty(SubjectUserSid), \"\", \"User\")\n| project TimeGenerated, Computer, AccountType, Account, Type, TargetUserName),\n(//Azure Active Directory Password reset events\nAuditLogs\n| where OperationName has_any (pWord) and OperationName has_any (action) and Result =~ \"success\"\n| extend AccountType = tostring(TargetResources[0].type), Account = tostring(TargetResources[0].userPrincipalName), \nTargetUserName = tolower(tostring(TargetResources[0].displayName))\n| project TimeGenerated, AccountType, Account, Computer = \"\", Type),\n(//OfficeActive ActiveDirectory Password reset events\nOfficeActivity\n| where OfficeWorkload == \"AzureActiveDirectory\" \n| where (ExtendedProperties has_any (pWord) or ModifiedProperties has_any (pWord)) and (ExtendedProperties has_any (action) or ModifiedProperties has_any (action))\n| extend AccountType = UserType, Account = OfficeObjectId \n| project TimeGenerated, AccountType, Account, Type, Computer = \"\"),\n(// Unix syslog password reset events\nSyslog\n| where Facility in (\"auth\",\"authpriv\")\n| where SyslogMessage has_any (pWord) and SyslogMessage has_any (action)\n| extend AccountType = iif(SyslogMessage contains \"root\", \"Root\", \"Non-Root\")\n| where SyslogMessage matches regex \".*password changed for.*\"\n| parse SyslogMessage with * \"password changed for\" Account\n| project TimeGenerated, AccountType, Account, Computer = HostName, Type)\n);\nlet pwrmd = PasswordResetMultiDataSource\n| project TimeGenerated, Computer, AccountType, Account, Type, TargetUserName;\n(union isfuzzy=true  \n(pwrmd\n| summarize StartTimeUtc = min(TimeGenerated), EndTimeUtc = max(TimeGenerated), Computerlist = make_set(Computer, 25), AccountType = make_set(AccountType, 25), Computer = arg_max(Computer , TimeGenerated), TargetUserList = make_set(TargetUserName, 25), TargetUserName = arg_max(TargetUserName, TimeGenerated), Total=count() by Account, Type\n| where Total > PerUserThreshold\n| extend ResetPivot = \"PerUserReset\"),  \n(pwrmd\n| summarize StartTimeUtc = min(TimeGenerated), EndTimeUtc = max(TimeGenerated), ComputerList = make_set(Computer, 25), AccountList = make_set(Account, 25), AccountType = make_set(AccountType, 25), Computer = arg_max(Computer , TimeGenerated), TargetUserList = make_set(TargetUserName, 25), TargetUserName = arg_max(TargetUserName, TimeGenerated), Total=count() by Type\n| where Total > TotalThreshold\n| extend ResetPivot = \"TotalUserReset\")\n)\n| extend timestamp = StartTimeUtc, AccountCustomEntity = Account, HostCustomEntity = Computer\n",
                        "queryFrequency": "P1D",
                        "queryPeriod": "P1D",
                        "severity": "Low",
                        "status": "Available",
                        "suppressionDuration": "PT1H",
                        "suppressionEnabled": false,
                        "triggerOperator": "GreaterThan",
                        "triggerThreshold": 0,
                        "tactics": [
                          "InitialAccess",
                          "CredentialAccess"
                        ],
                        "techniques": [
                          "T1078",
                          "T1110"
                        ],
                        "entityMappings": [
                          {
                            "entityType": "Account",
                            "fieldMappings": [
                              {
                                "columnName": "AccountCustomEntity",
                                "identifier": "FullName"
                              }
                            ]
                          },
                          {
                            "entityType": "Account",
                            "fieldMappings": [
                              {
                                "columnName": "TargetUserName",
                                "identifier": "FullName"
                              }
                            ]
                          },
                          {
                            "entityType": "Host",
                            "fieldMappings": [
                              {
                                "columnName": "HostCustomEntity",
                                "identifier": "FullName"
                              }
                            ]
                          }
                        ],
                        "requiredDataConnectors": [
                          {
                            "connectorId": "AzureActiveDirectory",
                            "dataTypes": [
                              "AuditLogs"
                            ]
                          },
                          {
                            "connectorId": "Office365",
                            "dataTypes": [
                              "OfficeActivity"
                            ]
                          },
                          {
                            "connectorId": "SecurityEvents",
                            "dataTypes": [
                              "SecurityEvent"
                            ]
                          },
                          {
                            "connectorId": "Syslog",
                            "dataTypes": [
                              "Syslog"
                            ]
                          },
                          {
                            "connectorId": "WindowsForwardedEvents",
                            "dataTypes": [
                              "WindowsEvent"
                            ]
                          },
                          {
                            "connectorId": "WindowsSecurityEvents",
                            "dataTypes": [
                              "SecurityEvents"
                            ]
                          }
                        ]
                      }
                    },
                    {
                      "type": "Microsoft.OperationalInsights/workspaces/providers/metadata",
                      "apiVersion": "2021-03-01-preview",
                      "properties": {
                        "description": "This query will determine multiple password resets by user across multiple data sources. \nAccount manipulation including password reset may aid adversaries in maintaining access to credentials \nand certain permission levels within an environment.",
                        "version": "2.1.2",
                        "author": {
                          "name": "Shain"
                        },
                        "support": {
                          "tier": "Community",
                          "name": "Community",
                          "link": "https://github.com/Azure/Azure-Sentinel/issues"
                        },
                        "source": {
                          "kind": "Community",
                          "name": "Standalone"
                        },
                        "threatAnalysisTactics": [
                          "InitialAccess",
                          "CredentialAccess"
                        ],
                        "threatAnalyticsTechniques": [
                          "T1078",
                          "T1110"
                        ],
                        "contentId": "0b9ae89d-8cad-461c-808f-0494f70ad5c4",
                        "parentId": "0b9ae89d-8cad-461c-808f-0494f70ad5c4",
                        "kind": "AnalyticsRule",
                        "dependencies": {
                          "operator": "AND",
                          "criteria": [
                            {
                              "contentId": "AuditLogs",
                              "kind": "DataType"
                            },
                            {
                              "contentId": "SecurityEvent",
                              "kind": "DataType"
                            },
                            {
                              "contentId": "Syslog",
                              "kind": "DataType"
                            },
                            {
                              "contentId": "OfficeActivity",
                              "kind": "DataType"
                            },
                            {
                              "contentId": "SecurityEvents",
                              "kind": "DataType"
                            },
                            {
                              "contentId": "WindowsEvent",
                              "kind": "DataType"
                            }
                          ]
                        }
                      }
                    }
                  ]
                }
              }
            }
          ]
        },
        "author": {
          "name": "Shain"
        },
        "categories": {
          "domains": [
            "Security - Others",
            "Identity"
          ]
        },
        "dependencies": {
          "operator": "AND",
          "criteria": [
            {
              "contentId": "0b9ae89d-8cad-461c-808f-0494f70ad5c4",
              "kind": "AnalyticsRule"
            }
          ]
        },
        "description": "This query will determine multiple password resets by user across multiple data sources. \nAccount manipulation including password reset may aid adversaries in maintaining access to credentials \nand certain permission levels within an environment.",
        "displayName": "Multiple Password Reset by user",
        "packageId": "0b9ae89d-8cad-461c-808f-0494f70ad5c4",
        "source": {
          "kind": "Community",
          "name": "Standalone"
        },
        "support": {
          "tier": "Community",
          "name": "Community",
          "link": "https://github.com/Azure/Azure-Sentinel/issues"
        },
        "threatAnalysisTactics": [
          "InitialAccess",
          "CredentialAccess"
        ],
        "threatAnalyticsTechniques": [
          "T1078",
          "T1110"
        ],
        "version": "2.1.2"
      },
      "name": "[concat(parameters('workspace'),'/Microsoft.SecurityInsights/', '0b9ae89d-8cad-461c-808f-0494f70ad5c4')]"
    }
  ]
}