{
  "$schema": "https://schema.management.azure.com/schemas/2019-04-01/deploymentTemplate.json#",
  "contentVersion": "1.0.0.0",
  "parameters": {
    "location": {
      "type": "string",
      "minLength": 1,
      "defaultValue": "[resourceGroup().location]",
      "metadata": {
        "description": "Not used, but needed to pass arm-ttk test `Location-Should-Not-Be-Hardcoded`.  We instead use the `workspace-location` which is derived from the LA workspace"
      }
    },
    "workspace-location": {
      "type": "string",
      "defaultValue": "",
      "metadata": {
        "description": "[concat('Region to deploy solution resources -- separate from location selection',parameters('location'))]"
      }
    },
    "workspace": {
      "defaultValue": "",
      "type": "string",
      "metadata": {
        "description": "Workspace name for Log Analytics where Microsoft Sentinel is setup"
      }
    }
  },
  "variables": {},
  "resources": [
    {
      "type": "Microsoft.OperationalInsights/workspaces/providers/packages",
      "location": "[parameters('workspace-location')]",
      "apiVersion": "2022-08-01",
      "properties": {
        "packageKind": "Standalone",
        "packageItems": {
          "resources": [
            {
              "type": "Microsoft.OperationalInsights/workspaces/providers/contentTemplates",
              "name": "[concat(parameters('workspace'),'/Microsoft.SecurityInsights/', '1218175f-c534-421c-8070-5dcaabf28067')]",
              "location": "[parameters('workspace-location')]",
              "apiVersion": "2022-08-01",
              "properties": {
                "contentId": "1218175f-c534-421c-8070-5dcaabf28067",
                "displayName": "Suspicious link sharing pattern",
                "contentKind": "AnalyticsRule",
                "mainTemplate": {
                  "$schema": "https://schema.management.azure.com/schemas/2019-04-01/deploymentTemplate.json#",
                  "contentVersion": "1.0.1",
                  "resources": [
                    {
                      "type": "Microsoft.OperationalInsights/workspaces/providers/alertRules",
                      "apiVersion": "2022-04-01-preview",
                      "name": "1218175f-c534-421c-8070-5dcaabf28067",
                      "kind": "Scheduled",
                      "location": "[parameters('workspace-location')]",
                      "properties": {
                        "description": "Alerts in links that have been shared across multiple Zoom chat channels by the same user in a short space if time. \nAdjust the threshold figure to change the number of channels a message needs to be posted in before an alert is raised.",
                        "displayName": "Suspicious link sharing pattern",
                        "enabled": false,
                        "query": "\nlet threshold = 3; \nZoomLogs \n| where Event =~ \"chat_message.sent\" \n| extend Channel = tostring(parse_json(ChatEvents).Channel)  \n| extend Message = tostring(parse_json(ChatEvents).Message) \n| where Message matches regex \"http(s?):\\\\/\\\\/\" \n| summarize Channels = makeset(Channel), StartTime = min(TimeGenerated), EndTime = max(TimeGenerated) by Message, User, UserId\n| extend ChannelCount = arraylength(Channels) \n| where ChannelCount > threshold\n| extend timestamp = StartTime, AccountCustomEntity = User\n",
                        "queryFrequency": "P1D",
                        "queryPeriod": "P1D",
                        "severity": "Low",
                        "status": "Available",
                        "suppressionDuration": "PT1H",
                        "suppressionEnabled": false,
                        "triggerOperator": "GreaterThan",
                        "triggerThreshold": 0,
                        "tactics": [
                          "CredentialAccess",
                          "Persistence"
                        ],
                        "entityMappings": [
                          {
                            "entityType": "Account",
                            "fieldMappings": [
                              {
                                "columnName": "AccountCustomEntity",
                                "identifier": "FullName"
                              }
                            ]
                          }
                        ]
                      }
                    },
                    {
                      "type": "Microsoft.OperationalInsights/workspaces/providers/metadata",
                      "apiVersion": "2021-03-01-preview",
                      "properties": {
                        "description": "Alerts in links that have been shared across multiple Zoom chat channels by the same user in a short space if time. \nAdjust the threshold figure to change the number of channels a message needs to be posted in before an alert is raised.",
                        "version": "1.0.1",
                        "author": {
                          "name": "Pete Bryan"
                        },
                        "support": {
                          "tier": "Community",
                          "name": "Community",
                          "link": "https://github.com/Azure/Azure-Sentinel/issues"
                        },
                        "source": {
                          "kind": "Community",
                          "name": "Standalone"
                        },
                        "threatAnalysisTactics": [
                          "CredentialAccess",
                          "Persistence"
                        ],
                        "contentId": "1218175f-c534-421c-8070-5dcaabf28067",
                        "parentId": "1218175f-c534-421c-8070-5dcaabf28067",
                        "kind": "AnalyticsRule"
                      }
                    }
                  ]
                }
              }
            }
          ]
        },
        "author": {
          "name": "Pete Bryan"
        },
        "categories": {
          "domains": [
            "Security - Others"
          ]
        },
        "dependencies": {
          "operator": "AND",
          "criteria": [
            {
              "contentId": "1218175f-c534-421c-8070-5dcaabf28067",
              "kind": "AnalyticsRule"
            }
          ]
        },
        "description": "Alerts in links that have been shared across multiple Zoom chat channels by the same user in a short space if time. \nAdjust the threshold figure to change the number of channels a message needs to be posted in before an alert is raised.",
        "displayName": "Suspicious link sharing pattern",
        "packageId": "1218175f-c534-421c-8070-5dcaabf28067",
        "source": {
          "kind": "Community",
          "name": "Standalone"
        },
        "support": {
          "tier": "Community",
          "name": "Community",
          "link": "https://github.com/Azure/Azure-Sentinel/issues"
        },
        "threatAnalysisTactics": [
          "CredentialAccess",
          "Persistence"
        ],
        "version": "1.0.1"
      },
      "name": "[concat(parameters('workspace'),'/Microsoft.SecurityInsights/', '1218175f-c534-421c-8070-5dcaabf28067')]"
    }
  ]
}