{
  "$schema": "https://schema.management.azure.com/schemas/2019-04-01/deploymentTemplate.json#",
  "contentVersion": "1.0.0.0",
  "parameters": {
    "location": {
      "type": "string",
      "minLength": 1,
      "defaultValue": "[resourceGroup().location]",
      "metadata": {
        "description": "Not used, but needed to pass arm-ttk test `Location-Should-Not-Be-Hardcoded`.  We instead use the `workspace-location` which is derived from the LA workspace"
      }
    },
    "workspace-location": {
      "type": "string",
      "defaultValue": "",
      "metadata": {
        "description": "[concat('Region to deploy solution resources -- separate from location selection',parameters('location'))]"
      }
    },
    "workspace": {
      "defaultValue": "",
      "type": "string",
      "metadata": {
        "description": "Workspace name for Log Analytics where Microsoft Sentinel is setup"
      }
    }
  },
  "variables": {},
  "resources": [
    {
      "type": "Microsoft.OperationalInsights/workspaces/providers/packages",
      "location": "[parameters('workspace-location')]",
      "apiVersion": "2022-08-01",
      "properties": {
        "packageKind": "Standalone",
        "packageItems": {
          "resources": [
            {
              "type": "Microsoft.OperationalInsights/workspaces/providers/contentTemplates",
              "name": "[concat(parameters('workspace'),'/Microsoft.SecurityInsights/', 'ef895ada-e8e8-4cf0-9313-b1ab67fab69f')]",
              "location": "[parameters('workspace-location')]",
              "apiVersion": "2022-08-01",
              "properties": {
                "contentId": "ef895ada-e8e8-4cf0-9313-b1ab67fab69f",
                "displayName": "Authentication Attempt from New Country",
                "contentKind": "AnalyticsRule",
                "mainTemplate": {
                  "$schema": "https://schema.management.azure.com/schemas/2019-04-01/deploymentTemplate.json#",
                  "contentVersion": "1.0.1",
                  "resources": [
                    {
                      "type": "Microsoft.OperationalInsights/workspaces/providers/alertRules",
                      "apiVersion": "2022-04-01-preview",
                      "name": "ef895ada-e8e8-4cf0-9313-b1ab67fab69f",
                      "kind": "Scheduled",
                      "location": "[parameters('workspace-location')]",
                      "properties": {
                        "description": "Detects when there is a log in attempt from a country that has not seen a successful login in the previous 14 days.\n  Threat actors may attempt to authenticate with credentials from compromised accounts - monitoring attempts from anomalous locations may help identify these attempts.\n  Authentication attempts should be investigated to ensure the activity was legitimate and if there is other similar activity.\n  Ref: https://docs.microsoft.com/azure/active-directory/fundamentals/security-operations-user-accounts#monitoring-for-failed-unusual-sign-ins",
                        "displayName": "Authentication Attempt from New Country",
                        "enabled": false,
                        "query": "let known_locations =\n  union isfuzzy=True AADNonInteractiveUserSignInLogs, SigninLogs\n  | where TimeGenerated between(ago(14d)..ago(1d))\n  | where ResultType == 0\n  | summarize by Location;\n  union isfuzzy=True AADNonInteractiveUserSignInLogs, SigninLogs\n  | where TimeGenerated > ago(1d)\n  | where ResultType != 50126\n  | where Location !in (known_locations)\n  | extend LocationDetails_dynamic = column_ifexists(\"LocationDetails_dynamic\", \"\")\n  | extend DeviceDetail_dynamic = column_ifexists(\"DeviceDetail_dynamic\", \"\")\n  | extend LocationDetails = iif(isnotempty(LocationDetails_dynamic), LocationDetails_dynamic, parse_json(LocationDetails_string))\n  | extend DeviceDetail = iif(isnotempty(DeviceDetail_dynamic), DeviceDetail_dynamic, parse_json(DeviceDetail_string))\n  | extend City = tostring(LocationDetails.city)\n  | extend State = tostring(LocationDetails.state)\n  | extend Place = strcat(City, \" - \", State)\n  | extend DeviceId = tostring(DeviceDetail.deviceId)\n  | extend Result = strcat(tostring(ResultType), \" - \", ResultDescription)\n  | summarize FirstSeen=min(TimeGenerated), LastSeen=max(TimeGenerated), make_set(Result), make_set(IPAddress), make_set(UserAgent), make_set(Place), make_set(DeviceId) by UserPrincipalName, Location, Category\n",
                        "queryFrequency": "P1D",
                        "queryPeriod": "P14D",
                        "severity": "Medium",
                        "status": "Available",
                        "suppressionDuration": "PT1H",
                        "suppressionEnabled": false,
                        "triggerOperator": "GreaterThan",
                        "triggerThreshold": 0,
                        "tactics": [
                          "InitialAccess"
                        ],
                        "techniques": [
                          "T1078"
                        ],
                        "entityMappings": [
                          {
                            "entityType": "Account",
                            "fieldMappings": [
                              {
                                "columnName": "UserPrincipalName",
                                "identifier": "FullName"
                              }
                            ]
                          }
                        ],
                        "requiredDataConnectors": [
                          {
                            "connectorId": "AzureActiveDirectory",
                            "dataTypes": [
                              "SigninLogs",
                              "AADNonInteractiveUserSignInLogs"
                            ]
                          }
                        ]
                      }
                    },
                    {
                      "type": "Microsoft.OperationalInsights/workspaces/providers/metadata",
                      "apiVersion": "2021-03-01-preview",
                      "properties": {
                        "description": "Detects when there is a log in attempt from a country that has not seen a successful login in the previous 14 days.\n  Threat actors may attempt to authenticate with credentials from compromised accounts - monitoring attempts from anomalous locations may help identify these attempts.\n  Authentication attempts should be investigated to ensure the activity was legitimate and if there is other similar activity.\n  Ref: https://docs.microsoft.com/azure/active-directory/fundamentals/security-operations-user-accounts#monitoring-for-failed-unusual-sign-ins",
                        "version": "1.0.1",
                        "author": {
                          "name": "Pete Bryan"
                        },
                        "support": {
                          "tier": "Community",
                          "name": "Community",
                          "link": "https://github.com/Azure/Azure-Sentinel/issues"
                        },
                        "source": {
                          "kind": "Community",
                          "name": "Standalone"
                        },
                        "threatAnalysisTactics": [
                          "InitialAccess"
                        ],
                        "threatAnalyticsTechniques": [
                          "T1078.004"
                        ],
                        "contentId": "ef895ada-e8e8-4cf0-9313-b1ab67fab69f",
                        "parentId": "ef895ada-e8e8-4cf0-9313-b1ab67fab69f",
                        "kind": "AnalyticsRule",
                        "dependencies": {
                          "operator": "AND",
                          "criteria": [
                            {
                              "contentId": "SigninLogs",
                              "kind": "DataType"
                            },
                            {
                              "contentId": "AADNonInteractiveUserSignInLogs",
                              "kind": "DataType"
                            }
                          ]
                        }
                      }
                    }
                  ]
                }
              }
            }
          ]
        },
        "author": {
          "name": "Pete Bryan"
        },
        "categories": {
          "domains": [
            "Security - Others"
          ]
        },
        "dependencies": {
          "operator": "AND",
          "criteria": [
            {
              "contentId": "ef895ada-e8e8-4cf0-9313-b1ab67fab69f",
              "kind": "AnalyticsRule"
            }
          ]
        },
        "description": "Detects when there is a log in attempt from a country that has not seen a successful login in the previous 14 days.\n  Threat actors may attempt to authenticate with credentials from compromised accounts - monitoring attempts from anomalous locations may help identify these attempts.\n  Authentication attempts should be investigated to ensure the activity was legitimate and if there is other similar activity.\n  Ref: https://docs.microsoft.com/azure/active-directory/fundamentals/security-operations-user-accounts#monitoring-for-failed-unusual-sign-ins",
        "displayName": "Authentication Attempt from New Country",
        "packageId": "ef895ada-e8e8-4cf0-9313-b1ab67fab69f",
        "source": {
          "kind": "Community",
          "name": "Standalone"
        },
        "support": {
          "tier": "Community",
          "name": "Community",
          "link": "https://github.com/Azure/Azure-Sentinel/issues"
        },
        "threatAnalysisTactics": [
          "InitialAccess"
        ],
        "threatAnalyticsTechniques": [
          "T1078.004"
        ],
        "version": "1.0.1"
      },
      "name": "[concat(parameters('workspace'),'/Microsoft.SecurityInsights/', 'ef895ada-e8e8-4cf0-9313-b1ab67fab69f')]"
    }
  ]
}