{
  "$schema": "https://schema.management.azure.com/schemas/2019-04-01/deploymentTemplate.json#",
  "contentVersion": "1.0.0.0",
  "parameters": {
    "location": {
      "type": "string",
      "minLength": 1,
      "defaultValue": "[resourceGroup().location]",
      "metadata": {
        "description": "Not used, but needed to pass arm-ttk test `Location-Should-Not-Be-Hardcoded`.  We instead use the `workspace-location` which is derived from the LA workspace"
      }
    },
    "workspace-location": {
      "type": "string",
      "defaultValue": "",
      "metadata": {
        "description": "[concat('Region to deploy solution resources -- separate from location selection',parameters('location'))]"
      }
    },
    "workspace": {
      "defaultValue": "",
      "type": "string",
      "metadata": {
        "description": "Workspace name for Log Analytics where Microsoft Sentinel is setup"
      }
    }
  },
  "variables": {},
  "resources": [
    {
      "type": "Microsoft.OperationalInsights/workspaces/providers/packages",
      "location": "[parameters('workspace-location')]",
      "apiVersion": "2022-08-01",
      "properties": {
        "packageKind": "Standalone",
        "packageItems": {
          "resources": [
            {
              "type": "Microsoft.OperationalInsights/workspaces/providers/contentTemplates",
              "name": "[concat(parameters('workspace'),'/Microsoft.SecurityInsights/', 'a5b3429d-f1da-42b9-883c-327ecb7b91ff')]",
              "location": "[parameters('workspace-location')]",
              "apiVersion": "2022-08-01",
              "properties": {
                "contentId": "a5b3429d-f1da-42b9-883c-327ecb7b91ff",
                "displayName": "Workspace deletion attempt from an infected device",
                "contentKind": "AnalyticsRule",
                "mainTemplate": {
                  "$schema": "https://schema.management.azure.com/schemas/2019-04-01/deploymentTemplate.json#",
                  "contentVersion": "1.0.4",
                  "resources": [
                    {
                      "type": "Microsoft.OperationalInsights/workspaces/providers/alertRules",
                      "apiVersion": "2022-04-01-preview",
                      "name": "a5b3429d-f1da-42b9-883c-327ecb7b91ff",
                      "kind": "Scheduled",
                      "location": "[parameters('workspace-location')]",
                      "properties": {
                        "description": "This query will alert on any sign-ins from devices infected with malware in correlation with potential workspace deletion activity. \nAttackers may attempt to delete  workspaces containing  compute instances  after successful compromise to cause service unavailability to regular business operation.",
                        "displayName": "Workspace deletion attempt from an infected device",
                        "enabled": false,
                        "query": "SecurityAlert\n| where TimeGenerated > ago(1d)\n| where ProductName == \"Azure Active Directory Identity Protection\"\n| where AlertName == \"Sign-in from an infected device\"\n| mv-expand Entity = todynamic(Entities)\n| where Entity.Type == \"account\"\n| extend AadTenantId = tostring(Entity.AadTenantId)\n| extend AadUserId = tostring(Entity.AadUserId)\n| extend IpAddress = tostring(parse_json(Entities)[2].Address)\n| join kind=inner (\nIdentityInfo\n| distinct AccountTenantId, AccountObjectId, AccountUPN, AccountDisplayName\n| extend UserAccount = AccountUPN\n| extend UserName = AccountDisplayName\n| where isnotempty(AccountDisplayName) and isnotempty(UserAccount)\n| project AccountTenantId, AccountObjectId, UserAccount, UserName\n)\non\n$left.AadTenantId == $right.AccountTenantId,\n$left.AadUserId == $right.AccountObjectId\n| extend CompromisedEntity = iff(CompromisedEntity == \"N/A\" or isempty(CompromisedEntity), UserAccount, CompromisedEntity)\n| project  AlertName, AlertSeverity, CompromisedEntity, UserAccount, IpAddress,TimeGenerated, UserName\n| join kind=inner \n(\nAzureActivity\n| where OperationNameValue hassuffix (\"/workspaces/computes/delete\")\n| where ActivityStatusValue has_any (\"Succeeded\", \"Success\")\n| project TimeGenerated, _ResourceId, SubscriptionId, UserAccount=Caller, IpAddress=CallerIpAddress, CorrelationId, OperationId, ResourceGroup, TenantId\n) on IpAddress, UserAccount\n| extend timestamp = TimeGenerated, AccountCustomEntity = UserAccount, IPCustomEntity = IpAddress\n",
                        "queryFrequency": "P1D",
                        "queryPeriod": "P14D",
                        "severity": "Medium",
                        "status": "Available",
                        "suppressionDuration": "PT1H",
                        "suppressionEnabled": false,
                        "triggerOperator": "GreaterThan",
                        "triggerThreshold": 0,
                        "tactics": [
                          "InitialAccess",
                          "Impact"
                        ],
                        "techniques": [
                          "T1078",
                          "T1489"
                        ],
                        "entityMappings": [
                          {
                            "entityType": "Account",
                            "fieldMappings": [
                              {
                                "columnName": "AccountCustomEntity",
                                "identifier": "FullName"
                              }
                            ]
                          },
                          {
                            "entityType": "IP",
                            "fieldMappings": [
                              {
                                "columnName": "IPCustomEntity",
                                "identifier": "Address"
                              }
                            ]
                          }
                        ],
                        "requiredDataConnectors": [
                          {
                            "connectorId": "AzureActiveDirectoryIdentityProtection",
                            "dataTypes": [
                              "SecurityAlert (IPC)"
                            ]
                          },
                          {
                            "connectorId": "AzureActivity",
                            "dataTypes": [
                              "AzureActivity"
                            ]
                          },
                          {
                            "connectorId": "BehaviorAnalytics",
                            "dataTypes": [
                              "IdentityInfo"
                            ]
                          }
                        ]
                      }
                    },
                    {
                      "type": "Microsoft.OperationalInsights/workspaces/providers/metadata",
                      "apiVersion": "2021-03-01-preview",
                      "properties": {
                        "description": "This query will alert on any sign-ins from devices infected with malware in correlation with potential workspace deletion activity. \nAttackers may attempt to delete  workspaces containing  compute instances  after successful compromise to cause service unavailability to regular business operation.",
                        "version": "1.0.4",
                        "author": {
                          "name": "Jessen"
                        },
                        "support": {
                          "tier": "Community",
                          "name": "Community",
                          "link": "https://github.com/Azure/Azure-Sentinel/issues"
                        },
                        "source": {
                          "kind": "Community",
                          "name": "Standalone"
                        },
                        "threatAnalysisTactics": [
                          "InitialAccess",
                          "Impact"
                        ],
                        "threatAnalyticsTechniques": [
                          "T1078",
                          "T1489"
                        ],
                        "contentId": "a5b3429d-f1da-42b9-883c-327ecb7b91ff",
                        "parentId": "a5b3429d-f1da-42b9-883c-327ecb7b91ff",
                        "kind": "AnalyticsRule",
                        "dependencies": {
                          "operator": "AND",
                          "criteria": [
                            {
                              "contentId": "SecurityAlert (IPC)",
                              "kind": "DataType"
                            },
                            {
                              "contentId": "AzureActivity",
                              "kind": "DataType"
                            },
                            {
                              "contentId": "IdentityInfo",
                              "kind": "DataType"
                            }
                          ]
                        }
                      }
                    }
                  ]
                }
              }
            }
          ]
        },
        "author": {
          "name": "Jessen"
        },
        "categories": {
          "domains": [
            "Security - Threat Protection",
            "Platform"
          ]
        },
        "dependencies": {
          "operator": "AND",
          "criteria": [
            {
              "contentId": "a5b3429d-f1da-42b9-883c-327ecb7b91ff",
              "kind": "AnalyticsRule"
            }
          ]
        },
        "description": "This query will alert on any sign-ins from devices infected with malware in correlation with potential workspace deletion activity. \nAttackers may attempt to delete  workspaces containing  compute instances  after successful compromise to cause service unavailability to regular business operation.",
        "displayName": "Workspace deletion attempt from an infected device",
        "packageId": "a5b3429d-f1da-42b9-883c-327ecb7b91ff",
        "source": {
          "kind": "Community",
          "name": "Standalone"
        },
        "support": {
          "tier": "Community",
          "name": "Community",
          "link": "https://github.com/Azure/Azure-Sentinel/issues"
        },
        "threatAnalysisTactics": [
          "InitialAccess",
          "Impact"
        ],
        "threatAnalyticsTechniques": [
          "T1078",
          "T1489"
        ],
        "version": "1.0.4"
      },
      "name": "[concat(parameters('workspace'),'/Microsoft.SecurityInsights/', 'a5b3429d-f1da-42b9-883c-327ecb7b91ff')]"
    }
  ]
}