{
  "$schema": "https://schema.management.azure.com/schemas/2019-04-01/deploymentTemplate.json#",
  "contentVersion": "1.0.0.0",
  "parameters": {
    "location": {
      "type": "string",
      "minLength": 1,
      "defaultValue": "[resourceGroup().location]",
      "metadata": {
        "description": "Not used, but needed to pass arm-ttk test `Location-Should-Not-Be-Hardcoded`.  We instead use the `workspace-location` which is derived from the LA workspace"
      }
    },
    "workspace-location": {
      "type": "string",
      "defaultValue": "",
      "metadata": {
        "description": "[concat('Region to deploy solution resources -- separate from location selection',parameters('location'))]"
      }
    },
    "workspace": {
      "defaultValue": "",
      "type": "string",
      "metadata": {
        "description": "Workspace name for Log Analytics where Microsoft Sentinel is setup"
      }
    }
  },
  "variables": {},
  "resources": [
    {
      "type": "Microsoft.OperationalInsights/workspaces/providers/packages",
      "location": "[parameters('workspace-location')]",
      "apiVersion": "2022-08-01",
      "properties": {
        "packageKind": "Standalone",
        "packageItems": {
          "resources": [
            {
              "type": "Microsoft.OperationalInsights/workspaces/providers/contentTemplates",
              "name": "[concat(parameters('workspace'),'/Microsoft.SecurityInsights/', 'd0c82b7f-40b2-4180-a4d6-7aa0541b7599')]",
              "location": "[parameters('workspace-location')]",
              "apiVersion": "2022-08-01",
              "properties": {
                "contentId": "d0c82b7f-40b2-4180-a4d6-7aa0541b7599",
                "displayName": "PulseConnectSecure - CVE-2021-22893 Possible Pulse Connect Secure RCE Vulnerability Attack",
                "contentKind": "AnalyticsRule",
                "mainTemplate": {
                  "$schema": "https://schema.management.azure.com/schemas/2019-04-01/deploymentTemplate.json#",
                  "contentVersion": "1.0.1",
                  "resources": [
                    {
                      "type": "Microsoft.OperationalInsights/workspaces/providers/alertRules",
                      "apiVersion": "2022-04-01-preview",
                      "name": "d0c82b7f-40b2-4180-a4d6-7aa0541b7599",
                      "kind": "Scheduled",
                      "location": "[parameters('workspace-location')]",
                      "properties": {
                        "description": "This query identifies exploitation attempts using Pulse Connect Secure(PCS) vulnerability (CVE-2021-22893) to the VPN server",
                        "displayName": "PulseConnectSecure - CVE-2021-22893 Possible Pulse Connect Secure RCE Vulnerability Attack",
                        "enabled": false,
                        "query": "let threshold = 3;\nPulseConnectSecure\n| where Messages contains \"Unauthenticated request url /dana-na/\"\n| summarize StartTime = min(TimeGenerated), EndTime = max(TimeGenerated), count() by Source_IP\n| where count_ > threshold\n| extend timestamp = StartTime, IPCustomEntity = Source_IP\n",
                        "queryFrequency": "PT1H",
                        "queryPeriod": "PT1H",
                        "severity": "High",
                        "status": "Available",
                        "suppressionDuration": "PT1H",
                        "suppressionEnabled": false,
                        "triggerOperator": "GreaterThan",
                        "triggerThreshold": 0,
                        "tactics": [
                          "InitialAccess"
                        ],
                        "techniques": [
                          "T1190"
                        ],
                        "entityMappings": [
                          {
                            "entityType": "IP",
                            "fieldMappings": [
                              {
                                "columnName": "IPCustomEntity",
                                "identifier": "Address"
                              }
                            ]
                          }
                        ],
                        "requiredDataConnectors": [
                          {
                            "connectorId": "PulseConnectSecure",
                            "dataTypes": [
                              "Syslog"
                            ]
                          }
                        ]
                      }
                    },
                    {
                      "type": "Microsoft.OperationalInsights/workspaces/providers/metadata",
                      "apiVersion": "2021-03-01-preview",
                      "properties": {
                        "description": "This query identifies exploitation attempts using Pulse Connect Secure(PCS) vulnerability (CVE-2021-22893) to the VPN server",
                        "version": "1.0.1",
                        "author": {
                          "name": "Sittikorn S"
                        },
                        "support": {
                          "tier": "Community",
                          "name": "Community",
                          "link": "https://github.com/Azure/Azure-Sentinel/issues"
                        },
                        "source": {
                          "kind": "Community",
                          "name": "Standalone"
                        },
                        "threatAnalysisTactics": [
                          "InitialAccess"
                        ],
                        "threatAnalyticsTechniques": [
                          "T1190"
                        ],
                        "contentId": "d0c82b7f-40b2-4180-a4d6-7aa0541b7599",
                        "parentId": "d0c82b7f-40b2-4180-a4d6-7aa0541b7599",
                        "kind": "AnalyticsRule",
                        "dependencies": {
                          "operator": "AND",
                          "criteria": [
                            {
                              "contentId": "Syslog",
                              "kind": "DataType"
                            }
                          ]
                        }
                      }
                    }
                  ]
                }
              }
            }
          ]
        },
        "author": {
          "name": "Sittikorn S"
        },
        "categories": {
          "domains": [
            "Security - Threat Intelligence"
          ]
        },
        "dependencies": {
          "operator": "AND",
          "criteria": [
            {
              "contentId": "d0c82b7f-40b2-4180-a4d6-7aa0541b7599",
              "kind": "AnalyticsRule"
            }
          ]
        },
        "description": "This query identifies exploitation attempts using Pulse Connect Secure(PCS) vulnerability (CVE-2021-22893) to the VPN server",
        "displayName": "PulseConnectSecure - CVE-2021-22893 Possible Pulse Connect Secure RCE Vulnerability Attack",
        "packageId": "d0c82b7f-40b2-4180-a4d6-7aa0541b7599",
        "source": {
          "kind": "Community",
          "name": "Standalone"
        },
        "support": {
          "tier": "Community",
          "name": "Community",
          "link": "https://github.com/Azure/Azure-Sentinel/issues"
        },
        "threatAnalysisTactics": [
          "InitialAccess"
        ],
        "threatAnalyticsTechniques": [
          "T1190"
        ],
        "version": "1.0.1"
      },
      "name": "[concat(parameters('workspace'),'/Microsoft.SecurityInsights/', 'd0c82b7f-40b2-4180-a4d6-7aa0541b7599')]"
    }
  ]
}