{
  "$schema": "https://schema.management.azure.com/schemas/2019-04-01/deploymentTemplate.json#",
  "contentVersion": "1.0",
  "parameters": {
    "location": {
      "type": "string",
      "minLength": 1,
      "defaultValue": "[resourceGroup().location]",
      "metadata": {
        "description": "Not used, but needed to pass arm-ttk test `Location-Should-Not-Be-Hardcoded`.  We instead use the `workspace-location` which is derived from the LA workspace"
      }
    },
    "workspace": {
      "defaultValue": "",
      "type": "string",
      "metadata": {
        "description": "Workspace name for Log Analytics where Microsoft Sentinel is setup"
      }
    },
    "workspace-location": {
      "type": "string",
      "defaultValue": "",
      "metadata": {
        "description": "[concat('Region to deploy solution resources -- separate from location selection',parameters('location'))]"
      }
    }
  },
  "resources": [
    {
      "type": "Microsoft.OperationalInsights/workspaces/providers/contentTemplates",
      "name": "[concat(parameters('workspace'),'/Microsoft.SecurityInsights/',concat(concat(parameters('workspace'),'-pl-',uniquestring('Playbooks')),'1.0'))]",
      "location": "[parameters('workspace-location')]",
      "apiVersion": "2023-04-01-preview",
      "dependsOn": [
        "[extensionResourceId(resourceId('Microsoft.OperationalInsights/workspaces', parameters('workspace')), 'Microsoft.SecurityInsights/contentPackages', 'armorblox1601081599926.armorblox_sentinel_1')]"
      ],
      "properties": {
        "contentId": "Playbooks",
        "displayName": "Needs-Review-Incident-Email-Notification",
        "contentKind": "Playbook",
        "mainTemplate": {
          "$schema": "https://schema.management.azure.com/schemas/2019-04-01/deploymentTemplate.json#",
          "contentVersion": "1.0",
          "parameters": {
            "PlaybookName": {
              "defaultValue": "Armorblox",
              "type": "String"
            },
            "NotificationEmail": {
              "type": "String",
              "metadata": {
                "description": "Alert details will be sent to this email (ex. soc@xyz.com)"
              }
            }
          },
          "variables": {
            "AzureSentinelConnectionName": "[[concat('azuresentinel-', parameters('PlaybookName'))]",
            "o365ConnectionName": "[[concat('o365-', parameters('PlaybookName'))]",
            "connection-1": "[[concat('/subscriptions/', subscription().subscriptionId, '/providers/Microsoft.Web/locations/', variables('workspace-location-inline'), '/managedApis/azuresentinel')]",
            "_connection-1": "[[variables('connection-1')]",
            "connection-2": "[[concat('/subscriptions/', subscription().subscriptionId, '/providers/Microsoft.Web/locations/', variables('workspace-location-inline'), '/managedApis/office365')]",
            "_connection-2": "[[variables('connection-2')]",
            "workspace-location-inline": "[concat('[resourceGroup().locatio', 'n]')]",
            "workspace-name": "[parameters('workspace')]",
            "workspaceResourceId": "[[resourceId('microsoft.OperationalInsights/Workspaces', variables('workspace-name'))]"
          },
          "resources": [
            {
              "type": "Microsoft.Web/connections",
              "apiVersion": "2016-06-01",
              "name": "[[variables('AzureSentinelConnectionName')]",
              "location": "[[variables('workspace-location-inline')]",
              "properties": {
                "displayName": "[[parameters('PlaybookName')]",
                "parameterValueType": "Alternative",
                "api": {
                  "id": "[[variables('_connection-1')]"
                }
              }
            },
            {
              "type": "Microsoft.Web/connections",
              "apiVersion": "2016-06-01",
              "name": "[[variables('o365ConnectionName')]",
              "location": "[[variables('workspace-location-inline')]",
              "properties": {
                "displayName": "[[parameters('PlaybookName')]",
                "api": {
                  "id": "[[variables('_connection-2')]"
                }
              }
            },
            {
              "type": "Microsoft.Logic/workflows",
              "apiVersion": "2017-07-01",
              "name": "[[parameters('PlaybookName')]",
              "location": "[[variables('workspace-location-inline')]",
              "identity": {
                "type": "SystemAssigned"
              },
              "dependsOn": [
                "[[resourceId('Microsoft.Web/connections', variables('AzureSentinelConnectionName'))]",
                "[[resourceId('Microsoft.Web/connections', variables('o365ConnectionName'))]"
              ],
              "properties": {
                "state": "Disabled",
                "definition": {
                  "$schema": "https://schema.management.azure.com/providers/Microsoft.Logic/schemas/2016-06-01/workflowdefinition.json#",
                  "contentVersion": "1.0.0.0",
                  "parameters": {
                    "$connections": {
                      "type": "Object"
                    },
                    "to": {
                      "defaultValue": "[[parameters('NotificationEmail')]",
                      "type": "String"
                    }
                  },
                  "triggers": {
                    "When_a_response_to_an_Azure_Sentinel_alert_is_triggered": {
                      "type": "ApiConnectionWebhook",
                      "inputs": {
                        "body": {
                          "callback_url": "@{listCallbackUrl()}"
                        },
                        "host": {
                          "connection": {
                            "name": "@parameters('$connections')['azuresentinel']['connectionId']"
                          }
                        },
                        "path": "/subscribe"
                      }
                    }
                  },
                  "actions": {
                    "Send_an_email_(V2)": {
                      "type": "ApiConnection",
                      "inputs": {
                        "body": {
                          "Body": "<p>Hello,<br>\n<br>\n@{triggerBody()?['Description']}<br>\n<br>\nThank you</p>",
                          "Subject": "@triggerBody()?['AlertDisplayName']",
                          "To": "@parameters('to')"
                        },
                        "host": {
                          "connection": {
                            "name": "@parameters('$connections')['office365']['connectionId']"
                          }
                        },
                        "method": "post",
                        "path": "/v2/Mail"
                      }
                    }
                  }
                },
                "parameters": {
                  "$connections": {
                    "value": {
                      "azuresentinel": {
                        "connectionId": "[[resourceId('Microsoft.Web/connections', variables('AzureSentinelConnectionName'))]",
                        "connectionName": "[[variables('AzureSentinelConnectionName')]",
                        "connectionProperties": {
                          "authentication": {
                            "type": "ManagedServiceIdentity"
                          }
                        },
                        "id": "[[concat('/subscriptions/', subscription().subscriptionId, '/providers/Microsoft.Web/locations/', variables('workspace-location-inline'), '/managedApis/azuresentinel')]"
                      },
                      "office365": {
                        "connectionId": "[[resourceId('Microsoft.Web/connections', variables('o365ConnectionName'))]",
                        "connectionName": "[[variables('o365ConnectionName')]",
                        "id": "[[concat('/subscriptions/', subscription().subscriptionId, '/providers/Microsoft.Web/locations/', variables('workspace-location-inline'), '/managedApis/office365')]"
                      }
                    }
                  }
                }
              },
              "tags": {
                "hidden-SentinelWorkspaceId": "[[resourceId('microsoft.OperationalInsights/Workspaces', parameters('workspace'))]"
              }
            },
            {
              "type": "Microsoft.OperationalInsights/workspaces/providers/metadata",
              "apiVersion": "2022-01-01-preview",
              "name": "[concat(parameters('workspace'),'/Microsoft.SecurityInsights/',concat('Playbook-', last(split(resourceId('Microsoft.Logic/workflows', 'Playbooks'),'/'))))]",
              "properties": {
                "parentId": "[resourceId('Microsoft.Logic/workflows', 'Playbooks')]",
                "contentId": "Playbooks",
                "kind": "Playbook",
                "version": "1.0",
                "source": {
                  "kind": "Solution",
                  "name": "Armorblox",
                  "sourceId": "armorblox1601081599926.armorblox_sentinel_1"
                },
                "author": {
                  "name": "Armorblox",
                  "email": "support@armorblox.com"
                },
                "support": {
                  "name": "armorblox",
                  "tier": "Partner",
                  "link": "https://www.armorblox.com/contact/"
                }
              }
            }
          ],
          "metadata": {
            "title": "Needs-Review-Incident-Email-Notification",
            "description": "This playbook will send an email notification when a new incident is created in Microsoft Sentinel.",
            "prerequisites": [
              "An O365 account to be used to send email notification. The user account will be used in O365 connector (Send an email)"
            ],
            "lastUpdateTime": "2022-09-13T00:00:00Z",
            "postDeployment": [
              "**Configure connections**",
              "Once this Playbooks template is deployed, you will need to go into the Logic App, edit it and click on each of the steps that require an authenticated connection to your tenant and complete the connection process. These steps will have an exclamation mark showing that the connection needs to be completed. Make sure to also open the 'For each' step which also contains a step that requires an authenticated connection.",
              "Note:  Emails sent with this playbook will be from the user that creates the connection.",
              "**Attach the playbook**",
              "After deployment, attach this playbook to the `Armorblox Needs Review` analytic rule so it runs when the alert is created.",
              "Note: Playbook is disabled by default. Please enable it before assigning to the Automation rule."
            ],
            "releaseNotes": [
              {
                "version": "1.0.0",
                "title": "Needs-Review-Incident-Email-Notification",
                "notes": [
                  "Initial version"
                ]
              }
            ]
          }
        },
        "packageKind": "Solution",
        "packageVersion": "2.0.1",
        "packageName": "Armorblox",
        "packageId": "armorblox1601081599926.armorblox_sentinel_1",
        "contentProductId": "armorblox1601081599926.armorblox_sentinel_1-pl-frxerxr3vvlec",
        "id": "armorblox1601081599926.armorblox_sentinel_1-pl-frxerxr3vvlec",
        "contentSchemaVersion": "3.0.0",
        "version": "1.0"
      }
    }
  ]
}