{
  "$schema": "https://schema.management.azure.com/schemas/2019-04-01/deploymentTemplate.json#",
  "contentVersion": "1.0.0",
  "parameters": {
    "location": {
      "type": "string",
      "minLength": 1,
      "defaultValue": "[resourceGroup().location]",
      "metadata": {
        "description": "Not used, but needed to pass arm-ttk test `Location-Should-Not-Be-Hardcoded`.  We instead use the `workspace-location` which is derived from the LA workspace"
      }
    },
    "workspace-location": {
      "type": "string",
      "defaultValue": "",
      "metadata": {
        "description": "[concat('Region to deploy solution resources -- separate from location selection',parameters('location'))]"
      }
    },
    "workspace": {
      "defaultValue": "",
      "type": "string",
      "metadata": {
        "description": "Workspace name for Log Analytics where Microsoft Sentinel is setup"
      }
    }
  },
  "resources": [
    {
      "type": "Microsoft.OperationalInsights/workspaces/providers/contentTemplates",
      "apiVersion": "2023-04-01-preview",
      "name": "[concat(parameters('workspace'),'/Microsoft.SecurityInsights/',concat(parameters('workspace'),'-dc-',uniquestring('ProofpointTAP')))]",
      "location": "[parameters('workspace-location')]",
      "dependsOn": [
        "[extensionResourceId(resourceId('Microsoft.OperationalInsights/workspaces', parameters('workspace')), 'Microsoft.SecurityInsights/contentPackages', 'azuresentinel.azure-sentinel-proofpoint')]"
      ],
      "properties": {
        "description": "ProofPointTap data connector with template version 3.0.0",
        "mainTemplate": {
          "$schema": "https://schema.management.azure.com/schemas/2019-04-01/deploymentTemplate.json#",
          "contentVersion": "1.0.0",
          "parameters": {},
          "variables": {},
          "resources": [
            {
              "name": "[concat(parameters('workspace'),'/Microsoft.SecurityInsights/','ProofpointTAP')]",
              "apiVersion": "2021-03-01-preview",
              "type": "Microsoft.OperationalInsights/workspaces/providers/dataConnectors",
              "location": "[parameters('workspace-location')]",
              "kind": "GenericUI",
              "properties": {
                "connectorUiConfig": {
                  "id": "ProofpointTAP",
                  "title": "Proofpoint TAP (using Azure Functions)",
                  "publisher": "Proofpoint",
                  "descriptionMarkdown": "The [Proofpoint Targeted Attack Protection (TAP)](https://www.proofpoint.com/us/products/advanced-threat-protection/targeted-attack-protection) connector provides the capability to ingest Proofpoint TAP logs and events into Microsoft Sentinel. The connector provides visibility into Message and Click events in Microsoft Sentinel to view dashboards, create custom alerts, and to improve monitoring and investigation capabilities.",
                  "graphQueries": [
                    {
                      "metricName": "Total data received",
                      "legend": "Proofpoint TAP Messages Delivered",
                      "baseQuery": "ProofPointTAPMessagesDelivered_CL"
                    },
                    {
                      "metricName": "Total data received",
                      "legend": "Proofpoint TAP Messages Blocked",
                      "baseQuery": "ProofPointTAPMessagesBlocked_CL"
                    },
                    {
                      "metricName": "Total data received",
                      "legend": "Proofpoint TAP Clicks Permitted",
                      "baseQuery": "ProofPointTAPClicksPermitted_CL"
                    },
                    {
                      "metricName": "Total data received",
                      "legend": "Proofpoint TAP Clicks Blocked",
                      "baseQuery": "ProofPointTAPClicksBlocked_CL"
                    }
                  ],
                  "sampleQueries": [
                    {
                      "description": "Malware click events permitted",
                      "query": "ProofPointTAPClicksPermitted_CL\n | where classification_s == \"malware\" \n | take 10"
                    },
                    {
                      "description": "Phishing click events blocked",
                      "query": "ProofPointTAPClicksBlocked_CL\n | where classification_s == \"phish\" \n | take 10"
                    },
                    {
                      "description": "Malware messages events delivered",
                      "query": "ProofPointTAPMessagesDelivered_CL\n | mv-expand todynamic(threatsInfoMap_s)\n | extend classification = tostring(threatsInfoMap_s.classification)\n | where classification == \"malware\" \n | take 10"
                    },
                    {
                      "description": "Phishing message events blocked",
                      "query": "ProofPointTAPMessagesBlocked_CL\n | mv-expand todynamic(threatsInfoMap_s)\n | extend classification = tostring(threatsInfoMap_s.classification)\n | where classification == \"phish\""
                    }
                  ],
                  "dataTypes": [
                    {
                      "name": "ProofPointTAPClicksPermitted_CL",
                      "lastDataReceivedQuery": "ProofPointTAPClicksPermitted_CL\n            | summarize Time = max(TimeGenerated)\n            | where isnotempty(Time)"
                    },
                    {
                      "name": "ProofPointTAPClicksBlocked_CL",
                      "lastDataReceivedQuery": "ProofPointTAPClicksBlocked_CL\n            | summarize Time = max(TimeGenerated)\n            | where isnotempty(Time)"
                    },
                    {
                      "name": "ProofPointTAPMessagesDelivered_CL",
                      "lastDataReceivedQuery": "ProofPointTAPMessagesDelivered_CL\n            | summarize Time = max(TimeGenerated)\n            | where isnotempty(Time)"
                    },
                    {
                      "name": "ProofPointTAPMessagesBlocked_CL",
                      "lastDataReceivedQuery": "ProofPointTAPMessagesBlocked_CL\n            | summarize Time = max(TimeGenerated)\n            | where isnotempty(Time)"
                    }
                  ],
                  "connectivityCriterias": [
                    {
                      "type": "IsConnectedQuery",
                      "value": [
                        "ProofPointTAPMessagesDelivered_CL\n            | summarize LastLogReceived = max(TimeGenerated)\n            | project IsConnected = LastLogReceived > ago(30d)",
                        "ProofPointTAPMessagesBlocked_CL\n            | summarize LastLogReceived = max(TimeGenerated)\n            | project IsConnected = LastLogReceived > ago(30d)",
                        "ProofPointTAPClicksPermitted_CL\n            | summarize LastLogReceived = max(TimeGenerated)\n            | project IsConnected = LastLogReceived > ago(30d)",
                        "ProofPointTAPMessagesBlocked_CL\n            | summarize LastLogReceived = max(TimeGenerated)\n            | project IsConnected = LastLogReceived > ago(30d)"
                      ]
                    }
                  ],
                  "availability": {
                    "status": 1,
                    "isPreview": false
                  },
                  "permissions": {
                    "resourceProvider": [
                      {
                        "provider": "Microsoft.OperationalInsights/workspaces",
                        "permissionsDisplayText": "read and write permissions on the workspace are required.",
                        "providerDisplayName": "Workspace",
                        "scope": "Workspace",
                        "requiredPermissions": {
                          "write": true,
                          "read": true,
                          "delete": true
                        }
                      },
                      {
                        "provider": "Microsoft.OperationalInsights/workspaces/sharedKeys",
                        "permissionsDisplayText": "read permissions to shared keys for the workspace are required. [See the documentation to learn more about workspace keys](https://docs.microsoft.com/azure/azure-monitor/platform/agent-windows#obtain-workspace-id-and-key).",
                        "providerDisplayName": "Keys",
                        "scope": "Workspace",
                        "requiredPermissions": {
                          "action": true
                        }
                      }
                    ],
                    "customs": [
                      {
                        "name": "Microsoft.Web/sites permissions",
                        "description": "Read and write permissions to Azure Functions to create a Function App is required. [See the documentation to learn more about Azure Functions](https://docs.microsoft.com/azure/azure-functions/)."
                      },
                      {
                        "name": "Proofpoint TAP API Key",
                        "description": "A Proofpoint TAP API username and password is required. [See the documentation to learn more about Proofpoint SIEM API](https://help.proofpoint.com/Threat_Insight_Dashboard/API_Documentation/SIEM_API)."
                      }
                    ]
                  },
                  "instructionSteps": [
                    {
                      "description": ">**NOTE:** This connector uses Azure Functions to connect to Proofpoint TAP to pull its logs into Microsoft Sentinel. This might result in additional data ingestion costs. Check the [Azure Functions pricing page](https://azure.microsoft.com/pricing/details/functions/) for details."
                    },
                    {
                      "description": ">**(Optional Step)** Securely store workspace and API authorization key(s) or token(s) in Azure Key Vault. Azure Key Vault provides a secure mechanism to store and retrieve key values. [Follow these instructions](https://docs.microsoft.com/azure/app-service/app-service-key-vault-references) to use Azure Key Vault with an Azure Function App."
                    },
                    {
                      "description": "**STEP 1 - Configuration steps for the Proofpoint TAP API**\n\n1. Log into the Proofpoint TAP console \n2. Navigate to **Connect Applications** and select **Service Principal**\n3. Create a **Service Principal** (API Authorization Key)"
                    },
                    {
                      "description": "**STEP 2 - Choose ONE from the following two deployment options to deploy the connector and the associated Azure Function**\n\n>**IMPORTANT:** Before deploying the Proofpoint TAP connector, have the Workspace ID and Workspace Primary Key (can be copied from the following), as well as the Proofpoint TAP API Authorization Key(s), readily available.",
                      "instructions": [
                        {
                          "parameters": {
                            "fillWith": [
                              "WorkspaceId"
                            ],
                            "label": "Workspace ID"
                          },
                          "type": "CopyableLabel"
                        },
                        {
                          "parameters": {
                            "fillWith": [
                              "PrimaryKey"
                            ],
                            "label": "Primary Key"
                          },
                          "type": "CopyableLabel"
                        }
                      ]
                    },
                    {
                      "description": "Use this method for automated deployment of the Proofpoint TAP connector.\n\n1. Click the **Deploy to Azure** button below. \n\n\t[![Deploy To Azure](https://aka.ms/deploytoazurebutton)](https://aka.ms/sentinelproofpointtapazuredeploy) \n2. Select the preferred **Subscription**, **Resource Group** and **Location**. \n3. Enter the **Workspace ID**, **Workspace Key**, **API Username**, **API Password**, and validate the **Uri**.\n> - The default URI is pulling data for the last 300 seconds (5 minutes) to correspond with the default Function App Timer trigger of 5 minutes. If the time interval needs to be modified, it is recommended to change the Function App Timer Trigger accordingly (in the function.json file, post deployment) to prevent overlapping data ingestion. \n> - Note: If using Azure Key Vault secrets for any of the values above, use the`@Microsoft.KeyVault(SecretUri={Security Identifier})`schema in place of the string values. Refer to [Key Vault references documentation](https://docs.microsoft.com/azure/app-service/app-service-key-vault-references) for further details. \n4. Mark the checkbox labeled **I agree to the terms and conditions stated above**. \n5. Click **Purchase** to deploy.",
                      "title": "Option 1 - Azure Resource Manager (ARM) Template"
                    },
                    {
                      "description": "This method provides the step-by-step instructions to deploy the Proofpoint TAP connector manually with Azure Function.",
                      "title": "Option 2 - Manual Deployment of Azure Functions"
                    },
                    {
                      "description": "**1. Create a Function App**\n\n1.  From the Azure Portal, navigate to [Function App](https://portal.azure.com/#blade/HubsExtension/BrowseResource/resourceType/Microsoft.Web%2Fsites/kind/functionapp), and select **+ Add**.\n2. In the **Basics** tab, ensure Runtime stack is set to **Powershell Core**. \n3. In the **Hosting** tab, ensure the **Consumption (Serverless)** plan type is selected.\n4. Make other preferrable configuration changes, if needed, then click **Create**."
                    },
                    {
                      "description": "**2. Import Function App Code**\n\n1. In the newly created Function App, select **Functions** on the left pane and click **+ Add**.\n2. Select **Timer Trigger**.\n3. Enter a unique Function **Name** and modify the cron schedule, if needed. The default value is set to run the Function App every 5 minutes. (Note: the Timer trigger should match the `timeInterval` value below to prevent overlapping data), click **Create**.\n4. Click on **Code + Test** on the left pane. \n5. Copy the [Function App Code](https://aka.ms/sentinelproofpointtapazurefunctioncode) and paste into the Function App `run.ps1` editor.\n5. Click **Save**."
                    },
                    {
                      "description": "**3. Configure the Function App**\n\n1. In the Function App, select the Function App Name and select **Configuration**.\n2. In the **Application settings** tab, select **+ New application setting**.\n3. Add each of the following six (6) application settings individually, with their respective string values (case-sensitive): \n\t\tapiUsername\n\t\tapipassword\n\t\tworkspaceID\n\t\tworkspaceKey\n\t\turi\n\t\tlogAnalyticsUri (optional)\n> - Set the `uri` value to: `https://tap-api-v2.proofpoint.com/v2/siem/all?format=json&sinceSeconds=300`\n> - The default URI is pulling data for the last 300 seconds (5 minutes) to correspond with the default Function App Timer trigger of 5 minutes. If the time interval needs to be modified, it is recommended to change the Function App Timer Trigger accordingly to prevent overlapping data ingestion.\n> - Note: If using Azure Key Vault secrets for any of the values above, use the`@Microsoft.KeyVault(SecretUri={Security Identifier})`schema in place of the string values. Refer to [Key Vault references documentation](https://docs.microsoft.com/azure/app-service/app-service-key-vault-references) for further details.\n> - Use logAnalyticsUri to override the log analytics API endpoint for dedicated cloud. For example, for public cloud, leave the value empty; for Azure GovUS cloud environment, specify the value in the following format: `https://<CustomerId>.ods.opinsights.azure.us`\n4. Once all application settings have been entered, click **Save**."
                    }
                  ]
                }
              }
            },
            {
              "type": "Microsoft.OperationalInsights/workspaces/providers/metadata",
              "apiVersion": "2023-04-01-preview",
              "name": "[concat(parameters('workspace'),'/Microsoft.SecurityInsights/',concat('DataConnector-', last(split(extensionResourceId(resourceId('Microsoft.OperationalInsights/workspaces', parameters('workspace')), 'Microsoft.SecurityInsights/dataConnectors', 'ProofpointTAP'),'/'))))]",
              "properties": {
                "parentId": "[extensionResourceId(resourceId('Microsoft.OperationalInsights/workspaces', parameters('workspace')), 'Microsoft.SecurityInsights/dataConnectors', 'ProofpointTAP')]",
                "contentId": "ProofpointTAP",
                "kind": "DataConnector",
                "version": "1.0.0",
                "source": {
                  "kind": "Solution",
                  "name": "ProofPointTap",
                  "sourceId": "azuresentinel.azure-sentinel-proofpoint"
                },
                "author": {
                  "name": "Microsoft",
                  "email": "support@microsoft.com"
                },
                "support": {
                  "tier": "Microsoft",
                  "name": "Microsoft Corporation",
                  "email": "support@microsoft.com",
                  "link": "https://support.microsoft.com/"
                }
              }
            }
          ]
        },
        "packageKind": "Solution",
        "packageVersion": "3.0.0",
        "packageName": "ProofPointTap",
        "packageId": "azuresentinel.azure-sentinel-proofpoint",
        "contentSchemaVersion": "3.0.0",
        "contentId": "ProofpointTAP",
        "contentKind": "DataConnector",
        "displayName": "Proofpoint TAP (using Azure Functions)",
        "contentProductId": "azuresentinel.azure-sentinel-proofpoint-dc-4qgxaeq5jkvec",
        "id": "azuresentinel.azure-sentinel-proofpoint-dc-4qgxaeq5jkvec",
        "version": "1.0.0"
      }
    }
  ]
}