{
  "$schema": "https://schema.management.azure.com/schemas/2019-04-01/deploymentTemplate.json#",
  "contentVersion": "1.0.3",
  "parameters": {
    "location": {
      "type": "string",
      "minLength": 1,
      "defaultValue": "[resourceGroup().location]",
      "metadata": {
        "description": "Not used, but needed to pass arm-ttk test `Location-Should-Not-Be-Hardcoded`.  We instead use the `workspace-location` which is derived from the LA workspace"
      }
    },
    "workspace": {
      "defaultValue": "",
      "type": "string",
      "metadata": {
        "description": "Workspace name for Log Analytics where Microsoft Sentinel is setup"
      }
    },
    "workspace-location": {
      "type": "string",
      "defaultValue": "",
      "metadata": {
        "description": "[concat('Region to deploy solution resources -- separate from location selection',parameters('location'))]"
      }
    }
  },
  "resources": [
    {
      "type": "Microsoft.OperationalInsights/workspaces/providers/contentTemplates",
      "name": "[concat(parameters('workspace'),'/Microsoft.SecurityInsights/',concat(concat(parameters('workspace'),'-ar-',uniquestring('eb68b129-5f17-4f56-bf6d-dde48d5e615a')),'1.0.3'))]",
      "location": "[parameters('workspace-location')]",
      "apiVersion": "2023-04-01-preview",
      "dependsOn": [
        "[extensionResourceId(resourceId('Microsoft.OperationalInsights/workspaces', parameters('workspace')), 'Microsoft.SecurityInsights/contentPackages', 'azuresentinel.azure-sentinel-proofpointpod')]"
      ],
      "properties": {
        "contentId": "eb68b129-5f17-4f56-bf6d-dde48d5e615a",
        "displayName": "ProofpointPOD - Binary file in attachment",
        "contentKind": "AnalyticsRule",
        "mainTemplate": {
          "$schema": "https://schema.management.azure.com/schemas/2019-04-01/deploymentTemplate.json#",
          "contentVersion": "1.0.3",
          "parameters": {},
          "variables": {},
          "resources": [
            {
              "type": "Microsoft.SecurityInsights/AlertRuleTemplates",
              "name": "eb68b129-5f17-4f56-bf6d-dde48d5e615a",
              "apiVersion": "2022-04-01-preview",
              "kind": "Scheduled",
              "location": "[parameters('workspace-location')]",
              "properties": {
                "description": "Detects when email received with binary file as attachment.",
                "displayName": "ProofpointPOD - Binary file in attachment",
                "enabled": false,
                "query": "let lbtime = 10m;\nlet binaryTypes = dynamic(['zip', 'octet-stream', 'java-archive', 'rar', 'tar', 'x-7z-compressed', 'x-msdownload', 'portable-executable']);\nProofpointPOD\n| where TimeGenerated > ago(lbtime)\n| where EventType == 'message'\n| where NetworkDirection == 'inbound'\n| where FilterDisposition !in ('reject', 'discard')\n| extend attachedMimeType = tostring(todynamic(MsgParts)[0]['detectedMime'])\n| where attachedMimeType has_any (binaryTypes)\n| project SrcUserUpn, AccountCustomEntity = tostring(parse_json(DstUserUpn)[0]), attachedMimeType, MsgHeaderSubject\n| extend Name = tostring(split(AccountCustomEntity, \"@\")[0]), UPNSuffix = tostring(split(AccountCustomEntity, \"@\")[1])\n",
                "queryFrequency": "PT10M",
                "queryPeriod": "PT10M",
                "severity": "Medium",
                "suppressionDuration": "PT1H",
                "suppressionEnabled": false,
                "triggerOperator": "GreaterThan",
                "triggerThreshold": 0,
                "status": "Available",
                "requiredDataConnectors": [
                  {
                    "dataTypes": [
                      "ProofpointPOD_message_CL"
                    ],
                    "connectorId": "ProofpointPOD"
                  }
                ],
                "tactics": [
                  "InitialAccess"
                ],
                "techniques": [
                  "T1078"
                ],
                "entityMappings": [
                  {
                    "fieldMappings": [
                      {
                        "columnName": "Name",
                        "identifier": "Name"
                      },
                      {
                        "columnName": "UPNSuffix",
                        "identifier": "UPNSuffix"
                      }
                    ],
                    "entityType": "Account"
                  }
                ]
              }
            },
            {
              "type": "Microsoft.OperationalInsights/workspaces/providers/metadata",
              "apiVersion": "2022-01-01-preview",
              "name": "[concat(parameters('workspace'),'/Microsoft.SecurityInsights/',concat('AnalyticsRule-', last(split(resourceId('Microsoft.SecurityInsights/AlertRuleTemplates', 'eb68b129-5f17-4f56-bf6d-dde48d5e615a'),'/'))))]",
              "properties": {
                "description": "Proofpoint On demand(POD) Email Security Analytics Rule 1",
                "parentId": "[resourceId('Microsoft.SecurityInsights/AlertRuleTemplates', 'eb68b129-5f17-4f56-bf6d-dde48d5e615a')]",
                "contentId": "eb68b129-5f17-4f56-bf6d-dde48d5e615a",
                "kind": "AnalyticsRule",
                "version": "1.0.3",
                "source": {
                  "kind": "Solution",
                  "name": "Proofpoint On demand(POD) Email Security",
                  "sourceId": "azuresentinel.azure-sentinel-proofpointpod"
                },
                "author": {
                  "name": "Microsoft",
                  "email": "support@microsoft.com"
                },
                "support": {
                  "tier": "Microsoft",
                  "name": "Microsoft Corporation",
                  "email": "support@microsoft.com",
                  "link": "https://support.microsoft.com/"
                }
              }
            }
          ]
        },
        "packageKind": "Solution",
        "packageVersion": "2.0.6",
        "packageName": "Proofpoint On demand (POD) Email Security",
        "packageId": "azuresentinel.azure-sentinel-proofpointpod",
        "contentProductId": "azuresentinel.azure-sentinel-proofpointpod-ar-csdr6t4h3yqdg",
        "id": "azuresentinel.azure-sentinel-proofpointpod-ar-csdr6t4h3yqdg",
        "contentSchemaVersion": "3.0.0",
        "version": "1.0.3"
      }
    }
  ]
}