{
  "$schema": "https://schema.management.azure.com/schemas/2019-04-01/deploymentTemplate.json#",
  "contentVersion": "1.0",
  "parameters": {
    "location": {
      "type": "string",
      "minLength": 1,
      "defaultValue": "[resourceGroup().location]",
      "metadata": {
        "description": "Not used, but needed to pass arm-ttk test `Location-Should-Not-Be-Hardcoded`.  We instead use the `workspace-location` which is derived from the LA workspace"
      }
    },
    "workspace-location": {
      "type": "string",
      "defaultValue": "",
      "metadata": {
        "description": "[concat('Region to deploy solution resources -- separate from location selection',parameters('location'))]"
      }
    },
    "workspace": {
      "defaultValue": "",
      "type": "string",
      "metadata": {
        "description": "Workspace name for Log Analytics where Microsoft Sentinel is setup"
      }
    }
  },
  "resources": [
    {
      "type": "Microsoft.OperationalInsights/workspaces/providers/contentTemplates",
      "apiVersion": "2023-04-01-preview",
      "name": "[concat(parameters('workspace'),'/Microsoft.SecurityInsights/',concat(parameters('workspace'),'-pl-',uniquestring('Get-ProofPointTapEvents')))]",
      "location": "[parameters('workspace-location')]",
      "dependsOn": [
        "[extensionResourceId(resourceId('Microsoft.OperationalInsights/workspaces', parameters('workspace')), 'Microsoft.SecurityInsights/contentPackages', 'azuresentinel.azure-sentinel-proofpoint')]"
      ],
      "properties": {
        "description": "Get-ProofpointTAPEvents Playbook with template version 3.0.0",
        "mainTemplate": {
          "$schema": "https://schema.management.azure.com/schemas/2019-04-01/deploymentTemplate.json#",
          "contentVersion": "1.0",
          "parameters": {
            "PlaybookName": {
              "defaultValue": "Get-ProofpointTAPEvents",
              "type": "String"
            },
            "ProofPointUserName": {
              "defaultValue": "<Enter Username>",
              "type": "String"
            },
            "ProofPointPassword": {
              "defaultValue": "<Enter Password>",
              "type": "secureString"
            },
            "LogAnalyticsDisplayName": {
              "defaultValue": "<LogAnalyticsWorkspaceName>",
              "type": "String"
            }
          },
          "variables": {
            "LogAnalyticsConnectionName": "[[concat('azureloganalyticsdatacollector-', parameters('PlaybookName'))]",
            "connection-1": "[[concat('/subscriptions/', subscription().subscriptionId, '/providers/Microsoft.Web/locations/', variables('workspace-location-inline'), '/managedApis/azureloganalyticsdatacollector')]",
            "_connection-1": "[[variables('connection-1')]",
            "workspace-location-inline": "[concat('[resourceGroup().locatio', 'n]')]",
            "workspace-name": "[parameters('workspace')]",
            "workspaceResourceId": "[[resourceId('microsoft.OperationalInsights/Workspaces', variables('workspace-name'))]"
          },
          "resources": [
            {
              "type": "Microsoft.Web/connections",
              "apiVersion": "2016-06-01",
              "name": "[[variables('LogAnalyticsConnectionName')]",
              "location": "[[variables('workspace-location-inline')]",
              "properties": {
                "displayName": "[[parameters('LogAnalyticsDisplayName')]",
                "api": {
                  "id": "[[variables('_connection-1')]"
                }
              }
            },
            {
              "type": "Microsoft.Logic/workflows",
              "apiVersion": "2017-07-01",
              "name": "[[parameters('PlaybookName')]",
              "location": "[[variables('workspace-location-inline')]",
              "dependsOn": [
                "[[resourceId('Microsoft.Web/connections', variables('LogAnalyticsConnectionName'))]"
              ],
              "tags": {
                "LogicAppsCategory": "security",
                "hidden-SentinelWorkspaceId": "[[resourceId('microsoft.OperationalInsights/Workspaces', parameters('workspace'))]"
              },
              "properties": {
                "state": "Enabled",
                "definition": {
                  "$schema": "https://schema.management.azure.com/providers/Microsoft.Logic/schemas/2016-06-01/workflowdefinition.json#",
                  "contentVersion": "1.0.0.0",
                  "parameters": {
                    "ProofPointPasswordPB": {
                      "type": "securestring"
                    },
                    "$connections": {
                      "type": "Object"
                    }
                  },
                  "triggers": {
                    "Recurrence": {
                      "recurrence": {
                        "frequency": "Hour",
                        "interval": 1
                      },
                      "type": "Recurrence"
                    }
                  },
                  "actions": {
                    "HTTP": {
                      "type": "Http",
                      "inputs": {
                        "authentication": {
                          "password": "@parameters('ProofPointPasswordPB')",
                          "type": "Basic",
                          "username": "[[parameters('ProofPointUserName')]"
                        },
                        "method": "GET",
                        "uri": "https://tap-api-v2.proofpoint.com/v2/siem/clicks/blocked?format=json&sinceSeconds=3600"
                      }
                    },
                    "Parse_JSON": {
                      "runAfter": {
                        "HTTP": [
                          "Succeeded"
                        ]
                      },
                      "type": "ParseJson",
                      "inputs": {
                        "content": "@body('HTTP')",
                        "schema": {
                          "properties": {
                            "clicksBlocked": {
                              "items": {
                                "properties": {
                                  "campaignId": {
                                    "type": "string"
                                  },
                                  "classification": {
                                    "type": "string"
                                  },
                                  "clickIP": {
                                    "type": "string"
                                  },
                                  "clickTime": {
                                    "type": "string"
                                  },
                                  "messageID": {
                                    "type": "string"
                                  },
                                  "recipient": {
                                    "type": "string"
                                  },
                                  "sender": {
                                    "type": "string"
                                  },
                                  "senderIP": {
                                    "type": "string"
                                  },
                                  "threatID": {
                                    "type": "string"
                                  },
                                  "threatTime": {
                                    "type": "string"
                                  },
                                  "threatURL": {
                                    "type": "string"
                                  },
                                  "url": {
                                    "type": "string"
                                  },
                                  "userAgent": {
                                    "type": "string"
                                  }
                                },
                                "required": [
                                  "campaignId",
                                  "classification",
                                  "clickIP",
                                  "clickTime",
                                  "messageID",
                                  "recipient",
                                  "sender",
                                  "senderIP",
                                  "threatID",
                                  "threatTime",
                                  "threatURL",
                                  "url",
                                  "userAgent"
                                ],
                                "type": "object"
                              },
                              "type": "array"
                            },
                            "queryEndTime": {
                              "type": "string"
                            }
                          },
                          "type": "object"
                        }
                      }
                    },
                    "clicksBlocked": {
                      "foreach": "@body('Parse_JSON')?['clicksBlocked']",
                      "actions": {
                        "Send_Data": {
                          "type": "ApiConnection",
                          "inputs": {
                            "body": "@{items('clicksBlocked')}",
                            "headers": {
                              "Log-Type": "ProofPointData"
                            },
                            "host": {
                              "connection": {
                                "name": "@parameters('$connections')['azureloganalyticsdatacollector']['connectionId']"
                              }
                            },
                            "method": "post",
                            "path": "/api/logs"
                          }
                        }
                      },
                      "runAfter": {
                        "Parse_JSON": [
                          "Succeeded"
                        ]
                      },
                      "type": "Foreach"
                    }
                  }
                },
                "parameters": {
                  "ProofPointPasswordPB": {
                    "value": "[[parameters('ProofPointPassword')]"
                  },
                  "$connections": {
                    "value": {
                      "azureloganalyticsdatacollector": {
                        "connectionId": "[[resourceId('Microsoft.Web/connections', variables('LogAnalyticsConnectionName'))]",
                        "connectionName": "[[variables('LogAnalyticsConnectionName')]",
                        "id": "[[concat('/subscriptions/', subscription().subscriptionId, '/providers/Microsoft.Web/locations/', variables('workspace-location-inline'), '/managedApis/azureloganalyticsdatacollector')]"
                      }
                    }
                  }
                }
              }
            },
            {
              "type": "Microsoft.OperationalInsights/workspaces/providers/metadata",
              "apiVersion": "2022-01-01-preview",
              "name": "[concat(parameters('workspace'),'/Microsoft.SecurityInsights/',concat('Playbook-', last(split(resourceId('Microsoft.Logic/workflows', 'Get-ProofPointTapEvents'),'/'))))]",
              "properties": {
                "parentId": "[resourceId('Microsoft.Logic/workflows', 'Get-ProofPointTapEvents')]",
                "contentId": "Get-ProofPointTapEvents",
                "kind": "Playbook",
                "version": "1.0",
                "source": {
                  "kind": "Solution",
                  "name": "ProofPointTap",
                  "sourceId": "azuresentinel.azure-sentinel-proofpoint"
                },
                "author": {
                  "name": "Microsoft",
                  "email": "support@microsoft.com"
                },
                "support": {
                  "tier": "Microsoft",
                  "name": "Microsoft Corporation",
                  "email": "support@microsoft.com",
                  "link": "https://support.microsoft.com/"
                }
              }
            }
          ],
          "metadata": {
            "title": "Get-ProofpointTapEvents",
            "description": "This playbook ingests events from ProofPoint TAP to Log Analytics/MicroSoft Sentinel.",
            "prerequisites": [
              "To get Proofpoint TAP API credentials follow the instructions:",
              "1. Log in to your Proofpoint TAP dashboard.",
              "2. Click the *Settings* tab.",
              "3. Click *Connected Applications*.",
              "4. In the *Name* section, select *Create New Credential*.",
              "5. Type the name and click the *Generate* button.",
              "6. In the *Generated Service Credential* pop-up, the *Service Principal* and *Secret* values are shown."
            ],
            "postDeployment": [
              "**a. Authorize connections**",
              "Once deployment is complete, authorize each connection.",
              "1.Click the MicroSoft Sentinel connection resource",
              "2.Click edit API connection",
              "3.Click Authorize",
              "4.Sign in",
              "5.Click Save",
              "6.Repeat steps for Proofpoint TAP connector API Connection. Provide the Service Principal and the secret for authorizing.",
              "**b. Configurations in Sentinel**",
              "1.In MicroSoft Sentinel, analytical rules should be configured to trigger an incident with risky user account.",
              "2.Configure the automation rules to trigger the playbooks."
            ],
            "lastUpdateTime": "2022-08-04T00:00:00Z",
            "releaseNotes": [
              {
                "version": "1.0.0",
                "title": "Get-ProofpointTapEvents",
                "notes": [
                  "Initial version"
                ]
              }
            ]
          }
        },
        "packageKind": "Solution",
        "packageVersion": "3.0.0",
        "packageName": "ProofPointTap",
        "packageId": "azuresentinel.azure-sentinel-proofpoint",
        "contentSchemaVersion": "3.0.0",
        "contentId": "Get-ProofPointTapEvents",
        "contentKind": "Playbook",
        "displayName": "Get-ProofpointTAPEvents",
        "contentProductId": "azuresentinel.azure-sentinel-proofpoint-pl-ec4eibg7a6ad6",
        "id": "azuresentinel.azure-sentinel-proofpoint-pl-ec4eibg7a6ad6",
        "version": "1.0"
      }
    }
  ]
}