{
  "$schema": "https://schema.management.azure.com/schemas/2019-04-01/deploymentTemplate.json#",
  "contentVersion": "1.1.2",
  "parameters": {
    "location": {
      "type": "string",
      "minLength": 1,
      "defaultValue": "[resourceGroup().location]",
      "metadata": {
        "description": "Not used, but needed to pass arm-ttk test `Location-Should-Not-Be-Hardcoded`.  We instead use the `workspace-location` which is derived from the LA workspace"
      }
    },
    "workspace": {
      "defaultValue": "",
      "type": "string",
      "metadata": {
        "description": "Workspace name for Log Analytics where Microsoft Sentinel is setup"
      }
    },
    "workspace-location": {
      "type": "string",
      "defaultValue": "",
      "metadata": {
        "description": "[concat('Region to deploy solution resources -- separate from location selection',parameters('location'))]"
      }
    }
  },
  "resources": [
    {
      "type": "Microsoft.OperationalInsights/workspaces/providers/contentTemplates",
      "name": "[concat(parameters('workspace'),'/Microsoft.SecurityInsights/',concat(concat(parameters('workspace'),'-ar-',uniquestring('35a0792a-1269-431e-ac93-7ae2980d4dde')),'1.1.2'))]",
      "location": "[parameters('workspace-location')]",
      "apiVersion": "2023-04-01-preview",
      "dependsOn": [
        "[extensionResourceId(resourceId('Microsoft.OperationalInsights/workspaces', parameters('workspace')), 'Microsoft.SecurityInsights/contentPackages', 'azuresentinel.azure-sentinel-proofpointpod')]"
      ],
      "properties": {
        "contentId": "35a0792a-1269-431e-ac93-7ae2980d4dde",
        "displayName": "ProofpointPOD - Email sender in TI list",
        "contentKind": "AnalyticsRule",
        "mainTemplate": {
          "$schema": "https://schema.management.azure.com/schemas/2019-04-01/deploymentTemplate.json#",
          "contentVersion": "1.1.2",
          "parameters": {},
          "variables": {},
          "resources": [
            {
              "type": "Microsoft.SecurityInsights/AlertRuleTemplates",
              "name": "35a0792a-1269-431e-ac93-7ae2980d4dde",
              "apiVersion": "2022-04-01-preview",
              "kind": "Scheduled",
              "location": "[parameters('workspace-location')]",
              "properties": {
                "description": "Email sender in TI list.",
                "displayName": "ProofpointPOD - Email sender in TI list",
                "enabled": false,
                "query": "let dt_lookBack = 1h;\nlet ioc_lookBack = 14d;\nThreatIntelligenceIndicator\n| where TimeGenerated >= ago(ioc_lookBack) and ExpirationDateTime > now()\n| where Active == true\n| where isnotempty(EmailSenderAddress)\n| extend TI_emailEntity = EmailSenderAddress\n// using innerunique to keep perf fast and result set low, we only need one match to indicate potential malicious activity that needs to be investigated\n| join kind=innerunique (\n       ProofpointPOD\n       | where TimeGenerated >= ago(dt_lookBack)\n       | where isnotempty(SrcUserUpn)\n       | extend ProofpointPOD_TimeGenerated = TimeGenerated, ClientEmail = SrcUserUpn\n)\non $left.TI_emailEntity == $right.ClientEmail\n| where ProofpointPOD_TimeGenerated < ExpirationDateTime\n| summarize ProofpointPOD_TimeGenerated = arg_max(ProofpointPOD_TimeGenerated, *) by IndicatorId, ClientEmail\n| project ProofpointPOD_TimeGenerated, Description, IndicatorId, ThreatType, ExpirationDateTime, ConfidenceScore, ClientEmail\n| extend timestamp = ProofpointPOD_TimeGenerated\n",
                "queryFrequency": "P1D",
                "queryPeriod": "P14D",
                "severity": "Medium",
                "suppressionDuration": "PT1H",
                "suppressionEnabled": false,
                "triggerOperator": "GreaterThan",
                "triggerThreshold": 0,
                "status": "Available",
                "requiredDataConnectors": [
                  {
                    "dataTypes": [
                      "ThreatIntelligenceIndicator"
                    ],
                    "connectorId": "ThreatIntelligence"
                  },
                  {
                    "dataTypes": [
                      "ThreatIntelligenceIndicator"
                    ],
                    "connectorId": "ThreatIntelligenceTaxii"
                  },
                  {
                    "dataTypes": [
                      "ProofpointPOD_maillog_CL"
                    ],
                    "connectorId": "ProofpointPOD"
                  }
                ],
                "tactics": [
                  "Exfiltration",
                  "InitialAccess"
                ],
                "techniques": [
                  "T1078",
                  "T1567"
                ],
                "entityMappings": [
                  {
                    "entityType": "Account",
                    "fieldMappings": [
                      {
                        "columnName": "ClientEmail",
                        "identifier": "FullName"
                      }
                    ]
                  }
                ]
              }
            },
            {
              "type": "Microsoft.OperationalInsights/workspaces/providers/metadata",
              "apiVersion": "2022-01-01-preview",
              "name": "[concat(parameters('workspace'),'/Microsoft.SecurityInsights/',concat('AnalyticsRule-', last(split(resourceId('Microsoft.SecurityInsights/AlertRuleTemplates', '35a0792a-1269-431e-ac93-7ae2980d4dde'),'/'))))]",
              "properties": {
                "description": "Proofpoint On demand(POD) Email Security Analytics Rule 9",
                "parentId": "[resourceId('Microsoft.SecurityInsights/AlertRuleTemplates', '35a0792a-1269-431e-ac93-7ae2980d4dde')]",
                "contentId": "35a0792a-1269-431e-ac93-7ae2980d4dde",
                "kind": "AnalyticsRule",
                "version": "1.1.2",
                "source": {
                  "kind": "Solution",
                  "name": "Proofpoint On demand(POD) Email Security",
                  "sourceId": "azuresentinel.azure-sentinel-proofpointpod"
                },
                "author": {
                  "name": "Microsoft",
                  "email": "support@microsoft.com"
                },
                "support": {
                  "tier": "Microsoft",
                  "name": "Microsoft Corporation",
                  "email": "support@microsoft.com",
                  "link": "https://support.microsoft.com/"
                }
              }
            }
          ]
        },
        "packageKind": "Solution",
        "packageVersion": "2.0.5",
        "packageName": "Proofpoint On demand (POD) Email Security",
        "packageId": "azuresentinel.azure-sentinel-proofpointpod",
        "contentProductId": "azuresentinel.azure-sentinel-proofpointpod-ar-ewz3fzh7ebmnu",
        "id": "azuresentinel.azure-sentinel-proofpointpod-ar-ewz3fzh7ebmnu",
        "contentSchemaVersion": "3.0.0",
        "version": "1.1.2"
      }
    }
  ]
}