{
  "$schema": "https://schema.management.azure.com/schemas/2019-04-01/deploymentTemplate.json#",
  "parameters": {
    "location": {
      "type": "string",
      "minLength": 1,
      "defaultValue": "[resourceGroup().location]",
      "metadata": {
        "description": "Not used, but needed to pass arm-ttk test `Location-Should-Not-Be-Hardcoded`.  We instead use the `workspace-location` which is derived from the LA workspace"
      }
    },
    "workspace-location": {
      "type": "string",
      "defaultValue": "",
      "metadata": {
        "description": "[concat('Region to deploy solution resources -- separate from location selection',parameters('location'))]"
      }
    },
    "workspace": {
      "defaultValue": "",
      "type": "string",
      "metadata": {
        "description": "Workspace name for Log Analytics where Microsoft Sentinel is setup"
      }
    }
  },
  "variables": {},
  "resources": [
    {
      "type": "Microsoft.OperationalInsights/workspaces/providers/packages",
      "location": "[parameters('workspace-location')]",
      "apiVersion": "2022-08-01",
      "properties": {
        "packageKind": "Standalone",
        "packageItems": {
          "resources": [
            {
              "type": "Microsoft.OperationalInsights/workspaces/providers/contentTemplates",
              "name": "[concat(parameters('workspace'),'/Microsoft.SecurityInsights/', 'b31037ea-6f68-4fbd-bab2-d0d0f44c2fcf')]",
              "location": "[parameters('workspace-location')]",
              "apiVersion": "2022-08-01",
              "properties": {
                "contentId": "b31037ea-6f68-4fbd-bab2-d0d0f44c2fcf",
                "displayName": "TI map URL entity to Syslog data",
                "contentKind": "AnalyticsRule",
                "mainTemplate": {
                  "$schema": "https://schema.management.azure.com/schemas/2019-04-01/deploymentTemplate.json#",
                  "contentVersion": "1.2.1",
                  "resources": [
                    {
                      "type": "Microsoft.OperationalInsights/workspaces/providers/alertRules",
                      "apiVersion": "2022-04-01-preview",
                      "name": "[concat(parameters('workspace'),'/Microsoft.SecurityInsights/', '' )]",
                      "kind": "Scheduled",
                      "location": "[parameters('workspace-location')]",
                      "properties": {
                        "description": "Identifies a match in Syslog data from any URL IOC from TI",
                        "displayName": "TI map URL entity to Syslog data",
                        "enabled": false,
                        "query": "\nlet dt_lookBack = 1h;\nlet ioc_lookBack = 14d;\nThreatIntelligenceIndicator\n| where TimeGenerated >= ago(ioc_lookBack) and ExpirationDateTime > now()\n| summarize LatestIndicatorTime = arg_max(TimeGenerated, *) by IndicatorId\n| where Active == true\n// Picking up only IOC's that contain the entities we want\n| where isnotempty(Url)\n// using innerunique to keep perf fast and result set low, we only need one match to indicate potential malicious activity that needs to be investigated\n| join kind=innerunique (\n  Syslog\n  | where TimeGenerated >= ago(dt_lookBack)\n  // Extract URL from the Syslog message but only take messages that include URLs\n  | extend Url = extract(\"(http[s]?://(?:[a-zA-Z]|[0-9]|[$-_@.&+]|[!*\\\\(\\\\),]|(?:%[0-9a-fA-F][0-9a-fA-F]))+)\", 1,SyslogMessage)\n  | where isnotempty(Url)\n  | extend Syslog_TimeGenerated = TimeGenerated\n) on Url\n| where Syslog_TimeGenerated < ExpirationDateTime\n| summarize Syslog_TimeGenerated  = arg_max(Syslog_TimeGenerated , *) by IndicatorId, Url\n| project Syslog_TimeGenerated, Description, ActivityGroupNames, IndicatorId, ThreatType, ExpirationDateTime, ConfidenceScore, SyslogMessage, Computer, ProcessName, Url, HostIP\n| extend timestamp = Syslog_TimeGenerated, HostCustomEntity = Computer, IPCustomEntity = HostIP, URLCustomEntity = Url\n",
                        "queryFrequency": "PT1H",
                        "queryPeriod": "P14D",
                        "severity": "Medium",
                        "suppressionDuration": "PT1H",
                        "suppressionEnabled": false,
                        "triggerOperator": "GreaterThan",
                        "triggerThreshold": 0,
                        "tactics": [
                          "Impact"
                        ],
                        "entityMappings": [
                          {
                            "entityType": "Host",
                            "fieldMappings": [
                              {
                                "columnName": "HostCustomEntity",
                                "identifier": "FullName"
                              }
                            ]
                          },
                          {
                            "entityType": "IP",
                            "fieldMappings": [
                              {
                                "columnName": "IPCustomEntity",
                                "identifier": "Address"
                              }
                            ]
                          },
                          {
                            "entityType": "URL",
                            "fieldMappings": [
                              {
                                "columnName": "URLCustomEntity",
                                "identifier": "Url"
                              }
                            ]
                          }
                        ]
                      }
                    },
                    {
                      "type": "Microsoft.OperationalInsights/workspaces/providers/metadata",
                      "apiVersion": "2021-03-01-preview",
                      "name": "[concat(parameters('workspace'),'/Microsoft.SecurityInsights/', '')]",
                      "properties": {
                        "description": "'Identifies a match in Syslog data from any URL IOC from TI'\n",
                        "contentId": "b31037ea-6f68-4fbd-bab2-d0d0f44c2fcf",
                        "version": "1.2.1",
                        "source": {
                          "kind": "Community"
                        },
                        "threatAnalysisTactics": [
                          "Impact"
                        ],
                        "parentId": "b31037ea-6f68-4fbd-bab2-d0d0f44c2fcf",
                        "kind": "AnalyticsRule",
                        "dependencies": {
                          "operator": "AND",
                          "criteria": [
                            {
                              "contentId": "Syslog",
                              "kind": "DataType"
                            },
                            {
                              "contentId": "ThreatIntelligenceIndicator",
                              "kind": "DataType"
                            },
                            {
                              "contentId": "ThreatIntelligenceIndicator",
                              "kind": "DataType"
                            }
                          ]
                        }
                      }
                    }
                  ]
                }
              }
            }
          ]
        },
        "contentId": "b31037ea-6f68-4fbd-bab2-d0d0f44c2fcf",
        "dependencies": {
          "operator": "AND",
          "criteria": [
            {
              "contentId": "b31037ea-6f68-4fbd-bab2-d0d0f44c2fcf",
              "kind": "AnalyticsRule"
            }
          ]
        },
        "description": "'Identifies a match in Syslog data from any URL IOC from TI'\n",
        "displayName": "TI map URL entity to Syslog data",
        "source": {
          "kind": "Community"
        },
        "threatAnalysisTactics": [
          "Impact"
        ],
        "version": "1.2.1"
      },
      "name": "[concat(parameters('workspace'),'/Microsoft.SecurityInsights/', 'b31037ea-6f68-4fbd-bab2-d0d0f44c2fcf')]"
    }
  ]
}