{
  "$schema": "https://schema.management.azure.com/schemas/2019-04-01/deploymentTemplate.json#",
  "parameters": {
    "location": {
      "type": "string",
      "minLength": 1,
      "defaultValue": "[resourceGroup().location]",
      "metadata": {
        "description": "Not used, but needed to pass arm-ttk test `Location-Should-Not-Be-Hardcoded`.  We instead use the `workspace-location` which is derived from the LA workspace"
      }
    },
    "workspace-location": {
      "type": "string",
      "defaultValue": "",
      "metadata": {
        "description": "[concat('Region to deploy solution resources -- separate from location selection',parameters('location'))]"
      }
    },
    "workspace": {
      "defaultValue": "",
      "type": "string",
      "metadata": {
        "description": "Workspace name for Log Analytics where Microsoft Sentinel is setup"
      }
    }
  },
  "variables": {},
  "resources": [
    {
      "type": "Microsoft.OperationalInsights/workspaces/providers/packages",
      "location": "[parameters('workspace-location')]",
      "apiVersion": "2022-08-01",
      "properties": {
        "packageKind": "Standalone",
        "packageItems": {
          "resources": [
            {
              "type": "Microsoft.OperationalInsights/workspaces/providers/contentTemplates",
              "name": "[concat(parameters('workspace'),'/Microsoft.SecurityInsights/', '020b05d3-6447-402c-87b6-f8faff7c7e19')]",
              "location": "[parameters('workspace-location')]",
              "kind": "shared",
              "apiVersion": "2022-08-01",
              "properties": {
                "contentId": "020b05d3-6447-402c-87b6-f8faff7c7e19",
                "displayName": "Linux security related process termination activity detected",
                "contentKind": "HuntingQuery",
                "mainTemplate": {
                  "$schema": "https://schema.management.azure.com/schemas/2019-04-01/deploymentTemplate.json#",
                  "contentVersion": "1.0.0",
                  "resources": [
                    {
                      "type": "Microsoft.OperationalInsights/savedSearches",
                      "apiVersion": "2020-08-01",
                      "name": "020b05d3-6447-402c-87b6-f8faff7c7e19",
                      "location": "[parameters('workspace-location')]",
                      "properties": {
                        "eTag": "*",
                        "displayName": "Linux security related process termination activity detected",
                        "category": "Hunting Queries",
                        "query": "Syslog\n| where Facility == 'user'\n| where SyslogMessage has \"AUOMS_EXECVE\"\n| parse SyslogMessage with \"type=\" EventType \" audit(\" * \"): \" EventData\n| where EventType =~ \"AUOMS_EXECVE\"\n| parse EventData with * \"syscall=\" syscall \" syscall_r=\" * \" success=\" success \" exit=\" exit \" a0\" * \" ppid=\" ppid \" pid=\" pid \" audit_user=\" audit_user \" auid=\" auid \" user=\" user \" uid=\" uid \" group=\" group \" gid=\" gid \"effective_user=\" effective_user \" euid=\" euid \" set_user=\" set_user \" suid=\" suid \" filesystem_user=\" filesystem_user \" fsuid=\" fsuid \" effective_group=\" effective_group \" egid=\" egid \" set_group=\" set_group \" sgid=\" sgid \" filesystem_group=\" filesystem_group \" fsgid=\" fsgid \" tty=\" tty \" ses=\" ses \" comm=\\\"\" comm \"\\\" exe=\\\"\" exe \"\\\"\" * \"cwd=\\\"\" cwd \"\\\"\" * \"name=\\\"\" name \"\\\"\" * \"cmdline=\\\"\" cmdline \"\\\" containerid=\" containerid\n| where cmdline has_any (\"service apparmor stop\",\"service aliyun.service stop\",\"systemctl disable apparmor\",\"systemctl disable aliyun.service\")\nor  (exe has \"pkill\" and cmdline has_any (\"omsagent\",\"auoms\",\"omiagent\",\"waagent\") and cmdline !has \"/omsagent/plugin/pi\"and cmdline !has \"/omsconfig/modules\")\n| project TimeGenerated, Computer, audit_user, user, cmdline\n| extend AccountCustomEntity = user, HostCustomEntity = Computer, timestamp = TimeGenerated\n| sort by TimeGenerated desc\n",
                        "version": 2,
                        "tags": [
                          {
                            "name": "description",
                            "value": "'This query will alert on any attempts to terminate processes related to security monitoring on the host. \nAttackers will often try to terminate such processes post-compromise as seen recently to exploit the remote code execution vulnerability in Log4j component of Apache.\nFor more details on Apache Log4j Remote Code Execution Vulnerability - https://community.riskiq.com/article/505098fc/description\nFind more details on collecting EXECVE data into Microsoft Sentinel - https://techcommunity.microsoft.com/t5/azure-sentinel/hunting-threats-on-linux-with-azure-sentinel/ba-p/1344431'\n"
                          },
                          {
                            "name": "techniques",
                            "value": ""
                          },
                          {
                            "name": "tactics",
                            "value": "DefenseEvasion"
                          }
                        ]
                      }
                    },
                    {
                      "type": "Microsoft.OperationalInsights/workspaces/providers/metadata",
                      "apiVersion": "2021-03-01-preview",
                      "name": "[concat(parameters('workspace'),'/Microsoft.SecurityInsights/',concat('huntingQuery-', '020b05d3-6447-402c-87b6-f8faff7c7e19'))]",
                      "properties": {
                        "description": "'This query will alert on any attempts to terminate processes related to security monitoring on the host. \nAttackers will often try to terminate such processes post-compromise as seen recently to exploit the remote code execution vulnerability in Log4j component of Apache.\nFor more details on Apache Log4j Remote Code Execution Vulnerability - https://community.riskiq.com/article/505098fc/description\nFind more details on collecting EXECVE data into Microsoft Sentinel - https://techcommunity.microsoft.com/t5/azure-sentinel/hunting-threats-on-linux-with-azure-sentinel/ba-p/1344431'\n",
                        "contentId": "020b05d3-6447-402c-87b6-f8faff7c7e19",
                        "version": "1.0.0",
                        "source": {
                          "kind": "Community"
                        },
                        "threatAnalysisTactics": [
                          "DefenseEvasion"
                        ],
                        "threatAnalyticsTechniques": [
                          "T1489"
                        ],
                        "parentId": "020b05d3-6447-402c-87b6-f8faff7c7e19",
                        "kind": "HuntingQuery",
                        "dependencies": {
                          "operator": "AND",
                          "criteria": [
                            {
                              "contentId": "Syslog",
                              "kind": "DataType"
                            }
                          ]
                        }
                      }
                    }
                  ]
                }
              }
            }
          ]
        },
        "contentId": "020b05d3-6447-402c-87b6-f8faff7c7e19",
        "dependencies": {
          "operator": "AND",
          "criteria": [
            {
              "contentId": "020b05d3-6447-402c-87b6-f8faff7c7e19",
              "kind": "HuntingQuery"
            }
          ]
        },
        "description": "'This query will alert on any attempts to terminate processes related to security monitoring on the host. \nAttackers will often try to terminate such processes post-compromise as seen recently to exploit the remote code execution vulnerability in Log4j component of Apache.\nFor more details on Apache Log4j Remote Code Execution Vulnerability - https://community.riskiq.com/article/505098fc/description\nFind more details on collecting EXECVE data into Microsoft Sentinel - https://techcommunity.microsoft.com/t5/azure-sentinel/hunting-threats-on-linux-with-azure-sentinel/ba-p/1344431'\n",
        "displayName": "Linux security related process termination activity detected",
        "source": {
          "kind": "Community"
        },
        "threatAnalysisTactics": [
          "DefenseEvasion"
        ],
        "threatAnalyticsTechniques": [
          "T1489"
        ],
        "version": "1.0.0"
      },
      "name": "[concat(parameters('workspace'),'/Microsoft.SecurityInsights/', '020b05d3-6447-402c-87b6-f8faff7c7e19')]"
    }
  ]
}