{
  "$schema": "https://schema.management.azure.com/schemas/2019-04-01/deploymentTemplate.json#",
  "parameters": {
    "location": {
      "type": "string",
      "minLength": 1,
      "defaultValue": "[resourceGroup().location]",
      "metadata": {
        "description": "Not used, but needed to pass arm-ttk test `Location-Should-Not-Be-Hardcoded`.  We instead use the `workspace-location` which is derived from the LA workspace"
      }
    },
    "workspace-location": {
      "type": "string",
      "defaultValue": "",
      "metadata": {
        "description": "[concat('Region to deploy solution resources -- separate from location selection',parameters('location'))]"
      }
    },
    "workspace": {
      "defaultValue": "",
      "type": "string",
      "metadata": {
        "description": "Workspace name for Log Analytics where Microsoft Sentinel is setup"
      }
    }
  },
  "variables": {},
  "resources": [
    {
      "type": "Microsoft.OperationalInsights/workspaces/providers/packages",
      "location": "[parameters('workspace-location')]",
      "apiVersion": "2022-08-01",
      "properties": {
        "packageKind": "Standalone",
        "packageItems": {
          "resources": [
            {
              "type": "Microsoft.OperationalInsights/workspaces/providers/contentTemplates",
              "name": "[concat(parameters('workspace'),'/Microsoft.SecurityInsights/', '5dd76a87-9f87-4576-bab3-268b0e2b338b')]",
              "location": "[parameters('workspace-location')]",
              "apiVersion": "2022-08-01",
              "properties": {
                "contentId": "5dd76a87-9f87-4576-bab3-268b0e2b338b",
                "displayName": "SharePointFileOperation via devices with previously unseen user agents",
                "contentKind": "AnalyticsRule",
                "mainTemplate": {
                  "$schema": "https://schema.management.azure.com/schemas/2019-04-01/deploymentTemplate.json#",
                  "contentVersion": "1.0.0",
                  "resources": [
                    {
                      "type": "Microsoft.OperationalInsights/workspaces/providers/alertRules",
                      "apiVersion": "2022-04-01-preview",
                      "name": "[concat(parameters('workspace'),'/Microsoft.SecurityInsights/', '' )]",
                      "kind": "Scheduled",
                      "location": "[parameters('workspace-location')]",
                      "properties": {
                        "description": "Identifies if the number of documents uploaded or downloaded from device(s) associated\nwith a previously unseen user agent exceeds a threshold (default is 5).",
                        "displayName": "SharePointFileOperation via devices with previously unseen user agents",
                        "enabled": false,
                        "query": "\nlet threshold = 5;\nlet szSharePointFileOperation = \"SharePointFileOperation\";\nlet szOperations = dynamic([\"FileDownloaded\", \"FileUploaded\"]);\nlet starttime = 14d;\nlet endtime = 1d;\nlet historicalActivity =\nOfficeActivity\n| where TimeGenerated between(ago(starttime)..ago(endtime))\n| where RecordType =~ szSharePointFileOperation\n| where Operation in~ (szOperations)\n| where isnotempty(UserAgent)\n| summarize historicalCount = count() by UserAgent, RecordType, Operation;\nlet recentActivity = OfficeActivity\n| where RecordType =~ szSharePointFileOperation\n| where Operation in~ (szOperations)\n| where TimeGenerated > ago(endtime)\n| where isnotempty(UserAgent)\n| summarize min(Start_Time), max(Start_Time), recentCount = count() by UserAgent, RecordType, Operation;\nlet RareUserAgent = recentActivity | join kind = leftanti (historicalActivity) on UserAgent\n| order by recentCount desc, UserAgent\n// More than 5 downloads/uploads from a new user agent today\n| where recentCount > threshold;\nOfficeActivity \n| where TimeGenerated > ago(endtime) \n| where RecordType =~ szSharePointFileOperation \n| where Operation in~ (szOperations)\n| where isnotempty(UserAgent)\n| join kind= inner (RareUserAgent)\non UserAgent, RecordType, Operation    \n| where Start_Time between(min_Start_Time .. max_Start_Time)\n| summarize StartTimeUtc = min(min_Start_Time), EndTimeUtc = max(max_Start_Time) by RecordType, Operation, UserAgent, UserType, UserId, ClientIP, OfficeWorkload, Site_Url, OfficeObjectId, UserAgentSeenCount = recentCount\n| extend timestamp = StartTimeUtc, AccountCustomEntity = UserId, IPCustomEntity = ClientIP, URLCustomEntity = Site_Url\n| order by UserAgentSeenCount desc, UserAgent asc, Operation asc, UserId asc\n",
                        "queryFrequency": "P1D",
                        "queryPeriod": "P14D",
                        "severity": "Medium",
                        "suppressionDuration": "PT1H",
                        "suppressionEnabled": false,
                        "triggerOperator": "GreaterThan",
                        "triggerThreshold": 0,
                        "tactics": [
                          "Exfiltration"
                        ],
                        "entityMappings": [
                          {
                            "entityType": "Account",
                            "fieldMappings": [
                              {
                                "columnName": "AccountCustomEntity",
                                "identifier": "FullName"
                              }
                            ]
                          },
                          {
                            "entityType": "IP",
                            "fieldMappings": [
                              {
                                "columnName": "IPCustomEntity",
                                "identifier": "Address"
                              }
                            ]
                          },
                          {
                            "entityType": "URL",
                            "fieldMappings": [
                              {
                                "columnName": "URLCustomEntity",
                                "identifier": "Url"
                              }
                            ]
                          }
                        ]
                      }
                    },
                    {
                      "type": "Microsoft.OperationalInsights/workspaces/providers/metadata",
                      "apiVersion": "2021-03-01-preview",
                      "name": "[concat(parameters('workspace'),'/Microsoft.SecurityInsights/', '')]",
                      "properties": {
                        "description": "'Identifies if the number of documents uploaded or downloaded from device(s) associated\nwith a previously unseen user agent exceeds a threshold (default is 5).'\n",
                        "contentId": "5dd76a87-9f87-4576-bab3-268b0e2b338b",
                        "version": "1.0.0",
                        "source": {
                          "kind": "Community"
                        },
                        "threatAnalysisTactics": [
                          "Exfiltration"
                        ],
                        "threatAnalyticsTechniques": [
                          "T1030"
                        ],
                        "parentId": "5dd76a87-9f87-4576-bab3-268b0e2b338b",
                        "kind": "AnalyticsRule",
                        "dependencies": {
                          "operator": "AND",
                          "criteria": [
                            {
                              "contentId": "OfficeActivity",
                              "kind": "DataType"
                            }
                          ]
                        }
                      }
                    }
                  ]
                }
              }
            }
          ]
        },
        "contentId": "5dd76a87-9f87-4576-bab3-268b0e2b338b",
        "dependencies": {
          "operator": "AND",
          "criteria": [
            {
              "contentId": "5dd76a87-9f87-4576-bab3-268b0e2b338b",
              "kind": "AnalyticsRule"
            }
          ]
        },
        "description": "'Identifies if the number of documents uploaded or downloaded from device(s) associated\nwith a previously unseen user agent exceeds a threshold (default is 5).'\n",
        "displayName": "SharePointFileOperation via devices with previously unseen user agents",
        "source": {
          "kind": "Community"
        },
        "threatAnalysisTactics": [
          "Exfiltration"
        ],
        "threatAnalyticsTechniques": [
          "T1030"
        ],
        "version": "1.0.0"
      },
      "name": "[concat(parameters('workspace'),'/Microsoft.SecurityInsights/', '5dd76a87-9f87-4576-bab3-268b0e2b338b')]"
    }
  ]
}