{
  "$schema": "https://schema.management.azure.com/schemas/2019-04-01/deploymentTemplate.json#",
  "parameters": {
    "location": {
      "type": "string",
      "minLength": 1,
      "defaultValue": "[resourceGroup().location]",
      "metadata": {
        "description": "Not used, but needed to pass arm-ttk test `Location-Should-Not-Be-Hardcoded`.  We instead use the `workspace-location` which is derived from the LA workspace"
      }
    },
    "workspace-location": {
      "type": "string",
      "defaultValue": "",
      "metadata": {
        "description": "[concat('Region to deploy solution resources -- separate from location selection',parameters('location'))]"
      }
    },
    "workspace": {
      "defaultValue": "",
      "type": "string",
      "metadata": {
        "description": "Workspace name for Log Analytics where Microsoft Sentinel is setup"
      }
    }
  },
  "variables": {},
  "resources": [
    {
      "type": "Microsoft.OperationalInsights/workspaces/providers/packages",
      "location": "[parameters('workspace-location')]",
      "apiVersion": "2022-08-01",
      "properties": {
        "packageKind": "Standalone",
        "packageItems": {
          "resources": [
            {
              "type": "Microsoft.OperationalInsights/workspaces/providers/contentTemplates",
              "name": "[concat(parameters('workspace'),'/Microsoft.SecurityInsights/', 'e1ce0eab-10d1-4aae-863f-9a383345ba88')]",
              "location": "[parameters('workspace-location')]",
              "apiVersion": "2022-08-01",
              "properties": {
                "contentId": "e1ce0eab-10d1-4aae-863f-9a383345ba88",
                "displayName": "SSH - Potential Brute Force",
                "contentKind": "AnalyticsRule",
                "mainTemplate": {
                  "$schema": "https://schema.management.azure.com/schemas/2019-04-01/deploymentTemplate.json#",
                  "contentVersion": "1.0.0",
                  "resources": [
                    {
                      "type": "Microsoft.OperationalInsights/workspaces/providers/alertRules",
                      "apiVersion": "2022-04-01-preview",
                      "name": "[concat(parameters('workspace'),'/Microsoft.SecurityInsights/', '' )]",
                      "kind": "Scheduled",
                      "location": "[parameters('workspace-location')]",
                      "properties": {
                        "description": "Identifies an IP address that had 15 failed attempts to sign in via SSH in a 4 hour block during a 24 hour time period.",
                        "displayName": "SSH - Potential Brute Force",
                        "enabled": false,
                        "query": "\nlet threshold = 15;\nSyslog\n| where SyslogMessage contains \"Failed password for invalid user\"\n| where ProcessName =~ \"sshd\" \n| parse kind=relaxed SyslogMessage with * \"invalid user\" user \" from \" ip \" port\" port \" ssh2\"\n| project user, ip, port, SyslogMessage, EventTime\n| summarize EventTimes = make_list(EventTime), PerHourCount = count() by ip, bin(EventTime, 4h), user\n| where PerHourCount > threshold\n| mvexpand EventTimes\n| extend EventTimes = tostring(EventTimes) \n| summarize StartTimeUtc = min(EventTimes), EndTimeUtc = max(EventTimes), UserList = makeset(user), sum(PerHourCount) by IPAddress = ip\n| extend UserList = tostring(UserList) \n| extend timestamp = StartTimeUtc, IPCustomEntity = IPAddress, AccountCustomEntity = UserList\n",
                        "queryFrequency": "P1D",
                        "queryPeriod": "P1D",
                        "severity": "Low",
                        "suppressionDuration": "PT1H",
                        "suppressionEnabled": false,
                        "triggerOperator": "GreaterThan",
                        "triggerThreshold": 0,
                        "tactics": [
                          "CredentialAccess"
                        ],
                        "entityMappings": [
                          {
                            "entityType": "Account",
                            "fieldMappings": [
                              {
                                "columnName": "AccountCustomEntity",
                                "identifier": "FullName"
                              }
                            ]
                          },
                          {
                            "entityType": "IP",
                            "fieldMappings": [
                              {
                                "columnName": "IPCustomEntity",
                                "identifier": "Address"
                              }
                            ]
                          }
                        ]
                      }
                    },
                    {
                      "type": "Microsoft.OperationalInsights/workspaces/providers/metadata",
                      "apiVersion": "2021-03-01-preview",
                      "name": "[concat(parameters('workspace'),'/Microsoft.SecurityInsights/', '')]",
                      "properties": {
                        "description": "'Identifies an IP address that had 15 failed attempts to sign in via SSH in a 4 hour block during a 24 hour time period.'\n",
                        "contentId": "e1ce0eab-10d1-4aae-863f-9a383345ba88",
                        "version": "1.0.0",
                        "source": {
                          "kind": "Community"
                        },
                        "threatAnalysisTactics": [
                          "CredentialAccess"
                        ],
                        "threatAnalyticsTechniques": [
                          "T1110"
                        ],
                        "parentId": "e1ce0eab-10d1-4aae-863f-9a383345ba88",
                        "kind": "AnalyticsRule",
                        "dependencies": {
                          "operator": "AND",
                          "criteria": [
                            {
                              "contentId": "Syslog",
                              "kind": "DataType"
                            }
                          ]
                        }
                      }
                    }
                  ]
                }
              }
            }
          ]
        },
        "contentId": "e1ce0eab-10d1-4aae-863f-9a383345ba88",
        "dependencies": {
          "operator": "AND",
          "criteria": [
            {
              "contentId": "e1ce0eab-10d1-4aae-863f-9a383345ba88",
              "kind": "AnalyticsRule"
            }
          ]
        },
        "description": "'Identifies an IP address that had 15 failed attempts to sign in via SSH in a 4 hour block during a 24 hour time period.'\n",
        "displayName": "SSH - Potential Brute Force",
        "source": {
          "kind": "Community"
        },
        "threatAnalysisTactics": [
          "CredentialAccess"
        ],
        "threatAnalyticsTechniques": [
          "T1110"
        ],
        "version": "1.0.0"
      },
      "name": "[concat(parameters('workspace'),'/Microsoft.SecurityInsights/', 'e1ce0eab-10d1-4aae-863f-9a383345ba88')]"
    }
  ]
}