{
  "$schema": "https://schema.management.azure.com/schemas/2019-04-01/deploymentTemplate.json#",
  "parameters": {
    "location": {
      "type": "string",
      "minLength": 1,
      "defaultValue": "[resourceGroup().location]",
      "metadata": {
        "description": "Not used, but needed to pass arm-ttk test `Location-Should-Not-Be-Hardcoded`.  We instead use the `workspace-location` which is derived from the LA workspace"
      }
    },
    "workspace-location": {
      "type": "string",
      "defaultValue": "",
      "metadata": {
        "description": "[concat('Region to deploy solution resources -- separate from location selection',parameters('location'))]"
      }
    },
    "workspace": {
      "defaultValue": "",
      "type": "string",
      "metadata": {
        "description": "Workspace name for Log Analytics where Microsoft Sentinel is setup"
      }
    }
  },
  "variables": {},
  "resources": [
    {
      "type": "Microsoft.OperationalInsights/workspaces/providers/packages",
      "location": "[parameters('workspace-location')]",
      "apiVersion": "2022-08-01",
      "properties": {
        "packageKind": "Standalone",
        "packageItems": {
          "resources": [
            {
              "type": "Microsoft.OperationalInsights/workspaces/providers/contentTemplates",
              "name": "[concat(parameters('workspace'),'/Microsoft.SecurityInsights/', '84cf1d59-f620-4fee-b569-68daf7008b7b')]",
              "location": "[parameters('workspace-location')]",
              "apiVersion": "2022-08-01",
              "properties": {
                "contentId": "84cf1d59-f620-4fee-b569-68daf7008b7b",
                "displayName": "New High Severity Vulnerability Detected Across Multiple Hosts",
                "contentKind": "AnalyticsRule",
                "mainTemplate": {
                  "$schema": "https://schema.management.azure.com/schemas/2019-04-01/deploymentTemplate.json#",
                  "contentVersion": "1.0.0",
                  "resources": [
                    {
                      "type": "Microsoft.OperationalInsights/workspaces/providers/alertRules",
                      "apiVersion": "2022-04-01-preview",
                      "name": "[concat(parameters('workspace'),'/Microsoft.SecurityInsights/', '' )]",
                      "kind": "Scheduled",
                      "location": "[parameters('workspace-location')]",
                      "properties": {
                        "description": "This creates an incident when a new high severity vulnerability is detected across multilple hosts",
                        "displayName": "New High Severity Vulnerability Detected Across Multiple Hosts",
                        "enabled": false,
                        "query": "\nlet threshold = 10;\nQualysHostDetection_CL\n| mv-expand todynamic(Detections_s)\n| extend Status = tostring(Detections_s.Status), Vulnerability = tostring(Detections_s.Results), Severity = tostring(Detections_s.Severity)\n| where Status =~ \"New\" and Severity == \"5\"\n| summarize StartTime = min(TimeGenerated), EndTime = max(TimeGenerated), dcount(NetBios_s) by tostring(Detections_s.QID)\n| where dcount_NetBios_s >= threshold\n| extend timestamp = StartTime\n",
                        "queryFrequency": "PT1H",
                        "queryPeriod": "PT1H",
                        "severity": "Medium",
                        "suppressionDuration": "PT1H",
                        "suppressionEnabled": false,
                        "triggerOperator": "GreaterThan",
                        "triggerThreshold": 0,
                        "tactics": [
                          "InitialAccess"
                        ]
                      }
                    },
                    {
                      "type": "Microsoft.OperationalInsights/workspaces/providers/metadata",
                      "apiVersion": "2021-03-01-preview",
                      "name": "[concat(parameters('workspace'),'/Microsoft.SecurityInsights/', '')]",
                      "properties": {
                        "description": "'This creates an incident when a new high severity vulnerability is detected across multilple hosts'\n",
                        "contentId": "84cf1d59-f620-4fee-b569-68daf7008b7b",
                        "version": "1.0.0",
                        "source": {
                          "kind": "Community"
                        },
                        "threatAnalysisTactics": [
                          "InitialAccess"
                        ],
                        "threatAnalyticsTechniques": [
                          "T1190"
                        ],
                        "parentId": "84cf1d59-f620-4fee-b569-68daf7008b7b",
                        "kind": "AnalyticsRule",
                        "dependencies": {
                          "operator": "AND",
                          "criteria": [
                            {
                              "contentId": "QualysHostDetection_CL",
                              "kind": "DataType"
                            }
                          ]
                        }
                      }
                    }
                  ]
                }
              }
            }
          ]
        },
        "contentId": "84cf1d59-f620-4fee-b569-68daf7008b7b",
        "dependencies": {
          "operator": "AND",
          "criteria": [
            {
              "contentId": "84cf1d59-f620-4fee-b569-68daf7008b7b",
              "kind": "AnalyticsRule"
            }
          ]
        },
        "description": "'This creates an incident when a new high severity vulnerability is detected across multilple hosts'\n",
        "displayName": "New High Severity Vulnerability Detected Across Multiple Hosts",
        "source": {
          "kind": "Community"
        },
        "threatAnalysisTactics": [
          "InitialAccess"
        ],
        "threatAnalyticsTechniques": [
          "T1190"
        ],
        "version": "1.0.0"
      },
      "name": "[concat(parameters('workspace'),'/Microsoft.SecurityInsights/', '84cf1d59-f620-4fee-b569-68daf7008b7b')]"
    }
  ]
}