{
  "$schema": "https://schema.management.azure.com/schemas/2019-04-01/deploymentTemplate.json#",
  "contentVersion": "1.0.0.0",
  "parameters": {
    "location": {
      "type": "string",
      "minLength": 1,
      "defaultValue": "[resourceGroup().location]",
      "metadata": {
        "description": "Not used, but needed to pass arm-ttk test `Location-Should-Not-Be-Hardcoded`.  We instead use the `workspace-location` which is derived from the LA workspace"
      }
    },
    "workspace-location": {
      "type": "string",
      "defaultValue": "",
      "metadata": {
        "description": "[concat('Region to deploy solution resources -- separate from location selection',parameters('location'))]"
      }
    },
    "workspace": {
      "defaultValue": "",
      "type": "string",
      "metadata": {
        "description": "Workspace name for Log Analytics where Microsoft Sentinel is setup"
      }
    }
  },
  "variables": {},
  "resources": [
    {
      "type": "Microsoft.OperationalInsights/workspaces/providers/packages",
      "location": "[parameters('workspace-location')]",
      "apiVersion": "2022-08-01",
      "properties": {
        "packageKind": "Standalone",
        "packageItems": {
          "resources": [
            {
              "type": "Microsoft.OperationalInsights/workspaces/providers/contentTemplates",
              "name": "[concat(parameters('workspace'),'/Microsoft.SecurityInsights/', '0F2179FB-BACC-4B71-80B3-29DE436E965C')]",
              "location": "[parameters('workspace-location')]",
              "kind": "shared",
              "apiVersion": "2022-08-01",
              "properties": {
                "contentId": "0F2179FB-BACC-4B71-80B3-29DE436E965C",
                "displayName": "Microsoft Defender AV Security Intelligence up to date information",
                "contentKind": "HuntingQuery",
                "mainTemplate": {
                  "$schema": "https://schema.management.azure.com/schemas/2019-04-01/deploymentTemplate.json#",
                  "contentVersion": "1.0.0",
                  "resources": [
                    {
                      "type": "Microsoft.OperationalInsights/savedSearches",
                      "apiVersion": "2020-08-01",
                      "name": "0F2179FB-BACC-4B71-80B3-29DE436E965C",
                      "location": "[parameters('workspace-location')]",
                      "properties": {
                        "eTag": "*",
                        "displayName": "Microsoft Defender AV Security Intelligence up to date information",
                        "category": "Hunting Queries",
                        "query": "let expiringPublishdate = ago(8d);\nDeviceTvmInfoGathering\n| extend DataRefreshTimestamp = Timestamp, \nAvIsSignatureUpToDateTemp = tostring(AdditionalFields.AvIsSignatureUptoDate),\nAvSignatureDataRefreshTime = todatetime(AdditionalFields.AvSignatureDataRefreshTime), \nAvSignaturePublishTime = todatetime(AdditionalFields.AvSignaturePublishTime),\nAvSignatureVersion =  tostring(AdditionalFields.AvSignatureVersion)  \n| extend AvIsSignatureUpToDate = iif(((((isempty(AvIsSignatureUpToDateTemp)\nor (isnull(AvSignatureDataRefreshTime)))\nor (isnull(AvSignaturePublishTime)))\nor (AvSignaturePublishTime < expiringPublishdate))\nor (AvIsSignatureUpToDateTemp == True\nand AvSignaturePublishTime < expiringPublishdate)), \"Unknown\", tostring(AvIsSignatureUpToDateTemp))\n| extend AvSecurityIntelVersion = iif(AvSignatureVersion == \"\", \"Unknown\", AvSignatureVersion)\n| project DeviceId, DeviceName, OSPlatform, AvSecurityIntelVersion,  DataRefreshTimestamp, AvIsSignatureUpToDate, AvSignaturePublishTime, AvSignatureDataRefreshTime\n| summarize DeviceCount = count(), DataRefreshTimestamp = max(DataRefreshTimestamp), SecurityIntelUpToDateDeviceCount = countif(AvIsSignatureUpToDate == \"true\"), SecurityIntelNotUpToDateDeviceCount = countif(AvIsSignatureUpToDate == \"false\"), SecurityIntelNotAvailableDeviceCount = countif(AvIsSignatureUpToDate == \"Unknown\") by OSPlatform,AvSecurityIntelVersion\n",
                        "version": 2,
                        "tags": [
                          {
                            "name": "description",
                            "value": "'Provides the Security Intelligence version and total count of up to date devices, not up to date devices and count of devices whose status is not available relevant to the security intelligence version.'\n"
                          }
                        ]
                      }
                    },
                    {
                      "type": "Microsoft.OperationalInsights/workspaces/providers/metadata",
                      "apiVersion": "2021-03-01-preview",
                      "name": "[concat(parameters('workspace'),'/Microsoft.SecurityInsights/',concat('huntingQuery-', '0F2179FB-BACC-4B71-80B3-29DE436E965C'))]",
                      "properties": {
                        "description": "'Provides the Security Intelligence version and total count of up to date devices, not up to date devices and count of devices whose status is not available relevant to the security intelligence version.'\n",
                        "version": "1.0.0",
                        "author": {
                          "name": "Community"
                        },
                        "support": {
                          "name": "Community",
                          "link": "https://github.com/Azure/Azure-Sentinel/issues",
                          "tier": "Community"
                        },
                        "source": {
                          "kind": "Community",
                          "name": "Standalone"
                        },
                        "threatAnalysisTactics": [],
                        "threatAnalyticsTechniques": [],
                        "contentId": "0F2179FB-BACC-4B71-80B3-29DE436E965C",
                        "parentId": "0F2179FB-BACC-4B71-80B3-29DE436E965C",
                        "kind": "HuntingQuery"
                      }
                    }
                  ]
                }
              }
            }
          ]
        },
        "author": {
          "name": "Community"
        },
        "dependencies": {
          "operator": "AND",
          "criteria": [
            {
              "contentId": "0F2179FB-BACC-4B71-80B3-29DE436E965C",
              "kind": "HuntingQuery"
            }
          ]
        },
        "description": "'Provides the Security Intelligence version and total count of up to date devices, not up to date devices and count of devices whose status is not available relevant to the security intelligence version.'\n",
        "displayName": "Microsoft Defender AV Security Intelligence up to date information",
        "packageId": "0F2179FB-BACC-4B71-80B3-29DE436E965C",
        "source": {
          "kind": "Community",
          "name": "Standalone"
        },
        "support": {
          "name": "Community",
          "link": "https://github.com/Azure/Azure-Sentinel/issues",
          "tier": "Community"
        },
        "threatAnalysisTactics": [],
        "threatAnalyticsTechniques": [],
        "version": "1.0.0"
      },
      "name": "0F2179FB-BACC-4B71-80B3-29DE436E965C"
    }
  ]
}