{
  "$schema": "https://schema.management.azure.com/schemas/2019-04-01/deploymentTemplate.json#",
  "parameters": {
    "location": {
      "type": "string",
      "minLength": 1,
      "defaultValue": "[resourceGroup().location]",
      "metadata": {
        "description": "Not used, but needed to pass arm-ttk test `Location-Should-Not-Be-Hardcoded`.  We instead use the `workspace-location` which is derived from the LA workspace"
      }
    },
    "workspace-location": {
      "type": "string",
      "defaultValue": "",
      "metadata": {
        "description": "[concat('Region to deploy solution resources -- separate from location selection',parameters('location'))]"
      }
    },
    "workspace": {
      "defaultValue": "",
      "type": "string",
      "metadata": {
        "description": "Workspace name for Log Analytics where Microsoft Sentinel is setup"
      }
    }
  },
  "variables": {},
  "resources": [
    {
      "type": "Microsoft.OperationalInsights/workspaces/providers/packages",
      "location": "[parameters('workspace-location')]",
      "apiVersion": "2022-08-01",
      "properties": {
        "packageKind": "Standalone",
        "packageItems": {
          "resources": [
            {
              "type": "Microsoft.OperationalInsights/workspaces/providers/contentTemplates",
              "name": "[concat(parameters('workspace'),'/Microsoft.SecurityInsights/', 'ce74dc9a-cb3c-4081-8c2f-7d39f6b7bae1')]",
              "location": "[parameters('workspace-location')]",
              "apiVersion": "2022-08-01",
              "properties": {
                "contentId": "ce74dc9a-cb3c-4081-8c2f-7d39f6b7bae1",
                "displayName": "Identify MERCURY powershell commands",
                "contentKind": "AnalyticsRule",
                "mainTemplate": {
                  "$schema": "https://schema.management.azure.com/schemas/2019-04-01/deploymentTemplate.json#",
                  "contentVersion": "1.0.0",
                  "resources": [
                    {
                      "type": "Microsoft.OperationalInsights/workspaces/providers/alertRules",
                      "apiVersion": "2022-04-01-preview",
                      "name": "[concat(parameters('workspace'),'/Microsoft.SecurityInsights/', '' )]",
                      "kind": "Scheduled",
                      "location": "[parameters('workspace-location')]",
                      "properties": {
                        "description": "The query below identifies powershell commands used by the threat actor Mercury.\nReference:  https://www.microsoft.com/security/blog/2022/08/25/mercury-leveraging-log4j-2-vulnerabilities-in-unpatched-systems-to-target-israeli-organizations/",
                        "displayName": "Identify MERCURY powershell commands",
                        "enabled": false,
                        "query": "(union isfuzzy=true\n(SecurityEvent\n| where EventID == 4688\n| where Process has_any (\"powershell.exe\",\"powershell_ise.exe\",\"pwsh.exe\") and CommandLine has_cs \"-exec bypass -w 1 -enc\"\n| where CommandLine  contains_cs \"UwB0AGEAcgB0AC0ASgBvAGIAIAAtAFMAYwByAGkAcAB0AEIAbABvAGMAawAgAHsAKABzAGEAcABzACAAKAAiAHAA\"\n| extend timestamp = TimeGenerated, AccountCustomEntity = Account, HostCustomEntity = Computer, ProcessCustomEntity = Process\n),\n(DeviceProcessEvents\n| where FileName =~ \"powershell.exe\" and ProcessCommandLine has_cs \"-exec bypass -w 1 -enc\"  \n| where ProcessCommandLine contains_cs \"UwB0AGEAcgB0AC0ASgBvAGIAIAAtAFMAYwByAGkAcAB0AEIAbABvAGMAawAgAHsAKABzAGEAcABzACAAKAAiAHAA\" \n| extend timestamp = TimeGenerated, AccountCustomEntity = AccountName, HostCustomEntity = DeviceName, ProcessCustomEntity = InitiatingProcessFileName\n),\n(imProcessCreate\n| where Process has_any (\"powershell.exe\",\"powershell_ise.exe\",\"pwsh.exe\") and CommandLine has_cs \"-exec bypass -w 1 -enc\"\n| where CommandLine  contains_cs \"UwB0AGEAcgB0AC0ASgBvAGIAIAAtAFMAYwByAGkAcAB0AEIAbABvAGMAawAgAHsAKABzAGEAcABzACAAKAAiAHAA\"\n| extend timestamp = TimeGenerated, AccountCustomEntity = ActorUsername, HostCustomEntity = DvcHostname, ProcessCustomEntity = Process\n)\n)\n",
                        "queryFrequency": "P1D",
                        "queryPeriod": "P1D",
                        "severity": "High",
                        "suppressionDuration": "PT1H",
                        "suppressionEnabled": false,
                        "triggerOperator": "GreaterThan",
                        "triggerThreshold": 0,
                        "tactics": [
                          "LateralMovement"
                        ],
                        "entityMappings": [
                          {
                            "entityType": "Account",
                            "fieldMappings": [
                              {
                                "columnName": "AccountCustomEntity",
                                "identifier": "FullName"
                              }
                            ]
                          },
                          {
                            "entityType": "Host",
                            "fieldMappings": [
                              {
                                "columnName": "HostCustomEntity",
                                "identifier": "FullName"
                              }
                            ]
                          },
                          {
                            "entityType": "Process",
                            "fieldMappings": [
                              {
                                "columnName": "ProcessCustomEntity",
                                "identifier": "ProcessId"
                              }
                            ]
                          }
                        ]
                      }
                    },
                    {
                      "type": "Microsoft.OperationalInsights/workspaces/providers/metadata",
                      "apiVersion": "2021-03-01-preview",
                      "name": "[concat(parameters('workspace'),'/Microsoft.SecurityInsights/', '')]",
                      "properties": {
                        "description": "'The query below identifies powershell commands used by the threat actor Mercury.\nReference:  https://www.microsoft.com/security/blog/2022/08/25/mercury-leveraging-log4j-2-vulnerabilities-in-unpatched-systems-to-target-israeli-organizations/'\n",
                        "contentId": "ce74dc9a-cb3c-4081-8c2f-7d39f6b7bae1",
                        "version": "1.0.0",
                        "source": {
                          "kind": "Community"
                        },
                        "threatAnalysisTactics": [
                          "LateralMovement"
                        ],
                        "threatAnalyticsTechniques": [
                          "T1570"
                        ],
                        "parentId": "ce74dc9a-cb3c-4081-8c2f-7d39f6b7bae1",
                        "kind": "AnalyticsRule",
                        "dependencies": {
                          "operator": "AND",
                          "criteria": [
                            {
                              "contentId": "SecurityEvent",
                              "kind": "DataType"
                            },
                            {
                              "contentId": "DeviceProcessEvents",
                              "kind": "DataType"
                            }
                          ]
                        }
                      }
                    }
                  ]
                }
              }
            }
          ]
        },
        "contentId": "ce74dc9a-cb3c-4081-8c2f-7d39f6b7bae1",
        "dependencies": {
          "operator": "AND",
          "criteria": [
            {
              "contentId": "ce74dc9a-cb3c-4081-8c2f-7d39f6b7bae1",
              "kind": "AnalyticsRule"
            }
          ]
        },
        "description": "'The query below identifies powershell commands used by the threat actor Mercury.\nReference:  https://www.microsoft.com/security/blog/2022/08/25/mercury-leveraging-log4j-2-vulnerabilities-in-unpatched-systems-to-target-israeli-organizations/'\n",
        "displayName": "Identify MERCURY powershell commands",
        "source": {
          "kind": "Community"
        },
        "threatAnalysisTactics": [
          "LateralMovement"
        ],
        "threatAnalyticsTechniques": [
          "T1570"
        ],
        "version": "1.0.0"
      },
      "name": "[concat(parameters('workspace'),'/Microsoft.SecurityInsights/', 'ce74dc9a-cb3c-4081-8c2f-7d39f6b7bae1')]"
    }
  ]
}