{
  "$schema": "https://schema.management.azure.com/schemas/2019-04-01/deploymentTemplate.json#",
  "parameters": {
    "location": {
      "type": "string",
      "minLength": 1,
      "defaultValue": "[resourceGroup().location]",
      "metadata": {
        "description": "Not used, but needed to pass arm-ttk test `Location-Should-Not-Be-Hardcoded`.  We instead use the `workspace-location` which is derived from the LA workspace"
      }
    },
    "workspace-location": {
      "type": "string",
      "defaultValue": "",
      "metadata": {
        "description": "[concat('Region to deploy solution resources -- separate from location selection',parameters('location'))]"
      }
    },
    "workspace": {
      "defaultValue": "",
      "type": "string",
      "metadata": {
        "description": "Workspace name for Log Analytics where Microsoft Sentinel is setup"
      }
    }
  },
  "variables": {},
  "resources": [
    {
      "type": "Microsoft.OperationalInsights/workspaces/providers/packages",
      "location": "[parameters('workspace-location')]",
      "apiVersion": "2022-08-01",
      "properties": {
        "packageKind": "Standalone",
        "packageItems": {
          "resources": [
            {
              "type": "Microsoft.OperationalInsights/workspaces/providers/contentTemplates",
              "name": "[concat(parameters('workspace'),'/Microsoft.SecurityInsights/', '01dacb6d-4964-42a5-b248-516fc40d605d')]",
              "location": "[parameters('workspace-location')]",
              "kind": "shared",
              "apiVersion": "2022-08-01",
              "properties": {
                "contentId": "01dacb6d-4964-42a5-b248-516fc40d605d",
                "displayName": "ExploitGuardControlledFolderAccess (2)",
                "contentKind": "HuntingQuery",
                "mainTemplate": {
                  "$schema": "https://schema.management.azure.com/schemas/2019-04-01/deploymentTemplate.json#",
                  "contentVersion": "1.0.0",
                  "resources": [
                    {
                      "type": "Microsoft.OperationalInsights/savedSearches",
                      "apiVersion": "2020-08-01",
                      "name": "01dacb6d-4964-42a5-b248-516fc40d605d",
                      "location": "[parameters('workspace-location')]",
                      "properties": {
                        "eTag": "*",
                        "displayName": "ExploitGuardControlledFolderAccess (2)",
                        "category": "Hunting Queries",
                        "query": "// Exploit Guard Controlled Folder Access details\nDeviceEvents \n| where ActionType contains \"ControlledFolderAccess\"\n| extend JsonOut = parse_json(AdditionalFields)\n| sort by Timestamp desc \n| project Timestamp, DeviceName, InitiatingProcessAccountName, ActionType,  \n         FileName, FolderPath, RemoteUrl, ProcessCommandLine, InitiatingProcessCommandLine,\n         JsonOut.IsAudit,JsonOut.Uri,JsonOut.RuleId,JsonOut.ActivityId\n",
                        "version": 2,
                        "tags": [
                          {
                            "name": "description",
                            "value": "Total Controlled Folder Access events.\n"
                          }
                        ]
                      }
                    },
                    {
                      "type": "Microsoft.OperationalInsights/workspaces/providers/metadata",
                      "apiVersion": "2021-03-01-preview",
                      "name": "[concat(parameters('workspace'),'/Microsoft.SecurityInsights/',concat('huntingQuery-', '01dacb6d-4964-42a5-b248-516fc40d605d'))]",
                      "properties": {
                        "description": "Total Controlled Folder Access events.\n",
                        "contentId": "01dacb6d-4964-42a5-b248-516fc40d605d",
                        "version": "1.0.0",
                        "source": {
                          "kind": "Community"
                        },
                        "parentId": "01dacb6d-4964-42a5-b248-516fc40d605d",
                        "kind": "HuntingQuery",
                        "dependencies": {
                          "operator": "AND",
                          "criteria": [
                            {
                              "contentId": "DeviceEvents",
                              "kind": "DataType"
                            }
                          ]
                        }
                      }
                    }
                  ]
                }
              }
            }
          ]
        },
        "contentId": "01dacb6d-4964-42a5-b248-516fc40d605d",
        "dependencies": {
          "operator": "AND",
          "criteria": [
            {
              "contentId": "01dacb6d-4964-42a5-b248-516fc40d605d",
              "kind": "HuntingQuery"
            }
          ]
        },
        "description": "Total Controlled Folder Access events.\n",
        "displayName": "ExploitGuardControlledFolderAccess (2)",
        "source": {
          "kind": "Community"
        },
        "version": "1.0.0"
      },
      "name": "[concat(parameters('workspace'),'/Microsoft.SecurityInsights/', '01dacb6d-4964-42a5-b248-516fc40d605d')]"
    }
  ]
}