{
  "$schema": "https://schema.management.azure.com/schemas/2019-04-01/deploymentTemplate.json#",
  "parameters": {
    "location": {
      "type": "string",
      "minLength": 1,
      "defaultValue": "[resourceGroup().location]",
      "metadata": {
        "description": "Not used, but needed to pass arm-ttk test `Location-Should-Not-Be-Hardcoded`.  We instead use the `workspace-location` which is derived from the LA workspace"
      }
    },
    "workspace-location": {
      "type": "string",
      "defaultValue": "",
      "metadata": {
        "description": "[concat('Region to deploy solution resources -- separate from location selection',parameters('location'))]"
      }
    },
    "workspace": {
      "defaultValue": "",
      "type": "string",
      "metadata": {
        "description": "Workspace name for Log Analytics where Microsoft Sentinel is setup"
      }
    }
  },
  "variables": {},
  "resources": [
    {
      "type": "Microsoft.OperationalInsights/workspaces/providers/packages",
      "location": "[parameters('workspace-location')]",
      "apiVersion": "2022-08-01",
      "properties": {
        "packageKind": "Standalone",
        "packageItems": {
          "resources": [
            {
              "type": "Microsoft.OperationalInsights/workspaces/providers/contentTemplates",
              "name": "[concat(parameters('workspace'),'/Microsoft.SecurityInsights/', 'b9e3b9f8-a406-4151-9891-e5ff1ddd8c1d')]",
              "location": "[parameters('workspace-location')]",
              "apiVersion": "2022-08-01",
              "properties": {
                "contentId": "b9e3b9f8-a406-4151-9891-e5ff1ddd8c1d",
                "displayName": "Linked Malicious Storage Artifacts",
                "contentKind": "AnalyticsRule",
                "mainTemplate": {
                  "$schema": "https://schema.management.azure.com/schemas/2019-04-01/deploymentTemplate.json#",
                  "contentVersion": "1.0.0",
                  "resources": [
                    {
                      "type": "Microsoft.OperationalInsights/workspaces/providers/alertRules",
                      "apiVersion": "2022-04-01-preview",
                      "name": "[concat(parameters('workspace'),'/Microsoft.SecurityInsights/', '' )]",
                      "kind": "Scheduled",
                      "location": "[parameters('workspace-location')]",
                      "properties": {
                        "description": "An IP address which uploaded malicious content to an Azure Blob or File Storage container (triggering a malware alert) also uploaded additional files.",
                        "displayName": "Linked Malicious Storage Artifacts",
                        "enabled": false,
                        "query": "\n//Collect the alert events\nlet alertData = SecurityAlert \n| where DisplayName has \"Potential malware uploaded to\" \n| extend Entities = parse_json(Entities) \n| mv-expand Entities;\n//Parse the IP address data\nlet ipData = alertData \n| where Entities['Type'] =~ \"ip\" \n| extend AttackerIP = tostring(Entities['Address']), AttackerCountry = tostring(Entities['Location']['CountryName']);\n//Parse the file data\nlet FileData = alertData \n| where Entities['Type'] =~ \"file\" \n| extend MaliciousFileDirectory = tostring(Entities['Directory']), MaliciousFileName = tostring(Entities['Name']), MaliciousFileHashes = tostring(Entities['FileHashes']);\n//Combine the File and IP data together\nipData \n| join (FileData) on VendorOriginalId \n| summarize by TimeGenerated, AttackerIP, AttackerCountry, DisplayName, ResourceId, AlertType, MaliciousFileDirectory, MaliciousFileName, MaliciousFileHashes\n//Create a type column so we can track if it was a File storage or blobl storage upload \n| extend type = iff(DisplayName has \"file\", \"File\", \"Blob\") \n| join (\n  union\n  StorageFileLogs, \n  StorageBlobLogs \n  //File upload operations \n  | where OperationName =~ \"PutBlob\" or OperationName =~ \"PutRange\"\n  //Parse out the uploader IP \n  | extend ClientIP = tostring(split(CallerIpAddress, \":\", 0)[0])\n  //Extract the filename from the Uri \n  | extend FileName = extract(@\"\\/([\\w\\-. ]+)\\?\", 1, Uri)\n  //Base64 decode the MD5 filehash, we will encounter non-ascii hex so string operations don't work\n  //We can work around this by making it an array then converting it to hex from an int \n  | extend base64Char = base64_decode_toarray(ResponseMd5) \n  | mv-expand base64Char \n  | extend hexChar = tohex(toint(base64Char))\n  | extend hexChar = iff(strlen(hexChar) < 2, strcat(\"0\", hexChar), hexChar) \n  | extend SourceTable = iff(OperationName has \"range\", \"StorageFileLogs\", \"StorageBlobLogs\") \n  | summarize make_list(hexChar) by CorrelationId, ResponseMd5, FileName, AccountName, TimeGenerated, RequestBodySize, ClientIP, SourceTable \n  | extend Md5Hash = strcat_array(list_hexChar, \"\")\n  //Pack the file information the summarise into a ClientIP row \n  | extend p = pack(\"FileName\", FileName, \"FileSize\", RequestBodySize, \"Md5Hash\", Md5Hash, \"Time\", TimeGenerated, \"SourceTable\", SourceTable) \n  | summarize UploadedFileInfo=make_list(p), FilesUploaded=count() by ClientIP \n      | join kind=leftouter (\n        union\n        StorageFileLogs,\n        StorageBlobLogs               \n        | where OperationName =~ \"DeleteFile\" or OperationName =~ \"DeleteBlob\"         \n        | extend ClientIP = tostring(split(CallerIpAddress, \":\", 0)[0])         \n        | extend FileName = extract(@\"\\/([\\w\\-. ]+)\\?\", 1, Uri)         \n        | extend SourceTable = iff(OperationName has \"range\", \"StorageFileLogs\", \"StorageBlobLogs\")         \n        | extend p = pack(\"FileName\", FileName, \"Time\", TimeGenerated, \"SourceTable\", SourceTable)         \n        | summarize DeletedFileInfo=make_list(p), FilesDeleted=count() by ClientIP\n        ) on ClientIP\n  ) on $left.AttackerIP == $right.ClientIP \n| mvexpand UploadedFileInfo \n| extend LinkedMaliciousFileName = UploadedFileInfo.FileName \n| extend LinkedMaliciousFileHash = UploadedFileInfo.Md5Hash     \n| project AlertTimeGenerated = TimeGenerated, tostring(LinkedMaliciousFileName), tostring(LinkedMaliciousFileHash), AlertType, AttackerIP, AttackerCountry, MaliciousFileDirectory, MaliciousFileName, FilesUploaded, UploadedFileInfo \n| extend FileHashCustomEntity = LinkedMaliciousFileName, HashAlgorithm = \"MD5\", IPCustomEntity = AttackerIP\n",
                        "queryFrequency": "P1D",
                        "queryPeriod": "P1D",
                        "severity": "Medium",
                        "suppressionDuration": "PT1H",
                        "suppressionEnabled": false,
                        "triggerOperator": "GreaterThan",
                        "triggerThreshold": 0,
                        "tactics": [
                          "CommandAndControl",
                          "Exfiltration"
                        ],
                        "entityMappings": [
                          {
                            "entityType": "IP",
                            "fieldMappings": [
                              {
                                "columnName": "IPCustomEntity",
                                "identifier": "Address"
                              }
                            ]
                          },
                          {
                            "entityType": "FileHash",
                            "fieldMappings": [
                              {
                                "columnName": "HashAlgorithm",
                                "identifier": "Algorithm"
                              },
                              {
                                "columnName": "FileHashCustomEntity",
                                "identifier": "Value"
                              }
                            ]
                          }
                        ]
                      }
                    },
                    {
                      "type": "Microsoft.OperationalInsights/workspaces/providers/metadata",
                      "apiVersion": "2021-03-01-preview",
                      "name": "[concat(parameters('workspace'),'/Microsoft.SecurityInsights/', '')]",
                      "properties": {
                        "description": "'An IP address which uploaded malicious content to an Azure Blob or File Storage container (triggering a malware alert) also uploaded additional files.'\n",
                        "contentId": "b9e3b9f8-a406-4151-9891-e5ff1ddd8c1d",
                        "version": "1.0.0",
                        "source": {
                          "kind": "Community"
                        },
                        "threatAnalysisTactics": [
                          "CommandAndControl",
                          "Exfiltration"
                        ],
                        "threatAnalyticsTechniques": [
                          "T1071",
                          "T1567"
                        ],
                        "parentId": "b9e3b9f8-a406-4151-9891-e5ff1ddd8c1d",
                        "kind": "AnalyticsRule",
                        "dependencies": {
                          "operator": "AND",
                          "criteria": [
                            {
                              "contentId": "SecurityAlert",
                              "kind": "DataType"
                            }
                          ]
                        }
                      }
                    }
                  ]
                }
              }
            }
          ]
        },
        "contentId": "b9e3b9f8-a406-4151-9891-e5ff1ddd8c1d",
        "dependencies": {
          "operator": "AND",
          "criteria": [
            {
              "contentId": "b9e3b9f8-a406-4151-9891-e5ff1ddd8c1d",
              "kind": "AnalyticsRule"
            }
          ]
        },
        "description": "'An IP address which uploaded malicious content to an Azure Blob or File Storage container (triggering a malware alert) also uploaded additional files.'\n",
        "displayName": "Linked Malicious Storage Artifacts",
        "source": {
          "kind": "Community"
        },
        "threatAnalysisTactics": [
          "CommandAndControl",
          "Exfiltration"
        ],
        "threatAnalyticsTechniques": [
          "T1071",
          "T1567"
        ],
        "version": "1.0.0"
      },
      "name": "[concat(parameters('workspace'),'/Microsoft.SecurityInsights/', 'b9e3b9f8-a406-4151-9891-e5ff1ddd8c1d')]"
    }
  ]
}