{
  "$schema": "https://schema.management.azure.com/schemas/2019-04-01/deploymentTemplate.json#",
  "parameters": {
    "location": {
      "type": "string",
      "minLength": 1,
      "defaultValue": "[resourceGroup().location]",
      "metadata": {
        "description": "Not used, but needed to pass arm-ttk test `Location-Should-Not-Be-Hardcoded`.  We instead use the `workspace-location` which is derived from the LA workspace"
      }
    },
    "workspace-location": {
      "type": "string",
      "defaultValue": "",
      "metadata": {
        "description": "[concat('Region to deploy solution resources -- separate from location selection',parameters('location'))]"
      }
    },
    "workspace": {
      "defaultValue": "",
      "type": "string",
      "metadata": {
        "description": "Workspace name for Log Analytics where Microsoft Sentinel is setup"
      }
    }
  },
  "variables": {},
  "resources": [
    {
      "type": "Microsoft.OperationalInsights/workspaces/providers/packages",
      "location": "[parameters('workspace-location')]",
      "apiVersion": "2022-08-01",
      "properties": {
        "packageKind": "Standalone",
        "packageItems": {
          "resources": [
            {
              "type": "Microsoft.OperationalInsights/workspaces/providers/contentTemplates",
              "name": "[concat(parameters('workspace'),'/Microsoft.SecurityInsights/', '1f80f1cf-97e1-4fb8-ad5a-e573fac7b9e3')]",
              "location": "[parameters('workspace-location')]",
              "kind": "shared",
              "apiVersion": "2022-08-01",
              "properties": {
                "contentId": "1f80f1cf-97e1-4fb8-ad5a-e573fac7b9e3",
                "displayName": "File footprint (1)",
                "contentKind": "HuntingQuery",
                "mainTemplate": {
                  "$schema": "https://schema.management.azure.com/schemas/2019-04-01/deploymentTemplate.json#",
                  "contentVersion": "1.0.0",
                  "resources": [
                    {
                      "type": "Microsoft.OperationalInsights/savedSearches",
                      "apiVersion": "2020-08-01",
                      "name": "1f80f1cf-97e1-4fb8-ad5a-e573fac7b9e3",
                      "location": "[parameters('workspace-location')]",
                      "properties": {
                        "eTag": "*",
                        "displayName": "File footprint (1)",
                        "category": "Hunting Queries",
                        "query": "// Query # 2 - Shows you a list of distinct IP addresses and DNS names the endpoint had network communication with through a specific file. \n// Use this list to whitelist/blacklist IP addresses or understand if there are communication with IP you are not aware of.\n// Update the filename to the name you wish to investigate network communication.\nlet filename = \"FILENAME GOES HERE\";\n// Builds table for distinct URLs based off filename\nDeviceNetworkEvents \n| where InitiatingProcessFileName =~ filename and ( isnotempty(RemoteIP) or isnotempty(RemoteUrl) )\n| project DNS=RemoteUrl, IP=RemoteIP\n| distinct IP, DNS\n",
                        "version": 2,
                        "tags": [
                          {
                            "name": "description",
                            "value": "Query #1 - Find the machines on which this file was seen.\nTODO - set file hash to be a SHA1 hash of your choice...\n"
                          }
                        ]
                      }
                    },
                    {
                      "type": "Microsoft.OperationalInsights/workspaces/providers/metadata",
                      "apiVersion": "2021-03-01-preview",
                      "name": "[concat(parameters('workspace'),'/Microsoft.SecurityInsights/',concat('huntingQuery-', '1f80f1cf-97e1-4fb8-ad5a-e573fac7b9e3'))]",
                      "properties": {
                        "description": "Query #1 - Find the machines on which this file was seen.\nTODO - set file hash to be a SHA1 hash of your choice...\n",
                        "contentId": "1f80f1cf-97e1-4fb8-ad5a-e573fac7b9e3",
                        "version": "1.0.0",
                        "source": {
                          "kind": "Community"
                        },
                        "parentId": "1f80f1cf-97e1-4fb8-ad5a-e573fac7b9e3",
                        "kind": "HuntingQuery",
                        "dependencies": {
                          "operator": "AND",
                          "criteria": [
                            {
                              "contentId": "DeviceNetworkEvents",
                              "kind": "DataType"
                            }
                          ]
                        }
                      }
                    }
                  ]
                }
              }
            }
          ]
        },
        "contentId": "1f80f1cf-97e1-4fb8-ad5a-e573fac7b9e3",
        "dependencies": {
          "operator": "AND",
          "criteria": [
            {
              "contentId": "1f80f1cf-97e1-4fb8-ad5a-e573fac7b9e3",
              "kind": "HuntingQuery"
            }
          ]
        },
        "description": "Query #1 - Find the machines on which this file was seen.\nTODO - set file hash to be a SHA1 hash of your choice...\n",
        "displayName": "File footprint (1)",
        "source": {
          "kind": "Community"
        },
        "version": "1.0.0"
      },
      "name": "[concat(parameters('workspace'),'/Microsoft.SecurityInsights/', '1f80f1cf-97e1-4fb8-ad5a-e573fac7b9e3')]"
    }
  ]
}