{
  "$schema": "https://schema.management.azure.com/schemas/2019-04-01/deploymentTemplate.json#",
  "contentVersion": "1.0.0.0",
  "parameters": {
    "location": {
      "type": "string",
      "minLength": 1,
      "defaultValue": "[resourceGroup().location]",
      "metadata": {
        "description": "Not used, but needed to pass arm-ttk test `Location-Should-Not-Be-Hardcoded`.  We instead use the `workspace-location` which is derived from the LA workspace"
      }
    },
    "workspace-location": {
      "type": "string",
      "defaultValue": "",
      "metadata": {
        "description": "[concat('Region to deploy solution resources -- separate from location selection',parameters('location'))]"
      }
    },
    "workspace": {
      "defaultValue": "",
      "type": "string",
      "metadata": {
        "description": "Workspace name for Log Analytics where Microsoft Sentinel is setup"
      }
    }
  },
  "variables": {},
  "resources": [
    {
      "type": "Microsoft.OperationalInsights/workspaces/providers/packages",
      "location": "[parameters('workspace-location')]",
      "apiVersion": "2022-08-01",
      "properties": {
        "packageKind": "Standalone",
        "packageItems": {
          "resources": [
            {
              "type": "Microsoft.OperationalInsights/workspaces/providers/contentTemplates",
              "name": "[concat(parameters('workspace'),'/Microsoft.SecurityInsights/', '141a3be6-be08-4519-9698-2fc908f6761c')]",
              "location": "[parameters('workspace-location')]",
              "kind": "shared",
              "apiVersion": "2022-08-01",
              "properties": {
                "contentId": "141a3be6-be08-4519-9698-2fc908f6761c",
                "displayName": "Suspected ProxyToken Exploitation",
                "contentKind": "HuntingQuery",
                "mainTemplate": {
                  "$schema": "https://schema.management.azure.com/schemas/2019-04-01/deploymentTemplate.json#",
                  "contentVersion": "1.0.0",
                  "resources": [
                    {
                      "type": "Microsoft.OperationalInsights/savedSearches",
                      "apiVersion": "2020-08-01",
                      "name": "141a3be6-be08-4519-9698-2fc908f6761c",
                      "location": "[parameters('workspace-location')]",
                      "properties": {
                        "eTag": "*",
                        "displayName": "Suspected ProxyToken Exploitation",
                        "category": "Hunting Queries",
                        "query": "W3CIISLog\n//Exclude local addresses, using the ipv4_is_private operator\n| where ipv4_is_private(cIP) == false and  cIP !startswith \"fe80\" and cIP !startswith \"::\" and cIP !startswith \"127.\"\n| where csMethod =~ \"POST\"\n| where csUriStem has \"/ecp\"\n| where isnotempty(csCookie) and csCookie has \"SecurityToken\"\n| where csUriQuery has \"msExchEcpCanary\"\n| extend timestamp=TimeGenerated, HostCustomEntity=Computer, IPCustomEntity=cIP\n",
                        "version": 2,
                        "tags": [
                          {
                            "name": "description",
                            "value": "'Looks for activity that might indicate exploitation of the ProxyToken vulnerability - CVE-2021-33766\nRef: https://www.zerodayinitiative.com/blog/2021/8/30/proxytoken-an-authentication-bypass-in-microsoft-exchange-server'\n"
                          },
                          {
                            "name": "techniques",
                            "value": ""
                          },
                          {
                            "name": "tactics",
                            "value": "InitialAccess"
                          }
                        ]
                      }
                    },
                    {
                      "type": "Microsoft.OperationalInsights/workspaces/providers/metadata",
                      "apiVersion": "2021-03-01-preview",
                      "name": "[concat(parameters('workspace'),'/Microsoft.SecurityInsights/',concat('huntingQuery-', '141a3be6-be08-4519-9698-2fc908f6761c'))]",
                      "properties": {
                        "description": "'Looks for activity that might indicate exploitation of the ProxyToken vulnerability - CVE-2021-33766\nRef: https://www.zerodayinitiative.com/blog/2021/8/30/proxytoken-an-authentication-bypass-in-microsoft-exchange-server'\n",
                        "version": "1.0.0",
                        "author": {
                          "name": "Community"
                        },
                        "support": {
                          "name": "Community",
                          "link": "https://github.com/Azure/Azure-Sentinel/issues",
                          "tier": "Community"
                        },
                        "source": {
                          "kind": "Community",
                          "name": "Standalone"
                        },
                        "threatAnalysisTactics": [
                          "InitialAccess"
                        ],
                        "threatAnalyticsTechniques": [
                          "T1190"
                        ],
                        "contentId": "141a3be6-be08-4519-9698-2fc908f6761c",
                        "parentId": "141a3be6-be08-4519-9698-2fc908f6761c",
                        "kind": "HuntingQuery",
                        "dependencies": {
                          "operator": "AND",
                          "criteria": [
                            {
                              "contentId": "W3CIISLog",
                              "kind": "DataType"
                            }
                          ]
                        }
                      }
                    }
                  ]
                }
              }
            }
          ]
        },
        "author": {
          "name": "Community"
        },
        "dependencies": {
          "operator": "AND",
          "criteria": [
            {
              "contentId": "141a3be6-be08-4519-9698-2fc908f6761c",
              "kind": "HuntingQuery"
            }
          ]
        },
        "description": "'Looks for activity that might indicate exploitation of the ProxyToken vulnerability - CVE-2021-33766\nRef: https://www.zerodayinitiative.com/blog/2021/8/30/proxytoken-an-authentication-bypass-in-microsoft-exchange-server'\n",
        "displayName": "Suspected ProxyToken Exploitation",
        "packageId": "141a3be6-be08-4519-9698-2fc908f6761c",
        "source": {
          "kind": "Community",
          "name": "Standalone"
        },
        "support": {
          "name": "Community",
          "link": "https://github.com/Azure/Azure-Sentinel/issues",
          "tier": "Community"
        },
        "threatAnalysisTactics": [
          "InitialAccess"
        ],
        "threatAnalyticsTechniques": [
          "T1190"
        ],
        "version": "1.0.0"
      },
      "name": "141a3be6-be08-4519-9698-2fc908f6761c"
    }
  ]
}