{
  "$schema": "https://schema.management.azure.com/schemas/2019-04-01/deploymentTemplate.json#",
  "contentVersion": "1.0.0.0",
  "parameters": {
    "location": {
      "type": "string",
      "minLength": 1,
      "defaultValue": "[resourceGroup().location]",
      "metadata": {
        "description": "Not used, but needed to pass arm-ttk test `Location-Should-Not-Be-Hardcoded`.  We instead use the `workspace-location` which is derived from the LA workspace"
      }
    },
    "workspace-location": {
      "type": "string",
      "defaultValue": "",
      "metadata": {
        "description": "[concat('Region to deploy solution resources -- separate from location selection',parameters('location'))]"
      }
    },
    "workspace": {
      "defaultValue": "",
      "type": "string",
      "metadata": {
        "description": "Workspace name for Log Analytics where Microsoft Sentinel is setup"
      }
    }
  },
  "variables": {},
  "resources": [
    {
      "type": "Microsoft.OperationalInsights/workspaces/providers/packages",
      "location": "[parameters('workspace-location')]",
      "apiVersion": "2022-08-01",
      "properties": {
        "packageKind": "Standalone",
        "packageItems": {
          "resources": [
            {
              "type": "Microsoft.OperationalInsights/workspaces/providers/contentTemplates",
              "name": "[concat(parameters('workspace'),'/Microsoft.SecurityInsights/', '0ec8d8df-2a7f-4cc0-9bd4-64d8f5103e3b')]",
              "location": "[parameters('workspace-location')]",
              "kind": "shared",
              "apiVersion": "2022-08-01",
              "properties": {
                "contentId": "0ec8d8df-2a7f-4cc0-9bd4-64d8f5103e3b",
                "displayName": "qakbot-campaign-self-deletion",
                "contentKind": "HuntingQuery",
                "mainTemplate": {
                  "$schema": "https://schema.management.azure.com/schemas/2019-04-01/deploymentTemplate.json#",
                  "contentVersion": "1.0.0",
                  "resources": [
                    {
                      "type": "Microsoft.OperationalInsights/savedSearches",
                      "apiVersion": "2020-08-01",
                      "name": "0ec8d8df-2a7f-4cc0-9bd4-64d8f5103e3b",
                      "location": "[parameters('workspace-location')]",
                      "properties": {
                        "eTag": "*",
                        "displayName": "qakbot-campaign-self-deletion",
                        "category": "Hunting Queries",
                        "query": "DeviceProcessEvents \n| where FileName =~ \"ping.exe\"\n| where InitiatingProcessFileName =~ \"cmd.exe\"\n| where InitiatingProcessCommandLine has \"calc.exe\" and\nInitiatingProcessCommandLine has \"-n 6\" \nand InitiatingProcessCommandLine has \"127.0.0.1\"\n| project ProcessCommandLine, InitiatingProcessCommandLine,\nInitiatingProcessParentFileName, DeviceId, Timestamp\n",
                        "version": 2,
                        "tags": [
                          {
                            "name": "description",
                            "value": "This query was originally published in the threat analytics report, Qakbot blight lingers, seeds ransomware\nQakbot is malware that steals login credentials from banking and financial services. It has been deployed against small businesses as well as major corporations. Some outbreaks have involved targeted ransomware campaigns that use a similar set of techniques. Links to related queries are listed under See also.\nThe following query detects if an instance of Qakbot has attempted to overwrite its original binary.\nReference - https://www.microsoft.com/security/blog/2017/11/06/mitigating-and-eliminating-info-stealing-qakbot-and-emotet-in-corporate-networks/\n"
                          },
                          {
                            "name": "tactics",
                            "value": "Defense evasion"
                          }
                        ]
                      }
                    },
                    {
                      "type": "Microsoft.OperationalInsights/workspaces/providers/metadata",
                      "apiVersion": "2021-03-01-preview",
                      "name": "[concat(parameters('workspace'),'/Microsoft.SecurityInsights/',concat('huntingQuery-', '0ec8d8df-2a7f-4cc0-9bd4-64d8f5103e3b'))]",
                      "properties": {
                        "description": "This query was originally published in the threat analytics report, Qakbot blight lingers, seeds ransomware\nQakbot is malware that steals login credentials from banking and financial services. It has been deployed against small businesses as well as major corporations. Some outbreaks have involved targeted ransomware campaigns that use a similar set of techniques. Links to related queries are listed under See also.\nThe following query detects if an instance of Qakbot has attempted to overwrite its original binary.\nReference - https://www.microsoft.com/security/blog/2017/11/06/mitigating-and-eliminating-info-stealing-qakbot-and-emotet-in-corporate-networks/\n",
                        "version": "1.0.0",
                        "author": {
                          "name": "Community"
                        },
                        "support": {
                          "name": "Community",
                          "link": "https://github.com/Azure/Azure-Sentinel/issues",
                          "tier": "Community"
                        },
                        "source": {
                          "kind": "Community",
                          "name": "Standalone"
                        },
                        "threatAnalysisTactics": [
                          "DefenseEvasion"
                        ],
                        "contentId": "0ec8d8df-2a7f-4cc0-9bd4-64d8f5103e3b",
                        "parentId": "0ec8d8df-2a7f-4cc0-9bd4-64d8f5103e3b",
                        "kind": "HuntingQuery",
                        "dependencies": {
                          "operator": "AND",
                          "criteria": [
                            {
                              "contentId": "DeviceProcessEvents",
                              "kind": "DataType"
                            }
                          ]
                        }
                      }
                    }
                  ]
                }
              }
            }
          ]
        },
        "author": {
          "name": "Community"
        },
        "dependencies": {
          "operator": "AND",
          "criteria": [
            {
              "contentId": "0ec8d8df-2a7f-4cc0-9bd4-64d8f5103e3b",
              "kind": "HuntingQuery"
            }
          ]
        },
        "description": "This query was originally published in the threat analytics report, Qakbot blight lingers, seeds ransomware\nQakbot is malware that steals login credentials from banking and financial services. It has been deployed against small businesses as well as major corporations. Some outbreaks have involved targeted ransomware campaigns that use a similar set of techniques. Links to related queries are listed under See also.\nThe following query detects if an instance of Qakbot has attempted to overwrite its original binary.\nReference - https://www.microsoft.com/security/blog/2017/11/06/mitigating-and-eliminating-info-stealing-qakbot-and-emotet-in-corporate-networks/\n",
        "displayName": "qakbot-campaign-self-deletion",
        "packageId": "0ec8d8df-2a7f-4cc0-9bd4-64d8f5103e3b",
        "source": {
          "kind": "Community",
          "name": "Standalone"
        },
        "support": {
          "name": "Community",
          "link": "https://github.com/Azure/Azure-Sentinel/issues",
          "tier": "Community"
        },
        "threatAnalysisTactics": [
          "DefenseEvasion"
        ],
        "version": "1.0.0"
      },
      "name": "0ec8d8df-2a7f-4cc0-9bd4-64d8f5103e3b"
    }
  ]
}