{
  "$schema": "https://schema.management.azure.com/schemas/2019-04-01/deploymentTemplate.json#",
  "parameters": {
    "location": {
      "type": "string",
      "minLength": 1,
      "defaultValue": "[resourceGroup().location]",
      "metadata": {
        "description": "Not used, but needed to pass arm-ttk test `Location-Should-Not-Be-Hardcoded`.  We instead use the `workspace-location` which is derived from the LA workspace"
      }
    },
    "workspace-location": {
      "type": "string",
      "defaultValue": "",
      "metadata": {
        "description": "[concat('Region to deploy solution resources -- separate from location selection',parameters('location'))]"
      }
    },
    "workspace": {
      "defaultValue": "",
      "type": "string",
      "metadata": {
        "description": "Workspace name for Log Analytics where Microsoft Sentinel is setup"
      }
    }
  },
  "variables": {},
  "resources": [
    {
      "type": "Microsoft.OperationalInsights/workspaces/providers/packages",
      "location": "[parameters('workspace-location')]",
      "apiVersion": "2022-08-01",
      "properties": {
        "packageKind": "Standalone",
        "packageItems": {
          "resources": [
            {
              "type": "Microsoft.OperationalInsights/workspaces/providers/contentTemplates",
              "name": "[concat(parameters('workspace'),'/Microsoft.SecurityInsights/', '12198f2f-c53b-4617-8df8-120c66cbb373')]",
              "location": "[parameters('workspace-location')]",
              "kind": "shared",
              "apiVersion": "2022-08-01",
              "properties": {
                "contentId": "12198f2f-c53b-4617-8df8-120c66cbb373",
                "displayName": "AV Detections with USB Disk Drive",
                "contentKind": "HuntingQuery",
                "mainTemplate": {
                  "$schema": "https://schema.management.azure.com/schemas/2019-04-01/deploymentTemplate.json#",
                  "contentVersion": "1.0.0",
                  "resources": [
                    {
                      "type": "Microsoft.OperationalInsights/savedSearches",
                      "apiVersion": "2020-08-01",
                      "name": "12198f2f-c53b-4617-8df8-120c66cbb373",
                      "location": "[parameters('workspace-location')]",
                      "properties": {
                        "eTag": "*",
                        "displayName": "AV Detections with USB Disk Drive",
                        "category": "Hunting Queries",
                        "query": "let usbDetections =\n    DeviceEvents\n    | where ActionType == \"AntivirusDetection\" and FolderPath !startswith \"c\" and FolderPath matches regex \"^[A-Za-z]{1}\"\n    | extend ParsedFields=parse_json(AdditionalFields)\n    | project DetectionTime=Timestamp, DeviceName, ThreatName=tostring(ParsedFields.ThreatName), FileName, FolderPath;\n//Get a list of USB disk drive connections, grouped by computer name and DeviceID\nlet usbConnections = \n    DeviceEvents\n    | where ActionType == \"PnpDeviceConnected\"\n    | extend parsed=parse_json(AdditionalFields)\n    | project Timestamp, DeviceName, DeviceId=tostring(parsed.DeviceId), ClassName=tostring(parsed.ClassName)\n    | where ClassName == \"DiskDrive\"\n    | summarize UsbFirstSeen=min(Timestamp), UsbLastSeen=max(Timestamp) by DeviceId, DeviceName;\n//Join USB AV detections and connections, where the detection occurs after the USB has been plugged in\nusbDetections | join kind=inner (usbConnections) on DeviceName | where DetectionTime > UsbFirstSeen and DetectionTime < UsbLastSeen\n| project DetectionTime, DeviceName, ThreatName, FileName, FolderPath, DeviceId, UsbFirstSeen, UsbLastSeen\n| sort by DetectionTime desc\n",
                        "version": 2,
                        "tags": [
                          {
                            "name": "description",
                            "value": "This query make a best-guess detection regarding which removable media device caused an AV detection.\nThe query is best run over 30 days to get the full USB history.\nGet a list of USB AV detections. This assumes any path not beginning with C is a removable/USB device.\n"
                          }
                        ]
                      }
                    },
                    {
                      "type": "Microsoft.OperationalInsights/workspaces/providers/metadata",
                      "apiVersion": "2021-03-01-preview",
                      "name": "[concat(parameters('workspace'),'/Microsoft.SecurityInsights/',concat('huntingQuery-', '12198f2f-c53b-4617-8df8-120c66cbb373'))]",
                      "properties": {
                        "description": "This query make a best-guess detection regarding which removable media device caused an AV detection.\nThe query is best run over 30 days to get the full USB history.\nGet a list of USB AV detections. This assumes any path not beginning with C is a removable/USB device.\n",
                        "contentId": "12198f2f-c53b-4617-8df8-120c66cbb373",
                        "version": "1.0.0",
                        "source": {
                          "kind": "Community"
                        },
                        "parentId": "12198f2f-c53b-4617-8df8-120c66cbb373",
                        "kind": "HuntingQuery",
                        "dependencies": {
                          "operator": "AND",
                          "criteria": [
                            {
                              "contentId": "DeviceEvents",
                              "kind": "DataType"
                            }
                          ]
                        }
                      }
                    }
                  ]
                }
              }
            }
          ]
        },
        "contentId": "12198f2f-c53b-4617-8df8-120c66cbb373",
        "dependencies": {
          "operator": "AND",
          "criteria": [
            {
              "contentId": "12198f2f-c53b-4617-8df8-120c66cbb373",
              "kind": "HuntingQuery"
            }
          ]
        },
        "description": "This query make a best-guess detection regarding which removable media device caused an AV detection.\nThe query is best run over 30 days to get the full USB history.\nGet a list of USB AV detections. This assumes any path not beginning with C is a removable/USB device.\n",
        "displayName": "AV Detections with USB Disk Drive",
        "source": {
          "kind": "Community"
        },
        "version": "1.0.0"
      },
      "name": "[concat(parameters('workspace'),'/Microsoft.SecurityInsights/', '12198f2f-c53b-4617-8df8-120c66cbb373')]"
    }
  ]
}