{
  "$schema": "https://schema.management.azure.com/schemas/2019-04-01/deploymentTemplate.json#",
  "contentVersion": "1.0.0.0",
  "parameters": {
    "location": {
      "type": "string",
      "minLength": 1,
      "defaultValue": "[resourceGroup().location]",
      "metadata": {
        "description": "Not used, but needed to pass arm-ttk test `Location-Should-Not-Be-Hardcoded`.  We instead use the `workspace-location` which is derived from the LA workspace"
      }
    },
    "workspace-location": {
      "type": "string",
      "defaultValue": "",
      "metadata": {
        "description": "[concat('Region to deploy solution resources -- separate from location selection',parameters('location'))]"
      }
    },
    "workspace": {
      "defaultValue": "",
      "type": "string",
      "metadata": {
        "description": "Workspace name for Log Analytics where Microsoft Sentinel is setup"
      }
    }
  },
  "variables": {},
  "resources": [
    {
      "type": "Microsoft.OperationalInsights/workspaces/providers/packages",
      "location": "[parameters('workspace-location')]",
      "apiVersion": "2022-08-01",
      "properties": {
        "packageKind": "Standalone",
        "packageItems": {
          "resources": [
            {
              "type": "Microsoft.OperationalInsights/workspaces/providers/contentTemplates",
              "name": "[concat(parameters('workspace'),'/Microsoft.SecurityInsights/', 'e4779bdc-397a-4b71-be28-59e6a1e1d16b')]",
              "location": "[parameters('workspace-location')]",
              "apiVersion": "2022-08-01",
              "properties": {
                "contentId": "e4779bdc-397a-4b71-be28-59e6a1e1d16b",
                "displayName": "Zoom E2E Encryption Disabled",
                "contentKind": "AnalyticsRule",
                "mainTemplate": {
                  "$schema": "https://schema.management.azure.com/schemas/2019-04-01/deploymentTemplate.json#",
                  "contentVersion": "1.0.2",
                  "resources": [
                    {
                      "type": "Microsoft.OperationalInsights/workspaces/providers/alertRules",
                      "apiVersion": "2022-04-01-preview",
                      "name": "e4779bdc-397a-4b71-be28-59e6a1e1d16b",
                      "kind": "Scheduled",
                      "location": "[parameters('workspace-location')]",
                      "properties": {
                        "description": "This alerts when end to end encryption is disabled for Zoom meetings.",
                        "displayName": "Zoom E2E Encryption Disabled",
                        "enabled": false,
                        "query": "ZoomLogs\n| where Event =~ \"account.settings_updated\"\n| extend NewE2ESetting = columnifexists(\"payload_object_settings_in_meeting_e2e_encryption_b\", \"\")\n| extend OldE2ESetting = columnifexists(\"payload_old_object_settings_in_meeting_e2e_encryption_b\", \"\")\n| where OldE2ESetting =~ 'false' and NewE2ESetting =~ 'true'\n| extend timestamp = TimeGenerated, AccountCustomEntity = User\n",
                        "queryFrequency": "P1D",
                        "queryPeriod": "P1D",
                        "severity": "Medium",
                        "status": "Available",
                        "suppressionDuration": "PT1H",
                        "suppressionEnabled": false,
                        "triggerOperator": "GreaterThan",
                        "triggerThreshold": 0,
                        "tactics": [
                          "CredentialAccess",
                          "Discovery"
                        ],
                        "techniques": [
                          "T1040"
                        ],
                        "entityMappings": [
                          {
                            "entityType": "Account",
                            "fieldMappings": [
                              {
                                "columnName": "AccountCustomEntity",
                                "identifier": "FullName"
                              }
                            ]
                          }
                        ]
                      }
                    },
                    {
                      "type": "Microsoft.OperationalInsights/workspaces/providers/metadata",
                      "apiVersion": "2021-03-01-preview",
                      "properties": {
                        "description": "This alerts when end to end encryption is disabled for Zoom meetings.",
                        "version": "1.0.2",
                        "author": {
                          "name": "Pete Bryan"
                        },
                        "support": {
                          "tier": "Community",
                          "name": "Community",
                          "link": "https://github.com/Azure/Azure-Sentinel/issues"
                        },
                        "source": {
                          "kind": "Community",
                          "name": "Standalone"
                        },
                        "threatAnalysisTactics": [
                          "CredentialAccess",
                          "Discovery"
                        ],
                        "threatAnalyticsTechniques": [
                          "T1040"
                        ],
                        "contentId": "e4779bdc-397a-4b71-be28-59e6a1e1d16b",
                        "parentId": "e4779bdc-397a-4b71-be28-59e6a1e1d16b",
                        "kind": "AnalyticsRule"
                      }
                    }
                  ]
                }
              }
            }
          ]
        },
        "author": {
          "name": "Pete Bryan"
        },
        "categories": {
          "domains": [
            "Security - Others"
          ]
        },
        "dependencies": {
          "operator": "AND",
          "criteria": [
            {
              "contentId": "e4779bdc-397a-4b71-be28-59e6a1e1d16b",
              "kind": "AnalyticsRule"
            }
          ]
        },
        "description": "This alerts when end to end encryption is disabled for Zoom meetings.",
        "displayName": "Zoom E2E Encryption Disabled",
        "packageId": "e4779bdc-397a-4b71-be28-59e6a1e1d16b",
        "source": {
          "kind": "Community",
          "name": "Standalone"
        },
        "support": {
          "tier": "Community",
          "name": "Community",
          "link": "https://github.com/Azure/Azure-Sentinel/issues"
        },
        "threatAnalysisTactics": [
          "CredentialAccess",
          "Discovery"
        ],
        "threatAnalyticsTechniques": [
          "T1040"
        ],
        "version": "1.0.2"
      },
      "name": "[concat(parameters('workspace'),'/Microsoft.SecurityInsights/', 'e4779bdc-397a-4b71-be28-59e6a1e1d16b')]"
    }
  ]
}