{
  "$schema": "https://schema.management.azure.com/schemas/2019-04-01/deploymentTemplate.json#",
  "contentVersion": "1.0.0.0",
  "parameters": {
    "location": {
      "type": "string",
      "minLength": 1,
      "defaultValue": "[resourceGroup().location]",
      "metadata": {
        "description": "Not used, but needed to pass arm-ttk test `Location-Should-Not-Be-Hardcoded`.  We instead use the `workspace-location` which is derived from the LA workspace"
      }
    },
    "workspace-location": {
      "type": "string",
      "defaultValue": "",
      "metadata": {
        "description": "[concat('Region to deploy solution resources -- separate from location selection',parameters('location'))]"
      }
    },
    "workspace": {
      "defaultValue": "",
      "type": "string",
      "metadata": {
        "description": "Workspace name for Log Analytics where Microsoft Sentinel is setup"
      }
    }
  },
  "variables": {},
  "resources": [
    {
      "type": "Microsoft.OperationalInsights/workspaces/providers/packages",
      "location": "[parameters('workspace-location')]",
      "apiVersion": "2022-08-01",
      "properties": {
        "packageKind": "Standalone",
        "packageItems": {
          "resources": [
            {
              "type": "Microsoft.OperationalInsights/workspaces/providers/contentTemplates",
              "name": "[concat(parameters('workspace'),'/Microsoft.SecurityInsights/', '8ec3a7f9-9f55-4be3-aeb6-9188f91b278e')]",
              "location": "[parameters('workspace-location')]",
              "apiVersion": "2022-08-01",
              "properties": {
                "contentId": "8ec3a7f9-9f55-4be3-aeb6-9188f91b278e",
                "displayName": "New Dynamics 365 User Agent",
                "contentKind": "AnalyticsRule",
                "mainTemplate": {
                  "$schema": "https://schema.management.azure.com/schemas/2019-04-01/deploymentTemplate.json#",
                  "contentVersion": "1.0.1",
                  "resources": [
                    {
                      "type": "Microsoft.OperationalInsights/workspaces/providers/alertRules",
                      "apiVersion": "2022-04-01-preview",
                      "name": "8ec3a7f9-9f55-4be3-aeb6-9188f91b278e",
                      "kind": "Scheduled",
                      "location": "[parameters('workspace-location')]",
                      "properties": {
                        "description": "Detects users accessing Dynamics from a User Agent that has not been seen the 14 days. Has configurable filter for known good user agents such as PowerApps. Also includes optional section to exclude User Agents to indicate a browser being used.",
                        "displayName": "New Dynamics 365 User Agent",
                        "enabled": false,
                        "query": "let lookback = 14d;\nlet timeframe = 1d;\nlet user_accounts = \"(([a-zA-Z]{1,})\\\\.([a-zA-Z]{1,}))@.*\";\nlet known_useragents = dynamic([]);\nDynamics365Activity\n| where TimeGenerated between(ago(lookback)..ago(timeframe))\n| where isnotempty(UserAgent)\n| summarize by UserAgent, UserId\n| join kind = rightanti (Dynamics365Activity\n| where TimeGenerated > ago(timeframe)\n| where isnotempty(UserAgent)\n| where UserAgent !in~ (known_useragents)\n| where UserAgent !hasprefix \"azure-logic-apps\" and UserAgent !hasprefix \"PowerApps\"\n| where UserId matches regex user_accounts)\non UserAgent, UserId\n// Uncomment this section to exclude user agents with a rendering engine, indicating browsers.\n//| join kind = leftanti(\n//Dynamics365Activity\n//| where TimeGenerated between(ago(lookback)..ago(timeframe))\n//| where UserAgent has_any (\"Gecko\", \"WebKit\", \"Presto\", \"Trident\", \"EdgeHTML\", \"Blink\")) on UserAgent\n| summarize FirstSeen = min(TimeGenerated), IPs = make_set(ClientIP) by UserAgent, UserId\n| extend timestamp = FirstSeen, AccountCustomEntity = UserId\n",
                        "queryFrequency": "P1D",
                        "queryPeriod": "P14D",
                        "severity": "Low",
                        "status": "Available",
                        "suppressionDuration": "PT1H",
                        "suppressionEnabled": false,
                        "triggerOperator": "GreaterThan",
                        "triggerThreshold": 0,
                        "tactics": [
                          "InitialAccess"
                        ],
                        "techniques": [
                          "T1078"
                        ],
                        "entityMappings": [
                          {
                            "entityType": "Account",
                            "fieldMappings": [
                              {
                                "columnName": "AccountCustomEntity",
                                "identifier": "FullName"
                              }
                            ]
                          }
                        ],
                        "requiredDataConnectors": [
                          {
                            "connectorId": "Dynamics365",
                            "dataTypes": [
                              "Dynamics365Activity"
                            ]
                          }
                        ]
                      }
                    },
                    {
                      "type": "Microsoft.OperationalInsights/workspaces/providers/metadata",
                      "apiVersion": "2021-03-01-preview",
                      "properties": {
                        "description": "Detects users accessing Dynamics from a User Agent that has not been seen the 14 days. Has configurable filter for known good user agents such as PowerApps. Also includes optional section to exclude User Agents to indicate a browser being used.",
                        "version": "1.0.1",
                        "author": {
                          "name": "Microsoft"
                        },
                        "support": {
                          "tier": "Microsoft",
                          "name": "Microsoft",
                          "email": "support@microsoft.com",
                          "link": "https://support.microsoft.com"
                        },
                        "source": {
                          "kind": "Community",
                          "name": "Standalone"
                        },
                        "threatAnalysisTactics": [
                          "InitialAccess"
                        ],
                        "threatAnalyticsTechniques": [
                          "T1078"
                        ],
                        "contentId": "8ec3a7f9-9f55-4be3-aeb6-9188f91b278e",
                        "parentId": "8ec3a7f9-9f55-4be3-aeb6-9188f91b278e",
                        "kind": "AnalyticsRule",
                        "dependencies": {
                          "operator": "AND",
                          "criteria": [
                            {
                              "contentId": "Dynamics365Activity",
                              "kind": "DataType"
                            }
                          ]
                        }
                      }
                    }
                  ]
                }
              }
            }
          ]
        },
        "author": {
          "name": "Microsoft"
        },
        "categories": {
          "domains": [
            "Cloud Provider",
            "IT Operations",
            "Storage"
          ]
        },
        "dependencies": {
          "operator": "AND",
          "criteria": [
            {
              "contentId": "8ec3a7f9-9f55-4be3-aeb6-9188f91b278e",
              "kind": "AnalyticsRule"
            }
          ]
        },
        "description": "Detects users accessing Dynamics from a User Agent that has not been seen the 14 days. Has configurable filter for known good user agents such as PowerApps. Also includes optional section to exclude User Agents to indicate a browser being used.",
        "displayName": "New Dynamics 365 User Agent",
        "packageId": "8ec3a7f9-9f55-4be3-aeb6-9188f91b278e",
        "source": {
          "kind": "Community",
          "name": "Standalone"
        },
        "support": {
          "tier": "Microsoft",
          "name": "Microsoft",
          "email": "support@microsoft.com",
          "link": "https://support.microsoft.com"
        },
        "threatAnalysisTactics": [
          "InitialAccess"
        ],
        "threatAnalyticsTechniques": [
          "T1078"
        ],
        "version": "1.0.1"
      },
      "name": "[concat(parameters('workspace'),'/Microsoft.SecurityInsights/', '8ec3a7f9-9f55-4be3-aeb6-9188f91b278e')]"
    }
  ]
}