{
  "$schema": "https://schema.management.azure.com/schemas/2019-04-01/deploymentTemplate.json#",
  "contentVersion": "1.0.0.0",
  "parameters": {
    "location": {
      "type": "string",
      "minLength": 1,
      "defaultValue": "[resourceGroup().location]",
      "metadata": {
        "description": "Not used, but needed to pass arm-ttk test `Location-Should-Not-Be-Hardcoded`.  We instead use the `workspace-location` which is derived from the LA workspace"
      }
    },
    "workspace-location": {
      "type": "string",
      "defaultValue": "",
      "metadata": {
        "description": "[concat('Region to deploy solution resources -- separate from location selection',parameters('location'))]"
      }
    },
    "workspace": {
      "defaultValue": "",
      "type": "string",
      "metadata": {
        "description": "Workspace name for Log Analytics where Microsoft Sentinel is setup"
      }
    }
  },
  "variables": {},
  "resources": [
    {
      "type": "Microsoft.OperationalInsights/workspaces/providers/packages",
      "location": "[parameters('workspace-location')]",
      "apiVersion": "2022-08-01",
      "properties": {
        "packageKind": "Standalone",
        "packageItems": {
          "resources": [
            {
              "type": "Microsoft.OperationalInsights/workspaces/providers/contentTemplates",
              "name": "[concat(parameters('workspace'),'/Microsoft.SecurityInsights/', '22f33a4c-e60f-4817-bbfe-9e2ed33cb596')]",
              "location": "[parameters('workspace-location')]",
              "kind": "shared",
              "apiVersion": "2022-08-01",
              "properties": {
                "contentId": "22f33a4c-e60f-4817-bbfe-9e2ed33cb596",
                "displayName": "Failed service logon attempt by user account with available AuditData",
                "contentKind": "HuntingQuery",
                "mainTemplate": {
                  "$schema": "https://schema.management.azure.com/schemas/2019-04-01/deploymentTemplate.json#",
                  "contentVersion": "1.0.0",
                  "resources": [
                    {
                      "type": "Microsoft.OperationalInsights/savedSearches",
                      "apiVersion": "2020-08-01",
                      "name": "22f33a4c-e60f-4817-bbfe-9e2ed33cb596",
                      "location": "[parameters('workspace-location')]",
                      "properties": {
                        "eTag": "*",
                        "displayName": "Failed service logon attempt by user account with available AuditData",
                        "category": "Hunting Queries",
                        "query": "\nlet starttime = todatetime('{{StartTimeISO}}');\nlet endtime = todatetime('{{EndTimeISO}}');\nlet lookback = totimespan((endtime-starttime)*7);\nlet failLimit = 10;\nlet ipLimit = 3;\nlet failedSignins = SigninLogs\n| where TimeGenerated between(starttime..endtime)\n| where ResultType != \"0\" and AppDisplayName != \"Windows Sign In\"\n| extend UserPrincipalName = tolower(UserPrincipalName)\n| extend CityState = strcat(tostring(LocationDetails.city),\"|\", tostring(LocationDetails.state))\n| extend Result = strcat(ResultType,\"-\",ResultDescription)\n| summarize StartTimeUtc = min(TimeGenerated), EndTimeUtc = max(TimeGenerated), DistinctIPAddressCount = dcount(IPAddress), IPAddresses = makeset(IPAddress),\nCityStates = makeset(CityState), DistinctResultCount = dcount(Result), Results = makeset(Result), AppDisplayNames = makeset(AppDisplayName),\nFailedLogonCount = count() by Type, OperationName, Category, UserPrincipalName = tolower(UserPrincipalName), ClientAppUsed, Location, CorrelationId\n| project Type, StartTimeUtc, EndTimeUtc, OperationName, Category, UserPrincipalName, AppDisplayNames, DistinctIPAddressCount, IPAddresses, DistinctResultCount,\nResults, FailedLogonCount, Location, CityStates\n| where FailedLogonCount >= failLimit or DistinctIPAddressCount >= ipLimit\n| extend Activity = pack(\"IPAddresses\", IPAddresses, \"AppDisplayNames\", AppDisplayNames, \"Results\", Results, \"Location\", Location, \"CityStates\", CityStates)\n| project Type, StartTimeUtc, EndTimeUtc, OperationName, Category, UserPrincipalName, FailedLogonCount, DistinctIPAddressCount, DistinctResultCount, Activity\n| extend AccountCustomEntity = UserPrincipalName;\nlet accountMods = AuditLogs | where TimeGenerated >= ago(lookback)\n| where Category == \"UserManagement\" or Category == \"GroupManagement\"\n| extend ModProps = TargetResources.[0].modifiedProperties\n| extend InitiatedBy = case(\nisnotempty(tostring(parse_json(tostring(InitiatedBy.user)).userPrincipalName)), tostring(parse_json(tostring(InitiatedBy.user)).userPrincipalName),\nisnotempty(tostring(parse_json(tostring(InitiatedBy.app)).displayName)), tostring(parse_json(tostring(InitiatedBy.app)).displayName),\n\"\")\n| extend UserPrincipalName = tolower(tostring(TargetResources.[0].userPrincipalName))\n| mvexpand ModProps\n| extend PropertyName = tostring(ModProps.displayName), oldValue = tostring(ModProps.oldValue), newValue = tostring(ModProps.newValue)\n| extend ModifiedProps = pack(\"PropertyName\",PropertyName,\"oldValue\",oldValue,\"newValue\",newValue)\n| summarize StartTimeUtc = min(TimeGenerated), EndTimeUtc = max(TimeGenerated), Activity = make_bag(ModifiedProps) by Type, InitiatedBy, UserPrincipalName, Category, OperationName, CorrelationId, Id\n| extend AccountCustomEntity = UserPrincipalName;\n// Gather only Audit data for UserPrincipalNames that we have Audit data for\nlet accountNameOnly = failedSignins | project UserPrincipalName;\nlet auditMods = accountNameOnly\n| join kind= innerunique (\naccountMods\n) on UserPrincipalName;\nlet availableAudits = auditMods | project UserPrincipalName;\nlet signinsWithAudit = availableAudits\n| join kind= innerunique (\nfailedSignins\n) on UserPrincipalName;\n// Union the Current Signin failures so we do not lose them with the Auditing data we do have\nlet activity = (union isfuzzy=true\nsigninsWithAudit, auditMods)\n| order by StartTimeUtc, UserPrincipalName;\nactivity\n| project StartTimeUtc, EndTimeUtc, DataType = Type, Category, OperationName, UserPrincipalName, InitiatedBy, Activity, FailedLogonCount, DistinctIPAddressCount, DistinctResultCount, CorrelationId, Id\n| order by UserPrincipalName, StartTimeUtc\n| extend timestamp = StartTimeUtc, AccountCustomEntity = UserPrincipalName\n",
                        "version": 2,
                        "tags": [
                          {
                            "name": "description",
                            "value": "User account failed to logon in current period (default last 1 day). Excludes Windows Sign in attempts due to noise and limits to only more than 10 failed logons or 3 different IPs used.\nAdditionally, Azure Audit Log data from the last several days(default 7 days) related to the given UserPrincipalName will be joined if available.\nThis can help to understand any events for this same user related to User or Group Management.\nResults may indicate a potential malicious use of an account that is rarely used. It is possible this is an account that is new or newly enabled.\nThe associated Azure Audit data should help determine any recent changes to this account and may help you understand why the logons are failing.\nReceiving no results indicates that there were no less than 10 failed logons or that the Auditlogs related to this UserPrincipalName in the default 7 days."
                          },
                          {
                            "name": "techniques",
                            "value": ""
                          },
                          {
                            "name": "tactics",
                            "value": "CredentialAccess"
                          }
                        ]
                      }
                    },
                    {
                      "type": "Microsoft.OperationalInsights/workspaces/providers/metadata",
                      "apiVersion": "2021-03-01-preview",
                      "name": "[concat(parameters('workspace'),'/Microsoft.SecurityInsights/',concat('huntingQuery-', '22f33a4c-e60f-4817-bbfe-9e2ed33cb596'))]",
                      "properties": {
                        "description": "User account failed to logon in current period (default last 1 day). Excludes Windows Sign in attempts due to noise and limits to only more than 10 failed logons or 3 different IPs used.\nAdditionally, Azure Audit Log data from the last several days(default 7 days) related to the given UserPrincipalName will be joined if available.\nThis can help to understand any events for this same user related to User or Group Management.\nResults may indicate a potential malicious use of an account that is rarely used. It is possible this is an account that is new or newly enabled.\nThe associated Azure Audit data should help determine any recent changes to this account and may help you understand why the logons are failing.\nReceiving no results indicates that there were no less than 10 failed logons or that the Auditlogs related to this UserPrincipalName in the default 7 days.",
                        "version": "1.0.0",
                        "author": {
                          "name": "Shain"
                        },
                        "support": {
                          "tier": "Community",
                          "name": "Community",
                          "link": "https://github.com/Azure/Azure-Sentinel/issues"
                        },
                        "source": {
                          "kind": "Community",
                          "name": "Standalone"
                        },
                        "threatAnalysisTactics": [
                          "CredentialAccess"
                        ],
                        "threatAnalyticsTechniques": [
                          "T1110"
                        ],
                        "contentId": "22f33a4c-e60f-4817-bbfe-9e2ed33cb596",
                        "parentId": "22f33a4c-e60f-4817-bbfe-9e2ed33cb596",
                        "kind": "HuntingQuery",
                        "dependencies": {
                          "operator": "AND",
                          "criteria": [
                            {
                              "contentId": "SigninLogs",
                              "kind": "DataType"
                            },
                            {
                              "contentId": "AuditLogs",
                              "kind": "DataType"
                            }
                          ]
                        }
                      }
                    }
                  ]
                }
              }
            }
          ]
        },
        "author": {
          "name": "Shain"
        },
        "categories": {
          "domains": [
            "Security - Other",
            "Identity"
          ]
        },
        "dependencies": {
          "operator": "AND",
          "criteria": [
            {
              "contentId": "22f33a4c-e60f-4817-bbfe-9e2ed33cb596",
              "kind": "HuntingQuery"
            }
          ]
        },
        "description": "User account failed to logon in current period (default last 1 day). Excludes Windows Sign in attempts due to noise and limits to only more than 10 failed logons or 3 different IPs used.\nAdditionally, Azure Audit Log data from the last several days(default 7 days) related to the given UserPrincipalName will be joined if available.\nThis can help to understand any events for this same user related to User or Group Management.\nResults may indicate a potential malicious use of an account that is rarely used. It is possible this is an account that is new or newly enabled.\nThe associated Azure Audit data should help determine any recent changes to this account and may help you understand why the logons are failing.\nReceiving no results indicates that there were no less than 10 failed logons or that the Auditlogs related to this UserPrincipalName in the default 7 days.",
        "displayName": "Failed service logon attempt by user account with available AuditData",
        "packageId": "22f33a4c-e60f-4817-bbfe-9e2ed33cb596",
        "source": {
          "kind": "Community",
          "name": "Standalone"
        },
        "support": {
          "tier": "Community",
          "name": "Community",
          "link": "https://github.com/Azure/Azure-Sentinel/issues"
        },
        "threatAnalysisTactics": [
          "CredentialAccess"
        ],
        "threatAnalyticsTechniques": [
          "T1110"
        ],
        "version": "1.0.0"
      },
      "name": "22f33a4c-e60f-4817-bbfe-9e2ed33cb596"
    }
  ]
}