{
  "$schema": "https://schema.management.azure.com/schemas/2019-04-01/deploymentTemplate.json#",
  "contentVersion": "1.0.0.0",
  "parameters": {
    "location": {
      "type": "string",
      "minLength": 1,
      "defaultValue": "[resourceGroup().location]",
      "metadata": {
        "description": "Not used, but needed to pass arm-ttk test `Location-Should-Not-Be-Hardcoded`.  We instead use the `workspace-location` which is derived from the LA workspace"
      }
    },
    "workspace-location": {
      "type": "string",
      "defaultValue": "",
      "metadata": {
        "description": "[concat('Region to deploy solution resources -- separate from location selection',parameters('location'))]"
      }
    },
    "workspace": {
      "defaultValue": "",
      "type": "string",
      "metadata": {
        "description": "Workspace name for Log Analytics where Microsoft Sentinel is setup"
      }
    }
  },
  "variables": {},
  "resources": [
    {
      "type": "Microsoft.OperationalInsights/workspaces/providers/packages",
      "location": "[parameters('workspace-location')]",
      "apiVersion": "2022-08-01",
      "properties": {
        "packageKind": "Standalone",
        "packageItems": {
          "resources": [
            {
              "type": "Microsoft.OperationalInsights/workspaces/providers/contentTemplates",
              "name": "[concat(parameters('workspace'),'/Microsoft.SecurityInsights/', '7f6e8f14-62fa-4ce6-a490-c07f1d9888ba')]",
              "location": "[parameters('workspace-location')]",
              "kind": "shared",
              "apiVersion": "2022-08-01",
              "properties": {
                "contentId": "7f6e8f14-62fa-4ce6-a490-c07f1d9888ba",
                "displayName": "Anomalous sign-in location by user account and authenticating application - with sign-in details",
                "contentKind": "HuntingQuery",
                "mainTemplate": {
                  "$schema": "https://schema.management.azure.com/schemas/2019-04-01/deploymentTemplate.json#",
                  "contentVersion": "1.0.0",
                  "resources": [
                    {
                      "type": "Microsoft.OperationalInsights/savedSearches",
                      "apiVersion": "2020-08-01",
                      "name": "7f6e8f14-62fa-4ce6-a490-c07f1d9888ba",
                      "location": "[parameters('workspace-location')]",
                      "properties": {
                        "eTag": "*",
                        "displayName": "Anomalous sign-in location by user account and authenticating application - with sign-in details",
                        "category": "Hunting Queries",
                        "query": "\nSigninLogs \n// Forces Log Analytics to recognize that the query should be run over full time range\n| extend  locationString= strcat(tostring(LocationDetails[\"countryOrRegion\"]), \"/\", \ntostring(LocationDetails[\"state\"]), \"/\", tostring(LocationDetails[\"city\"]), \";\") \n| project TimeGenerated, AppDisplayName , UserPrincipalName, locationString \n// Create time series \n| make-series dLocationCount = dcount(locationString) on TimeGenerated step 1d \nby UserPrincipalName, AppDisplayName \n// Compute best fit line for each entry \n| extend (RSquare,Slope,Variance,RVariance,Interception,LineFit)=series_fit_line(dLocationCount) \n// Chart the 3 most interesting lines  \n// A 0-value slope corresponds to an account being completely stable over time for a given Azure Active Directory application\n| top 3 by Slope desc  \n// Extract the set of locations for each top user:\n| join kind=inner (SigninLogs\n| extend  locationString= strcat(tostring(LocationDetails[\"countryOrRegion\"]), \"/\", \ntostring(LocationDetails[\"state\"]), \"/\", tostring(LocationDetails[\"city\"]), \";\")\n| summarize locationList = makeset(locationString), threeDayWindowLocationCount=dcount(locationString) by AppDisplayName, UserPrincipalName, \ntimerange=bin(TimeGenerated, 3d)) on AppDisplayName, UserPrincipalName\n| order by UserPrincipalName, timerange asc\n| project timerange, AppDisplayName , UserPrincipalName, threeDayWindowLocationCount, locationList \n| order by AppDisplayName, UserPrincipalName, timerange asc\n| extend timestamp = timerange, AccountCustomEntity = UserPrincipalName\n",
                        "version": 2,
                        "tags": [
                          {
                            "name": "description",
                            "value": "This query over Azure Active Directory sign-in considers all user sign-ins for each Azure Active \nDirectory application and picks out the most anomalous change in location profile for a user within an \nindividual application. The intent is to hunt for user account compromise, possibly via a specific application\nvector.\nThis variation of the query joins the results back onto the original sign-in data to allow review of the \nlocation set with each identified user in tabular form."
                          },
                          {
                            "name": "techniques",
                            "value": ""
                          },
                          {
                            "name": "tactics",
                            "value": "InitialAccess"
                          }
                        ]
                      }
                    },
                    {
                      "type": "Microsoft.OperationalInsights/workspaces/providers/metadata",
                      "apiVersion": "2021-03-01-preview",
                      "name": "[concat(parameters('workspace'),'/Microsoft.SecurityInsights/',concat('huntingQuery-', '7f6e8f14-62fa-4ce6-a490-c07f1d9888ba'))]",
                      "properties": {
                        "description": "This query over Azure Active Directory sign-in considers all user sign-ins for each Azure Active \nDirectory application and picks out the most anomalous change in location profile for a user within an \nindividual application. The intent is to hunt for user account compromise, possibly via a specific application\nvector.\nThis variation of the query joins the results back onto the original sign-in data to allow review of the \nlocation set with each identified user in tabular form.",
                        "version": "1.0.0",
                        "author": {
                          "name": "Shain"
                        },
                        "support": {
                          "tier": "Community",
                          "name": "Community",
                          "link": "https://github.com/Azure/Azure-Sentinel/issues"
                        },
                        "source": {
                          "kind": "Community",
                          "name": "Standalone"
                        },
                        "threatAnalysisTactics": [
                          "InitialAccess"
                        ],
                        "threatAnalyticsTechniques": [
                          "T1078"
                        ],
                        "contentId": "7f6e8f14-62fa-4ce6-a490-c07f1d9888ba",
                        "parentId": "7f6e8f14-62fa-4ce6-a490-c07f1d9888ba",
                        "kind": "HuntingQuery",
                        "dependencies": {
                          "operator": "AND",
                          "criteria": [
                            {
                              "contentId": "SigninLogs",
                              "kind": "DataType"
                            }
                          ]
                        }
                      }
                    }
                  ]
                }
              }
            }
          ]
        },
        "author": {
          "name": "Shain"
        },
        "categories": {
          "domains": [
            "Security - Other",
            "Identity"
          ]
        },
        "dependencies": {
          "operator": "AND",
          "criteria": [
            {
              "contentId": "7f6e8f14-62fa-4ce6-a490-c07f1d9888ba",
              "kind": "HuntingQuery"
            }
          ]
        },
        "description": "This query over Azure Active Directory sign-in considers all user sign-ins for each Azure Active \nDirectory application and picks out the most anomalous change in location profile for a user within an \nindividual application. The intent is to hunt for user account compromise, possibly via a specific application\nvector.\nThis variation of the query joins the results back onto the original sign-in data to allow review of the \nlocation set with each identified user in tabular form.",
        "displayName": "Anomalous sign-in location by user account and authenticating application - with sign-in details",
        "packageId": "7f6e8f14-62fa-4ce6-a490-c07f1d9888ba",
        "source": {
          "kind": "Community",
          "name": "Standalone"
        },
        "support": {
          "tier": "Community",
          "name": "Community",
          "link": "https://github.com/Azure/Azure-Sentinel/issues"
        },
        "threatAnalysisTactics": [
          "InitialAccess"
        ],
        "threatAnalyticsTechniques": [
          "T1078"
        ],
        "version": "1.0.0"
      },
      "name": "7f6e8f14-62fa-4ce6-a490-c07f1d9888ba"
    }
  ]
}