{
  "$schema": "https://schema.management.azure.com/schemas/2019-04-01/deploymentTemplate.json#",
  "contentVersion": "1.0.0",
  "parameters": {
    "location": {
      "type": "string",
      "minLength": 1,
      "defaultValue": "[resourceGroup().location]",
      "metadata": {
        "description": "Not used, but needed to pass arm-ttk test `Location-Should-Not-Be-Hardcoded`.  We instead use the `workspace-location` which is derived from the LA workspace"
      }
    },
    "workspace": {
      "defaultValue": "",
      "type": "string",
      "metadata": {
        "description": "Workspace name for Log Analytics where Microsoft Sentinel is setup"
      }
    },
    "workspace-location": {
      "type": "string",
      "defaultValue": "",
      "metadata": {
        "description": "[concat('Region to deploy solution resources -- separate from location selection',parameters('location'))]"
      }
    }
  },
  "resources": [
    {
      "type": "Microsoft.OperationalInsights/workspaces/providers/contentTemplates",
      "name": "[concat(parameters('workspace'),'/Microsoft.SecurityInsights/',concat(concat(parameters('workspace'),'-hq-',uniquestring('b9b0fd12-d72d-4f66-a013-c1acdeea2670')),'1.0.0'))]",
      "location": "[parameters('workspace-location')]",
      "apiVersion": "2023-03-01-preview",
      "dependsOn": [
        "[extensionResourceId(resourceId('Microsoft.OperationalInsights/workspaces', parameters('workspace')), 'Microsoft.SecurityInsights/contentPackages', 'azuresentinel.azure-sentinel-solution-amazonwebservices')]"
      ],
      "properties": {
        "contentId": "b9b0fd12-d72d-4f66-a013-c1acdeea2670",
        "displayName": "",
        "contentKind": "HuntingQuery",
        "mainTemplate": {
          "resources": [
            {
              "type": "Microsoft.OperationalInsights/savedSearches",
              "apiVersion": "2020-08-01",
              "name": "Amazon_Web_Services_Hunting_Query_28",
              "location": "[parameters('workspace-location')]",
              "properties": {
                "eTag": "*",
                "displayName": "RDS instance master password changed",
                "category": "Hunting Queries",
                "query": "AWSCloudTrail\n| where  EventName == \"ModifyDBCluster\" and isempty(ErrorCode) and isempty(ErrorMessage)\n| where isnotempty(tostring(parse_json(RequestParameters).masterUserPassword))\n| extend UserIdentityUserName = iff(isnotempty(UserIdentityUserName), UserIdentityUserName, tostring(split(UserIdentityArn,'/')[-1]))\n| extend timestamp = TimeGenerated, IPCustomEntity = SourceIpAddress, AccountCustomEntity = UserIdentityUserName\n",
                "version": 2,
                "tags": [
                  {
                    "name": "description",
                    "value": "Detected change of the RDS Master password. Verify if this was intentional, or if it was caused by a malicious actor."
                  },
                  {
                    "name": "tactics",
                    "value": "PrivilegeEscalation"
                  },
                  {
                    "name": "techniques",
                    "value": "T1484"
                  }
                ]
              }
            },
            {
              "type": "Microsoft.OperationalInsights/workspaces/providers/metadata",
              "apiVersion": "2022-01-01-preview",
              "name": "[concat(parameters('workspace'),'/Microsoft.SecurityInsights/',concat('HuntingQuery-', last(split(resourceId('Microsoft.OperationalInsights/savedSearches', 'b9b0fd12-d72d-4f66-a013-c1acdeea2670'),'/'))))]",
              "properties": {
                "description": "Amazon Web Services Hunting Query 28",
                "parentId": "[resourceId('Microsoft.OperationalInsights/savedSearches', 'b9b0fd12-d72d-4f66-a013-c1acdeea2670')]",
                "contentId": "b9b0fd12-d72d-4f66-a013-c1acdeea2670",
                "kind": "HuntingQuery",
                "version": "1.0.0",
                "source": {
                  "kind": "Solution",
                  "name": "Amazon Web Services",
                  "sourceId": "azuresentinel.azure-sentinel-solution-amazonwebservices"
                },
                "author": {
                  "name": "Microsoft"
                },
                "support": {
                  "name": "Microsoft Corporation",
                  "email": "support@microsoft.com",
                  "tier": "Microsoft",
                  "link": "https://support.microsoft.com"
                }
              }
            }
          ]
        },
        "packageKind": "Solution",
        "packageVersion": "2.0.5",
        "packageName": "Amazon Web Services",
        "packageId": "azuresentinel.azure-sentinel-solution-amazonwebservices",
        "contentSchemaVersion": "3.0.0"
      }
    }
  ]
}