{
  "$schema": "https://schema.management.azure.com/schemas/2019-04-01/deploymentTemplate.json#",
  "contentVersion": "1.1.1",
  "parameters": {
    "location": {
      "type": "string",
      "minLength": 1,
      "defaultValue": "[resourceGroup().location]",
      "metadata": {
        "description": "Not used, but needed to pass arm-ttk test `Location-Should-Not-Be-Hardcoded`.  We instead use the `workspace-location` which is derived from the LA workspace"
      }
    },
    "workspace": {
      "defaultValue": "",
      "type": "string",
      "metadata": {
        "description": "Workspace name for Log Analytics where Microsoft Sentinel is setup"
      }
    },
    "workspace-location": {
      "type": "string",
      "defaultValue": "",
      "metadata": {
        "description": "[concat('Region to deploy solution resources -- separate from location selection',parameters('location'))]"
      }
    }
  },
  "resources": [
    {
      "type": "Microsoft.OperationalInsights/workspaces/providers/contentTemplates",
      "name": "[concat(parameters('workspace'),'/Microsoft.SecurityInsights/',concat(concat(parameters('workspace'),'-ar-',uniquestring('f8127962-7739-4211-a4a9-390a7a00e91f')),'1.1.1'))]",
      "location": "[parameters('workspace-location')]",
      "apiVersion": "2023-03-01-preview",
      "dependsOn": [
        "[extensionResourceId(resourceId('Microsoft.OperationalInsights/workspaces', parameters('workspace')), 'Microsoft.SecurityInsights/contentPackages', 'azuresentinel.azure-sentinel-proofpointpod')]"
      ],
      "properties": {
        "contentId": "f8127962-7739-4211-a4a9-390a7a00e91f",
        "displayName": "ProofpointPOD - Multiple protected emails to unknown recipient",
        "contentKind": "AnalyticsRule",
        "mainTemplate": {
          "resources": [
            {
              "type": "Microsoft.SecurityInsights/AlertRuleTemplates",
              "name": "f8127962-7739-4211-a4a9-390a7a00e91f",
              "apiVersion": "2022-04-01-preview",
              "kind": "Scheduled",
              "location": "[parameters('workspace-location')]",
              "properties": {
                "description": "Detects when multiple protected messages where sent to early not seen recipient.",
                "displayName": "ProofpointPOD - Multiple protected emails to unknown recipient",
                "enabled": false,
                "query": "let lbtime = 30m;\nlet lbperiod = 14d;\nlet knownrecipients = ProofpointPOD\n| where TimeGenerated > ago(lbperiod)\n| where EventType == 'message'\n| where NetworkDirection == 'outbound'\n| where SrcUserUpn != ''\n| where array_length(todynamic(DstUserUpn)) == 1\n| summarize recipients = make_set(tostring(todynamic(DstUserUpn)[0])) by SrcUserUpn\n| extend commcol = SrcUserUpn;\nProofpointPOD\n| where TimeGenerated between (ago(lbtime) .. now())\n| where EventType == 'message'\n| where NetworkDirection == 'outbound'\n| extend isProtected = todynamic(MsgParts)[0]['isProtected']\n| extend mimePgp = todynamic(MsgParts)[0]['detectedMime']\n| where isProtected == 'true' or mimePgp == 'application/pgp-encrypted'\n| extend DstUserMail = tostring(todynamic(DstUserUpn)[0])\n| extend commcol = tostring(todynamic(DstUserUpn)[0])\n| join knownrecipients on commcol\n| where recipients !contains DstUserMail\n| project SrcUserUpn, DstUserMail\n| extend AccountCustomEntity = SrcUserUpn\n",
                "queryFrequency": "PT30M",
                "queryPeriod": "PT30M",
                "severity": "Medium",
                "suppressionDuration": "PT1H",
                "suppressionEnabled": false,
                "triggerOperator": "GreaterThan",
                "triggerThreshold": 0,
                "status": "Available",
                "requiredDataConnectors": [
                  {
                    "dataTypes": [
                      "ProofpointPOD_message_CL"
                    ],
                    "connectorId": "ProofpointPOD"
                  }
                ],
                "tactics": [
                  "Exfiltration"
                ],
                "entityMappings": [
                  {
                    "fieldMappings": [
                      {
                        "identifier": "FullName",
                        "columnName": "AccountCustomEntity"
                      }
                    ],
                    "entityType": "Account"
                  }
                ]
              }
            },
            {
              "type": "Microsoft.OperationalInsights/workspaces/providers/metadata",
              "apiVersion": "2022-01-01-preview",
              "name": "[concat(parameters('workspace'),'/Microsoft.SecurityInsights/',concat('AnalyticsRule-', last(split(resourceId('Microsoft.SecurityInsights/AlertRuleTemplates', 'f8127962-7739-4211-a4a9-390a7a00e91f'),'/'))))]",
              "properties": {
                "description": "Proofpoint On demand(POD) Email Security Analytics Rule 6",
                "parentId": "[resourceId('Microsoft.SecurityInsights/AlertRuleTemplates', 'f8127962-7739-4211-a4a9-390a7a00e91f')]",
                "contentId": "f8127962-7739-4211-a4a9-390a7a00e91f",
                "kind": "AnalyticsRule",
                "version": "1.1.1",
                "source": {
                  "kind": "Solution",
                  "name": "Proofpoint On demand(POD) Email Security",
                  "sourceId": "azuresentinel.azure-sentinel-proofpointpod"
                },
                "author": {
                  "name": "Microsoft",
                  "email": "support@microsoft.com"
                },
                "support": {
                  "tier": "Microsoft",
                  "name": "Microsoft Corporation",
                  "email": "support@microsoft.com",
                  "link": "https://support.microsoft.com/"
                }
              }
            }
          ]
        },
        "packageKind": "Solution",
        "packageVersion": "2.0.4",
        "packageName": "Proofpoint On demand (POD) Email Security",
        "packageId": "azuresentinel.azure-sentinel-proofpointpod",
        "contentSchemaVersion": "3.0.0"
      }
    }
  ]
}