{
  "$schema": "https://schema.management.azure.com/schemas/2019-04-01/deploymentTemplate.json#",
  "contentVersion": "1.0.0",
  "parameters": {
    "location": {
      "type": "string",
      "minLength": 1,
      "defaultValue": "[resourceGroup().location]",
      "metadata": {
        "description": "Not used, but needed to pass arm-ttk test `Location-Should-Not-Be-Hardcoded`.  We instead use the `workspace-location` which is derived from the LA workspace"
      }
    },
    "workspace": {
      "defaultValue": "",
      "type": "string",
      "metadata": {
        "description": "Workspace name for Log Analytics where Microsoft Sentinel is setup"
      }
    },
    "workspace-location": {
      "type": "string",
      "defaultValue": "",
      "metadata": {
        "description": "[concat('Region to deploy solution resources -- separate from location selection',parameters('location'))]"
      }
    }
  },
  "resources": [
    {
      "type": "Microsoft.OperationalInsights/workspaces/providers/contentTemplates",
      "name": "[concat(parameters('workspace'),'/Microsoft.SecurityInsights/',concat(concat(parameters('workspace'),'-ar-',uniquestring('60dfc193-0f73-4279-b43c-110ade02b201')),'1.0.0'))]",
      "location": "[parameters('workspace-location')]",
      "apiVersion": "2023-03-01-preview",
      "dependsOn": [
        "[extensionResourceId(resourceId('Microsoft.OperationalInsights/workspaces', parameters('workspace')), 'Microsoft.SecurityInsights/contentPackages', 'azuresentinel.azure-sentinel-solution-amazonwebservices')]"
      ],
      "properties": {
        "contentId": "60dfc193-0f73-4279-b43c-110ade02b201",
        "displayName": "Suspicious overly permessive KMS key policy created",
        "contentKind": "AnalyticsRule",
        "mainTemplate": {
          "resources": [
            {
              "type": "Microsoft.SecurityInsights/AlertRuleTemplates",
              "name": "60dfc193-0f73-4279-b43c-110ade02b201",
              "apiVersion": "2022-04-01-preview",
              "kind": "Scheduled",
              "location": "[parameters('workspace-location')]",
              "properties": {
                "description": "An overly permissive key policy was created, resulting in KMS keys where the kms:Encrypt action is accessible to everyone (even outside of the organization). This could mean that your account is compromised and that the attacker is using the encryption key to compromise other organizations.",
                "displayName": "Suspicious overly permessive KMS key policy created",
                "enabled": false,
                "query": "AWSCloudTrail\n| where EventName in (\"CreateKey\",\"PutKeyPolicy\") and isempty(ErrorCode) and isempty(ErrorMessage)\n| extend Statement = parse_json(tostring((parse_json(RequestParameters).policy))).Statement\n| mvexpand Statement\n| extend Action = tostring(parse_json(Statement).Action), Effect = tostring(parse_json(Statement).Effect), Principal = iff(isnotempty(tostring(parse_json(Statement).Principal.AWS)),tostring(parse_json(Statement).Principal.AWS), tostring(parse_json(Statement).Principal))\n| where Effect =~ \"Allow\" and (Action == \"kms:Encrypt\" or Action == \"kms:*\") and Principal == \"*\"\n| extend UserIdentityUserName = iff(isnotempty(UserIdentityUserName), UserIdentityUserName, tostring(split(UserIdentityArn,'/')[-1]))\n| extend timestamp = TimeGenerated, IPCustomEntity = SourceIpAddress, AccountCustomEntity = UserIdentityUserName\n",
                "queryFrequency": "P1D",
                "queryPeriod": "P1D",
                "severity": "High",
                "suppressionDuration": "PT1H",
                "suppressionEnabled": false,
                "triggerOperator": "GreaterThan",
                "triggerThreshold": 0,
                "status": "Available",
                "requiredDataConnectors": [
                  {
                    "dataTypes": [
                      "AWSCloudTrail"
                    ],
                    "connectorId": "AWS"
                  }
                ],
                "tactics": [
                  "Impact"
                ],
                "techniques": [
                  "T1486"
                ],
                "entityMappings": [
                  {
                    "entityType": "Account",
                    "fieldMappings": [
                      {
                        "identifier": "FullName",
                        "columnName": "AccountCustomEntity"
                      }
                    ]
                  },
                  {
                    "entityType": "IP",
                    "fieldMappings": [
                      {
                        "identifier": "Address",
                        "columnName": "IPCustomEntity"
                      }
                    ]
                  }
                ]
              }
            },
            {
              "type": "Microsoft.OperationalInsights/workspaces/providers/metadata",
              "apiVersion": "2022-01-01-preview",
              "name": "[concat(parameters('workspace'),'/Microsoft.SecurityInsights/',concat('AnalyticsRule-', last(split(resourceId('Microsoft.SecurityInsights/AlertRuleTemplates', '60dfc193-0f73-4279-b43c-110ade02b201'),'/'))))]",
              "properties": {
                "description": "Amazon Web Services Analytics Rule 30",
                "parentId": "[resourceId('Microsoft.SecurityInsights/AlertRuleTemplates', '60dfc193-0f73-4279-b43c-110ade02b201')]",
                "contentId": "60dfc193-0f73-4279-b43c-110ade02b201",
                "kind": "AnalyticsRule",
                "version": "1.0.0",
                "source": {
                  "kind": "Solution",
                  "name": "Amazon Web Services",
                  "sourceId": "azuresentinel.azure-sentinel-solution-amazonwebservices"
                },
                "author": {
                  "name": "Microsoft"
                },
                "support": {
                  "name": "Microsoft Corporation",
                  "email": "support@microsoft.com",
                  "tier": "Microsoft",
                  "link": "https://support.microsoft.com"
                }
              }
            }
          ]
        },
        "packageKind": "Solution",
        "packageVersion": "2.0.5",
        "packageName": "Amazon Web Services",
        "packageId": "azuresentinel.azure-sentinel-solution-amazonwebservices",
        "contentSchemaVersion": "3.0.0"
      }
    }
  ]
}