{
  "$schema": "https://schema.management.azure.com/schemas/2019-04-01/deploymentTemplate.json#",
  "contentVersion": "1.0.0",
  "parameters": {
    "location": {
      "type": "string",
      "minLength": 1,
      "defaultValue": "[resourceGroup().location]",
      "metadata": {
        "description": "Not used, but needed to pass arm-ttk test `Location-Should-Not-Be-Hardcoded`.  We instead use the `workspace-location` which is derived from the LA workspace"
      }
    },
    "workspace": {
      "defaultValue": "",
      "type": "string",
      "metadata": {
        "description": "Workspace name for Log Analytics where Microsoft Sentinel is setup"
      }
    },
    "workspace-location": {
      "type": "string",
      "defaultValue": "",
      "metadata": {
        "description": "[concat('Region to deploy solution resources -- separate from location selection',parameters('location'))]"
      }
    }
  },
  "resources": [
    {
      "type": "Microsoft.OperationalInsights/workspaces/providers/contentTemplates",
      "name": "[concat(parameters('workspace'),'/Microsoft.SecurityInsights/',concat(concat(parameters('workspace'),'-hq-',uniquestring('d022a62c-643b-4e8a-b583-0230e32a96e4')),'1.0.0'))]",
      "location": "[parameters('workspace-location')]",
      "apiVersion": "2023-03-01-preview",
      "dependsOn": [
        "[extensionResourceId(resourceId('Microsoft.OperationalInsights/workspaces', parameters('workspace')), 'Microsoft.SecurityInsights/contentPackages', 'azuresentinel.azure-sentinel-solution-amazonwebservices')]"
      ],
      "properties": {
        "contentId": "d022a62c-643b-4e8a-b583-0230e32a96e4",
        "displayName": "",
        "contentKind": "HuntingQuery",
        "mainTemplate": {
          "resources": [
            {
              "type": "Microsoft.OperationalInsights/savedSearches",
              "apiVersion": "2020-08-01",
              "name": "Amazon_Web_Services_Hunting_Query_17",
              "location": "[parameters('workspace-location')]",
              "properties": {
                "eTag": "*",
                "displayName": "Changes made to AWS IAM objects",
                "category": "Hunting Queries",
                "query": "AWSCloudTrail\n | where  EventName in~ (\"DeleteUser\", \"DeleteGroup\", \"CreateUser\") and isempty(ErrorMessage) and isempty(ErrorCode)\n | project TimeGenerated, EventName, EventTypeName, UserIdentityAccountId, UserIdentityPrincipalid, UserAgent, \n   UserIdentityUserName, SessionMfaAuthenticated, SourceIpAddress, AWSRegion, EventSource, AdditionalEventData, ResponseElements\n | extend timestamp = TimeGenerated, IPCustomEntity = SourceIpAddress, AccountCustomEntity = UserIdentityAccountId\n",
                "version": 2,
                "tags": [
                  {
                    "name": "description",
                    "value": "Identity and Access Management (IAM) securely manages access to AWS services and resources.\nThis query looks for when an API call is made to change an IAM, particularly those related to new objects being created or deleted. If these turn out to be noisy, filter out the most common for your environment."
                  },
                  {
                    "name": "tactics",
                    "value": "PrivilegeEscalation,DefenseEvasion"
                  },
                  {
                    "name": "techniques",
                    "value": "T1078,T1484"
                  }
                ]
              }
            },
            {
              "type": "Microsoft.OperationalInsights/workspaces/providers/metadata",
              "apiVersion": "2022-01-01-preview",
              "name": "[concat(parameters('workspace'),'/Microsoft.SecurityInsights/',concat('HuntingQuery-', last(split(resourceId('Microsoft.OperationalInsights/savedSearches', 'd022a62c-643b-4e8a-b583-0230e32a96e4'),'/'))))]",
              "properties": {
                "description": "Amazon Web Services Hunting Query 17",
                "parentId": "[resourceId('Microsoft.OperationalInsights/savedSearches', 'd022a62c-643b-4e8a-b583-0230e32a96e4')]",
                "contentId": "d022a62c-643b-4e8a-b583-0230e32a96e4",
                "kind": "HuntingQuery",
                "version": "1.0.0",
                "source": {
                  "kind": "Solution",
                  "name": "Amazon Web Services",
                  "sourceId": "azuresentinel.azure-sentinel-solution-amazonwebservices"
                },
                "author": {
                  "name": "Microsoft"
                },
                "support": {
                  "name": "Microsoft Corporation",
                  "email": "support@microsoft.com",
                  "tier": "Microsoft",
                  "link": "https://support.microsoft.com"
                }
              }
            }
          ]
        },
        "packageKind": "Solution",
        "packageVersion": "2.0.5",
        "packageName": "Amazon Web Services",
        "packageId": "azuresentinel.azure-sentinel-solution-amazonwebservices",
        "contentSchemaVersion": "3.0.0"
      }
    }
  ]
}