{
  "$schema": "https://schema.management.azure.com/schemas/2019-04-01/deploymentTemplate.json#",
  "contentVersion": "1.0.0",
  "parameters": {
    "location": {
      "type": "string",
      "minLength": 1,
      "defaultValue": "[resourceGroup().location]",
      "metadata": {
        "description": "Not used, but needed to pass arm-ttk test `Location-Should-Not-Be-Hardcoded`.  We instead use the `workspace-location` which is derived from the LA workspace"
      }
    },
    "workspace": {
      "defaultValue": "",
      "type": "string",
      "metadata": {
        "description": "Workspace name for Log Analytics where Microsoft Sentinel is setup"
      }
    }
  },
  "resources": [
    {
      "type": "Microsoft.OperationalInsights/workspaces/providers/contentTemplates",
      "name": "[concat(parameters('workspace'),'/Microsoft.SecurityInsights/',concat(concat(parameters('workspace'),'-dc-',uniquestring('AkamaiSecurityEvents')),'1.0.0'))]",
      "location": "[parameters('workspace-location')]",
      "apiVersion": "2023-03-01-preview",
      "dependsOn": [
        "[extensionResourceId(resourceId('Microsoft.OperationalInsights/workspaces', parameters('workspace')), 'Microsoft.SecurityInsights/contentPackages', 'azuresentinel.azure-sentinel-solution-akamai')]"
      ],
      "properties": {
        "contentId": "AkamaiSecurityEvents",
        "displayName": "Akamai Security Events",
        "contentKind": "DataConnector",
        "mainTemplate": {
          "resources": [
            {
              "name": "[concat(parameters('workspace'),'/Microsoft.SecurityInsights/','AkamaiSecurityEvents')]",
              "apiVersion": "2021-03-01-preview",
              "type": "Microsoft.OperationalInsights/workspaces/providers/dataConnectors",
              "location": "[parameters('workspace-location')]",
              "kind": "GenericUI",
              "properties": {
                "connectorUiConfig": {
                  "id": "AkamaiSecurityEvents",
                  "title": "Akamai Security Events",
                  "publisher": "Akamai",
                  "descriptionMarkdown": "Akamai Solution for Sentinel provides the capability to ingest [Akamai Security Events](https://www.akamai.com/us/en/products/security/) into Microsoft Sentinel. Refer to [Akamai SIEM Integration documentation](https://developer.akamai.com/tools/integrations/siem) for more information.",
                  "additionalRequirementBanner": "This data connector depends on a parser based on Kusto Function to work as expected. Follow the steps to use this Kusto Function alias **AkamaiSIEMEvent** in queries and workbooks. [Follow steps to get this Kusto Function>](https://aka.ms/sentinel-akamaisecurityevents-parser)  ",
                  "graphQueries": [
                    {
                      "metricName": "Total data received",
                      "legend": "AkamaiSecurityEvents",
                      "baseQuery": "CommonSecurityLog\n| where DeviceVendor == \"Akamai\"\n| where DeviceProduct == \"akamai_siem\""
                    }
                  ],
                  "sampleQueries": [
                    {
                      "description": "Top 10 Countries",
                      "query": "AkamaiSIEMEvent\n | summarize count() by SrcGeoCountry\n | top 10 by count_"
                    }
                  ],
                  "dataTypes": [
                    {
                      "name": "CommonSecurityLog (AkamaiSecurityEvents)",
                      "lastDataReceivedQuery": "CommonSecurityLog\n | where DeviceVendor == \"Akamai\"\n | where DeviceProduct == \"akamai_siem\"\n | summarize Time = max(TimeGenerated)\n| where isnotempty(Time)"
                    }
                  ],
                  "connectivityCriterias": [
                    {
                      "type": "IsConnectedQuery",
                      "value": [
                        "CommonSecurityLog\n | where DeviceVendor == \"Akamai\"\n | where DeviceProduct == \"akamai_siem\"\n | summarize LastLogReceived = max(TimeGenerated)\n| project IsConnected = LastLogReceived > ago(30d)"
                      ]
                    }
                  ],
                  "availability": {
                    "status": 1,
                    "isPreview": false
                  },
                  "permissions": {
                    "resourceProvider": [
                      {
                        "provider": "Microsoft.OperationalInsights/workspaces",
                        "permissionsDisplayText": "read and write permissions are required.",
                        "providerDisplayName": "Workspace",
                        "scope": "Workspace",
                        "requiredPermissions": {
                          "read": true,
                          "write": true,
                          "delete": true
                        }
                      },
                      {
                        "provider": "Microsoft.OperationalInsights/workspaces/sharedKeys",
                        "permissionsDisplayText": "read permissions to shared keys for the workspace are required. [See the documentation to learn more about workspace keys](https://docs.microsoft.com/azure/azure-monitor/platform/agent-windows#obtain-workspace-id-and-key).",
                        "providerDisplayName": "Keys",
                        "scope": "Workspace",
                        "requiredPermissions": {
                          "action": true
                        }
                      }
                    ]
                  },
                  "instructionSteps": [
                    {
                      "description": ">**NOTE:** This data connector depends on a parser based on a Kusto Function to work as expected. [Follow these steps](https://aka.ms/sentinel-akamaisecurityevents-parser) to create the Kusto functions alias, **AkamaiSIEMEvent**"
                    },
                    {
                      "description": "Install and configure the Linux agent to collect your Common Event Format (CEF) Syslog messages and forward them to Microsoft Sentinel.\n\n> Notice that the data from all regions will be stored in the selected workspace",
                      "innerSteps": [
                        {
                          "title": "1.1 Select or create a Linux machine",
                          "description": "Select or create a Linux machine that Microsoft Sentinel will use as the proxy between your security solution and Microsoft Sentinel this machine can be on your on-prem environment, Azure or other clouds."
                        },
                        {
                          "title": "1.2 Install the CEF collector on the Linux machine",
                          "description": "Install the Microsoft Monitoring Agent on your Linux machine and configure the machine to listen on the necessary port and forward messages to your Microsoft Sentinel workspace. The CEF collector collects CEF messages on port 514 TCP.\n\n> 1. Make sure that you have Python on your machine using the following command: python -version.\n\n> 2. You must have elevated permissions (sudo) on your machine.",
                          "instructions": [
                            {
                              "parameters": {
                                "fillWith": [
                                  "WorkspaceId",
                                  "PrimaryKey"
                                ],
                                "label": "Run the following command to install and apply the CEF collector:",
                                "value": "sudo wget -O cef_installer.py https://raw.githubusercontent.com/Azure/Azure-Sentinel/master/DataConnectors/CEF/cef_installer.py&&sudo python cef_installer.py {0} {1}"
                              },
                              "type": "CopyableLabel"
                            }
                          ]
                        }
                      ],
                      "title": "1. Linux Syslog agent configuration"
                    },
                    {
                      "description": "[Follow these steps](https://developer.akamai.com/tools/integrations/siem) to configure Akamai CEF connector to send Syslog messages in CEF format to the proxy machine. Make sure you to send the logs to port 514 TCP on the machine's IP address.",
                      "title": "2. Forward Common Event Format (CEF) logs to Syslog agent"
                    },
                    {
                      "description": "Follow the instructions to validate your connectivity:\n\nOpen Log Analytics to check if the logs are received using the CommonSecurityLog schema.\n\n>It may take about 20 minutes until the connection streams data to your workspace.\n\nIf the logs are not received, run the following connectivity validation script:\n\n> 1. Make sure that you have Python on your machine using the following command: python -version\n\n>2. You must have elevated permissions (sudo) on your machine",
                      "instructions": [
                        {
                          "parameters": {
                            "fillWith": [
                              "WorkspaceId"
                            ],
                            "label": "Run the following command to validate your connectivity:",
                            "value": "sudo wget  -O cef_troubleshoot.py https://raw.githubusercontent.com/Azure/Azure-Sentinel/master/DataConnectors/CEF/cef_troubleshoot.py&&sudo python cef_troubleshoot.py  {0}"
                          },
                          "type": "CopyableLabel"
                        }
                      ],
                      "title": "3. Validate connection"
                    },
                    {
                      "description": "Make sure to configure the machine's security according to your organization's security policy\n\n\n[Learn more >](https://aka.ms/SecureCEF)",
                      "title": "4. Secure your machine "
                    }
                  ]
                }
              }
            },
            {
              "type": "Microsoft.OperationalInsights/workspaces/providers/metadata",
              "apiVersion": "2022-01-01-preview",
              "name": "[concat(parameters('workspace'),'/Microsoft.SecurityInsights/',concat('DataConnector-', last(split(extensionResourceId(resourceId('Microsoft.OperationalInsights/workspaces', parameters('workspace')), 'Microsoft.SecurityInsights/dataConnectors', 'AkamaiSecurityEvents'),'/'))))]",
              "properties": {
                "parentId": "[extensionResourceId(resourceId('Microsoft.OperationalInsights/workspaces', parameters('workspace')), 'Microsoft.SecurityInsights/dataConnectors', 'AkamaiSecurityEvents')]",
                "contentId": "AkamaiSecurityEvents",
                "kind": "DataConnector",
                "version": "1.0.0",
                "source": {
                  "kind": "Solution",
                  "name": "Akamai Security Events",
                  "sourceId": "azuresentinel.azure-sentinel-solution-akamai"
                },
                "author": {
                  "name": "Microsoft",
                  "email": "support@microsoft.com"
                },
                "support": {
                  "name": "Microsoft Corporation",
                  "email": "support@microsoft.com",
                  "tier": "Microsoft",
                  "link": "https://support.microsoft.com"
                }
              }
            }
          ]
        },
        "packageKind": "Solution",
        "packageVersion": "2.0.1",
        "packageName": "Akamai Security",
        "packageId": "azuresentinel.azure-sentinel-solution-akamai",
        "contentSchemaVersion": "3.0.0"
      }
    }
  ]
}