{
  "$schema": "https://schema.management.azure.com/schemas/2019-04-01/deploymentTemplate.json#",
  "contentVersion": "1.0.1",
  "parameters": {
    "location": {
      "type": "string",
      "minLength": 1,
      "defaultValue": "[resourceGroup().location]",
      "metadata": {
        "description": "Not used, but needed to pass arm-ttk test `Location-Should-Not-Be-Hardcoded`.  We instead use the `workspace-location` which is derived from the LA workspace"
      }
    },
    "workspace": {
      "defaultValue": "",
      "type": "string",
      "metadata": {
        "description": "Workspace name for Log Analytics where Microsoft Sentinel is setup"
      }
    },
    "workspace-location": {
      "type": "string",
      "defaultValue": "",
      "metadata": {
        "description": "[concat('Region to deploy solution resources -- separate from location selection',parameters('location'))]"
      }
    }
  },
  "resources": [
    {
      "type": "Microsoft.OperationalInsights/workspaces/providers/contentTemplates",
      "name": "[concat(parameters('workspace'),'/Microsoft.SecurityInsights/',concat(concat(parameters('workspace'),'-ar-',uniquestring('322d4765-be6b-4868-9e3f-138a4f339dd6')),'1.0.1'))]",
      "location": "[parameters('workspace-location')]",
      "apiVersion": "2023-03-01-preview",
      "dependsOn": [
        "[extensionResourceId(resourceId('Microsoft.OperationalInsights/workspaces', parameters('workspace')), 'Microsoft.SecurityInsights/contentPackages', 'armorblox1601081599926.armorblox_sentinel_1')]"
      ],
      "properties": {
        "contentId": "322d4765-be6b-4868-9e3f-138a4f339dd6",
        "displayName": "Armorblox Needs Review Alert",
        "contentKind": "AnalyticsRule",
        "mainTemplate": {
          "resources": [
            {
              "type": "Microsoft.SecurityInsights/AlertRuleTemplates",
              "name": "322d4765-be6b-4868-9e3f-138a4f339dd6",
              "apiVersion": "2022-04-01-preview",
              "kind": "Scheduled",
              "location": "[parameters('workspace-location')]",
              "properties": {
                "description": "This rule generates an alert for an Armorblox incident where the remediation action is \"Needs Review\".",
                "displayName": "Armorblox Needs Review Alert",
                "enabled": false,
                "query": "Armorblox_CL | where remediation_actions_s contains \"Needs Review\"",
                "queryFrequency": "PT10M",
                "queryPeriod": "PT10M",
                "severity": "Medium",
                "suppressionDuration": "PT1H",
                "suppressionEnabled": false,
                "triggerOperator": "GreaterThan",
                "triggerThreshold": 0,
                "status": "Available",
                "requiredDataConnectors": [
                  {
                    "connectorId": "Armorblox",
                    "dataTypes": [
                      "Armorblox_CL"
                    ]
                  }
                ],
                "eventGroupingSettings": {
                  "aggregationKind": "AlertPerResult"
                },
                "customDetails": {
                  "IncidentId": "id_s",
                  "RemediationAction": "remediation_actions_s"
                },
                "alertDetailsOverride": {
                  "alertSeverityColumnName": "priority_s",
                  "alertDisplayNameFormat": "Alert from Armorblox",
                  "alertDescriptionFormat": "Incident {{id_s}} generated at {{date_t}} needs review "
                },
                "incidentConfiguration": {
                  "groupingConfiguration": {
                    "enabled": false,
                    "reopenClosedIncident": false,
                    "matchingMethod": "AllEntities",
                    "lookbackDuration": "10m"
                  },
                  "createIncident": true
                }
              }
            },
            {
              "type": "Microsoft.OperationalInsights/workspaces/providers/metadata",
              "apiVersion": "2022-01-01-preview",
              "name": "[concat(parameters('workspace'),'/Microsoft.SecurityInsights/',concat('AnalyticsRule-', last(split(resourceId('Microsoft.SecurityInsights/AlertRuleTemplates', '322d4765-be6b-4868-9e3f-138a4f339dd6'),'/'))))]",
              "properties": {
                "description": "Armorblox Analytics Rule 1",
                "parentId": "[resourceId('Microsoft.SecurityInsights/AlertRuleTemplates', '322d4765-be6b-4868-9e3f-138a4f339dd6')]",
                "contentId": "322d4765-be6b-4868-9e3f-138a4f339dd6",
                "kind": "AnalyticsRule",
                "version": "1.0.1",
                "source": {
                  "kind": "Solution",
                  "name": "Armorblox",
                  "sourceId": "armorblox1601081599926.armorblox_sentinel_1"
                },
                "author": {
                  "name": "Armorblox",
                  "email": "support@armorblox.com"
                },
                "support": {
                  "name": "armorblox",
                  "tier": "Partner",
                  "link": "https://www.armorblox.com/contact/"
                }
              }
            }
          ]
        },
        "packageKind": "Solution",
        "packageVersion": "2.0.1",
        "packageName": "Armorblox for Microsoft Sentinel",
        "packageId": "armorblox1601081599926.armorblox_sentinel_1",
        "contentSchemaVersion": "3.0.0"
      }
    }
  ]
}