{
  "$schema": "https://schema.management.azure.com/schemas/2019-04-01/deploymentTemplate.json#",
  "contentVersion": "1.0.0.0",
  "metadata": {
    "author": "Armorblox - support@armorblox.com",
    "comments": "Solution template for Armorblox"
  },
  "parameters": {
    "location": {
      "type": "string",
      "minLength": 1,
      "defaultValue": "[resourceGroup().location]",
      "metadata": {
        "description": "Not used, but needed to pass arm-ttk test `Location-Should-Not-Be-Hardcoded`.  We instead use the `workspace-location` which is derived from the LA workspace"
      }
    },
    "workspace-location": {
      "type": "string",
      "defaultValue": "",
      "metadata": {
        "description": "[concat('Region to deploy solution resources -- separate from location selection',parameters('location'))]"
      }
    },
    "workspace": {
      "defaultValue": "",
      "type": "string",
      "metadata": {
        "description": "Workspace name for Log Analytics where Microsoft Sentinel is setup"
      }
    },
    "workbook1-name": {
      "type": "string",
      "defaultValue": "Armorblox",
      "minLength": 1,
      "metadata": {
        "description": "Name for the workbook"
      }
    }
  },
  "resources": [
    {
      "name": "pid-9d1f553b-e859-48e8-902a-dbbc11a6fb31-partnercenter",
      "type": "Microsoft.Resources/deployments",
      "apiVersion": "2020-10-01",
      "properties": {
        "mode": "Incremental",
        "template": {
          "$schema": "https://schema.management.azure.com/schemas/2019-04-01/deploymentTemplate.json#",
          "contentVersion": "1.0.0.0",
          "resources": []
        }
      }
    },
    {
      "type": "Microsoft.OperationalInsights/workspaces/providers/contentTemplates",
      "name": "[concat(parameters('workspace'),'/Microsoft.SecurityInsights/',concat(concat(parameters('workspace'),'-dc-',uniquestring('Armorblox')),'1.0.0'))]",
      "location": "[parameters('workspace-location')]",
      "apiVersion": "2023-03-01-preview",
      "dependsOn": [
        "[extensionResourceId(resourceId('Microsoft.OperationalInsights/workspaces', parameters('workspace')), 'Microsoft.SecurityInsights/contentPackages', 'armorblox1601081599926.armorblox_sentinel_1')]"
      ],
      "properties": {
        "contentId": "Armorblox",
        "displayName": "Armorblox (using Azure Function)",
        "contentKind": "DataConnector",
        "mainTemplate": {
          "resources": [
            {
              "name": "[concat(parameters('workspace'),'/Microsoft.SecurityInsights/','Armorblox')]",
              "apiVersion": "2021-03-01-preview",
              "type": "Microsoft.OperationalInsights/workspaces/providers/dataConnectors",
              "location": "[parameters('workspace-location')]",
              "kind": "GenericUI",
              "properties": {
                "connectorUiConfig": {
                  "id": "Armorblox",
                  "title": "Armorblox (using Azure Function)",
                  "publisher": "Armorblox",
                  "descriptionMarkdown": "The [Armorblox](https://www.armorblox.com/) data connector provides the capability to ingest incidents from your Armorblox instance into Microsoft Sentinel through the REST API. The connector provides ability to get events which helps to examine potential security risks, and more.",
                  "graphQueries": [
                    {
                      "metricName": "Armorblox Incidents",
                      "legend": "Armorblox_CL",
                      "baseQuery": "Armorblox_CL"
                    }
                  ],
                  "sampleQueries": [
                    {
                      "description": "Armorblox Incidents",
                      "query": "Armorblox_CL\n | sort by TimeGenerated desc"
                    }
                  ],
                  "dataTypes": [
                    {
                      "name": "Armorblox_CL",
                      "lastDataReceivedQuery": "Armorblox_CL\n            | summarize Time = max(TimeGenerated)\n            | where isnotempty(Time)"
                    }
                  ],
                  "connectivityCriterias": [
                    {
                      "type": "IsConnectedQuery",
                      "value": [
                        "Armorblox_CL\n            | summarize LastLogReceived = max(TimeGenerated)\n            | project IsConnected = LastLogReceived > ago(30d)"
                      ]
                    }
                  ],
                  "availability": {
                    "status": 1,
                    "isPreview": false
                  },
                  "permissions": {
                    "resourceProvider": [
                      {
                        "provider": "Microsoft.OperationalInsights/workspaces",
                        "permissionsDisplayText": "read and write permissions on the workspace are required.",
                        "providerDisplayName": "Workspace",
                        "scope": "Workspace",
                        "requiredPermissions": {
                          "write": true,
                          "read": true,
                          "delete": true
                        }
                      },
                      {
                        "provider": "Microsoft.OperationalInsights/workspaces/sharedKeys",
                        "permissionsDisplayText": "read permissions to shared keys for the workspace are required. [See the documentation to learn more about workspace keys](https://docs.microsoft.com/azure/azure-monitor/platform/agent-windows#obtain-workspace-id-and-key).",
                        "providerDisplayName": "Keys",
                        "scope": "Workspace",
                        "requiredPermissions": {
                          "action": true
                        }
                      }
                    ],
                    "customs": [
                      {
                        "name": "Microsoft.Web/sites permissions",
                        "description": "Read and write permissions to Azure Functions to create a Function App is required. [See the documentation to learn more about Azure Functions](https://docs.microsoft.com/azure/azure-functions/)."
                      },
                      {
                        "name": "Armorblox Instance Details",
                        "description": "**ArmorbloxInstanceName** OR **ArmorbloxInstanceURL** is required"
                      },
                      {
                        "name": "Armorblox API Credentials",
                        "description": "**ArmorbloxAPIToken** is required"
                      }
                    ]
                  },
                  "instructionSteps": [
                    {
                      "description": ">**NOTE:** This connector uses Azure Functions to connect to the Armorblox API to pull its logs into Microsoft Sentinel. This might result in additional data ingestion costs. Check the [Azure Functions pricing page](https://azure.microsoft.com/pricing/details/functions/) for details."
                    },
                    {
                      "description": ">**(Optional Step)** Securely store workspace and API authorization key(s) or token(s) in Azure Key Vault. Azure Key Vault provides a secure mechanism to store and retrieve key values. [Follow these instructions](https://docs.microsoft.com/azure/app-service/app-service-key-vault-references) to use Azure Key Vault with an Azure Function App."
                    },
                    {
                      "description": "**STEP 1 - Configuration steps for the Armorblox API**\n\n Follow the instructions to obtain the API token.\n\n1. Log in to the Armorblox portal with your credentials.\n2. In the portal, click **Settings**.\n3. In the **Settings** view, click **API Keys**\n4. Click **Create API Key**.\n5. Enter the required information.\n6. Click **Create**, and copy the API token displayed in the modal.\n7. Save API token for using in the data connector."
                    },
                    {
                      "description": "**STEP 2 - Choose ONE from the following two deployment options to deploy the connector and the associated Azure Function**\n\n>**IMPORTANT:** Before deploying the Armorblox data connector, have the Workspace ID and Workspace Primary Key (can be copied from the following).",
                      "instructions": [
                        {
                          "parameters": {
                            "fillWith": [
                              "WorkspaceId"
                            ],
                            "label": "Workspace ID"
                          },
                          "type": "CopyableLabel"
                        },
                        {
                          "parameters": {
                            "fillWith": [
                              "PrimaryKey"
                            ],
                            "label": "Primary Key"
                          },
                          "type": "CopyableLabel"
                        }
                      ]
                    },
                    {
                      "description": "Use this method for automated deployment of the Armorblox data connector using an ARM Template.\n\n1. Click the **Deploy to Azure** button below. \n\n\t[![Deploy To Azure](https://aka.ms/deploytoazurebutton)](https://aka.ms/sentinel-armorblox-azuredeploy)\n2. Select the preferred **Subscription**, **Resource Group** and **Location**. \n> **NOTE:** Within the same resource group, you can't mix Windows and Linux apps in the same region. Select existing resource group without Windows apps in it or create new resource group.\n3. Enter the **ArmorbloxAPIToken**, **ArmorbloxInstanceURL** OR **ArmorbloxInstanceName**, and deploy. \n4. Mark the checkbox labeled **I agree to the terms and conditions stated above**. \n5. Click **Purchase** to deploy.",
                      "title": "Option 1 - Azure Resource Manager (ARM) Template"
                    },
                    {
                      "description": "Use the following step-by-step instructions to deploy the Armorblox data connector manually with Azure Functions (Deployment via Visual Studio Code).",
                      "title": "Option 2 - Manual Deployment of Azure Functions"
                    },
                    {
                      "description": "**1. Deploy a Function App**\n\n> **NOTE:** You will need to [prepare VS code](https://docs.microsoft.com/azure/azure-functions/functions-create-first-function-python#prerequisites) for Azure function development.\n\n1. Download the [Azure Function App](https://aka.ms/sentinel-armorblox-functionapp) file. Extract archive to your local development computer.\n2. Start VS Code. Choose File in the main menu and select Open Folder.\n3. Select the top level folder from extracted files.\n4. Choose the Azure icon in the Activity bar, then in the **Azure: Functions** area, choose the **Deploy to function app** button.\nIf you aren't already signed in, choose the Azure icon in the Activity bar, then in the **Azure: Functions** area, choose **Sign in to Azure**\nIf you're already signed in, go to the next step.\n5. Provide the following information at the prompts:\n\n\ta. **Select folder:** Choose a folder from your workspace or browse to one that contains your function app.\n\n\tb. **Select Subscription:** Choose the subscription to use.\n\n\tc. Select **Create new Function App in Azure** (Don't choose the Advanced option)\n\n\td. **Enter a globally unique name for the function app:** Type a name that is valid in a URL path. The name you type is validated to make sure that it's unique in Azure Functions. (e.g. Armorblox).\n\n\te. **Select a runtime:** Choose Python 3.8.\n\n\tf. Select a location for new resources. For better performance and lower costs choose the same [region](https://azure.microsoft.com/regions/) where Microsoft Sentinel is located.\n\n6. Deployment will begin. A notification is displayed after your function app is created and the deployment package is applied.\n7. Go to Azure Portal for the Function App configuration."
                    },
                    {
                      "description": "**2. Configure the Function App**\n\n1. In the Function App, select the Function App Name and select **Configuration**.\n2. In the **Application settings** tab, select ** New application setting**.\n3. Add each of the following application settings individually, with their respective string values (case-sensitive): \n\t\tArmorbloxAPIToken\n\t\tArmorbloxInstanceName OR ArmorbloxInstanceURL\n\t\tWorkspaceID\n\t\tWorkspaceKey\n\t\tLogAnalyticsUri (optional)\n> - Use LogAnalyticsUri to override the log analytics API endpoint for dedicated cloud. For example, for public cloud, leave the value empty; for Azure GovUS cloud environment, specify the value in the following format: `https://<CustomerId>.ods.opinsights.azure.us`.\n4. Once all application settings have been entered, click **Save**."
                    }
                  ]
                }
              }
            },
            {
              "type": "Microsoft.OperationalInsights/workspaces/providers/metadata",
              "apiVersion": "2022-01-01-preview",
              "name": "[concat(parameters('workspace'),'/Microsoft.SecurityInsights/',concat('DataConnector-', last(split(extensionResourceId(resourceId('Microsoft.OperationalInsights/workspaces', parameters('workspace')), 'Microsoft.SecurityInsights/dataConnectors', 'Armorblox'),'/'))))]",
              "properties": {
                "parentId": "[extensionResourceId(resourceId('Microsoft.OperationalInsights/workspaces', parameters('workspace')), 'Microsoft.SecurityInsights/dataConnectors', 'Armorblox')]",
                "contentId": "Armorblox",
                "kind": "DataConnector",
                "version": "1.0.0",
                "source": {
                  "kind": "Solution",
                  "name": "Armorblox",
                  "sourceId": "armorblox1601081599926.armorblox_sentinel_1"
                },
                "author": {
                  "name": "Armorblox",
                  "email": "support@armorblox.com"
                },
                "support": {
                  "name": "armorblox",
                  "tier": "Partner",
                  "link": "https://www.armorblox.com/contact/"
                }
              }
            }
          ]
        },
        "packageKind": "Solution",
        "packageVersion": "2.0.1",
        "packageName": "Armorblox for Microsoft Sentinel",
        "packageId": "armorblox1601081599926.armorblox_sentinel_1",
        "contentSchemaVersion": "3.0.0"
      }
    },
    {
      "type": "Microsoft.OperationalInsights/workspaces/providers/metadata",
      "apiVersion": "2022-01-01-preview",
      "name": "[concat(parameters('workspace'),'/Microsoft.SecurityInsights/',concat('DataConnector-', last(split(extensionResourceId(resourceId('Microsoft.OperationalInsights/workspaces', parameters('workspace')), 'Microsoft.SecurityInsights/dataConnectors', 'Armorblox'),'/'))))]",
      "dependsOn": [
        "[extensionResourceId(resourceId('Microsoft.OperationalInsights/workspaces', parameters('workspace')), 'Microsoft.SecurityInsights/dataConnectors', 'Armorblox')]"
      ],
      "location": "[parameters('workspace-location')]",
      "properties": {
        "parentId": "[extensionResourceId(resourceId('Microsoft.OperationalInsights/workspaces', parameters('workspace')), 'Microsoft.SecurityInsights/dataConnectors', 'Armorblox')]",
        "contentId": "Armorblox",
        "kind": "DataConnector",
        "version": "1.0.0",
        "source": {
          "kind": "Solution",
          "name": "Armorblox",
          "sourceId": "armorblox1601081599926.armorblox_sentinel_1"
        },
        "author": {
          "name": "Armorblox",
          "email": "support@armorblox.com"
        },
        "support": {
          "name": "armorblox",
          "tier": "Partner",
          "link": "https://www.armorblox.com/contact/"
        }
      }
    },
    {
      "name": "[concat(parameters('workspace'),'/Microsoft.SecurityInsights/','Armorblox')]",
      "apiVersion": "2021-03-01-preview",
      "type": "Microsoft.OperationalInsights/workspaces/providers/dataConnectors",
      "location": "[parameters('workspace-location')]",
      "kind": "GenericUI",
      "properties": {
        "connectorUiConfig": {
          "title": "Armorblox (using Azure Function)",
          "publisher": "Armorblox",
          "descriptionMarkdown": "The [Armorblox](https://www.armorblox.com/) data connector provides the capability to ingest incidents from your Armorblox instance into Microsoft Sentinel through the REST API. The connector provides ability to get events which helps to examine potential security risks, and more.",
          "graphQueries": [
            {
              "metricName": "Armorblox Incidents",
              "legend": "Armorblox_CL",
              "baseQuery": "Armorblox_CL"
            }
          ],
          "dataTypes": [
            {
              "name": "Armorblox_CL",
              "lastDataReceivedQuery": "Armorblox_CL\n            | summarize Time = max(TimeGenerated)\n            | where isnotempty(Time)"
            }
          ],
          "connectivityCriterias": [
            {
              "type": "IsConnectedQuery",
              "value": [
                "Armorblox_CL\n            | summarize LastLogReceived = max(TimeGenerated)\n            | project IsConnected = LastLogReceived > ago(30d)"
              ]
            }
          ],
          "sampleQueries": [
            {
              "description": "Armorblox Incidents",
              "query": "Armorblox_CL\n | sort by TimeGenerated desc"
            }
          ],
          "availability": {
            "status": 1,
            "isPreview": false
          },
          "permissions": {
            "resourceProvider": [
              {
                "provider": "Microsoft.OperationalInsights/workspaces",
                "permissionsDisplayText": "read and write permissions on the workspace are required.",
                "providerDisplayName": "Workspace",
                "scope": "Workspace",
                "requiredPermissions": {
                  "write": true,
                  "read": true,
                  "delete": true
                }
              },
              {
                "provider": "Microsoft.OperationalInsights/workspaces/sharedKeys",
                "permissionsDisplayText": "read permissions to shared keys for the workspace are required. [See the documentation to learn more about workspace keys](https://docs.microsoft.com/azure/azure-monitor/platform/agent-windows#obtain-workspace-id-and-key).",
                "providerDisplayName": "Keys",
                "scope": "Workspace",
                "requiredPermissions": {
                  "action": true
                }
              }
            ],
            "customs": [
              {
                "name": "Microsoft.Web/sites permissions",
                "description": "Read and write permissions to Azure Functions to create a Function App is required. [See the documentation to learn more about Azure Functions](https://docs.microsoft.com/azure/azure-functions/)."
              },
              {
                "name": "Armorblox Instance Details",
                "description": "**ArmorbloxInstanceName** OR **ArmorbloxInstanceURL** is required"
              },
              {
                "name": "Armorblox API Credentials",
                "description": "**ArmorbloxAPIToken** is required"
              }
            ]
          },
          "instructionSteps": [
            {
              "description": ">**NOTE:** This connector uses Azure Functions to connect to the Armorblox API to pull its logs into Microsoft Sentinel. This might result in additional data ingestion costs. Check the [Azure Functions pricing page](https://azure.microsoft.com/pricing/details/functions/) for details."
            },
            {
              "description": ">**(Optional Step)** Securely store workspace and API authorization key(s) or token(s) in Azure Key Vault. Azure Key Vault provides a secure mechanism to store and retrieve key values. [Follow these instructions](https://docs.microsoft.com/azure/app-service/app-service-key-vault-references) to use Azure Key Vault with an Azure Function App."
            },
            {
              "description": "**STEP 1 - Configuration steps for the Armorblox API**\n\n Follow the instructions to obtain the API token.\n\n1. Log in to the Armorblox portal with your credentials.\n2. In the portal, click **Settings**.\n3. In the **Settings** view, click **API Keys**\n4. Click **Create API Key**.\n5. Enter the required information.\n6. Click **Create**, and copy the API token displayed in the modal.\n7. Save API token for using in the data connector."
            },
            {
              "description": "**STEP 2 - Choose ONE from the following two deployment options to deploy the connector and the associated Azure Function**\n\n>**IMPORTANT:** Before deploying the Armorblox data connector, have the Workspace ID and Workspace Primary Key (can be copied from the following).",
              "instructions": [
                {
                  "parameters": {
                    "fillWith": [
                      "WorkspaceId"
                    ],
                    "label": "Workspace ID"
                  },
                  "type": "CopyableLabel"
                },
                {
                  "parameters": {
                    "fillWith": [
                      "PrimaryKey"
                    ],
                    "label": "Primary Key"
                  },
                  "type": "CopyableLabel"
                }
              ]
            },
            {
              "description": "Use this method for automated deployment of the Armorblox data connector using an ARM Template.\n\n1. Click the **Deploy to Azure** button below. \n\n\t[![Deploy To Azure](https://aka.ms/deploytoazurebutton)](https://aka.ms/sentinel-armorblox-azuredeploy)\n2. Select the preferred **Subscription**, **Resource Group** and **Location**. \n> **NOTE:** Within the same resource group, you can't mix Windows and Linux apps in the same region. Select existing resource group without Windows apps in it or create new resource group.\n3. Enter the **ArmorbloxAPIToken**, **ArmorbloxInstanceURL** OR **ArmorbloxInstanceName**, and deploy. \n4. Mark the checkbox labeled **I agree to the terms and conditions stated above**. \n5. Click **Purchase** to deploy.",
              "title": "Option 1 - Azure Resource Manager (ARM) Template"
            },
            {
              "description": "Use the following step-by-step instructions to deploy the Armorblox data connector manually with Azure Functions (Deployment via Visual Studio Code).",
              "title": "Option 2 - Manual Deployment of Azure Functions"
            },
            {
              "description": "**1. Deploy a Function App**\n\n> **NOTE:** You will need to [prepare VS code](https://docs.microsoft.com/azure/azure-functions/functions-create-first-function-python#prerequisites) for Azure function development.\n\n1. Download the [Azure Function App](https://aka.ms/sentinel-armorblox-functionapp) file. Extract archive to your local development computer.\n2. Start VS Code. Choose File in the main menu and select Open Folder.\n3. Select the top level folder from extracted files.\n4. Choose the Azure icon in the Activity bar, then in the **Azure: Functions** area, choose the **Deploy to function app** button.\nIf you aren't already signed in, choose the Azure icon in the Activity bar, then in the **Azure: Functions** area, choose **Sign in to Azure**\nIf you're already signed in, go to the next step.\n5. Provide the following information at the prompts:\n\n\ta. **Select folder:** Choose a folder from your workspace or browse to one that contains your function app.\n\n\tb. **Select Subscription:** Choose the subscription to use.\n\n\tc. Select **Create new Function App in Azure** (Don't choose the Advanced option)\n\n\td. **Enter a globally unique name for the function app:** Type a name that is valid in a URL path. The name you type is validated to make sure that it's unique in Azure Functions. (e.g. Armorblox).\n\n\te. **Select a runtime:** Choose Python 3.8.\n\n\tf. Select a location for new resources. For better performance and lower costs choose the same [region](https://azure.microsoft.com/regions/) where Microsoft Sentinel is located.\n\n6. Deployment will begin. A notification is displayed after your function app is created and the deployment package is applied.\n7. Go to Azure Portal for the Function App configuration."
            },
            {
              "description": "**2. Configure the Function App**\n\n1. In the Function App, select the Function App Name and select **Configuration**.\n2. In the **Application settings** tab, select ** New application setting**.\n3. Add each of the following application settings individually, with their respective string values (case-sensitive): \n\t\tArmorbloxAPIToken\n\t\tArmorbloxInstanceName OR ArmorbloxInstanceURL\n\t\tWorkspaceID\n\t\tWorkspaceKey\n\t\tLogAnalyticsUri (optional)\n> - Use LogAnalyticsUri to override the log analytics API endpoint for dedicated cloud. For example, for public cloud, leave the value empty; for Azure GovUS cloud environment, specify the value in the following format: `https://<CustomerId>.ods.opinsights.azure.us`.\n4. Once all application settings have been entered, click **Save**."
            }
          ],
          "id": "Armorblox"
        }
      }
    },
    {
      "type": "Microsoft.OperationalInsights/workspaces/providers/contentTemplates",
      "name": "[concat(parameters('workspace'),'/Microsoft.SecurityInsights/',concat(concat(parameters('workspace'),'-wb-',uniquestring('ArmorbloxOverview')),'1.0.0'))]",
      "location": "[parameters('workspace-location')]",
      "apiVersion": "2023-03-01-preview",
      "dependsOn": [
        "[extensionResourceId(resourceId('Microsoft.OperationalInsights/workspaces', parameters('workspace')), 'Microsoft.SecurityInsights/contentPackages', 'armorblox1601081599926.armorblox_sentinel_1')]"
      ],
      "properties": {
        "contentId": "ArmorbloxOverview",
        "displayName": "Armorblox",
        "contentKind": "Workbook",
        "mainTemplate": {
          "resources": [
            {
              "type": "Microsoft.Insights/workbooks",
              "name": "ArmorbloxOverview",
              "location": "[parameters('workspace-location')]",
              "kind": "shared",
              "apiVersion": "2021-08-01",
              "metadata": {
                "description": "INCIDENTS FROM SELECTED TIME RANGE"
              },
              "properties": {
                "displayName": "Armorblox",
                "serializedData": "{\"version\":\"Notebook/1.0\",\"items\":[{\"type\":1,\"content\":{\"json\":\"## INCIDENTS FROM ARMORBLOX\"},\"name\":\"text - 0\",\"styleSettings\":{\"margin\":\"5px\",\"padding\":\"5px\"}},{\"type\":9,\"content\":{\"version\":\"KqlParameterItem/1.0\",\"parameters\":[{\"id\":\"57bfc245-223e-4ef2-892a-35f9b3049ee0\",\"version\":\"KqlParameterItem/1.0\",\"name\":\"TimeRange\",\"type\":4,\"description\":\"INCIDENTS FROM SELECTED TIME RANGE\",\"isRequired\":true,\"value\":{\"durationMs\":259200000},\"typeSettings\":{\"selectableValues\":[{\"durationMs\":300000},{\"durationMs\":900000},{\"durationMs\":1800000},{\"durationMs\":3600000},{\"durationMs\":14400000},{\"durationMs\":43200000},{\"durationMs\":86400000},{\"durationMs\":172800000},{\"durationMs\":259200000},{\"durationMs\":604800000},{\"durationMs\":1209600000},{\"durationMs\":2419200000},{\"durationMs\":2592000000},{\"durationMs\":5184000000},{\"durationMs\":7776000000}]},\"timeContext\":{\"durationMs\":86400000}}],\"style\":\"pills\",\"queryType\":0,\"resourceType\":\"microsoft.operationalinsights/workspaces\"},\"name\":\"parameters - 1\"},{\"type\":3,\"content\":{\"version\":\"KqlItem/1.0\",\"query\":\"Armorblox_CL\\r\\n| sort by TimeGenerated desc\\r\\n| where TimeGenerated {TimeRange}\\r\\n| summarize count() by priority_s\\r\\n\",\"size\":1,\"timeContext\":{\"durationMs\":259200000},\"timeContextFromParameter\":\"TimeRange\",\"queryType\":0,\"resourceType\":\"microsoft.operationalinsights/workspaces\",\"visualization\":\"piechart\",\"chartSettings\":{\"yAxis\":[\"count_\"],\"showLegend\":true}},\"customWidth\":\"50\",\"name\":\"query - 3\",\"styleSettings\":{\"margin\":\"5\",\"padding\":\"5\",\"showBorder\":true}},{\"type\":3,\"content\":{\"version\":\"KqlItem/1.0\",\"query\":\"Armorblox_CL\\r\\n| sort by TimeGenerated desc\\r\\n| where TimeGenerated {TimeRange}\\r\\n| summarize count() by incident_type_s\\r\\n\",\"size\":1,\"timeContext\":{\"durationMs\":259200000},\"timeContextFromParameter\":\"TimeRange\",\"queryType\":0,\"resourceType\":\"microsoft.operationalinsights/workspaces\",\"visualization\":\"piechart\"},\"customWidth\":\"50\",\"name\":\"query - 4\",\"styleSettings\":{\"margin\":\"5\",\"padding\":\"5\",\"showBorder\":true}},{\"type\":3,\"content\":{\"version\":\"KqlItem/1.0\",\"query\":\"Armorblox_CL\\r\\n| sort by TimeGenerated desc\\r\\n| where TimeGenerated {TimeRange} and incident_type_s=='THREAT_INCIDENT_TYPE'\\r\\n| extend policy = substring(policy_names_s, 1, strlen(policy_names_s)-2)\\r\\n| summarize count() by policy\\r\\n\",\"size\":1,\"timeContext\":{\"durationMs\":259200000},\"timeContextFromParameter\":\"TimeRange\",\"queryType\":0,\"resourceType\":\"microsoft.operationalinsights/workspaces\",\"visualization\":\"piechart\",\"tileSettings\":{\"showBorder\":false,\"titleContent\":{\"columnMatch\":\"policy_names_s\",\"formatter\":1},\"leftContent\":{\"columnMatch\":\"count_\",\"formatter\":12,\"formatOptions\":{\"palette\":\"auto\"},\"numberFormat\":{\"unit\":17,\"options\":{\"maximumSignificantDigits\":3,\"maximumFractionDigits\":2}}}}},\"customWidth\":\"50\",\"name\":\"query - 6\",\"styleSettings\":{\"margin\":\"5\",\"padding\":\"5\",\"showBorder\":true}},{\"type\":3,\"content\":{\"version\":\"KqlItem/1.0\",\"query\":\"Armorblox_CL\\r\\n| sort by TimeGenerated desc\\r\\n| where TimeGenerated {TimeRange} and incident_type_s=='DLP_INCIDENT_TYPE'\\r\\n| extend policy = substring(policy_names_s, 1, strlen(policy_names_s)-2)\\r\\n| summarize count() by policy\\r\\n\",\"size\":1,\"timeContext\":{\"durationMs\":259200000},\"timeContextFromParameter\":\"TimeRange\",\"queryType\":0,\"resourceType\":\"microsoft.operationalinsights/workspaces\",\"visualization\":\"piechart\"},\"customWidth\":\"50\",\"name\":\"query - 7\",\"styleSettings\":{\"margin\":\"5\",\"padding\":\"5\",\"showBorder\":true}},{\"type\":1,\"content\":{\"json\":\"## INCIDENTS\"},\"name\":\"text - 5\"},{\"type\":3,\"content\":{\"version\":\"KqlItem/1.0\",\"query\":\"Armorblox_CL\\r\\n| project TimeGenerated, date_t, id_s, priority_s, policy_names_s, title_s, remediation_actions_s, resolution_state_s, research_status_s\\r\\n| project-rename OccurredDate=date_t, IncidentId=id_s, Priority=priority_s, Subject=title_s, RemediationAction=remediation_actions_s, ResolutionState=resolution_state_s, ResearchStatus=research_status_s\\r\\n| where TimeGenerated {TimeRange}\\r\\n| sort by TimeGenerated desc\\r\\n\",\"size\":0,\"timeContext\":{\"durationMs\":259200000},\"timeContextFromParameter\":\"TimeRange\",\"queryType\":0,\"resourceType\":\"microsoft.operationalinsights/workspaces\"},\"name\":\"query - 2\",\"styleSettings\":{\"margin\":\"5\",\"padding\":\"5\",\"showBorder\":true}}],\"fromTemplateId\":\"sentinel-ArmorbloxOverview\",\"$schema\":\"https://github.com/Microsoft/Application-Insights-Workbooks/blob/master/schema/workbook.json\"}\r\n",
                "version": "1.0",
                "sourceId": "[resourceId('microsoft.OperationalInsights/Workspaces', parameters('workspace'))]",
                "category": "sentinel"
              }
            },
            {
              "type": "Microsoft.OperationalInsights/workspaces/providers/metadata",
              "apiVersion": "2022-01-01-preview",
              "name": "[concat(parameters('workspace'),'/Microsoft.SecurityInsights/',concat('Workbook-', last(split(resourceId('Microsoft.Insights/workbooks', 'ArmorbloxOverview'),'/'))))]",
              "properties": {
                "description": "@{workbookKey=ArmorbloxOverview; logoFileName=armorblox.svg; description=INCIDENTS FROM SELECTED TIME RANGE; dataTypesDependencies=System.Object[]; dataConnectorsDependencies=System.Object[]; previewImagesFileNames=System.Object[]; version=1.0.0; title=Armorblox; templateRelativePath=ArmorbloxOverview.json; subtitle=; provider=Armorblox}.description",
                "parentId": "[resourceId('Microsoft.Insights/workbooks', 'ArmorbloxOverview')]",
                "contentId": "ArmorbloxOverview",
                "kind": "Workbook",
                "version": "1.0.0",
                "source": {
                  "kind": "Solution",
                  "name": "Armorblox",
                  "sourceId": "armorblox1601081599926.armorblox_sentinel_1"
                },
                "author": {
                  "name": "Armorblox",
                  "email": "support@armorblox.com"
                },
                "support": {
                  "name": "armorblox",
                  "tier": "Partner",
                  "link": "https://www.armorblox.com/contact/"
                },
                "dependencies": {
                  "operator": "AND",
                  "criteria": [
                    {
                      "contentId": "Armorblox_CL",
                      "kind": "DataType"
                    },
                    {
                      "contentId": "Armorblox",
                      "kind": "DataConnector"
                    }
                  ]
                }
              }
            }
          ]
        },
        "packageKind": "Solution",
        "packageVersion": "2.0.1",
        "packageName": "Armorblox for Microsoft Sentinel",
        "packageId": "armorblox1601081599926.armorblox_sentinel_1",
        "contentSchemaVersion": "3.0.0"
      }
    },
    {
      "type": "Microsoft.OperationalInsights/workspaces/providers/contentTemplates",
      "name": "[concat(parameters('workspace'),'/Microsoft.SecurityInsights/',concat(concat(parameters('workspace'),'-ar-',uniquestring('322d4765-be6b-4868-9e3f-138a4f339dd6')),'1.0.1'))]",
      "location": "[parameters('workspace-location')]",
      "apiVersion": "2023-03-01-preview",
      "dependsOn": [
        "[extensionResourceId(resourceId('Microsoft.OperationalInsights/workspaces', parameters('workspace')), 'Microsoft.SecurityInsights/contentPackages', 'armorblox1601081599926.armorblox_sentinel_1')]"
      ],
      "properties": {
        "contentId": "322d4765-be6b-4868-9e3f-138a4f339dd6",
        "displayName": "Armorblox Needs Review Alert",
        "contentKind": "AnalyticsRule",
        "mainTemplate": {
          "resources": [
            {
              "type": "Microsoft.SecurityInsights/AlertRuleTemplates",
              "name": "322d4765-be6b-4868-9e3f-138a4f339dd6",
              "apiVersion": "2022-04-01-preview",
              "kind": "Scheduled",
              "location": "[parameters('workspace-location')]",
              "properties": {
                "description": "This rule generates an alert for an Armorblox incident where the remediation action is \"Needs Review\".",
                "displayName": "Armorblox Needs Review Alert",
                "enabled": false,
                "query": "Armorblox_CL | where remediation_actions_s contains \"Needs Review\"",
                "queryFrequency": "PT10M",
                "queryPeriod": "PT10M",
                "severity": "Medium",
                "suppressionDuration": "PT1H",
                "suppressionEnabled": false,
                "triggerOperator": "GreaterThan",
                "triggerThreshold": 0,
                "status": "Available",
                "requiredDataConnectors": [
                  {
                    "connectorId": "Armorblox",
                    "dataTypes": [
                      "Armorblox_CL"
                    ]
                  }
                ],
                "eventGroupingSettings": {
                  "aggregationKind": "AlertPerResult"
                },
                "customDetails": {
                  "IncidentId": "id_s",
                  "RemediationAction": "remediation_actions_s"
                },
                "alertDetailsOverride": {
                  "alertSeverityColumnName": "priority_s",
                  "alertDisplayNameFormat": "Alert from Armorblox",
                  "alertDescriptionFormat": "Incident {{id_s}} generated at {{date_t}} needs review "
                },
                "incidentConfiguration": {
                  "groupingConfiguration": {
                    "enabled": false,
                    "reopenClosedIncident": false,
                    "matchingMethod": "AllEntities",
                    "lookbackDuration": "10m"
                  },
                  "createIncident": true
                }
              }
            },
            {
              "type": "Microsoft.OperationalInsights/workspaces/providers/metadata",
              "apiVersion": "2022-01-01-preview",
              "name": "[concat(parameters('workspace'),'/Microsoft.SecurityInsights/',concat('AnalyticsRule-', last(split(resourceId('Microsoft.SecurityInsights/AlertRuleTemplates', '322d4765-be6b-4868-9e3f-138a4f339dd6'),'/'))))]",
              "properties": {
                "description": "Armorblox Analytics Rule 1",
                "parentId": "[resourceId('Microsoft.SecurityInsights/AlertRuleTemplates', '322d4765-be6b-4868-9e3f-138a4f339dd6')]",
                "contentId": "322d4765-be6b-4868-9e3f-138a4f339dd6",
                "kind": "AnalyticsRule",
                "version": "1.0.1",
                "source": {
                  "kind": "Solution",
                  "name": "Armorblox",
                  "sourceId": "armorblox1601081599926.armorblox_sentinel_1"
                },
                "author": {
                  "name": "Armorblox",
                  "email": "support@armorblox.com"
                },
                "support": {
                  "name": "armorblox",
                  "tier": "Partner",
                  "link": "https://www.armorblox.com/contact/"
                }
              }
            }
          ]
        },
        "packageKind": "Solution",
        "packageVersion": "2.0.1",
        "packageName": "Armorblox for Microsoft Sentinel",
        "packageId": "armorblox1601081599926.armorblox_sentinel_1",
        "contentSchemaVersion": "3.0.0"
      }
    },
    {
      "type": "Microsoft.OperationalInsights/workspaces/providers/contentTemplates",
      "name": "[concat(parameters('workspace'),'/Microsoft.SecurityInsights/',concat(concat(parameters('workspace'),'-pl-',uniquestring('Playbooks')),'1.0'))]",
      "location": "[parameters('workspace-location')]",
      "apiVersion": "2023-03-01-preview",
      "dependsOn": [
        "[extensionResourceId(resourceId('Microsoft.OperationalInsights/workspaces', parameters('workspace')), 'Microsoft.SecurityInsights/contentPackages', 'armorblox1601081599926.armorblox_sentinel_1')]"
      ],
      "properties": {
        "contentId": "Playbooks",
        "displayName": "Needs-Review-Incident-Email-Notification",
        "contentKind": "Playbook",
        "mainTemplate": {
          "resources": [
            {
              "type": "Microsoft.Web/connections",
              "apiVersion": "2016-06-01",
              "name": "[variables('AzureSentinelConnectionName')]",
              "location": "[variables('workspace-location-inline')]",
              "properties": {
                "displayName": "[parameters('PlaybookName')]",
                "parameterValueType": "Alternative",
                "api": {
                  "id": "[variables('_connection-1')]"
                }
              }
            },
            {
              "type": "Microsoft.Web/connections",
              "apiVersion": "2016-06-01",
              "name": "[variables('o365ConnectionName')]",
              "location": "[variables('workspace-location-inline')]",
              "properties": {
                "displayName": "[parameters('PlaybookName')]",
                "api": {
                  "id": "[variables('_connection-2')]"
                }
              }
            },
            {
              "type": "Microsoft.Logic/workflows",
              "apiVersion": "2017-07-01",
              "name": "[parameters('PlaybookName')]",
              "location": "[variables('workspace-location-inline')]",
              "identity": {
                "type": "SystemAssigned"
              },
              "dependsOn": [
                "[resourceId('Microsoft.Web/connections', variables('AzureSentinelConnectionName'))]",
                "[resourceId('Microsoft.Web/connections', variables('o365ConnectionName'))]"
              ],
              "properties": {
                "state": "Disabled",
                "definition": {
                  "$schema": "https://schema.management.azure.com/providers/Microsoft.Logic/schemas/2016-06-01/workflowdefinition.json#",
                  "contentVersion": "1.0.0.0",
                  "parameters": {
                    "$connections": {
                      "type": "Object"
                    },
                    "to": {
                      "defaultValue": "[parameters('NotificationEmail')]",
                      "type": "String"
                    }
                  },
                  "triggers": {
                    "When_a_response_to_an_Azure_Sentinel_alert_is_triggered": {
                      "type": "ApiConnectionWebhook",
                      "inputs": {
                        "body": {
                          "callback_url": "@{listCallbackUrl()}"
                        },
                        "host": {
                          "connection": {
                            "name": "@parameters('$connections')['azuresentinel']['connectionId']"
                          }
                        },
                        "path": "/subscribe"
                      }
                    }
                  },
                  "actions": {
                    "Send_an_email_(V2)": {
                      "type": "ApiConnection",
                      "inputs": {
                        "body": {
                          "Body": "<p>Hello,<br>\n<br>\n@{triggerBody()?['Description']}<br>\n<br>\nThank you</p>",
                          "Subject": "@triggerBody()?['AlertDisplayName']",
                          "To": "@parameters('to')"
                        },
                        "host": {
                          "connection": {
                            "name": "@parameters('$connections')['office365']['connectionId']"
                          }
                        },
                        "method": "post",
                        "path": "/v2/Mail"
                      }
                    }
                  }
                },
                "parameters": {
                  "$connections": {
                    "value": {
                      "azuresentinel": {
                        "connectionId": "[resourceId('Microsoft.Web/connections', variables('AzureSentinelConnectionName'))]",
                        "connectionName": "[variables('AzureSentinelConnectionName')]",
                        "connectionProperties": {
                          "authentication": {
                            "type": "ManagedServiceIdentity"
                          }
                        },
                        "id": "[concat('/subscriptions/', subscription().subscriptionId, '/providers/Microsoft.Web/locations/', variables('workspace-location-inline'), '/managedApis/azuresentinel')]"
                      },
                      "office365": {
                        "connectionId": "[resourceId('Microsoft.Web/connections', variables('o365ConnectionName'))]",
                        "connectionName": "[variables('o365ConnectionName')]",
                        "id": "[concat('/subscriptions/', subscription().subscriptionId, '/providers/Microsoft.Web/locations/', variables('workspace-location-inline'), '/managedApis/office365')]"
                      }
                    }
                  }
                }
              },
              "tags": {
                "hidden-SentinelWorkspaceId": "[resourceId('microsoft.OperationalInsights/Workspaces', parameters('workspace'))]"
              }
            },
            {
              "type": "Microsoft.OperationalInsights/workspaces/providers/metadata",
              "apiVersion": "2022-01-01-preview",
              "name": "[concat(parameters('workspace'),'/Microsoft.SecurityInsights/',concat('Playbook-', last(split(resourceId('Microsoft.Logic/workflows', 'Playbooks'),'/'))))]",
              "properties": {
                "parentId": "[resourceId('Microsoft.Logic/workflows', 'Playbooks')]",
                "contentId": "Playbooks",
                "kind": "Playbook",
                "version": "1.0",
                "source": {
                  "kind": "Solution",
                  "name": "Armorblox",
                  "sourceId": "armorblox1601081599926.armorblox_sentinel_1"
                },
                "author": {
                  "name": "Armorblox",
                  "email": "support@armorblox.com"
                },
                "support": {
                  "name": "armorblox",
                  "tier": "Partner",
                  "link": "https://www.armorblox.com/contact/"
                }
              }
            }
          ]
        },
        "packageKind": "Solution",
        "packageVersion": "2.0.1",
        "packageName": "Armorblox for Microsoft Sentinel",
        "packageId": "armorblox1601081599926.armorblox_sentinel_1",
        "contentSchemaVersion": "3.0.0"
      }
    },
    {
      "type": "Microsoft.OperationalInsights/workspaces/providers/contentPackages",
      "name": "[concat(parameters('workspace'),'/Microsoft.SecurityInsights/', 'armorblox1601081599926.armorblox_sentinel_1')]",
      "location": "[parameters('workspace-location')]",
      "apiVersion": "2023-03-01-preview",
      "properties": {
        "version": "2.0.1",
        "kind": "Solution",
        "contentSchemaVersion": "3.0.0",
        "source": {
          "kind": "Solution",
          "name": "Armorblox",
          "sourceId": "armorblox1601081599926.armorblox_sentinel_1"
        },
        "author": {
          "name": "Armorblox",
          "email": "support@armorblox.com"
        },
        "support": {
          "name": "armorblox",
          "tier": "Partner",
          "link": "https://www.armorblox.com/contact/"
        },
        "dependencies": {
          "operator": "AND",
          "criteria": [
            {
              "kind": "DataConnector",
              "contentId": "Armorblox",
              "version": "1.0.0"
            },
            {
              "kind": "Workbook",
              "contentId": "ArmorbloxOverview",
              "version": "1.0.0"
            },
            {
              "kind": "AnalyticsRule",
              "contentId": "322d4765-be6b-4868-9e3f-138a4f339dd6",
              "version": "1.0.1"
            },
            {
              "kind": "Playbook",
              "contentId": "Playbooks",
              "version": "1.0"
            }
          ]
        },
        "firstPublishDate": "2021-10-18",
        "providers": [
          "Armorblox"
        ],
        "categories": {
          "domains": [
            "Security - Threat Protection"
          ]
        },
        "packageId": "armorblox1601081599926.armorblox_sentinel_1",
        "packageKind": "Solution",
        "displayName": "Armorblox for Microsoft Sentinel",
        "publisherDisplayName": "Armorblox",
        "descriptionHtml": "<p>Armorblox is an API-based cloud office security platform that helps your organization communicate more securely over email and other productivity applications. Powered by Natural Language Understanding (NLU), Armorblox protects Office 365 and Exchange customers from targeted phishing attacks and sensitive data loss over email.&nbsp;</p><p><br></p><p><b>Armorblox capabilities:</b></p><p></p><ul><li>Protect against targeted email scams such as spear phishing, business email compromise (BEC), payroll fraud, impersonation, vendor invoice fraud, and other payloadless attacks.&nbsp;<br></li><li>Protect against email account compromise (EAC). Armorblox detects 0-day credential phishing attempts and a host of anomalous signals that portend EAC - unusual mail forwarding rules, impossible travel, mail deletion rules, etc. User accounts that have potentially been compromised can be locked remotely to contain risk.<br></li><li>Stop zero-day credential phishing attacks (e.g. fake Office 365 login pages). Armorblox detects fake login pages using computer vision techniques, scans email bodies and attachments for suspicious URLs, and decodes URLs rewritten by other security solutions to follow them to their final destination.&nbsp;&nbsp;</li><li>Automate phishing mailbox remediation to reduce response times for user-reported email threats by over 90%. Armorblox analyzes every email reported to a customer’s phishing mailbox, automatically remediates emails across user mailboxes, and learns from security team actions to get better with time.<br></li><li>Measure data loss exposure by detecting sensitive PII (like SSNs, tax numbers), PCI (like bank account, routing numbers) and unencrypted passwords shared over email.</li><li>Leverage out-of-the-box policies that automatically classify attacks and data loss violations, eliminating the need for custom policy creation and maintenance.</li></ul>",
        "icon": "https://store-images.s-microsoft.com/image/apps.44320.9d1f553b-e859-48e8-902a-dbbc11a6fb31.0de2c78b-fe0c-4de8-9544-807a8d574595.2ecfdc17-4eef-4f08-99b0-cdcf58570a45"
      }
    }
  ]
}