{
  "$schema": "https://schema.management.azure.com/schemas/2019-04-01/deploymentTemplate.json#",
  "contentVersion": "1.0.0",
  "parameters": {
    "location": {
      "type": "string",
      "minLength": 1,
      "defaultValue": "[resourceGroup().location]",
      "metadata": {
        "description": "Not used, but needed to pass arm-ttk test `Location-Should-Not-Be-Hardcoded`.  We instead use the `workspace-location` which is derived from the LA workspace"
      }
    },
    "workspace": {
      "defaultValue": "",
      "type": "string",
      "metadata": {
        "description": "Workspace name for Log Analytics where Microsoft Sentinel is setup"
      }
    },
    "workspace-location": {
      "type": "string",
      "defaultValue": "",
      "metadata": {
        "description": "[concat('Region to deploy solution resources -- separate from location selection',parameters('location'))]"
      }
    }
  },
  "resources": [
    {
      "type": "Microsoft.OperationalInsights/workspaces/providers/contentTemplates",
      "name": "[concat(parameters('workspace'),'/Microsoft.SecurityInsights/',concat(concat(parameters('workspace'),'-dc-',uniquestring('ARGOSCloudSecurity')),'1.0.0'))]",
      "location": "[parameters('workspace-location')]",
      "apiVersion": "2023-03-01-preview",
      "dependsOn": [
        "[extensionResourceId(resourceId('Microsoft.OperationalInsights/workspaces', parameters('workspace')), 'Microsoft.SecurityInsights/contentPackages', 'argoscloudsecurity1605618416175.argos-sentinel')]"
      ],
      "properties": {
        "contentId": "ARGOSCloudSecurity",
        "displayName": "ARGOS Cloud Security",
        "contentKind": "DataConnector",
        "mainTemplate": {
          "resources": [
            {
              "name": "[concat(parameters('workspace'),'/Microsoft.SecurityInsights/','ARGOSCloudSecurity')]",
              "apiVersion": "2021-03-01-preview",
              "type": "Microsoft.OperationalInsights/workspaces/providers/dataConnectors",
              "location": "[parameters('workspace-location')]",
              "kind": "GenericUI",
              "properties": {
                "connectorUiConfig": {
                  "id": "ARGOSCloudSecurity",
                  "title": "ARGOS Cloud Security",
                  "publisher": "ARGOS Cloud Security",
                  "descriptionMarkdown": "The ARGOS Cloud Security integration for Microsoft Sentinel allows you to have all your important cloud security events in one place. This enables you to easily create dashboards, alerts, and correlate events across multiple systems. Overall this will improve your organization's security posture and security incident response.",
                  "graphQueries": [
                    {
                      "metricName": "Total data received",
                      "legend": "ARGOS_CL",
                      "baseQuery": "ARGOS_CL"
                    }
                  ],
                  "sampleQueries": [
                    {
                      "description": "Display all exploitable ARGOS Detections.",
                      "query": "ARGOS_CL\n | where exploitable_b"
                    },
                    {
                      "description": "Display all open, exploitable ARGOS Detections on Azure.",
                      "query": "ARGOS_CL\n | where exploitable_b and cloud_s == 'azure' and status_s == 'open'"
                    },
                    {
                      "description": "Display all open, exploitable ARGOS Detections on Azure.",
                      "query": "ARGOS_CL\n | where exploitable_b and cloud_s == 'azure' and status_s == 'open'\n | sort by TimeGenerated"
                    },
                    {
                      "description": "Render a time chart with all open ARGOS Detections on Azure.",
                      "query": "ARGOS_CL\n | where cloud_s == 'azure' and status_s == 'open'\n | summarize count() by TimeGenerated\n | render timechart"
                    },
                    {
                      "description": "Display Top 10, open, exploitable ARGOS Detections on Azure.",
                      "query": "ARGOS_CL\n | where cloud_s == 'azure' and status_s == 'open' and exploitable_b\n | summarize count() by ruleId_s\n | top 10 by count_"
                    }
                  ],
                  "dataTypes": [
                    {
                      "name": "ARGOS_CL",
                      "lastDataReceivedQuery": "ARGOS_CL\n            | summarize Time = max(TimeGenerated)\n            | where isnotempty(Time)"
                    }
                  ],
                  "connectivityCriterias": [
                    {
                      "type": "IsConnectedQuery",
                      "value": [
                        "ARGOS_CL\n            | summarize LastLogReceived = max(TimeGenerated)\n            | project IsConnected = LastLogReceived > ago(30d)"
                      ]
                    }
                  ],
                  "availability": {
                    "status": 1,
                    "isPreview": false
                  },
                  "permissions": {
                    "resourceProvider": [
                      {
                        "provider": "Microsoft.OperationalInsights/workspaces",
                        "permissionsDisplayText": "read and write permissions are required.",
                        "providerDisplayName": "Workspace",
                        "scope": "Workspace",
                        "requiredPermissions": {
                          "write": true,
                          "read": true,
                          "delete": true
                        }
                      },
                      {
                        "provider": "Microsoft.OperationalInsights/workspaces/sharedKeys",
                        "permissionsDisplayText": "read permissions to shared keys for the workspace are required. [See the documentation to learn more about workspace keys](https://docs.microsoft.com/azure/azure-monitor/platform/agent-windows#obtain-workspace-id-and-key).",
                        "providerDisplayName": "Keys",
                        "scope": "Workspace",
                        "requiredPermissions": {
                          "action": true
                        }
                      }
                    ]
                  },
                  "instructionSteps": [
                    {
                      "description": "Ensure you already own an ARGOS Subscription. If not, browse to [ARGOS Cloud Security](https://argos-security.io) and sign up to ARGOS.\n\nAlternatively, you can also purchase ARGOS via the [Azure Marketplace](https://azuremarketplace.microsoft.com/en-au/marketplace/apps/argoscloudsecurity1605618416175.argoscloudsecurity?tab=Overview).",
                      "title": "1. Subscribe to ARGOS"
                    },
                    {
                      "description": "Configure ARGOS to forward any new detections to your Sentinel workspace by providing ARGOS with your Workspace ID and Primary Key.\n\nThere is **no need to deploy any custom infrastructure**.\n\nEnter the information into the [ARGOS Sentinel](https://app.argos-security.io/account/sentinel) configuration page.\n\nNew detections will automatically be forwarded.\n\n[Learn more about the integration](https://www.argos-security.io/resources#integrations)",
                      "instructions": [
                        {
                          "parameters": {
                            "fillWith": [
                              "WorkspaceId"
                            ],
                            "label": "Workspace ID"
                          },
                          "type": "CopyableLabel"
                        },
                        {
                          "parameters": {
                            "fillWith": [
                              "PrimaryKey"
                            ],
                            "label": "Primary Key"
                          },
                          "type": "CopyableLabel"
                        }
                      ],
                      "title": "2. Configure Sentinel integration from ARGOS"
                    }
                  ],
                  "metadata": {
                    "id": "e14ac0f5-771f-492e-87fd-cbdca9c2b16e",
                    "version": "1.0.0",
                    "kind": "dataConnector",
                    "source": {
                      "kind": "community"
                    },
                    "author": {
                      "name": "ARGOS Cloud Security"
                    },
                    "support": {
                      "tier": "developer",
                      "name": "ARGOS Cloud Security",
                      "email": "support@argos-security.io",
                      "link": "https://www.argos-security.io/contact-us/#"
                    }
                  }
                }
              }
            },
            {
              "type": "Microsoft.OperationalInsights/workspaces/providers/metadata",
              "apiVersion": "2022-01-01-preview",
              "name": "[concat(parameters('workspace'),'/Microsoft.SecurityInsights/',concat('DataConnector-', last(split(extensionResourceId(resourceId('Microsoft.OperationalInsights/workspaces', parameters('workspace')), 'Microsoft.SecurityInsights/dataConnectors', 'ARGOSCloudSecurity'),'/'))))]",
              "properties": {
                "parentId": "[extensionResourceId(resourceId('Microsoft.OperationalInsights/workspaces', parameters('workspace')), 'Microsoft.SecurityInsights/dataConnectors', 'ARGOSCloudSecurity')]",
                "contentId": "ARGOSCloudSecurity",
                "kind": "DataConnector",
                "version": "1.0.0",
                "source": {
                  "kind": "Solution",
                  "name": "ARGOSCloudSecurity",
                  "sourceId": "argoscloudsecurity1605618416175.argos-sentinel"
                },
                "author": {
                  "name": "ARGOS Cloud Security",
                  "email": "support@argos-security.io"
                },
                "support": {
                  "name": "ARGOS Cloud Security",
                  "email": "support@argos-security.io",
                  "tier": "Partner",
                  "link": "https://argos-security.io/contact-us"
                }
              }
            }
          ]
        },
        "packageKind": "Solution",
        "packageVersion": "2.0.0",
        "packageName": "ARGOS Cloud Security for Microsoft Sentinel",
        "packageId": "argoscloudsecurity1605618416175.argos-sentinel",
        "contentSchemaVersion": "3.0.0"
      }
    }
  ]
}