{
  "$schema": "https://schema.management.azure.com/schemas/2019-04-01/deploymentTemplate.json#",
  "contentVersion": "1.0.0",
  "parameters": {
    "location": {
      "type": "string",
      "minLength": 1,
      "defaultValue": "[resourceGroup().location]",
      "metadata": {
        "description": "Not used, but needed to pass arm-ttk test `Location-Should-Not-Be-Hardcoded`.  We instead use the `workspace-location` which is derived from the LA workspace"
      }
    },
    "workspace": {
      "defaultValue": "",
      "type": "string",
      "metadata": {
        "description": "Workspace name for Log Analytics where Microsoft Sentinel is setup"
      }
    },
    "workspace-location": {
      "type": "string",
      "defaultValue": "",
      "metadata": {
        "description": "[concat('Region to deploy solution resources -- separate from location selection',parameters('location'))]"
      }
    }
  },
  "resources": [
    {
      "type": "Microsoft.OperationalInsights/workspaces/providers/contentTemplates",
      "name": "[concat(parameters('workspace'),'/Microsoft.SecurityInsights/',concat(concat(parameters('workspace'),'-hq-',uniquestring('2b8cecfe-f705-432d-9f38-08207b9473e1')),'1.0.0'))]",
      "location": "[parameters('workspace-location')]",
      "apiVersion": "2023-03-01-preview",
      "dependsOn": [
        "[extensionResourceId(resourceId('Microsoft.OperationalInsights/workspaces', parameters('workspace')), 'Microsoft.SecurityInsights/contentPackages', 'azuresentinel.azure-sentinel-solution-amazonwebservices')]"
      ],
      "properties": {
        "contentId": "2b8cecfe-f705-432d-9f38-08207b9473e1",
        "displayName": "",
        "contentKind": "HuntingQuery",
        "mainTemplate": {
          "resources": [
            {
              "type": "Microsoft.OperationalInsights/savedSearches",
              "apiVersion": "2020-08-01",
              "name": "Amazon_Web_Services_Hunting_Query_7",
              "location": "[parameters('workspace-location')]",
              "properties": {
                "eTag": "*",
                "displayName": "IAM assume role policy brute force",
                "category": "Hunting Queries",
                "query": "AWSCloudTrail\n| where EventName == \"AssumeRole\" and ErrorMessage == \"AccessDenied\"\n| extend UserIdentityUserName = iff(isnotempty(UserIdentityUserName), UserIdentityUserName, tostring(split(UserIdentityArn,'/')[-1]))\n| extend timestamp = TimeGenerated, IPCustomEntity = SourceIpAddress, AccountCustomEntity = UserIdentityUserName\n| summarize timestamp=arg_max(timestamp,*), failed_roles=dcount(ErrorMessage) by IPCustomEntity, AccountCustomEntity\n| where failed_roles > 2\n",
                "version": 2,
                "tags": [
                  {
                    "name": "description",
                    "value": "Several failed \"assume role\" attempts occurred on existing roles in the account. This could be an attacker trying to escalate privileges and move laterally by assuming roles in a compromised account. Verify with the user identity that the activity is legitimate."
                  },
                  {
                    "name": "tactics",
                    "value": "CredentialAccess"
                  },
                  {
                    "name": "techniques",
                    "value": "T1110"
                  }
                ]
              }
            },
            {
              "type": "Microsoft.OperationalInsights/workspaces/providers/metadata",
              "apiVersion": "2022-01-01-preview",
              "name": "[concat(parameters('workspace'),'/Microsoft.SecurityInsights/',concat('HuntingQuery-', last(split(resourceId('Microsoft.OperationalInsights/savedSearches', '2b8cecfe-f705-432d-9f38-08207b9473e1'),'/'))))]",
              "properties": {
                "description": "Amazon Web Services Hunting Query 7",
                "parentId": "[resourceId('Microsoft.OperationalInsights/savedSearches', '2b8cecfe-f705-432d-9f38-08207b9473e1')]",
                "contentId": "2b8cecfe-f705-432d-9f38-08207b9473e1",
                "kind": "HuntingQuery",
                "version": "1.0.0",
                "source": {
                  "kind": "Solution",
                  "name": "Amazon Web Services",
                  "sourceId": "azuresentinel.azure-sentinel-solution-amazonwebservices"
                },
                "author": {
                  "name": "Microsoft"
                },
                "support": {
                  "name": "Microsoft Corporation",
                  "email": "support@microsoft.com",
                  "tier": "Microsoft",
                  "link": "https://support.microsoft.com"
                }
              }
            }
          ]
        },
        "packageKind": "Solution",
        "packageVersion": "2.0.5",
        "packageName": "Amazon Web Services",
        "packageId": "azuresentinel.azure-sentinel-solution-amazonwebservices",
        "contentSchemaVersion": "3.0.0"
      }
    }
  ]
}