{
  "$schema": "https://schema.management.azure.com/schemas/2019-04-01/deploymentTemplate.json#",
  "parameters": {
    "location": {
      "type": "string",
      "minLength": 1,
      "defaultValue": "[resourceGroup().location]",
      "metadata": {
        "description": "Not used, but needed to pass arm-ttk test `Location-Should-Not-Be-Hardcoded`.  We instead use the `workspace-location` which is derived from the LA workspace"
      }
    },
    "workspace-location": {
      "type": "string",
      "defaultValue": "",
      "metadata": {
        "description": "[concat('Region to deploy solution resources -- separate from location selection',parameters('location'))]"
      }
    },
    "workspace": {
      "defaultValue": "",
      "type": "string",
      "metadata": {
        "description": "Workspace name for Log Analytics where Microsoft Sentinel is setup"
      }
    }
  },
  "variables": {},
  "resources": [
    {
      "type": "Microsoft.OperationalInsights/workspaces/providers/packages",
      "location": "[parameters('workspace-location')]",
      "apiVersion": "2022-08-01",
      "properties": {
        "packageKind": "Standalone",
        "packageItems": {
          "resources": [
            {
              "type": "Microsoft.OperationalInsights/workspaces/providers/contentTemplates",
              "name": "[concat(parameters('workspace'),'/Microsoft.SecurityInsights/', '23de46ea-c425-4a77-b456-511ae4855d69')]",
              "location": "[parameters('workspace-location')]",
              "apiVersion": "2022-08-01",
              "properties": {
                "contentId": "23de46ea-c425-4a77-b456-511ae4855d69",
                "displayName": "Rare subscription-level operations in Azure",
                "contentKind": "AnalyticsRule",
                "mainTemplate": {
                  "$schema": "https://schema.management.azure.com/schemas/2019-04-01/deploymentTemplate.json#",
                  "contentVersion": "1.1.1",
                  "resources": [
                    {
                      "type": "Microsoft.OperationalInsights/workspaces/providers/alertRules",
                      "apiVersion": "2022-04-01-preview",
                      "name": "[concat(parameters('workspace'),'/Microsoft.SecurityInsights/', '' )]",
                      "kind": "Scheduled",
                      "location": "[parameters('workspace-location')]",
                      "properties": {
                        "description": "This query looks for a few sensitive subscription-level events based on Azure Activity Logs. \n For example this monitors for the operation name 'Create or Update Snapshot' which is used for creating backups but could be misused by attackers \n to dump hashes or extract sensitive information from the disk.",
                        "displayName": "Rare subscription-level operations in Azure",
                        "enabled": false,
                        "query": "\nlet starttime = 14d;\nlet endtime = 1d;\n// The number of operations below which an IP address is considered an unusual source of role assignment operations\nlet alertOperationThreshold = 5;\nlet SensitiveOperationList =  dynamic([\"microsoft.compute/snapshots/write\", \"microsoft.network/networksecuritygroups/write\", \"microsoft.storage/storageaccounts/listkeys/action\"]);\nlet SensitiveActivity = AzureActivity\n| where OperationNameValue in~ (SensitiveOperationList) or OperationNameValue hassuffix \"listkeys/action\"\n| where ActivityStatusValue =~ \"Success\";\nSensitiveActivity\n| where TimeGenerated between (ago(starttime) .. ago(endtime))\n| summarize count() by CallerIpAddress, Caller, OperationNameValue\n| where count_ >= alertOperationThreshold\n| join kind = rightanti ( \nSensitiveActivity\n| where TimeGenerated >= ago(endtime)\n| summarize StartTimeUtc = min(TimeGenerated), EndTimeUtc = max(TimeGenerated), ActivityTimeStamp = makelist(TimeGenerated), ActivityStatusValue = makelist(ActivityStatusValue), \nOperationIds = makelist(OperationId), CorrelationIds = makelist(CorrelationId), Resources = makelist(Resource), ResourceGroups = makelist(ResourceGroup), ResourceIds = makelist(ResourceId), ActivityCountByCallerIPAddress = count()  \nby CallerIpAddress, Caller, OperationNameValue\n) on CallerIpAddress, Caller, OperationNameValue\n| extend timestamp = StartTimeUtc, AccountCustomEntity = Caller, IPCustomEntity = CallerIpAddress\n",
                        "queryFrequency": "P1D",
                        "queryPeriod": "P14D",
                        "severity": "Low",
                        "suppressionDuration": "PT1H",
                        "suppressionEnabled": false,
                        "triggerOperator": "GreaterThan",
                        "triggerThreshold": 0,
                        "tactics": [
                          "CredentialAccess",
                          "Persistence"
                        ],
                        "entityMappings": [
                          {
                            "entityType": "Account",
                            "fieldMappings": [
                              {
                                "columnName": "AccountCustomEntity",
                                "identifier": "FullName"
                              }
                            ]
                          },
                          {
                            "entityType": "IP",
                            "fieldMappings": [
                              {
                                "columnName": "IPCustomEntity",
                                "identifier": "Address"
                              }
                            ]
                          }
                        ]
                      }
                    },
                    {
                      "type": "Microsoft.OperationalInsights/workspaces/providers/metadata",
                      "apiVersion": "2021-03-01-preview",
                      "name": "[concat(parameters('workspace'),'/Microsoft.SecurityInsights/', '')]",
                      "properties": {
                        "description": "'This query looks for a few sensitive subscription-level events based on Azure Activity Logs. \n For example this monitors for the operation name 'Create or Update Snapshot' which is used for creating backups but could be misused by attackers \n to dump hashes or extract sensitive information from the disk.'\n",
                        "version": "1.1.1",
                        "source": {
                          "kind": "Community"
                        },
                        "threatAnalysisTactics": [
                          "CredentialAccess",
                          "Persistence"
                        ],
                        "threatAnalyticsTechniques": [
                          "T1003",
                          "T1098"
                        ],
                        "contentId": "23de46ea-c425-4a77-b456-511ae4855d69",
                        "parentId": "23de46ea-c425-4a77-b456-511ae4855d69",
                        "kind": "AnalyticsRule",
                        "dependencies": {
                          "operator": "AND",
                          "criteria": [
                            {
                              "contentId": "AzureActivity",
                              "kind": "DataType"
                            }
                          ]
                        }
                      }
                    }
                  ]
                }
              }
            }
          ]
        },
        "dependencies": {
          "operator": "AND",
          "criteria": [
            {
              "contentId": "23de46ea-c425-4a77-b456-511ae4855d69",
              "kind": "AnalyticsRule"
            }
          ]
        },
        "description": "'This query looks for a few sensitive subscription-level events based on Azure Activity Logs. \n For example this monitors for the operation name 'Create or Update Snapshot' which is used for creating backups but could be misused by attackers \n to dump hashes or extract sensitive information from the disk.'\n",
        "displayName": "Rare subscription-level operations in Azure",
        "packageId": "23de46ea-c425-4a77-b456-511ae4855d69",
        "source": {
          "kind": "Community"
        },
        "threatAnalysisTactics": [
          "CredentialAccess",
          "Persistence"
        ],
        "threatAnalyticsTechniques": [
          "T1003",
          "T1098"
        ],
        "version": "1.1.1"
      },
      "name": "[concat(parameters('workspace'),'/Microsoft.SecurityInsights/', '23de46ea-c425-4a77-b456-511ae4855d69')]"
    }
  ]
}