{
  "$schema": "https://schema.management.azure.com/schemas/2019-04-01/deploymentTemplate.json#",
  "contentVersion": "1.0.0.0",
  "parameters": {
    "location": {
      "type": "string",
      "minLength": 1,
      "defaultValue": "[resourceGroup().location]",
      "metadata": {
        "description": "Not used, but needed to pass arm-ttk test `Location-Should-Not-Be-Hardcoded`.  We instead use the `workspace-location` which is derived from the LA workspace"
      }
    },
    "workspace-location": {
      "type": "string",
      "defaultValue": "",
      "metadata": {
        "description": "[concat('Region to deploy solution resources -- separate from location selection',parameters('location'))]"
      }
    },
    "workspace": {
      "defaultValue": "",
      "type": "string",
      "metadata": {
        "description": "Workspace name for Log Analytics where Microsoft Sentinel is setup"
      }
    }
  },
  "variables": {},
  "resources": [
    {
      "type": "Microsoft.OperationalInsights/workspaces/providers/packages",
      "location": "[parameters('workspace-location')]",
      "apiVersion": "2022-08-01",
      "properties": {
        "packageKind": "Standalone",
        "packageItems": {
          "resources": [
            {
              "type": "Microsoft.OperationalInsights/workspaces/providers/contentTemplates",
              "name": "[concat(parameters('workspace'),'/Microsoft.SecurityInsights/', '99d589fa-7337-40d7-91a0-c96d0c4fa437')]",
              "location": "[parameters('workspace-location')]",
              "apiVersion": "2022-08-01",
              "properties": {
                "contentId": "99d589fa-7337-40d7-91a0-c96d0c4fa437",
                "displayName": "Account created from non-approved sources",
                "contentKind": "AnalyticsRule",
                "mainTemplate": {
                  "$schema": "https://schema.management.azure.com/schemas/2019-04-01/deploymentTemplate.json#",
                  "contentVersion": "1.0.0",
                  "resources": [
                    {
                      "type": "Microsoft.OperationalInsights/workspaces/providers/alertRules",
                      "apiVersion": "2022-04-01-preview",
                      "name": "99d589fa-7337-40d7-91a0-c96d0c4fa437",
                      "kind": "Scheduled",
                      "location": "[parameters('workspace-location')]",
                      "properties": {
                        "description": "This query looks for account being created from a domain that is not regularly seen in a tenant.\n  Attackers may attempt to add accounts from these sources as a means of establishing persistant access to an environment.\n  Created accounts should be investigated to ensure they were legitimated created.\n  Ref: https://docs.microsoft.com/azure/active-directory/fundamentals/security-operations-user-accounts#short-lived-accounts",
                        "displayName": "Account created from non-approved sources",
                        "enabled": false,
                        "query": "let core_domains = (SigninLogs\n  | where TimeGenerated > ago(7d)\n  | where ResultType == 0\n  | extend domain = tolower(split(UserPrincipalName, \"@\")[1])\n  | summarize by tostring(domain));\n  let alternative_domains = (SigninLogs\n  | where TimeGenerated > ago(7d)\n  | where isnotempty(AlternateSignInName)\n  | where ResultType == 0\n  | extend domain = tolower(split(AlternateSignInName, \"@\")[1])\n  | summarize by tostring(domain));\n  AuditLogs\n  | where TimeGenerated > ago(1d)\n  | where OperationName =~ \"Add User\"\n  | extend AddingUser = tostring(parse_json(tostring(InitiatedBy.user)).userPrincipalName)\n  | extend AddingSPN = tostring(parse_json(tostring(InitiatedBy.app)).servicePrincipalName)\n  | extend AddedBy = iif(isnotempty(AddingUser), AddingUser, AddingSPN)\n  | extend UserAdded = tostring(TargetResources[0].userPrincipalName)\n  | extend Domain = tolower(split(UserAdded, \"@\")[1])\n  | where Domain !in (core_domains) and Domain !in (alternative_domains)\n  | project-away AddingUser\n  | project-reorder TimeGenerated, UserAdded, Domain, AddedBy\n",
                        "queryFrequency": "P1D",
                        "queryPeriod": "P7D",
                        "severity": "Medium",
                        "suppressionDuration": "PT1H",
                        "suppressionEnabled": false,
                        "triggerOperator": "GreaterThan",
                        "triggerThreshold": 0,
                        "tactics": [
                          "Persistence"
                        ],
                        "techniques": [
                          "T1136.003"
                        ],
                        "entityMappings": [
                          {
                            "entityType": "Account",
                            "fieldMappings": [
                              {
                                "columnName": "AddedBy",
                                "identifier": "FullName"
                              }
                            ]
                          },
                          {
                            "entityType": "Account",
                            "fieldMappings": [
                              {
                                "columnName": "UserAdded",
                                "identifier": "FullName"
                              }
                            ]
                          }
                        ]
                      }
                    },
                    {
                      "type": "Microsoft.OperationalInsights/workspaces/providers/metadata",
                      "apiVersion": "2021-03-01-preview",
                      "properties": {
                        "description": "'This query looks for account being created from a domain that is not regularly seen in a tenant.\n  Attackers may attempt to add accounts from these sources as a means of establishing persistant access to an environment.\n  Created accounts should be investigated to ensure they were legitimated created.\n  Ref: https://docs.microsoft.com/azure/active-directory/fundamentals/security-operations-user-accounts#short-lived-accounts'\n",
                        "version": "1.0.0",
                        "author": {
                          "name": "Community"
                        },
                        "support": {
                          "name": "Community",
                          "link": "https://github.com/Azure/Azure-Sentinel/issues",
                          "tier": "Community"
                        },
                        "source": {
                          "kind": "Community",
                          "name": "Standalone"
                        },
                        "threatAnalysisTactics": [
                          "Persistence"
                        ],
                        "threatAnalyticsTechniques": [
                          "T1136.003"
                        ],
                        "contentId": "99d589fa-7337-40d7-91a0-c96d0c4fa437",
                        "parentId": "99d589fa-7337-40d7-91a0-c96d0c4fa437",
                        "kind": "AnalyticsRule",
                        "dependencies": {
                          "operator": "AND",
                          "criteria": [
                            {
                              "contentId": "SigninLogs",
                              "kind": "DataType"
                            },
                            {
                              "contentId": "AuditLogs",
                              "kind": "DataType"
                            }
                          ]
                        }
                      }
                    }
                  ]
                }
              }
            }
          ]
        },
        "author": {
          "name": "Community"
        },
        "dependencies": {
          "operator": "AND",
          "criteria": [
            {
              "contentId": "99d589fa-7337-40d7-91a0-c96d0c4fa437",
              "kind": "AnalyticsRule"
            }
          ]
        },
        "description": "'This query looks for account being created from a domain that is not regularly seen in a tenant.\n  Attackers may attempt to add accounts from these sources as a means of establishing persistant access to an environment.\n  Created accounts should be investigated to ensure they were legitimated created.\n  Ref: https://docs.microsoft.com/azure/active-directory/fundamentals/security-operations-user-accounts#short-lived-accounts'\n",
        "displayName": "Account created from non-approved sources",
        "packageId": "99d589fa-7337-40d7-91a0-c96d0c4fa437",
        "source": {
          "kind": "Community",
          "name": "Standalone"
        },
        "support": {
          "name": "Community",
          "link": "https://github.com/Azure/Azure-Sentinel/issues",
          "tier": "Community"
        },
        "threatAnalysisTactics": [
          "Persistence"
        ],
        "threatAnalyticsTechniques": [
          "T1136.003"
        ],
        "version": "1.0.0"
      },
      "name": "[concat(parameters('workspace'),'/Microsoft.SecurityInsights/', '99d589fa-7337-40d7-91a0-c96d0c4fa437')]"
    }
  ]
}