{
  "$schema": "https://schema.management.azure.com/schemas/2019-04-01/deploymentTemplate.json#",
  "contentVersion": "1.0.0.0",
  "parameters": {
    "location": {
      "type": "string",
      "minLength": 1,
      "defaultValue": "[resourceGroup().location]",
      "metadata": {
        "description": "Not used, but needed to pass arm-ttk test `Location-Should-Not-Be-Hardcoded`.  We instead use the `workspace-location` which is derived from the LA workspace"
      }
    },
    "workspace-location": {
      "type": "string",
      "defaultValue": "",
      "metadata": {
        "description": "[concat('Region to deploy solution resources -- separate from location selection',parameters('location'))]"
      }
    },
    "workspace": {
      "defaultValue": "",
      "type": "string",
      "metadata": {
        "description": "Workspace name for Log Analytics where Microsoft Sentinel is setup"
      }
    }
  },
  "variables": {},
  "resources": [
    {
      "type": "Microsoft.OperationalInsights/workspaces/providers/packages",
      "location": "[parameters('workspace-location')]",
      "apiVersion": "2022-08-01",
      "properties": {
        "packageKind": "Standalone",
        "packageItems": {
          "resources": [
            {
              "type": "Microsoft.OperationalInsights/workspaces/providers/contentTemplates",
              "name": "[concat(parameters('workspace'),'/Microsoft.SecurityInsights/', '422ca2bf-598b-4872-82bb-5f7e8fa731e7')]",
              "location": "[parameters('workspace-location')]",
              "apiVersion": "2022-08-01",
              "properties": {
                "contentId": "422ca2bf-598b-4872-82bb-5f7e8fa731e7",
                "displayName": "Dev-0270 Malicious Powershell usage",
                "contentKind": "AnalyticsRule",
                "mainTemplate": {
                  "$schema": "https://schema.management.azure.com/schemas/2019-04-01/deploymentTemplate.json#",
                  "contentVersion": "1.0.0",
                  "resources": [
                    {
                      "type": "Microsoft.OperationalInsights/workspaces/providers/alertRules",
                      "apiVersion": "2022-04-01-preview",
                      "name": "422ca2bf-598b-4872-82bb-5f7e8fa731e7",
                      "kind": "Scheduled",
                      "location": "[parameters('workspace-location')]",
                      "properties": {
                        "description": "DEV-0270 heavily uses powershell to achieve their objective at various stages of their attack. To locate powershell related activity tied to the actor, Microsoft Sentinel customers can run the following query.",
                        "displayName": "Dev-0270 Malicious Powershell usage",
                        "enabled": false,
                        "query": "(union isfuzzy=true\n(SecurityEvent\n| where EventID==4688\n| extend FileName=tostring(split(NewProcessName, @'')[(-1)]),  ProcessCommandLine = CommandLine, InitiatingProcessFileName=ParentProcessName\n| where (FileName =~ \"powershell.exe\" and ProcessCommandLine has_all(\"try\", \"Add-MpPreference\", \"-ExclusionPath\", \"ProgramData\", \"catch\")) or (FileName =~ 'powershell.exe' and ProcessCommandLine has_all('Add-PSSnapin', 'Get-Recipient', '-ExpandProperty', 'EmailAddresses', 'SmtpAddress', '-hidetableheaders') )\n| project TimeGenerated, HostCustomEntity = Computer, AccountCustomEntity = Account, AccountDomain, ProcessName, ProcessNameFullPath = NewProcessName, EventID, Activity, CommandLine, EventSourceName, Type\n),\n(DeviceProcessEvents \n| where (FileName =~ \"powershell.exe\" and ((ProcessCommandLine has_all(\"try\", \"Add-MpPreference\", \"-ExclusionPath\", \"ProgramData\", \"catch\"))  or (ProcessCommandLine has_all('Add-PSSnapin', 'Get-Recipient', '-ExpandProperty', 'EmailAddresses', 'SmtpAddress', '-hidetableheaders'))))\nor ( InitiatingProcessFileName =~ 'powershell.exe' and (((InitiatingProcessCommandLine has_all('$file=', 'dllhost.exe', 'Invoke-WebRequest', '-OutFile')) or ((InitiatingProcessCommandLine has_all('$admins=', 'System.Security.Principal.SecurityIdentifier', 'Translate', '-split', 'localgroup', '/add', '$rdp='))))))\n| extend timestamp = TimeGenerated, AccountCustomEntity =  InitiatingProcessAccountName, HostCustomEntity = DeviceName\n)\n)\n",
                        "queryFrequency": "PT6H",
                        "queryPeriod": "PT6H",
                        "severity": "High",
                        "suppressionDuration": "PT1H",
                        "suppressionEnabled": false,
                        "triggerOperator": "GreaterThan",
                        "triggerThreshold": 0,
                        "tactics": [
                          "Exfiltration",
                          "DefenseEvasion"
                        ],
                        "techniques": [
                          "T1048",
                          "T1562"
                        ],
                        "entityMappings": [
                          {
                            "entityType": "Account",
                            "fieldMappings": [
                              {
                                "columnName": "AccountCustomEntity",
                                "identifier": "FullName"
                              }
                            ]
                          },
                          {
                            "entityType": "Host",
                            "fieldMappings": [
                              {
                                "columnName": "HostCustomEntity",
                                "identifier": "FullName"
                              }
                            ]
                          }
                        ]
                      }
                    },
                    {
                      "type": "Microsoft.OperationalInsights/workspaces/providers/metadata",
                      "apiVersion": "2021-03-01-preview",
                      "properties": {
                        "description": "'DEV-0270 heavily uses powershell to achieve their objective at various stages of their attack. To locate powershell related activity tied to the actor, Microsoft Sentinel customers can run the following query.'\n",
                        "version": "1.0.0",
                        "author": {
                          "name": "Community"
                        },
                        "support": {
                          "name": "Community",
                          "link": "https://github.com/Azure/Azure-Sentinel/issues",
                          "tier": "Community"
                        },
                        "source": {
                          "kind": "Community",
                          "name": "Standalone"
                        },
                        "threatAnalysisTactics": [
                          "Exfiltration",
                          "DefenseEvasion"
                        ],
                        "threatAnalyticsTechniques": [
                          "T1048",
                          "T1562"
                        ],
                        "contentId": "422ca2bf-598b-4872-82bb-5f7e8fa731e7",
                        "parentId": "422ca2bf-598b-4872-82bb-5f7e8fa731e7",
                        "kind": "AnalyticsRule",
                        "dependencies": {
                          "operator": "AND",
                          "criteria": [
                            {
                              "contentId": "SecurityEvent",
                              "kind": "DataType"
                            },
                            {
                              "contentId": "DeviceProcessEvents",
                              "kind": "DataType"
                            }
                          ]
                        }
                      }
                    }
                  ]
                }
              }
            }
          ]
        },
        "author": {
          "name": "Community"
        },
        "dependencies": {
          "operator": "AND",
          "criteria": [
            {
              "contentId": "422ca2bf-598b-4872-82bb-5f7e8fa731e7",
              "kind": "AnalyticsRule"
            }
          ]
        },
        "description": "'DEV-0270 heavily uses powershell to achieve their objective at various stages of their attack. To locate powershell related activity tied to the actor, Microsoft Sentinel customers can run the following query.'\n",
        "displayName": "Dev-0270 Malicious Powershell usage",
        "packageId": "422ca2bf-598b-4872-82bb-5f7e8fa731e7",
        "source": {
          "kind": "Community",
          "name": "Standalone"
        },
        "support": {
          "name": "Community",
          "link": "https://github.com/Azure/Azure-Sentinel/issues",
          "tier": "Community"
        },
        "threatAnalysisTactics": [
          "Exfiltration",
          "DefenseEvasion"
        ],
        "threatAnalyticsTechniques": [
          "T1048",
          "T1562"
        ],
        "version": "1.0.0"
      },
      "name": "[concat(parameters('workspace'),'/Microsoft.SecurityInsights/', '422ca2bf-598b-4872-82bb-5f7e8fa731e7')]"
    }
  ]
}