{
  "$schema": "https://schema.management.azure.com/schemas/2019-04-01/deploymentTemplate.json#",
  "parameters": {
    "location": {
      "type": "string",
      "minLength": 1,
      "defaultValue": "[resourceGroup().location]",
      "metadata": {
        "description": "Not used, but needed to pass arm-ttk test `Location-Should-Not-Be-Hardcoded`.  We instead use the `workspace-location` which is derived from the LA workspace"
      }
    },
    "workspace-location": {
      "type": "string",
      "defaultValue": "",
      "metadata": {
        "description": "[concat('Region to deploy solution resources -- separate from location selection',parameters('location'))]"
      }
    },
    "workspace": {
      "defaultValue": "",
      "type": "string",
      "metadata": {
        "description": "Workspace name for Log Analytics where Microsoft Sentinel is setup"
      }
    }
  },
  "variables": {},
  "resources": [
    {
      "type": "Microsoft.OperationalInsights/workspaces/providers/packages",
      "location": "[parameters('workspace-location')]",
      "apiVersion": "2022-08-01",
      "properties": {
        "packageKind": "Standalone",
        "packageItems": {
          "resources": [
            {
              "type": "Microsoft.OperationalInsights/workspaces/providers/contentTemplates",
              "name": "[concat(parameters('workspace'),'/Microsoft.SecurityInsights/', '5efb0cfd-063d-417a-803b-562eae5b0301')]",
              "location": "[parameters('workspace-location')]",
              "apiVersion": "2022-08-01",
              "properties": {
                "contentId": "5efb0cfd-063d-417a-803b-562eae5b0301",
                "displayName": "Azure DevOps Service Connection Addition/Abuse - Historic allow list",
                "contentKind": "AnalyticsRule",
                "mainTemplate": {
                  "$schema": "https://schema.management.azure.com/schemas/2019-04-01/deploymentTemplate.json#",
                  "contentVersion": "1.0.1",
                  "resources": [
                    {
                      "type": "Microsoft.OperationalInsights/workspaces/providers/alertRules",
                      "apiVersion": "2022-04-01-preview",
                      "name": "[concat(parameters('workspace'),'/Microsoft.SecurityInsights/', '' )]",
                      "kind": "Scheduled",
                      "location": "[parameters('workspace-location')]",
                      "properties": {
                        "description": "This detection builds an allow list of historic service connection use by Builds and Releases and compares to recent history, flagging growth of service connection use which are not manually included in the allow list and \nnot historically included in the allow list Build/Release runs.  This is to determine if someone is hijacking a build/release and adding many service connections in order to abuse or dump credentials from service connections.",
                        "displayName": "Azure DevOps Service Connection Addition/Abuse - Historic allow list",
                        "enabled": false,
                        "query": "\nlet starttime = 14d;\nlet endtime = 6h;\n// Ignore Build/Releases with less/equal this number\nlet ServiceConnectionThreshold = 3;\n// New Connections need to exhibit execution of more \"new\" connections than this number.\nlet NewConnectionThreshold = 1;\n// List of Builds/Releases to ignore in your space\nlet BypassDefIds = datatable(DefId:string, Type:string, ProjectName:string)\n[\n//\"103\", \"Release\", \"ProjectA\",\n//\"42\", \"Release\", \"ProjectB\",\n//\"122\", \"Build\", \"ProjectB\"\n];\nlet HistoricDefs = AzureDevOpsAuditing\n| where TimeGenerated between (ago(starttime) .. ago(endtime))\n| where OperationName == \"Library.ServiceConnectionExecuted\" \n| extend DefId = tostring(Data.DefinitionId), Type = tostring(Data.PlanType), ConnectionId = tostring(Data.ConnectionId)\n| summarize HistoricCount = dcount(tostring(ConnectionId)), ConnectionNames = make_set(tostring(Data.ConnectionName)) \n  by DefId = tostring(DefId), Type = tostring(Type), ProjectId, ProjectName, ActorUPN;\nAzureDevOpsAuditing\n| where TimeGenerated >= ago(endtime)\n| where OperationName == \"Library.ServiceConnectionExecuted\" \n| extend DefId = tostring(Data.DefinitionId), Type = tostring(Data.PlanType), ConnectionId = tostring(Data.ConnectionId)\n| parse ScopeDisplayName with OrganizationName ' (Organization)'\n| summarize CurrentCount = dcount(tostring(ConnectionId)), ConnectionNames = make_set(tostring(Data.ConnectionName)), StartTime = min(TimeGenerated), EndTime = max(TimeGenerated) \n  by OrganizationName, DefId = tostring(DefId), Type = tostring(Type), ProjectId, ProjectName, ActorUPN\n| where CurrentCount > ServiceConnectionThreshold\n| join (HistoricDefs) on ProjectId, DefId, Type, ActorUPN\n| join kind=anti BypassDefIds on $left.DefId==$right.DefId and $left.Type == $right.Type and $left.ProjectName == $right.ProjectName\n| extend link = iff(\nType == \"Build\", strcat('https://dev.azure.com/', OrganizationName, '/', ProjectName, '/_build?definitionId=', DefId),\nstrcat('https://dev.azure.com/', OrganizationName, '/', ProjectName, '/_release?_a=releases&view=mine&definitionId=', DefId))\n| where CurrentCount >= HistoricCount + NewConnectionThreshold\n| project StartTime, OrganizationName, ProjectName, DefId, link, RecentDistinctServiceConnections = CurrentCount, HistoricDistinctServiceConnections = HistoricCount, \n  RecentConnections = ConnectionNames, HistoricConnections = ConnectionNames1, ActorUPN\n| extend timestamp = StartTime, AccountCustomEntity = ActorUPN\n",
                        "queryFrequency": "PT6H",
                        "queryPeriod": "P14D",
                        "severity": "Medium",
                        "suppressionDuration": "PT1H",
                        "suppressionEnabled": false,
                        "triggerOperator": "GreaterThan",
                        "triggerThreshold": 0,
                        "tactics": [
                          "Persistence",
                          "Impact"
                        ],
                        "entityMappings": [
                          {
                            "entityType": "Account",
                            "fieldMappings": [
                              {
                                "columnName": "AccountCustomEntity",
                                "identifier": "FullName"
                              }
                            ]
                          }
                        ]
                      }
                    },
                    {
                      "type": "Microsoft.OperationalInsights/workspaces/providers/metadata",
                      "apiVersion": "2021-03-01-preview",
                      "name": "[concat(parameters('workspace'),'/Microsoft.SecurityInsights/', '')]",
                      "properties": {
                        "description": "'This detection builds an allow list of historic service connection use by Builds and Releases and compares to recent history, flagging growth of service connection use which are not manually included in the allow list and \nnot historically included in the allow list Build/Release runs.  This is to determine if someone is hijacking a build/release and adding many service connections in order to abuse or dump credentials from service connections.'\n",
                        "contentId": "5efb0cfd-063d-417a-803b-562eae5b0301",
                        "version": "1.0.1",
                        "source": {
                          "kind": "Community"
                        },
                        "threatAnalysisTactics": [
                          "Persistence",
                          "Impact"
                        ],
                        "threatAnalyticsTechniques": [
                          "T1098",
                          "T1496"
                        ],
                        "parentId": "5efb0cfd-063d-417a-803b-562eae5b0301",
                        "kind": "AnalyticsRule"
                      }
                    }
                  ]
                }
              }
            }
          ]
        },
        "contentId": "5efb0cfd-063d-417a-803b-562eae5b0301",
        "dependencies": {
          "operator": "AND",
          "criteria": [
            {
              "contentId": "5efb0cfd-063d-417a-803b-562eae5b0301",
              "kind": "AnalyticsRule"
            }
          ]
        },
        "description": "'This detection builds an allow list of historic service connection use by Builds and Releases and compares to recent history, flagging growth of service connection use which are not manually included in the allow list and \nnot historically included in the allow list Build/Release runs.  This is to determine if someone is hijacking a build/release and adding many service connections in order to abuse or dump credentials from service connections.'\n",
        "displayName": "Azure DevOps Service Connection Addition/Abuse - Historic allow list",
        "source": {
          "kind": "Community"
        },
        "threatAnalysisTactics": [
          "Persistence",
          "Impact"
        ],
        "threatAnalyticsTechniques": [
          "T1098",
          "T1496"
        ],
        "version": "1.0.1"
      },
      "name": "[concat(parameters('workspace'),'/Microsoft.SecurityInsights/', '5efb0cfd-063d-417a-803b-562eae5b0301')]"
    }
  ]
}