{
  "$schema": "https://schema.management.azure.com/schemas/2019-04-01/deploymentTemplate.json#",
  "contentVersion": "1.0.0.0",
  "parameters": {
    "location": {
      "type": "string",
      "minLength": 1,
      "defaultValue": "[resourceGroup().location]",
      "metadata": {
        "description": "Not used, but needed to pass arm-ttk test `Location-Should-Not-Be-Hardcoded`.  We instead use the `workspace-location` which is derived from the LA workspace"
      }
    },
    "workspace-location": {
      "type": "string",
      "defaultValue": "",
      "metadata": {
        "description": "[concat('Region to deploy solution resources -- separate from location selection',parameters('location'))]"
      }
    },
    "workspace": {
      "defaultValue": "",
      "type": "string",
      "metadata": {
        "description": "Workspace name for Log Analytics where Microsoft Sentinel is setup"
      }
    }
  },
  "variables": {},
  "resources": [
    {
      "type": "Microsoft.OperationalInsights/workspaces/providers/packages",
      "location": "[parameters('workspace-location')]",
      "apiVersion": "2022-08-01",
      "properties": {
        "packageKind": "Standalone",
        "packageItems": {
          "resources": [
            {
              "type": "Microsoft.OperationalInsights/workspaces/providers/contentTemplates",
              "name": "[concat(parameters('workspace'),'/Microsoft.SecurityInsights/', 'DelineaWorkbook')]",
              "location": "[parameters('workspace-location')]",
              "kind": "shared",
              "apiVersion": "2022-08-01",
              "contentVersion": "1.0.0",
              "metadata": "The Delinea Secret Server Syslog connector",
              "properties": {
                "contentId": "DelineaWorkbook",
                "version": "1.0.0",
                "displayName": "Delinea Secret Server Workbook",
                "contentKind": "Workbook",
                "mainTemplate": {
                  "$schema": "https://schema.management.azure.com/schemas/2019-04-01/deploymentTemplate.json#",
                  "contentVersion": "1.0.0",
                  "parameters": {},
                  "resources": [
                    {
                      "type": "Microsoft.Insights/workbooks",
                      "name": "DelineaWorkbook",
                      "location": "[parameters('workspace-location')]",
                      "kind": "shared",
                      "apiVersion": "2021-08-01",
                      "metadata": "The Delinea Secret Server Syslog connector",
                      "properties": {
                        "displayName": "Delinea Secret Server Workbook",
                        "serializedData": "{\"version\":\"Notebook/1.0\",\"items\":[{\"type\":1,\"content\":{\"json\":\"### Delinea Workbook\\n\"},\"name\":\"text - 2\",\"styleSettings\":{\"margin\":\"1\",\"padding\":\"1\"}},{\"type\":9,\"content\":{\"version\":\"KqlParameterItem/1.0\",\"parameters\":[{\"id\":\"d273a798-8340-441a-9289-d1a79c87ed0c\",\"version\":\"KqlParameterItem/1.0\",\"name\":\"Timespan\",\"type\":4,\"isRequired\":true,\"value\":{\"durationMs\":43200000},\"typeSettings\":{\"selectableValues\":[{\"durationMs\":43200000},{\"durationMs\":86400000},{\"durationMs\":259200000},{\"durationMs\":604800000},{\"durationMs\":1209600000},{\"durationMs\":2592000000},{\"durationMs\":5184000000},{\"durationMs\":7776000000}],\"allowCustom\":true},\"timeContext\":{\"durationMs\":86400000}}],\"style\":\"pills\",\"queryType\":0,\"resourceType\":\"microsoft.operationalinsights/workspaces\"},\"name\":\"parameters - 1\"},{\"type\":1,\"content\":{\"json\":\"Most usage operations for SecretServer\"},\"name\":\"text - 9\"},{\"type\":11,\"content\":{\"version\":\"LinkItem/1.0\",\"style\":\"tabs\",\"links\":[{\"cellValue\":\"page\",\"linkTarget\":\"parameter\",\"linkLabel\":\"Overview\",\"subTarget\":\"FileType != \\\"test event\\\"\",\"style\":\"primary\"},{\"cellValue\":\"page\",\"linkTarget\":\"parameter\",\"linkLabel\":\"Secret\",\"subTarget\":\"FileType == \\\"Secret\\\"\",\"style\":\"primary\"},{\"cellValue\":\"page\",\"linkTarget\":\"parameter\",\"linkLabel\":\"User\",\"subTarget\":\"FileType == \\\"User\\\"\",\"style\":\"primary\"},{\"cellValue\":\"page\",\"linkTarget\":\"parameter\",\"linkLabel\":\"Folder\",\"subTarget\":\"FileType == \\\"Folder\\\"\",\"style\":\"secondary\"}]},\"name\":\"links - 3\",\"styleSettings\":{\"margin\":\"0px\",\"padding\":\"0px\"}},{\"type\":3,\"content\":{\"version\":\"KqlItem/1.0\",\"query\":\"CommonSecurityLog\\n| where DeviceVendor == \\\"Delinea Software\\\" | where DeviceProduct == \\\"Secret Server\\\" | where LogSeverity == 2 \\n| where {page:query}\\n| where TimeGenerated {Timespan:query}\\n| summarize countRecord = count(), lastDate = arg_max(TimeGenerated, *) by FileName\\n| order by countRecord\\n| take 10\\n| project FileType, Activity, SecretName=FileName, countRecord, lastDate \",\"size\":2,\"timeContext\":{\"durationMs\":86400000},\"queryType\":0,\"resourceType\":\"microsoft.operationalinsights/workspaces\",\"visualization\":\"table\",\"tileSettings\":{\"showBorder\":false,\"titleContent\":{\"columnMatch\":\"FileType\",\"formatter\":1},\"leftContent\":{\"columnMatch\":\"countRecord\",\"formatter\":12,\"formatOptions\":{\"palette\":\"auto\"},\"numberFormat\":{\"unit\":17,\"options\":{\"maximumSignificantDigits\":3,\"maximumFractionDigits\":2}}}},\"graphSettings\":{\"type\":0,\"topContent\":{\"columnMatch\":\"FileType\",\"formatter\":1},\"centerContent\":{\"columnMatch\":\"countRecord\",\"formatter\":1,\"numberFormat\":{\"unit\":17,\"options\":{\"maximumSignificantDigits\":3,\"maximumFractionDigits\":2}}},\"nodeIdField\":\"countRecord\",\"sourceIdField\":\"Activity\",\"targetIdField\":\"FileType\",\"graphOrientation\":3,\"showOrientationToggles\":false,\"staticNodeSize\":100,\"hivesMargin\":5}},\"name\":\"query - 3\"},{\"type\":1,\"content\":{\"json\":\"## Expiring Secrets\"},\"name\":\"text - 5\"},{\"type\":3,\"content\":{\"version\":\"KqlItem/1.0\",\"query\":\"CommonSecurityLog\\r\\n| where DeviceVendor == \\\"Delinea Software\\\" \\r\\n| where DeviceProduct == \\\"Secret Server\\\" \\r\\n| where LogSeverity == 2 \\r\\n| where TimeGenerated > ago(1d)\\r\\n| summarize count() by Activity\\r\\n| where extract(\\\"EXPIRE[S|D](\\\\\\\\d+)DAY\\\\\\\\w?\\\", 1, Activity) != \\\"\\\"\\r\\n| project extract(\\\"EXPIRE[S|D](\\\\\\\\d+)DAY\\\\\\\\w?\\\", 1, Activity), count_\\r\\n| order by count_ asc \",\"size\":0,\"noDataMessage\":\"Secrets that will soon expire are not found\",\"noDataMessageStyle\":3,\"timeContext\":{\"durationMs\":2592000000},\"queryType\":0,\"resourceType\":\"microsoft.operationalinsights/workspaces\",\"visualization\":\"categoricalbar\",\"chartSettings\":{\"seriesLabelSettings\":[{\"seriesName\":\"03\",\"label\":\"Expiring in 3 days\",\"comment\":\"Expire to 3 days\"},{\"seriesName\":\"07\",\"label\":\"Expiring in 7 days\",\"comment\":\"Expire to 7 days\"},{\"seriesName\":\"15\",\"label\":\"Expiring in 15 days\",\"comment\":\"Expire to 15 days\"},{\"seriesName\":\"30\",\"label\":\"Expiring in 30 days\"},{\"seriesName\":\"01\",\"label\":\"Expiring in 1 day\"}],\"ySettings\":{\"numberFormatSettings\":{\"unit\":17,\"options\":{\"style\":\"decimal\",\"useGrouping\":true}}}}},\"name\":\"query - 4\"},{\"type\":1,\"content\":{\"json\":\"### Expiring Today\"},\"name\":\"text - 7\"},{\"type\":3,\"content\":{\"version\":\"KqlItem/1.0\",\"query\":\"CommonSecurityLog\\r\\n| where DeviceVendor == \\\"Delinea Software\\\"\\n| where DeviceProduct == \\\"Secret Server\\\"\\n| where LogSeverity == 2 \\r\\n| where TimeGenerated > ago(1d)\\r\\n| summarize count() by Activity\\r\\n| where Activity == \\\"SECRET - EXPIREDTODAY\\\"\\r\\n| project count_\\r\\n| order by count_ asc \",\"size\":0,\"timeContext\":{\"durationMs\":86400000},\"queryType\":0,\"resourceType\":\"microsoft.operationalinsights/workspaces\",\"visualization\":\"tiles\",\"tileSettings\":{\"showBorder\":false,\"titleContent\":{\"columnMatch\":\"FileName\",\"formatter\":1},\"leftContent\":{\"columnMatch\":\"count_\",\"formatter\":12,\"formatOptions\":{\"palette\":\"auto\"},\"numberFormat\":{\"unit\":17,\"options\":{\"maximumSignificantDigits\":3,\"maximumFractionDigits\":2}}}}},\"name\":\"query - 6\"},{\"type\":3,\"content\":{\"version\":\"KqlItem/1.0\",\"query\":\"CommonSecurityLog\\r\\n| where DeviceVendor == \\\"Delinea Software\\\"\\n| where DeviceProduct == \\\"Secret Server\\\"\\n| where LogSeverity == 2 \\r\\n| where TimeGenerated > ago(1d)\\r\\n| summarize count() by Activity, FileName\\r\\n| where Activity == \\\"SECRET - EXPIREDTODAY\\\"\\r\\n| project FileName\",\"size\":0,\"timeContext\":{\"durationMs\":86400000},\"queryType\":0,\"resourceType\":\"microsoft.operationalinsights/workspaces\",\"visualization\":\"table\",\"gridSettings\":{\"formatters\":[{\"columnMatch\":\"FileName\",\"formatter\":1,\"formatOptions\":{\"customColumnWidthSetting\":\"150px\"}}],\"labelSettings\":[{\"columnId\":\"FileName\",\"label\":\"Secret Name\"}]}},\"name\":\"query - 8\"}],\"fallbackResourceIds\":[\"\"],\"fromTemplateId\":\"sentinel-Delinea\",\"$schema\":\"https://github.com/Microsoft/Application-Insights-Workbooks/blob/master/schema/workbook.json\"}\r\n",
                        "version": "1.0",
                        "sourceId": "[resourceId('microsoft.OperationalInsights/Workspaces', parameters('workspace'))]",
                        "category": "sentinel"
                      }
                    },
                    {
                      "type": "Microsoft.OperationalInsights/workspaces/providers/metadata",
                      "apiVersion": "2021-03-01-preview",
                      "name": "[concat(parameters('workspace'),'/Microsoft.SecurityInsights/',concat('Workbook-', 'DelineaWorkbook'))]",
                      "properties": {
                        "description": "The Delinea Secret Server Syslog connector",
                        "version": "1.0.0",
                        "previewImages": [
                          "DelineaWorkbookWhite.PNG"
                        ],
                        "previewImagesDark": [
                          "DelineaWorkbookBlack.PNG"
                        ],
                        "icon": "DelineaLogo.svg",
                        "author": {
                          "name": "Community"
                        },
                        "support": {
                          "name": "Community",
                          "link": "https://github.com/Azure/Azure-Sentinel/issues",
                          "tier": "Community"
                        },
                        "source": {
                          "kind": "Community",
                          "name": "Standalone"
                        },
                        "contentId": "DelineaWorkbook",
                        "parentId": "[resourceId('Microsoft.Insights/workbooks', 'DelineaWorkbook')]",
                        "kind": "Workbook",
                        "dependencies": {
                          "operator": "AND",
                          "criteria": [
                            {
                              "contentId": "CommonSecurityLog",
                              "kind": "DataType"
                            }
                          ]
                        }
                      }
                    }
                  ]
                }
              }
            }
          ]
        },
        "author": {
          "name": "Community"
        },
        "dependencies": {
          "operator": "AND",
          "criteria": [
            {
              "contentId": "DelineaWorkbook",
              "kind": "Workbook"
            }
          ]
        },
        "description": "The Delinea Secret Server Syslog connector",
        "displayName": "Delinea Secret Server Workbook",
        "icon": "DelineaLogo.svg",
        "packageId": "DelineaWorkbook",
        "previewImages": [
          "DelineaWorkbookWhite.PNG"
        ],
        "previewImagesDark": [
          "DelineaWorkbookBlack.PNG"
        ],
        "source": {
          "kind": "Community",
          "name": "Standalone"
        },
        "support": {
          "name": "Community",
          "link": "https://github.com/Azure/Azure-Sentinel/issues",
          "tier": "Community"
        },
        "version": "1.0.0"
      },
      "name": "[concat(parameters('workspace'),'/Microsoft.SecurityInsights/', 'DelineaWorkbook')]"
    }
  ]
}