{
  "$schema": "https://schema.management.azure.com/schemas/2019-04-01/deploymentTemplate.json#",
  "parameters": {
    "location": {
      "type": "string",
      "minLength": 1,
      "defaultValue": "[resourceGroup().location]",
      "metadata": {
        "description": "Not used, but needed to pass arm-ttk test `Location-Should-Not-Be-Hardcoded`.  We instead use the `workspace-location` which is derived from the LA workspace"
      }
    },
    "workspace-location": {
      "type": "string",
      "defaultValue": "",
      "metadata": {
        "description": "[concat('Region to deploy solution resources -- separate from location selection',parameters('location'))]"
      }
    },
    "workspace": {
      "defaultValue": "",
      "type": "string",
      "metadata": {
        "description": "Workspace name for Log Analytics where Microsoft Sentinel is setup"
      }
    }
  },
  "variables": {},
  "resources": [
    {
      "type": "Microsoft.OperationalInsights/workspaces/providers/packages",
      "location": "[parameters('workspace-location')]",
      "apiVersion": "2022-08-01",
      "properties": {
        "packageKind": "Standalone",
        "packageItems": {
          "resources": [
            {
              "type": "Microsoft.OperationalInsights/workspaces/providers/contentTemplates",
              "name": "[concat(parameters('workspace'),'/Microsoft.SecurityInsights/', 'c1c66f0b-5531-4a3e-a619-9d2f770ef730')]",
              "location": "[parameters('workspace-location')]",
              "apiVersion": "2022-08-01",
              "properties": {
                "contentId": "c1c66f0b-5531-4a3e-a619-9d2f770ef730",
                "displayName": "Account Elevated to New Role",
                "contentKind": "AnalyticsRule",
                "mainTemplate": {
                  "$schema": "https://schema.management.azure.com/schemas/2019-04-01/deploymentTemplate.json#",
                  "contentVersion": "1.0.0",
                  "resources": [
                    {
                      "type": "Microsoft.OperationalInsights/workspaces/providers/alertRules",
                      "apiVersion": "2022-04-01-preview",
                      "name": "[concat(parameters('workspace'),'/Microsoft.SecurityInsights/', '' )]",
                      "kind": "Scheduled",
                      "location": "[parameters('workspace-location')]",
                      "properties": {
                        "description": "Detects an account that is elevated to a new role where that account has not had that role in the last 14 days.\n  Role elevations are a key mechanism for gaining permissions, monitoring which users have which roles, and for anomalies in those roles is useful for finding suspicious activity.\n  Ref: https://docs.microsoft.com/azure/active-directory/fundamentals/security-operations-privileged-accounts#changes-to-privileged-accounts",
                        "displayName": "Account Elevated to New Role",
                        "enabled": false,
                        "query": "AuditLogs\n  | where TimeGenerated between(ago(14d)..ago(1d))\n  | where OperationName =~ \"Add member to role completed (PIM activation)\"\n  | where Result =~ \"success\"\n  | extend ElevatedUser = tostring(TargetResources[2].userPrincipalName)\n  | extend displayName = tostring(TargetResources[0].displayName)\n  | extend displayName2 = tostring(TargetResources[3].displayName)\n  | extend ElevatedRole = iif(displayName =~ \"Member\", displayName2, displayName)\n  | join kind = rightanti (AuditLogs\n  | where TimeGenerated > ago(1d)\n  | where OperationName =~ \"Add member to role completed (PIM activation)\"\n  | where Result =~ \"success\"\n  | extend ElevatedUser = tostring(TargetResources[2].userPrincipalName)\n  | extend displayName = tostring(TargetResources[0].displayName)\n  | extend displayName2 = tostring(TargetResources[3].displayName)\n  | extend ElevatedRole = iif(displayName =~ \"Member\", displayName2, displayName)\n  | extend ElevatedBy = tostring(parse_json(tostring(InitiatedBy.user)).userPrincipalName)) on ElevatedRole, ElevatedUser\n  | project-reorder ElevatedUser, ElevatedRole, ResultReason,ElevatedBy\n",
                        "queryFrequency": "P1D",
                        "queryPeriod": "P14D",
                        "severity": "Medium",
                        "suppressionDuration": "PT1H",
                        "suppressionEnabled": false,
                        "triggerOperator": "GreaterThan",
                        "triggerThreshold": 0,
                        "tactics": [
                          "Persistence"
                        ],
                        "entityMappings": [
                          {
                            "entityType": "Account",
                            "fieldMappings": [
                              {
                                "columnName": "ElevatedUser",
                                "identifier": "FullName"
                              }
                            ]
                          },
                          {
                            "entityType": "Account",
                            "fieldMappings": [
                              {
                                "columnName": "ElevatedBy",
                                "identifier": "FullName"
                              }
                            ]
                          }
                        ]
                      }
                    },
                    {
                      "type": "Microsoft.OperationalInsights/workspaces/providers/metadata",
                      "apiVersion": "2021-03-01-preview",
                      "name": "[concat(parameters('workspace'),'/Microsoft.SecurityInsights/', '')]",
                      "properties": {
                        "description": "'Detects an account that is elevated to a new role where that account has not had that role in the last 14 days.\n  Role elevations are a key mechanism for gaining permissions, monitoring which users have which roles, and for anomalies in those roles is useful for finding suspicious activity.\n  Ref: https://docs.microsoft.com/azure/active-directory/fundamentals/security-operations-privileged-accounts#changes-to-privileged-accounts'\n",
                        "version": "1.0.0",
                        "source": {
                          "kind": "Community"
                        },
                        "threatAnalysisTactics": [
                          "Persistence"
                        ],
                        "threatAnalyticsTechniques": [
                          "T1078.004"
                        ],
                        "contentId": "c1c66f0b-5531-4a3e-a619-9d2f770ef730",
                        "parentId": "c1c66f0b-5531-4a3e-a619-9d2f770ef730",
                        "kind": "AnalyticsRule",
                        "dependencies": {
                          "operator": "AND",
                          "criteria": [
                            {
                              "contentId": "AuditLogs",
                              "kind": "DataType"
                            }
                          ]
                        }
                      }
                    }
                  ]
                }
              }
            }
          ]
        },
        "dependencies": {
          "operator": "AND",
          "criteria": [
            {
              "contentId": "c1c66f0b-5531-4a3e-a619-9d2f770ef730",
              "kind": "AnalyticsRule"
            }
          ]
        },
        "description": "'Detects an account that is elevated to a new role where that account has not had that role in the last 14 days.\n  Role elevations are a key mechanism for gaining permissions, monitoring which users have which roles, and for anomalies in those roles is useful for finding suspicious activity.\n  Ref: https://docs.microsoft.com/azure/active-directory/fundamentals/security-operations-privileged-accounts#changes-to-privileged-accounts'\n",
        "displayName": "Account Elevated to New Role",
        "packageId": "c1c66f0b-5531-4a3e-a619-9d2f770ef730",
        "source": {
          "kind": "Community"
        },
        "threatAnalysisTactics": [
          "Persistence"
        ],
        "threatAnalyticsTechniques": [
          "T1078.004"
        ],
        "version": "1.0.0"
      },
      "name": "[concat(parameters('workspace'),'/Microsoft.SecurityInsights/', 'c1c66f0b-5531-4a3e-a619-9d2f770ef730')]"
    }
  ]
}