{
  "$schema": "https://schema.management.azure.com/schemas/2019-04-01/deploymentTemplate.json#",
  "contentVersion": "1.0.0.0",
  "parameters": {
    "location": {
      "type": "string",
      "minLength": 1,
      "defaultValue": "[resourceGroup().location]",
      "metadata": {
        "description": "Not used, but needed to pass arm-ttk test `Location-Should-Not-Be-Hardcoded`.  We instead use the `workspace-location` which is derived from the LA workspace"
      }
    },
    "workspace-location": {
      "type": "string",
      "defaultValue": "",
      "metadata": {
        "description": "[concat('Region to deploy solution resources -- separate from location selection',parameters('location'))]"
      }
    },
    "workspace": {
      "defaultValue": "",
      "type": "string",
      "metadata": {
        "description": "Workspace name for Log Analytics where Microsoft Sentinel is setup"
      }
    }
  },
  "variables": {},
  "resources": [
    {
      "type": "Microsoft.OperationalInsights/workspaces/providers/packages",
      "location": "[parameters('workspace-location')]",
      "apiVersion": "2022-08-01",
      "properties": {
        "packageKind": "Standalone",
        "packageItems": {
          "resources": [
            {
              "type": "Microsoft.OperationalInsights/workspaces/providers/contentTemplates",
              "name": "[concat(parameters('workspace'),'/Microsoft.SecurityInsights/', 'b6d03b88-4d27-49a2-9c1c-29f1ad2842dc')]",
              "location": "[parameters('workspace-location')]",
              "apiVersion": "2022-08-01",
              "properties": {
                "contentId": "b6d03b88-4d27-49a2-9c1c-29f1ad2842dc",
                "displayName": "CreepyDrive URLs",
                "contentKind": "AnalyticsRule",
                "mainTemplate": {
                  "$schema": "https://schema.management.azure.com/schemas/2019-04-01/deploymentTemplate.json#",
                  "contentVersion": "1.0.0",
                  "resources": [
                    {
                      "type": "Microsoft.OperationalInsights/workspaces/providers/alertRules",
                      "apiVersion": "2022-04-01-preview",
                      "name": "b6d03b88-4d27-49a2-9c1c-29f1ad2842dc",
                      "kind": "Scheduled",
                      "location": "[parameters('workspace-location')]",
                      "properties": {
                        "description": "CreepyDrive uses OneDrive for command and control. This detection identifies URLs specific to CreepyDrive.",
                        "displayName": "CreepyDrive URLs",
                        "enabled": false,
                        "query": "let oneDriveCalls = dynamic(['graph.microsoft.com/v1.0/me/drive/root:/Documents/data.txt:/content','graph.microsoft.com/v1.0/me/drive/root:/Documents/response.json:/content']);\nlet oneDriveCallsRegex = dynamic([@'graph\\.microsoft\\.com\\/v1\\.0\\/me\\/drive\\/root\\:\\/Uploaded\\/.*\\:\\/content',@'graph\\.microsoft\\.com\\/v1\\.0\\/me\\/drive\\/root\\:\\/Downloaded\\/.*\\:\\/content']);\nCommonSecurityLog\n| where RequestURL has_any (oneDriveCalls) or RequestURL matches regex tostring(oneDriveCallsRegex[0]) or RequestURL matches regex tostring(oneDriveCallsRegex[1])\n| project TimeGenerated, DeviceVendor, DeviceProduct, DeviceAction, DestinationDnsDomain, DestinationIP, RequestURL, SourceIP, SourceHostName, RequestClientApplication\n",
                        "queryFrequency": "P1D",
                        "queryPeriod": "P1D",
                        "severity": "High",
                        "suppressionDuration": "PT1H",
                        "suppressionEnabled": false,
                        "triggerOperator": "GreaterThan",
                        "triggerThreshold": 0,
                        "tactics": [
                          "Exfiltration",
                          "CommandAndControl"
                        ],
                        "techniques": [
                          "T1567.002",
                          "T1102.002"
                        ],
                        "entityMappings": [
                          {
                            "entityType": "IP",
                            "fieldMappings": [
                              {
                                "columnName": "SourceIP",
                                "identifier": "Address"
                              }
                            ]
                          },
                          {
                            "entityType": "Host",
                            "fieldMappings": [
                              {
                                "columnName": "SourceHostName",
                                "identifier": "HostName"
                              }
                            ]
                          }
                        ]
                      }
                    },
                    {
                      "type": "Microsoft.OperationalInsights/workspaces/providers/metadata",
                      "apiVersion": "2021-03-01-preview",
                      "properties": {
                        "description": "'CreepyDrive uses OneDrive for command and control. This detection identifies URLs specific to CreepyDrive.'\n",
                        "version": "1.0.0",
                        "author": {
                          "name": "Community"
                        },
                        "support": {
                          "name": "Community",
                          "link": "https://github.com/Azure/Azure-Sentinel/issues",
                          "tier": "Community"
                        },
                        "source": {
                          "kind": "Community",
                          "name": "Standalone"
                        },
                        "threatAnalysisTactics": [
                          "Exfiltration",
                          "CommandAndControl"
                        ],
                        "threatAnalyticsTechniques": [
                          "T1567.002",
                          "T1102.002"
                        ],
                        "contentId": "b6d03b88-4d27-49a2-9c1c-29f1ad2842dc",
                        "parentId": "b6d03b88-4d27-49a2-9c1c-29f1ad2842dc",
                        "kind": "AnalyticsRule",
                        "dependencies": {
                          "operator": "AND",
                          "criteria": [
                            {
                              "contentId": "CommonSecurityLog",
                              "kind": "DataType"
                            },
                            {
                              "contentId": "CommonSecurityLog",
                              "kind": "DataType"
                            },
                            {
                              "contentId": "CommonSecurityLog",
                              "kind": "DataType"
                            },
                            {
                              "contentId": "CommonSecurityLog",
                              "kind": "DataType"
                            }
                          ]
                        }
                      }
                    }
                  ]
                }
              }
            }
          ]
        },
        "author": {
          "name": "Community"
        },
        "dependencies": {
          "operator": "AND",
          "criteria": [
            {
              "contentId": "b6d03b88-4d27-49a2-9c1c-29f1ad2842dc",
              "kind": "AnalyticsRule"
            }
          ]
        },
        "description": "'CreepyDrive uses OneDrive for command and control. This detection identifies URLs specific to CreepyDrive.'\n",
        "displayName": "CreepyDrive URLs",
        "packageId": "b6d03b88-4d27-49a2-9c1c-29f1ad2842dc",
        "source": {
          "kind": "Community",
          "name": "Standalone"
        },
        "support": {
          "name": "Community",
          "link": "https://github.com/Azure/Azure-Sentinel/issues",
          "tier": "Community"
        },
        "threatAnalysisTactics": [
          "Exfiltration",
          "CommandAndControl"
        ],
        "threatAnalyticsTechniques": [
          "T1567.002",
          "T1102.002"
        ],
        "version": "1.0.0"
      },
      "name": "[concat(parameters('workspace'),'/Microsoft.SecurityInsights/', 'b6d03b88-4d27-49a2-9c1c-29f1ad2842dc')]"
    }
  ]
}