{
  "$schema": "https://schema.management.azure.com/schemas/2019-04-01/deploymentTemplate.json#",
  "parameters": {
    "location": {
      "type": "string",
      "minLength": 1,
      "defaultValue": "[resourceGroup().location]",
      "metadata": {
        "description": "Not used, but needed to pass arm-ttk test `Location-Should-Not-Be-Hardcoded`.  We instead use the `workspace-location` which is derived from the LA workspace"
      }
    },
    "workspace-location": {
      "type": "string",
      "defaultValue": "",
      "metadata": {
        "description": "[concat('Region to deploy solution resources -- separate from location selection',parameters('location'))]"
      }
    },
    "workspace": {
      "defaultValue": "",
      "type": "string",
      "metadata": {
        "description": "Workspace name for Log Analytics where Microsoft Sentinel is setup"
      }
    }
  },
  "variables": {},
  "resources": [
    {
      "type": "Microsoft.OperationalInsights/workspaces/providers/packages",
      "location": "[parameters('workspace-location')]",
      "apiVersion": "2022-08-01",
      "properties": {
        "packageKind": "Standalone",
        "packageItems": {
          "resources": [
            {
              "type": "Microsoft.OperationalInsights/workspaces/providers/contentTemplates",
              "name": "[concat(parameters('workspace'),'/Microsoft.SecurityInsights/', 'a0907abe-6925-4d90-af2b-c7e89dc201a6')]",
              "location": "[parameters('workspace-location')]",
              "apiVersion": "2022-08-01",
              "properties": {
                "contentId": "a0907abe-6925-4d90-af2b-c7e89dc201a6",
                "displayName": "Potential DGA detected",
                "contentKind": "AnalyticsRule",
                "mainTemplate": {
                  "$schema": "https://schema.management.azure.com/schemas/2019-04-01/deploymentTemplate.json#",
                  "contentVersion": "1.0.0",
                  "resources": [
                    {
                      "type": "Microsoft.OperationalInsights/workspaces/providers/alertRules",
                      "apiVersion": "2022-04-01-preview",
                      "name": "[concat(parameters('workspace'),'/Microsoft.SecurityInsights/', '' )]",
                      "kind": "Scheduled",
                      "location": "[parameters('workspace-location')]",
                      "properties": {
                        "description": "Identifies clients with a high NXDomain count which could be indicative of a DGA (cycling through possible C2 domains\nwhere most C2s are not live). Alert is generated when a new IP address is seen (based on not being seen associated with \nNXDomain records in prior 10-day baseline period).",
                        "displayName": "Potential DGA detected",
                        "enabled": false,
                        "query": "\nlet starttime = 10d;\nlet endtime = 1d;\nlet threshold = 100;\nlet nxDomainDnsEvents = DnsEvents \n| where ResultCode == 3 \n| where QueryType in (\"A\", \"AAAA\")\n| where ipv4_is_match(\"127.0.0.1\", ClientIP) == False\n| where Name !contains \"/\"\n| where Name contains \".\";\nnxDomainDnsEvents\n| where TimeGenerated > ago(endtime)\n| extend sld = tostring(split(Name, \".\")[-2])\n| summarize StartTimeUtc = min(TimeGenerated), EndTimeUtc = max(TimeGenerated), dcount(sld) by ClientIP\n| where dcount_sld > threshold\n// Filter out previously seen IPs\n| join kind=leftanti (nxDomainDnsEvents\n    | where TimeGenerated between(ago(starttime)..ago(endtime))\n    | extend sld = tostring(split(Name, \".\")[-2])\n    | summarize dcount(sld) by ClientIP\n    | where dcount_sld > threshold ) on ClientIP\n// Pull out sample NXDomain responses for those remaining potentially infected IPs\n| join kind = inner (nxDomainDnsEvents | summarize by Name, ClientIP) on ClientIP\n| summarize StartTimeUtc = min(StartTimeUtc), EndTimeUtc = max(EndTimeUtc), sampleNXDomainList=make_list(Name, 100)  by ClientIP, dcount_sld\n| extend timestamp = StartTimeUtc, IPCustomEntity = ClientIP\n",
                        "queryFrequency": "P1D",
                        "queryPeriod": "P10D",
                        "severity": "Medium",
                        "suppressionDuration": "PT1H",
                        "suppressionEnabled": false,
                        "triggerOperator": "GreaterThan",
                        "triggerThreshold": 0,
                        "tactics": [
                          "CommandAndControl"
                        ],
                        "entityMappings": [
                          {
                            "entityType": "IP",
                            "fieldMappings": [
                              {
                                "columnName": "IPCustomEntity",
                                "identifier": "Address"
                              }
                            ]
                          }
                        ]
                      }
                    },
                    {
                      "type": "Microsoft.OperationalInsights/workspaces/providers/metadata",
                      "apiVersion": "2021-03-01-preview",
                      "name": "[concat(parameters('workspace'),'/Microsoft.SecurityInsights/', '')]",
                      "properties": {
                        "description": "'Identifies clients with a high NXDomain count which could be indicative of a DGA (cycling through possible C2 domains\nwhere most C2s are not live). Alert is generated when a new IP address is seen (based on not being seen associated with \nNXDomain records in prior 10-day baseline period).'\n",
                        "version": "1.0.0",
                        "source": {
                          "kind": "Community"
                        },
                        "threatAnalysisTactics": [
                          "CommandAndControl"
                        ],
                        "threatAnalyticsTechniques": [
                          "T1568",
                          "T1008"
                        ],
                        "contentId": "a0907abe-6925-4d90-af2b-c7e89dc201a6",
                        "parentId": "a0907abe-6925-4d90-af2b-c7e89dc201a6",
                        "kind": "AnalyticsRule",
                        "dependencies": {
                          "operator": "AND",
                          "criteria": [
                            {
                              "contentId": "DnsEvents",
                              "kind": "DataType"
                            }
                          ]
                        }
                      }
                    }
                  ]
                }
              }
            }
          ]
        },
        "dependencies": {
          "operator": "AND",
          "criteria": [
            {
              "contentId": "a0907abe-6925-4d90-af2b-c7e89dc201a6",
              "kind": "AnalyticsRule"
            }
          ]
        },
        "description": "'Identifies clients with a high NXDomain count which could be indicative of a DGA (cycling through possible C2 domains\nwhere most C2s are not live). Alert is generated when a new IP address is seen (based on not being seen associated with \nNXDomain records in prior 10-day baseline period).'\n",
        "displayName": "Potential DGA detected",
        "packageId": "a0907abe-6925-4d90-af2b-c7e89dc201a6",
        "source": {
          "kind": "Community"
        },
        "threatAnalysisTactics": [
          "CommandAndControl"
        ],
        "threatAnalyticsTechniques": [
          "T1568",
          "T1008"
        ],
        "version": "1.0.0"
      },
      "name": "[concat(parameters('workspace'),'/Microsoft.SecurityInsights/', 'a0907abe-6925-4d90-af2b-c7e89dc201a6')]"
    }
  ]
}