{
  "$schema": "https://schema.management.azure.com/schemas/2019-04-01/deploymentTemplate.json#",
  "contentVersion": "1.0.0.0",
  "parameters": {
    "location": {
      "type": "string",
      "minLength": 1,
      "defaultValue": "[resourceGroup().location]",
      "metadata": {
        "description": "Not used, but needed to pass arm-ttk test `Location-Should-Not-Be-Hardcoded`.  We instead use the `workspace-location` which is derived from the LA workspace"
      }
    },
    "workspace-location": {
      "type": "string",
      "defaultValue": "",
      "metadata": {
        "description": "[concat('Region to deploy solution resources -- separate from location selection',parameters('location'))]"
      }
    },
    "workspace": {
      "defaultValue": "",
      "type": "string",
      "metadata": {
        "description": "Workspace name for Log Analytics where Microsoft Sentinel is setup"
      }
    }
  },
  "variables": {},
  "resources": [
    {
      "type": "Microsoft.OperationalInsights/workspaces/providers/packages",
      "location": "[parameters('workspace-location')]",
      "apiVersion": "2022-08-01",
      "properties": {
        "packageKind": "Standalone",
        "packageItems": {
          "resources": [
            {
              "type": "Microsoft.OperationalInsights/workspaces/providers/contentTemplates",
              "name": "[concat(parameters('workspace'),'/Microsoft.SecurityInsights/', 'e2559891-383c-4caf-ae67-55a008b9f89e')]",
              "location": "[parameters('workspace-location')]",
              "apiVersion": "2022-08-01",
              "properties": {
                "contentId": "e2559891-383c-4caf-ae67-55a008b9f89e",
                "displayName": "(Preview) TI map IP entity to Web Session Events (ASIM Web Session schema)",
                "contentKind": "AnalyticsRule",
                "mainTemplate": {
                  "$schema": "https://schema.management.azure.com/schemas/2019-04-01/deploymentTemplate.json#",
                  "contentVersion": "1.0.0",
                  "resources": [
                    {
                      "type": "Microsoft.OperationalInsights/workspaces/providers/alertRules",
                      "apiVersion": "2022-04-01-preview",
                      "name": "e2559891-383c-4caf-ae67-55a008b9f89e",
                      "kind": "Scheduled",
                      "location": "[parameters('workspace-location')]",
                      "properties": {
                        "description": "This rule identifies Web Sessions for which the source IP address is a known IoC. <br><br>This rule uses the [Advanced Security Information Model (ASIM)](https://aka.ms/AboutASIM) and supports any web session source that complies with ASIM.",
                        "displayName": "(Preview) TI map IP entity to Web Session Events (ASIM Web Session schema)",
                        "enabled": false,
                        "query": "let HAS_ANY_MAX = 10000;\nlet dt_lookBack = 1h;\nlet ioc_lookBack = 14d;\nlet IP_TI=ThreatIntelligenceIndicator\n| where TimeGenerated >= ago(ioc_lookBack) and ExpirationDateTime > now()\n| summarize LatestIndicatorTime = arg_max(TimeGenerated, *) by IndicatorId\n| where Active == true\n// As there is potentially more than 1 indicator type for matching IP, taking NetworkIP first, then others if that is empty.\n// Taking the first non-empty value based on potential IOC match availability\n| extend TI_ipEntity = coalesce(NetworkIP, NetworkDestinationIP, NetworkSourceIP,EmailSourceIpAddress,\"NO_IP\")\n// Picking up only IOC's that contain the entities we want\n| where TI_ipEntity != \"NO_IP\";\nlet IP_TI_list=toscalar(IP_TI | summarize NIoCs= dcount(TI_ipEntity), IoCs=make_set(TI_ipEntity) \n  | project IoCs=iff(NIoCs > HAS_ANY_MAX, dynamic([]), IoCs )  );\nIP_TI\n// using innerunique to keep perf fast and result set low, we only need one match to indicate potential malicious activity that needs to be investigated\n| join kind=innerunique (\n    _Im_WebSession (starttime=ago(dt_lookBack), srcipaddr_has_any_prefix=IP_TI_list)\n    | where isnotempty(SrcIpAddr)\n    // renaming time column so it is clear the log this came from\n    | extend imNWS_TimeGenerated = TimeGenerated\n)\non $left.TI_ipEntity == $right.SrcIpAddr\n| where imNWS_TimeGenerated < ExpirationDateTime\n| summarize imNWS_TimeGenerated = arg_max(imNWS_TimeGenerated , *) by IndicatorId, DstIpAddr\n| project imNWS_TimeGenerated, Description, ActivityGroupNames, IndicatorId, ThreatType, ExpirationDateTime, ConfidenceScore,\nTI_ipEntity, Dvc, SrcIpAddr, DstIpAddr\n",
                        "queryFrequency": "PT1H",
                        "queryPeriod": "P14D",
                        "severity": "Medium",
                        "suppressionDuration": "PT1H",
                        "suppressionEnabled": false,
                        "triggerOperator": "GreaterThan",
                        "triggerThreshold": 0,
                        "tactics": [
                          "Impact"
                        ],
                        "entityMappings": [
                          {
                            "entityType": "IP",
                            "fieldMappings": [
                              {
                                "columnName": "DstIpAddr",
                                "identifier": "Address"
                              }
                            ]
                          }
                        ],
                        "customDetails": {
                          "ThreatType": "ThreatType",
                          "ActivityGroupNames": "ActivityGroupNames",
                          "IoCExpirationTime": "ExpirationDateTime",
                          "IoCDescription": "Description",
                          "IndicatorId": "IndicatorId",
                          "EventTime": "imNWS_TimeGenerated",
                          "IoCConfidenceScore": "ConfidenceScore"
                        },
                        "alertDetailsOverride": {
                          "alertDescriptionFormat": "The source address {{SrcIpAddr}} of a web request for URL {{Url}} matched a known indicator of compromise of {{ThreatType}}. Consult the threat intelligence blead for more information on the indicator.",
                          "alertDisplayNameFormat": "The IP {{SrcIpAddr}} of a web request to hostname  {{domain}} matched an IoC"
                        }
                      }
                    },
                    {
                      "type": "Microsoft.OperationalInsights/workspaces/providers/metadata",
                      "apiVersion": "2021-03-01-preview",
                      "properties": {
                        "description": "'This rule identifies Web Sessions for which the source IP address is a known IoC. <br><br>This rule uses the [Advanced Security Information Model (ASIM)](https://aka.ms/AboutASIM) and supports any web session source that complies with ASIM.'\n",
                        "version": "1.0.0",
                        "author": {
                          "name": "Community"
                        },
                        "support": {
                          "name": "Community",
                          "link": "https://github.com/Azure/Azure-Sentinel/issues",
                          "tier": "Community"
                        },
                        "source": {
                          "kind": "Community",
                          "name": "Standalone"
                        },
                        "threatAnalysisTactics": [
                          "Impact"
                        ],
                        "contentId": "e2559891-383c-4caf-ae67-55a008b9f89e",
                        "parentId": "e2559891-383c-4caf-ae67-55a008b9f89e",
                        "kind": "AnalyticsRule",
                        "dependencies": {
                          "operator": "AND",
                          "criteria": [
                            {
                              "contentId": "SquidProxy_CL",
                              "kind": "DataType"
                            },
                            {
                              "contentId": "CommonSecurityLog",
                              "kind": "DataType"
                            },
                            {
                              "contentId": "ThreatIntelligenceIndicator",
                              "kind": "DataType"
                            },
                            {
                              "contentId": "ThreatIntelligenceIndicator",
                              "kind": "DataType"
                            }
                          ]
                        }
                      }
                    }
                  ]
                }
              }
            }
          ]
        },
        "author": {
          "name": "Community"
        },
        "dependencies": {
          "operator": "AND",
          "criteria": [
            {
              "contentId": "e2559891-383c-4caf-ae67-55a008b9f89e",
              "kind": "AnalyticsRule"
            }
          ]
        },
        "description": "'This rule identifies Web Sessions for which the source IP address is a known IoC. <br><br>This rule uses the [Advanced Security Information Model (ASIM)](https://aka.ms/AboutASIM) and supports any web session source that complies with ASIM.'\n",
        "displayName": "(Preview) TI map IP entity to Web Session Events (ASIM Web Session schema)",
        "packageId": "e2559891-383c-4caf-ae67-55a008b9f89e",
        "source": {
          "kind": "Community",
          "name": "Standalone"
        },
        "support": {
          "name": "Community",
          "link": "https://github.com/Azure/Azure-Sentinel/issues",
          "tier": "Community"
        },
        "threatAnalysisTactics": [
          "Impact"
        ],
        "version": "1.0.0"
      },
      "name": "[concat(parameters('workspace'),'/Microsoft.SecurityInsights/', 'e2559891-383c-4caf-ae67-55a008b9f89e')]"
    }
  ]
}