{
  "$schema": "https://schema.management.azure.com/schemas/2019-04-01/deploymentTemplate.json#",
  "parameters": {
    "location": {
      "type": "string",
      "minLength": 1,
      "defaultValue": "[resourceGroup().location]",
      "metadata": {
        "description": "Not used, but needed to pass arm-ttk test `Location-Should-Not-Be-Hardcoded`.  We instead use the `workspace-location` which is derived from the LA workspace"
      }
    },
    "workspace-location": {
      "type": "string",
      "defaultValue": "",
      "metadata": {
        "description": "[concat('Region to deploy solution resources -- separate from location selection',parameters('location'))]"
      }
    },
    "workspace": {
      "defaultValue": "",
      "type": "string",
      "metadata": {
        "description": "Workspace name for Log Analytics where Microsoft Sentinel is setup"
      }
    }
  },
  "variables": {},
  "resources": [
    {
      "type": "Microsoft.OperationalInsights/workspaces/providers/packages",
      "location": "[parameters('workspace-location')]",
      "apiVersion": "2022-08-01",
      "properties": {
        "packageKind": "Standalone",
        "packageItems": {
          "resources": [
            {
              "type": "Microsoft.OperationalInsights/workspaces/providers/contentTemplates",
              "name": "[concat(parameters('workspace'),'/Microsoft.SecurityInsights/', '826bb2f8-7894-4785-9a6b-a8a855d8366f')]",
              "location": "[parameters('workspace-location')]",
              "apiVersion": "2022-08-01",
              "properties": {
                "contentId": "826bb2f8-7894-4785-9a6b-a8a855d8366f",
                "displayName": "Full Admin policy created and then attached to Roles, Users or Groups",
                "contentKind": "AnalyticsRule",
                "mainTemplate": {
                  "$schema": "https://schema.management.azure.com/schemas/2019-04-01/deploymentTemplate.json#",
                  "contentVersion": "1.0.0",
                  "resources": [
                    {
                      "type": "Microsoft.OperationalInsights/workspaces/providers/alertRules",
                      "apiVersion": "2022-04-01-preview",
                      "name": "[concat(parameters('workspace'),'/Microsoft.SecurityInsights/', '' )]",
                      "kind": "Scheduled",
                      "location": "[parameters('workspace-location')]",
                      "properties": {
                        "description": "Identity and Access Management (IAM) securely manages access to AWS services and resources. \nIdentifies when a policy is created with Full Administrators Access (Allow-Action:*,Resource:*). \nThis policy can be attached to role,user or group and may be used by an adversary to escalate a normal user privileges to an adminsitrative level.\nAWS IAM Policy Grammar: https://docs.aws.amazon.com/IAM/latest/UserGuide/reference_policies_grammar.html\nand AWS IAM API at https://docs.aws.amazon.com/IAM/latest/APIReference/API_Operations.html",
                        "displayName": "Full Admin policy created and then attached to Roles, Users or Groups",
                        "enabled": false,
                        "query": "let EventNameList = dynamic([\"AttachUserPolicy\",\"AttachRolePolicy\",\"AttachGroupPolicy\"]);\nlet createPolicy = \"CreatePolicy\";\nlet timeframe = 1d;\nlet lookback = 14d;\n// Creating Master table with all the events to use with materialize for better performance\nlet EventInfo = AWSCloudTrail\n| where TimeGenerated >= ago(lookback)\n| where EventName in (EventNameList) or EventName == createPolicy;\n//Checking for Policy creation event with Full Admin Privileges since lookback period.\nlet FullAdminPolicyEvents =  materialize(  EventInfo\n| where TimeGenerated >= ago(lookback)\n| where EventName == createPolicy\n| extend PolicyName = tostring(parse_json(RequestParameters).policyName)\n| extend Statement = parse_json(tostring((parse_json(RequestParameters).policyDocument))).Statement\n| mvexpand Statement\n| extend Action = parse_json(Statement).Action , Effect = tostring(parse_json(Statement).Effect), Resource = tostring(parse_json(Statement).Resource)\n| mvexpand Action\n| extend Action = tostring(Action)\n| where Effect =~ \"Allow\" and Action == \"*\" and Resource == \"*\"\n| distinct TimeGenerated, EventName, PolicyName, SourceIpAddress, UserIdentityArn, UserIdentityUserName\n| extend UserIdentityUserName = iff(isnotempty(UserIdentityUserName), UserIdentityUserName, tostring(split(UserIdentityArn,'/')[-1]))\n| project-rename StartTime = TimeGenerated  );\nlet PolicyAttach = materialize(  EventInfo\n| where TimeGenerated >= ago(timeframe)\n| where EventName in (EventNameList)\n| extend PolicyName = tostring(split(tostring(parse_json(RequestParameters).policyArn),\"/\")[1])\n| summarize AttachEventCount=count(), StartTime = min(TimeGenerated), EndTime = max(TimeGenerated) by EventSource, EventName,   UserIdentityType , UserIdentityArn, SourceIpAddress, UserIdentityUserName = iff(isnotempty(UserIdentityUserName),   UserIdentityUserName, tostring(split(UserIdentityArn,'/')[-1])), PolicyName\n| extend AttachEvent = pack(\"StartTime\", StartTime, \"EndTime\", EndTime, \"EventName\", EventName, \"UserIdentityType\",   UserIdentityType, \"UserIdentityArn\", UserIdentityArn, \"SourceIpAddress\", SourceIpAddress, \"UserIdentityUserName\", UserIdentityUserName)\n| project EventSource, PolicyName, AttachEvent, AttachEventCount\n);\n// Joining the list of PolicyNames and checking if it has been attached to any Roles/Users/Groups.\n// These Roles/Users/Groups will be Privileged and can be used by adversaries as pivot point for privilege escalation via multiple ways.\nFullAdminPolicyEvents\n| join kind=leftouter\n(\n    PolicyAttach\n)\non PolicyName\n| project-away PolicyName1\n| extend timestamp = StartTime, IPCustomEntity = SourceIpAddress, AccountCustomEntity = UserIdentityUserName\n",
                        "queryFrequency": "P1D",
                        "queryPeriod": "P14D",
                        "severity": "Medium",
                        "suppressionDuration": "PT1H",
                        "suppressionEnabled": false,
                        "triggerOperator": "GreaterThan",
                        "triggerThreshold": 0,
                        "tactics": [
                          "PrivilegeEscalation"
                        ],
                        "entityMappings": [
                          {
                            "entityType": "Account",
                            "fieldMappings": [
                              {
                                "columnName": "AccountCustomEntity",
                                "identifier": "FullName"
                              }
                            ]
                          },
                          {
                            "entityType": "IP",
                            "fieldMappings": [
                              {
                                "columnName": "IPCustomEntity",
                                "identifier": "Address"
                              }
                            ]
                          }
                        ]
                      }
                    },
                    {
                      "type": "Microsoft.OperationalInsights/workspaces/providers/metadata",
                      "apiVersion": "2021-03-01-preview",
                      "name": "[concat(parameters('workspace'),'/Microsoft.SecurityInsights/', '')]",
                      "properties": {
                        "description": "'Identity and Access Management (IAM) securely manages access to AWS services and resources. \nIdentifies when a policy is created with Full Administrators Access (Allow-Action:*,Resource:*). \nThis policy can be attached to role,user or group and may be used by an adversary to escalate a normal user privileges to an adminsitrative level.\nAWS IAM Policy Grammar: https://docs.aws.amazon.com/IAM/latest/UserGuide/reference_policies_grammar.html\nand AWS IAM API at https://docs.aws.amazon.com/IAM/latest/APIReference/API_Operations.html'\n",
                        "version": "1.0.0",
                        "source": {
                          "kind": "Community"
                        },
                        "threatAnalysisTactics": [
                          "PrivilegeEscalation"
                        ],
                        "contentId": "826bb2f8-7894-4785-9a6b-a8a855d8366f",
                        "parentId": "826bb2f8-7894-4785-9a6b-a8a855d8366f",
                        "kind": "AnalyticsRule",
                        "dependencies": {
                          "operator": "AND",
                          "criteria": [
                            {
                              "contentId": "AWSCloudTrail",
                              "kind": "DataType"
                            }
                          ]
                        }
                      }
                    }
                  ]
                }
              }
            }
          ]
        },
        "dependencies": {
          "operator": "AND",
          "criteria": [
            {
              "contentId": "826bb2f8-7894-4785-9a6b-a8a855d8366f",
              "kind": "AnalyticsRule"
            }
          ]
        },
        "description": "'Identity and Access Management (IAM) securely manages access to AWS services and resources. \nIdentifies when a policy is created with Full Administrators Access (Allow-Action:*,Resource:*). \nThis policy can be attached to role,user or group and may be used by an adversary to escalate a normal user privileges to an adminsitrative level.\nAWS IAM Policy Grammar: https://docs.aws.amazon.com/IAM/latest/UserGuide/reference_policies_grammar.html\nand AWS IAM API at https://docs.aws.amazon.com/IAM/latest/APIReference/API_Operations.html'\n",
        "displayName": "Full Admin policy created and then attached to Roles, Users or Groups",
        "packageId": "826bb2f8-7894-4785-9a6b-a8a855d8366f",
        "source": {
          "kind": "Community"
        },
        "threatAnalysisTactics": [
          "PrivilegeEscalation"
        ],
        "version": "1.0.0"
      },
      "name": "[concat(parameters('workspace'),'/Microsoft.SecurityInsights/', '826bb2f8-7894-4785-9a6b-a8a855d8366f')]"
    }
  ]
}