{
  "$schema": "https://schema.management.azure.com/schemas/2019-04-01/deploymentTemplate.json#",
  "contentVersion": "1.0.0.0",
  "parameters": {
    "location": {
      "type": "string",
      "minLength": 1,
      "defaultValue": "[resourceGroup().location]",
      "metadata": {
        "description": "Not used, but needed to pass arm-ttk test `Location-Should-Not-Be-Hardcoded`.  We instead use the `workspace-location` which is derived from the LA workspace"
      }
    },
    "workspace-location": {
      "type": "string",
      "defaultValue": "",
      "metadata": {
        "description": "[concat('Region to deploy solution resources -- separate from location selection',parameters('location'))]"
      }
    },
    "workspace": {
      "defaultValue": "",
      "type": "string",
      "metadata": {
        "description": "Workspace name for Log Analytics where Microsoft Sentinel is setup"
      }
    }
  },
  "variables": {},
  "resources": [
    {
      "type": "Microsoft.OperationalInsights/workspaces/providers/packages",
      "location": "[parameters('workspace-location')]",
      "apiVersion": "2022-08-01",
      "properties": {
        "packageKind": "Standalone",
        "packageItems": {
          "resources": [
            {
              "type": "Microsoft.OperationalInsights/workspaces/providers/contentTemplates",
              "name": "[concat(parameters('workspace'),'/Microsoft.SecurityInsights/', '0f57238b-e764-4246-b101-f78bf8c942a7')]",
              "location": "[parameters('workspace-location')]",
              "kind": "shared",
              "apiVersion": "2022-08-01",
              "properties": {
                "contentId": "0f57238b-e764-4246-b101-f78bf8c942a7",
                "displayName": "Risky Sign-in with new MFA method",
                "contentKind": "HuntingQuery",
                "mainTemplate": {
                  "$schema": "https://schema.management.azure.com/schemas/2019-04-01/deploymentTemplate.json#",
                  "contentVersion": "1.0.0",
                  "resources": [
                    {
                      "type": "Microsoft.OperationalInsights/savedSearches",
                      "apiVersion": "2020-08-01",
                      "name": "0f57238b-e764-4246-b101-f78bf8c942a7",
                      "location": "[parameters('workspace-location')]",
                      "properties": {
                        "eTag": "*",
                        "displayName": "Risky Sign-in with new MFA method",
                        "category": "Hunting Queries",
                        "query": "let mfaMethodAdded=CloudAppEvents\n| where ActionType =~ \"Update user.\" \n| where RawEventData has \"StrongAuthenticationPhoneAppDetail\"\n| where isnotempty(RawEventData.ObjectId) and isnotempty(RawEventData.Target[1].ID)\n| extend AccountUpn = tostring(RawEventData.ObjectId)\n| extend AccountObjectId = tostring(RawEventData.Target[1].ID)\n| project MfaAddedTimestamp=Timestamp,AccountUpn,AccountObjectId;\nlet usersWithNewMFAMethod=mfaMethodAdded\n| distinct AccountObjectId;\nlet hasusersWithNewMFAMethod = isnotempty(toscalar(usersWithNewMFAMethod));\nlet riskySignins=AADSignInEventsBeta\n| where hasusersWithNewMFAMethod\n| where AccountObjectId in (usersWithNewMFAMethod)\n| where RiskLevelDuringSignIn in (\"50\",\"100\") //Medium and High sign-in risk level.\n| where Application in (\"Office 365 Exchange Online\", \"OfficeHome\")\n| where isnotempty(SessionId)\n| project SignInTimestamp=Timestamp, Application, SessionId, AccountObjectId, IPAddress,RiskLevelDuringSignIn\n| summarize SignInTimestamp=argmin(SignInTimestamp,*) by Application,SessionId, AccountObjectId, IPAddress,RiskLevelDuringSignIn;\nmfaMethodAdded\n| join riskySignins on AccountObjectId\n| where MfaAddedTimestamp - SignInTimestamp < 6h //Time delta between risky sign-in and device registration less than 6h\n| project-away AccountObjectId1\n",
                        "version": 2,
                        "tags": [
                          {
                            "name": "description",
                            "value": "Looks for a new MFA method added to an account that was preceded by medium or high risk sign-in session for the same user within maximum 6h timeframe \n"
                          },
                          {
                            "name": "tactics",
                            "value": "Persistence"
                          }
                        ]
                      }
                    },
                    {
                      "type": "Microsoft.OperationalInsights/workspaces/providers/metadata",
                      "apiVersion": "2021-03-01-preview",
                      "name": "[concat(parameters('workspace'),'/Microsoft.SecurityInsights/',concat('huntingQuery-', '0f57238b-e764-4246-b101-f78bf8c942a7'))]",
                      "properties": {
                        "description": "Looks for a new MFA method added to an account that was preceded by medium or high risk sign-in session for the same user within maximum 6h timeframe \n",
                        "version": "1.0.0",
                        "author": {
                          "name": "Community"
                        },
                        "support": {
                          "name": "Community",
                          "link": "https://github.com/Azure/Azure-Sentinel/issues",
                          "tier": "Community"
                        },
                        "source": {
                          "kind": "Community",
                          "name": "Standalone"
                        },
                        "threatAnalysisTactics": [
                          "Persistence"
                        ],
                        "contentId": "0f57238b-e764-4246-b101-f78bf8c942a7",
                        "parentId": "0f57238b-e764-4246-b101-f78bf8c942a7",
                        "kind": "HuntingQuery",
                        "dependencies": {
                          "operator": "AND",
                          "criteria": [
                            {
                              "contentId": "CloudAppEvents",
                              "kind": "DataType"
                            },
                            {
                              "contentId": "AADSignInEventsBeta",
                              "kind": "DataType"
                            }
                          ]
                        }
                      }
                    }
                  ]
                }
              }
            }
          ]
        },
        "author": {
          "name": "Community"
        },
        "dependencies": {
          "operator": "AND",
          "criteria": [
            {
              "contentId": "0f57238b-e764-4246-b101-f78bf8c942a7",
              "kind": "HuntingQuery"
            }
          ]
        },
        "description": "Looks for a new MFA method added to an account that was preceded by medium or high risk sign-in session for the same user within maximum 6h timeframe \n",
        "displayName": "Risky Sign-in with new MFA method",
        "packageId": "0f57238b-e764-4246-b101-f78bf8c942a7",
        "source": {
          "kind": "Community",
          "name": "Standalone"
        },
        "support": {
          "name": "Community",
          "link": "https://github.com/Azure/Azure-Sentinel/issues",
          "tier": "Community"
        },
        "threatAnalysisTactics": [
          "Persistence"
        ],
        "version": "1.0.0"
      },
      "name": "0f57238b-e764-4246-b101-f78bf8c942a7"
    }
  ]
}