{
  "$schema": "https://schema.management.azure.com/schemas/2019-04-01/deploymentTemplate.json#",
  "parameters": {
    "location": {
      "type": "string",
      "minLength": 1,
      "defaultValue": "[resourceGroup().location]",
      "metadata": {
        "description": "Not used, but needed to pass arm-ttk test `Location-Should-Not-Be-Hardcoded`.  We instead use the `workspace-location` which is derived from the LA workspace"
      }
    },
    "workspace-location": {
      "type": "string",
      "defaultValue": "",
      "metadata": {
        "description": "[concat('Region to deploy solution resources -- separate from location selection',parameters('location'))]"
      }
    },
    "workspace": {
      "defaultValue": "",
      "type": "string",
      "metadata": {
        "description": "Workspace name for Log Analytics where Microsoft Sentinel is setup"
      }
    }
  },
  "variables": {},
  "resources": [
    {
      "type": "Microsoft.OperationalInsights/workspaces/providers/packages",
      "location": "[parameters('workspace-location')]",
      "apiVersion": "2022-08-01",
      "properties": {
        "packageKind": "Standalone",
        "packageItems": {
          "resources": [
            {
              "type": "Microsoft.OperationalInsights/workspaces/providers/contentTemplates",
              "name": "[concat(parameters('workspace'),'/Microsoft.SecurityInsights/', 'f7f4a77e-f68f-4b56-9aaf-a0c9d87d7a8e')]",
              "location": "[parameters('workspace-location')]",
              "apiVersion": "2022-08-01",
              "properties": {
                "contentId": "f7f4a77e-f68f-4b56-9aaf-a0c9d87d7a8e",
                "displayName": "Users searching for VIP user activity",
                "contentKind": "AnalyticsRule",
                "mainTemplate": {
                  "$schema": "https://schema.management.azure.com/schemas/2019-04-01/deploymentTemplate.json#",
                  "contentVersion": "1.1.1",
                  "resources": [
                    {
                      "type": "Microsoft.OperationalInsights/workspaces/providers/alertRules",
                      "apiVersion": "2022-04-01-preview",
                      "name": "[concat(parameters('workspace'),'/Microsoft.SecurityInsights/', '' )]",
                      "kind": "Scheduled",
                      "location": "[parameters('workspace-location')]",
                      "properties": {
                        "description": "This query monitors for users running Log Analytics queries that contain filters\nfor specific, defined VIP user accounts or the VIPUser watchlist template.\nUse this detection to alert for users specifically searching for activity of sensitive users.",
                        "displayName": "Users searching for VIP user activity",
                        "enabled": false,
                        "query": "// Replace these with the username or emails of your VIP users you wish to monitor for.\nlet vips = dynamic(['vip1@email.com','vip2@email.com']);\n// Add users who are allowed to conduct these searches - this could be specific SOC team members\nlet allowed_users = dynamic([]);\nLAQueryLogs\n| where QueryText has_any (vips) or QueryText has_any ('_GetWatchlist(\"VIPUsers\")', \"_GetWatchlist('VIPUsers')\")\n| where AADEmail !in (allowed_users)\n| project TimeGenerated, AADEmail, RequestClientApp, QueryText, ResponseRowCount, RequestTarget\n| extend timestamp = TimeGenerated, AccountCustomEntity = AADEmail\n",
                        "queryFrequency": "P1D",
                        "queryPeriod": "P1D",
                        "severity": "Low",
                        "suppressionDuration": "PT1H",
                        "suppressionEnabled": false,
                        "triggerOperator": "GreaterThan",
                        "triggerThreshold": 0,
                        "tactics": [
                          "Collection",
                          "Exfiltration"
                        ],
                        "entityMappings": [
                          {
                            "entityType": "Account",
                            "fieldMappings": [
                              {
                                "columnName": "AccountCustomEntity",
                                "identifier": "FullName"
                              }
                            ]
                          },
                          {
                            "entityType": "AzureResource",
                            "fieldMappings": [
                              {
                                "columnName": "RequestTarget",
                                "identifier": "ResourceId"
                              }
                            ]
                          }
                        ]
                      }
                    },
                    {
                      "type": "Microsoft.OperationalInsights/workspaces/providers/metadata",
                      "apiVersion": "2021-03-01-preview",
                      "name": "[concat(parameters('workspace'),'/Microsoft.SecurityInsights/', '')]",
                      "properties": {
                        "description": "This query monitors for users running Log Analytics queries that contain filters\nfor specific, defined VIP user accounts or the VIPUser watchlist template.\nUse this detection to alert for users specifically searching for activity of sensitive users.\n",
                        "version": "1.1.1",
                        "source": {
                          "kind": "Community"
                        },
                        "threatAnalysisTactics": [
                          "Collection",
                          "Exfiltration"
                        ],
                        "threatAnalyticsTechniques": [
                          "T1530",
                          "T1213",
                          "T1020"
                        ],
                        "contentId": "f7f4a77e-f68f-4b56-9aaf-a0c9d87d7a8e",
                        "parentId": "f7f4a77e-f68f-4b56-9aaf-a0c9d87d7a8e",
                        "kind": "AnalyticsRule"
                      }
                    }
                  ]
                }
              }
            }
          ]
        },
        "dependencies": {
          "operator": "AND",
          "criteria": [
            {
              "contentId": "f7f4a77e-f68f-4b56-9aaf-a0c9d87d7a8e",
              "kind": "AnalyticsRule"
            }
          ]
        },
        "description": "This query monitors for users running Log Analytics queries that contain filters\nfor specific, defined VIP user accounts or the VIPUser watchlist template.\nUse this detection to alert for users specifically searching for activity of sensitive users.\n",
        "displayName": "Users searching for VIP user activity",
        "packageId": "f7f4a77e-f68f-4b56-9aaf-a0c9d87d7a8e",
        "source": {
          "kind": "Community"
        },
        "threatAnalysisTactics": [
          "Collection",
          "Exfiltration"
        ],
        "threatAnalyticsTechniques": [
          "T1530",
          "T1213",
          "T1020"
        ],
        "version": "1.1.1"
      },
      "name": "[concat(parameters('workspace'),'/Microsoft.SecurityInsights/', 'f7f4a77e-f68f-4b56-9aaf-a0c9d87d7a8e')]"
    }
  ]
}