{
  "$schema": "https://schema.management.azure.com/schemas/2019-04-01/deploymentTemplate.json#",
  "contentVersion": "1.0.0.0",
  "parameters": {
    "location": {
      "type": "string",
      "minLength": 1,
      "defaultValue": "[resourceGroup().location]",
      "metadata": {
        "description": "Not used, but needed to pass arm-ttk test `Location-Should-Not-Be-Hardcoded`.  We instead use the `workspace-location` which is derived from the LA workspace"
      }
    },
    "workspace-location": {
      "type": "string",
      "defaultValue": "",
      "metadata": {
        "description": "[concat('Region to deploy solution resources -- separate from location selection',parameters('location'))]"
      }
    },
    "workspace": {
      "defaultValue": "",
      "type": "string",
      "metadata": {
        "description": "Workspace name for Log Analytics where Microsoft Sentinel is setup"
      }
    }
  },
  "variables": {},
  "resources": [
    {
      "type": "Microsoft.OperationalInsights/workspaces/providers/packages",
      "location": "[parameters('workspace-location')]",
      "apiVersion": "2022-08-01",
      "properties": {
        "packageKind": "Standalone",
        "packageItems": {
          "resources": [
            {
              "type": "Microsoft.OperationalInsights/workspaces/providers/contentTemplates",
              "name": "[concat(parameters('workspace'),'/Microsoft.SecurityInsights/', '09a7c5fc-0649-4f7d-a21b-36a754cef6b6')]",
              "location": "[parameters('workspace-location')]",
              "kind": "shared",
              "apiVersion": "2022-08-01",
              "properties": {
                "contentId": "09a7c5fc-0649-4f7d-a21b-36a754cef6b6",
                "displayName": "User Login IP Address Teleportation",
                "contentKind": "HuntingQuery",
                "mainTemplate": {
                  "$schema": "https://schema.management.azure.com/schemas/2019-04-01/deploymentTemplate.json#",
                  "contentVersion": "1.0.0",
                  "resources": [
                    {
                      "type": "Microsoft.OperationalInsights/savedSearches",
                      "apiVersion": "2020-08-01",
                      "name": "09a7c5fc-0649-4f7d-a21b-36a754cef6b6",
                      "location": "[parameters('workspace-location')]",
                      "properties": {
                        "eTag": "*",
                        "displayName": "User Login IP Address Teleportation",
                        "category": "Hunting Queries",
                        "query": "\nlet windowTime = 20min / 2; //Window to lookup anomalous logins within\nlet excludeKnownVPN = dynamic(['127.0.0.1', '0.0.0.0']); //Known VPN IP addresses to exclude\nSigninLogs\n| where ConditionalAccessStatus =~ \"success\"\n| extend country = LocationDetails['countryOrRegion']\n| where country != \"\"\n| summarize count() by tostring(country)\n| join (\n    //Get the total number of logins from any country and join it to the previous count in a single table\n    SigninLogs\n    | where ConditionalAccessStatus =~ \"success\"\n    | extend country = LocationDetails['countryOrRegion']\n    | where country != \"\"\n    | summarize count(), make_list(tostring(country))\n    | mv-expand list_country\n    | extend country = tostring(list_country)\n) on country\n| summarize by country, count_, count_1\n//Now calculate each countries prevalence within login events\n| extend prevalence = toreal(count_) / toreal(count_1) * 100\n| project-away count_1\n| where prevalence < 0.01\n| join kind=rightsemi(\n    SigninLogs\n    //Enable to limit to o365 exchange logins\n    //| where AppDisplayName =~ \"Office 365 Exchange Online\"\n    | where ConditionalAccessStatus =~ \"success\"\n    | where IPAddress != \"\"\n    | extend country = tostring(LocationDetails['countryOrRegion'])\n    | summarize count() by TimeGenerated, UserPrincipalName, country, IPAddress\n) on country\n| join kind=leftouter (\n    SigninLogs\n    //Enable to limit to o365 exchange logins\n    //| where AppDisplayName =~ \"Office 365 Exchange Online\"\n    | where ConditionalAccessStatus =~ \"success\"\n    | extend country = tostring(LocationDetails['countryOrRegion'])\n    | summarize by TimeGenerated, IPAddress, UserPrincipalName, country\n) on UserPrincipalName\n| where IPAddress != IPAddress1 and country != country1\n| extend WindowStart = TimeGenerated1 - windowTime\n| extend WindowEnd = TimeGenerated1 + windowTime\n| where TimeGenerated between (WindowStart .. WindowEnd)\n| project Account=UserPrincipalName, AnomalousIP=IPAddress, AnomalousLoginTime=TimeGenerated, AnomalousCountry=country, OtherLoginIP=IPAddress1, OtherLoginCountry=country1, OtherLoginWindowStart=WindowStart, OtherLoginWindowEnd=WindowEnd\n| where AnomalousIP !in(excludeKnownVPN) and OtherLoginIP !in(excludeKnownVPN)\n| extend timestamp = AnomalousLoginTime, AccountCustomEntity = Account, IPCustomEntity = AnomalousIP\n",
                        "version": 2,
                        "tags": [
                          {
                            "name": "description",
                            "value": "'This query over SiginLogs will identify user accounts that have logged in from two different countries\nwithin a specified time window, by default this is a 10 minute window either side of the previous login.\nThis query will detect users roaming onto VPNs, it is possible to exclude known VPN IP address ranges.'\n"
                          },
                          {
                            "name": "techniques",
                            "value": ""
                          },
                          {
                            "name": "tactics",
                            "value": "InitialAccess"
                          }
                        ]
                      }
                    },
                    {
                      "type": "Microsoft.OperationalInsights/workspaces/providers/metadata",
                      "apiVersion": "2021-03-01-preview",
                      "name": "[concat(parameters('workspace'),'/Microsoft.SecurityInsights/',concat('huntingQuery-', '09a7c5fc-0649-4f7d-a21b-36a754cef6b6'))]",
                      "properties": {
                        "description": "'This query over SiginLogs will identify user accounts that have logged in from two different countries\nwithin a specified time window, by default this is a 10 minute window either side of the previous login.\nThis query will detect users roaming onto VPNs, it is possible to exclude known VPN IP address ranges.'\n",
                        "version": "1.0.0",
                        "author": {
                          "name": "Community"
                        },
                        "support": {
                          "name": "Community",
                          "link": "https://github.com/Azure/Azure-Sentinel/issues",
                          "tier": "Community"
                        },
                        "source": {
                          "kind": "Community",
                          "name": "Standalone"
                        },
                        "threatAnalysisTactics": [
                          "InitialAccess"
                        ],
                        "threatAnalyticsTechniques": [
                          "T1078"
                        ],
                        "contentId": "09a7c5fc-0649-4f7d-a21b-36a754cef6b6",
                        "parentId": "09a7c5fc-0649-4f7d-a21b-36a754cef6b6",
                        "kind": "HuntingQuery",
                        "dependencies": {
                          "operator": "AND",
                          "criteria": [
                            {
                              "contentId": "SigninLogs",
                              "kind": "DataType"
                            }
                          ]
                        }
                      }
                    }
                  ]
                }
              }
            }
          ]
        },
        "author": {
          "name": "Community"
        },
        "dependencies": {
          "operator": "AND",
          "criteria": [
            {
              "contentId": "09a7c5fc-0649-4f7d-a21b-36a754cef6b6",
              "kind": "HuntingQuery"
            }
          ]
        },
        "description": "'This query over SiginLogs will identify user accounts that have logged in from two different countries\nwithin a specified time window, by default this is a 10 minute window either side of the previous login.\nThis query will detect users roaming onto VPNs, it is possible to exclude known VPN IP address ranges.'\n",
        "displayName": "User Login IP Address Teleportation",
        "packageId": "09a7c5fc-0649-4f7d-a21b-36a754cef6b6",
        "source": {
          "kind": "Community",
          "name": "Standalone"
        },
        "support": {
          "name": "Community",
          "link": "https://github.com/Azure/Azure-Sentinel/issues",
          "tier": "Community"
        },
        "threatAnalysisTactics": [
          "InitialAccess"
        ],
        "threatAnalyticsTechniques": [
          "T1078"
        ],
        "version": "1.0.0"
      },
      "name": "09a7c5fc-0649-4f7d-a21b-36a754cef6b6"
    }
  ]
}