{
  "$schema": "https://schema.management.azure.com/schemas/2019-04-01/deploymentTemplate.json#",
  "parameters": {
    "location": {
      "type": "string",
      "minLength": 1,
      "defaultValue": "[resourceGroup().location]",
      "metadata": {
        "description": "Not used, but needed to pass arm-ttk test `Location-Should-Not-Be-Hardcoded`.  We instead use the `workspace-location` which is derived from the LA workspace"
      }
    },
    "workspace-location": {
      "type": "string",
      "defaultValue": "",
      "metadata": {
        "description": "[concat('Region to deploy solution resources -- separate from location selection',parameters('location'))]"
      }
    },
    "workspace": {
      "defaultValue": "",
      "type": "string",
      "metadata": {
        "description": "Workspace name for Log Analytics where Microsoft Sentinel is setup"
      }
    }
  },
  "variables": {},
  "resources": [
    {
      "type": "Microsoft.OperationalInsights/workspaces/providers/packages",
      "location": "[parameters('workspace-location')]",
      "apiVersion": "2022-08-01",
      "properties": {
        "packageKind": "Standalone",
        "packageItems": {
          "resources": [
            {
              "type": "Microsoft.OperationalInsights/workspaces/providers/contentTemplates",
              "name": "[concat(parameters('workspace'),'/Microsoft.SecurityInsights/', '2a03d94e-991b-44f7-a2b3-e12ce6fd6c57')]",
              "location": "[parameters('workspace-location')]",
              "kind": "shared",
              "apiVersion": "2022-08-01",
              "properties": {
                "contentId": "2a03d94e-991b-44f7-a2b3-e12ce6fd6c57",
                "displayName": "NTDS theft",
                "contentKind": "HuntingQuery",
                "mainTemplate": {
                  "$schema": "https://schema.management.azure.com/schemas/2019-04-01/deploymentTemplate.json#",
                  "contentVersion": "1.0.0",
                  "resources": [
                    {
                      "type": "Microsoft.OperationalInsights/savedSearches",
                      "apiVersion": "2020-08-01",
                      "name": "2a03d94e-991b-44f7-a2b3-e12ce6fd6c57",
                      "location": "[parameters('workspace-location')]",
                      "properties": {
                        "eTag": "*",
                        "displayName": "NTDS theft",
                        "category": "Hunting Queries",
                        "query": "DeviceProcessEvents\n| where FileName =~ \"ntdsutil.exe\"\n| where ProcessCommandLine has_any(\"full\", \"fu\")\n| where ProcessCommandLine has_any (\"temp\", \"perflogs\", \"programdata\")\n// Exclusion\n| where ProcessCommandLine !contains @\"Backup\"\n",
                        "version": 2,
                        "tags": [
                          {
                            "name": "description",
                            "value": "Microsoft has observed compromises related to Bazacall resulting in theft of the Active Directory database using ntdsutil.exe.\n"
                          },
                          {
                            "name": "tactics",
                            "value": "Credential Access,Exfiltration"
                          }
                        ]
                      }
                    },
                    {
                      "type": "Microsoft.OperationalInsights/workspaces/providers/metadata",
                      "apiVersion": "2021-03-01-preview",
                      "name": "[concat(parameters('workspace'),'/Microsoft.SecurityInsights/',concat('huntingQuery-', '2a03d94e-991b-44f7-a2b3-e12ce6fd6c57'))]",
                      "properties": {
                        "description": "Microsoft has observed compromises related to Bazacall resulting in theft of the Active Directory database using ntdsutil.exe.\n",
                        "contentId": "2a03d94e-991b-44f7-a2b3-e12ce6fd6c57",
                        "version": "1.0.0",
                        "source": {
                          "kind": "Community"
                        },
                        "threatAnalysisTactics": [
                          "Credential Access",
                          "Exfiltration"
                        ],
                        "parentId": "2a03d94e-991b-44f7-a2b3-e12ce6fd6c57",
                        "kind": "HuntingQuery",
                        "dependencies": {
                          "operator": "AND",
                          "criteria": [
                            {
                              "contentId": "DeviceProcessEvents",
                              "kind": "DataType"
                            }
                          ]
                        }
                      }
                    }
                  ]
                }
              }
            }
          ]
        },
        "contentId": "2a03d94e-991b-44f7-a2b3-e12ce6fd6c57",
        "dependencies": {
          "operator": "AND",
          "criteria": [
            {
              "contentId": "2a03d94e-991b-44f7-a2b3-e12ce6fd6c57",
              "kind": "HuntingQuery"
            }
          ]
        },
        "description": "Microsoft has observed compromises related to Bazacall resulting in theft of the Active Directory database using ntdsutil.exe.\n",
        "displayName": "NTDS theft",
        "source": {
          "kind": "Community"
        },
        "threatAnalysisTactics": [
          "Credential Access",
          "Exfiltration"
        ],
        "version": "1.0.0"
      },
      "name": "[concat(parameters('workspace'),'/Microsoft.SecurityInsights/', '2a03d94e-991b-44f7-a2b3-e12ce6fd6c57')]"
    }
  ]
}