{
  "$schema": "https://schema.management.azure.com/schemas/2019-04-01/deploymentTemplate.json#",
  "parameters": {
    "location": {
      "type": "string",
      "minLength": 1,
      "defaultValue": "[resourceGroup().location]",
      "metadata": {
        "description": "Not used, but needed to pass arm-ttk test `Location-Should-Not-Be-Hardcoded`.  We instead use the `workspace-location` which is derived from the LA workspace"
      }
    },
    "workspace-location": {
      "type": "string",
      "defaultValue": "",
      "metadata": {
        "description": "[concat('Region to deploy solution resources -- separate from location selection',parameters('location'))]"
      }
    },
    "workspace": {
      "defaultValue": "",
      "type": "string",
      "metadata": {
        "description": "Workspace name for Log Analytics where Microsoft Sentinel is setup"
      }
    }
  },
  "variables": {},
  "resources": [
    {
      "type": "Microsoft.OperationalInsights/workspaces/providers/packages",
      "location": "[parameters('workspace-location')]",
      "apiVersion": "2022-08-01",
      "properties": {
        "packageKind": "Standalone",
        "packageItems": {
          "resources": [
            {
              "type": "Microsoft.OperationalInsights/workspaces/providers/contentTemplates",
              "name": "[concat(parameters('workspace'),'/Microsoft.SecurityInsights/', '957cb240-f45d-4491-9ba5-93430a3c08be')]",
              "location": "[parameters('workspace-location')]",
              "apiVersion": "2022-08-01",
              "properties": {
                "contentId": "957cb240-f45d-4491-9ba5-93430a3c08be",
                "displayName": "Rare and potentially high-risk Office operations",
                "contentKind": "AnalyticsRule",
                "mainTemplate": {
                  "$schema": "https://schema.management.azure.com/schemas/2019-04-01/deploymentTemplate.json#",
                  "contentVersion": "1.0.3",
                  "resources": [
                    {
                      "type": "Microsoft.OperationalInsights/workspaces/providers/alertRules",
                      "apiVersion": "2022-04-01-preview",
                      "name": "[concat(parameters('workspace'),'/Microsoft.SecurityInsights/', '' )]",
                      "kind": "Scheduled",
                      "location": "[parameters('workspace-location')]",
                      "properties": {
                        "description": "Identifies Office operations that are typically rare and can provide capabilities useful to attackers.",
                        "displayName": "Rare and potentially high-risk Office operations",
                        "enabled": false,
                        "query": "\nOfficeActivity\n| where Operation in~ ( \"Add-MailboxPermission\", \"Add-MailboxFolderPermission\", \"Set-Mailbox\", \"New-ManagementRoleAssignment\", \"New-InboxRule\", \"Set-InboxRule\", \"Set-TransportRule\")\nand not(UserId has_any ('NT AUTHORITY\\\\SYSTEM (Microsoft.Exchange.ServiceHost)', 'NT AUTHORITY\\\\SYSTEM (w3wp)', 'devilfish-applicationaccount') and Operation in~ ( \"Add-MailboxPermission\", \"Set-Mailbox\"))\n| extend ClientIPOnly = tostring(extract_all(@'\\[?(::ffff:)?(?P<IPAddress>(\\d+\\.\\d+\\.\\d+\\.\\d+)|[^\\]]+)\\]?', dynamic([\"IPAddress\"]), ClientIP)[0][0])\n| extend timestamp = TimeGenerated, AccountCustomEntity = UserId, IPCustomEntity = ClientIPOnly\n",
                        "queryFrequency": "P1D",
                        "queryPeriod": "P1D",
                        "severity": "Low",
                        "suppressionDuration": "PT1H",
                        "suppressionEnabled": false,
                        "triggerOperator": "GreaterThan",
                        "triggerThreshold": 0,
                        "tactics": [
                          "Persistence",
                          "Collection"
                        ],
                        "entityMappings": [
                          {
                            "entityType": "Account",
                            "fieldMappings": [
                              {
                                "columnName": "AccountCustomEntity",
                                "identifier": "FullName"
                              }
                            ]
                          },
                          {
                            "entityType": "IP",
                            "fieldMappings": [
                              {
                                "columnName": "IPCustomEntity",
                                "identifier": "Address"
                              }
                            ]
                          }
                        ]
                      }
                    },
                    {
                      "type": "Microsoft.OperationalInsights/workspaces/providers/metadata",
                      "apiVersion": "2021-03-01-preview",
                      "name": "[concat(parameters('workspace'),'/Microsoft.SecurityInsights/', '')]",
                      "properties": {
                        "description": "'Identifies Office operations that are typically rare and can provide capabilities useful to attackers.'\n",
                        "version": "1.0.3",
                        "source": {
                          "kind": "Community"
                        },
                        "threatAnalysisTactics": [
                          "Persistence",
                          "Collection"
                        ],
                        "threatAnalyticsTechniques": [
                          "T1098",
                          "T1114"
                        ],
                        "contentId": "957cb240-f45d-4491-9ba5-93430a3c08be",
                        "parentId": "957cb240-f45d-4491-9ba5-93430a3c08be",
                        "kind": "AnalyticsRule",
                        "dependencies": {
                          "operator": "AND",
                          "criteria": [
                            {
                              "contentId": "OfficeActivity",
                              "kind": "DataType"
                            }
                          ]
                        }
                      }
                    }
                  ]
                }
              }
            }
          ]
        },
        "dependencies": {
          "operator": "AND",
          "criteria": [
            {
              "contentId": "957cb240-f45d-4491-9ba5-93430a3c08be",
              "kind": "AnalyticsRule"
            }
          ]
        },
        "description": "'Identifies Office operations that are typically rare and can provide capabilities useful to attackers.'\n",
        "displayName": "Rare and potentially high-risk Office operations",
        "packageId": "957cb240-f45d-4491-9ba5-93430a3c08be",
        "source": {
          "kind": "Community"
        },
        "threatAnalysisTactics": [
          "Persistence",
          "Collection"
        ],
        "threatAnalyticsTechniques": [
          "T1098",
          "T1114"
        ],
        "version": "1.0.3"
      },
      "name": "[concat(parameters('workspace'),'/Microsoft.SecurityInsights/', '957cb240-f45d-4491-9ba5-93430a3c08be')]"
    }
  ]
}