{
  "$schema": "https://schema.management.azure.com/schemas/2019-04-01/deploymentTemplate.json#",
  "parameters": {
    "location": {
      "type": "string",
      "minLength": 1,
      "defaultValue": "[resourceGroup().location]",
      "metadata": {
        "description": "Not used, but needed to pass arm-ttk test `Location-Should-Not-Be-Hardcoded`.  We instead use the `workspace-location` which is derived from the LA workspace"
      }
    },
    "workspace-location": {
      "type": "string",
      "defaultValue": "",
      "metadata": {
        "description": "[concat('Region to deploy solution resources -- separate from location selection',parameters('location'))]"
      }
    },
    "workspace": {
      "defaultValue": "",
      "type": "string",
      "metadata": {
        "description": "Workspace name for Log Analytics where Microsoft Sentinel is setup"
      }
    }
  },
  "variables": {},
  "resources": [
    {
      "type": "Microsoft.OperationalInsights/workspaces/providers/packages",
      "location": "[parameters('workspace-location')]",
      "apiVersion": "2022-08-01",
      "properties": {
        "packageKind": "Standalone",
        "packageItems": {
          "resources": [
            {
              "type": "Microsoft.OperationalInsights/workspaces/providers/contentTemplates",
              "name": "[concat(parameters('workspace'),'/Microsoft.SecurityInsights/', 'acfdee3f-b794-404a-aeba-ef6a1fa08ad1')]",
              "location": "[parameters('workspace-location')]",
              "apiVersion": "2022-08-01",
              "properties": {
                "contentId": "acfdee3f-b794-404a-aeba-ef6a1fa08ad1",
                "displayName": "Azure DevOps Agent Pool Created Then Deleted",
                "contentKind": "AnalyticsRule",
                "mainTemplate": {
                  "$schema": "https://schema.management.azure.com/schemas/2019-04-01/deploymentTemplate.json#",
                  "contentVersion": "1.0.1",
                  "resources": [
                    {
                      "type": "Microsoft.OperationalInsights/workspaces/providers/alertRules",
                      "apiVersion": "2022-04-01-preview",
                      "name": "[concat(parameters('workspace'),'/Microsoft.SecurityInsights/', '' )]",
                      "kind": "Scheduled",
                      "location": "[parameters('workspace-location')]",
                      "properties": {
                        "description": "As well as adding build agents to an existing pool to execute malicious activity within a pipeline, an attacker could create a complete new agent pool and use this for execution.\nAzure DevOps allows for the creation of agent pools with Azure hosted infrastructure or self-hosted infrastructure. Given the additional customizability of self-hosted agents this \ndetection focuses on the creation of new self-hosted pools. To further reduce false positive rates the detection looks for pools created and deleted relatively quickly (within 7 days by default), \nas an attacker is likely to remove a malicious pool once used in order to reduce/remove evidence of their activity.",
                        "displayName": "Azure DevOps Agent Pool Created Then Deleted",
                        "enabled": false,
                        "query": "let lookback = 14d;\nlet timewindow = 7d;\nAzureDevOpsAuditing\n| where TimeGenerated > ago(lookback)\n| where OperationName =~ \"Library.AgentPoolCreated\"\n| extend AgentCloudId = tostring(Data.AgentCloudId)\n| extend PoolType = iif(isnotempty(AgentCloudId), \"Azure VMs\", \"Self Hosted\")\n// Comment this line out to include cloud pools as well\n| where PoolType == \"Self Hosted\"\n| extend AgentPoolName = tostring(Data.AgentPoolName)\n| extend AgentPoolId = tostring(Data.AgentPoolId)\n| extend IsHosted = tostring(Data.IsHosted)\n| extend IsLegacy = tostring(Data.IsLegacy)\n| extend timekey = bin(TimeGenerated, timewindow)\n// Join only with pools deleted in the same window\n| join (AzureDevOpsAuditing\n| where TimeGenerated > ago(lookback)\n| where OperationName =~ \"Library.AgentPoolDeleted\"\n| extend AgentPoolName = tostring(Data.AgentPoolName)\n| extend AgentPoolId = tostring(Data.AgentPoolId)\n| extend timekey = bin(TimeGenerated, timewindow)) on AgentPoolId, timekey\n| project-reorder TimeGenerated, ActorUPN, UserAgent, IpAddress, AuthenticationMechanism, OperationName, AgentPoolName, IsHosted, IsLegacy, Data\n| extend timestamp = TimeGenerated, AccountCustomEntity = ActorUPN, IPCustomEntity = IpAddress\n",
                        "queryFrequency": "P7D",
                        "queryPeriod": "P14D",
                        "severity": "High",
                        "suppressionDuration": "PT1H",
                        "suppressionEnabled": false,
                        "triggerOperator": "GreaterThan",
                        "triggerThreshold": 0,
                        "tactics": [
                          "DefenseEvasion"
                        ],
                        "entityMappings": [
                          {
                            "entityType": "Account",
                            "fieldMappings": [
                              {
                                "columnName": "AccountCustomEntity",
                                "identifier": "FullName"
                              }
                            ]
                          },
                          {
                            "entityType": "IP",
                            "fieldMappings": [
                              {
                                "columnName": "IPCustomEntity",
                                "identifier": "Address"
                              }
                            ]
                          }
                        ]
                      }
                    },
                    {
                      "type": "Microsoft.OperationalInsights/workspaces/providers/metadata",
                      "apiVersion": "2021-03-01-preview",
                      "name": "[concat(parameters('workspace'),'/Microsoft.SecurityInsights/', '')]",
                      "properties": {
                        "description": "'As well as adding build agents to an existing pool to execute malicious activity within a pipeline, an attacker could create a complete new agent pool and use this for execution.\nAzure DevOps allows for the creation of agent pools with Azure hosted infrastructure or self-hosted infrastructure. Given the additional customizability of self-hosted agents this \ndetection focuses on the creation of new self-hosted pools. To further reduce false positive rates the detection looks for pools created and deleted relatively quickly (within 7 days by default), \nas an attacker is likely to remove a malicious pool once used in order to reduce/remove evidence of their activity.'\n",
                        "contentId": "acfdee3f-b794-404a-aeba-ef6a1fa08ad1",
                        "version": "1.0.1",
                        "source": {
                          "kind": "Community"
                        },
                        "threatAnalysisTactics": [
                          "DefenseEvasion"
                        ],
                        "threatAnalyticsTechniques": [
                          "T1578.002"
                        ],
                        "parentId": "acfdee3f-b794-404a-aeba-ef6a1fa08ad1",
                        "kind": "AnalyticsRule"
                      }
                    }
                  ]
                }
              }
            }
          ]
        },
        "contentId": "acfdee3f-b794-404a-aeba-ef6a1fa08ad1",
        "dependencies": {
          "operator": "AND",
          "criteria": [
            {
              "contentId": "acfdee3f-b794-404a-aeba-ef6a1fa08ad1",
              "kind": "AnalyticsRule"
            }
          ]
        },
        "description": "'As well as adding build agents to an existing pool to execute malicious activity within a pipeline, an attacker could create a complete new agent pool and use this for execution.\nAzure DevOps allows for the creation of agent pools with Azure hosted infrastructure or self-hosted infrastructure. Given the additional customizability of self-hosted agents this \ndetection focuses on the creation of new self-hosted pools. To further reduce false positive rates the detection looks for pools created and deleted relatively quickly (within 7 days by default), \nas an attacker is likely to remove a malicious pool once used in order to reduce/remove evidence of their activity.'\n",
        "displayName": "Azure DevOps Agent Pool Created Then Deleted",
        "source": {
          "kind": "Community"
        },
        "threatAnalysisTactics": [
          "DefenseEvasion"
        ],
        "threatAnalyticsTechniques": [
          "T1578.002"
        ],
        "version": "1.0.1"
      },
      "name": "[concat(parameters('workspace'),'/Microsoft.SecurityInsights/', 'acfdee3f-b794-404a-aeba-ef6a1fa08ad1')]"
    }
  ]
}