{
  "$schema": "https://schema.management.azure.com/schemas/2019-04-01/deploymentTemplate.json#",
  "parameters": {
    "location": {
      "type": "string",
      "minLength": 1,
      "defaultValue": "[resourceGroup().location]",
      "metadata": {
        "description": "Not used, but needed to pass arm-ttk test `Location-Should-Not-Be-Hardcoded`.  We instead use the `workspace-location` which is derived from the LA workspace"
      }
    },
    "workspace-location": {
      "type": "string",
      "defaultValue": "",
      "metadata": {
        "description": "[concat('Region to deploy solution resources -- separate from location selection',parameters('location'))]"
      }
    },
    "workspace": {
      "defaultValue": "",
      "type": "string",
      "metadata": {
        "description": "Workspace name for Log Analytics where Microsoft Sentinel is setup"
      }
    }
  },
  "variables": {},
  "resources": [
    {
      "type": "Microsoft.OperationalInsights/workspaces/providers/packages",
      "location": "[parameters('workspace-location')]",
      "apiVersion": "2022-08-01",
      "properties": {
        "packageKind": "Standalone",
        "packageItems": {
          "resources": [
            {
              "type": "Microsoft.OperationalInsights/workspaces/providers/contentTemplates",
              "name": "[concat(parameters('workspace'),'/Microsoft.SecurityInsights/', '2c55fe7a-b06f-4029-a5b9-c54a2320d7b8')]",
              "location": "[parameters('workspace-location')]",
              "apiVersion": "2022-08-01",
              "properties": {
                "contentId": "2c55fe7a-b06f-4029-a5b9-c54a2320d7b8",
                "displayName": "Process execution frequency anomaly",
                "contentKind": "AnalyticsRule",
                "mainTemplate": {
                  "$schema": "https://schema.management.azure.com/schemas/2019-04-01/deploymentTemplate.json#",
                  "contentVersion": "1.0.2",
                  "resources": [
                    {
                      "type": "Microsoft.OperationalInsights/workspaces/providers/alertRules",
                      "apiVersion": "2022-04-01-preview",
                      "name": "[concat(parameters('workspace'),'/Microsoft.SecurityInsights/', '' )]",
                      "kind": "Scheduled",
                      "location": "[parameters('workspace-location')]",
                      "properties": {
                        "description": "Identifies anomalous spike in frequency of executions of sensitive processes which are often leveraged as attack vectors.\nThe query leverages KQL built-in anomaly detection algorithms to find large deviations from baseline patterns.\nSudden increases in execution frequency of sensitive processes should be further investigated for malicious activity.\nTune the values from 1.5 to 3 in series_decompose_anomalies for further outliers or based on custom threshold values for score.",
                        "displayName": "Process execution frequency anomaly",
                        "enabled": false,
                        "query": "\nlet starttime = 14d;\nlet endtime = 1d;\nlet timeframe = 1h;\nlet TotalEventsThreshold = 5;\nlet ExeList = dynamic([\"powershell.exe\",\"cmd.exe\",\"wmic.exe\",\"psexec.exe\",\"cacls.exe\",\"rundll.exe\"]);\nlet TimeSeriesData =\nSecurityEvent\n| where EventID == 4688 | extend Process = tolower(Process)\n| where TimeGenerated between (startofday(ago(starttime))..startofday(ago(endtime)))\n| where Process in (ExeList)\n| project TimeGenerated, Computer, AccountType, Account, Process\n| make-series Total=count() on TimeGenerated from startofday(ago(starttime)) to startofday(ago(endtime)) step timeframe by Process;\nlet TimeSeriesAlerts = materialize(TimeSeriesData\n| extend (anomalies, score, baseline) = series_decompose_anomalies(Total, 1.5, -1, 'linefit')\n| mv-expand Total to typeof(double), TimeGenerated to typeof(datetime), anomalies to typeof(double), score to typeof(double), baseline to typeof(long)\n| where anomalies > 0\n| project Process, TimeGenerated, Total, baseline, anomalies, score\n| where Total > TotalEventsThreshold);\nlet AnomalyHours = materialize(TimeSeriesAlerts  | where TimeGenerated > ago(2d) | project TimeGenerated);\nTimeSeriesAlerts\n| where TimeGenerated > ago(2d)\n| join (\nSecurityEvent\n| where TimeGenerated between (startofday(ago(starttime))..startofday(ago(endtime)))\n| extend DateHour = bin(TimeGenerated, 1h) // create a new column and round to hour\n| where DateHour in ((AnomalyHours)) //filter the dataset to only selected anomaly hours\n| where EventID == 4688 | extend Process = tolower(Process)\n| summarize CommandlineCount = count() by bin(TimeGenerated, 1h), Process, CommandLine, Computer, Account\n) on Process, TimeGenerated\n| project AnomalyHour = TimeGenerated, Computer, Account, Process, CommandLine, CommandlineCount, Total, baseline, anomalies, score\n| extend timestamp = AnomalyHour, AccountCustomEntity = Account, HostCustomEntity = Computer\n",
                        "queryFrequency": "P1D",
                        "queryPeriod": "P14D",
                        "severity": "Medium",
                        "suppressionDuration": "PT1H",
                        "suppressionEnabled": false,
                        "triggerOperator": "GreaterThan",
                        "triggerThreshold": 0,
                        "tactics": [
                          "Execution"
                        ],
                        "entityMappings": [
                          {
                            "entityType": "Account",
                            "fieldMappings": [
                              {
                                "columnName": "AccountCustomEntity",
                                "identifier": "FullName"
                              }
                            ]
                          },
                          {
                            "entityType": "Host",
                            "fieldMappings": [
                              {
                                "columnName": "HostCustomEntity",
                                "identifier": "FullName"
                              }
                            ]
                          }
                        ]
                      }
                    },
                    {
                      "type": "Microsoft.OperationalInsights/workspaces/providers/metadata",
                      "apiVersion": "2021-03-01-preview",
                      "name": "[concat(parameters('workspace'),'/Microsoft.SecurityInsights/', '')]",
                      "properties": {
                        "description": "'Identifies anomalous spike in frequency of executions of sensitive processes which are often leveraged as attack vectors.\nThe query leverages KQL built-in anomaly detection algorithms to find large deviations from baseline patterns.\nSudden increases in execution frequency of sensitive processes should be further investigated for malicious activity.\nTune the values from 1.5 to 3 in series_decompose_anomalies for further outliers or based on custom threshold values for score.'\n",
                        "contentId": "2c55fe7a-b06f-4029-a5b9-c54a2320d7b8",
                        "version": "1.0.2",
                        "source": {
                          "kind": "Community"
                        },
                        "threatAnalysisTactics": [
                          "Execution"
                        ],
                        "threatAnalyticsTechniques": [
                          "T1059"
                        ],
                        "parentId": "2c55fe7a-b06f-4029-a5b9-c54a2320d7b8",
                        "kind": "AnalyticsRule",
                        "dependencies": {
                          "operator": "AND",
                          "criteria": [
                            {
                              "contentId": "SecurityEvent",
                              "kind": "DataType"
                            },
                            {
                              "contentId": "SecurityEvent",
                              "kind": "DataType"
                            }
                          ]
                        }
                      }
                    }
                  ]
                }
              }
            }
          ]
        },
        "contentId": "2c55fe7a-b06f-4029-a5b9-c54a2320d7b8",
        "dependencies": {
          "operator": "AND",
          "criteria": [
            {
              "contentId": "2c55fe7a-b06f-4029-a5b9-c54a2320d7b8",
              "kind": "AnalyticsRule"
            }
          ]
        },
        "description": "'Identifies anomalous spike in frequency of executions of sensitive processes which are often leveraged as attack vectors.\nThe query leverages KQL built-in anomaly detection algorithms to find large deviations from baseline patterns.\nSudden increases in execution frequency of sensitive processes should be further investigated for malicious activity.\nTune the values from 1.5 to 3 in series_decompose_anomalies for further outliers or based on custom threshold values for score.'\n",
        "displayName": "Process execution frequency anomaly",
        "source": {
          "kind": "Community"
        },
        "threatAnalysisTactics": [
          "Execution"
        ],
        "threatAnalyticsTechniques": [
          "T1059"
        ],
        "version": "1.0.2"
      },
      "name": "[concat(parameters('workspace'),'/Microsoft.SecurityInsights/', '2c55fe7a-b06f-4029-a5b9-c54a2320d7b8')]"
    }
  ]
}