{
  "$schema": "https://schema.management.azure.com/schemas/2019-04-01/deploymentTemplate.json#",
  "parameters": {
    "location": {
      "type": "string",
      "minLength": 1,
      "defaultValue": "[resourceGroup().location]",
      "metadata": {
        "description": "Not used, but needed to pass arm-ttk test `Location-Should-Not-Be-Hardcoded`.  We instead use the `workspace-location` which is derived from the LA workspace"
      }
    },
    "workspace-location": {
      "type": "string",
      "defaultValue": "",
      "metadata": {
        "description": "[concat('Region to deploy solution resources -- separate from location selection',parameters('location'))]"
      }
    },
    "workspace": {
      "defaultValue": "",
      "type": "string",
      "metadata": {
        "description": "Workspace name for Log Analytics where Microsoft Sentinel is setup"
      }
    }
  },
  "variables": {},
  "resources": [
    {
      "type": "Microsoft.OperationalInsights/workspaces/providers/packages",
      "location": "[parameters('workspace-location')]",
      "apiVersion": "2022-08-01",
      "properties": {
        "packageKind": "Standalone",
        "packageItems": {
          "resources": [
            {
              "type": "Microsoft.OperationalInsights/workspaces/providers/contentTemplates",
              "name": "[concat(parameters('workspace'),'/Microsoft.SecurityInsights/', '28233666-c235-4d55-b456-5cfdda29d62d')]",
              "location": "[parameters('workspace-location')]",
              "kind": "shared",
              "apiVersion": "2022-08-01",
              "properties": {
                "contentId": "28233666-c235-4d55-b456-5cfdda29d62d",
                "displayName": "Certutil (LOLBins and LOLScripts, Normalized Process Events)",
                "contentKind": "HuntingQuery",
                "mainTemplate": {
                  "$schema": "https://schema.management.azure.com/schemas/2019-04-01/deploymentTemplate.json#",
                  "contentVersion": "1.0.0",
                  "resources": [
                    {
                      "type": "Microsoft.OperationalInsights/savedSearches",
                      "apiVersion": "2020-08-01",
                      "name": "28233666-c235-4d55-b456-5cfdda29d62d",
                      "location": "[parameters('workspace-location')]",
                      "properties": {
                        "eTag": "*",
                        "displayName": "Certutil (LOLBins and LOLScripts, Normalized Process Events)",
                        "category": "Hunting Queries",
                        "query": "imProcessCreate\n| where Process has \"certutil.exe\"\n// Uncomment the next line and add your commandLine Whitelisted/ignore terms.For example \"urlcache\"\n// | where CommandLine !contains (\"urlcache\") \n| extend HostCustomEntity = Dvc, AccountCustomEntity = User\n",
                        "version": 2,
                        "tags": [
                          {
                            "name": "description",
                            "value": "'This detection uses Normalized Process Events to hunt Certutil activities'\n"
                          },
                          {
                            "name": "techniques",
                            "value": ""
                          },
                          {
                            "name": "tactics",
                            "value": "CommandAndControl"
                          }
                        ]
                      }
                    },
                    {
                      "type": "Microsoft.OperationalInsights/workspaces/providers/metadata",
                      "apiVersion": "2021-03-01-preview",
                      "name": "[concat(parameters('workspace'),'/Microsoft.SecurityInsights/',concat('huntingQuery-', '28233666-c235-4d55-b456-5cfdda29d62d'))]",
                      "properties": {
                        "description": "'This detection uses Normalized Process Events to hunt Certutil activities'\n",
                        "version": "1.0.0",
                        "source": {
                          "kind": "Community"
                        },
                        "threatAnalysisTactics": [
                          "CommandAndControl"
                        ],
                        "threatAnalyticsTechniques": [
                          "T1105"
                        ],
                        "contentId": "28233666-c235-4d55-b456-5cfdda29d62d",
                        "parentId": "28233666-c235-4d55-b456-5cfdda29d62d",
                        "kind": "HuntingQuery"
                      }
                    }
                  ]
                }
              }
            }
          ]
        },
        "dependencies": {
          "operator": "AND",
          "criteria": [
            {
              "contentId": "28233666-c235-4d55-b456-5cfdda29d62d",
              "kind": "HuntingQuery"
            }
          ]
        },
        "description": "'This detection uses Normalized Process Events to hunt Certutil activities'\n",
        "displayName": "Certutil (LOLBins and LOLScripts, Normalized Process Events)",
        "packageId": "28233666-c235-4d55-b456-5cfdda29d62d",
        "source": {
          "kind": "Community"
        },
        "threatAnalysisTactics": [
          "CommandAndControl"
        ],
        "threatAnalyticsTechniques": [
          "T1105"
        ],
        "version": "1.0.0"
      },
      "name": "[concat(parameters('workspace'),'/Microsoft.SecurityInsights/', '28233666-c235-4d55-b456-5cfdda29d62d')]"
    }
  ]
}