{
  "$schema": "https://schema.management.azure.com/schemas/2019-04-01/deploymentTemplate.json#",
  "parameters": {
    "location": {
      "type": "string",
      "minLength": 1,
      "defaultValue": "[resourceGroup().location]",
      "metadata": {
        "description": "Not used, but needed to pass arm-ttk test `Location-Should-Not-Be-Hardcoded`.  We instead use the `workspace-location` which is derived from the LA workspace"
      }
    },
    "workspace-location": {
      "type": "string",
      "defaultValue": "",
      "metadata": {
        "description": "[concat('Region to deploy solution resources -- separate from location selection',parameters('location'))]"
      }
    },
    "workspace": {
      "defaultValue": "",
      "type": "string",
      "metadata": {
        "description": "Workspace name for Log Analytics where Microsoft Sentinel is setup"
      }
    }
  },
  "variables": {},
  "resources": [
    {
      "type": "Microsoft.OperationalInsights/workspaces/providers/packages",
      "location": "[parameters('workspace-location')]",
      "apiVersion": "2022-08-01",
      "properties": {
        "packageKind": "Standalone",
        "packageItems": {
          "resources": [
            {
              "type": "Microsoft.OperationalInsights/workspaces/providers/contentTemplates",
              "name": "[concat(parameters('workspace'),'/Microsoft.SecurityInsights/', '28f56c18-a66e-4c51-94f6-3c8902cb58af')]",
              "location": "[parameters('workspace-location')]",
              "kind": "shared",
              "apiVersion": "2022-08-01",
              "properties": {
                "contentId": "28f56c18-a66e-4c51-94f6-3c8902cb58af",
                "displayName": "PSExec Attrib commands",
                "contentKind": "HuntingQuery",
                "mainTemplate": {
                  "$schema": "https://schema.management.azure.com/schemas/2019-04-01/deploymentTemplate.json#",
                  "contentVersion": "1.0.0",
                  "resources": [
                    {
                      "type": "Microsoft.OperationalInsights/savedSearches",
                      "apiVersion": "2020-08-01",
                      "name": "28f56c18-a66e-4c51-94f6-3c8902cb58af",
                      "location": "[parameters('workspace-location')]",
                      "properties": {
                        "eTag": "*",
                        "displayName": "PSExec Attrib commands",
                        "category": "Hunting Queries",
                        "query": "DeviceProcessEvents \n| where InitiatingProcessParentFileName endswith \"PSEXESVC.exe\" \n| where InitiatingProcessCommandLine has \".bat\" \n| where FileName =~ \"cmd.exe\" and ProcessCommandLine has_all(\"-s\", \"-h\", \"-r\", \"-a\", \"*.*\") \n| take 100 \n",
                        "version": 2,
                        "tags": [
                          {
                            "name": "description",
                            "value": "Prior to deploying Macaw ransomware in an organization, adversaries wil use Attrib to display file attribute information on multiple drives and all subfolders.\n"
                          },
                          {
                            "name": "tactics",
                            "value": "Discovery,Ransomware"
                          }
                        ]
                      }
                    },
                    {
                      "type": "Microsoft.OperationalInsights/workspaces/providers/metadata",
                      "apiVersion": "2021-03-01-preview",
                      "name": "[concat(parameters('workspace'),'/Microsoft.SecurityInsights/',concat('huntingQuery-', '28f56c18-a66e-4c51-94f6-3c8902cb58af'))]",
                      "properties": {
                        "description": "Prior to deploying Macaw ransomware in an organization, adversaries wil use Attrib to display file attribute information on multiple drives and all subfolders.\n",
                        "contentId": "28f56c18-a66e-4c51-94f6-3c8902cb58af",
                        "version": "1.0.0",
                        "source": {
                          "kind": "Community"
                        },
                        "threatAnalysisTactics": [
                          "Discovery",
                          "Ransomware"
                        ],
                        "parentId": "28f56c18-a66e-4c51-94f6-3c8902cb58af",
                        "kind": "HuntingQuery",
                        "dependencies": {
                          "operator": "AND",
                          "criteria": [
                            {
                              "contentId": "DeviceProcessEvents",
                              "kind": "DataType"
                            }
                          ]
                        }
                      }
                    }
                  ]
                }
              }
            }
          ]
        },
        "contentId": "28f56c18-a66e-4c51-94f6-3c8902cb58af",
        "dependencies": {
          "operator": "AND",
          "criteria": [
            {
              "contentId": "28f56c18-a66e-4c51-94f6-3c8902cb58af",
              "kind": "HuntingQuery"
            }
          ]
        },
        "description": "Prior to deploying Macaw ransomware in an organization, adversaries wil use Attrib to display file attribute information on multiple drives and all subfolders.\n",
        "displayName": "PSExec Attrib commands",
        "source": {
          "kind": "Community"
        },
        "threatAnalysisTactics": [
          "Discovery",
          "Ransomware"
        ],
        "version": "1.0.0"
      },
      "name": "[concat(parameters('workspace'),'/Microsoft.SecurityInsights/', '28f56c18-a66e-4c51-94f6-3c8902cb58af')]"
    }
  ]
}