{
  "$schema": "https://schema.management.azure.com/schemas/2019-04-01/deploymentTemplate.json#",
  "parameters": {
    "location": {
      "type": "string",
      "minLength": 1,
      "defaultValue": "[resourceGroup().location]",
      "metadata": {
        "description": "Not used, but needed to pass arm-ttk test `Location-Should-Not-Be-Hardcoded`.  We instead use the `workspace-location` which is derived from the LA workspace"
      }
    },
    "workspace-location": {
      "type": "string",
      "defaultValue": "",
      "metadata": {
        "description": "[concat('Region to deploy solution resources -- separate from location selection',parameters('location'))]"
      }
    },
    "workspace": {
      "defaultValue": "",
      "type": "string",
      "metadata": {
        "description": "Workspace name for Log Analytics where Microsoft Sentinel is setup"
      }
    }
  },
  "variables": {},
  "resources": [
    {
      "type": "Microsoft.OperationalInsights/workspaces/providers/packages",
      "location": "[parameters('workspace-location')]",
      "apiVersion": "2022-08-01",
      "properties": {
        "packageKind": "Standalone",
        "packageItems": {
          "resources": [
            {
              "type": "Microsoft.OperationalInsights/workspaces/providers/contentTemplates",
              "name": "[concat(parameters('workspace'),'/Microsoft.SecurityInsights/', '066395ac-ef91-4993-8bf6-25c61ab0ca5a')]",
              "location": "[parameters('workspace-location')]",
              "apiVersion": "2022-08-01",
              "properties": {
                "contentId": "066395ac-ef91-4993-8bf6-25c61ab0ca5a",
                "displayName": "SOURGUM Actor IOC - July 2021",
                "contentKind": "AnalyticsRule",
                "mainTemplate": {
                  "$schema": "https://schema.management.azure.com/schemas/2019-04-01/deploymentTemplate.json#",
                  "contentVersion": "1.0.1",
                  "resources": [
                    {
                      "type": "Microsoft.OperationalInsights/workspaces/providers/alertRules",
                      "apiVersion": "2022-04-01-preview",
                      "name": "[concat(parameters('workspace'),'/Microsoft.SecurityInsights/', '' )]",
                      "kind": "Scheduled",
                      "location": "[parameters('workspace-location')]",
                      "properties": {
                        "description": "Identifies a match across IOC's related to an actor tracked by Microsoft as SOURGUM",
                        "displayName": "SOURGUM Actor IOC - July 2021",
                        "enabled": false,
                        "query": "let iocs = externaldata(DateAdded:string,IoC:string,Type:string,TLP:string) [@\"https://raw.githubusercontent.com/Azure/Azure-Sentinel/master/Sample%20Data/Feeds/SOURGUM.csv\"] with (format=\"csv\", ignoreFirstRecord=True);\nlet domains = (iocs | where Type =~ \"domainname\"| project IoC);\nlet sha256Hashes = (iocs | where Type =~ \"sha256\" | project IoC);\nlet file_path1 = (iocs | where Type =~ \"filepath1\" | project IoC);\nlet file_path2 = (iocs | where Type =~ \"filepath2\" | project IoC);\nlet file_path3 = (iocs | where Type =~ \"filepath3\" | project IoC);\nlet reg_key = (iocs | where Type =~ \"regkey\" | project IoC);\nWindowsEvent\n| where EventID == 4688 and (EventData has_any (file_path1) or EventData has_any (file_path2) or  EventData has_any (file_path3) or EventData has_any ('reg add') or EventData has_any (reg_key) )\n| extend CommandLine = tostring(EventData.CommandLine)\n| extend NewProcessName = tostring(EventData.NewProcessName)\n| extend ParentProcessName = tostring(EventData.ParentProcessName)\n| where (CommandLine has_any (file_path1)) or\n  (CommandLine has_any (file_path3)) or\n  (CommandLine has 'reg add' and CommandLine has_any (reg_key) and CommandLine has_any (file_path2)) or \n  (NewProcessName has_any (file_path1)) or\n  (NewProcessName has_any (file_path3)) or\n  (ParentProcessName has_any (file_path1)) or \n  (ParentProcessName has_any (file_path3)) \n| extend Account = strcat(EventData.SubjectDomainName,\"\\\\\", EventData.SubjectUserName)\n| extend NewProcessId = tostring(EventData.NewProcessId)\n| extend IPCustomEntity = tostring(EventData.IpAddress)\n| project TimeGenerated, Computer, NewProcessName, ParentProcessName, Account, NewProcessId, Type, IPCustomEntity\n| extend timestamp = TimeGenerated, HostCustomEntity = Computer , AccountCustomEntity = Account, ProcessCustomEntity = NewProcessName, Alert = 'SOURGUM IOC detected'\n",
                        "queryFrequency": "PT6H",
                        "queryPeriod": "PT6H",
                        "severity": "High",
                        "suppressionDuration": "PT1H",
                        "suppressionEnabled": false,
                        "triggerOperator": "GreaterThan",
                        "triggerThreshold": 0,
                        "tactics": [
                          "Persistence"
                        ],
                        "entityMappings": [
                          {
                            "entityType": "Account",
                            "fieldMappings": [
                              {
                                "columnName": "AccountCustomEntity",
                                "identifier": "FullName"
                              }
                            ]
                          },
                          {
                            "entityType": "Host",
                            "fieldMappings": [
                              {
                                "columnName": "HostCustomEntity",
                                "identifier": "FullName"
                              }
                            ]
                          },
                          {
                            "entityType": "IP",
                            "fieldMappings": [
                              {
                                "columnName": "IPCustomEntity",
                                "identifier": "Address"
                              }
                            ]
                          },
                          {
                            "entityType": "Process",
                            "fieldMappings": [
                              {
                                "columnName": "ProcessCustomEntity",
                                "identifier": "ProcessId"
                              }
                            ]
                          },
                          {
                            "entityType": "FileHash",
                            "fieldMappings": [
                              {
                                "columnName": "AlgorithmCustomEntity",
                                "identifier": "Algorithm"
                              },
                              {
                                "columnName": "FileHashCustomEntity",
                                "identifier": "Value"
                              }
                            ]
                          }
                        ]
                      }
                    },
                    {
                      "type": "Microsoft.OperationalInsights/workspaces/providers/metadata",
                      "apiVersion": "2021-03-01-preview",
                      "name": "[concat(parameters('workspace'),'/Microsoft.SecurityInsights/', '')]",
                      "properties": {
                        "description": "'Identifies a match across IOC's related to an actor tracked by Microsoft as SOURGUM'\n",
                        "contentId": "066395ac-ef91-4993-8bf6-25c61ab0ca5a",
                        "version": "1.0.1",
                        "source": {
                          "kind": "Community"
                        },
                        "threatAnalysisTactics": [
                          "Persistence"
                        ],
                        "threatAnalyticsTechniques": [
                          "T1546"
                        ],
                        "parentId": "066395ac-ef91-4993-8bf6-25c61ab0ca5a",
                        "kind": "AnalyticsRule",
                        "dependencies": {
                          "operator": "AND",
                          "criteria": [
                            {
                              "contentId": "WindowsEvent",
                              "kind": "DataType"
                            }
                          ]
                        }
                      }
                    }
                  ]
                }
              }
            }
          ]
        },
        "contentId": "066395ac-ef91-4993-8bf6-25c61ab0ca5a",
        "dependencies": {
          "operator": "AND",
          "criteria": [
            {
              "contentId": "066395ac-ef91-4993-8bf6-25c61ab0ca5a",
              "kind": "AnalyticsRule"
            }
          ]
        },
        "description": "'Identifies a match across IOC's related to an actor tracked by Microsoft as SOURGUM'\n",
        "displayName": "SOURGUM Actor IOC - July 2021",
        "source": {
          "kind": "Community"
        },
        "threatAnalysisTactics": [
          "Persistence"
        ],
        "threatAnalyticsTechniques": [
          "T1546"
        ],
        "version": "1.0.1"
      },
      "name": "[concat(parameters('workspace'),'/Microsoft.SecurityInsights/', '066395ac-ef91-4993-8bf6-25c61ab0ca5a')]"
    }
  ]
}