{
  "$schema": "https://schema.management.azure.com/schemas/2019-04-01/deploymentTemplate.json#",
  "contentVersion": "1.0.0.0",
  "parameters": {
    "location": {
      "type": "string",
      "minLength": 1,
      "defaultValue": "[resourceGroup().location]",
      "metadata": {
        "description": "Not used, but needed to pass arm-ttk test `Location-Should-Not-Be-Hardcoded`.  We instead use the `workspace-location` which is derived from the LA workspace"
      }
    },
    "workspace-location": {
      "type": "string",
      "defaultValue": "",
      "metadata": {
        "description": "[concat('Region to deploy solution resources -- separate from location selection',parameters('location'))]"
      }
    },
    "workspace": {
      "defaultValue": "",
      "type": "string",
      "metadata": {
        "description": "Workspace name for Log Analytics where Microsoft Sentinel is setup"
      }
    }
  },
  "variables": {},
  "resources": [
    {
      "type": "Microsoft.OperationalInsights/workspaces/providers/packages",
      "location": "[parameters('workspace-location')]",
      "apiVersion": "2022-08-01",
      "properties": {
        "packageKind": "Standalone",
        "packageItems": {
          "resources": [
            {
              "type": "Microsoft.OperationalInsights/workspaces/providers/contentTemplates",
              "name": "[concat(parameters('workspace'),'/Microsoft.SecurityInsights/', '712fab52-2a7d-401e-a08c-ff939cc7c25e')]",
              "location": "[parameters('workspace-location')]",
              "apiVersion": "2022-08-01",
              "properties": {
                "contentId": "712fab52-2a7d-401e-a08c-ff939cc7c25e",
                "displayName": "TI map URL entity to AuditLogs",
                "contentKind": "AnalyticsRule",
                "mainTemplate": {
                  "$schema": "https://schema.management.azure.com/schemas/2019-04-01/deploymentTemplate.json#",
                  "contentVersion": "1.2.1",
                  "resources": [
                    {
                      "type": "Microsoft.OperationalInsights/workspaces/providers/alertRules",
                      "apiVersion": "2022-04-01-preview",
                      "name": "712fab52-2a7d-401e-a08c-ff939cc7c25e",
                      "kind": "Scheduled",
                      "location": "[parameters('workspace-location')]",
                      "properties": {
                        "description": "Identifies a match in AuditLogs from any URL IOC from TI",
                        "displayName": "TI map URL entity to AuditLogs",
                        "enabled": false,
                        "query": "\nlet dt_lookBack = 1h;\nlet ioc_lookBack = 14d;\nThreatIntelligenceIndicator\n| where TimeGenerated >= ago(ioc_lookBack) and ExpirationDateTime > now()\n| summarize LatestIndicatorTime = arg_max(TimeGenerated, *) by IndicatorId\n| where Active == true\n// Picking up only IOC's that contain the entities we want\n| where isnotempty(Url)\n// using innerunique to keep perf fast and result set low, we only need one match to indicate potential malicious activity that needs to be investigated\n| join kind=innerunique (\n  AuditLogs\n  | where TimeGenerated >= ago(dt_lookBack)\n  // Extract the URL that is contained within the JSON data\n  | extend Url = extract(\"(http[s]?://(?:[a-zA-Z]|[0-9]|[$-_@.&+]|[!*\\\\(\\\\),]|(?:%[0-9a-fA-F][0-9a-fA-F]))+);\", 1,tostring(TargetResources))\n  | where isnotempty(Url)\n  | extend userPrincipalName = tostring(parse_json(tostring(InitiatedBy.user)).userPrincipalName)\n  | extend TargetResourceDisplayName = tostring(TargetResources[0].displayName)\n  | extend Audit_TimeGenerated = TimeGenerated\n) on Url\n| where Audit_TimeGenerated < ExpirationDateTime\n| summarize Audit_TimeGenerated = arg_max(Audit_TimeGenerated, *) by IndicatorId, Url\n| project Audit_TimeGenerated, Description, ActivityGroupNames, IndicatorId, ThreatType, ExpirationDateTime, ConfidenceScore,\nOperationName, Identity, userPrincipalName, TargetResourceDisplayName, Url\n| extend timestamp = Audit_TimeGenerated, AccountCustomEntity = userPrincipalName, HostCustomEntity = TargetResourceDisplayName, URLCustomEntity = Url\n",
                        "queryFrequency": "PT1H",
                        "queryPeriod": "P14D",
                        "severity": "Medium",
                        "suppressionDuration": "PT1H",
                        "suppressionEnabled": false,
                        "triggerOperator": "GreaterThan",
                        "triggerThreshold": 0,
                        "tactics": [
                          "Impact"
                        ],
                        "entityMappings": [
                          {
                            "entityType": "Account",
                            "fieldMappings": [
                              {
                                "columnName": "AccountCustomEntity",
                                "identifier": "FullName"
                              }
                            ]
                          },
                          {
                            "entityType": "Host",
                            "fieldMappings": [
                              {
                                "columnName": "HostCustomEntity",
                                "identifier": "FullName"
                              }
                            ]
                          },
                          {
                            "entityType": "URL",
                            "fieldMappings": [
                              {
                                "columnName": "URLCustomEntity",
                                "identifier": "Url"
                              }
                            ]
                          }
                        ]
                      }
                    },
                    {
                      "type": "Microsoft.OperationalInsights/workspaces/providers/metadata",
                      "apiVersion": "2021-03-01-preview",
                      "properties": {
                        "description": "'Identifies a match in AuditLogs from any URL IOC from TI'\n",
                        "version": "1.2.1",
                        "author": {
                          "name": "Community"
                        },
                        "support": {
                          "name": "Community",
                          "link": "https://github.com/Azure/Azure-Sentinel/issues",
                          "tier": "Community"
                        },
                        "source": {
                          "kind": "Community",
                          "name": "Standalone"
                        },
                        "threatAnalysisTactics": [
                          "Impact"
                        ],
                        "contentId": "712fab52-2a7d-401e-a08c-ff939cc7c25e",
                        "parentId": "712fab52-2a7d-401e-a08c-ff939cc7c25e",
                        "kind": "AnalyticsRule",
                        "dependencies": {
                          "operator": "AND",
                          "criteria": [
                            {
                              "contentId": "AuditLogs",
                              "kind": "DataType"
                            },
                            {
                              "contentId": "ThreatIntelligenceIndicator",
                              "kind": "DataType"
                            },
                            {
                              "contentId": "ThreatIntelligenceIndicator",
                              "kind": "DataType"
                            }
                          ]
                        }
                      }
                    }
                  ]
                }
              }
            }
          ]
        },
        "author": {
          "name": "Community"
        },
        "dependencies": {
          "operator": "AND",
          "criteria": [
            {
              "contentId": "712fab52-2a7d-401e-a08c-ff939cc7c25e",
              "kind": "AnalyticsRule"
            }
          ]
        },
        "description": "'Identifies a match in AuditLogs from any URL IOC from TI'\n",
        "displayName": "TI map URL entity to AuditLogs",
        "packageId": "712fab52-2a7d-401e-a08c-ff939cc7c25e",
        "source": {
          "kind": "Community",
          "name": "Standalone"
        },
        "support": {
          "name": "Community",
          "link": "https://github.com/Azure/Azure-Sentinel/issues",
          "tier": "Community"
        },
        "threatAnalysisTactics": [
          "Impact"
        ],
        "version": "1.2.1"
      },
      "name": "[concat(parameters('workspace'),'/Microsoft.SecurityInsights/', '712fab52-2a7d-401e-a08c-ff939cc7c25e')]"
    }
  ]
}