{
  "$schema": "https://schema.management.azure.com/schemas/2019-04-01/deploymentTemplate.json#",
  "parameters": {
    "location": {
      "type": "string",
      "minLength": 1,
      "defaultValue": "[resourceGroup().location]",
      "metadata": {
        "description": "Not used, but needed to pass arm-ttk test `Location-Should-Not-Be-Hardcoded`.  We instead use the `workspace-location` which is derived from the LA workspace"
      }
    },
    "workspace-location": {
      "type": "string",
      "defaultValue": "",
      "metadata": {
        "description": "[concat('Region to deploy solution resources -- separate from location selection',parameters('location'))]"
      }
    },
    "workspace": {
      "defaultValue": "",
      "type": "string",
      "metadata": {
        "description": "Workspace name for Log Analytics where Microsoft Sentinel is setup"
      }
    }
  },
  "variables": {},
  "resources": [
    {
      "type": "Microsoft.OperationalInsights/workspaces/providers/packages",
      "location": "[parameters('workspace-location')]",
      "apiVersion": "2022-08-01",
      "properties": {
        "packageKind": "Standalone",
        "packageItems": {
          "resources": [
            {
              "type": "Microsoft.OperationalInsights/workspaces/providers/contentTemplates",
              "name": "[concat(parameters('workspace'),'/Microsoft.SecurityInsights/', '4b11568b-3f5f-4ba1-80c8-7f1dc8390eb7')]",
              "location": "[parameters('workspace-location')]",
              "apiVersion": "2022-08-01",
              "properties": {
                "contentId": "4b11568b-3f5f-4ba1-80c8-7f1dc8390eb7",
                "displayName": "SharePointFileOperation via previously unseen IPs",
                "contentKind": "AnalyticsRule",
                "mainTemplate": {
                  "$schema": "https://schema.management.azure.com/schemas/2019-04-01/deploymentTemplate.json#",
                  "contentVersion": "1.0.0",
                  "resources": [
                    {
                      "type": "Microsoft.OperationalInsights/workspaces/providers/alertRules",
                      "apiVersion": "2022-04-01-preview",
                      "name": "[concat(parameters('workspace'),'/Microsoft.SecurityInsights/', '' )]",
                      "kind": "Scheduled",
                      "location": "[parameters('workspace-location')]",
                      "properties": {
                        "description": "Identifies when the volume of documents uploaded to or downloaded from Sharepoint by new IP addresses\nexceeds a threshold (default is 50).",
                        "displayName": "SharePointFileOperation via previously unseen IPs",
                        "enabled": false,
                        "query": "\nlet threshold = 50;\nlet szSharePointFileOperation = \"SharePointFileOperation\";\nlet szOperations = dynamic([\"FileDownloaded\", \"FileUploaded\"]);\nlet starttime = 14d;\nlet endtime = 1d;\nlet historicalActivity =\nOfficeActivity\n| where TimeGenerated between(ago(starttime)..ago(endtime))\n| where RecordType =~ szSharePointFileOperation\n| where Operation in~ (szOperations)\n| summarize historicalCount = count() by ClientIP, RecordType, Operation;\nlet recentActivity = OfficeActivity\n| where TimeGenerated > ago(endtime)\n| where RecordType =~ szSharePointFileOperation\n| where Operation in~ (szOperations)\n| summarize min(Start_Time), max(Start_Time), recentCount = count() by ClientIP, RecordType, Operation;\nlet RareIP = recentActivity | join kind= leftanti ( historicalActivity ) on ClientIP, RecordType, Operation\n// More than 50 downloads/uploads from a new IP\n| where recentCount > threshold;\nOfficeActivity \n| where TimeGenerated >= ago(endtime) \n| where RecordType =~ szSharePointFileOperation\n| where Operation in~ (szOperations)\n| join kind= inner (RareIP) on ClientIP, RecordType, Operation\n| where Start_Time between(min_Start_Time .. max_Start_Time)\n| summarize StartTimeUtc = min(min_Start_Time), EndTimeUtc = max(max_Start_Time) by RecordType, Operation, UserType, UserId, ClientIP, OfficeWorkload, Site_Url, OfficeObjectId, UserAgent, IPSeenCount = recentCount\n| extend timestamp = StartTimeUtc, AccountCustomEntity = UserId, IPCustomEntity = ClientIP, URLCustomEntity = Site_Url\n| order by IPSeenCount desc, ClientIP asc, Operation asc, UserId asc\n",
                        "queryFrequency": "P1D",
                        "queryPeriod": "P14D",
                        "severity": "Medium",
                        "suppressionDuration": "PT1H",
                        "suppressionEnabled": false,
                        "triggerOperator": "GreaterThan",
                        "triggerThreshold": 0,
                        "tactics": [
                          "Exfiltration"
                        ],
                        "entityMappings": [
                          {
                            "entityType": "Account",
                            "fieldMappings": [
                              {
                                "columnName": "AccountCustomEntity",
                                "identifier": "FullName"
                              }
                            ]
                          },
                          {
                            "entityType": "IP",
                            "fieldMappings": [
                              {
                                "columnName": "IPCustomEntity",
                                "identifier": "Address"
                              }
                            ]
                          },
                          {
                            "entityType": "URL",
                            "fieldMappings": [
                              {
                                "columnName": "URLCustomEntity",
                                "identifier": "Url"
                              }
                            ]
                          }
                        ]
                      }
                    },
                    {
                      "type": "Microsoft.OperationalInsights/workspaces/providers/metadata",
                      "apiVersion": "2021-03-01-preview",
                      "name": "[concat(parameters('workspace'),'/Microsoft.SecurityInsights/', '')]",
                      "properties": {
                        "description": "'Identifies when the volume of documents uploaded to or downloaded from Sharepoint by new IP addresses\nexceeds a threshold (default is 50).'\n",
                        "contentId": "4b11568b-3f5f-4ba1-80c8-7f1dc8390eb7",
                        "version": "1.0.0",
                        "source": {
                          "kind": "Community"
                        },
                        "threatAnalysisTactics": [
                          "Exfiltration"
                        ],
                        "threatAnalyticsTechniques": [
                          "T1030"
                        ],
                        "parentId": "4b11568b-3f5f-4ba1-80c8-7f1dc8390eb7",
                        "kind": "AnalyticsRule",
                        "dependencies": {
                          "operator": "AND",
                          "criteria": [
                            {
                              "contentId": "OfficeActivity",
                              "kind": "DataType"
                            }
                          ]
                        }
                      }
                    }
                  ]
                }
              }
            }
          ]
        },
        "contentId": "4b11568b-3f5f-4ba1-80c8-7f1dc8390eb7",
        "dependencies": {
          "operator": "AND",
          "criteria": [
            {
              "contentId": "4b11568b-3f5f-4ba1-80c8-7f1dc8390eb7",
              "kind": "AnalyticsRule"
            }
          ]
        },
        "description": "'Identifies when the volume of documents uploaded to or downloaded from Sharepoint by new IP addresses\nexceeds a threshold (default is 50).'\n",
        "displayName": "SharePointFileOperation via previously unseen IPs",
        "source": {
          "kind": "Community"
        },
        "threatAnalysisTactics": [
          "Exfiltration"
        ],
        "threatAnalyticsTechniques": [
          "T1030"
        ],
        "version": "1.0.0"
      },
      "name": "[concat(parameters('workspace'),'/Microsoft.SecurityInsights/', '4b11568b-3f5f-4ba1-80c8-7f1dc8390eb7')]"
    }
  ]
}