{
  "$schema": "https://schema.management.azure.com/schemas/2019-04-01/deploymentTemplate.json#",
  "contentVersion": "1.0.0.0",
  "parameters": {
    "location": {
      "type": "string",
      "minLength": 1,
      "defaultValue": "[resourceGroup().location]",
      "metadata": {
        "description": "Not used, but needed to pass arm-ttk test `Location-Should-Not-Be-Hardcoded`.  We instead use the `workspace-location` which is derived from the LA workspace"
      }
    },
    "workspace-location": {
      "type": "string",
      "defaultValue": "",
      "metadata": {
        "description": "[concat('Region to deploy solution resources -- separate from location selection',parameters('location'))]"
      }
    },
    "workspace": {
      "defaultValue": "",
      "type": "string",
      "metadata": {
        "description": "Workspace name for Log Analytics where Microsoft Sentinel is setup"
      }
    }
  },
  "variables": {},
  "resources": [
    {
      "type": "Microsoft.OperationalInsights/workspaces/providers/packages",
      "location": "[parameters('workspace-location')]",
      "apiVersion": "2022-08-01",
      "properties": {
        "packageKind": "Standalone",
        "packageItems": {
          "resources": [
            {
              "type": "Microsoft.OperationalInsights/workspaces/providers/contentTemplates",
              "name": "[concat(parameters('workspace'),'/Microsoft.SecurityInsights/', '7965f0be-c039-4d18-8ee8-9a6add8aecf3')]",
              "location": "[parameters('workspace-location')]",
              "apiVersion": "2022-08-01",
              "properties": {
                "contentId": "7965f0be-c039-4d18-8ee8-9a6add8aecf3",
                "displayName": "DEV-0270 New User Creation",
                "contentKind": "AnalyticsRule",
                "mainTemplate": {
                  "$schema": "https://schema.management.azure.com/schemas/2019-04-01/deploymentTemplate.json#",
                  "contentVersion": "1.0.0",
                  "resources": [
                    {
                      "type": "Microsoft.OperationalInsights/workspaces/providers/alertRules",
                      "apiVersion": "2022-04-01-preview",
                      "name": "7965f0be-c039-4d18-8ee8-9a6add8aecf3",
                      "kind": "Scheduled",
                      "location": "[parameters('workspace-location')]",
                      "properties": {
                        "description": "The following query tries to detect creation of a new user using a known DEV-0270 username/password schema",
                        "displayName": "DEV-0270 New User Creation",
                        "enabled": false,
                        "query": "(union isfuzzy=true\n(SecurityEvent\n| where EventID == 4688\n| where CommandLine has_all ('net user', '/add') \n| parse CommandLine with * \"user \" username \" \"*\n| extend password = extract(@\"\\buser\\s+[^\\s]+\\s+([^\\s]+)\", 1, CommandLine) \n| where username in('DefaultAccount') or password in('P@ssw0rd1234', '_AS_@1394') \n| project TimeGenerated, HostCustomEntity = Computer, AccountCustomEntity = Account, AccountDomain, ProcessName, ProcessNameFullPath = NewProcessName, EventID, Activity, CommandLine, EventSourceName, Type\n),\n(DeviceProcessEvents \n| where InitiatingProcessCommandLine has_all('net user', '/add') \n| parse InitiatingProcessCommandLine with * \"user \" username \" \"* \n| extend password = extract(@\"\\buser\\s+[^\\s]+\\s+([^\\s]+)\", 1, InitiatingProcessCommandLine) \n| where username in('DefaultAccount') or password in('P@ssw0rd1234', '_AS_@1394') \n| extend timestamp = TimeGenerated, AccountCustomEntity =  InitiatingProcessAccountName, HostCustomEntity = DeviceName\n)\n)\n",
                        "queryFrequency": "PT6H",
                        "queryPeriod": "PT6H",
                        "severity": "High",
                        "suppressionDuration": "PT1H",
                        "suppressionEnabled": false,
                        "triggerOperator": "GreaterThan",
                        "triggerThreshold": 0,
                        "tactics": [
                          "Persistence"
                        ],
                        "techniques": [
                          "T1098"
                        ],
                        "entityMappings": [
                          {
                            "entityType": "Account",
                            "fieldMappings": [
                              {
                                "columnName": "AccountCustomEntity",
                                "identifier": "FullName"
                              }
                            ]
                          },
                          {
                            "entityType": "Host",
                            "fieldMappings": [
                              {
                                "columnName": "HostCustomEntity",
                                "identifier": "FullName"
                              }
                            ]
                          }
                        ]
                      }
                    },
                    {
                      "type": "Microsoft.OperationalInsights/workspaces/providers/metadata",
                      "apiVersion": "2021-03-01-preview",
                      "properties": {
                        "description": "'The following query tries to detect creation of a new user using a known DEV-0270 username/password schema'\n",
                        "version": "1.0.0",
                        "author": {
                          "name": "Community"
                        },
                        "support": {
                          "name": "Community",
                          "link": "https://github.com/Azure/Azure-Sentinel/issues",
                          "tier": "Community"
                        },
                        "source": {
                          "kind": "Community",
                          "name": "Standalone"
                        },
                        "threatAnalysisTactics": [
                          "Persistence"
                        ],
                        "threatAnalyticsTechniques": [
                          "T1098"
                        ],
                        "contentId": "7965f0be-c039-4d18-8ee8-9a6add8aecf3",
                        "parentId": "7965f0be-c039-4d18-8ee8-9a6add8aecf3",
                        "kind": "AnalyticsRule",
                        "dependencies": {
                          "operator": "AND",
                          "criteria": [
                            {
                              "contentId": "SecurityEvent",
                              "kind": "DataType"
                            },
                            {
                              "contentId": "DeviceProcessEvents",
                              "kind": "DataType"
                            }
                          ]
                        }
                      }
                    }
                  ]
                }
              }
            }
          ]
        },
        "author": {
          "name": "Community"
        },
        "dependencies": {
          "operator": "AND",
          "criteria": [
            {
              "contentId": "7965f0be-c039-4d18-8ee8-9a6add8aecf3",
              "kind": "AnalyticsRule"
            }
          ]
        },
        "description": "'The following query tries to detect creation of a new user using a known DEV-0270 username/password schema'\n",
        "displayName": "DEV-0270 New User Creation",
        "packageId": "7965f0be-c039-4d18-8ee8-9a6add8aecf3",
        "source": {
          "kind": "Community",
          "name": "Standalone"
        },
        "support": {
          "name": "Community",
          "link": "https://github.com/Azure/Azure-Sentinel/issues",
          "tier": "Community"
        },
        "threatAnalysisTactics": [
          "Persistence"
        ],
        "threatAnalyticsTechniques": [
          "T1098"
        ],
        "version": "1.0.0"
      },
      "name": "[concat(parameters('workspace'),'/Microsoft.SecurityInsights/', '7965f0be-c039-4d18-8ee8-9a6add8aecf3')]"
    }
  ]
}