{
  "$schema": "https://schema.management.azure.com/schemas/2019-04-01/deploymentTemplate.json#",
  "contentVersion": "1.0.0.0",
  "parameters": {
    "location": {
      "type": "string",
      "minLength": 1,
      "defaultValue": "[resourceGroup().location]",
      "metadata": {
        "description": "Not used, but needed to pass arm-ttk test `Location-Should-Not-Be-Hardcoded`.  We instead use the `workspace-location` which is derived from the LA workspace"
      }
    },
    "workspace-location": {
      "type": "string",
      "defaultValue": "",
      "metadata": {
        "description": "[concat('Region to deploy solution resources -- separate from location selection',parameters('location'))]"
      }
    },
    "workspace": {
      "defaultValue": "",
      "type": "string",
      "metadata": {
        "description": "Workspace name for Log Analytics where Microsoft Sentinel is setup"
      }
    }
  },
  "variables": {},
  "resources": [
    {
      "type": "Microsoft.OperationalInsights/workspaces/providers/packages",
      "location": "[parameters('workspace-location')]",
      "apiVersion": "2022-08-01",
      "properties": {
        "packageKind": "Standalone",
        "packageItems": {
          "resources": [
            {
              "type": "Microsoft.OperationalInsights/workspaces/providers/contentTemplates",
              "name": "[concat(parameters('workspace'),'/Microsoft.SecurityInsights/', 'b1832f60-6c3d-4722-a0a5-3d564ee61a63')]",
              "location": "[parameters('workspace-location')]",
              "apiVersion": "2022-08-01",
              "properties": {
                "contentId": "b1832f60-6c3d-4722-a0a5-3d564ee61a63",
                "displayName": "(Preview) TI map Domain entity to Web Session Events (ASIM Web Session schema)",
                "contentKind": "AnalyticsRule",
                "mainTemplate": {
                  "$schema": "https://schema.management.azure.com/schemas/2019-04-01/deploymentTemplate.json#",
                  "contentVersion": "1.0.0",
                  "resources": [
                    {
                      "type": "Microsoft.OperationalInsights/workspaces/providers/alertRules",
                      "apiVersion": "2022-04-01-preview",
                      "name": "b1832f60-6c3d-4722-a0a5-3d564ee61a63",
                      "kind": "Scheduled",
                      "location": "[parameters('workspace-location')]",
                      "properties": {
                        "description": "This rule identifies Web Sessions for which the target URL hostname is a known IoC. <br><br>This rule uses the [Advanced Security Information Model (ASIM)](https://aka.ms/AboutSIM) and supports any web session source that complies with ASIM.",
                        "displayName": "(Preview) TI map Domain entity to Web Session Events (ASIM Web Session schema)",
                        "enabled": false,
                        "query": "let HAS_ANY_MAX = 10000;\nlet dt_lookBack = 1h;\nlet ioc_lookBack = 14d;\n//Create a list of TLDs in our threat feed for later validation\nlet DOMAIN_TI=ThreatIntelligenceIndicator\n| where TimeGenerated >= ago(ioc_lookBack) and ExpirationDateTime > now()\n| summarize LatestIndicatorTime = arg_max(TimeGenerated, *) by IndicatorId\n| where Active == true\n// Picking up only IOC's that contain the entities we want\n| where isnotempty(DomainName);\nlet DOMAIN_TI_list= todynamic(toscalar(DOMAIN_TI | summarize NIoCs = dcount(DomainName), Domains = make_set(DomainName) \n  | project Domains=iff(NIoCs > HAS_ANY_MAX, dynamic([]), Domains) ));\nDOMAIN_TI\n// using innerunique to keep perf fast and result set low, we only need one match to indicate potential malicious activity that needs to be investigated\n| join kind=innerunique (\n    _Im_WebSession(starttime=ago(dt_lookBack), url_has_any= DOMAIN_TI_list )\n    //Extract domain patterns from syslog message\n    | extend domain = tostring(parse_url(Url)[\"Host\"])\n    | where isnotempty(domain)\n    | extend tld = tostring(split(domain, '.')[-1])\n    | extend Event_TimeGenerated = TimeGenerated\n) on $left.DomainName==$right.domain\n| where Event_TimeGenerated < ExpirationDateTime\n| summarize Event_TimeGenerated  = arg_max(Event_TimeGenerated , *) by IndicatorId, domain\n| project Event_TimeGenerated, Description, ActivityGroupNames, IndicatorId, ThreatType, ExpirationDateTime, ConfidenceScore, domain, SrcIpAddr, Url\n",
                        "queryFrequency": "PT1H",
                        "queryPeriod": "P14D",
                        "severity": "Medium",
                        "suppressionDuration": "PT1H",
                        "suppressionEnabled": false,
                        "triggerOperator": "GreaterThan",
                        "triggerThreshold": 0,
                        "tactics": [
                          "Impact"
                        ],
                        "entityMappings": [
                          {
                            "entityType": "IP",
                            "fieldMappings": [
                              {
                                "columnName": "SrcIpAddr",
                                "identifier": "Address"
                              }
                            ]
                          },
                          {
                            "entityType": "URL",
                            "fieldMappings": [
                              {
                                "columnName": "Url",
                                "identifier": "Url"
                              }
                            ]
                          }
                        ],
                        "customDetails": {
                          "ThreatType": "ThreatType",
                          "ActivityGroupNames": "ActivityGroupNames",
                          "IoCExpirationTime": "ExpirationDateTime",
                          "IoCDescription": "Description",
                          "IndicatorId": "IndicatorId",
                          "EventTime": "Event_TimeGenerated",
                          "IoCConfidenceScore": "ConfidenceScore"
                        },
                        "alertDetailsOverride": {
                          "alertDescriptionFormat": "A client with address {{SrcIpAddr}} requested the URL {{Url}}, whose hostname is a known indicator of compromise of {{ThreatType}}. Consult the threat intelligence blead for more information on the indicator.",
                          "alertDisplayNameFormat": "A web request from {{SrcIpAddr}} to hostname  {{domain}} matched an IoC"
                        }
                      }
                    },
                    {
                      "type": "Microsoft.OperationalInsights/workspaces/providers/metadata",
                      "apiVersion": "2021-03-01-preview",
                      "properties": {
                        "description": "'This rule identifies Web Sessions for which the target URL hostname is a known IoC. <br><br>This rule uses the [Advanced Security Information Model (ASIM)](https://aka.ms/AboutSIM) and supports any web session source that complies with ASIM.'\n",
                        "version": "1.0.0",
                        "author": {
                          "name": "Community"
                        },
                        "support": {
                          "name": "Community",
                          "link": "https://github.com/Azure/Azure-Sentinel/issues",
                          "tier": "Community"
                        },
                        "source": {
                          "kind": "Community",
                          "name": "Standalone"
                        },
                        "threatAnalysisTactics": [
                          "Impact"
                        ],
                        "contentId": "b1832f60-6c3d-4722-a0a5-3d564ee61a63",
                        "parentId": "b1832f60-6c3d-4722-a0a5-3d564ee61a63",
                        "kind": "AnalyticsRule",
                        "dependencies": {
                          "operator": "AND",
                          "criteria": [
                            {
                              "contentId": "SquidProxy_CL",
                              "kind": "DataType"
                            },
                            {
                              "contentId": "CommonSecurityLog",
                              "kind": "DataType"
                            },
                            {
                              "contentId": "ThreatIntelligenceIndicator",
                              "kind": "DataType"
                            }
                          ]
                        }
                      }
                    }
                  ]
                }
              }
            }
          ]
        },
        "author": {
          "name": "Community"
        },
        "dependencies": {
          "operator": "AND",
          "criteria": [
            {
              "contentId": "b1832f60-6c3d-4722-a0a5-3d564ee61a63",
              "kind": "AnalyticsRule"
            }
          ]
        },
        "description": "'This rule identifies Web Sessions for which the target URL hostname is a known IoC. <br><br>This rule uses the [Advanced Security Information Model (ASIM)](https://aka.ms/AboutSIM) and supports any web session source that complies with ASIM.'\n",
        "displayName": "(Preview) TI map Domain entity to Web Session Events (ASIM Web Session schema)",
        "packageId": "b1832f60-6c3d-4722-a0a5-3d564ee61a63",
        "source": {
          "kind": "Community",
          "name": "Standalone"
        },
        "support": {
          "name": "Community",
          "link": "https://github.com/Azure/Azure-Sentinel/issues",
          "tier": "Community"
        },
        "threatAnalysisTactics": [
          "Impact"
        ],
        "version": "1.0.0"
      },
      "name": "[concat(parameters('workspace'),'/Microsoft.SecurityInsights/', 'b1832f60-6c3d-4722-a0a5-3d564ee61a63')]"
    }
  ]
}