{
  "$schema": "https://schema.management.azure.com/schemas/2019-04-01/deploymentTemplate.json#",
  "parameters": {
    "location": {
      "type": "string",
      "minLength": 1,
      "defaultValue": "[resourceGroup().location]",
      "metadata": {
        "description": "Not used, but needed to pass arm-ttk test `Location-Should-Not-Be-Hardcoded`.  We instead use the `workspace-location` which is derived from the LA workspace"
      }
    },
    "workspace-location": {
      "type": "string",
      "defaultValue": "",
      "metadata": {
        "description": "[concat('Region to deploy solution resources -- separate from location selection',parameters('location'))]"
      }
    },
    "workspace": {
      "defaultValue": "",
      "type": "string",
      "metadata": {
        "description": "Workspace name for Log Analytics where Microsoft Sentinel is setup"
      }
    }
  },
  "variables": {},
  "resources": [
    {
      "type": "Microsoft.OperationalInsights/workspaces/providers/packages",
      "location": "[parameters('workspace-location')]",
      "apiVersion": "2022-08-01",
      "properties": {
        "packageKind": "Standalone",
        "packageItems": {
          "resources": [
            {
              "type": "Microsoft.OperationalInsights/workspaces/providers/contentTemplates",
              "name": "[concat(parameters('workspace'),'/Microsoft.SecurityInsights/', '9f9c1e51-4fb1-4510-a675-c7c2fb32f47e')]",
              "location": "[parameters('workspace-location')]",
              "apiVersion": "2022-08-01",
              "properties": {
                "contentId": "9f9c1e51-4fb1-4510-a675-c7c2fb32f47e",
                "displayName": "KNOTWEED AV Detection",
                "contentKind": "AnalyticsRule",
                "mainTemplate": {
                  "$schema": "https://schema.management.azure.com/schemas/2019-04-01/deploymentTemplate.json#",
                  "contentVersion": "1.0.0",
                  "resources": [
                    {
                      "type": "Microsoft.OperationalInsights/workspaces/providers/alertRules",
                      "apiVersion": "2022-04-01-preview",
                      "name": "[concat(parameters('workspace'),'/Microsoft.SecurityInsights/', '' )]",
                      "kind": "Scheduled",
                      "location": "[parameters('workspace-location')]",
                      "properties": {
                        "description": "This query looks for Microsoft Defender AV detections related to the KNOTWEED threat actor and the Corelump and Jumplump malware.\n  Ref: https://www.microsoft.com/security/blog/2022/07/27/untangling-knotweed-european-private-sector-offensive-actor-using-0-day-exploits/",
                        "displayName": "KNOTWEED AV Detection",
                        "enabled": false,
                        "query": "let knotweed_sigs = dynamic([\"JumplumpDropper\", \"Jumplump\", \"Corelump\", \"Medcerc\", \"SuspModuleLoad\", \"Mexlib\"]);\n  let mde_data = (DeviceInfo\n    | extend DeviceName = tolower(DeviceName)\n    | join kind=rightouter ( SecurityAlert\n    | where ProviderName =~ \"MDATP\"\n    | extend ThreatName = tostring(parse_json(ExtendedProperties).ThreatName)\n    | extend ThreatFamilyName = tostring(parse_json(ExtendedProperties).ThreatFamilyName)\n    | where ThreatFamilyName in~ (knotweed_sigs)\n    | extend CompromisedEntity = tolower(CompromisedEntity)\n    ) on $left.DeviceName == $right.CompromisedEntity);\n  let event_data = ( Event\n    | where EventID in (1006, 1009, 1116, 1119)\n    | extend ThreatData = parse_json(tostring(parse_json(tostring(parse_json(tostring(parse_xml(EventData).DataItem)).EventData)).Data))\n    | mv-expand ThreatData\n    | where tostring(ThreatData.[\"@Name\"]) == \"Threat Name\"\n    | extend EventData = parse_xml(EventData)\n    | where tostring(ThreatData.[\"#text\"]) has_any (knotweed_sigs));\n  union mde_data, event_data\n  | extend ThreatName = iif(isnotempty(ThreatName), ThreatName, tostring(ThreatData.[\"#text\"]))\n  | extend ThreatFamilyName = iif(isnotempty(ThreatFamilyName), ThreatFamilyName, split(tostring(ThreatData.[\"#text\"]), \"/\")[-1])\n  | extend TimeGenerated = iif(isnotempty(TimeGenerated), TimeGenerated, TimeGenerated1)\n  | extend DeviceName = iif(isnotempty(DeviceName), DeviceName, Computer)\n  | project-reorder TimeGenerated, CompromisedEntity, ThreatName, ThreatFamilyName\n",
                        "queryFrequency": "P1D",
                        "queryPeriod": "P1D",
                        "severity": "High",
                        "suppressionDuration": "PT1H",
                        "suppressionEnabled": false,
                        "triggerOperator": "GreaterThan",
                        "triggerThreshold": 0,
                        "tactics": [
                          "Execution"
                        ],
                        "entityMappings": [
                          {
                            "entityType": "Host",
                            "fieldMappings": [
                              {
                                "columnName": "DeviceName",
                                "identifier": "HostName"
                              }
                            ]
                          }
                        ]
                      }
                    },
                    {
                      "type": "Microsoft.OperationalInsights/workspaces/providers/metadata",
                      "apiVersion": "2021-03-01-preview",
                      "name": "[concat(parameters('workspace'),'/Microsoft.SecurityInsights/', '')]",
                      "properties": {
                        "description": "'This query looks for Microsoft Defender AV detections related to the KNOTWEED threat actor and the Corelump and Jumplump malware.\n  Ref: https://www.microsoft.com/security/blog/2022/07/27/untangling-knotweed-european-private-sector-offensive-actor-using-0-day-exploits/'\n",
                        "version": "1.0.0",
                        "source": {
                          "kind": "Community"
                        },
                        "threatAnalysisTactics": [
                          "Execution"
                        ],
                        "threatAnalyticsTechniques": [
                          "T1203"
                        ],
                        "contentId": "9f9c1e51-4fb1-4510-a675-c7c2fb32f47e",
                        "parentId": "9f9c1e51-4fb1-4510-a675-c7c2fb32f47e",
                        "kind": "AnalyticsRule",
                        "dependencies": {
                          "operator": "AND",
                          "criteria": [
                            {
                              "contentId": "DeviceInfo",
                              "kind": "DataType"
                            },
                            {
                              "contentId": "SecurityEvent",
                              "kind": "DataType"
                            }
                          ]
                        }
                      }
                    }
                  ]
                }
              }
            }
          ]
        },
        "dependencies": {
          "operator": "AND",
          "criteria": [
            {
              "contentId": "9f9c1e51-4fb1-4510-a675-c7c2fb32f47e",
              "kind": "AnalyticsRule"
            }
          ]
        },
        "description": "'This query looks for Microsoft Defender AV detections related to the KNOTWEED threat actor and the Corelump and Jumplump malware.\n  Ref: https://www.microsoft.com/security/blog/2022/07/27/untangling-knotweed-european-private-sector-offensive-actor-using-0-day-exploits/'\n",
        "displayName": "KNOTWEED AV Detection",
        "packageId": "9f9c1e51-4fb1-4510-a675-c7c2fb32f47e",
        "source": {
          "kind": "Community"
        },
        "threatAnalysisTactics": [
          "Execution"
        ],
        "threatAnalyticsTechniques": [
          "T1203"
        ],
        "version": "1.0.0"
      },
      "name": "[concat(parameters('workspace'),'/Microsoft.SecurityInsights/', '9f9c1e51-4fb1-4510-a675-c7c2fb32f47e')]"
    }
  ]
}