{
  "$schema": "https://schema.management.azure.com/schemas/2019-04-01/deploymentTemplate.json#",
  "contentVersion": "1.0.0.0",
  "parameters": {
    "location": {
      "type": "string",
      "minLength": 1,
      "defaultValue": "[resourceGroup().location]",
      "metadata": {
        "description": "Not used, but needed to pass arm-ttk test `Location-Should-Not-Be-Hardcoded`.  We instead use the `workspace-location` which is derived from the LA workspace"
      }
    },
    "workspace-location": {
      "type": "string",
      "defaultValue": "",
      "metadata": {
        "description": "[concat('Region to deploy solution resources -- separate from location selection',parameters('location'))]"
      }
    },
    "workspace": {
      "defaultValue": "",
      "type": "string",
      "metadata": {
        "description": "Workspace name for Log Analytics where Microsoft Sentinel is setup"
      }
    }
  },
  "variables": {},
  "resources": [
    {
      "type": "Microsoft.OperationalInsights/workspaces/providers/packages",
      "location": "[parameters('workspace-location')]",
      "apiVersion": "2022-08-01",
      "properties": {
        "packageKind": "Standalone",
        "packageItems": {
          "resources": [
            {
              "type": "Microsoft.OperationalInsights/workspaces/providers/contentTemplates",
              "name": "[concat(parameters('workspace'),'/Microsoft.SecurityInsights/', '17a34f6c-b3ba-42a0-810a-1746281e672d')]",
              "location": "[parameters('workspace-location')]",
              "kind": "shared",
              "apiVersion": "2022-08-01",
              "properties": {
                "contentId": "17a34f6c-b3ba-42a0-810a-1746281e672d",
                "displayName": "Roasting",
                "contentKind": "HuntingQuery",
                "mainTemplate": {
                  "$schema": "https://schema.management.azure.com/schemas/2019-04-01/deploymentTemplate.json#",
                  "contentVersion": "1.0.0",
                  "resources": [
                    {
                      "type": "Microsoft.OperationalInsights/savedSearches",
                      "apiVersion": "2020-08-01",
                      "name": "17a34f6c-b3ba-42a0-810a-1746281e672d",
                      "location": "[parameters('workspace-location')]",
                      "properties": {
                        "eTag": "*",
                        "displayName": "Roasting",
                        "category": "Hunting Queries",
                        "query": "let ASREP_ROASTING = \"userAccountControl:1.2.840.113556.1.4.803:=4194304\";\nlet ASREP_ROASTING1 = \"userAccountControl|4194304\";\nlet ASREP_ROASTING2 = \"userAccountControl&4194304\";\nlet KERBEROASTING = \"serviceprincipalname=*\";\nlet LDAP_PORT = 389;\nlet ExcludeNtAuthorityProcess = true;\nlet AzureAtpLdap = (\nIdentityQueryEvents\n| where ActionType == \"LDAP query\"\n| parse Query with * \"Search Scope: \" SearchScope \", Base Object:\" BaseObject \", Search Filter: \" SearchFilter\n| where SearchFilter contains ASREP_ROASTING or\nSearchFilter contains ASREP_ROASTING1 or\nSearchFilter contains ASREP_ROASTING2 or\nSearchFilter contains KERBEROASTING\n| extend Time = bin(Timestamp, 1s)\n| extend DeviceNameWithoutDomain = tolower(tostring(split(DeviceName, '.')[0])));\nlet MDAtpNetworkToProcess = (\nDeviceNetworkEvents\n| extend DeviceNameWithoutDomain = tolower(tostring(split(DeviceName, '.')[0]))\n| where RemotePort == LDAP_PORT\n| extend Time = bin(Timestamp, 1s)\n| extend isExclude = iff( ExcludeNtAuthorityProcess and InitiatingProcessAccountDomain == \"nt authority\" , true, false));\nAzureAtpLdap\n| join kind=leftouter (\nMDAtpNetworkToProcess ) on DeviceNameWithoutDomain, Time \n| where isExclude == false or isnull(isExclude)\n",
                        "version": 2,
                        "tags": [
                          {
                            "name": "description",
                            "value": "Detect Active Directory LDAP queries that search for Kerberoasting (SPNs) or accounts with Kerberos preauthentication not required from Azure ATP, and try to get the process initiated the LDAP query from MDATP.\nReplace 389 on line 5 with LDAP port in your environment\nReplace true on line 6 to false if you want to include Nt Authority process\nThis LDAP query cover Rubeus, Kerberoast, BloodHound tools\n"
                          }
                        ]
                      }
                    },
                    {
                      "type": "Microsoft.OperationalInsights/workspaces/providers/metadata",
                      "apiVersion": "2021-03-01-preview",
                      "name": "[concat(parameters('workspace'),'/Microsoft.SecurityInsights/',concat('huntingQuery-', '17a34f6c-b3ba-42a0-810a-1746281e672d'))]",
                      "properties": {
                        "description": "Detect Active Directory LDAP queries that search for Kerberoasting (SPNs) or accounts with Kerberos preauthentication not required from Azure ATP, and try to get the process initiated the LDAP query from MDATP.\nReplace 389 on line 5 with LDAP port in your environment\nReplace true on line 6 to false if you want to include Nt Authority process\nThis LDAP query cover Rubeus, Kerberoast, BloodHound tools\n",
                        "version": "1.0.0",
                        "author": {
                          "name": "Community"
                        },
                        "support": {
                          "name": "Community",
                          "link": "https://github.com/Azure/Azure-Sentinel/issues",
                          "tier": "Community"
                        },
                        "source": {
                          "kind": "Community",
                          "name": "Standalone"
                        },
                        "contentId": "17a34f6c-b3ba-42a0-810a-1746281e672d",
                        "parentId": "17a34f6c-b3ba-42a0-810a-1746281e672d",
                        "kind": "HuntingQuery",
                        "dependencies": {
                          "operator": "AND",
                          "criteria": [
                            {
                              "contentId": "IdentityQueryEvents",
                              "kind": "DataType"
                            },
                            {
                              "contentId": "DeviceNetworkEvents",
                              "kind": "DataType"
                            }
                          ]
                        }
                      }
                    }
                  ]
                }
              }
            }
          ]
        },
        "author": {
          "name": "Community"
        },
        "dependencies": {
          "operator": "AND",
          "criteria": [
            {
              "contentId": "17a34f6c-b3ba-42a0-810a-1746281e672d",
              "kind": "HuntingQuery"
            }
          ]
        },
        "description": "Detect Active Directory LDAP queries that search for Kerberoasting (SPNs) or accounts with Kerberos preauthentication not required from Azure ATP, and try to get the process initiated the LDAP query from MDATP.\nReplace 389 on line 5 with LDAP port in your environment\nReplace true on line 6 to false if you want to include Nt Authority process\nThis LDAP query cover Rubeus, Kerberoast, BloodHound tools\n",
        "displayName": "Roasting",
        "packageId": "17a34f6c-b3ba-42a0-810a-1746281e672d",
        "source": {
          "kind": "Community",
          "name": "Standalone"
        },
        "support": {
          "name": "Community",
          "link": "https://github.com/Azure/Azure-Sentinel/issues",
          "tier": "Community"
        },
        "version": "1.0.0"
      },
      "name": "17a34f6c-b3ba-42a0-810a-1746281e672d"
    }
  ]
}