{
  "$schema": "https://schema.management.azure.com/schemas/2019-04-01/deploymentTemplate.json#",
  "contentVersion": "1.0.0.0",
  "parameters": {
    "location": {
      "type": "string",
      "minLength": 1,
      "defaultValue": "[resourceGroup().location]",
      "metadata": {
        "description": "Not used, but needed to pass arm-ttk test `Location-Should-Not-Be-Hardcoded`.  We instead use the `workspace-location` which is derived from the LA workspace"
      }
    },
    "workspace-location": {
      "type": "string",
      "defaultValue": "",
      "metadata": {
        "description": "[concat('Region to deploy solution resources -- separate from location selection',parameters('location'))]"
      }
    },
    "workspace": {
      "defaultValue": "",
      "type": "string",
      "metadata": {
        "description": "Workspace name for Log Analytics where Microsoft Sentinel is setup"
      }
    }
  },
  "variables": {},
  "resources": [
    {
      "type": "Microsoft.OperationalInsights/workspaces/providers/packages",
      "location": "[parameters('workspace-location')]",
      "apiVersion": "2022-08-01",
      "properties": {
        "packageKind": "Standalone",
        "packageItems": {
          "resources": [
            {
              "type": "Microsoft.OperationalInsights/workspaces/providers/contentTemplates",
              "name": "[concat(parameters('workspace'),'/Microsoft.SecurityInsights/', 'c63ae777-d5e0-4113-8c9a-c2c9d3d09fcd')]",
              "location": "[parameters('workspace-location')]",
              "apiVersion": "2022-08-01",
              "properties": {
                "contentId": "c63ae777-d5e0-4113-8c9a-c2c9d3d09fcd",
                "displayName": "Probable AdFind Recon Tool Usage",
                "contentKind": "AnalyticsRule",
                "mainTemplate": {
                  "$schema": "https://schema.management.azure.com/schemas/2019-04-01/deploymentTemplate.json#",
                  "contentVersion": "1.0.1",
                  "resources": [
                    {
                      "type": "Microsoft.OperationalInsights/workspaces/providers/alertRules",
                      "apiVersion": "2022-04-01-preview",
                      "name": "c63ae777-d5e0-4113-8c9a-c2c9d3d09fcd",
                      "kind": "Scheduled",
                      "location": "[parameters('workspace-location')]",
                      "properties": {
                        "description": "Identifies the host and account that executed AdFind by hash and filename in addition to common and unique flags that are used by many threat actors in discovery.",
                        "displayName": "Probable AdFind Recon Tool Usage",
                        "enabled": false,
                        "query": "\nlet args = dynamic([\"objectcategory\",\"domainlist\",\"dcmodes\",\"adinfo\",\"trustdmp\",\"computers_pwdnotreqd\",\"Domain Admins\", \"objectcategory=person\", \"objectcategory=computer\", \"objectcategory=*\",\"dclist\"]);\nlet parentProcesses = dynamic([\"pwsh.exe\",\"powershell.exe\",\"cmd.exe\"]);\nDeviceProcessEvents\n//looks for execution from a shell\n| where InitiatingProcessFileName in (parentProcesses)\n// main filter\n| where FileName =~ \"AdFind.exe\" or SHA256 == \"c92c158d7c37fea795114fa6491fe5f145ad2f8c08776b18ae79db811e8e36a3\"\n   // AdFind common Flags to check for from various threat actor TTPs\n    or ProcessCommandLine has_any (args)\n| extend AccountCustomEntity = AccountName, HostCustomEntity = DeviceName, ProcessCustomEntity = InitiatingProcessFileName, CommandLineCustomEntity = ProcessCommandLine, AlgorithmCustomEntity = \"SHA256\", FileHashCustomEntity = SHA256\n",
                        "queryFrequency": "PT1H",
                        "queryPeriod": "PT1H",
                        "severity": "High",
                        "suppressionDuration": "PT1H",
                        "suppressionEnabled": false,
                        "triggerOperator": "GreaterThan",
                        "triggerThreshold": 0,
                        "tactics": [
                          "Discovery"
                        ],
                        "techniques": [
                          "T1018"
                        ],
                        "entityMappings": [
                          {
                            "entityType": "Account",
                            "fieldMappings": [
                              {
                                "columnName": "AccountCustomEntity",
                                "identifier": "FullName"
                              }
                            ]
                          },
                          {
                            "entityType": "Host",
                            "fieldMappings": [
                              {
                                "columnName": "HostCustomEntity",
                                "identifier": "HostName"
                              }
                            ]
                          },
                          {
                            "entityType": "Process",
                            "fieldMappings": [
                              {
                                "columnName": "ProcessCustomEntity",
                                "identifier": "ProcessId"
                              },
                              {
                                "columnName": "CommandLineCustomEntity",
                                "identifier": "CommandLine"
                              }
                            ]
                          },
                          {
                            "entityType": "FileHash",
                            "fieldMappings": [
                              {
                                "columnName": "AlgorithmCustomEntity",
                                "identifier": "Algorithm"
                              },
                              {
                                "columnName": "FileHashCustomEntity",
                                "identifier": "Value"
                              }
                            ]
                          }
                        ]
                      }
                    },
                    {
                      "type": "Microsoft.OperationalInsights/workspaces/providers/metadata",
                      "apiVersion": "2021-03-01-preview",
                      "properties": {
                        "description": "'Identifies the host and account that executed AdFind by hash and filename in addition to common and unique flags that are used by many threat actors in discovery.'\n",
                        "version": "1.0.1",
                        "author": {
                          "name": "Community"
                        },
                        "support": {
                          "name": "Community",
                          "link": "https://github.com/Azure/Azure-Sentinel/issues",
                          "tier": "Community"
                        },
                        "source": {
                          "kind": "Community",
                          "name": "Standalone"
                        },
                        "threatAnalysisTactics": [
                          "Discovery"
                        ],
                        "threatAnalyticsTechniques": [
                          "T1018"
                        ],
                        "contentId": "c63ae777-d5e0-4113-8c9a-c2c9d3d09fcd",
                        "parentId": "c63ae777-d5e0-4113-8c9a-c2c9d3d09fcd",
                        "kind": "AnalyticsRule",
                        "dependencies": {
                          "operator": "AND",
                          "criteria": [
                            {
                              "contentId": "DeviceProcessEvents",
                              "kind": "DataType"
                            }
                          ]
                        }
                      }
                    }
                  ]
                }
              }
            }
          ]
        },
        "author": {
          "name": "Community"
        },
        "dependencies": {
          "operator": "AND",
          "criteria": [
            {
              "contentId": "c63ae777-d5e0-4113-8c9a-c2c9d3d09fcd",
              "kind": "AnalyticsRule"
            }
          ]
        },
        "description": "'Identifies the host and account that executed AdFind by hash and filename in addition to common and unique flags that are used by many threat actors in discovery.'\n",
        "displayName": "Probable AdFind Recon Tool Usage",
        "packageId": "c63ae777-d5e0-4113-8c9a-c2c9d3d09fcd",
        "source": {
          "kind": "Community",
          "name": "Standalone"
        },
        "support": {
          "name": "Community",
          "link": "https://github.com/Azure/Azure-Sentinel/issues",
          "tier": "Community"
        },
        "threatAnalysisTactics": [
          "Discovery"
        ],
        "threatAnalyticsTechniques": [
          "T1018"
        ],
        "version": "1.0.1"
      },
      "name": "[concat(parameters('workspace'),'/Microsoft.SecurityInsights/', 'c63ae777-d5e0-4113-8c9a-c2c9d3d09fcd')]"
    }
  ]
}