{
  "$schema": "https://schema.management.azure.com/schemas/2019-04-01/deploymentTemplate.json#",
  "parameters": {
    "location": {
      "type": "string",
      "minLength": 1,
      "defaultValue": "[resourceGroup().location]",
      "metadata": {
        "description": "Not used, but needed to pass arm-ttk test `Location-Should-Not-Be-Hardcoded`.  We instead use the `workspace-location` which is derived from the LA workspace"
      }
    },
    "workspace-location": {
      "type": "string",
      "defaultValue": "",
      "metadata": {
        "description": "[concat('Region to deploy solution resources -- separate from location selection',parameters('location'))]"
      }
    },
    "workspace": {
      "defaultValue": "",
      "type": "string",
      "metadata": {
        "description": "Workspace name for Log Analytics where Microsoft Sentinel is setup"
      }
    }
  },
  "variables": {},
  "resources": [
    {
      "type": "Microsoft.OperationalInsights/workspaces/providers/packages",
      "location": "[parameters('workspace-location')]",
      "apiVersion": "2022-08-01",
      "properties": {
        "packageKind": "Standalone",
        "packageItems": {
          "resources": [
            {
              "type": "Microsoft.OperationalInsights/workspaces/providers/contentTemplates",
              "name": "[concat(parameters('workspace'),'/Microsoft.SecurityInsights/', '03e04c97-8cae-48b3-9d2f-4ab262e4ffff')]",
              "location": "[parameters('workspace-location')]",
              "apiVersion": "2022-08-01",
              "properties": {
                "contentId": "03e04c97-8cae-48b3-9d2f-4ab262e4ffff",
                "displayName": "HAFNIUM Suspicious File Downloads.",
                "contentKind": "AnalyticsRule",
                "mainTemplate": {
                  "$schema": "https://schema.management.azure.com/schemas/2019-04-01/deploymentTemplate.json#",
                  "contentVersion": "1.0.0",
                  "resources": [
                    {
                      "type": "Microsoft.OperationalInsights/workspaces/providers/alertRules",
                      "apiVersion": "2022-04-01-preview",
                      "name": "[concat(parameters('workspace'),'/Microsoft.SecurityInsights/', '' )]",
                      "kind": "Scheduled",
                      "location": "[parameters('workspace-location')]",
                      "properties": {
                        "description": "This query looks for messages related to file downloads of suspicious file types. This query uses the Exchange HttpProxy AOBGeneratorLog, you will need to onboard this log as a custom log under the table http_proxy_oab_CL before using this query. \nReference: https://www.microsoft.com/security/blog/2021/03/02/hafnium-targeting-exchange-servers/",
                        "displayName": "HAFNIUM Suspicious File Downloads.",
                        "enabled": false,
                        "query": "let scriptExtensions = dynamic([\".php\", \".jsp\", \".js\", \".aspx\", \".asmx\", \".asax\", \".cfm\", \".shtml\"]);\nhttp_proxy_oab_CL\n| where RawData contains \"Download failed and temporary file\"\n| extend File = extract(\"([^\\\\\\\\]*)(\\\\\\\\[^']*)\",2,RawData)\n| extend Extension = strcat(\".\",split(File, \".\")[-1])\n| extend InteractiveFile = iif(Extension in (scriptExtensions), \"Yes\", \"No\")\n// Uncomment the following line to alert only on interactive file download type\n//| where InteractiveFile =~ \"Yes\"\n| extend timestamp = TimeGenerated, HostCustomEntity = Computer\n",
                        "queryFrequency": "P1D",
                        "queryPeriod": "P1D",
                        "severity": "Medium",
                        "suppressionDuration": "PT1H",
                        "suppressionEnabled": false,
                        "triggerOperator": "GreaterThan",
                        "triggerThreshold": 0,
                        "tactics": [
                          "InitialAccess"
                        ],
                        "entityMappings": [
                          {
                            "entityType": "Host",
                            "fieldMappings": [
                              {
                                "columnName": "HostCustomEntity",
                                "identifier": "FullName"
                              }
                            ]
                          }
                        ]
                      }
                    },
                    {
                      "type": "Microsoft.OperationalInsights/workspaces/providers/metadata",
                      "apiVersion": "2021-03-01-preview",
                      "name": "[concat(parameters('workspace'),'/Microsoft.SecurityInsights/', '')]",
                      "properties": {
                        "description": "'This query looks for messages related to file downloads of suspicious file types. This query uses the Exchange HttpProxy AOBGeneratorLog, you will need to onboard this log as a custom log under the table http_proxy_oab_CL before using this query. \nReference: https://www.microsoft.com/security/blog/2021/03/02/hafnium-targeting-exchange-servers/'\n",
                        "contentId": "03e04c97-8cae-48b3-9d2f-4ab262e4ffff",
                        "version": "1.0.0",
                        "source": {
                          "kind": "Community"
                        },
                        "threatAnalysisTactics": [
                          "InitialAccess"
                        ],
                        "threatAnalyticsTechniques": [
                          "T1190"
                        ],
                        "parentId": "03e04c97-8cae-48b3-9d2f-4ab262e4ffff",
                        "kind": "AnalyticsRule"
                      }
                    }
                  ]
                }
              }
            }
          ]
        },
        "contentId": "03e04c97-8cae-48b3-9d2f-4ab262e4ffff",
        "dependencies": {
          "operator": "AND",
          "criteria": [
            {
              "contentId": "03e04c97-8cae-48b3-9d2f-4ab262e4ffff",
              "kind": "AnalyticsRule"
            }
          ]
        },
        "description": "'This query looks for messages related to file downloads of suspicious file types. This query uses the Exchange HttpProxy AOBGeneratorLog, you will need to onboard this log as a custom log under the table http_proxy_oab_CL before using this query. \nReference: https://www.microsoft.com/security/blog/2021/03/02/hafnium-targeting-exchange-servers/'\n",
        "displayName": "HAFNIUM Suspicious File Downloads.",
        "source": {
          "kind": "Community"
        },
        "threatAnalysisTactics": [
          "InitialAccess"
        ],
        "threatAnalyticsTechniques": [
          "T1190"
        ],
        "version": "1.0.0"
      },
      "name": "[concat(parameters('workspace'),'/Microsoft.SecurityInsights/', '03e04c97-8cae-48b3-9d2f-4ab262e4ffff')]"
    }
  ]
}