{
  "$schema": "https://schema.management.azure.com/schemas/2019-04-01/deploymentTemplate.json#",
  "parameters": {
    "location": {
      "type": "string",
      "minLength": 1,
      "defaultValue": "[resourceGroup().location]",
      "metadata": {
        "description": "Not used, but needed to pass arm-ttk test `Location-Should-Not-Be-Hardcoded`.  We instead use the `workspace-location` which is derived from the LA workspace"
      }
    },
    "workspace-location": {
      "type": "string",
      "defaultValue": "",
      "metadata": {
        "description": "[concat('Region to deploy solution resources -- separate from location selection',parameters('location'))]"
      }
    },
    "workspace": {
      "defaultValue": "",
      "type": "string",
      "metadata": {
        "description": "Workspace name for Log Analytics where Microsoft Sentinel is setup"
      }
    }
  },
  "variables": {},
  "resources": [
    {
      "type": "Microsoft.OperationalInsights/workspaces/providers/packages",
      "location": "[parameters('workspace-location')]",
      "apiVersion": "2022-08-01",
      "properties": {
        "packageKind": "Standalone",
        "packageItems": {
          "resources": [
            {
              "type": "Microsoft.OperationalInsights/workspaces/providers/contentTemplates",
              "name": "[concat(parameters('workspace'),'/Microsoft.SecurityInsights/', '01e8ffff-dc0c-43fe-aa22-d459c4204553')]",
              "location": "[parameters('workspace-location')]",
              "apiVersion": "2022-08-01",
              "properties": {
                "contentId": "01e8ffff-dc0c-43fe-aa22-d459c4204553",
                "displayName": "Discord CDN Risky File Download  (ASIM Web Session Schema)",
                "contentKind": "AnalyticsRule",
                "mainTemplate": {
                  "$schema": "https://schema.management.azure.com/schemas/2019-04-01/deploymentTemplate.json#",
                  "contentVersion": "1.1.1",
                  "resources": [
                    {
                      "type": "Microsoft.OperationalInsights/workspaces/providers/alertRules",
                      "apiVersion": "2022-04-01-preview",
                      "name": "[concat(parameters('workspace'),'/Microsoft.SecurityInsights/', '' )]",
                      "kind": "Scheduled",
                      "location": "[parameters('workspace-location')]",
                      "properties": {
                        "description": "Identifies callouts to Discord CDN addresses for risky file extensions. This detection will trigger when a callout for a risky file is made to a discord server that has only been seen once in your environment. Unique discord servers are identified using the server ID that is included in the request URL (DiscordServerId in query). Discord CDN has been used in multiple campaigns to download additional payloads.\n This analytic rule uses [ASIM](https://aka.ms/AboutASIM) and supports any built-in or custom source that supports the ASIM WebSession schema (ASIM WebSession Schema)",
                        "displayName": "Discord CDN Risky File Download  (ASIM Web Session Schema)",
                        "enabled": false,
                        "query": "let discord=dynamic([\"cdn.discordapp.com\", \"media.discordapp.com\"]);\n  _Im_WebSession(url_has_any=discord, eventresult='Success')\n  | where Url has \"attachments\"\n  | extend DiscordServerId = extract(@\"\\/attachments\\/([0-9]+)\\/\", 1, Url)\n  | summarize dcount(Url), make_set(SrcUsername), make_set(SrcIpAddr), make_set(Url), min(TimeGenerated), max(TimeGenerated), make_set(EventResult) by DiscordServerId\n  | mv-expand set_SrcUsername to typeof(string), set_Url to typeof(string), set_EventResult to typeof(string), set_SrcIpAddr to typeof(string)\n  | summarize by DiscordServerId, dcount_Url, set_SrcUsername, min_TimeGenerated, max_TimeGenerated, set_EventResult, set_SrcIpAddr, set_Url\n  | project StartTime=min_TimeGenerated, EndTime=max_TimeGenerated, Result=set_EventResult, SourceUser=set_SrcUsername, SourceIP=set_SrcIpAddr, RequestURL=set_Url\n  | where RequestURL has_any (\".bin\",\".exe\",\".dll\",\".bin\",\".msi\")\n",
                        "queryFrequency": "P1D",
                        "queryPeriod": "P1D",
                        "severity": "Medium",
                        "suppressionDuration": "PT1H",
                        "suppressionEnabled": false,
                        "triggerOperator": "GreaterThan",
                        "triggerThreshold": 0,
                        "tactics": [
                          "CommandAndControl"
                        ],
                        "entityMappings": [
                          {
                            "entityType": "Account",
                            "fieldMappings": [
                              {
                                "columnName": "SourceUser",
                                "identifier": "FullName"
                              }
                            ]
                          },
                          {
                            "entityType": "IP",
                            "fieldMappings": [
                              {
                                "columnName": "SourceIP",
                                "identifier": "Address"
                              }
                            ]
                          },
                          {
                            "entityType": "URL",
                            "fieldMappings": [
                              {
                                "columnName": "RequestURL",
                                "identifier": "Url"
                              }
                            ]
                          }
                        ]
                      }
                    },
                    {
                      "type": "Microsoft.OperationalInsights/workspaces/providers/metadata",
                      "apiVersion": "2021-03-01-preview",
                      "name": "[concat(parameters('workspace'),'/Microsoft.SecurityInsights/', '')]",
                      "properties": {
                        "description": "'Identifies callouts to Discord CDN addresses for risky file extensions. This detection will trigger when a callout for a risky file is made to a discord server that has only been seen once in your environment. Unique discord servers are identified using the server ID that is included in the request URL (DiscordServerId in query). Discord CDN has been used in multiple campaigns to download additional payloads.\n This analytic rule uses [ASIM](https://aka.ms/AboutASIM) and supports any built-in or custom source that supports the ASIM WebSession schema (ASIM WebSession Schema)'\n",
                        "contentId": "01e8ffff-dc0c-43fe-aa22-d459c4204553",
                        "version": "1.1.1",
                        "source": {
                          "kind": "Community"
                        },
                        "threatAnalysisTactics": [
                          "CommandAndControl"
                        ],
                        "threatAnalyticsTechniques": [
                          "T1071.001"
                        ],
                        "parentId": "01e8ffff-dc0c-43fe-aa22-d459c4204553",
                        "kind": "AnalyticsRule",
                        "dependencies": {
                          "operator": "AND",
                          "criteria": [
                            {
                              "contentId": "SquidProxy_CL",
                              "kind": "DataType"
                            },
                            {
                              "contentId": "CommonSecurityLog",
                              "kind": "DataType"
                            }
                          ]
                        }
                      }
                    }
                  ]
                }
              }
            }
          ]
        },
        "contentId": "01e8ffff-dc0c-43fe-aa22-d459c4204553",
        "dependencies": {
          "operator": "AND",
          "criteria": [
            {
              "contentId": "01e8ffff-dc0c-43fe-aa22-d459c4204553",
              "kind": "AnalyticsRule"
            }
          ]
        },
        "description": "'Identifies callouts to Discord CDN addresses for risky file extensions. This detection will trigger when a callout for a risky file is made to a discord server that has only been seen once in your environment. Unique discord servers are identified using the server ID that is included in the request URL (DiscordServerId in query). Discord CDN has been used in multiple campaigns to download additional payloads.\n This analytic rule uses [ASIM](https://aka.ms/AboutASIM) and supports any built-in or custom source that supports the ASIM WebSession schema (ASIM WebSession Schema)'\n",
        "displayName": "Discord CDN Risky File Download  (ASIM Web Session Schema)",
        "source": {
          "kind": "Community"
        },
        "threatAnalysisTactics": [
          "CommandAndControl"
        ],
        "threatAnalyticsTechniques": [
          "T1071.001"
        ],
        "version": "1.1.1"
      },
      "name": "[concat(parameters('workspace'),'/Microsoft.SecurityInsights/', '01e8ffff-dc0c-43fe-aa22-d459c4204553')]"
    }
  ]
}