{
  "$schema": "https://schema.management.azure.com/schemas/2019-04-01/deploymentTemplate.json#",
  "contentVersion": "1.0.0.0",
  "parameters": {
    "location": {
      "type": "string",
      "minLength": 1,
      "defaultValue": "[resourceGroup().location]",
      "metadata": {
        "description": "Not used, but needed to pass arm-ttk test `Location-Should-Not-Be-Hardcoded`.  We instead use the `workspace-location` which is derived from the LA workspace"
      }
    },
    "workspace-location": {
      "type": "string",
      "defaultValue": "",
      "metadata": {
        "description": "[concat('Region to deploy solution resources -- separate from location selection',parameters('location'))]"
      }
    },
    "workspace": {
      "defaultValue": "",
      "type": "string",
      "metadata": {
        "description": "Workspace name for Log Analytics where Microsoft Sentinel is setup"
      }
    }
  },
  "variables": {},
  "resources": [
    {
      "type": "Microsoft.OperationalInsights/workspaces/providers/packages",
      "location": "[parameters('workspace-location')]",
      "apiVersion": "2022-08-01",
      "properties": {
        "packageKind": "Standalone",
        "packageItems": {
          "resources": [
            {
              "type": "Microsoft.OperationalInsights/workspaces/providers/contentTemplates",
              "name": "[concat(parameters('workspace'),'/Microsoft.SecurityInsights/', '75297f62-10a8-4fc1-9b2a-12f25c6f05a7')]",
              "location": "[parameters('workspace-location')]",
              "apiVersion": "2022-08-01",
              "properties": {
                "contentId": "75297f62-10a8-4fc1-9b2a-12f25c6f05a7",
                "displayName": "Cisco Umbrella - Connection to Unpopular Website Detected",
                "contentKind": "AnalyticsRule",
                "mainTemplate": {
                  "$schema": "https://schema.management.azure.com/schemas/2019-04-01/deploymentTemplate.json#",
                  "contentVersion": "1.1.0",
                  "resources": [
                    {
                      "type": "Microsoft.OperationalInsights/workspaces/providers/alertRules",
                      "apiVersion": "2022-04-01-preview",
                      "name": "75297f62-10a8-4fc1-9b2a-12f25c6f05a7",
                      "kind": "Scheduled",
                      "location": "[parameters('workspace-location')]",
                      "properties": {
                        "description": "Detects first connection to an unpopular website (possible malicious payload delivery).",
                        "displayName": "Cisco Umbrella - Connection to Unpopular Website Detected",
                        "enabled": false,
                        "query": "let domain_lookBack= 14d;\nlet timeframe = 1d;\nlet top_million_list = Cisco_Umbrella\n| where EventType == \"proxylogs\"\n| where TimeGenerated > ago(domain_lookBack) and TimeGenerated < ago(timeframe)\n| extend Hostname = parse_url(UrlOriginal)[\"Host\"]\n| summarize count() by tostring(Hostname)\n| top 1000000 by count_\n| summarize make_list(Hostname);\nCisco_Umbrella\n| where EventType == \"proxylogs\"\n| where TimeGenerated > ago(timeframe)\n| extend Hostname = parse_url(UrlOriginal)[\"Host\"]\n| where Hostname !in (top_million_list)\n| extend Message = \"Connect to unpopular website (possible malicious payload delivery)\"\n| project Message, SrcIpAddr, DstIpAddr,UrlOriginal, TimeGenerated\n| extend IpCustomEntity = SrcIpAddr, UrlCustomEntity = UrlOriginal\n",
                        "queryFrequency": "P1D",
                        "queryPeriod": "P14D",
                        "severity": "Medium",
                        "suppressionDuration": "PT1H",
                        "suppressionEnabled": false,
                        "triggerOperator": "GreaterThan",
                        "triggerThreshold": 0,
                        "tactics": [
                          "CommandAndControl"
                        ],
                        "entityMappings": [
                          {
                            "entityType": "URL",
                            "fieldMappings": [
                              {
                                "columnName": "UrlCustomEntity",
                                "identifier": "Url"
                              }
                            ]
                          },
                          {
                            "entityType": "IP",
                            "fieldMappings": [
                              {
                                "columnName": "IPCustomEntity",
                                "identifier": "Address"
                              }
                            ]
                          }
                        ]
                      }
                    },
                    {
                      "type": "Microsoft.OperationalInsights/workspaces/providers/metadata",
                      "apiVersion": "2021-03-01-preview",
                      "properties": {
                        "description": "'Detects first connection to an unpopular website (possible malicious payload delivery).'\n",
                        "version": "1.1.0",
                        "author": {
                          "name": "Community"
                        },
                        "support": {
                          "name": "Community",
                          "link": "https://github.com/Azure/Azure-Sentinel/issues",
                          "tier": "Community"
                        },
                        "source": {
                          "kind": "Community",
                          "name": "Standalone"
                        },
                        "threatAnalysisTactics": [
                          "CommandAndControl"
                        ],
                        "contentId": "75297f62-10a8-4fc1-9b2a-12f25c6f05a7",
                        "parentId": "75297f62-10a8-4fc1-9b2a-12f25c6f05a7",
                        "kind": "AnalyticsRule",
                        "dependencies": {
                          "operator": "AND",
                          "criteria": [
                            {
                              "contentId": "Cisco_Umbrella_proxy_CL",
                              "kind": "DataType"
                            }
                          ]
                        }
                      }
                    }
                  ]
                }
              }
            }
          ]
        },
        "author": {
          "name": "Community"
        },
        "dependencies": {
          "operator": "AND",
          "criteria": [
            {
              "contentId": "75297f62-10a8-4fc1-9b2a-12f25c6f05a7",
              "kind": "AnalyticsRule"
            }
          ]
        },
        "description": "'Detects first connection to an unpopular website (possible malicious payload delivery).'\n",
        "displayName": "Cisco Umbrella - Connection to Unpopular Website Detected",
        "packageId": "75297f62-10a8-4fc1-9b2a-12f25c6f05a7",
        "source": {
          "kind": "Community",
          "name": "Standalone"
        },
        "support": {
          "name": "Community",
          "link": "https://github.com/Azure/Azure-Sentinel/issues",
          "tier": "Community"
        },
        "threatAnalysisTactics": [
          "CommandAndControl"
        ],
        "version": "1.1.0"
      },
      "name": "[concat(parameters('workspace'),'/Microsoft.SecurityInsights/', '75297f62-10a8-4fc1-9b2a-12f25c6f05a7')]"
    }
  ]
}