{
  "$schema": "https://schema.management.azure.com/schemas/2019-04-01/deploymentTemplate.json#",
  "contentVersion": "1.0.0",
  "parameters": {
    "location": {
      "type": "string",
      "minLength": 1,
      "defaultValue": "[resourceGroup().location]",
      "metadata": {
        "description": "Not used, but needed to pass arm-ttk test `Location-Should-Not-Be-Hardcoded`.  We instead use the `workspace-location` which is derived from the LA workspace"
      }
    },
    "workspace": {
      "defaultValue": "",
      "type": "string",
      "metadata": {
        "description": "Workspace name for Log Analytics where Microsoft Sentinel is setup"
      }
    },
    "workspace-location": {
      "type": "string",
      "defaultValue": "",
      "metadata": {
        "description": "[concat('Region to deploy solution resources -- separate from location selection',parameters('location'))]"
      }
    }
  },
  "resources": [
    {
      "type": "Microsoft.OperationalInsights/workspaces/providers/contentTemplates",
      "name": "[concat(parameters('workspace'),'/Microsoft.SecurityInsights/',concat(concat(parameters('workspace'),'-wb-',uniquestring('CrowdStrikeFalconEndpointProtectionWorkbook')),'1.0.0'))]",
      "location": "[parameters('workspace-location')]",
      "apiVersion": "2022-08-01",
      "dependsOn": [
        "[extensionResourceId(resourceId('Microsoft.OperationalInsights/workspaces', parameters('workspace')), 'Microsoft.SecurityInsights/contentPackages', 'azuresentinel.azure-sentinel-solution-crowdstrikefalconep')]"
      ],
      "properties": {
        "contentId": "CrowdStrikeFalconEndpointProtectionWorkbook",
        "displayName": "CrowdStrike Falcon Endpoint Protection",
        "contentKind": "Workbook",
        "mainTemplate": {
          "resources": [
            {
              "type": "Microsoft.Insights/workbooks",
              "name": "CrowdStrikeFalconEndpointProtectionWorkbook",
              "location": "[parameters('workspace-location')]",
              "kind": "shared",
              "apiVersion": "2021-08-01",
              "metadata": {
                "description": "Sets the time name for analysis"
              },
              "properties": {
                "displayName": "CrowdStrike Falcon Endpoint Protection",
                "serializedData": "{\"version\":\"Notebook/1.0\",\"items\":[{\"type\":9,\"content\":{\"version\":\"KqlParameterItem/1.0\",\"parameters\":[{\"id\":\"5f6ef388-eba8-456d-a86d-b0e5d13753dc\",\"version\":\"KqlParameterItem/1.0\",\"name\":\"TimeRange\",\"label\":\"Time Range\",\"type\":4,\"isRequired\":true,\"value\":{\"durationMs\":7776000000},\"typeSettings\":{\"selectableValues\":[{\"durationMs\":300000},{\"durationMs\":900000},{\"durationMs\":1800000},{\"durationMs\":3600000},{\"durationMs\":14400000},{\"durationMs\":43200000},{\"durationMs\":86400000},{\"durationMs\":172800000},{\"durationMs\":259200000},{\"durationMs\":604800000},{\"durationMs\":1209600000},{\"durationMs\":2419200000},{\"durationMs\":2592000000},{\"durationMs\":5184000000},{\"durationMs\":7776000000}],\"allowCustom\":true},\"timeContext\":{\"durationMs\":86400000}}],\"style\":\"above\",\"queryType\":0,\"resourceType\":\"microsoft.operationalinsights/workspaces\"},\"name\":\"parameters - 0\"},{\"type\":11,\"content\":{\"version\":\"LinkItem/1.0\",\"style\":\"tabs\",\"links\":[{\"id\":\"e75aea48-9de8-48ca-8420-93fcdda9b996\",\"cellValue\":\"TabName\",\"linkTarget\":\"parameter\",\"linkLabel\":\"Detections\",\"subTarget\":\"Detections\",\"style\":\"link\"},{\"id\":\"e06768ad-90d3-49d2-aa55-bac601c19769\",\"cellValue\":\"TabName\",\"linkTarget\":\"parameter\",\"linkLabel\":\"Authentication\",\"subTarget\":\"Authentication\",\"style\":\"link\"}]},\"name\":\"links - 7\"},{\"type\":9,\"content\":{\"version\":\"KqlParameterItem/1.0\",\"parameters\":[{\"id\":\"28302220-bac7-4011-bd0b-b8565627887e\",\"version\":\"KqlParameterItem/1.0\",\"name\":\"Operation\",\"type\":2,\"isRequired\":true,\"multiSelect\":true,\"quote\":\"'\",\"delimiter\":\",\",\"query\":\"CrowdStrikeFalconEventStream\\r\\n| where EventType == \\\"AuthActivityAuditEvent\\\"\\r\\n| distinct Activity\\r\\n| sort by Activity asc\",\"typeSettings\":{\"additionalResourceOptions\":[\"value::all\"]},\"timeContext\":{\"durationMs\":0},\"timeContextFromParameter\":\"TimeRange\",\"queryType\":0,\"resourceType\":\"microsoft.operationalinsights/workspaces\"},{\"id\":\"94066942-9782-41b5-b60d-4ea12fda9a28\",\"version\":\"KqlParameterItem/1.0\",\"name\":\"TargetUserName\",\"label\":\"Target User\",\"type\":2,\"isRequired\":true,\"multiSelect\":true,\"quote\":\"'\",\"delimiter\":\",\",\"query\":\"CrowdStrikeFalconEventStream\\r\\n| where EventType == \\\"AuthActivityAuditEvent\\\"\\r\\n| distinct DstUserName\\r\\n| sort by DstUserName asc\",\"typeSettings\":{\"additionalResourceOptions\":[\"value::all\"]},\"timeContext\":{\"durationMs\":0},\"timeContextFromParameter\":\"TimeRange\",\"queryType\":0,\"resourceType\":\"microsoft.operationalinsights/workspaces\"}],\"style\":\"above\",\"queryType\":0,\"resourceType\":\"microsoft.operationalinsights/workspaces\"},\"conditionalVisibility\":{\"parameterName\":\"TabName\",\"comparison\":\"isEqualTo\",\"value\":\"Authentication\"},\"name\":\"parameters - 11\"},{\"type\":3,\"content\":{\"version\":\"KqlItem/1.0\",\"query\":\"CrowdStrikeFalconEventStream\\r\\n| where EventType == \\\"AuthActivityAuditEvent\\\"\\r\\n| where Activity in ({Operation}) or '*' in ({Operation})\\r\\n| where DstUserName in ({TargetUserName}) or '*' in ({TargetUserName})\\r\\n| summarize Total = count() by Activity, bin(TimeGenerated, {TimeRange:grain})\\r\\n\",\"size\":0,\"showAnalytics\":true,\"title\":\"Total Events by Operation over Time\",\"timeContext\":{\"durationMs\":7776000000},\"timeContextFromParameter\":\"TimeRange\",\"queryType\":0,\"resourceType\":\"microsoft.operationalinsights/workspaces\",\"visualization\":\"areachart\"},\"conditionalVisibility\":{\"parameterName\":\"TabName\",\"comparison\":\"isEqualTo\",\"value\":\"Authentication\"},\"customWidth\":\"75\",\"name\":\"query - 2 - Copy\"},{\"type\":9,\"content\":{\"version\":\"KqlParameterItem/1.0\",\"parameters\":[{\"id\":\"4d809240-d4ee-4266-adc0-cb05344a2f5a\",\"version\":\"KqlParameterItem/1.0\",\"name\":\"Hostnames\",\"label\":\"Hostname\",\"type\":2,\"isRequired\":true,\"multiSelect\":true,\"quote\":\"'\",\"delimiter\":\",\",\"query\":\"CrowdStrikeFalconEventStream\\r\\n| where EventType == \\\"DetectionSummaryEvent\\\"\\r\\n| distinct DstHostName\\r\\n| sort by DstHostName asc\",\"value\":[\"value::all\"],\"typeSettings\":{\"additionalResourceOptions\":[\"value::all\"],\"showDefault\":false},\"timeContext\":{\"durationMs\":0},\"timeContextFromParameter\":\"TimeRange\",\"queryType\":0,\"resourceType\":\"microsoft.operationalinsights/workspaces\"},{\"version\":\"KqlParameterItem/1.0\",\"name\":\"Usernames\",\"label\":\"Username\",\"type\":2,\"isRequired\":true,\"multiSelect\":true,\"quote\":\"'\",\"delimiter\":\",\",\"query\":\"CrowdStrikeFalconEventStream\\r\\n| where EventType == \\\"DetectionSummaryEvent\\\"\\r\\n| distinct DstUserName\\r\\n| sort by DstUserName asc\",\"value\":[\"value::all\"],\"typeSettings\":{\"additionalResourceOptions\":[\"value::all\"],\"showDefault\":false},\"timeContext\":{\"durationMs\":0},\"timeContextFromParameter\":\"TimeRange\",\"queryType\":0,\"resourceType\":\"microsoft.operationalinsights/workspaces\",\"id\":\"3be22ee0-2638-4205-bfb4-ba56f9baee92\"},{\"version\":\"KqlParameterItem/1.0\",\"name\":\"Tactics\",\"label\":\"Tactic\",\"type\":2,\"isRequired\":true,\"multiSelect\":true,\"quote\":\"'\",\"delimiter\":\",\",\"query\":\"CrowdStrikeFalconEventStream\\r\\n| where EventType == \\\"DetectionSummaryEvent\\\"\\r\\n| distinct Activity\\r\\n| sort by Activity asc\",\"value\":[\"value::all\"],\"typeSettings\":{\"additionalResourceOptions\":[\"value::all\"],\"showDefault\":false},\"timeContext\":{\"durationMs\":604800000},\"timeContextFromParameter\":\"TimeRange\",\"queryType\":0,\"resourceType\":\"microsoft.operationalinsights/workspaces\",\"id\":\"6c37e6c7-3704-4a9c-a10c-227c1d46b694\"},{\"version\":\"KqlParameterItem/1.0\",\"name\":\"SensorId\",\"label\":\"Sensor ID\",\"type\":2,\"isRequired\":true,\"multiSelect\":true,\"quote\":\"'\",\"delimiter\":\",\",\"query\":\"CrowdStrikeFalconEventStream\\r\\n| where EventType == \\\"DetectionSummaryEvent\\\"\\r\\n| distinct SensorId\\r\\n| sort by SensorId asc\",\"value\":[\"value::all\"],\"typeSettings\":{\"additionalResourceOptions\":[\"value::all\"],\"showDefault\":false},\"timeContext\":{\"durationMs\":0},\"timeContextFromParameter\":\"TimeRange\",\"queryType\":0,\"resourceType\":\"microsoft.operationalinsights/workspaces\",\"id\":\"6e7adfa5-99de-4a23-bf94-2322beee79f1\"},{\"version\":\"KqlParameterItem/1.0\",\"name\":\"Severity\",\"type\":2,\"isRequired\":true,\"multiSelect\":true,\"quote\":\"'\",\"delimiter\":\",\",\"query\":\"CrowdStrikeFalconEventStream\\r\\n| where EventType == \\\"DetectionSummaryEvent\\\"\\r\\n| distinct Severity\\r\\n| sort by Severity asc\",\"value\":[\"value::all\"],\"typeSettings\":{\"additionalResourceOptions\":[\"value::all\"],\"showDefault\":false},\"timeContext\":{\"durationMs\":0},\"timeContextFromParameter\":\"TimeRange\",\"queryType\":0,\"resourceType\":\"microsoft.operationalinsights/workspaces\",\"id\":\"e3a85e7b-f5ed-43d6-a398-fc1a20bb42f7\"}],\"style\":\"above\",\"queryType\":0,\"resourceType\":\"microsoft.operationalinsights/workspaces\"},\"conditionalVisibility\":{\"parameterName\":\"TabName\",\"comparison\":\"isEqualTo\",\"value\":\"Detections\"},\"name\":\"parameters - 1\"},{\"type\":1,\"content\":{\"json\":\"___\"},\"conditionalVisibility\":{\"parameterName\":\"TabName\",\"comparison\":\"isEqualTo\",\"value\":\"Detections\"},\"name\":\"text - 17\"},{\"type\":3,\"content\":{\"version\":\"KqlItem/1.0\",\"query\":\"CrowdStrikeFalconEventStream\\r\\n| where EventType == \\\"DetectionSummaryEvent\\\"\\r\\n| where DstHostName in ({Hostnames}) or '*' in ({Hostnames})\\r\\n| where DstUserName in ({Usernames}) or '*' in ({Usernames})\\r\\n| where Activity in ({Tactics}) or '*' in ({Tactics})\\r\\n| where SensorId in ({SensorId}) or '*' in ({SensorId})\\r\\n| where Severity in ({Severity}) or '*' in ({Severity})\\r\\n| summarize ['Total Detections'] = count() by EventType\",\"size\":4,\"showAnalytics\":true,\"title\":\"Total Detections\",\"timeContext\":{\"durationMs\":7776000000},\"timeContextFromParameter\":\"TimeRange\",\"queryType\":0,\"resourceType\":\"microsoft.operationalinsights/workspaces\",\"visualization\":\"tiles\",\"tileSettings\":{\"titleContent\":{\"formatter\":1},\"leftContent\":{\"columnMatch\":\"Total Detections\",\"formatter\":12,\"formatOptions\":{\"palette\":\"none\"},\"numberFormat\":{\"unit\":17,\"options\":{\"style\":\"decimal\",\"useGrouping\":false,\"maximumFractionDigits\":2,\"maximumSignificantDigits\":3}}},\"showBorder\":false}},\"conditionalVisibility\":{\"parameterName\":\"TabName\",\"comparison\":\"isEqualTo\",\"value\":\"Detections\"},\"customWidth\":\"30\",\"name\":\"query - 2 - Copy - Copy - Copy\"},{\"type\":3,\"content\":{\"version\":\"KqlItem/1.0\",\"query\":\"CrowdStrikeFalconEventStream\\r\\n| where EventType == \\\"DetectionSummaryEvent\\\"\\r\\n| where DstHostName in ({Hostnames}) or '*' in ({Hostnames})\\r\\n| where DstUserName in ({Usernames}) or '*' in ({Usernames})\\r\\n| where Activity in ({Tactics}) or '*' in ({Tactics})\\r\\n| where SensorId in ({SensorId}) or '*' in ({SensorId})\\r\\n| where Severity in ({Severity}) or '*' in ({Severity})\\r\\n| summarize Total = dcount(SensorId) by EventType\",\"size\":4,\"showAnalytics\":true,\"title\":\"Number of Sensors\",\"timeContext\":{\"durationMs\":7776000000},\"timeContextFromParameter\":\"TimeRange\",\"queryType\":0,\"resourceType\":\"microsoft.operationalinsights/workspaces\",\"visualization\":\"tiles\",\"tileSettings\":{\"titleContent\":{\"formatter\":1},\"leftContent\":{\"columnMatch\":\"Total\",\"formatter\":12,\"formatOptions\":{\"palette\":\"none\"},\"numberFormat\":{\"unit\":0,\"options\":{\"style\":\"decimal\",\"useGrouping\":false,\"maximumFractionDigits\":0}}},\"showBorder\":false}},\"conditionalVisibility\":{\"parameterName\":\"TabName\",\"comparison\":\"isEqualTo\",\"value\":\"Detections\"},\"customWidth\":\"30\",\"name\":\"query - 2 - Copy - Copy - Copy - Copy\"},{\"type\":3,\"content\":{\"version\":\"KqlItem/1.0\",\"query\":\"CrowdStrikeFalconEventStream\\r\\n| where EventType == \\\"DetectionSummaryEvent\\\"\\r\\n| where DstHostName in ({Hostnames}) or '*' in ({Hostnames})\\r\\n| where DstUserName in ({Usernames}) or '*' in ({Usernames})\\r\\n| where Activity in ({Tactics}) or '*' in ({Tactics})\\r\\n| where SensorId in ({SensorId}) or '*' in ({SensorId})\\r\\n| where Severity in ({Severity}) or '*' in ({Severity})\\r\\n| summarize Total = count() by Severity\",\"size\":4,\"showAnalytics\":true,\"title\":\"Detection by Severity\",\"timeContext\":{\"durationMs\":7776000000},\"timeContextFromParameter\":\"TimeRange\",\"queryType\":0,\"resourceType\":\"microsoft.operationalinsights/workspaces\",\"visualization\":\"piechart\",\"chartSettings\":{\"seriesLabelSettings\":[{\"seriesName\":\"High\",\"color\":\"redDark\"},{\"seriesName\":\"Medium\",\"color\":\"orange\"},{\"seriesName\":\"Low\",\"color\":\"blue\"},{\"seriesName\":\"Critical\",\"color\":\"redBright\"}]}},\"conditionalVisibility\":{\"parameterName\":\"TabName\",\"comparison\":\"isEqualTo\",\"value\":\"Detections\"},\"customWidth\":\"40\",\"name\":\"query - 2 - Copy - Copy\"},{\"type\":1,\"content\":{\"json\":\"___\"},\"conditionalVisibility\":{\"parameterName\":\"TabName\",\"comparison\":\"isEqualTo\",\"value\":\"Detections\"},\"name\":\"text - 17 - Copy\"},{\"type\":3,\"content\":{\"version\":\"KqlItem/1.0\",\"query\":\"CrowdStrikeFalconEventStream\\r\\n| where EventType == \\\"DetectionSummaryEvent\\\"\\r\\n| where DstHostName in ({Hostnames}) or '*' in ({Hostnames})\\r\\n| where DstUserName in ({Usernames}) or '*' in ({Usernames})\\r\\n| where Activity in ({Tactics}) or '*' in ({Tactics})\\r\\n| where SensorId in ({SensorId}) or '*' in ({SensorId})\\r\\n| where Severity in ({Severity}) or '*' in ({Severity})\\r\\n| where Severity == \\\"Critical\\\"\\r\\n| summarize Total = count() by TimeGenerated, Severity, DstHostName, DstUserName, Activity, Technique, Message\\r\\n| sort by TimeGenerated desc\\r\\n\",\"size\":1,\"showAnalytics\":true,\"title\":\"Critical Severity Events\",\"timeContext\":{\"durationMs\":7776000000},\"timeContextFromParameter\":\"TimeRange\",\"showExportToExcel\":true,\"queryType\":0,\"resourceType\":\"microsoft.operationalinsights/workspaces\",\"visualization\":\"table\",\"gridSettings\":{\"formatters\":[{\"columnMatch\":\"Total\",\"formatter\":8,\"formatOptions\":{\"palette\":\"coldHot\"},\"numberFormat\":{\"unit\":17,\"options\":{\"style\":\"decimal\",\"maximumFractionDigits\":2}}}]}},\"conditionalVisibility\":{\"parameterName\":\"TabName\",\"comparison\":\"isEqualTo\",\"value\":\"Detections\"},\"name\":\"query - 2 - Copy - Copy\"},{\"type\":3,\"content\":{\"version\":\"KqlItem/1.0\",\"query\":\"CrowdStrikeFalconEventStream\\r\\n| where EventType == \\\"DetectionSummaryEvent\\\"\\r\\n| where DstHostName in ({Hostnames}) or '*' in ({Hostnames})\\r\\n| where DstUserName in ({Usernames}) or '*' in ({Usernames})\\r\\n| where Activity in ({Tactics}) or '*' in ({Tactics})\\r\\n| where SensorId in ({SensorId}) or '*' in ({SensorId})\\r\\n| where Severity in ({Severity}) or '*' in ({Severity})\\r\\n| summarize Total = count() by Hostname = DstHostName, ['IP Address'] = SrcIpAddr, bin(TimeGenerated, {TimeRange:grain})\\r\\n\",\"size\":0,\"showAnalytics\":true,\"title\":\"Total Detections by Host over Time\",\"timeContext\":{\"durationMs\":7776000000},\"timeContextFromParameter\":\"TimeRange\",\"queryType\":0,\"resourceType\":\"microsoft.operationalinsights/workspaces\",\"visualization\":\"unstackedbar\"},\"conditionalVisibility\":{\"parameterName\":\"TabName\",\"comparison\":\"isEqualTo\",\"value\":\"Detections\"},\"customWidth\":\"60\",\"name\":\"query - 2\"},{\"type\":3,\"content\":{\"version\":\"KqlItem/1.0\",\"query\":\"CrowdStrikeFalconEventStream\\r\\n| where EventType == \\\"DetectionSummaryEvent\\\"\\r\\n| where DstHostName in ({Hostnames}) or '*' in ({Hostnames})\\r\\n| where DstUserName in ({Usernames}) or '*' in ({Usernames})\\r\\n| where Activity in ({Tactics}) or '*' in ({Tactics})\\r\\n| where SensorId in ({SensorId}) or '*' in ({SensorId})\\r\\n| where Severity in ({Severity}) or '*' in ({Severity})\\r\\n| summarize Total = count() by Hostname = DstHostName, ['IP Address'] = SrcIpAddr\\r\\n| top 10 by Total desc\\r\\n\",\"size\":0,\"showAnalytics\":true,\"title\":\"Top 10 Hosts\",\"timeContext\":{\"durationMs\":7776000000},\"timeContextFromParameter\":\"TimeRange\",\"showExportToExcel\":true,\"queryType\":0,\"resourceType\":\"microsoft.operationalinsights/workspaces\",\"visualization\":\"table\",\"gridSettings\":{\"formatters\":[{\"columnMatch\":\"Total\",\"formatter\":8,\"formatOptions\":{\"palette\":\"coldHot\"},\"numberFormat\":{\"unit\":17,\"options\":{\"style\":\"decimal\",\"maximumFractionDigits\":2}}}]}},\"conditionalVisibility\":{\"parameterName\":\"TabName\",\"comparison\":\"isEqualTo\",\"value\":\"Detections\"},\"customWidth\":\"40\",\"name\":\"query - 2 - Copy\"},{\"type\":3,\"content\":{\"version\":\"KqlItem/1.0\",\"query\":\"CrowdStrikeFalconEventStream\\r\\n| where EventType == \\\"AuthActivityAuditEvent\\\"\\r\\n| where Activity in ({Operation}) or '*' in ({Operation})\\r\\n| where DstUserName in ({TargetUserName}) or '*' in ({TargetUserName})\\r\\n| summarize Total = count() by Activity\\r\\n| sort by Total desc\",\"size\":0,\"showAnalytics\":true,\"title\":\"Total Events by Operation\",\"timeContext\":{\"durationMs\":7776000000},\"timeContextFromParameter\":\"TimeRange\",\"showExportToExcel\":true,\"queryType\":0,\"resourceType\":\"microsoft.operationalinsights/workspaces\",\"visualization\":\"table\",\"gridSettings\":{\"formatters\":[{\"columnMatch\":\"Total\",\"formatter\":8,\"formatOptions\":{\"palette\":\"coldHot\"},\"numberFormat\":{\"unit\":17,\"options\":{\"style\":\"decimal\",\"useGrouping\":true,\"maximumFractionDigits\":2}}}]}},\"conditionalVisibility\":{\"parameterName\":\"TabName\",\"comparison\":\"isEqualTo\",\"value\":\"Authentication\"},\"customWidth\":\"25\",\"name\":\"query - 2 - Copy - Copy\"},{\"type\":3,\"content\":{\"version\":\"KqlItem/1.0\",\"query\":\"CrowdStrikeFalconEventStream\\r\\n| where EventType == \\\"AuthActivityAuditEvent\\\"\\r\\n| where Activity in ({Operation}) or '*' in ({Operation})\\r\\n| where DstUserName in ({TargetUserName}) or '*' in ({TargetUserName})\\r\\n| where Outcome == \\\"false\\\"\\r\\n| summarize Total = count() by TimeGenerated, Activity, ['Target Username'] = DstUserName, ['IP Address'] =  DstIpAddr\\r\\n| sort by TimeGenerated desc\",\"size\":0,\"showAnalytics\":true,\"title\":\"Failed Events\",\"timeContext\":{\"durationMs\":7776000000},\"timeContextFromParameter\":\"TimeRange\",\"showExportToExcel\":true,\"queryType\":0,\"resourceType\":\"microsoft.operationalinsights/workspaces\",\"visualization\":\"table\",\"gridSettings\":{\"formatters\":[{\"columnMatch\":\"Total\",\"formatter\":8,\"formatOptions\":{\"palette\":\"coldHot\"},\"numberFormat\":{\"unit\":17,\"options\":{\"style\":\"decimal\",\"useGrouping\":true,\"maximumFractionDigits\":2}}}]}},\"conditionalVisibility\":{\"parameterName\":\"TabName\",\"comparison\":\"isEqualTo\",\"value\":\"Authentication\"},\"customWidth\":\"100\",\"name\":\"query - 2 - Copy - Copy - Copy\"},{\"type\":3,\"content\":{\"version\":\"KqlItem/1.0\",\"query\":\"CrowdStrikeFalconEventStream\\r\\n| where EventType == \\\"AuthActivityAuditEvent\\\"\\r\\n| where Activity in ({Operation}) or '*' in ({Operation})\\r\\n| where DstUserName in ({TargetUserName}) or '*' in ({TargetUserName})\\r\\n| where Outcome == \\\"false\\\"\\r\\n| summarize Total = count() by User = DstUserName\\r\\n| sort by Total desc\",\"size\":0,\"showAnalytics\":true,\"title\":\"Total Failed Events by User\",\"timeContext\":{\"durationMs\":7776000000},\"timeContextFromParameter\":\"TimeRange\",\"showExportToExcel\":true,\"queryType\":0,\"resourceType\":\"microsoft.operationalinsights/workspaces\",\"visualization\":\"table\",\"gridSettings\":{\"formatters\":[{\"columnMatch\":\"Total\",\"formatter\":8,\"formatOptions\":{\"palette\":\"coldHot\"},\"numberFormat\":{\"unit\":17,\"options\":{\"style\":\"decimal\",\"useGrouping\":true,\"maximumFractionDigits\":2}}}]}},\"conditionalVisibility\":{\"parameterName\":\"TabName\",\"comparison\":\"isEqualTo\",\"value\":\"Authentication\"},\"customWidth\":\"50\",\"name\":\"query - 2 - Copy - Copy - Copy\"},{\"type\":3,\"content\":{\"version\":\"KqlItem/1.0\",\"query\":\"CrowdStrikeFalconEventStream\\r\\n| where EventType == \\\"AuthActivityAuditEvent\\\"\\r\\n| where Activity in ({Operation}) or '*' in ({Operation})\\r\\n| where DstUserName in ({TargetUserName}) or '*' in ({TargetUserName})\\r\\n| where Outcome == \\\"false\\\"\\r\\n| summarize Total = count() by ['IP Address'] = DstIpAddr\\r\\n| sort by Total desc\",\"size\":0,\"showAnalytics\":true,\"title\":\"Total Failed Events by IP Address\",\"timeContext\":{\"durationMs\":7776000000},\"timeContextFromParameter\":\"TimeRange\",\"showExportToExcel\":true,\"queryType\":0,\"resourceType\":\"microsoft.operationalinsights/workspaces\",\"visualization\":\"table\",\"gridSettings\":{\"formatters\":[{\"columnMatch\":\"Total\",\"formatter\":8,\"formatOptions\":{\"palette\":\"coldHot\"},\"numberFormat\":{\"unit\":17,\"options\":{\"style\":\"decimal\",\"useGrouping\":true,\"maximumFractionDigits\":2}}}]}},\"conditionalVisibility\":{\"parameterName\":\"TabName\",\"comparison\":\"isEqualTo\",\"value\":\"Authentication\"},\"customWidth\":\"50\",\"name\":\"query - 2 - Copy - Copy - Copy - Copy\"},{\"type\":3,\"content\":{\"version\":\"KqlItem/1.0\",\"query\":\"CrowdStrikeFalconEventStream\\r\\n| where EventType == \\\"DetectionSummaryEvent\\\"\\r\\n| where DstHostName in ({Hostnames}) or '*' in ({Hostnames})\\r\\n| where DstUserName in ({Usernames}) or '*' in ({Usernames})\\r\\n| where Activity in ({Tactics}) or '*' in ({Tactics})\\r\\n| where SensorId in ({SensorId}) or '*' in ({SensorId})\\r\\n| where Severity in ({Severity}) or '*' in ({Severity})\\r\\n| summarize Total = count() by DstUserName, bin(TimeGenerated, {TimeRange:grain})\\r\\n\",\"size\":0,\"showAnalytics\":true,\"title\":\"Total Detections by User over Time\",\"timeContext\":{\"durationMs\":7776000000},\"timeContextFromParameter\":\"TimeRange\",\"queryType\":0,\"resourceType\":\"microsoft.operationalinsights/workspaces\",\"visualization\":\"unstackedbar\"},\"conditionalVisibility\":{\"parameterName\":\"TabName\",\"comparison\":\"isEqualTo\",\"value\":\"Detections\"},\"customWidth\":\"60\",\"name\":\"query - 2 - Copy\"},{\"type\":3,\"content\":{\"version\":\"KqlItem/1.0\",\"query\":\"CrowdStrikeFalconEventStream\\r\\n| where EventType == \\\"DetectionSummaryEvent\\\"\\r\\n| where DstHostName in ({Hostnames}) or '*' in ({Hostnames})\\r\\n| where DstUserName in ({Usernames}) or '*' in ({Usernames})\\r\\n| where Activity in ({Tactics}) or '*' in ({Tactics})\\r\\n| where SensorId in ({SensorId}) or '*' in ({SensorId})\\r\\n| where Severity in ({Severity}) or '*' in ({Severity})\\r\\n| summarize Total = count() by Username = DstUserName\\r\\n| top 10 by Total desc\\r\\n\",\"size\":0,\"showAnalytics\":true,\"title\":\"Top 10 Users\",\"timeContext\":{\"durationMs\":7776000000},\"timeContextFromParameter\":\"TimeRange\",\"showExportToExcel\":true,\"queryType\":0,\"resourceType\":\"microsoft.operationalinsights/workspaces\",\"visualization\":\"table\",\"gridSettings\":{\"formatters\":[{\"columnMatch\":\"Total\",\"formatter\":8,\"formatOptions\":{\"palette\":\"coldHot\"},\"numberFormat\":{\"unit\":17,\"options\":{\"style\":\"decimal\",\"useGrouping\":false,\"maximumFractionDigits\":2}}}]}},\"conditionalVisibility\":{\"parameterName\":\"TabName\",\"comparison\":\"isEqualTo\",\"value\":\"Detections\"},\"customWidth\":\"40\",\"name\":\"query - 2 - Copy - Copy\"},{\"type\":3,\"content\":{\"version\":\"KqlItem/1.0\",\"query\":\"CrowdStrikeFalconEventStream\\r\\n| where EventType == \\\"DetectionSummaryEvent\\\"\\r\\n| where DstHostName in ({Hostnames}) or '*' in ({Hostnames})\\r\\n| where DstUserName in ({Usernames}) or '*' in ({Usernames})\\r\\n| where Activity in ({Tactics}) or '*' in ({Tactics})\\r\\n| where SensorId in ({SensorId}) or '*' in ({SensorId})\\r\\n| where Severity in ({Severity}) or '*' in ({Severity})\\r\\n| summarize Total = count() by FileName, FilePath, Tactic = Activity\\r\\n| top 10 by Total desc\\r\\n\",\"size\":0,\"showAnalytics\":true,\"title\":\"File-Based Detections\",\"timeContext\":{\"durationMs\":7776000000},\"timeContextFromParameter\":\"TimeRange\",\"showExportToExcel\":true,\"queryType\":0,\"resourceType\":\"microsoft.operationalinsights/workspaces\",\"visualization\":\"table\",\"gridSettings\":{\"formatters\":[{\"columnMatch\":\"Total\",\"formatter\":8,\"formatOptions\":{\"palette\":\"coldHot\"},\"numberFormat\":{\"unit\":17,\"options\":{\"style\":\"decimal\",\"useGrouping\":false,\"maximumFractionDigits\":2}}}],\"filter\":true}},\"conditionalVisibility\":{\"parameterName\":\"TabName\",\"comparison\":\"isEqualTo\",\"value\":\"Detections\"},\"customWidth\":\"60\",\"name\":\"query - 15\"},{\"type\":3,\"content\":{\"version\":\"KqlItem/1.0\",\"query\":\"CrowdStrikeFalconEventStream\\r\\n| where EventType == \\\"DetectionSummaryEvent\\\"\\r\\n| where DstHostName in ({Hostnames}) or '*' in ({Hostnames})\\r\\n| where DstUserName in ({Usernames}) or '*' in ({Usernames})\\r\\n| where Activity in ({Tactics}) or '*' in ({Tactics})\\r\\n| where SensorId in ({SensorId}) or '*' in ({SensorId})\\r\\n| where Severity in ({Severity}) or '*' in ({Severity})\\r\\n| summarize Total = count() by FileName, bin(TimeGenerated, {TimeRange:grain})\\r\\n\",\"size\":0,\"showAnalytics\":true,\"title\":\"File-Based Detections over Time\",\"timeContext\":{\"durationMs\":7776000000},\"timeContextFromParameter\":\"TimeRange\",\"queryType\":0,\"resourceType\":\"microsoft.operationalinsights/workspaces\",\"visualization\":\"unstackedbar\",\"gridSettings\":{\"filter\":true}},\"conditionalVisibility\":{\"parameterName\":\"TabName\",\"comparison\":\"isEqualTo\",\"value\":\"Detections\"},\"customWidth\":\"40\",\"name\":\"query - 15 - Copy\"},{\"type\":3,\"content\":{\"version\":\"KqlItem/1.0\",\"query\":\"CrowdStrikeFalconEventStream\\r\\n| where EventType == \\\"DetectionSummaryEvent\\\"\\r\\n| where DstHostName in ({Hostnames}) or '*' in ({Hostnames})\\r\\n| where DstUserName in ({Usernames}) or '*' in ({Usernames})\\r\\n| where Activity in ({Tactics}) or '*' in ({Tactics})\\r\\n| where SensorId in ({SensorId}) or '*' in ({SensorId})\\r\\n| where Severity in ({Severity}) or '*' in ({Severity})\\r\\n| summarize Total = count() by Activity, bin(TimeGenerated, {TimeRange:grain})\\r\\n\",\"size\":0,\"showAnalytics\":true,\"title\":\"Total Detections by Tactics over Time\",\"timeContext\":{\"durationMs\":7776000000},\"timeContextFromParameter\":\"TimeRange\",\"queryType\":0,\"resourceType\":\"microsoft.operationalinsights/workspaces\",\"visualization\":\"unstackedbar\"},\"conditionalVisibility\":{\"parameterName\":\"TabName\",\"comparison\":\"isEqualTo\",\"value\":\"Detections\"},\"customWidth\":\"60\",\"name\":\"query - 2 - Copy - Copy\"},{\"type\":3,\"content\":{\"version\":\"KqlItem/1.0\",\"query\":\"CrowdStrikeFalconEventStream\\r\\n| where EventType == \\\"DetectionSummaryEvent\\\"\\r\\n| where DstHostName in ({Hostnames}) or '*' in ({Hostnames})\\r\\n| where DstUserName in ({Usernames}) or '*' in ({Usernames})\\r\\n| where Activity in ({Tactics}) or '*' in ({Tactics})\\r\\n| where SensorId in ({SensorId}) or '*' in ({SensorId})\\r\\n| where Severity in ({Severity}) or '*' in ({Severity})\\r\\n| summarize Total = count() by Activity\\r\\n| top 10 by Total desc\\r\\n\",\"size\":0,\"showAnalytics\":true,\"title\":\"Detections by Tactics\",\"timeContext\":{\"durationMs\":7776000000},\"timeContextFromParameter\":\"TimeRange\",\"showExportToExcel\":true,\"queryType\":0,\"resourceType\":\"microsoft.operationalinsights/workspaces\",\"visualization\":\"table\",\"gridSettings\":{\"formatters\":[{\"columnMatch\":\"Total\",\"formatter\":8,\"formatOptions\":{\"palette\":\"coldHot\"},\"numberFormat\":{\"unit\":17,\"options\":{\"style\":\"decimal\",\"useGrouping\":false,\"maximumFractionDigits\":2}}}]},\"tileSettings\":{\"showBorder\":false,\"titleContent\":{\"columnMatch\":\"Activity\",\"formatter\":1},\"leftContent\":{\"columnMatch\":\"Total\",\"formatter\":12,\"formatOptions\":{\"palette\":\"auto\"},\"numberFormat\":{\"unit\":17,\"options\":{\"maximumSignificantDigits\":3,\"maximumFractionDigits\":2}}}}},\"conditionalVisibility\":{\"parameterName\":\"TabName\",\"comparison\":\"isEqualTo\",\"value\":\"Detections\"},\"customWidth\":\"40\",\"name\":\"query - 2 - Copy - Copy - Copy\"}],\"fallbackResourceIds\":[\"/subscriptions/1ef0bead-010f-49ae-bcf3-142bbc8572cd/resourcegroups/logmanagement-rg/providers/microsoft.operationalinsights/workspaces/cd-azuresentinelworkspace\"],\"fromTemplateId\":\"sentinel-CrowdStrikeFalconEndpointProtection\",\"$schema\":\"https://github.com/Microsoft/Application-Insights-Workbooks/blob/master/schema/workbook.json\"}\r\n",
                "version": "1.0",
                "sourceId": "[resourceId('microsoft.OperationalInsights/Workspaces', parameters('workspace'))]",
                "category": "sentinel"
              }
            },
            {
              "type": "Microsoft.OperationalInsights/workspaces/providers/metadata",
              "apiVersion": "2022-01-01-preview",
              "name": "[concat(parameters('workspace'),'/Microsoft.SecurityInsights/',concat('Workbook-', last(split(resourceId('Microsoft.Insights/workbooks', 'CrowdStrikeFalconEndpointProtectionWorkbook'),'/'))))]",
              "properties": {
                "description": "@{workbookKey=CrowdStrikeFalconEndpointProtectionWorkbook; logoFileName=crowdstrike.svg; description=Sets the time name for analysis; dataTypesDependencies=System.Object[]; dataConnectorsDependencies=System.Object[]; previewImagesFileNames=System.Object[]; version=1.0.0; title=CrowdStrike Falcon Endpoint Protection; templateRelativePath=CrowdStrikeFalconEndpointProtection.json; subtitle=; provider=Microsoft}.description",
                "parentId": "[resourceId('Microsoft.Insights/workbooks', 'CrowdStrikeFalconEndpointProtectionWorkbook')]",
                "contentId": "CrowdStrikeFalconEndpointProtectionWorkbook",
                "kind": "Workbook",
                "version": "1.0.0",
                "source": {
                  "kind": "Solution",
                  "name": "CrowdStrike Falcon Endpoint Protection",
                  "sourceId": "azuresentinel.azure-sentinel-solution-crowdstrikefalconep"
                },
                "author": {
                  "name": "Microsoft",
                  "email": "support@microsoft.com"
                },
                "support": {
                  "name": "Microsoft Corporation",
                  "email": "support@microsoft.com",
                  "tier": "Microsoft",
                  "link": "https://support.microsoft.com"
                },
                "dependencies": {
                  "operator": "AND",
                  "criteria": [
                    {
                      "contentId": "CrowdstrikeReplicatorLogs_CL",
                      "kind": "DataType"
                    },
                    {
                      "contentId": "CrowdstrikeReplicator",
                      "kind": "DataConnector"
                    }
                  ]
                }
              }
            }
          ]
        },
        "packageKind": "Solution",
        "PackageVersion": "2.0.7"
      }
    }
  ]
}