{
  "$schema": "https://schema.management.azure.com/schemas/2019-04-01/deploymentTemplate.json#",
  "contentVersion": "1.0.0.0",
  "parameters": {
    "location": {
      "type": "string",
      "minLength": 1,
      "defaultValue": "[resourceGroup().location]",
      "metadata": {
        "description": "Not used, but needed to pass arm-ttk test `Location-Should-Not-Be-Hardcoded`.  We instead use the `workspace-location` which is derived from the LA workspace"
      }
    },
    "workspace-location": {
      "type": "string",
      "defaultValue": "",
      "metadata": {
        "description": "[concat('Region to deploy solution resources -- separate from location selection',parameters('location'))]"
      }
    },
    "workspace": {
      "defaultValue": "",
      "type": "string",
      "metadata": {
        "description": "Workspace name for Log Analytics where Microsoft Sentinel is setup"
      }
    }
  },
  "variables": {},
  "resources": [
    {
      "type": "Microsoft.OperationalInsights/workspaces/providers/packages",
      "location": "[parameters('workspace-location')]",
      "apiVersion": "2022-08-01",
      "properties": {
        "packageKind": "Standalone",
        "packageItems": {
          "resources": [
            {
              "type": "Microsoft.OperationalInsights/workspaces/providers/contentTemplates",
              "name": "[concat(parameters('workspace'),'/Microsoft.SecurityInsights/', 'c87fb346-ea3a-4c64-ba92-3dd383e0f0b5')]",
              "location": "[parameters('workspace-location')]",
              "apiVersion": "2022-08-01",
              "properties": {
                "contentId": "c87fb346-ea3a-4c64-ba92-3dd383e0f0b5",
                "displayName": "Known CERIUM domains and hashes",
                "contentKind": "AnalyticsRule",
                "mainTemplate": {
                  "$schema": "https://schema.management.azure.com/schemas/2019-04-01/deploymentTemplate.json#",
                  "contentVersion": "1.2.1",
                  "resources": [
                    {
                      "type": "Microsoft.OperationalInsights/workspaces/providers/alertRules",
                      "apiVersion": "2022-04-01-preview",
                      "name": "c87fb346-ea3a-4c64-ba92-3dd383e0f0b5",
                      "kind": "Scheduled",
                      "location": "[parameters('workspace-location')]",
                      "properties": {
                        "description": "CERIUM malicious webserver and hash values for maldocs and malware. \n Matches domain name IOCs related to the CERIUM activity group with CommonSecurityLog, DnsEvents, and VMConnection dataTypes.",
                        "displayName": "Known CERIUM domains and hashes",
                        "enabled": false,
                        "query": "let DomainNames = \"miniodaum.ml\";\nlet SHA256Hash = dynamic ([\"53f5773bbfbfbee660989d135c042c9f6f69024b9a4b65bdc0dfd44771762257\", \"0897c80df8b80b4c49bf1ccf876f5f782849608b830c3b5cb3ad212dc3e19eff\"]);\n(union isfuzzy=true\n(CommonSecurityLog \n| parse Message with * '(' DNSName ')' * \n| where isnotempty(FileHash)\n| where FileHash in (SHA256Hash) or DNSName =~ DomainNames\n| extend Account = SourceUserID, Computer = DeviceName, IPAddress = SourceIP\n),\n (_Im_Dns (domain_has_any=DomainNames)\n| extend DNSName = DnsQuery \n| extend IPAddress =  SrcIpAddr, Computer = Dvc\n), \n(_Im_WebSession(url_has_any=DomainNames) \n| extend DNSName = tostring(parse_url(Url)[\"Host\"])\n| extend IPAddress = SrcIpAddr, Account=User\n),\n(VMConnection \n| parse RemoteDnsCanonicalNames with * '[\"' DNSName '\"]' *\n| where isnotempty(DNSName)\n| where DNSName =~ DomainNames\n| extend IPAddress = RemoteIp\n),\n(AzureDiagnostics \n| where ResourceType == \"AZUREFIREWALLS\"\n| where Category == \"AzureFirewallApplicationRule\"\n| parse msg_s with Protocol 'request from ' SourceHost ':' SourcePort 'to ' DestinationHost ':' DestinationPort '. Action:' Action\n| where isnotempty(DestinationHost)\n| where DestinationHost has_any (DomainNames)  \n| extend DNSName = DestinationHost \n| extend IPAddress = SourceHost\n)\n)\n| extend timestamp = TimeGenerated, AccountCustomEntity = Account, HostCustomEntity = Computer, IPCustomEntity = IPAddress\n",
                        "queryFrequency": "P1D",
                        "queryPeriod": "P1D",
                        "severity": "High",
                        "suppressionDuration": "PT1H",
                        "suppressionEnabled": false,
                        "triggerOperator": "GreaterThan",
                        "triggerThreshold": 0,
                        "tactics": [
                          "CommandAndControl",
                          "CredentialAccess"
                        ],
                        "entityMappings": [
                          {
                            "entityType": "Account",
                            "fieldMappings": [
                              {
                                "columnName": "AccountCustomEntity",
                                "identifier": "FullName"
                              }
                            ]
                          },
                          {
                            "entityType": "Host",
                            "fieldMappings": [
                              {
                                "columnName": "HostCustomEntity",
                                "identifier": "FullName"
                              }
                            ]
                          },
                          {
                            "entityType": "IP",
                            "fieldMappings": [
                              {
                                "columnName": "IPCustomEntity",
                                "identifier": "Address"
                              }
                            ]
                          }
                        ]
                      }
                    },
                    {
                      "type": "Microsoft.OperationalInsights/workspaces/providers/metadata",
                      "apiVersion": "2021-03-01-preview",
                      "properties": {
                        "description": "'CERIUM malicious webserver and hash values for maldocs and malware. \n Matches domain name IOCs related to the CERIUM activity group with CommonSecurityLog, DnsEvents, and VMConnection dataTypes.'\n",
                        "version": "1.2.1",
                        "author": {
                          "name": "Community"
                        },
                        "support": {
                          "name": "Community",
                          "link": "https://github.com/Azure/Azure-Sentinel/issues",
                          "tier": "Community"
                        },
                        "source": {
                          "kind": "Community",
                          "name": "Standalone"
                        },
                        "threatAnalysisTactics": [
                          "CommandAndControl",
                          "CredentialAccess"
                        ],
                        "contentId": "c87fb346-ea3a-4c64-ba92-3dd383e0f0b5",
                        "parentId": "c87fb346-ea3a-4c64-ba92-3dd383e0f0b5",
                        "kind": "AnalyticsRule",
                        "dependencies": {
                          "operator": "AND",
                          "criteria": [
                            {
                              "contentId": "SquidProxy_CL",
                              "kind": "DataType"
                            },
                            {
                              "contentId": "DnsEvents",
                              "kind": "DataType"
                            },
                            {
                              "contentId": "VMConnection",
                              "kind": "DataType"
                            },
                            {
                              "contentId": "CommonSecurityLog",
                              "kind": "DataType"
                            },
                            {
                              "contentId": "CommonSecurityLog",
                              "kind": "DataType"
                            },
                            {
                              "contentId": "AzureDiagnostics",
                              "kind": "DataType"
                            },
                            {
                              "contentId": "CommonSecurityLog",
                              "kind": "DataType"
                            },
                            {
                              "contentId": "Syslog",
                              "kind": "DataType"
                            },
                            {
                              "contentId": "GCP_DNS_CL",
                              "kind": "DataType"
                            },
                            {
                              "contentId": "NXLog_DNS_Server_CL",
                              "kind": "DataType"
                            },
                            {
                              "contentId": "Cisco_Umbrella_dns_CL",
                              "kind": "DataType"
                            },
                            {
                              "contentId": "Corelight_CL",
                              "kind": "DataType"
                            }
                          ]
                        }
                      }
                    }
                  ]
                }
              }
            }
          ]
        },
        "author": {
          "name": "Community"
        },
        "dependencies": {
          "operator": "AND",
          "criteria": [
            {
              "contentId": "c87fb346-ea3a-4c64-ba92-3dd383e0f0b5",
              "kind": "AnalyticsRule"
            }
          ]
        },
        "description": "'CERIUM malicious webserver and hash values for maldocs and malware. \n Matches domain name IOCs related to the CERIUM activity group with CommonSecurityLog, DnsEvents, and VMConnection dataTypes.'\n",
        "displayName": "Known CERIUM domains and hashes",
        "packageId": "c87fb346-ea3a-4c64-ba92-3dd383e0f0b5",
        "source": {
          "kind": "Community",
          "name": "Standalone"
        },
        "support": {
          "name": "Community",
          "link": "https://github.com/Azure/Azure-Sentinel/issues",
          "tier": "Community"
        },
        "threatAnalysisTactics": [
          "CommandAndControl",
          "CredentialAccess"
        ],
        "version": "1.2.1"
      },
      "name": "[concat(parameters('workspace'),'/Microsoft.SecurityInsights/', 'c87fb346-ea3a-4c64-ba92-3dd383e0f0b5')]"
    }
  ]
}