{
  "$schema": "https://schema.management.azure.com/schemas/2019-04-01/deploymentTemplate.json#",
  "parameters": {
    "location": {
      "type": "string",
      "minLength": 1,
      "defaultValue": "[resourceGroup().location]",
      "metadata": {
        "description": "Not used, but needed to pass arm-ttk test `Location-Should-Not-Be-Hardcoded`.  We instead use the `workspace-location` which is derived from the LA workspace"
      }
    },
    "workspace-location": {
      "type": "string",
      "defaultValue": "",
      "metadata": {
        "description": "[concat('Region to deploy solution resources -- separate from location selection',parameters('location'))]"
      }
    },
    "workspace": {
      "defaultValue": "",
      "type": "string",
      "metadata": {
        "description": "Workspace name for Log Analytics where Microsoft Sentinel is setup"
      }
    }
  },
  "variables": {},
  "resources": [
    {
      "type": "Microsoft.OperationalInsights/workspaces/providers/packages",
      "location": "[parameters('workspace-location')]",
      "apiVersion": "2022-08-01",
      "properties": {
        "packageKind": "Standalone",
        "packageItems": {
          "resources": [
            {
              "type": "Microsoft.OperationalInsights/workspaces/providers/contentTemplates",
              "name": "[concat(parameters('workspace'),'/Microsoft.SecurityInsights/', 'c7bfadd4-34a6-4fa5-82f8-3691a32261e8')]",
              "location": "[parameters('workspace-location')]",
              "apiVersion": "2022-08-01",
              "properties": {
                "contentId": "c7bfadd4-34a6-4fa5-82f8-3691a32261e8",
                "displayName": "Changes to AWS Elastic Load Balancer security groups",
                "contentKind": "AnalyticsRule",
                "mainTemplate": {
                  "$schema": "https://schema.management.azure.com/schemas/2019-04-01/deploymentTemplate.json#",
                  "contentVersion": "1.0.0",
                  "resources": [
                    {
                      "type": "Microsoft.OperationalInsights/workspaces/providers/alertRules",
                      "apiVersion": "2022-04-01-preview",
                      "name": "[concat(parameters('workspace'),'/Microsoft.SecurityInsights/', '' )]",
                      "kind": "Scheduled",
                      "location": "[parameters('workspace-location')]",
                      "properties": {
                        "description": "Elastic Load Balancer distributes incoming traffic across multiple instances in multiple availability Zones. This increases the fault tolerance of your applications. \n Unwanted changes to Elastic Load Balancer specific security groups could open your environment to attack and  hence needs monitoring.\n More information: https://medium.com/@GorillaStack/the-most-important-aws-cloudtrail-security-events-to-track-a5b9873f8255 \n and https://aws.amazon.com/elasticloadbalancing/.",
                        "displayName": "Changes to AWS Elastic Load Balancer security groups",
                        "enabled": false,
                        "query": "\nlet EventNameList = dynamic([\"ApplySecurityGroupsToLoadBalancer\", \"SetSecurityGroups\"]);\nAWSCloudTrail\n| where EventName in~ (EventNameList)\n| extend User = iif(isnotempty(UserIdentityUserName), UserIdentityUserName, SessionIssuerUserName)\n| summarize EventCount=count(), StartTimeUtc = min(TimeGenerated), EndTimeUtc = max(TimeGenerated) \nby EventSource, EventName, UserIdentityType, User, SourceIpAddress, UserAgent, SessionMfaAuthenticated, AWSRegion,\nAdditionalEventData, UserIdentityAccountId, UserIdentityPrincipalid, ResponseElements\n| extend timestamp = StartTimeUtc, AccountCustomEntity = User , IPCustomEntity = SourceIpAddress\n",
                        "queryFrequency": "P1D",
                        "queryPeriod": "P1D",
                        "severity": "Low",
                        "suppressionDuration": "PT1H",
                        "suppressionEnabled": false,
                        "triggerOperator": "GreaterThan",
                        "triggerThreshold": 0,
                        "tactics": [
                          "Persistence"
                        ],
                        "entityMappings": [
                          {
                            "entityType": "Account",
                            "fieldMappings": [
                              {
                                "columnName": "AccountCustomEntity",
                                "identifier": "FullName"
                              }
                            ]
                          },
                          {
                            "entityType": "IP",
                            "fieldMappings": [
                              {
                                "columnName": "IPCustomEntity",
                                "identifier": "Address"
                              }
                            ]
                          }
                        ]
                      }
                    },
                    {
                      "type": "Microsoft.OperationalInsights/workspaces/providers/metadata",
                      "apiVersion": "2021-03-01-preview",
                      "name": "[concat(parameters('workspace'),'/Microsoft.SecurityInsights/', '')]",
                      "properties": {
                        "description": "'Elastic Load Balancer distributes incoming traffic across multiple instances in multiple availability Zones. This increases the fault tolerance of your applications. \n Unwanted changes to Elastic Load Balancer specific security groups could open your environment to attack and  hence needs monitoring.\n More information: https://medium.com/@GorillaStack/the-most-important-aws-cloudtrail-security-events-to-track-a5b9873f8255 \n and https://aws.amazon.com/elasticloadbalancing/.'\n",
                        "contentId": "c7bfadd4-34a6-4fa5-82f8-3691a32261e8",
                        "version": "1.0.0",
                        "source": {
                          "kind": "Community"
                        },
                        "threatAnalysisTactics": [
                          "Persistence"
                        ],
                        "threatAnalyticsTechniques": [
                          "T1098"
                        ],
                        "parentId": "c7bfadd4-34a6-4fa5-82f8-3691a32261e8",
                        "kind": "AnalyticsRule",
                        "dependencies": {
                          "operator": "AND",
                          "criteria": [
                            {
                              "contentId": "AWSCloudTrail",
                              "kind": "DataType"
                            }
                          ]
                        }
                      }
                    }
                  ]
                }
              }
            }
          ]
        },
        "contentId": "c7bfadd4-34a6-4fa5-82f8-3691a32261e8",
        "dependencies": {
          "operator": "AND",
          "criteria": [
            {
              "contentId": "c7bfadd4-34a6-4fa5-82f8-3691a32261e8",
              "kind": "AnalyticsRule"
            }
          ]
        },
        "description": "'Elastic Load Balancer distributes incoming traffic across multiple instances in multiple availability Zones. This increases the fault tolerance of your applications. \n Unwanted changes to Elastic Load Balancer specific security groups could open your environment to attack and  hence needs monitoring.\n More information: https://medium.com/@GorillaStack/the-most-important-aws-cloudtrail-security-events-to-track-a5b9873f8255 \n and https://aws.amazon.com/elasticloadbalancing/.'\n",
        "displayName": "Changes to AWS Elastic Load Balancer security groups",
        "source": {
          "kind": "Community"
        },
        "threatAnalysisTactics": [
          "Persistence"
        ],
        "threatAnalyticsTechniques": [
          "T1098"
        ],
        "version": "1.0.0"
      },
      "name": "[concat(parameters('workspace'),'/Microsoft.SecurityInsights/', 'c7bfadd4-34a6-4fa5-82f8-3691a32261e8')]"
    }
  ]
}