{
  "$schema": "https://schema.management.azure.com/schemas/2019-04-01/deploymentTemplate.json#",
  "parameters": {
    "location": {
      "type": "string",
      "minLength": 1,
      "defaultValue": "[resourceGroup().location]",
      "metadata": {
        "description": "Not used, but needed to pass arm-ttk test `Location-Should-Not-Be-Hardcoded`.  We instead use the `workspace-location` which is derived from the LA workspace"
      }
    },
    "workspace-location": {
      "type": "string",
      "defaultValue": "",
      "metadata": {
        "description": "[concat('Region to deploy solution resources -- separate from location selection',parameters('location'))]"
      }
    },
    "workspace": {
      "defaultValue": "",
      "type": "string",
      "metadata": {
        "description": "Workspace name for Log Analytics where Microsoft Sentinel is setup"
      }
    }
  },
  "variables": {},
  "resources": [
    {
      "type": "Microsoft.OperationalInsights/workspaces/providers/packages",
      "location": "[parameters('workspace-location')]",
      "apiVersion": "2022-08-01",
      "properties": {
        "packageKind": "Standalone",
        "packageItems": {
          "resources": [
            {
              "type": "Microsoft.OperationalInsights/workspaces/providers/contentTemplates",
              "name": "[concat(parameters('workspace'),'/Microsoft.SecurityInsights/', 'b9d2eebc-5dcb-4888-8165-900db44443ab')]",
              "location": "[parameters('workspace-location')]",
              "apiVersion": "2022-08-01",
              "properties": {
                "contentId": "b9d2eebc-5dcb-4888-8165-900db44443ab",
                "displayName": "Non Domain Controller Active Directory Replication",
                "contentKind": "AnalyticsRule",
                "mainTemplate": {
                  "$schema": "https://schema.management.azure.com/schemas/2019-04-01/deploymentTemplate.json#",
                  "contentVersion": "1.0.1",
                  "resources": [
                    {
                      "type": "Microsoft.OperationalInsights/workspaces/providers/alertRules",
                      "apiVersion": "2022-04-01-preview",
                      "name": "[concat(parameters('workspace'),'/Microsoft.SecurityInsights/', '' )]",
                      "kind": "Scheduled",
                      "location": "[parameters('workspace-location')]",
                      "properties": {
                        "description": "This query detects potential attempts by non-computer accounts (non domain controllers) to retrieve/synchronize an active directory object leveraging directory replication services (DRS).\nA Domain Controller (computer account) would usually be performing these actions in a domain environment. Another detection rule can be created to cover domain controllers accounts doing at rare times.\nA domain user with privileged permissions to use directory replication services is rare. Ref: https://threathunterplaybook.com/notebooks/windows/06_credential_access/WIN-180815210510.html'",
                        "displayName": "Non Domain Controller Active Directory Replication",
                        "enabled": false,
                        "query": "// Enter a reference list of hostnames for your DC servers\n//let DCServersList = dynamic ([\"DC01.simulandlabs.com\",\"DC02.simulandlabs.com\"]);\nSecurityEvent\n//| where Computer in (DCServersList)\n| where EventID == 4662 and ObjectServer == 'DS'\n| where AccountType != 'Machine'\n| where Properties has '1131f6aa-9c07-11d1-f79f-00c04fc2dcd2' //DS-Replication-Get-Changes\n    or Properties has '1131f6ad-9c07-11d1-f79f-00c04fc2dcd2' //DS-Replication-Get-Changes-All\n    or Properties has '89e95b76-444d-4c62-991a-0facbeda640c' //DS-Replication-Get-Changes-In-Filtered-Set\n| project TimeGenerated, Account, Activity, Properties, SubjectLogonId, Computer\n| join kind=leftouter\n(\n    SecurityEvent\n    //| where Computer in (DCServersList)\n    | where EventID == 4624 and LogonType == 3\n    | where AccountType != 'Machine'\n    | project TargetLogonId, IpAddress\n)\non $left.SubjectLogonId == $right.TargetLogonId\n| project-reorder TimeGenerated, Computer, Account, IpAddress\n| extend timestamp = TimeGenerated, AccountCustomEntity = Account, HostCustomEntity = Computer, SourceAddress = IpAddress \n",
                        "queryFrequency": "P1D",
                        "queryPeriod": "P7D",
                        "severity": "High",
                        "suppressionDuration": "PT1H",
                        "suppressionEnabled": false,
                        "triggerOperator": "GreaterThan",
                        "triggerThreshold": 0,
                        "tactics": [
                          "CredentialAccess"
                        ],
                        "entityMappings": [
                          {
                            "entityType": "Account",
                            "fieldMappings": [
                              {
                                "columnName": "AccountCustomEntity",
                                "identifier": "FullName"
                              }
                            ]
                          },
                          {
                            "entityType": "Host",
                            "fieldMappings": [
                              {
                                "columnName": "HostCustomEntity",
                                "identifier": "FullName"
                              }
                            ]
                          },
                          {
                            "entityType": "IP",
                            "fieldMappings": [
                              {
                                "columnName": "SourceAddress",
                                "identifier": "Address"
                              }
                            ]
                          }
                        ]
                      }
                    },
                    {
                      "type": "Microsoft.OperationalInsights/workspaces/providers/metadata",
                      "apiVersion": "2021-03-01-preview",
                      "name": "[concat(parameters('workspace'),'/Microsoft.SecurityInsights/', '')]",
                      "properties": {
                        "description": "This query detects potential attempts by non-computer accounts (non domain controllers) to retrieve/synchronize an active directory object leveraging directory replication services (DRS).\nA Domain Controller (computer account) would usually be performing these actions in a domain environment. Another detection rule can be created to cover domain controllers accounts doing at rare times.\nA domain user with privileged permissions to use directory replication services is rare. Ref: https://threathunterplaybook.com/notebooks/windows/06_credential_access/WIN-180815210510.html'\n",
                        "version": "1.0.1",
                        "source": {
                          "kind": "Community"
                        },
                        "threatAnalysisTactics": [
                          "CredentialAccess"
                        ],
                        "threatAnalyticsTechniques": [
                          "T1003"
                        ],
                        "contentId": "b9d2eebc-5dcb-4888-8165-900db44443ab",
                        "parentId": "b9d2eebc-5dcb-4888-8165-900db44443ab",
                        "kind": "AnalyticsRule",
                        "dependencies": {
                          "operator": "AND",
                          "criteria": [
                            {
                              "contentId": "SecurityEvents",
                              "kind": "DataType"
                            }
                          ]
                        }
                      }
                    }
                  ]
                }
              }
            }
          ]
        },
        "dependencies": {
          "operator": "AND",
          "criteria": [
            {
              "contentId": "b9d2eebc-5dcb-4888-8165-900db44443ab",
              "kind": "AnalyticsRule"
            }
          ]
        },
        "description": "This query detects potential attempts by non-computer accounts (non domain controllers) to retrieve/synchronize an active directory object leveraging directory replication services (DRS).\nA Domain Controller (computer account) would usually be performing these actions in a domain environment. Another detection rule can be created to cover domain controllers accounts doing at rare times.\nA domain user with privileged permissions to use directory replication services is rare. Ref: https://threathunterplaybook.com/notebooks/windows/06_credential_access/WIN-180815210510.html'\n",
        "displayName": "Non Domain Controller Active Directory Replication",
        "packageId": "b9d2eebc-5dcb-4888-8165-900db44443ab",
        "source": {
          "kind": "Community"
        },
        "threatAnalysisTactics": [
          "CredentialAccess"
        ],
        "threatAnalyticsTechniques": [
          "T1003"
        ],
        "version": "1.0.1"
      },
      "name": "[concat(parameters('workspace'),'/Microsoft.SecurityInsights/', 'b9d2eebc-5dcb-4888-8165-900db44443ab')]"
    }
  ]
}