{
  "$schema": "https://schema.management.azure.com/schemas/2019-04-01/deploymentTemplate.json#",
  "contentVersion": "1.0.0.0",
  "metadata": {
    "author": "42Crunch - plugins@42crunch.com",
    "comments": "Solution template for 42Crunch API Protection"
  },
  "parameters": {
    "location": {
      "type": "string",
      "minLength": 1,
      "defaultValue": "[resourceGroup().location]",
      "metadata": {
        "description": "Not used, but needed to pass arm-ttk test `Location-Should-Not-Be-Hardcoded`.  We instead use the `workspace-location` which is derived from the LA workspace"
      }
    },
    "workspace-location": {
      "type": "string",
      "defaultValue": "",
      "metadata": {
        "description": "[concat('Region to deploy solution resources -- separate from location selection',parameters('location'))]"
      }
    },
    "workspace": {
      "defaultValue": "",
      "type": "string",
      "metadata": {
        "description": "Workspace name for Log Analytics where Microsoft Sentinel is setup"
      }
    },
    "workbook1-name": {
      "type": "string",
      "defaultValue": "42Crunch API Protection Workbook",
      "minLength": 1,
      "metadata": {
        "description": "Name for the workbook"
      }
    }
  },
  "resources": [
    {
      "name": "pid-d6e9c0ba-6740-4d0c-88fb-290ac66b119a-partnercenter",
      "type": "Microsoft.Resources/deployments",
      "apiVersion": "2020-10-01",
      "properties": {
        "mode": "Incremental",
        "template": {
          "$schema": "https://schema.management.azure.com/schemas/2019-04-01/deploymentTemplate.json#",
          "contentVersion": "1.0.0.0",
          "resources": []
        }
      }
    },
    {
      "type": "Microsoft.OperationalInsights/workspaces/providers/contentTemplates",
      "name": "[concat(parameters('workspace'),'/Microsoft.SecurityInsights/',concat(concat(parameters('workspace'),'-wb-',uniquestring('42CrunchAPIProtectionWorkbook')),'1.0.0'))]",
      "location": "[parameters('workspace-location')]",
      "apiVersion": "2022-08-01",
      "dependsOn": [
        "[extensionResourceId(resourceId('Microsoft.OperationalInsights/workspaces', parameters('workspace')), 'Microsoft.SecurityInsights/contentPackages', '42crunch1580391915541.42crunch_sentinel_solution')]"
      ],
      "properties": {
        "contentId": "42CrunchAPIProtectionWorkbook",
        "displayName": "42Crunch API Protection Workbook",
        "contentKind": "Workbook",
        "mainTemplate": {
          "resources": [
            {
              "type": "Microsoft.Insights/workbooks",
              "name": "42CrunchAPIProtectionWorkbook",
              "location": "[parameters('workspace-location')]",
              "kind": "shared",
              "apiVersion": "2021-08-01",
              "metadata": {
                "description": "Monitor and protect APIs using the 42Crunch API microfirewall"
              },
              "properties": {
                "displayName": "42Crunch API Protection Workbook",
                "serializedData": "{\"version\":\"Notebook/1.0\",\"items\":[{\"type\":3,\"content\":{\"version\":\"KqlItem/1.0\",\"query\":\"apifirewall_log_1_CL\\r\\n| summarize request = count() by Source_IP_s\\r\\n| render piechart \",\"size\":0,\"title\":\"Requests by IP Address\",\"timeContext\":{\"durationMs\":86400000},\"queryType\":0,\"resourceType\":\"microsoft.operationalinsights/workspaces\",\"mapSettings\":{\"locInfo\":\"CountryRegion\",\"locInfoColumn\":\"Source_IP_s\",\"sizeAggregation\":\"Sum\",\"legendAggregation\":\"Sum\"}},\"customWidth\":\"33\",\"name\":\"query - 3\"},{\"type\":3,\"content\":{\"version\":\"KqlItem/1.0\",\"query\":\"apifirewall_log_1_CL\\r\\n| summarize request = count() by tostring(Status_d)\\r\\n| render piechart \",\"size\":0,\"title\":\"Status Code Return\",\"timeContext\":{\"durationMs\":86400000},\"queryType\":0,\"resourceType\":\"microsoft.operationalinsights/workspaces\"},\"customWidth\":\"33\",\"name\":\"query - 5\"},{\"type\":3,\"content\":{\"version\":\"KqlItem/1.0\",\"query\":\"apifirewall_log_1_CL\\r\\n| summarize request = count() by Instance_Name_s\\r\\n| render piechart \",\"size\":0,\"title\":\"Hits by Instances\",\"timeContext\":{\"durationMs\":86400000},\"queryType\":0,\"resourceType\":\"microsoft.operationalinsights/workspaces\"},\"customWidth\":\"33\",\"name\":\"query - 5 - Copy\"},{\"type\":3,\"content\":{\"version\":\"KqlItem/1.0\",\"query\":\"apifirewall_log_1_CL\\r\\n| make-series requests = count() default = 0 on Timestamp_t from  ago(1h) to now() step 5m by Instance_Name_s\\r\\n| render areachart \",\"size\":0,\"title\":\"Request over Time\",\"queryType\":0,\"resourceType\":\"microsoft.operationalinsights/workspaces\"},\"name\":\"query - 4\"},{\"type\":3,\"content\":{\"version\":\"KqlItem/1.0\",\"query\":\"apifirewall_log_1_CL\\n| summarize Requests = count() , FailedRequests = countif(Status_d != 200) , SuccesfullRequests = countif(Status_d  == 200), LastEventTime  = max(TimeGenerated) by InstanceName = Instance_Name_s\\n| extend Status = iff(LastEventTime >= ago(2h), \\\"Available\\\", \\\"Unavailable\\\")\\n| project Status,InstanceName, Requests, SuccesfullRequests, FailedRequests, LastEventTime\",\"size\":1,\"title\":\"Protection Instances\",\"exportFieldName\":\"InstanceName\",\"exportParameterName\":\"InstanceName\",\"exportDefaultValue\":\"\",\"queryType\":0,\"resourceType\":\"microsoft.operationalinsights/workspaces\",\"visualization\":\"table\",\"gridSettings\":{\"formatters\":[{\"columnMatch\":\"Status\",\"formatter\":11},{\"columnMatch\":\"Requests\",\"formatter\":4,\"formatOptions\":{\"palette\":\"blue\"}},{\"columnMatch\":\"SuccesfullRequests\",\"formatter\":4,\"formatOptions\":{\"palette\":\"greenDarkDark\"}},{\"columnMatch\":\"FailedRequests\",\"formatter\":4,\"formatOptions\":{\"palette\":\"redDark\"}}]}},\"name\":\"Protection Instances\"},{\"type\":1,\"content\":{\"json\":\"## Instance Information\\r\\nSelect instance from the table above to see detailed information.\",\"style\":\"upsell\"},\"name\":\"text - 7\"},{\"type\":12,\"content\":{\"version\":\"NotebookGroup/1.0\",\"groupType\":\"editable\",\"title\":\"Detailed Information for: {InstanceName}\",\"items\":[{\"type\":3,\"content\":{\"version\":\"KqlItem/1.0\",\"query\":\"apifirewall_log_1_CL\\r\\n| where Instance_Name_s  == '{InstanceName}'\\r\\n| make-series requests = count() default = 0 on Timestamp_t from  ago(24h) to now() step 1h\\r\\n| render areachart \",\"size\":0,\"title\":\"Requests Over Time\",\"timeContext\":{\"durationMs\":86400000},\"queryType\":0,\"resourceType\":\"microsoft.operationalinsights/workspaces\"},\"customWidth\":\"50\",\"name\":\"query - 1\"},{\"type\":3,\"content\":{\"version\":\"KqlItem/1.0\",\"query\":\"apifirewall_log_1_CL\\r\\n| where Instance_Name_s  == '{InstanceName}'\\r\\n| make-series requests = count() default = 0 on Timestamp_t from  ago(24h) to now() step 1h by Source_IP_s \\r\\n| render areachart \",\"size\":0,\"title\":\"Requests by IP Address\",\"timeContext\":{\"durationMs\":86400000},\"queryType\":0,\"resourceType\":\"microsoft.operationalinsights/workspaces\"},\"customWidth\":\"50\",\"name\":\"query - 1 - Copy\"},{\"type\":3,\"content\":{\"version\":\"KqlItem/1.0\",\"query\":\"apifirewall_log_1_CL\\r\\n| where Instance_Name_s  contains '{InstanceName}'\\r\\n| summarize Requests = count() , FailedRequests = countif(Status_d != 200) , SuccesfullRequests = countif(Status_d  == 200) by URIPath = URI_Path_s\\r\\n| sort by Requests\",\"size\":0,\"title\":\"Requests Summary by URI\",\"timeContext\":{\"durationMs\":86400000},\"exportFieldName\":\"URIPath\",\"exportParameterName\":\"Path\",\"exportDefaultValue\":\"\",\"queryType\":0,\"resourceType\":\"microsoft.operationalinsights/workspaces\",\"gridSettings\":{\"filter\":true}},\"customWidth\":\"55\",\"name\":\"query - 0\"},{\"type\":3,\"content\":{\"version\":\"KqlItem/1.0\",\"query\":\"apifirewall_log_1_CL\\r\\n| where Instance_Name_s  contains '{InstanceName}'\\r\\n| summarize Requests = count() , FailedRequests = countif(Status_d != 200) , SuccesfullRequests = countif(Status_d  == 200) by SourceIP = Source_IP_s\",\"size\":0,\"title\":\"Requests Summary by IP\",\"timeContext\":{\"durationMs\":86400000},\"exportFieldName\":\"SourceIP\",\"exportParameterName\":\"SourceIP\",\"exportDefaultValue\":\"\",\"queryType\":0,\"resourceType\":\"microsoft.operationalinsights/workspaces\",\"gridSettings\":{\"filter\":true}},\"customWidth\":\"45\",\"name\":\"query - 0 - Copy\"},{\"type\":1,\"content\":{\"json\":\"## Additional Information\\r\\nSelect a Path or Ip Address from the tables above to see detailed information.\",\"style\":\"upsell\"},\"name\":\"text - 8\"}],\"exportParameters\":true},\"conditionalVisibility\":{\"parameterName\":\"InstanceName\",\"comparison\":\"isNotEqualTo\",\"value\":\"\"},\"name\":\"Detailed Information for: {InstanceName}\"},{\"type\":12,\"content\":{\"version\":\"NotebookGroup/1.0\",\"groupType\":\"editable\",\"items\":[{\"type\":3,\"content\":{\"version\":\"KqlItem/1.0\",\"query\":\"apifirewall_log_1_CL\\r\\n| where URI_Path_s == '{Path}'\\r\\n| summarize count() by ErrorMessage = Error_Message_s, URIPAth = URI_Path_s , Status = Status_d, SourceIP = Source_IP_s\",\"size\":0,\"title\":\"Requests by Path: {Path}\",\"timeContext\":{\"durationMs\":86400000},\"queryType\":0,\"resourceType\":\"microsoft.operationalinsights/workspaces\"},\"customWidth\":\"55\",\"name\":\"query - 0\"},{\"type\":3,\"content\":{\"version\":\"KqlItem/1.0\",\"query\":\"apifirewall_log_1_CL\\r\\n| where Source_IP_s == '{SourceIP}'\\r\\n| summarize count() by ErrorMessage = Error_Message_s, URIPAth = URI_Path_s , Status = Status_d\",\"size\":0,\"title\":\"Request by IP Address: {SourceIP}\",\"timeContext\":{\"durationMs\":86400000},\"queryType\":0,\"resourceType\":\"microsoft.operationalinsights/workspaces\"},\"customWidth\":\"45\",\"name\":\"query - 0 - Copy\"}],\"exportParameters\":true},\"conditionalVisibilities\":[{\"parameterName\":\"Path\",\"comparison\":\"isNotEqualTo\"},{\"parameterName\":\"SourceIP\",\"comparison\":\"isNotEqualTo\"}],\"name\":\"group - 2\"}],\"fromTemplateId\":\"sentinel-42CrunchAPIProtectionWorkbook\",\"$schema\":\"https://github.com/Microsoft/Application-Insights-Workbooks/blob/master/schema/workbook.json\"}\n",
                "version": "1.0",
                "sourceId": "[resourceId('microsoft.OperationalInsights/Workspaces', parameters('workspace'))]",
                "category": "sentinel"
              }
            },
            {
              "type": "Microsoft.OperationalInsights/workspaces/providers/metadata",
              "apiVersion": "2022-01-01-preview",
              "name": "[concat(parameters('workspace'),'/Microsoft.SecurityInsights/',concat('Workbook-', last(split(resourceId('Microsoft.Insights/workbooks', '42CrunchAPIProtectionWorkbook'),'/'))))]",
              "properties": {
                "description": "@{workbookKey=42CrunchAPIProtectionWorkbook; logoFileName=42CrunchLogo.svg; description=Monitor and protect APIs using the 42Crunch API microfirewall; dataTypesDependencies=System.Object[]; dataConnectorsDependencies=System.Object[]; previewImagesFileNames=System.Object[]; version=1.0.0; title=42Crunch API Protection Workbook; templateRelativePath=42CrunchAPIProtectionWorkbook.json; subtitle=; provider=42Crunch}.description",
                "parentId": "[resourceId('Microsoft.Insights/workbooks', '42CrunchAPIProtectionWorkbook')]",
                "contentId": "42CrunchAPIProtectionWorkbook",
                "kind": "Workbook",
                "version": "1.0.0",
                "source": {
                  "kind": "Solution",
                  "name": "42Crunch API Protection",
                  "sourceId": "42crunch1580391915541.42crunch_sentinel_solution"
                },
                "author": {
                  "name": "42Crunch",
                  "email": "plugins@42crunch.com"
                },
                "support": {
                  "name": "42Crunch API Protection",
                  "email": "support@42crunch.com",
                  "tier": "Partner",
                  "link": "https://42crunch.com/"
                }
              }
            }
          ]
        },
        "packageKind": "Solution",
        "packageVersion": "2.0.3",
        "packageName": "42Crunch Microsoft Sentinel Connector",
        "packageId": "42crunch1580391915541.42crunch_sentinel_solution",
        "contentSchemaVersion": "2.0.0"
      }
    },
    {
      "type": "Microsoft.OperationalInsights/workspaces/providers/contentTemplates",
      "name": "[concat(parameters('workspace'),'/Microsoft.SecurityInsights/',concat(concat(parameters('workspace'),'-ar-',uniquestring('25c86f99-0a91-4b7f-88f3-599a008e5ab8')),'1.0.0'))]",
      "location": "[parameters('workspace-location')]",
      "apiVersion": "2022-08-01",
      "dependsOn": [
        "[extensionResourceId(resourceId('Microsoft.OperationalInsights/workspaces', parameters('workspace')), 'Microsoft.SecurityInsights/contentPackages', '42crunch1580391915541.42crunch_sentinel_solution')]"
      ],
      "properties": {
        "contentId": "25c86f99-0a91-4b7f-88f3-599a008e5ab8",
        "displayName": "API - Account Takeover",
        "contentKind": "AnalyticsRule",
        "mainTemplate": {
          "resources": [
            {
              "type": "Microsoft.SecurityInsights/AlertRuleTemplates",
              "name": "25c86f99-0a91-4b7f-88f3-599a008e5ab8",
              "apiVersion": "2022-04-01-preview",
              "kind": "Scheduled",
              "location": "[parameters('workspace-location')]",
              "properties": {
                "description": "42Crunch API protection against account takeover",
                "displayName": "API - Account Takeover",
                "enabled": false,
                "query": "let firstRec = apifirewall_log_1_CL \n| where TimeGenerated >= ago(5m) \n| project-away Non_blocking_mode_b, Source_Port_d, Destination_Port_d, Query_s, API_ID_g, Request_Header_s, Response_Header_s, Errors_s, Type, UUID_g\n| where Instance_Name_s == \"Instance_1\" and (URI_Path_s has \"/api/register\" or URI_Path_s has \"/api/reset\") and Status_d == 403;\nlet recCount = iff((toscalar(firstRec | count) >= 20), 1, 0);\nfirstRec | take recCount\n",
                "queryFrequency": "PT5M",
                "queryPeriod": "PT5M",
                "severity": "High",
                "suppressionDuration": "PT1H",
                "suppressionEnabled": false,
                "triggerOperator": "GreaterThan",
                "triggerThreshold": 0,
                "status": "Available",
                "requiredDataConnectors": [
                  {
                    "connectorId": "42CrunchAPIProtection",
                    "dataTypes": [
                      "apifirewall_log_1_CL"
                    ]
                  }
                ],
                "tactics": [
                  "CredentialAccess",
                  "Discovery"
                ],
                "entityMappings": [
                  {
                    "fieldMappings": [
                      {
                        "columnName": "Source_IP_s",
                        "identifier": "Address"
                      }
                    ],
                    "entityType": "IP"
                  },
                  {
                    "fieldMappings": [
                      {
                        "columnName": "Hostname_s",
                        "identifier": "HostName"
                      }
                    ],
                    "entityType": "Host"
                  },
                  {
                    "fieldMappings": [
                      {
                        "columnName": "Instance_Name_s",
                        "identifier": "FullName"
                      }
                    ],
                    "entityType": "Account"
                  }
                ],
                "eventGroupingSettings": {
                  "aggregationKind": "SingleAlert"
                }
              }
            },
            {
              "type": "Microsoft.OperationalInsights/workspaces/providers/metadata",
              "apiVersion": "2022-01-01-preview",
              "name": "[concat(parameters('workspace'),'/Microsoft.SecurityInsights/',concat('AnalyticsRule-', last(split(resourceId('Microsoft.SecurityInsights/AlertRuleTemplates', '25c86f99-0a91-4b7f-88f3-599a008e5ab8'),'/'))))]",
              "properties": {
                "description": "42Crunch API Protection Analytics Rule 1",
                "parentId": "[resourceId('Microsoft.SecurityInsights/AlertRuleTemplates', '25c86f99-0a91-4b7f-88f3-599a008e5ab8')]",
                "contentId": "25c86f99-0a91-4b7f-88f3-599a008e5ab8",
                "kind": "AnalyticsRule",
                "version": "1.0.0",
                "source": {
                  "kind": "Solution",
                  "name": "42Crunch API Protection",
                  "sourceId": "42crunch1580391915541.42crunch_sentinel_solution"
                },
                "author": {
                  "name": "42Crunch",
                  "email": "plugins@42crunch.com"
                },
                "support": {
                  "name": "42Crunch API Protection",
                  "email": "support@42crunch.com",
                  "tier": "Partner",
                  "link": "https://42crunch.com/"
                }
              }
            }
          ]
        },
        "packageKind": "Solution",
        "packageVersion": "2.0.3",
        "packageName": "42Crunch Microsoft Sentinel Connector",
        "packageId": "42crunch1580391915541.42crunch_sentinel_solution",
        "contentSchemaVersion": "2.0.0"
      }
    },
    {
      "type": "Microsoft.OperationalInsights/workspaces/providers/contentTemplates",
      "name": "[concat(parameters('workspace'),'/Microsoft.SecurityInsights/',concat(concat(parameters('workspace'),'-ar-',uniquestring('2c59e609-e0a0-4e8e-adc5-ab4224be8a36')),'1.0.0'))]",
      "location": "[parameters('workspace-location')]",
      "apiVersion": "2022-08-01",
      "dependsOn": [
        "[extensionResourceId(resourceId('Microsoft.OperationalInsights/workspaces', parameters('workspace')), 'Microsoft.SecurityInsights/contentPackages', '42crunch1580391915541.42crunch_sentinel_solution')]"
      ],
      "properties": {
        "contentId": "2c59e609-e0a0-4e8e-adc5-ab4224be8a36",
        "displayName": "API - Anomaly Detection",
        "contentKind": "AnalyticsRule",
        "mainTemplate": {
          "resources": [
            {
              "type": "Microsoft.SecurityInsights/AlertRuleTemplates",
              "name": "2c59e609-e0a0-4e8e-adc5-ab4224be8a36",
              "apiVersion": "2022-04-01-preview",
              "kind": "Scheduled",
              "location": "[parameters('workspace-location')]",
              "properties": {
                "description": "42Crunch API protection anomaly detection",
                "displayName": "API - Anomaly Detection",
                "enabled": false,
                "query": "let infoRec = apifirewall_log_1_CL\n| where TimeGenerated >= ago(5m) \n| project-away Non_blocking_mode_b, Source_Port_d, Destination_Port_d, Query_s, API_ID_g, Request_Header_s, Response_Header_s, Errors_s, Type, UUID_g\n| where Instance_Name_s == \"Instance_4\" and URI_Path_s has \"/api/users/info\" and Status_d == 200;\nlet timestamp = toscalar(infoRec | top 1 by Timestamp_t desc | summarize by Timestamp_t);\nlet activityRec = apifirewall_log_1_CL\n  | where Timestamp_t < timestamp and TimeGenerated >= ago(5m)\n  | project-away Non_blocking_mode_b, Source_Port_d, Destination_Port_d, Query_s, API_ID_g, Request_Header_s, Response_Header_s, Errors_s, Type, UUID_g\n  | where Instance_Name_s == \"Instance_4\" and URI_Path_s has \"/api/users/activity\" and Status_d == 200;\nactivityRec\n",
                "queryFrequency": "PT5M",
                "queryPeriod": "PT5M",
                "severity": "Low",
                "suppressionDuration": "PT1H",
                "suppressionEnabled": false,
                "triggerOperator": "GreaterThan",
                "triggerThreshold": 0,
                "status": "Available",
                "requiredDataConnectors": [
                  {
                    "connectorId": "42CrunchAPIProtection",
                    "dataTypes": [
                      "apifirewall_log_1_CL"
                    ]
                  }
                ],
                "tactics": [
                  "DefenseEvasion"
                ],
                "entityMappings": [
                  {
                    "fieldMappings": [
                      {
                        "columnName": "Source_IP_s",
                        "identifier": "Address"
                      }
                    ],
                    "entityType": "IP"
                  },
                  {
                    "fieldMappings": [
                      {
                        "columnName": "Hostname_s",
                        "identifier": "HostName"
                      }
                    ],
                    "entityType": "Host"
                  },
                  {
                    "fieldMappings": [
                      {
                        "columnName": "Instance_Name_s",
                        "identifier": "FullName"
                      }
                    ],
                    "entityType": "Account"
                  }
                ],
                "eventGroupingSettings": {
                  "aggregationKind": "SingleAlert"
                }
              }
            },
            {
              "type": "Microsoft.OperationalInsights/workspaces/providers/metadata",
              "apiVersion": "2022-01-01-preview",
              "name": "[concat(parameters('workspace'),'/Microsoft.SecurityInsights/',concat('AnalyticsRule-', last(split(resourceId('Microsoft.SecurityInsights/AlertRuleTemplates', '2c59e609-e0a0-4e8e-adc5-ab4224be8a36'),'/'))))]",
              "properties": {
                "description": "42Crunch API Protection Analytics Rule 2",
                "parentId": "[resourceId('Microsoft.SecurityInsights/AlertRuleTemplates', '2c59e609-e0a0-4e8e-adc5-ab4224be8a36')]",
                "contentId": "2c59e609-e0a0-4e8e-adc5-ab4224be8a36",
                "kind": "AnalyticsRule",
                "version": "1.0.0",
                "source": {
                  "kind": "Solution",
                  "name": "42Crunch API Protection",
                  "sourceId": "42crunch1580391915541.42crunch_sentinel_solution"
                },
                "author": {
                  "name": "42Crunch",
                  "email": "plugins@42crunch.com"
                },
                "support": {
                  "name": "42Crunch API Protection",
                  "email": "support@42crunch.com",
                  "tier": "Partner",
                  "link": "https://42crunch.com/"
                }
              }
            }
          ]
        },
        "packageKind": "Solution",
        "packageVersion": "2.0.3",
        "packageName": "42Crunch Microsoft Sentinel Connector",
        "packageId": "42crunch1580391915541.42crunch_sentinel_solution",
        "contentSchemaVersion": "2.0.0"
      }
    },
    {
      "type": "Microsoft.OperationalInsights/workspaces/providers/contentTemplates",
      "name": "[concat(parameters('workspace'),'/Microsoft.SecurityInsights/',concat(concat(parameters('workspace'),'-ar-',uniquestring('d944d564-b6fa-470d-b5ab-41b341878c5e')),'1.0.0'))]",
      "location": "[parameters('workspace-location')]",
      "apiVersion": "2022-08-01",
      "dependsOn": [
        "[extensionResourceId(resourceId('Microsoft.OperationalInsights/workspaces', parameters('workspace')), 'Microsoft.SecurityInsights/contentPackages', '42crunch1580391915541.42crunch_sentinel_solution')]"
      ],
      "properties": {
        "contentId": "d944d564-b6fa-470d-b5ab-41b341878c5e",
        "displayName": "API - API Scraping",
        "contentKind": "AnalyticsRule",
        "mainTemplate": {
          "resources": [
            {
              "type": "Microsoft.SecurityInsights/AlertRuleTemplates",
              "name": "d944d564-b6fa-470d-b5ab-41b341878c5e",
              "apiVersion": "2022-04-01-preview",
              "kind": "Scheduled",
              "location": "[parameters('workspace-location')]",
              "properties": {
                "description": "42Crunch API protection against API scraping",
                "displayName": "API - API Scraping",
                "enabled": false,
                "query": "let firstRec = apifirewall_log_1_CL\n| where TimeGenerated >= ago(5m) \n| project-away Non_blocking_mode_b, Source_Port_d, Destination_Port_d, Query_s, API_ID_g, Request_Header_s, Response_Header_s, Errors_s, Type, UUID_g\n| where Instance_Name_s == \"Instance_7\" and URI_Path_s has \"/api/properties?page=\" and Status_d == 200;\nlet rateLimitCount = (toscalar(firstRec | count));\nlet recCount = iff((rateLimitCount > 100), 1, 0);\nfirstRec | top recCount by Timestamp_t desc;\n",
                "queryFrequency": "PT5M",
                "queryPeriod": "PT5M",
                "severity": "High",
                "suppressionDuration": "PT1H",
                "suppressionEnabled": false,
                "triggerOperator": "GreaterThan",
                "triggerThreshold": 0,
                "status": "Available",
                "requiredDataConnectors": [
                  {
                    "connectorId": "42CrunchAPIProtection",
                    "dataTypes": [
                      "apifirewall_log_1_CL"
                    ]
                  }
                ],
                "tactics": [
                  "Reconnaissance",
                  "Collection"
                ],
                "entityMappings": [
                  {
                    "fieldMappings": [
                      {
                        "columnName": "Source_IP_s",
                        "identifier": "Address"
                      }
                    ],
                    "entityType": "IP"
                  },
                  {
                    "fieldMappings": [
                      {
                        "columnName": "Hostname_s",
                        "identifier": "HostName"
                      }
                    ],
                    "entityType": "Host"
                  },
                  {
                    "fieldMappings": [
                      {
                        "columnName": "Instance_Name_s",
                        "identifier": "FullName"
                      }
                    ],
                    "entityType": "Account"
                  }
                ],
                "eventGroupingSettings": {
                  "aggregationKind": "SingleAlert"
                }
              }
            },
            {
              "type": "Microsoft.OperationalInsights/workspaces/providers/metadata",
              "apiVersion": "2022-01-01-preview",
              "name": "[concat(parameters('workspace'),'/Microsoft.SecurityInsights/',concat('AnalyticsRule-', last(split(resourceId('Microsoft.SecurityInsights/AlertRuleTemplates', 'd944d564-b6fa-470d-b5ab-41b341878c5e'),'/'))))]",
              "properties": {
                "description": "42Crunch API Protection Analytics Rule 3",
                "parentId": "[resourceId('Microsoft.SecurityInsights/AlertRuleTemplates', 'd944d564-b6fa-470d-b5ab-41b341878c5e')]",
                "contentId": "d944d564-b6fa-470d-b5ab-41b341878c5e",
                "kind": "AnalyticsRule",
                "version": "1.0.0",
                "source": {
                  "kind": "Solution",
                  "name": "42Crunch API Protection",
                  "sourceId": "42crunch1580391915541.42crunch_sentinel_solution"
                },
                "author": {
                  "name": "42Crunch",
                  "email": "plugins@42crunch.com"
                },
                "support": {
                  "name": "42Crunch API Protection",
                  "email": "support@42crunch.com",
                  "tier": "Partner",
                  "link": "https://42crunch.com/"
                }
              }
            }
          ]
        },
        "packageKind": "Solution",
        "packageVersion": "2.0.3",
        "packageName": "42Crunch Microsoft Sentinel Connector",
        "packageId": "42crunch1580391915541.42crunch_sentinel_solution",
        "contentSchemaVersion": "2.0.0"
      }
    },
    {
      "type": "Microsoft.OperationalInsights/workspaces/providers/contentTemplates",
      "name": "[concat(parameters('workspace'),'/Microsoft.SecurityInsights/',concat(concat(parameters('workspace'),'-ar-',uniquestring('1b047dc3-a879-4f99-949b-d1dc867efc83')),'1.0.0'))]",
      "location": "[parameters('workspace-location')]",
      "apiVersion": "2022-08-01",
      "dependsOn": [
        "[extensionResourceId(resourceId('Microsoft.OperationalInsights/workspaces', parameters('workspace')), 'Microsoft.SecurityInsights/contentPackages', '42crunch1580391915541.42crunch_sentinel_solution')]"
      ],
      "properties": {
        "contentId": "1b047dc3-a879-4f99-949b-d1dc867efc83",
        "displayName": "API - BOLA",
        "contentKind": "AnalyticsRule",
        "mainTemplate": {
          "resources": [
            {
              "type": "Microsoft.SecurityInsights/AlertRuleTemplates",
              "name": "1b047dc3-a879-4f99-949b-d1dc867efc83",
              "apiVersion": "2022-04-01-preview",
              "kind": "Scheduled",
              "location": "[parameters('workspace-location')]",
              "properties": {
                "description": "42Crunch API protection against BOLA",
                "displayName": "API - BOLA",
                "enabled": false,
                "query": "let loginRec = apifirewall_log_1_CL\n| where TimeGenerated >= ago(5m) \n| project-away Non_blocking_mode_b, Source_Port_d, Destination_Port_d, Query_s, API_ID_g, Request_Header_s, Response_Header_s, Errors_s, Type, UUID_g\n| where Instance_Name_s == \"Instance_5\" and URI_Path_s has \"/api/login\" and Status_d == 200;\nlet ipAddress = toscalar(loginRec\n| top 1 by Timestamp_t desc\n| summarize by Source_IP_s);\nlet listRec = apifirewall_log_1_CL\n| where TimeGenerated >= ago(5m) \n| project-away Non_blocking_mode_b, Source_Port_d, Destination_Port_d, Query_s, API_ID_g, Request_Header_s, Response_Header_s, Errors_s, Type, UUID_g\n| where Instance_Name_s == \"Instance_5\" and URI_Path_s has \"/api/accounts/list\" and Status_d == 200;\nlet listCnt = (toscalar(listRec | count));\nlet accountRec = apifirewall_log_1_CL\n| where TimeGenerated >= ago(5m) \n| project-away Non_blocking_mode_b, Source_Port_d, Destination_Port_d, Query_s, API_ID_g, Request_Header_s, Response_Header_s, Errors_s, Type, UUID_g\n| where Instance_Name_s == \"Instance_5\" and Source_IP_s == ipAddress and URI_Path_s matches regex \"/api/accounts/\\\\d{6}$\";\nlet accountCnt = (toscalar(accountRec | count));\nlet recCount = iff((toscalar(listRec | count) == 0) and (accountCnt > 5), accountCnt, 0);\naccountRec | take recCount\n",
                "queryFrequency": "PT5M",
                "queryPeriod": "PT5M",
                "severity": "Medium",
                "suppressionDuration": "PT1H",
                "suppressionEnabled": false,
                "triggerOperator": "GreaterThan",
                "triggerThreshold": 0,
                "status": "Available",
                "requiredDataConnectors": [
                  {
                    "connectorId": "42CrunchAPIProtection",
                    "dataTypes": [
                      "apifirewall_log_1_CL"
                    ]
                  }
                ],
                "tactics": [
                  "Exfiltration"
                ],
                "entityMappings": [
                  {
                    "fieldMappings": [
                      {
                        "columnName": "Source_IP_s",
                        "identifier": "Address"
                      }
                    ],
                    "entityType": "IP"
                  },
                  {
                    "fieldMappings": [
                      {
                        "columnName": "Hostname_s",
                        "identifier": "HostName"
                      }
                    ],
                    "entityType": "Host"
                  },
                  {
                    "fieldMappings": [
                      {
                        "columnName": "Instance_Name_s",
                        "identifier": "FullName"
                      }
                    ],
                    "entityType": "Account"
                  }
                ],
                "eventGroupingSettings": {
                  "aggregationKind": "SingleAlert"
                }
              }
            },
            {
              "type": "Microsoft.OperationalInsights/workspaces/providers/metadata",
              "apiVersion": "2022-01-01-preview",
              "name": "[concat(parameters('workspace'),'/Microsoft.SecurityInsights/',concat('AnalyticsRule-', last(split(resourceId('Microsoft.SecurityInsights/AlertRuleTemplates', '1b047dc3-a879-4f99-949b-d1dc867efc83'),'/'))))]",
              "properties": {
                "description": "42Crunch API Protection Analytics Rule 4",
                "parentId": "[resourceId('Microsoft.SecurityInsights/AlertRuleTemplates', '1b047dc3-a879-4f99-949b-d1dc867efc83')]",
                "contentId": "1b047dc3-a879-4f99-949b-d1dc867efc83",
                "kind": "AnalyticsRule",
                "version": "1.0.0",
                "source": {
                  "kind": "Solution",
                  "name": "42Crunch API Protection",
                  "sourceId": "42crunch1580391915541.42crunch_sentinel_solution"
                },
                "author": {
                  "name": "42Crunch",
                  "email": "plugins@42crunch.com"
                },
                "support": {
                  "name": "42Crunch API Protection",
                  "email": "support@42crunch.com",
                  "tier": "Partner",
                  "link": "https://42crunch.com/"
                }
              }
            }
          ]
        },
        "packageKind": "Solution",
        "packageVersion": "2.0.3",
        "packageName": "42Crunch Microsoft Sentinel Connector",
        "packageId": "42crunch1580391915541.42crunch_sentinel_solution",
        "contentSchemaVersion": "2.0.0"
      }
    },
    {
      "type": "Microsoft.OperationalInsights/workspaces/providers/contentTemplates",
      "name": "[concat(parameters('workspace'),'/Microsoft.SecurityInsights/',concat(concat(parameters('workspace'),'-ar-',uniquestring('c6258d51-7b82-4942-8293-94c1dcf91595')),'1.0.0'))]",
      "location": "[parameters('workspace-location')]",
      "apiVersion": "2022-08-01",
      "dependsOn": [
        "[extensionResourceId(resourceId('Microsoft.OperationalInsights/workspaces', parameters('workspace')), 'Microsoft.SecurityInsights/contentPackages', '42crunch1580391915541.42crunch_sentinel_solution')]"
      ],
      "properties": {
        "contentId": "c6258d51-7b82-4942-8293-94c1dcf91595",
        "displayName": "API - Rate limiting",
        "contentKind": "AnalyticsRule",
        "mainTemplate": {
          "resources": [
            {
              "type": "Microsoft.SecurityInsights/AlertRuleTemplates",
              "name": "c6258d51-7b82-4942-8293-94c1dcf91595",
              "apiVersion": "2022-04-01-preview",
              "kind": "Scheduled",
              "location": "[parameters('workspace-location')]",
              "properties": {
                "description": "42Crunch API protection against first-time access",
                "displayName": "API - Rate limiting",
                "enabled": false,
                "query": "let firstRec = apifirewall_log_1_CL\n| where TimeGenerated >= ago(5m) \n| project-away Non_blocking_mode_b, Source_Port_d, Destination_Port_d, Query_s, API_ID_g, Request_Header_s, Response_Header_s, Errors_s, Type, UUID_g\n| where Instance_Name_s == \"Instance_9\" and URI_Path_s has \"/api/login\" |\ntop 1 by Timestamp_t desc;\nlet ipAddress = toscalar(firstRec | summarize by Source_IP_s);\nlet secondRec = apifirewall_log_1_CL\n| where TimeGenerated >= ago(7d) \n| project-away Non_blocking_mode_b, Source_Port_d, Destination_Port_d, Query_s, API_ID_g, Request_Header_s, Response_Header_s, Errors_s, Type, UUID_g\n| where Instance_Name_s == \"Instance_9\" and URI_Path_s has \"/api/login\" and Source_IP_s == ipAddress;\nlet recCount = iff((toscalar(secondRec | count) > 1), 0, 1);\nsecondRec | take recCount\n",
                "queryFrequency": "PT5M",
                "queryPeriod": "PT5M",
                "severity": "Low",
                "suppressionDuration": "PT1H",
                "suppressionEnabled": false,
                "triggerOperator": "GreaterThan",
                "triggerThreshold": 0,
                "status": "Available",
                "requiredDataConnectors": [
                  {
                    "connectorId": "42CrunchAPIProtection",
                    "dataTypes": [
                      "apifirewall_log_1_CL"
                    ]
                  }
                ],
                "tactics": [
                  "Discovery",
                  "InitialAccess"
                ],
                "entityMappings": [
                  {
                    "fieldMappings": [
                      {
                        "columnName": "Source_IP_s",
                        "identifier": "Address"
                      }
                    ],
                    "entityType": "IP"
                  },
                  {
                    "fieldMappings": [
                      {
                        "columnName": "Hostname_s",
                        "identifier": "HostName"
                      }
                    ],
                    "entityType": "Host"
                  },
                  {
                    "fieldMappings": [
                      {
                        "columnName": "Instance_Name_s",
                        "identifier": "FullName"
                      }
                    ],
                    "entityType": "Account"
                  }
                ],
                "eventGroupingSettings": {
                  "aggregationKind": "SingleAlert"
                }
              }
            },
            {
              "type": "Microsoft.OperationalInsights/workspaces/providers/metadata",
              "apiVersion": "2022-01-01-preview",
              "name": "[concat(parameters('workspace'),'/Microsoft.SecurityInsights/',concat('AnalyticsRule-', last(split(resourceId('Microsoft.SecurityInsights/AlertRuleTemplates', 'c6258d51-7b82-4942-8293-94c1dcf91595'),'/'))))]",
              "properties": {
                "description": "42Crunch API Protection Analytics Rule 5",
                "parentId": "[resourceId('Microsoft.SecurityInsights/AlertRuleTemplates', 'c6258d51-7b82-4942-8293-94c1dcf91595')]",
                "contentId": "c6258d51-7b82-4942-8293-94c1dcf91595",
                "kind": "AnalyticsRule",
                "version": "1.0.0",
                "source": {
                  "kind": "Solution",
                  "name": "42Crunch API Protection",
                  "sourceId": "42crunch1580391915541.42crunch_sentinel_solution"
                },
                "author": {
                  "name": "42Crunch",
                  "email": "plugins@42crunch.com"
                },
                "support": {
                  "name": "42Crunch API Protection",
                  "email": "support@42crunch.com",
                  "tier": "Partner",
                  "link": "https://42crunch.com/"
                }
              }
            }
          ]
        },
        "packageKind": "Solution",
        "packageVersion": "2.0.3",
        "packageName": "42Crunch Microsoft Sentinel Connector",
        "packageId": "42crunch1580391915541.42crunch_sentinel_solution",
        "contentSchemaVersion": "2.0.0"
      }
    },
    {
      "type": "Microsoft.OperationalInsights/workspaces/providers/contentTemplates",
      "name": "[concat(parameters('workspace'),'/Microsoft.SecurityInsights/',concat(concat(parameters('workspace'),'-ar-',uniquestring('28500be7-cfcf-40e1-bad4-bc524e9283e2')),'1.0.0'))]",
      "location": "[parameters('workspace-location')]",
      "apiVersion": "2022-08-01",
      "dependsOn": [
        "[extensionResourceId(resourceId('Microsoft.OperationalInsights/workspaces', parameters('workspace')), 'Microsoft.SecurityInsights/contentPackages', '42crunch1580391915541.42crunch_sentinel_solution')]"
      ],
      "properties": {
        "contentId": "28500be7-cfcf-40e1-bad4-bc524e9283e2",
        "displayName": "API - Invalid host access",
        "contentKind": "AnalyticsRule",
        "mainTemplate": {
          "resources": [
            {
              "type": "Microsoft.SecurityInsights/AlertRuleTemplates",
              "name": "28500be7-cfcf-40e1-bad4-bc524e9283e2",
              "apiVersion": "2022-04-01-preview",
              "kind": "Scheduled",
              "location": "[parameters('workspace-location')]",
              "properties": {
                "description": "42Crunch API protection against invalid host access",
                "displayName": "API - Invalid host access",
                "enabled": false,
                "query": "apifirewall_log_1_CL \n| where TimeGenerated >= ago(5m) \n| where Error_Step_s has \"hostpath_mapping\" \n| project-away Non_blocking_mode_b, Source_Port_d, Destination_Port_d, Query_s, API_ID_g, Response_Header_s, Request_Header_s, Errors_s, Type, UUID_g \n| sort by TimeGenerated desc \n",
                "queryFrequency": "PT5M",
                "queryPeriod": "PT5M",
                "severity": "Low",
                "suppressionDuration": "PT1H",
                "suppressionEnabled": false,
                "triggerOperator": "GreaterThan",
                "triggerThreshold": 0,
                "status": "Available",
                "requiredDataConnectors": [
                  {
                    "connectorId": "42CrunchAPIProtection",
                    "dataTypes": [
                      "apifirewall_log_1_CL"
                    ]
                  }
                ],
                "tactics": [
                  "Reconnaissance"
                ],
                "entityMappings": [
                  {
                    "fieldMappings": [
                      {
                        "columnName": "Source_IP_s",
                        "identifier": "Address"
                      }
                    ],
                    "entityType": "IP"
                  },
                  {
                    "fieldMappings": [
                      {
                        "columnName": "Hostname_s",
                        "identifier": "HostName"
                      }
                    ],
                    "entityType": "Host"
                  },
                  {
                    "fieldMappings": [
                      {
                        "columnName": "Instance_Name_s",
                        "identifier": "FullName"
                      }
                    ],
                    "entityType": "Account"
                  }
                ],
                "eventGroupingSettings": {
                  "aggregationKind": "SingleAlert"
                }
              }
            },
            {
              "type": "Microsoft.OperationalInsights/workspaces/providers/metadata",
              "apiVersion": "2022-01-01-preview",
              "name": "[concat(parameters('workspace'),'/Microsoft.SecurityInsights/',concat('AnalyticsRule-', last(split(resourceId('Microsoft.SecurityInsights/AlertRuleTemplates', '28500be7-cfcf-40e1-bad4-bc524e9283e2'),'/'))))]",
              "properties": {
                "description": "42Crunch API Protection Analytics Rule 6",
                "parentId": "[resourceId('Microsoft.SecurityInsights/AlertRuleTemplates', '28500be7-cfcf-40e1-bad4-bc524e9283e2')]",
                "contentId": "28500be7-cfcf-40e1-bad4-bc524e9283e2",
                "kind": "AnalyticsRule",
                "version": "1.0.0",
                "source": {
                  "kind": "Solution",
                  "name": "42Crunch API Protection",
                  "sourceId": "42crunch1580391915541.42crunch_sentinel_solution"
                },
                "author": {
                  "name": "42Crunch",
                  "email": "plugins@42crunch.com"
                },
                "support": {
                  "name": "42Crunch API Protection",
                  "email": "support@42crunch.com",
                  "tier": "Partner",
                  "link": "https://42crunch.com/"
                }
              }
            }
          ]
        },
        "packageKind": "Solution",
        "packageVersion": "2.0.3",
        "packageName": "42Crunch Microsoft Sentinel Connector",
        "packageId": "42crunch1580391915541.42crunch_sentinel_solution",
        "contentSchemaVersion": "2.0.0"
      }
    },
    {
      "type": "Microsoft.OperationalInsights/workspaces/providers/contentTemplates",
      "name": "[concat(parameters('workspace'),'/Microsoft.SecurityInsights/',concat(concat(parameters('workspace'),'-ar-',uniquestring('bbd163f4-1f56-434f-9c23-b06713c119c2')),'1.0.0'))]",
      "location": "[parameters('workspace-location')]",
      "apiVersion": "2022-08-01",
      "dependsOn": [
        "[extensionResourceId(resourceId('Microsoft.OperationalInsights/workspaces', parameters('workspace')), 'Microsoft.SecurityInsights/contentPackages', '42crunch1580391915541.42crunch_sentinel_solution')]"
      ],
      "properties": {
        "contentId": "bbd163f4-1f56-434f-9c23-b06713c119c2",
        "displayName": "API - JWT validation",
        "contentKind": "AnalyticsRule",
        "mainTemplate": {
          "resources": [
            {
              "type": "Microsoft.SecurityInsights/AlertRuleTemplates",
              "name": "bbd163f4-1f56-434f-9c23-b06713c119c2",
              "apiVersion": "2022-04-01-preview",
              "kind": "Scheduled",
              "location": "[parameters('workspace-location')]",
              "properties": {
                "description": "42Crunch API protection against JWT validation",
                "displayName": "API - JWT validation",
                "enabled": false,
                "query": "apifirewall_log_1_CL \n| where TimeGenerated >= ago(5m) \n| where Error_Message_s has \"missing [\\\"x-access-token\\\"]\" \n| project-away Non_blocking_mode_b, Source_Port_d, Destination_Port_d, Query_s, API_ID_g, Response_Header_s, Request_Header_s, Errors_s, Type, UUID_g \n| sort by TimeGenerated desc \n",
                "queryFrequency": "PT5M",
                "queryPeriod": "PT5M",
                "severity": "Low",
                "suppressionDuration": "PT1H",
                "suppressionEnabled": false,
                "triggerOperator": "GreaterThan",
                "triggerThreshold": 0,
                "status": "Available",
                "requiredDataConnectors": [
                  {
                    "connectorId": "42CrunchAPIProtection",
                    "dataTypes": [
                      "apifirewall_log_1_CL"
                    ]
                  }
                ],
                "tactics": [
                  "CredentialAccess"
                ],
                "entityMappings": [
                  {
                    "fieldMappings": [
                      {
                        "columnName": "Source_IP_s",
                        "identifier": "Address"
                      }
                    ],
                    "entityType": "IP"
                  },
                  {
                    "fieldMappings": [
                      {
                        "columnName": "Hostname_s",
                        "identifier": "HostName"
                      }
                    ],
                    "entityType": "Host"
                  },
                  {
                    "fieldMappings": [
                      {
                        "columnName": "Instance_Name_s",
                        "identifier": "FullName"
                      }
                    ],
                    "entityType": "Account"
                  }
                ],
                "eventGroupingSettings": {
                  "aggregationKind": "SingleAlert"
                }
              }
            },
            {
              "type": "Microsoft.OperationalInsights/workspaces/providers/metadata",
              "apiVersion": "2022-01-01-preview",
              "name": "[concat(parameters('workspace'),'/Microsoft.SecurityInsights/',concat('AnalyticsRule-', last(split(resourceId('Microsoft.SecurityInsights/AlertRuleTemplates', 'bbd163f4-1f56-434f-9c23-b06713c119c2'),'/'))))]",
              "properties": {
                "description": "42Crunch API Protection Analytics Rule 7",
                "parentId": "[resourceId('Microsoft.SecurityInsights/AlertRuleTemplates', 'bbd163f4-1f56-434f-9c23-b06713c119c2')]",
                "contentId": "bbd163f4-1f56-434f-9c23-b06713c119c2",
                "kind": "AnalyticsRule",
                "version": "1.0.0",
                "source": {
                  "kind": "Solution",
                  "name": "42Crunch API Protection",
                  "sourceId": "42crunch1580391915541.42crunch_sentinel_solution"
                },
                "author": {
                  "name": "42Crunch",
                  "email": "plugins@42crunch.com"
                },
                "support": {
                  "name": "42Crunch API Protection",
                  "email": "support@42crunch.com",
                  "tier": "Partner",
                  "link": "https://42crunch.com/"
                }
              }
            }
          ]
        },
        "packageKind": "Solution",
        "packageVersion": "2.0.3",
        "packageName": "42Crunch Microsoft Sentinel Connector",
        "packageId": "42crunch1580391915541.42crunch_sentinel_solution",
        "contentSchemaVersion": "2.0.0"
      }
    },
    {
      "type": "Microsoft.OperationalInsights/workspaces/providers/contentTemplates",
      "name": "[concat(parameters('workspace'),'/Microsoft.SecurityInsights/',concat(concat(parameters('workspace'),'-ar-',uniquestring('421b38ec-4295-4aed-8299-c92e268ad663')),'1.0.0'))]",
      "location": "[parameters('workspace-location')]",
      "apiVersion": "2022-08-01",
      "dependsOn": [
        "[extensionResourceId(resourceId('Microsoft.OperationalInsights/workspaces', parameters('workspace')), 'Microsoft.SecurityInsights/contentPackages', '42crunch1580391915541.42crunch_sentinel_solution')]"
      ],
      "properties": {
        "contentId": "421b38ec-4295-4aed-8299-c92e268ad663",
        "displayName": "API - Kiterunner detection",
        "contentKind": "AnalyticsRule",
        "mainTemplate": {
          "resources": [
            {
              "type": "Microsoft.SecurityInsights/AlertRuleTemplates",
              "name": "421b38ec-4295-4aed-8299-c92e268ad663",
              "apiVersion": "2022-04-01-preview",
              "kind": "Scheduled",
              "location": "[parameters('workspace-location')]",
              "properties": {
                "description": "42Crunch API protection against Kiterunner enumeration",
                "displayName": "API - Kiterunner detection",
                "enabled": false,
                "query": "let discoveryRecords = apifirewall_log_1_CL\n| where TimeGenerated >= ago(5m) \n| project-away Non_blocking_mode_b, Source_Port_d, Destination_Port_d, Query_s, API_ID_g, Request_Header_s, Response_Header_s, Errors_s, Type, UUID_g \n| where Status_d == 404 and Error_Message_s startswith \"path not defined in OAS\";\nlet discoveryCnt = (toscalar(discoveryRecords | count));\nlet recCount = iff((discoveryCnt > 500), 1, 0);\ndiscoveryRecords | top recCount by Timestamp_t desc\n",
                "queryFrequency": "PT5M",
                "queryPeriod": "PT5M",
                "severity": "Medium",
                "suppressionDuration": "PT1H",
                "suppressionEnabled": false,
                "triggerOperator": "GreaterThan",
                "triggerThreshold": 0,
                "status": "Available",
                "requiredDataConnectors": [
                  {
                    "connectorId": "42CrunchAPIProtection",
                    "dataTypes": [
                      "apifirewall_log_1_CL"
                    ]
                  }
                ],
                "tactics": [
                  "Reconnaissance",
                  "Discovery"
                ],
                "entityMappings": [
                  {
                    "fieldMappings": [
                      {
                        "columnName": "Source_IP_s",
                        "identifier": "Address"
                      }
                    ],
                    "entityType": "IP"
                  },
                  {
                    "fieldMappings": [
                      {
                        "columnName": "Hostname_s",
                        "identifier": "HostName"
                      }
                    ],
                    "entityType": "Host"
                  },
                  {
                    "fieldMappings": [
                      {
                        "columnName": "Instance_Name_s",
                        "identifier": "FullName"
                      }
                    ],
                    "entityType": "Account"
                  }
                ],
                "eventGroupingSettings": {
                  "aggregationKind": "SingleAlert"
                }
              }
            },
            {
              "type": "Microsoft.OperationalInsights/workspaces/providers/metadata",
              "apiVersion": "2022-01-01-preview",
              "name": "[concat(parameters('workspace'),'/Microsoft.SecurityInsights/',concat('AnalyticsRule-', last(split(resourceId('Microsoft.SecurityInsights/AlertRuleTemplates', '421b38ec-4295-4aed-8299-c92e268ad663'),'/'))))]",
              "properties": {
                "description": "42Crunch API Protection Analytics Rule 8",
                "parentId": "[resourceId('Microsoft.SecurityInsights/AlertRuleTemplates', '421b38ec-4295-4aed-8299-c92e268ad663')]",
                "contentId": "421b38ec-4295-4aed-8299-c92e268ad663",
                "kind": "AnalyticsRule",
                "version": "1.0.0",
                "source": {
                  "kind": "Solution",
                  "name": "42Crunch API Protection",
                  "sourceId": "42crunch1580391915541.42crunch_sentinel_solution"
                },
                "author": {
                  "name": "42Crunch",
                  "email": "plugins@42crunch.com"
                },
                "support": {
                  "name": "42Crunch API Protection",
                  "email": "support@42crunch.com",
                  "tier": "Partner",
                  "link": "https://42crunch.com/"
                }
              }
            }
          ]
        },
        "packageKind": "Solution",
        "packageVersion": "2.0.3",
        "packageName": "42Crunch Microsoft Sentinel Connector",
        "packageId": "42crunch1580391915541.42crunch_sentinel_solution",
        "contentSchemaVersion": "2.0.0"
      }
    },
    {
      "type": "Microsoft.OperationalInsights/workspaces/providers/contentTemplates",
      "name": "[concat(parameters('workspace'),'/Microsoft.SecurityInsights/',concat(concat(parameters('workspace'),'-ar-',uniquestring('d951d64d-0ecd-4675-8c79-6c870d5f72ac')),'1.0.0'))]",
      "location": "[parameters('workspace-location')]",
      "apiVersion": "2022-08-01",
      "dependsOn": [
        "[extensionResourceId(resourceId('Microsoft.OperationalInsights/workspaces', parameters('workspace')), 'Microsoft.SecurityInsights/contentPackages', '42crunch1580391915541.42crunch_sentinel_solution')]"
      ],
      "properties": {
        "contentId": "d951d64d-0ecd-4675-8c79-6c870d5f72ac",
        "displayName": "API - Password Cracking",
        "contentKind": "AnalyticsRule",
        "mainTemplate": {
          "resources": [
            {
              "type": "Microsoft.SecurityInsights/AlertRuleTemplates",
              "name": "d951d64d-0ecd-4675-8c79-6c870d5f72ac",
              "apiVersion": "2022-04-01-preview",
              "kind": "Scheduled",
              "location": "[parameters('workspace-location')]",
              "properties": {
                "description": "42Crunch API protection against password cracking",
                "displayName": "API - Password Cracking",
                "enabled": false,
                "query": "let loginRec = apifirewall_log_1_CL\n| where TimeGenerated >= ago(5m) \n| project-away Non_blocking_mode_b, Source_Port_d, Destination_Port_d, Query_s, API_ID_g, Request_Header_s, Response_Header_s, Errors_s, Type, UUID_g\n| where Instance_Name_s == \"Instance_2\" and URI_Path_s has \"/api/login?user=\" and Status_d == 403;\nlet recCount = iff((toscalar(loginRec | count) > 10), 1, 0);\nloginRec | take recCount\n",
                "queryFrequency": "PT5M",
                "queryPeriod": "PT5M",
                "severity": "High",
                "suppressionDuration": "PT1H",
                "suppressionEnabled": false,
                "triggerOperator": "GreaterThan",
                "triggerThreshold": 0,
                "status": "Available",
                "requiredDataConnectors": [
                  {
                    "connectorId": "42CrunchAPIProtection",
                    "dataTypes": [
                      "apifirewall_log_1_CL"
                    ]
                  }
                ],
                "tactics": [
                  "CredentialAccess"
                ],
                "entityMappings": [
                  {
                    "fieldMappings": [
                      {
                        "columnName": "Source_IP_s",
                        "identifier": "Address"
                      }
                    ],
                    "entityType": "IP"
                  },
                  {
                    "fieldMappings": [
                      {
                        "columnName": "Hostname_s",
                        "identifier": "HostName"
                      }
                    ],
                    "entityType": "Host"
                  },
                  {
                    "fieldMappings": [
                      {
                        "columnName": "Instance_Name_s",
                        "identifier": "FullName"
                      }
                    ],
                    "entityType": "Account"
                  }
                ],
                "eventGroupingSettings": {
                  "aggregationKind": "SingleAlert"
                }
              }
            },
            {
              "type": "Microsoft.OperationalInsights/workspaces/providers/metadata",
              "apiVersion": "2022-01-01-preview",
              "name": "[concat(parameters('workspace'),'/Microsoft.SecurityInsights/',concat('AnalyticsRule-', last(split(resourceId('Microsoft.SecurityInsights/AlertRuleTemplates', 'd951d64d-0ecd-4675-8c79-6c870d5f72ac'),'/'))))]",
              "properties": {
                "description": "42Crunch API Protection Analytics Rule 9",
                "parentId": "[resourceId('Microsoft.SecurityInsights/AlertRuleTemplates', 'd951d64d-0ecd-4675-8c79-6c870d5f72ac')]",
                "contentId": "d951d64d-0ecd-4675-8c79-6c870d5f72ac",
                "kind": "AnalyticsRule",
                "version": "1.0.0",
                "source": {
                  "kind": "Solution",
                  "name": "42Crunch API Protection",
                  "sourceId": "42crunch1580391915541.42crunch_sentinel_solution"
                },
                "author": {
                  "name": "42Crunch",
                  "email": "plugins@42crunch.com"
                },
                "support": {
                  "name": "42Crunch API Protection",
                  "email": "support@42crunch.com",
                  "tier": "Partner",
                  "link": "https://42crunch.com/"
                }
              }
            }
          ]
        },
        "packageKind": "Solution",
        "packageVersion": "2.0.3",
        "packageName": "42Crunch Microsoft Sentinel Connector",
        "packageId": "42crunch1580391915541.42crunch_sentinel_solution",
        "contentSchemaVersion": "2.0.0"
      }
    },
    {
      "type": "Microsoft.OperationalInsights/workspaces/providers/contentTemplates",
      "name": "[concat(parameters('workspace'),'/Microsoft.SecurityInsights/',concat(concat(parameters('workspace'),'-ar-',uniquestring('b808063b-07d5-432c-95d0-8900da61cce9')),'1.0.0'))]",
      "location": "[parameters('workspace-location')]",
      "apiVersion": "2022-08-01",
      "dependsOn": [
        "[extensionResourceId(resourceId('Microsoft.OperationalInsights/workspaces', parameters('workspace')), 'Microsoft.SecurityInsights/contentPackages', '42crunch1580391915541.42crunch_sentinel_solution')]"
      ],
      "properties": {
        "contentId": "b808063b-07d5-432c-95d0-8900da61cce9",
        "displayName": "API - Rate limiting",
        "contentKind": "AnalyticsRule",
        "mainTemplate": {
          "resources": [
            {
              "type": "Microsoft.SecurityInsights/AlertRuleTemplates",
              "name": "b808063b-07d5-432c-95d0-8900da61cce9",
              "apiVersion": "2022-04-01-preview",
              "kind": "Scheduled",
              "location": "[parameters('workspace-location')]",
              "properties": {
                "description": "42Crunch API protection against rate limiting",
                "displayName": "API - Rate limiting",
                "enabled": false,
                "query": "let firstRec = apifirewall_log_1_CL\n| where TimeGenerated >= ago(5m) \n| project-away Non_blocking_mode_b, Source_Port_d, Destination_Port_d, Query_s, API_ID_g, Request_Header_s, Response_Header_s, Errors_s, Type, UUID_g\n| where Instance_Name_s == \"Instance_8\" and URI_Path_s has \"/api/login\" and Status_d == 429;\nlet rateLimitCount = (toscalar(firstRec | count));\nlet recCount = iff((rateLimitCount > 20), 1, 0);\nfirstRec | top recCount by Timestamp_t desc;\n",
                "queryFrequency": "PT5M",
                "queryPeriod": "PT5M",
                "severity": "Medium",
                "suppressionDuration": "PT1H",
                "suppressionEnabled": false,
                "triggerOperator": "GreaterThan",
                "triggerThreshold": 0,
                "status": "Available",
                "requiredDataConnectors": [
                  {
                    "connectorId": "42CrunchAPIProtection",
                    "dataTypes": [
                      "apifirewall_log_1_CL"
                    ]
                  }
                ],
                "tactics": [
                  "DefenseEvasion"
                ],
                "entityMappings": [
                  {
                    "fieldMappings": [
                      {
                        "columnName": "Source_IP_s",
                        "identifier": "Address"
                      }
                    ],
                    "entityType": "IP"
                  },
                  {
                    "fieldMappings": [
                      {
                        "columnName": "Hostname_s",
                        "identifier": "HostName"
                      }
                    ],
                    "entityType": "Host"
                  },
                  {
                    "fieldMappings": [
                      {
                        "columnName": "Instance_Name_s",
                        "identifier": "FullName"
                      }
                    ],
                    "entityType": "Account"
                  }
                ],
                "eventGroupingSettings": {
                  "aggregationKind": "SingleAlert"
                }
              }
            },
            {
              "type": "Microsoft.OperationalInsights/workspaces/providers/metadata",
              "apiVersion": "2022-01-01-preview",
              "name": "[concat(parameters('workspace'),'/Microsoft.SecurityInsights/',concat('AnalyticsRule-', last(split(resourceId('Microsoft.SecurityInsights/AlertRuleTemplates', 'b808063b-07d5-432c-95d0-8900da61cce9'),'/'))))]",
              "properties": {
                "description": "42Crunch API Protection Analytics Rule 10",
                "parentId": "[resourceId('Microsoft.SecurityInsights/AlertRuleTemplates', 'b808063b-07d5-432c-95d0-8900da61cce9')]",
                "contentId": "b808063b-07d5-432c-95d0-8900da61cce9",
                "kind": "AnalyticsRule",
                "version": "1.0.0",
                "source": {
                  "kind": "Solution",
                  "name": "42Crunch API Protection",
                  "sourceId": "42crunch1580391915541.42crunch_sentinel_solution"
                },
                "author": {
                  "name": "42Crunch",
                  "email": "plugins@42crunch.com"
                },
                "support": {
                  "name": "42Crunch API Protection",
                  "email": "support@42crunch.com",
                  "tier": "Partner",
                  "link": "https://42crunch.com/"
                }
              }
            }
          ]
        },
        "packageKind": "Solution",
        "packageVersion": "2.0.3",
        "packageName": "42Crunch Microsoft Sentinel Connector",
        "packageId": "42crunch1580391915541.42crunch_sentinel_solution",
        "contentSchemaVersion": "2.0.0"
      }
    },
    {
      "type": "Microsoft.OperationalInsights/workspaces/providers/contentTemplates",
      "name": "[concat(parameters('workspace'),'/Microsoft.SecurityInsights/',concat(concat(parameters('workspace'),'-ar-',uniquestring('7bdc10d6-aa24-4ca9-9a93-802cd8761354')),'1.0.0'))]",
      "location": "[parameters('workspace-location')]",
      "apiVersion": "2022-08-01",
      "dependsOn": [
        "[extensionResourceId(resourceId('Microsoft.OperationalInsights/workspaces', parameters('workspace')), 'Microsoft.SecurityInsights/contentPackages', '42crunch1580391915541.42crunch_sentinel_solution')]"
      ],
      "properties": {
        "contentId": "7bdc10d6-aa24-4ca9-9a93-802cd8761354",
        "displayName": "API - Suspicious Login",
        "contentKind": "AnalyticsRule",
        "mainTemplate": {
          "resources": [
            {
              "type": "Microsoft.SecurityInsights/AlertRuleTemplates",
              "name": "7bdc10d6-aa24-4ca9-9a93-802cd8761354",
              "apiVersion": "2022-04-01-preview",
              "kind": "Scheduled",
              "location": "[parameters('workspace-location')]",
              "properties": {
                "description": "42Crunch API protection against suspicious login",
                "displayName": "API - Suspicious Login",
                "enabled": false,
                "query": "let firstRec = apifirewall_log_1_CL\n| where TimeGenerated >= ago(5m) \n| project-away Non_blocking_mode_b, Source_Port_d, Destination_Port_d, Query_s, API_ID_g, Request_Header_s, Response_Header_s, Errors_s, Type, UUID_g\n| where Instance_Name_s == \"Instance_6\" and URI_Path_s has \"/api/login?user=\" and Status_d in (200, 403);\nlet ipAddressCount = toscalar(firstRec | summarize by Source_IP_s | count);\nlet secondRec = firstRec | summarize arg_max(Source_IP_s, *) by Source_IP_s;\nlet recCount = iff((toscalar(secondRec | count) > 3), ipAddressCount, 0);\nsecondRec | take recCount\n",
                "queryFrequency": "PT5M",
                "queryPeriod": "PT5M",
                "severity": "High",
                "suppressionDuration": "PT1H",
                "suppressionEnabled": false,
                "triggerOperator": "GreaterThan",
                "triggerThreshold": 0,
                "status": "Available",
                "requiredDataConnectors": [
                  {
                    "connectorId": "42CrunchAPIProtection",
                    "dataTypes": [
                      "apifirewall_log_1_CL"
                    ]
                  }
                ],
                "tactics": [
                  "CredentialAccess",
                  "InitialAccess"
                ],
                "entityMappings": [
                  {
                    "fieldMappings": [
                      {
                        "columnName": "Source_IP_s",
                        "identifier": "Address"
                      }
                    ],
                    "entityType": "IP"
                  },
                  {
                    "fieldMappings": [
                      {
                        "columnName": "Hostname_s",
                        "identifier": "HostName"
                      }
                    ],
                    "entityType": "Host"
                  },
                  {
                    "fieldMappings": [
                      {
                        "columnName": "Instance_Name_s",
                        "identifier": "FullName"
                      }
                    ],
                    "entityType": "Account"
                  }
                ],
                "eventGroupingSettings": {
                  "aggregationKind": "SingleAlert"
                }
              }
            },
            {
              "type": "Microsoft.OperationalInsights/workspaces/providers/metadata",
              "apiVersion": "2022-01-01-preview",
              "name": "[concat(parameters('workspace'),'/Microsoft.SecurityInsights/',concat('AnalyticsRule-', last(split(resourceId('Microsoft.SecurityInsights/AlertRuleTemplates', '7bdc10d6-aa24-4ca9-9a93-802cd8761354'),'/'))))]",
              "properties": {
                "description": "42Crunch API Protection Analytics Rule 11",
                "parentId": "[resourceId('Microsoft.SecurityInsights/AlertRuleTemplates', '7bdc10d6-aa24-4ca9-9a93-802cd8761354')]",
                "contentId": "7bdc10d6-aa24-4ca9-9a93-802cd8761354",
                "kind": "AnalyticsRule",
                "version": "1.0.0",
                "source": {
                  "kind": "Solution",
                  "name": "42Crunch API Protection",
                  "sourceId": "42crunch1580391915541.42crunch_sentinel_solution"
                },
                "author": {
                  "name": "42Crunch",
                  "email": "plugins@42crunch.com"
                },
                "support": {
                  "name": "42Crunch API Protection",
                  "email": "support@42crunch.com",
                  "tier": "Partner",
                  "link": "https://42crunch.com/"
                }
              }
            }
          ]
        },
        "packageKind": "Solution",
        "packageVersion": "2.0.3",
        "packageName": "42Crunch Microsoft Sentinel Connector",
        "packageId": "42crunch1580391915541.42crunch_sentinel_solution",
        "contentSchemaVersion": "2.0.0"
      }
    },
    {
      "type": "Microsoft.OperationalInsights/workspaces/providers/contentTemplates",
      "name": "[concat(parameters('workspace'),'/Microsoft.SecurityInsights/',concat(concat(parameters('workspace'),'-dc-',uniquestring('42CrunchAPIProtection')),'1.0.0'))]",
      "location": "[parameters('workspace-location')]",
      "apiVersion": "2022-08-01",
      "dependsOn": [
        "[extensionResourceId(resourceId('Microsoft.OperationalInsights/workspaces', parameters('workspace')), 'Microsoft.SecurityInsights/contentPackages', '42crunch1580391915541.42crunch_sentinel_solution')]"
      ],
      "properties": {
        "contentId": "42CrunchAPIProtection",
        "displayName": "API Protection",
        "contentKind": "DataConnector",
        "mainTemplate": {
          "resources": [
            {
              "name": "[concat(parameters('workspace'),'/Microsoft.SecurityInsights/','42CrunchAPIProtection')]",
              "apiVersion": "2021-03-01-preview",
              "type": "Microsoft.OperationalInsights/workspaces/providers/dataConnectors",
              "location": "[parameters('workspace-location')]",
              "kind": "GenericUI",
              "properties": {
                "connectorUiConfig": {
                  "id": "42CrunchAPIProtection",
                  "title": "API Protection",
                  "publisher": "42Crunch",
                  "descriptionMarkdown": "Connects the 42Crunch API protection to Azure Log Analytics via the REST API interface",
                  "graphQueries": [
                    {
                      "metricName": "Total data received",
                      "legend": "42Crunch",
                      "baseQuery": "apifirewall_log_1_CL"
                    }
                  ],
                  "sampleQueries": [
                    {
                      "description": "API requests that were rate-limited",
                      "query": "apifirewall_log_1_CL\n| where TimeGenerated >= ago(30d)\n| where Status_d == 429"
                    },
                    {
                      "description": "API requests generating a server error",
                      "query": "apifirewall_log_1_CL\n| where TimeGenerated >= ago(30d)\n| where Status_d >= 500 and Status_d <= 599"
                    },
                    {
                      "description": "API requests failing JWT validation",
                      "query": "apifirewall_log_1_CL\n| where TimeGenerated >= ago(30d)\n| where Error_Message_s contains \"missing [\\\"x-access-token\\\"]\""
                    }
                  ],
                  "dataTypes": [
                    {
                      "name": "apifirewall_log_1_CL",
                      "lastDataReceivedQuery": "apifirewall_log_1_CL\n | summarize Time = max(TimeGenerated)\n | where isnotempty(Time)"
                    }
                  ],
                  "connectivityCriterias": [
                    {
                      "type": "IsConnectedQuery",
                      "value": [
                        "apifirewall_log_1_CL\n| summarize LastLogReceived = max(TimeGenerated)\n | project IsConnected = LastLogReceived > ago(7d)"
                      ]
                    }
                  ],
                  "availability": {
                    "status": 1,
                    "isPreview": false
                  },
                  "permissions": {
                    "resourceProvider": [
                      {
                        "provider": "Microsoft.OperationalInsights/workspaces",
                        "permissionsDisplayText": "read and write permissions are required.",
                        "providerDisplayName": "Workspace",
                        "scope": "Workspace",
                        "requiredPermissions": {
                          "write": true,
                          "read": true,
                          "delete": true
                        }
                      },
                      {
                        "provider": "Microsoft.OperationalInsights/workspaces/sharedKeys",
                        "permissionsDisplayText": "read permissions to shared keys for the workspace are required. [See the documentation to learn more about workspace keys](https://docs.microsoft.com/azure/azure-monitor/platform/agent-windows#obtain-workspace-id-and-key).",
                        "providerDisplayName": "Keys",
                        "scope": "Workspace",
                        "requiredPermissions": {
                          "action": true
                        }
                      }
                    ]
                  },
                  "instructionSteps": [
                    {
                      "description": "The installation process is documented in great detail in the GitHub repository [Microsoft Sentinel integration](https://github.com/42Crunch/azure-sentinel-integration). The user should consult this repository further to understand installation and debug of the integration.",
                      "title": "Step 1 : Read the detailed documentation"
                    },
                    {
                      "description": "The first installation step is to retrieve both your **Workspace ID** and **Primary Key** from the Sentinel platform.\nCopy the values shown below and save them for configuration of the API log forwarder integration.",
                      "instructions": [
                        {
                          "parameters": {
                            "fillWith": [
                              "WorkspaceId"
                            ],
                            "label": "Workspace ID"
                          },
                          "type": "CopyableLabel"
                        },
                        {
                          "parameters": {
                            "fillWith": [
                              "PrimaryKey"
                            ],
                            "label": "Primary Key"
                          },
                          "type": "CopyableLabel"
                        }
                      ],
                      "title": "Step 2: Retrieve the workspace access credentials"
                    },
                    {
                      "description": "The next step is to install the 42Crunch protection and log forwarder to protect your API. Both components are availabe as containers from the [42Crunch repository](https://hub.docker.com/u/42crunch). The exact installation will depend on your environment, consult the [42Crunch protection documentation](https://docs.42crunch.com/latest/content/concepts/api_firewall_deployment_architecture.htm) for full details. Two common installation scenarios are described below:\n",
                      "innerSteps": [
                        {
                          "title": "Installation via Docker Compose",
                          "description": "The solution can be installed using a [Docker compose file](https://github.com/42Crunch/azure-sentinel-integration/blob/main/sample-deployment/docker-compose.yml)."
                        },
                        {
                          "title": "Installation via Helm charts",
                          "description": "The solution can be installed using a [Helm chart](https://github.com/42Crunch/azure-sentinel-integration/tree/main/helm/sentinel)."
                        }
                      ],
                      "title": "Step 3: Install the 42Crunch protection and log forwarder"
                    },
                    {
                      "description": "In order to test the data ingestion the user should deploy the sample *httpbin* application alongside the 42Crunch protection and log forwarder [described in detail here](https://github.com/42Crunch/azure-sentinel-integration/tree/main/sample-deployment).",
                      "innerSteps": [
                        {
                          "title": "4.1 Install the sample",
                          "description": "The sample application can be installed locally using a [Docker compose file](https://github.com/42Crunch/azure-sentinel-integration/blob/main/sample-deployment/docker-compose.yml) which will install the httpbin API server, the 42Crunch API protection and the Sentinel log forwarder. Set the environment variables as required using the values copied from step 2."
                        },
                        {
                          "title": "4.2 Run the sample",
                          "description": "Verfify the API protection is connected to the 42Crunch platform, and then exercise the API locally on the *localhost* at port 8080 using Postman, curl, or similar. You should see a mixture of passing and failing API calls. "
                        },
                        {
                          "title": "4.3 Verify the data ingestion on Log Analytics",
                          "description": "After approximately 20 minutes access the Log Analytics workspace on your Sentinel installation, and locate the *Custom Logs* section verify that a *apifirewall_log_1_CL* table exists. Use the sample queries to examine the data."
                        }
                      ],
                      "title": "Step 4: Test the data ingestion"
                    }
                  ],
                  "metadata": {
                    "id": "0116a50c-9282-4237-9962-4da1dfcbfb55",
                    "version": "1.0.0",
                    "kind": "dataConnector",
                    "source": {
                      "kind": "community"
                    },
                    "author": {
                      "name": "42Crunch"
                    },
                    "support": {
                      "tier": "community",
                      "name": "42Crunch",
                      "email": "support@42crunch.com",
                      "link": "https://github.com/42Crunch/azure-sentinel-integration"
                    }
                  }
                }
              }
            },
            {
              "type": "Microsoft.OperationalInsights/workspaces/providers/metadata",
              "apiVersion": "2022-01-01-preview",
              "name": "[concat(parameters('workspace'),'/Microsoft.SecurityInsights/',concat('DataConnector-', last(split(extensionResourceId(resourceId('Microsoft.OperationalInsights/workspaces', parameters('workspace')), 'Microsoft.SecurityInsights/dataConnectors', '42CrunchAPIProtection'),'/'))))]",
              "properties": {
                "parentId": "[extensionResourceId(resourceId('Microsoft.OperationalInsights/workspaces', parameters('workspace')), 'Microsoft.SecurityInsights/dataConnectors', '42CrunchAPIProtection')]",
                "contentId": "42CrunchAPIProtection",
                "kind": "DataConnector",
                "version": "1.0.0",
                "source": {
                  "kind": "Solution",
                  "name": "42Crunch API Protection",
                  "sourceId": "42crunch1580391915541.42crunch_sentinel_solution"
                },
                "author": {
                  "name": "42Crunch",
                  "email": "plugins@42crunch.com"
                },
                "support": {
                  "name": "42Crunch API Protection",
                  "email": "support@42crunch.com",
                  "tier": "Partner",
                  "link": "https://42crunch.com/"
                }
              }
            }
          ]
        },
        "packageKind": "Solution",
        "packageVersion": "2.0.3",
        "packageName": "42Crunch Microsoft Sentinel Connector",
        "packageId": "42crunch1580391915541.42crunch_sentinel_solution",
        "contentSchemaVersion": "2.0.0"
      }
    },
    {
      "type": "Microsoft.OperationalInsights/workspaces/providers/metadata",
      "apiVersion": "2022-01-01-preview",
      "name": "[concat(parameters('workspace'),'/Microsoft.SecurityInsights/',concat('DataConnector-', last(split(extensionResourceId(resourceId('Microsoft.OperationalInsights/workspaces', parameters('workspace')), 'Microsoft.SecurityInsights/dataConnectors', '42CrunchAPIProtection'),'/'))))]",
      "dependsOn": [
        "[extensionResourceId(resourceId('Microsoft.OperationalInsights/workspaces', parameters('workspace')), 'Microsoft.SecurityInsights/dataConnectors', '42CrunchAPIProtection')]"
      ],
      "location": "[parameters('workspace-location')]",
      "properties": {
        "parentId": "[extensionResourceId(resourceId('Microsoft.OperationalInsights/workspaces', parameters('workspace')), 'Microsoft.SecurityInsights/dataConnectors', '42CrunchAPIProtection')]",
        "contentId": "42CrunchAPIProtection",
        "kind": "DataConnector",
        "version": "1.0.0",
        "source": {
          "kind": "Solution",
          "name": "42Crunch API Protection",
          "sourceId": "42crunch1580391915541.42crunch_sentinel_solution"
        },
        "author": {
          "name": "42Crunch",
          "email": "plugins@42crunch.com"
        },
        "support": {
          "name": "42Crunch API Protection",
          "email": "support@42crunch.com",
          "tier": "Partner",
          "link": "https://42crunch.com/"
        }
      }
    },
    {
      "name": "[concat(parameters('workspace'),'/Microsoft.SecurityInsights/','42CrunchAPIProtection')]",
      "apiVersion": "2021-03-01-preview",
      "type": "Microsoft.OperationalInsights/workspaces/providers/dataConnectors",
      "location": "[parameters('workspace-location')]",
      "kind": "GenericUI",
      "properties": {
        "connectorUiConfig": {
          "title": "API Protection",
          "publisher": "42Crunch",
          "descriptionMarkdown": "Connects the 42Crunch API protection to Azure Log Analytics via the REST API interface",
          "graphQueries": [
            {
              "metricName": "Total data received",
              "legend": "42Crunch",
              "baseQuery": "apifirewall_log_1_CL"
            }
          ],
          "dataTypes": [
            {
              "name": "apifirewall_log_1_CL",
              "lastDataReceivedQuery": "apifirewall_log_1_CL\n | summarize Time = max(TimeGenerated)\n | where isnotempty(Time)"
            }
          ],
          "connectivityCriterias": [
            {
              "type": "IsConnectedQuery",
              "value": [
                "apifirewall_log_1_CL\n| summarize LastLogReceived = max(TimeGenerated)\n | project IsConnected = LastLogReceived > ago(7d)"
              ]
            }
          ],
          "sampleQueries": [
            {
              "description": "API requests that were rate-limited",
              "query": "apifirewall_log_1_CL\n| where TimeGenerated >= ago(30d)\n| where Status_d == 429"
            },
            {
              "description": "API requests generating a server error",
              "query": "apifirewall_log_1_CL\n| where TimeGenerated >= ago(30d)\n| where Status_d >= 500 and Status_d <= 599"
            },
            {
              "description": "API requests failing JWT validation",
              "query": "apifirewall_log_1_CL\n| where TimeGenerated >= ago(30d)\n| where Error_Message_s contains \"missing [\\\"x-access-token\\\"]\""
            }
          ],
          "availability": {
            "status": 1,
            "isPreview": false
          },
          "permissions": {
            "resourceProvider": [
              {
                "provider": "Microsoft.OperationalInsights/workspaces",
                "permissionsDisplayText": "read and write permissions are required.",
                "providerDisplayName": "Workspace",
                "scope": "Workspace",
                "requiredPermissions": {
                  "write": true,
                  "read": true,
                  "delete": true
                }
              },
              {
                "provider": "Microsoft.OperationalInsights/workspaces/sharedKeys",
                "permissionsDisplayText": "read permissions to shared keys for the workspace are required. [See the documentation to learn more about workspace keys](https://docs.microsoft.com/azure/azure-monitor/platform/agent-windows#obtain-workspace-id-and-key).",
                "providerDisplayName": "Keys",
                "scope": "Workspace",
                "requiredPermissions": {
                  "action": true
                }
              }
            ]
          },
          "instructionSteps": [
            {
              "description": "The installation process is documented in great detail in the GitHub repository [Microsoft Sentinel integration](https://github.com/42Crunch/azure-sentinel-integration). The user should consult this repository further to understand installation and debug of the integration.",
              "title": "Step 1 : Read the detailed documentation"
            },
            {
              "description": "The first installation step is to retrieve both your **Workspace ID** and **Primary Key** from the Sentinel platform.\nCopy the values shown below and save them for configuration of the API log forwarder integration.",
              "instructions": [
                {
                  "parameters": {
                    "fillWith": [
                      "WorkspaceId"
                    ],
                    "label": "Workspace ID"
                  },
                  "type": "CopyableLabel"
                },
                {
                  "parameters": {
                    "fillWith": [
                      "PrimaryKey"
                    ],
                    "label": "Primary Key"
                  },
                  "type": "CopyableLabel"
                }
              ],
              "title": "Step 2: Retrieve the workspace access credentials"
            },
            {
              "description": "The next step is to install the 42Crunch protection and log forwarder to protect your API. Both components are availabe as containers from the [42Crunch repository](https://hub.docker.com/u/42crunch). The exact installation will depend on your environment, consult the [42Crunch protection documentation](https://docs.42crunch.com/latest/content/concepts/api_firewall_deployment_architecture.htm) for full details. Two common installation scenarios are described below:\n",
              "innerSteps": [
                {
                  "title": "Installation via Docker Compose",
                  "description": "The solution can be installed using a [Docker compose file](https://github.com/42Crunch/azure-sentinel-integration/blob/main/sample-deployment/docker-compose.yml)."
                },
                {
                  "title": "Installation via Helm charts",
                  "description": "The solution can be installed using a [Helm chart](https://github.com/42Crunch/azure-sentinel-integration/tree/main/helm/sentinel)."
                }
              ],
              "title": "Step 3: Install the 42Crunch protection and log forwarder"
            },
            {
              "description": "In order to test the data ingestion the user should deploy the sample *httpbin* application alongside the 42Crunch protection and log forwarder [described in detail here](https://github.com/42Crunch/azure-sentinel-integration/tree/main/sample-deployment).",
              "innerSteps": [
                {
                  "title": "4.1 Install the sample",
                  "description": "The sample application can be installed locally using a [Docker compose file](https://github.com/42Crunch/azure-sentinel-integration/blob/main/sample-deployment/docker-compose.yml) which will install the httpbin API server, the 42Crunch API protection and the Sentinel log forwarder. Set the environment variables as required using the values copied from step 2."
                },
                {
                  "title": "4.2 Run the sample",
                  "description": "Verfify the API protection is connected to the 42Crunch platform, and then exercise the API locally on the *localhost* at port 8080 using Postman, curl, or similar. You should see a mixture of passing and failing API calls. "
                },
                {
                  "title": "4.3 Verify the data ingestion on Log Analytics",
                  "description": "After approximately 20 minutes access the Log Analytics workspace on your Sentinel installation, and locate the *Custom Logs* section verify that a *apifirewall_log_1_CL* table exists. Use the sample queries to examine the data."
                }
              ],
              "title": "Step 4: Test the data ingestion"
            }
          ],
          "id": "42CrunchAPIProtection"
        }
      }
    },
    {
      "type": "Microsoft.OperationalInsights/workspaces/providers/contentPackages",
      "name": "[concat(parameters('workspace'),'/Microsoft.SecurityInsights/', '42crunch1580391915541.42crunch_sentinel_solution')]",
      "location": "[parameters('workspace-location')]",
      "apiVersion": "2022-08-01",
      "properties": {
        "version": "2.0.3",
        "kind": "Solution",
        "contentSchemaVersion": "2.0.0",
        "source": {
          "kind": "Solution",
          "name": "42Crunch API Protection",
          "sourceId": "42crunch1580391915541.42crunch_sentinel_solution"
        },
        "author": {
          "name": "42Crunch",
          "email": "plugins@42crunch.com"
        },
        "support": {
          "name": "42Crunch API Protection",
          "email": "support@42crunch.com",
          "tier": "Partner",
          "link": "https://42crunch.com/"
        },
        "dependencies": {
          "operator": "AND",
          "criteria": [
            {
              "kind": "Workbook",
              "contentId": "42CrunchAPIProtectionWorkbook",
              "version": "1.0.0"
            },
            {
              "kind": "AnalyticsRule",
              "contentId": "25c86f99-0a91-4b7f-88f3-599a008e5ab8",
              "version": "1.0.0"
            },
            {
              "kind": "AnalyticsRule",
              "contentId": "2c59e609-e0a0-4e8e-adc5-ab4224be8a36",
              "version": "1.0.0"
            },
            {
              "kind": "AnalyticsRule",
              "contentId": "d944d564-b6fa-470d-b5ab-41b341878c5e",
              "version": "1.0.0"
            },
            {
              "kind": "AnalyticsRule",
              "contentId": "1b047dc3-a879-4f99-949b-d1dc867efc83",
              "version": "1.0.0"
            },
            {
              "kind": "AnalyticsRule",
              "contentId": "c6258d51-7b82-4942-8293-94c1dcf91595",
              "version": "1.0.0"
            },
            {
              "kind": "AnalyticsRule",
              "contentId": "28500be7-cfcf-40e1-bad4-bc524e9283e2",
              "version": "1.0.0"
            },
            {
              "kind": "AnalyticsRule",
              "contentId": "bbd163f4-1f56-434f-9c23-b06713c119c2",
              "version": "1.0.0"
            },
            {
              "kind": "AnalyticsRule",
              "contentId": "421b38ec-4295-4aed-8299-c92e268ad663",
              "version": "1.0.0"
            },
            {
              "kind": "AnalyticsRule",
              "contentId": "d951d64d-0ecd-4675-8c79-6c870d5f72ac",
              "version": "1.0.0"
            },
            {
              "kind": "AnalyticsRule",
              "contentId": "b808063b-07d5-432c-95d0-8900da61cce9",
              "version": "1.0.0"
            },
            {
              "kind": "AnalyticsRule",
              "contentId": "7bdc10d6-aa24-4ca9-9a93-802cd8761354",
              "version": "1.0.0"
            },
            {
              "kind": "DataConnector",
              "contentId": "42CrunchAPIProtection",
              "version": "1.0.0"
            }
          ]
        },
        "firstPublishDate": "2022-09-21",
        "providers": [
          "42Crunch"
        ],
        "categories": {
          "domains": [
            "Security - Threat Protection"
          ]
        },
        "id": "42crunch1580391915541.42crunch_sentinel_solution",
        "packageKind": "Solution",
        "displayName": "42Crunch Microsoft Sentinel Connector",
        "publisherDisplayName": "42Crunch",
        "descriptionHtml": "APIs are increasingly the number one attack vector for adversaries due to their growing abundance and ease of attack via automated scripts and tools. Most public APIs are under constant attack by skilled human adversaries and growing legions of bots.<br><br>Well-designed, secure APIs are critical to mitigating the risk of attack, but it is essential to also actively monitor and defend your APIs - the frontline of your perimeter - via direct integration into SIEM and SOCs. <br><br>Using the 42Crunch Sentinel connector, you can quickly set up Sentinel to start ingesting logs from the 42Crunch micro-API Firewall directly into Log Analytics workspaces. With this integration you can:<div><br><div><ul><li>Create alerts on common API error conditions</li><li>Enrich API logs with threat intelligence data (i.e. known bad IPs)</li><li>Detect attack patterns for common adversarial tools (i.e. Kiterunner)</li><li>Understand common bot behaviors and evasion techniques</li><li>Identify key trends and patterns across all exposed APIs</li></ul></div></div>",
        "icon": "https://store-images.s-microsoft.com/image/apps.25200.d6e9c0ba-6740-4d0c-88fb-290ac66b119a.7f0d809e-ffcd-44e6-a282-4c369ee738a9.b8cd1cc4-1b59-4e11-a626-793526471b60"
      }
    }
  ]
}