{
  "$schema": "https://schema.management.azure.com/schemas/2019-04-01/deploymentTemplate.json#",
  "parameters": {
    "location": {
      "type": "string",
      "minLength": 1,
      "defaultValue": "[resourceGroup().location]",
      "metadata": {
        "description": "Not used, but needed to pass arm-ttk test `Location-Should-Not-Be-Hardcoded`.  We instead use the `workspace-location` which is derived from the LA workspace"
      }
    },
    "workspace-location": {
      "type": "string",
      "defaultValue": "",
      "metadata": {
        "description": "[concat('Region to deploy solution resources -- separate from location selection',parameters('location'))]"
      }
    },
    "workspace": {
      "defaultValue": "",
      "type": "string",
      "metadata": {
        "description": "Workspace name for Log Analytics where Microsoft Sentinel is setup"
      }
    }
  },
  "variables": {},
  "resources": [
    {
      "type": "Microsoft.OperationalInsights/workspaces/providers/packages",
      "location": "[parameters('workspace-location')]",
      "apiVersion": "2022-08-01",
      "properties": {
        "packageKind": "Standalone",
        "packageItems": {
          "resources": [
            {
              "type": "Microsoft.OperationalInsights/workspaces/providers/contentTemplates",
              "name": "[concat(parameters('workspace'),'/Microsoft.SecurityInsights/', '09551db0-e147-4a0c-9e7b-918f88847605')]",
              "location": "[parameters('workspace-location')]",
              "apiVersion": "2022-08-01",
              "properties": {
                "contentId": "09551db0-e147-4a0c-9e7b-918f88847605",
                "displayName": "Known ZINC Comebacker and Klackring malware hashes",
                "contentKind": "AnalyticsRule",
                "mainTemplate": {
                  "$schema": "https://schema.management.azure.com/schemas/2019-04-01/deploymentTemplate.json#",
                  "contentVersion": "1.6.2",
                  "resources": [
                    {
                      "type": "Microsoft.OperationalInsights/workspaces/providers/alertRules",
                      "apiVersion": "2022-04-01-preview",
                      "name": "[concat(parameters('workspace'),'/Microsoft.SecurityInsights/', '' )]",
                      "kind": "Scheduled",
                      "location": "[parameters('workspace-location')]",
                      "properties": {
                        "description": "ZINC attacks against security researcher campaign malware hashes.",
                        "displayName": "Known ZINC Comebacker and Klackring malware hashes",
                        "enabled": false,
                        "query": "let tokens = dynamic([\"SSL_HandShaking\", \"ASN2_TYPE_new\", \"sql_blob_open\", \"cmsSetLogHandlerTHR\", \"ntSystemInfo\", \"SetWebFilterString\", \"CleanupBrokerString\", \"glInitSampler\", \"deflateSuffix\", \"ntWindowsProc\"]);\nlet DomainNames = dynamic(['codevexillium.org', 'angeldonationblog.com', 'investbooking.de', 'krakenfolio.com']);\nlet SHA256Hash = dynamic(['58a74dceb2022cd8a358b92acd1b48a5e01c524c3b0195d7033e4bd55eff4495','e0e59bfc22876c170af65dcbf19f744ae560cc43b720b23b9d248f4505c02f3e','3d3195697521973efe0097a320cbce0f0f98d29d50e044f4505e1fbc043e8cf9', '0a2d81164d524be7022ba8fd4e1e8e01bfd65407148569d172e2171b5cd76cd4', '96d7a93f6691303d39a9cc270b8814151dfec5683e12094537fd580afdf2e5fe','dc4cf164635db06b2a0b62d313dbd186350bca6fc88438617411a68df13ec83c', '46efd5179e43c9cbf07dcec22ce0d5527e2402655aee3afc016e5c260650284a', '95e42a94d4df1e7e472998f43b9879eb34aaa93f3705d7d3ef9e3b97349d7008', '9d5320e883264a80ea214077f44b1d4b22155446ad5083f4b27d2ab5bd127ef5', '9fd05063ad203581a126232ac68027ca731290d17bd43b5d3311e8153c893fe3', 'ada7e80c9d09f3efb39b729af238fcdf375383caaf0e9e0aed303931dc73b720', 'edb1597789c7ed784b85367a36440bf05267ac786efe5a4044ec23e490864cee', '33665ce1157ddb7cd7e905e3356b39245dfba17b7a658bdbf02b6968656b9998', '3ab770458577eb72bd6239fe97c35e7eb8816bce5a4b47da7bd0382622854f7c', 'b630ad8ffa11003693ce8431d2f1c6b8b126cd32b657a4bfa9c0dbe70b007d6c', '53f3e55c1217dafb8801af7087e7d68b605e2b6dde6368fceea14496c8a9f3e5', '99c95b5272c5b11093eed3ef2272e304b7a9311a22ff78caeb91632211fcb777', 'f21abadef52b4dbd01ad330efb28ef50f8205f57916a26daf5de02249c0f24ef', '2cbdea62e26d06080d114bbd922d6368807d7c6b950b1421d0aa030eca7e85da', '079659fac6bd9a1ce28384e7e3a465be4380acade3b4a4a4f0e67fd0260e9447']);\nlet SigNames = dynamic([\"Backdoor:Script/ComebackerCompile.A!dha\", \"Trojan:Win64/Comebacker.A!dha\", \"Trojan:Win64/Comebacker.A.gen!dha\", \"Trojan:Win64/Comebacker.B.gen!dha\", \"Trojan:Win32/Comebacker.C.gen!dha\", \"Trojan:Win32/Klackring.A!dha\", \"Trojan:Win32/Klackring.B!dha\"]);\n(union isfuzzy=true\n(CommonSecurityLog\n| parse Message with * '(' DNSName ')' * \n| where isnotempty(FileHash)\n| where FileHash in~ (SHA256Hash) or DNSName in~ (DomainNames)\n| extend Account = SourceUserID, Computer = DeviceName, IPAddress = SourceIP\n| project Type, TimeGenerated, Computer, Account, IPAddress, FileHash, DNSName\n),\n(_Im_Dns(domain_has_any=DomainNames)\n| extend DNSName = DnsQuery\n| extend Type = \"imDns\", IPAddress = SrcIpAddr, Computer=Dvc\n| project Type, TimeGenerated, Computer, IPAddress, DNSName\n),\n(VMConnection\n| parse RemoteDnsCanonicalNames with * '[\"' DNSName '\"]' *\n| where isnotempty(DNSName)\n| where DNSName  in~ (DomainNames)\n| extend IPAddress = RemoteIp\n| project Type, TimeGenerated, Computer, IPAddress, DNSName\n),\n(Event\n//This query uses sysmon data depending on table name used this may need updataing\n| where Source == \"Microsoft-Windows-Sysmon\"\n| extend EvData = parse_xml(EventData)\n| extend EventDetail = EvData.DataItem.EventData.Data\n| extend Hashes = EventDetail.[16].[\"#text\"]\n| where isnotempty(Hashes)\n| parse Hashes with * 'SHA256=' SHA256 ',' * \n| where SHA256 in~ (SHA256Hash) \n| extend Type = strcat(Type, \": \", Source), Account = UserName, FileHash = Hashes\n| project Type, TimeGenerated, Computer, Account, FileHash\n),\n(DeviceFileEvents\n| where SHA256 in~ (SHA256Hash)\n| extend Account = RequestAccountName, Computer = DeviceName, IPAddress = RequestSourceIP, CommandLine = InitiatingProcessCommandLine, FileHash = SHA256\n| project Type, TimeGenerated, Computer, Account, IPAddress, CommandLine, FileHash\n),\n(imFileEvent\n| where TargetFileSHA256 in~ (SHA256Hash)\n| extend Account = ActorUsername, Computer = DvcHostname, IPAddress = SrcIpAddr, CommandLine = ActingProcessCommandLine, FileHash = TargetFileSHA256\n| project Type, TimeGenerated, Computer, Account, IPAddress, CommandLine, FileHash\n),\n(DeviceNetworkEvents\n| where RemoteUrl in~ (DomainNames)\n| extend Computer = DeviceName, IPAddress = LocalIP, Account = InitiatingProcessAccountName\n| project Type, TimeGenerated, Computer, Account, IPAddress, RemoteUrl\n),\n(SecurityAlert\n| where ProductName == \"Microsoft Defender Advanced Threat Protection\"\n| extend ThreatName = tostring(parse_json(ExtendedProperties).ThreatName)\n| where isnotempty(ThreatName)\n| where ThreatName has_any (SigNames)\n| extend Computer = tostring(parse_json(Entities)[0].HostName) \n| project Type, TimeGenerated, Computer\n),\n(DeviceProcessEvents\n| where FileName =~ \"powershell.exe\" or FileName =~ \"rundll32.exe\"\n| where (ProcessCommandLine has \"is64bitoperatingsystem\" and ProcessCommandLine has \"Debug\\\\Browse\") or (ProcessCommandLine has_any (tokens))\n| extend Computer = DeviceName, Account = AccountName, CommandLine = ProcessCommandLine\n| project Type, TimeGenerated, Computer, Account, CommandLine, FileName\n),\n(SecurityEvent\n| where EventID == 4688\n| where ProcessName has_any (\"powershell.exe\", \"rundll32.exe\")\n| where (CommandLine has \"is64bitoperatingsystem\" and CommandLine has \"Debug\\\\Browse\") or (CommandLine has_any (tokens))\n| project Type, TimeGenerated, Computer, Account, ProcessName, CommandLine \n),\n( WindowsEvent\n| where EventID == 4688\n| where EventData has_any (\"powershell.exe\", \"rundll32.exe\") and EventData has_any (tokens, \"Debug\\\\Browse\",\"is64bitoperatingsystem\" ) \n| extend  ProcessName = tostring(EventData.ProcessName)\n| where ProcessName has_any (\"powershell.exe\", \"rundll32.exe\")\n| extend CommandLine = tostring(EventData.CommandLine)  \n| where (CommandLine has \"is64bitoperatingsystem\" and CommandLine has \"Debug\\\\Browse\") or (CommandLine has_any (tokens))\n| extend Account =  strcat(tostring(EventData.SubjectDomainName),\"\\\\\", tostring(EventData.SubjectUserName))\n| project Type, TimeGenerated, Computer, Account, ProcessName, CommandLine \n),\n(AzureDiagnostics \n| where ResourceType == \"AZUREFIREWALLS\"\n| where Category == \"AzureFirewallApplicationRule\"\n| parse msg_s with Protocol 'request from ' SourceHost ':' SourcePort 'to ' DestinationHost ':' DestinationPort '. Action:' Action\n| where isnotempty(DestinationHost)\n| where DestinationHost has_any (DomainNames)  \n| extend DNSName = DestinationHost \n| extend IPAddress = SourceHost\n)\n)\n| extend timestamp = TimeGenerated, AccountCustomEntity = Account, HostCustomEntity = Computer, IPCustomEntity = IPAddress\n",
                        "queryFrequency": "P1D",
                        "queryPeriod": "P1D",
                        "severity": "High",
                        "suppressionDuration": "PT1H",
                        "suppressionEnabled": false,
                        "triggerOperator": "GreaterThan",
                        "triggerThreshold": 0,
                        "tactics": [
                          "CommandAndControl",
                          "Execution"
                        ],
                        "entityMappings": [
                          {
                            "entityType": "Account",
                            "fieldMappings": [
                              {
                                "columnName": "AccountCustomEntity",
                                "identifier": "FullName"
                              }
                            ]
                          },
                          {
                            "entityType": "Host",
                            "fieldMappings": [
                              {
                                "columnName": "HostCustomEntity",
                                "identifier": "FullName"
                              }
                            ]
                          },
                          {
                            "entityType": "IP",
                            "fieldMappings": [
                              {
                                "columnName": "IPCustomEntity",
                                "identifier": "Address"
                              }
                            ]
                          }
                        ]
                      }
                    },
                    {
                      "type": "Microsoft.OperationalInsights/workspaces/providers/metadata",
                      "apiVersion": "2021-03-01-preview",
                      "name": "[concat(parameters('workspace'),'/Microsoft.SecurityInsights/', '')]",
                      "properties": {
                        "description": "'ZINC attacks against security researcher campaign malware hashes.'\n",
                        "version": "1.6.2",
                        "source": {
                          "kind": "Community"
                        },
                        "threatAnalysisTactics": [
                          "CommandAndControl",
                          "Execution"
                        ],
                        "threatAnalyticsTechniques": [
                          "T1071.001",
                          "T1204"
                        ],
                        "contentId": "09551db0-e147-4a0c-9e7b-918f88847605",
                        "parentId": "09551db0-e147-4a0c-9e7b-918f88847605",
                        "kind": "AnalyticsRule",
                        "dependencies": {
                          "operator": "AND",
                          "criteria": [
                            {
                              "contentId": "DnsEvents",
                              "kind": "DataType"
                            },
                            {
                              "contentId": "VMConnection",
                              "kind": "DataType"
                            },
                            {
                              "contentId": "CommonSecurityLog",
                              "kind": "DataType"
                            },
                            {
                              "contentId": "CommonSecurityLog",
                              "kind": "DataType"
                            },
                            {
                              "contentId": "SecurityEvent",
                              "kind": "DataType"
                            },
                            {
                              "contentId": "DeviceProcessEvents",
                              "kind": "DataType"
                            },
                            {
                              "contentId": "DeviceFileEvents",
                              "kind": "DataType"
                            },
                            {
                              "contentId": "DeviceNetworkEvents",
                              "kind": "DataType"
                            },
                            {
                              "contentId": "AzureDiagnostics",
                              "kind": "DataType"
                            },
                            {
                              "contentId": "CommonSecurityLog",
                              "kind": "DataType"
                            },
                            {
                              "contentId": "Syslog",
                              "kind": "DataType"
                            },
                            {
                              "contentId": "GCP_DNS_CL",
                              "kind": "DataType"
                            },
                            {
                              "contentId": "NXLog_DNS_Server_CL",
                              "kind": "DataType"
                            },
                            {
                              "contentId": "Cisco_Umbrella_dns_CL",
                              "kind": "DataType"
                            },
                            {
                              "contentId": "Corelight_CL",
                              "kind": "DataType"
                            },
                            {
                              "contentId": "WindowsEvent",
                              "kind": "DataType"
                            }
                          ]
                        }
                      }
                    }
                  ]
                }
              }
            }
          ]
        },
        "dependencies": {
          "operator": "AND",
          "criteria": [
            {
              "contentId": "09551db0-e147-4a0c-9e7b-918f88847605",
              "kind": "AnalyticsRule"
            }
          ]
        },
        "description": "'ZINC attacks against security researcher campaign malware hashes.'\n",
        "displayName": "Known ZINC Comebacker and Klackring malware hashes",
        "packageId": "09551db0-e147-4a0c-9e7b-918f88847605",
        "source": {
          "kind": "Community"
        },
        "threatAnalysisTactics": [
          "CommandAndControl",
          "Execution"
        ],
        "threatAnalyticsTechniques": [
          "T1071.001",
          "T1204"
        ],
        "version": "1.6.2"
      },
      "name": "[concat(parameters('workspace'),'/Microsoft.SecurityInsights/', '09551db0-e147-4a0c-9e7b-918f88847605')]"
    }
  ]
}